timestamp,frame_index,motion_regions,yolo_detections,confirmed_tracks,new_confirmations,time_mog2_ms,time_yolo_ms,time_tracker_ms,fps,cpu_percent,ram_mb,yolo_ran
1773598475.0277948,0,0,0,0,0,7.727773001533933,0.0,0.028351998480502516,0.0,0.0,426.578125,False
1773598475.238431,1,0,0,0,0,7.177491999755148,0.0,0.02653699993970804,0.0,9.5,431.484375,False
1773598475.4486582,2,0,0,0,0,7.119138997950358,0.0,0.0210190009966027,0.0,9.5,434.109375,False
1773598475.6588871,3,0,0,0,0,7.067398000799585,0.0,0.022165997506817803,0.0,14.3,437.09375,False
1773598475.8691382,4,0,0,0,0,7.146177002141485,0.0,0.020554998627630994,4.755273106809479,9.5,439.734375,False
1773598476.0793438,5,0,0,0,0,7.128101999114733,0.0,0.02105499879689887,4.755273106809479,9.5,442.359375,False
1773598476.2895613,6,0,0,0,0,7.129361998522654,0.0,0.022036998416297138,4.755273106809479,4.8,444.984375,False
1773598476.4997864,7,0,0,0,0,7.142490998376161,0.0,0.022000000171829015,4.755273106809479,9.5,447.609375,False
1773598476.710096,8,0,0,0,0,7.127397999283858,0.0,0.02211099854321219,4.755273106809479,14.3,450.234375,False
1773598476.920273,9,0,0,0,0,7.110473001375794,0.0,0.02107399996020831,4.756787457326407,4.8,452.859375,False
1773598477.1304553,10,0,0,0,0,7.102231000317261,0.0,0.0210190009966027,4.756787457326407,9.5,452.859375,False
1773598477.3418765,11,0,0,0,0,8.246943001722684,0.0,0.023055999918142334,4.756787457326407,4.7,452.859375,False
1773598477.5547304,12,0,0,0,0,9.463579997827765,0.0,0.024406999727943912,4.756787457326407,9.4,452.859375,False
1773598477.7676551,13,0,0,0,0,9.385820998431882,0.0,0.025388999347342178,4.756787457326407,18.8,452.859375,False
1773598477.9805164,14,0,0,0,0,9.342468998511322,0.0,0.024258999474113807,4.716203832284427,9.4,452.859375,False
1773598478.1934965,15,0,0,0,0,9.475487997406162,0.0,0.02546299947425723,4.716203832284427,9.4,452.859375,False
1773598478.4062054,16,0,0,0,0,9.382876000017859,0.0,0.02324099841644056,4.716203832284427,9.4,452.859375,False
1773598478.619024,17,0,0,0,0,9.389542999997502,0.0,0.02433400004520081,4.716203832284427,9.4,452.859375,False
1773598478.8318038,18,0,0,0,0,9.243930999218719,0.0,0.024925997422542423,4.716203832284427,18.8,452.859375,False
1773598479.0446458,19,0,0,0,0,9.419320998858893,0.0,0.02572199809947051,4.698704264330794,9.4,452.859375,False
1773598479.257556,20,0,0,0,0,9.487950999755412,0.0,0.02464800127199851,4.698704264330794,9.4,452.859375,False
1773598479.4705067,21,0,0,0,0,9.45369200053392,0.0,0.0235740008065477,4.698704264330794,9.4,452.859375,False
1773598479.6834128,22,0,0,0,0,9.390153998538153,0.0,0.024406999727943912,4.698704264330794,14.1,452.859375,False
1773598479.896274,23,0,0,0,0,9.43059900237131,0.0,0.024944998585851863,4.698704264330794,18.8,452.859375,False
1773598480.1091297,24,0,0,0,0,9.485692000453128,0.0,0.02344399763387628,4.69698259218812,9.4,452.859375,False
1773598480.3220146,25,0,0,0,0,9.475857998040738,0.0,0.025018998712766916,4.69698259218812,4.7,452.859375,False
1773598480.53482,26,0,0,0,0,9.455136001633946,0.0,0.024000000848900527,4.69698259218812,9.4,452.859375,False
1773598480.7475896,27,0,0,0,0,9.373803000926273,0.0,0.023833999875932932,4.69698259218812,9.4,452.859375,False
1773598480.9604697,28,0,0,0,0,9.459062002861174,0.0,0.02459299867041409,4.69698259218812,18.8,452.859375,False
1773598481.1733446,29,0,0,0,0,9.429821999219712,0.0,0.024814999051159248,4.698303199834575,9.4,452.859375,False
1773598481.3861701,30,0,0,0,0,9.397302997967927,0.0,0.025019002350745723,4.698303199834575,14.1,452.859375,False
1773598481.599021,31,0,0,0,0,9.350227999675553,0.0,0.02351900184294209,4.698303199834575,9.4,452.859375,False
1773598481.8119864,32,0,0,0,0,9.516414000245277,0.0,0.02579600186436437,4.698303199834575,9.4,452.859375,False
1773598482.0248988,33,0,0,0,0,9.449839999433607,0.0,0.023518998204963282,4.698303199834575,18.8,452.859375,False
1773598482.2377477,34,0,0,0,0,9.420857997611165,0.0,0.023721997422399,4.69746865781298,9.4,452.859375,False
1773598482.450489,35,0,0,0,0,9.390745999553474,0.0,0.02324100205441937,4.69746865781298,9.4,452.859375,False
1773598482.6633189,36,0,0,0,0,9.377542999573052,0.0,0.024388999008806422,4.69746865781298,9.4,452.859375,False
1773598482.8761628,37,0,0,0,0,9.36165399980382,0.0,0.024943998141679913,4.69746865781298,9.4,452.859375,False
1773598483.0891123,38,0,0,0,0,9.481729000981431,0.0,0.023537999368272722,4.69746865781298,18.8,452.859375,False
1773598483.3019989,39,0,0,0,0,9.466302999499021,0.0,0.02407500141998753,4.698148476718408,9.4,452.859375,False
1773598483.5149333,40,0,0,0,0,9.479377000388922,0.0,0.024500001018168405,4.698148476718408,9.4,452.859375,False
1773598483.727969,41,0,0,0,0,9.48861800134182,0.0,0.025352001102874056,4.698148476718408,14.1,452.859375,False
1773598483.9408743,42,0,0,0,0,9.42793200010783,0.0,0.02492600106052123,4.698148476718408,9.4,454.171875,False
1773598484.1536028,43,0,0,0,0,9.311080000770744,0.0,0.02331400173716247,4.698148476718408,18.8,454.171875,False
1773598484.366373,44,0,0,0,0,9.261469000193756,0.0,0.023704000341240317,4.6976475384498215,9.4,454.171875,False
1773598484.5791185,45,0,0,0,0,9.352097997179953,0.0,0.02403699909336865,4.6976475384498215,9.4,454.171875,False
1773598484.791861,46,0,0,0,0,9.328838998044375,0.0,0.024758999643381685,4.6976475384498215,9.4,454.171875,False
1773598485.0047503,47,0,0,0,0,9.362876000523102,0.0,0.026592999347485602,4.6976475384498215,9.4,454.171875,False
1773598485.2169952,48,0,0,0,0,8.627500999864424,0.0,0.02268499883939512,4.6976475384498215,18.8,454.171875,False
1773598485.4298916,49,0,0,0,0,9.445062001759652,0.0,0.024204000510508195,4.701387156167327,9.4,454.171875,False
1773598485.6426818,50,0,0,0,0,9.417394998308737,0.0,0.024518998543499038,4.701387156167327,9.4,454.171875,False
1773598485.8555872,51,0,0,0,0,9.35009800014086,0.0,0.0240379995375406,4.701387156167327,9.4,454.171875,False
1773598486.068367,52,0,0,0,0,9.393320000526728,0.0,0.024852000933606178,4.701387156167327,9.4,454.171875,False
1773598486.281465,53,0,0,0,0,9.527246998914052,0.0,0.02374099858570844,4.701387156167327,18.8,454.171875,False
1773598486.4943688,54,0,0,0,0,9.430524998606415,0.0,0.02490800034138374,4.697121457816322,9.4,454.171875,False
1773598486.7071178,55,0,0,0,0,9.36943100168719,0.0,0.024684999516466632,4.697121457816322,9.4,454.171875,False
1773598486.9200017,56,0,0,0,0,9.366783997393213,0.0,0.02518600012990646,4.697121457816322,9.4,454.171875,False
1773598487.1329792,57,0,0,0,0,9.483820998866577,0.0,0.025536999601172283,4.697121457816322,9.4,454.171875,False
1773598487.345851,58,0,0,0,0,9.385301997099305,0.0,0.025648001610534266,4.697121457816322,18.8,454.171875,False
1773598487.5586867,59,0,0,0,0,9.443154001928633,0.0,0.024648998078191653,4.697862213198042,9.4,454.171875,False
1773598487.771646,60,0,0,0,0,9.437079999770503,0.0,0.024647997634019703,4.697862213198042,9.4,454.171875,False
1773598487.9845634,61,0,0,0,0,9.382487001857953,0.0,0.025870998797472566,4.697862213198042,14.1,454.171875,False
1773598488.197532,62,0,0,0,0,9.465914001339115,0.0,0.02492600106052123,4.697862213198042,9.4,454.171875,False
1773598488.410479,63,0,0,0,0,9.519024999463,0.0,0.025074001314351335,4.697862213198042,18.8,454.171875,False
1773598488.6239998,64,0,0,0,0,9.963398999389028,0.0,0.024148001102730632,4.693473702114708,9.4,454.171875,False
1773598488.836906,65,0,0,0,0,9.433006001927424,0.0,0.02270400000270456,4.693473702114708,9.4,454.171875,False
1773598489.0497534,66,0,0,0,0,9.379283997986931,0.0,0.023092998162610456,4.693473702114708,9.4,454.171875,False
1773598489.2625353,67,0,0,0,0,9.318561002146453,0.0,0.023610999051015824,4.693473702114708,9.4,454.171875,False
1773598489.4753273,68,0,0,0,0,9.329319997050334,0.0,0.02461099938955158,4.693473702114708,18.8,454.171875,False
1773598489.688786,69,0,0,0,0,9.959972998331068,0.0,0.04887099930783734,4.695759456612156,9.4,454.171875,False
1773598489.901814,70,0,0,0,0,9.556785000313539,0.0,0.02487099845893681,4.695759456612156,9.4,454.171875,False
1773598490.1147306,71,0,0,0,0,9.52604399935808,0.0,0.024962999304989353,4.695759456612156,9.4,454.171875,False
1773598490.327613,72,0,0,0,0,9.39520999963861,0.0,0.025407000066479668,4.695759456612156,9.4,454.171875,False
1773598490.5399933,73,0,0,0,0,8.926800001063384,0.0,0.023389002308249474,4.695759456612156,18.8,454.171875,False
1773598490.7529461,74,0,0,0,0,9.472340003412683,0.0,0.02427799699944444,4.698554778220539,9.4,454.171875,False
1773598490.965978,75,0,0,0,0,9.51296999846818,0.0,0.02463000055286102,4.698554778220539,9.4,454.171875,False
1773598491.1789734,76,0,0,0,0,9.459136002988089,0.0,0.025926001399056986,4.698554778220539,9.4,454.171875,False
1773598491.3918142,77,0,0,0,0,9.367968999868026,0.0,0.02377800046815537,4.698554778220539,9.4,454.171875,False
1773598491.6046865,78,0,0,0,0,9.451654001168208,0.0,0.02463000055286102,4.698554778220539,18.8,454.171875,False
1773598491.8176908,79,0,0,0,0,9.46382099937182,0.0,0.02487099845893681,4.695976061886553,9.4,454.171875,False
1773598492.0305653,80,0,0,0,0,9.419468999112723,0.0,0.024741002562223002,4.695976061886553,9.4,454.171875,False
1773598492.2433505,81,0,0,0,0,9.40813600027468,0.0,0.02429599771858193,4.695976061886553,9.4,454.171875,False
1773598492.4562101,82,0,0,0,0,9.413801999471616,0.0,0.02459299867041409,4.695976061886553,9.4,454.171875,False
1773598492.6692128,83,0,0,0,0,9.512655000435188,0.0,0.023721997422399,4.695976061886553,18.8,454.171875,False
1773598492.8821042,84,0,0,0,0,9.42448699788656,0.0,0.025018001906573772,4.6974402486125415,9.4,454.171875,False
1773598493.094867,85,0,0,0,0,9.379821000038646,0.0,0.02405600025667809,4.6974402486125415,9.4,454.171875,False
1773598493.3077822,86,0,0,0,0,9.38974699965911,0.0,0.024240998754976317,4.6974402486125415,9.4,454.171875,False
1773598493.5208313,87,0,0,0,0,9.521895000943914,0.0,0.02350000067963265,4.6974402486125415,14.1,454.171875,False
1773598493.7336977,88,0,0,0,0,9.405690998391947,0.0,0.02374099858570844,4.6974402486125415,14.1,454.171875,False
1773598493.9465907,89,0,0,0,0,9.449691999179777,0.0,0.022000000171829015,4.697032035826552,14.1,454.265625,False
1773598494.5076098,90,1,1,0,0,9.535933000734076,348.06881800250267,0.04337100108386949,4.697032035826552,121.2,497.296875,True
1773598494.9587586,91,1,1,1,1,7.274028997926507,240.5450770020252,0.045000000682193786,1.9758301041169095,113.0,499.015625,True
1773598495.409435,92,1,1,1,0,7.207268998172367,240.14016599903698,0.043852000089827925,1.9758301041169095,110.9,500.8125,True
1773598495.8622339,93,1,1,1,0,7.178436000685906,242.4298669975542,0.034202999813714996,1.9758301041169095,114.8,505.875,True
1773598496.3140194,94,1,1,1,0,7.195101999968756,241.34400700131664,0.03451899829087779,1.989114725519455,112.9,509.046875,True
1773598496.7657216,95,1,1,1,0,7.232861997181317,241.2195620017883,0.03488899892545305,1.989114725519455,112.9,511.109375,True
1773598497.2173972,96,1,1,1,0,7.206157999462448,241.20441500053857,0.033629999961704016,2.393961307850585,110.7,513.71875,True
1773598497.679442,97,1,1,1,0,7.318454998312518,251.555611997901,0.03268499858677387,2.393961307850585,112.5,516.34375,True
1773598498.1303508,98,1,1,1,0,7.230213999719126,240.37353899984737,0.03425899922149256,2.393961307850585,115.3,518.96875,True
1773598498.582318,99,1,1,1,0,7.349992996751098,241.43923100200482,0.03314800051157363,1.9706491347673143,110.6,522.203125,True
1773598499.0345771,100,1,1,1,0,7.265140000527026,241.77047400007723,0.033037998946383595,1.9706491347673143,112.8,524.21875,True
1773598499.4857721,101,1,1,1,0,7.269157998962328,240.74439300238737,0.033610998798394576,2.393352963922943,110.8,526.84375,True
1773598499.938509,102,1,1,1,0,7.281213998794556,242.15517900302075,0.03470399678917602,2.393352963922943,114.9,529.46875,True
1773598500.390428,103,1,1,1,0,7.29891800074256,241.47413799801143,0.03301900142105296,2.393352963922943,115.1,532.09375,True
1773598500.8417976,104,1,1,1,0,7.271177000802709,240.8940600034839,0.03429700154811144,1.9868156812533557,110.8,535.328125,True
1773598501.2937474,105,1,1,1,0,7.251713999721687,241.45126700022956,0.03338899841764942,1.9868156812533557,112.8,537.34375,True
1773598501.504222,106,0,0,1,0,7.1739170016371645,0.0,0.03138900137855671,2.965063004789424,4.8,539.265625,False
1773598501.7147188,107,0,0,1,0,7.137101998523576,0.0,0.030519000574713573,2.965063004789424,9.5,541.890625,False
1773598501.9251838,108,0,0,1,0,7.188712999777636,0.0,0.03155600279569626,2.965063004789424,14.3,544.515625,False
1773598502.135561,109,0,0,1,0,7.110473001375794,0.0,0.03046300116693601,2.965063004789424,4.8,547.140625,False
1773598502.345969,110,0,0,1,0,7.145546998799546,0.0,0.030019000405445695,2.965063004789424,9.5,549.765625,False
1773598502.5562997,111,0,0,1,0,7.093102001817897,0.0,0.03016600021510385,4.752525148372508,14.3,552.390625,False
1773598502.7667952,112,0,0,1,0,7.188196002971381,0.0,0.031425999623024836,4.752525148372508,4.8,555.015625,False
1773598502.9771876,113,0,0,1,0,7.107584002369549,0.0,0.029202998121036217,4.752525148372508,14.3,557.640625,False
1773598503.1875134,114,0,0,1,0,7.113768999261083,0.0,0.030629998946096748,4.752525148372508,9.5,561.578125,False
1773598503.397965,115,0,0,1,0,7.1550840002601035,0.0,0.03044400000362657,4.752525148372508,4.8,562.890625,False
1773598503.608285,116,0,0,1,0,7.082194999384228,0.0,0.03075900167459622,4.752908594163435,9.5,565.515625,False
1773598503.818743,117,0,0,1,0,7.102936000592308,0.0,0.03118599852314219,4.752908594163435,9.5,568.140625,False
1773598504.0291998,118,0,0,1,0,7.163935999415116,0.0,0.02903700078604743,4.752908594163435,14.3,570.765625,False
1773598504.2395306,119,0,0,1,0,7.106417000613874,0.0,0.029777002055197954,4.752908594163435,4.8,573.390625,False
1773598504.452514,120,0,0,1,0,9.62989599793218,0.0,0.03514800118864514,4.752908594163435,14.1,576.015625,False
1773598504.66573,121,0,0,0,0,9.589656001480762,0.0,0.03653699968708679,4.728519882131526,9.4,578.640625,False
1773598504.8787823,122,0,0,0,0,9.545248001813889,0.0,0.037278001400409266,4.728519882131526,9.4,581.265625,False
1773598505.0920897,123,0,0,0,0,9.534673998132348,0.0,0.034519001928856596,4.728519882131526,18.8,583.890625,False
1773598505.305223,124,0,0,0,0,9.580119000020204,0.0,0.03438900239416398,4.728519882131526,9.4,586.515625,False
1773598505.518402,125,0,0,0,0,9.651304000726668,0.0,0.035536999348551035,4.728519882131526,9.4,589.140625,False
1773598505.7314603,126,0,0,0,0,9.480414002609905,0.0,0.034944998333230615,4.691673989651772,14.1,591.765625,False
1773598505.9445906,127,0,0,0,0,9.564932999637676,0.0,0.03468500290182419,4.691673989651772,9.4,594.390625,False
1773598506.1577232,128,0,0,0,0,9.597136999218492,0.0,0.03438900239416398,4.691673989651772,14.1,597.015625,False
1773598506.3708842,129,0,0,0,0,9.615377999580232,0.0,0.03262899917899631,4.691673989651772,9.4,599.640625,False
1773598506.5839803,130,0,0,0,0,9.527525002340553,0.0,0.03422299778321758,4.691673989651772,9.4,602.265625,False
1773598507.6421251,131,0,0,0,0,9.593025999492966,0.0,0.03455600017332472,2.616798453742674,83.2,540.0625,False
1773598507.8532312,132,0,0,0,0,7.133418002922554,0.0,0.030407001759158447,2.616798453742674,4.7,499.375,False
1773598508.0635507,133,0,0,0,0,7.078360999003053,0.0,0.03075900167459622,2.616798453742674,14.3,499.375,False
1773598508.2739625,134,0,0,0,0,7.127027998649282,0.0,0.02983299782499671,2.616798453742674,9.5,499.375,False
1773598508.4843009,135,0,0,0,0,7.114749998436309,0.0,0.030889001209288836,2.616798453742674,9.5,499.375,False
1773598508.694686,136,0,0,0,0,7.072971999150468,0.0,0.032796997402329,4.750463572678637,4.8,499.375,False
1773598508.905159,137,0,0,0,0,7.195676997071132,0.0,0.021259002096485347,4.750463572678637,9.5,499.375,False
1773598509.3571007,138,1,1,0,0,7.215269000880653,241.54380500112893,0.03883400131599046,4.750463572678637,115.1,495.0,True
1773598509.8097656,139,1,1,1,1,7.246344001032412,242.1154200019373,0.03740800093510188,2.6902751741218647,110.5,498.8125,True
1773598510.2620885,140,1,1,1,0,7.245472999784397,241.80436300230213,0.03288999869255349,2.6902751741218647,112.8,499.875,True
1773598510.7149496,141,1,1,1,0,7.265232998179272,242.318996002723,0.03314799687359482,2.6902751741218647,114.8,502.578125,True
1773598511.1667278,142,1,1,1,0,7.269843998074066,241.2241370002448,0.03459299841779284,1.9857645112693674,110.7,505.140625,True
1773598511.6192348,143,1,1,1,0,7.275936997757526,241.96462300096755,0.0331109986291267,1.9857645112693674,114.9,507.765625,True
1773598512.091528,144,1,1,1,0,7.315659000596497,261.68838200101163,0.03344500146340579,2.3537345665444867,116.5,510.328125,True
1773598512.5457442,145,1,1,1,0,7.295417999557685,243.6605420007254,0.03292600013082847,2.3537345665444867,112.3,513.015625,True
1773598512.998721,146,1,1,1,0,7.302622001589043,242.32268100240617,0.034407999919494614,2.3537345665444867,112.6,515.640625,True
1773598513.4497418,147,1,1,1,0,7.289565997780301,240.4743730003247,0.03431499862927012,1.981753970839522,113.1,518.265625,True
1773598513.9022315,148,1,1,1,0,7.207844002550701,241.8801780004287,0.03377800021553412,1.981753970839522,112.7,520.890625,True
1773598514.3552728,149,1,1,1,0,7.28490000255988,242.50649699752103,0.033314998290734366,2.3913184442011026,114.8,524.21875,True
1773598514.805845,150,1,1,1,0,7.368882001173915,239.9106650009344,0.034278000384802,2.3913184442011026,113.2,526.203125,True
1773598515.257637,151,1,1,1,0,7.276047999766888,241.2394149978354,0.03351899795234203,2.3913184442011026,110.7,528.828125,True
1773598515.7103672,152,1,1,1,0,7.310306998988381,242.11093799749506,0.03346399898873642,1.9912786985178534,112.7,531.390625,True
1773598516.1614344,153,1,1,1,0,7.287102998816408,240.52637299973867,0.034648997825570405,1.9912786985178534,115.3,534.015625,True
1773598516.6120777,154,1,1,1,0,7.263028997840593,240.11337000047206,0.03338899841764942,2.3953585724377833,108.7,536.640625,True
1773598517.0631814,155,1,1,1,0,7.250344002386555,240.5747250013519,0.03353799911565147,2.3953585724377833,113.1,539.265625,True
1773598517.2737992,156,0,0,1,0,7.28334399900632,0.0,0.028870999813079834,2.3953585724377833,9.5,541.890625,False
1773598517.4842048,157,0,0,1,0,7.138398999813944,0.0,0.031092997232917696,2.3953585724377833,9.5,544.515625,False
1773598517.6946592,158,0,0,1,0,7.082749998517102,0.0,0.02874100027838722,3.69497602492034,14.3,547.140625,False
1773598517.9051843,159,0,0,1,0,7.224879998830147,0.0,0.030519000574713573,3.69497602492034,9.5,549.765625,False
1773598518.115561,160,0,0,1,0,7.116084001609124,0.0,0.030241000786190853,3.69497602492034,4.8,552.390625,False
1773598518.3259943,161,0,0,1,0,7.148046999645885,0.0,0.03050000304938294,3.69497602492034,9.5,555.015625,False
1773598518.5365272,162,0,0,1,0,7.1258799980569165,0.0,0.03188900154782459,3.69497602492034,9.5,557.640625,False
1773598518.7470512,163,0,0,1,0,7.109731999662472,0.0,0.030704002710990608,4.751110381114742,9.5,560.265625,False
1773598518.9576037,164,0,0,1,0,7.143435999751091,0.0,0.03133300197077915,4.751110381114742,9.5,562.890625,False
1773598519.1684282,165,0,0,1,0,7.407326000247849,0.0,0.030221999622881413,4.751110381114742,9.5,565.515625,False
1773598519.378981,166,0,0,1,0,7.159991000662558,0.0,0.029963000997668132,4.751110381114742,14.2,568.140625,False
1773598519.589571,167,0,0,1,0,7.188455001596594,0.0,0.029574002837762237,4.751110381114742,4.7,570.765625,False
1773598519.8000326,168,0,0,1,0,7.1228990018425975,0.0,0.02911200135713443,4.748424212536471,14.3,573.390625,False
1773598520.0104215,169,0,0,1,0,7.120768997992855,0.0,0.029333998099900782,4.748424212536471,9.5,576.015625,False
1773598520.220876,170,0,0,1,0,7.168898999225348,0.0,0.030277999030658975,4.748424212536471,4.8,578.640625,False
1773598520.4312937,171,0,0,0,0,7.127046999812592,0.0,0.031018997106002644,4.748424212536471,9.5,581.265625,False
1773598520.6416907,172,0,0,0,0,7.149547000153689,0.0,0.029685001209145412,4.748424212536471,9.5,583.890625,False
1773598520.8521342,173,0,0,0,0,7.09321300018928,0.0,0.028851998649770394,4.752394833975098,14.3,586.515625,False
1773598521.0625632,174,0,0,0,0,7.181362001574598,0.0,0.029981001716805622,4.752394833975098,4.8,589.140625,False
1773598521.272946,175,0,0,0,0,7.156194998970022,0.0,0.028963000659132376,4.752394833975098,9.5,591.765625,False
1773598521.48341,176,0,0,0,0,7.203769000625471,0.0,0.029500002710847184,4.752394833975098,9.5,594.390625,False
1773598521.6938365,177,0,0,0,0,7.148992001020815,0.0,0.02990800203406252,4.752394833975098,4.8,597.015625,False
1773598521.9042838,178,0,0,0,0,7.209047002106672,0.0,0.0284630004898645,4.7521525328134215,14.3,599.640625,False
1773598522.1172109,179,0,0,0,0,9.5942109983298,0.0,0.03479700171737932,4.7521525328134215,9.4,602.265625,False
1773598522.3304482,180,0,0,0,0,9.591637000994524,0.0,0.03425999966566451,4.7521525328134215,9.4,604.90625,False
1773598523.3980615,181,0,0,0,0,9.535155000776285,0.0,0.03546300285961479,2.008308450755479,82.4,539.40625,False
1773598523.6093223,182,0,0,0,0,6.931897001777543,0.0,0.026092999178217724,2.008308450755479,9.5,496.09375,False
1773598523.8195884,183,0,0,0,0,7.09054600156378,0.0,0.029760001780232415,2.008308450755479,9.5,496.09375,False
1773598524.0298924,184,0,0,0,0,7.146825002564583,0.0,0.02929599941126071,2.008308450755479,9.5,496.09375,False
1773598524.2401812,185,0,0,0,0,7.1292690008704085,0.0,0.02844499977072701,2.008308450755479,9.5,496.09375,False
1773598524.450474,186,0,0,0,0,7.097379999322584,0.0,0.031649000447941944,4.751103922922154,9.5,496.09375,False
1773598524.6606784,187,0,0,0,0,7.043674999295035,0.0,0.021425999875646085,4.751103922922154,4.8,496.09375,False
1773598524.8709555,188,0,0,0,0,7.122880000679288,0.0,0.021962998289382085,4.751103922922154,14.3,496.09375,False
1773598525.0812526,189,0,0,0,0,7.175214002927532,0.0,0.021481999283423647,4.751103922922154,4.8,498.59375,False
1773598525.2915065,190,0,0,0,0,7.10582400279236,0.0,0.02288899850100279,4.751103922922154,9.5,499.90625,False
1773598525.5015736,191,0,0,0,0,6.88221200107364,0.0,0.019556002371245995,4.756941750854123,9.5,502.53125,False
1773598525.7116446,192,0,0,0,0,6.898933999764267,0.0,0.020333001884864643,4.756941750854123,4.8,502.53125,False
1773598525.921779,193,0,0,0,0,6.884286001877626,0.0,0.0202410010388121,4.756941750854123,14.3,502.53125,False
1773598526.1320045,194,0,0,0,0,6.8964899983257055,0.0,0.019241000700276345,4.756941750854123,9.5,502.53125,False
1773598526.3424304,195,0,0,0,0,7.091917002981063,0.0,0.02024000059464015,4.756941750854123,4.8,502.53125,False
1773598526.5528488,196,0,0,0,0,6.929842002136866,0.0,0.02048099850071594,4.756897511826169,9.5,502.53125,False
1773598526.7630093,197,0,0,0,0,6.863210997835267,0.0,0.019518000044627115,4.756897511826169,4.8,502.53125,False
1773598526.9732738,198,0,0,0,0,6.904396999743767,0.0,0.01987099676625803,4.756897511826169,14.3,502.53125,False
1773598527.1836188,199,0,0,0,0,7.020823999482673,0.0,0.01909300044644624,4.756897511826169,4.8,502.53125,False
1773598527.643139,200,1,1,0,0,6.959211998037063,249.30694900103845,0.039610997191630304,3.6682029906718605,113.2,502.5625,True
1773598528.12193,201,1,1,1,1,9.856139000476105,265.4615549981827,0.03370400008861907,3.6682029906718605,117.0,502.5625,True
1773598528.5739663,202,1,1,1,0,7.186935999925481,241.66828799934592,0.034149001294281334,3.6682029906718605,110.6,503.875,True
1773598529.0251884,203,1,1,1,0,7.186157999967691,240.81830000068294,0.033741001971066,1.9364275455089817,115.2,508.671875,True
1773598529.4769976,204,1,1,1,0,7.271881000633584,241.33002600137843,0.034204000257886946,1.9364275455089817,112.9,509.875,True
1773598529.9286485,205,1,1,1,0,7.161399000324309,241.2620989998686,0.034445001801941544,2.3948424975129283,110.7,512.5,True
1773598530.3802483,206,1,1,1,0,7.274215000506956,241.01191299996572,0.03379700137884356,2.3948424975129283,110.7,515.0625,True
1773598530.8324294,207,1,1,1,0,7.2338989994022995,241.75775100229657,0.033111002267105505,2.3948424975129283,112.8,517.6875,True
1773598531.2844088,208,1,1,1,0,7.30499200290069,241.3267480005743,0.034500000765547156,1.9882882477168815,115.0,519.609375,True
1773598531.7363882,209,1,1,1,0,7.259918002091581,241.52095400131657,0.03536999793141149,1.9882882477168815,112.8,522.234375,True
1773598532.1879215,210,1,1,1,0,7.2649739995540585,240.94754299949273,0.03270400338806212,2.393488630611722,112.9,524.859375,True
1773598532.638831,211,1,1,1,0,7.319362000998808,240.37633500120137,0.033592998079257086,2.393488630611722,110.9,527.484375,True
1773598533.0900257,212,1,1,1,0,7.31889999951818,240.56889100029366,0.03431499862927012,2.393488630611722,113.0,530.109375,True
1773598533.5418742,213,1,1,1,0,7.319104002817767,241.3376189979317,0.033888998586917296,1.991856017388773,115.1,533.4375,True
1773598533.9945507,214,1,1,1,0,7.2396959985780995,242.08465999981854,0.03372200080775656,1.991856017388773,110.5,536.015625,True
1773598534.445847,215,1,1,1,0,7.274214000062784,240.7613739997032,0.03327800004626624,2.3926525676081676,113.0,538.75,True
1773598534.6563818,216,0,0,1,0,7.1517319993290585,0.0,0.02887000300688669,2.3926525676081676,9.5,540.671875,False
1773598534.866859,217,0,0,1,0,7.151955000153976,0.0,0.030518996936734766,2.3926525676081676,9.5,543.296875,False
1773598535.0773485,218,0,0,1,0,7.178490999649512,0.0,0.0301670006592758,2.3926525676081676,9.5,545.921875,False
1773598535.2878854,219,0,0,1,0,7.140323999919929,0.0,0.030297000193968415,2.3926525676081676,9.5,548.546875,False
1773598535.4983392,220,0,0,1,0,7.176546998380218,0.0,0.03042599928448908,4.750781035676754,9.5,551.171875,False
1773598535.7088726,221,0,0,1,0,7.256528999278089,0.0,0.028926002414664254,4.750781035676754,9.5,553.796875,False
1773598535.9192715,222,0,0,1,0,7.124324001779314,0.0,0.030260001949500293,4.750781035676754,9.5,556.421875,False
1773598536.129705,223,0,0,1,0,7.133380000595935,0.0,0.03127799936919473,4.750781035676754,9.5,559.046875,False
1773598536.3401513,224,0,0,1,0,7.1614539992879145,0.0,0.031686002330388874,4.750781035676754,9.5,561.671875,False
1773598536.5506418,225,0,0,1,0,7.193733003077796,0.0,0.030628998501924798,4.751483909791335,9.5,564.296875,False
1773598536.7611084,226,0,0,1,0,7.1318980008072685,0.0,0.02907399903051555,4.751483909791335,4.8,566.921875,False
1773598536.9715238,227,0,0,1,0,7.139769000787055,0.0,0.030593000701628625,4.751483909791335,9.5,569.546875,False
1773598537.1820192,228,0,0,1,0,7.169658001657808,0.0,0.02953799776150845,4.751483909791335,14.3,572.171875,False
1773598537.3924236,229,0,0,1,0,7.124232000933262,0.0,0.03038899740204215,4.751483909791335,9.5,574.796875,False
1773598537.6028478,230,0,0,1,0,7.155249997595092,0.0,0.030111001251498237,4.751937174744185,4.8,577.421875,False
1773598537.8135295,231,0,0,0,0,7.192157998360926,0.0,0.032241001463262364,4.751937174744185,9.5,580.046875,False
1773598538.0256941,232,0,0,0,0,8.676278997882036,0.0,0.033018997783074155,4.751937174744185,9.4,582.671875,False
1773598538.2388575,233,0,0,0,0,9.607488998881308,0.0,0.03524100247886963,4.751937174744185,18.8,585.296875,False
1773598538.4520967,234,0,0,0,0,9.577581000485225,0.0,0.034814998798538,4.751937174744185,9.4,587.921875,False
1773598538.6654632,235,0,0,0,0,9.681266998086357,0.0,0.03514900163281709,4.705541298846183,9.4,590.546875,False
1773598538.8786118,236,0,0,0,0,9.563580999383703,0.0,0.03518499943311326,4.705541298846183,9.4,593.171875,False
1773598539.0917711,237,0,0,0,0,9.556433000398101,0.0,0.03392599683138542,4.705541298846183,14.1,595.796875,False
1773598539.305037,238,0,0,0,0,9.598358999937773,0.0,0.03536999793141149,4.705541298846183,18.8,598.421875,False
1773598539.5181699,239,0,0,0,0,9.589137000148185,0.0,0.03387000106158666,4.705541298846183,9.4,601.046875,False
1773598539.7313876,240,0,0,0,0,9.57845200173324,0.0,0.0354450021404773,4.690802979528824,9.4,603.671875,False
1773598540.783998,241,0,0,0,0,9.55056299790158,0.0,0.03503699917928316,0.9499593001160072,81.7,540.828125,False
1773598540.994455,242,0,0,0,0,7.139213998016203,0.0,0.030630002584075555,0.9499593001160072,9.5,540.828125,False
1773598541.2047997,243,0,0,0,0,7.172861001890851,0.0,0.028611000743694603,0.9499593001160072,14.3,540.828125,False
1773598541.4151847,244,0,0,0,0,7.160084001952782,0.0,0.03153799843857996,0.9499593001160072,4.8,540.828125,False
1773598541.625636,245,0,0,0,0,7.197176997578936,0.0,0.02942600258393213,0.9499593001160072,9.5,540.828125,False
1773598541.835997,246,0,0,0,0,7.109343001502566,0.0,0.03044500044779852,4.753005542504813,9.5,540.828125,False
1773598542.0463068,247,0,0,0,0,7.138398999813944,0.0,0.022223000996746123,4.753005542504813,4.8,540.828125,False
1773598542.2567065,248,0,0,0,0,7.097323999914806,0.0,0.022093001462053508,4.753005542504813,14.3,540.828125,False
1773598542.4670613,249,0,0,0,0,7.118139001249801,0.0,0.021796000510221347,4.753005542504813,4.8,540.828125,False
1773598542.6773844,250,0,0,0,0,7.174361999204848,0.0,0.022296000679489225,4.753005542504813,9.5,540.828125,False
1773598542.8877156,251,0,0,0,0,7.09573199856095,0.0,0.021111998648848385,4.754118577304481,4.8,540.828125,False
1773598543.0979848,252,0,0,0,0,7.135454001399921,0.0,0.022203999833436683,4.754118577304481,9.5,540.828125,False
1773598543.3083165,253,0,0,0,0,7.100120998074999,0.0,0.020889001461910084,4.754118577304481,14.3,540.828125,False
1773598543.5187352,254,0,0,0,0,7.11800899807713,0.0,0.021370997274061665,4.754118577304481,4.8,540.828125,False
1773598543.729093,255,0,0,0,0,7.198065999546088,0.0,0.022333999368129298,4.754118577304481,9.5,540.828125,False
1773598543.9394395,256,0,0,0,0,7.119879999663681,0.0,0.022036998416297138,4.754101333681534,9.5,540.84375,False
1773598544.1498482,257,0,0,0,0,7.135807001759531,0.0,0.022259002435021102,4.754101333681534,4.8,540.84375,False
1773598544.360233,258,0,0,0,0,7.088602000294486,0.0,0.022352000087266788,4.754101333681534,14.3,540.84375,False
1773598544.5706646,259,0,0,0,0,7.1260650001931936,0.0,0.022500000341096893,4.754101333681534,9.5,540.84375,False
1773598544.7810862,260,0,0,0,0,7.141934998799115,0.0,0.022203999833436683,4.754101333681534,9.5,540.84375,False
1773598544.9913309,261,0,0,0,0,7.109304999175947,0.0,0.02292600038344972,4.7533772144553845,4.8,540.84375,False
1773598545.2041078,262,0,0,0,0,9.56252499963739,0.0,0.024814999051159248,4.7533772144553845,9.4,540.84375,False
1773598545.4172034,263,0,0,0,0,9.538878002786078,0.0,0.024889002816053107,4.7533772144553845,18.8,540.84375,False
1773598545.6302893,264,0,0,0,0,9.635063001041999,0.0,0.02625900015118532,4.7533772144553845,9.4,540.84375,False
1773598545.843442,265,0,0,0,0,9.497322000243003,0.0,0.02592599776107818,4.7533772144553845,9.4,540.84375,False
1773598546.0567186,266,0,0,0,0,9.519618000922492,0.0,0.026110999897355214,4.693429585307251,9.4,540.84375,False
1773598546.2697635,267,0,0,0,0,9.500653999566566,0.0,0.02601899905130267,4.693429585307251,9.4,540.84375,False
1773598546.482742,268,0,0,0,0,9.370561001560418,0.0,0.02711100023589097,4.693429585307251,18.8,540.84375,False
1773598546.6957426,269,0,0,0,0,9.469191001699073,0.0,0.02562999725341797,4.693429585307251,9.4,540.84375,False
1773598546.9088876,270,0,0,0,0,9.60432200008654,0.0,0.02655500065884553,4.693429585307251,9.4,540.84375,False
1773598547.122041,271,0,0,0,0,9.616989002097398,0.0,0.025074001314351335,4.693308793531089,9.4,540.84375,False
1773598547.3351967,272,0,0,0,0,9.574785002769204,0.0,0.02607400165288709,4.693308793531089,9.4,540.84375,False
1773598547.5483832,273,0,0,0,0,9.701879000203917,0.0,0.025573997845640406,4.693308793531089,18.8,540.84375,False
1773598548.0175989,274,1,1,0,0,9.774526999535738,256.0284009996394,0.031018997106002644,4.693308793531089,115.1,540.84375,True
1773598548.4688904,275,1,1,1,1,7.114713000191841,240.82826399899204,0.036092998925596476,2.9696836673572298,110.8,540.84375,True
1773598548.6792758,276,0,0,1,0,7.145139999920502,0.0,0.029907998396083713,2.9696836673572298,9.5,540.84375,False
1773598548.889747,277,0,0,1,0,7.157214000471868,0.0,0.02985199898830615,2.9696836673572298,9.5,540.84375,False
1773598549.340835,278,1,1,1,0,7.162694997532526,240.6448920010007,0.03400000059627928,2.9696836673572298,115.3,540.84375,True
1773598549.7925987,279,1,1,1,0,7.22034399950644,241.25034000098822,0.034184999094577506,3.0219188514370545,110.7,540.84375,True
1773598550.0030048,280,0,0,1,0,7.1494360017823055,0.0,0.03098199886153452,3.0219188514370545,9.5,540.84375,False
1773598550.213489,281,0,0,1,0,7.183157998952083,0.0,0.029703998734476045,3.0219188514370545,4.8,540.84375,False
1773598550.4239123,282,0,0,1,0,7.103435000317404,0.0,0.030556002457160503,3.0219188514370545,9.5,540.84375,False
1773598550.634386,283,0,0,1,0,7.206400001450675,0.0,0.030241000786190853,3.0219188514370545,14.3,540.84375,False
1773598550.8448331,284,0,0,1,0,7.147472999349702,0.0,0.03224099782528356,4.751790742406126,4.8,540.84375,False
1773598551.05525,285,0,0,1,0,7.125788000848843,0.0,0.031703999411547557,4.751790742406126,9.5,540.84375,False
1773598551.2656229,286,0,0,1,0,7.12267600101768,0.0,0.030481998692266643,4.751790742406126,9.5,540.84375,False
1773598551.4760354,287,0,0,1,0,7.065583999064984,0.0,0.03044400000362657,4.751790742406126,4.8,540.859375,False
1773598551.686516,288,0,0,1,0,7.126731998141622,0.0,0.0314070020976942,4.751790742406126,14.3,540.859375,False
1773598551.8969245,289,0,0,1,0,7.181528999353759,0.0,0.02987100015161559,4.752443297172513,9.5,540.859375,False
1773598552.1073277,290,0,0,1,0,7.107582998287398,0.0,0.030649000109406188,4.752443297172513,9.5,540.859375,False
1773598552.3177073,291,0,0,1,0,7.140990997868357,0.0,0.03068499790970236,4.752443297172513,4.8,543.359375,False
1773598552.5279925,292,0,0,1,0,7.08184299946879,0.0,0.030055998649913818,4.752443297172513,9.5,545.984375,False
1773598552.7384024,293,0,0,1,0,7.1163430002343375,0.0,0.030814997444394976,4.752443297172513,14.3,548.625,False
1773598552.9512255,294,0,0,1,0,9.536413999740034,0.0,0.03537100201356225,4.742712367993331,9.4,551.25,False
1773598553.164307,295,0,0,0,0,9.561971000948688,0.0,0.03605600068112835,4.742712367993331,9.4,553.875,False
1773598553.3774354,296,0,0,0,0,9.5864149989211,0.0,0.0355929987563286,4.742712367993331,9.4,556.5,False
1773598553.5905907,297,0,0,0,0,9.576693002600223,0.0,0.035814999137073755,4.742712367993331,9.4,559.125,False
1773598553.8036032,298,0,0,0,0,9.484636000706814,0.0,0.03546299922163598,4.742712367993331,18.8,561.75,False
1773598554.016687,299,0,0,0,0,9.548988000460668,0.0,0.03355499939061701,4.692922301625397,14.1,564.375,False
1773598554.229807,300,0,0,0,0,9.597044001566246,0.0,0.03474099867162295,4.692922301625397,9.4,567.0,False
1773598554.4427128,301,0,0,0,0,9.431672999198781,0.0,0.03381500209798105,4.692922301625397,9.4,569.625,False
1773598554.6557765,302,0,0,0,0,9.504580000793794,0.0,0.036130000808043405,4.692922301625397,9.4,572.25,False
1773598554.8688781,303,0,0,0,0,9.57191500128829,0.0,0.03607400140026584,4.692922301625397,18.8,574.875,False
1773598555.081879,304,0,0,0,0,9.560859001794597,0.0,0.03487100184429437,4.6938581836868805,14.1,577.5,False
1773598555.9614654,305,0,0,0,0,9.522878001007484,0.0,0.03527799708535895,4.6938581836868805,77.3,540.890625,False
1773598556.1715083,306,0,0,0,0,6.838748999143718,0.0,0.028907001251354814,1.8354133395647094,9.5,540.890625,False
1773598556.3816133,307,0,0,0,0,6.908841998665594,0.0,0.027519003197085112,1.8354133395647094,4.8,540.890625,False
1773598556.591962,308,0,0,0,0,7.096565001120325,0.0,0.030055998649913818,1.8354133395647094,14.3,540.890625,False
1773598556.8022058,309,0,0,0,0,7.100546001311159,0.0,0.030481998692266643,1.8354133395647094,9.5,540.890625,False
1773598557.0125823,310,0,0,0,0,7.1148979986901395,0.0,0.030758998036617413,1.8354133395647094,4.8,540.890625,False
1773598557.2228982,311,0,0,0,0,7.120212998415809,0.0,0.02329600101802498,4.755661309886773,9.5,540.890625,False
1773598557.4332168,312,0,0,0,0,7.1717139981046785,0.0,0.021610998373944312,4.755661309886773,9.5,540.890625,False
1773598557.6435328,313,0,0,0,0,7.113471998309251,0.0,0.021259002096485347,4.755661309886773,9.5,540.890625,False
1773598557.8537948,314,0,0,0,0,7.080712999595562,0.0,0.021203999494900927,4.755661309886773,9.5,540.890625,False
1773598558.0640967,315,0,0,0,0,7.154102000640705,0.0,0.021945001208223403,4.755661309886773,9.5,540.890625,False
1773598558.274568,316,0,0,0,0,7.1700280022923835,0.0,0.021148000087123364,4.754334133146166,4.8,540.890625,False
1773598558.4848583,317,0,0,0,0,7.147453998186393,0.0,0.021963001927360892,4.754334133146166,9.5,540.890625,False
1773598558.6952968,318,0,0,0,0,7.154029000957962,0.0,0.021425999875646085,4.754334133146166,14.3,540.890625,False
1773598558.9057508,319,0,0,0,0,7.182491997809848,0.0,0.0210190009966027,4.754334133146166,4.8,540.890625,False
1773598559.3592336,320,1,1,0,0,7.154102997446898,243.05168599676108,0.03425999966566451,3.6876860084703367,114.7,540.890625,True
1773598559.8153117,321,1,1,1,1,7.207177000964293,245.5160909994447,0.03587099854485132,3.6876860084703367,111.8,540.890625,True
1773598560.26598,322,1,1,1,0,7.22004799899878,240.2426299995568,0.033741001971066,3.6876860084703367,110.9,540.78125,True
1773598560.7360718,323,1,1,1,0,9.684896998805925,257.1917040004337,0.03338899841764942,1.982765279635205,117.0,541.046875,True
1773598561.186017,324,1,1,1,0,7.155120998504572,239.43864399916492,0.03276000279583968,1.982765279635205,113.3,540.984375,True
1773598561.6360478,325,1,1,1,0,7.137972999771591,239.70121999809635,0.03346300218254328,2.3657079557004317,108.9,540.984375,True
1773598561.846589,326,0,0,1,0,7.161473000451224,0.0,0.030462997528957203,2.3657079557004317,9.5,540.984375,False
1773598562.0571232,327,0,0,1,0,7.177639003202785,0.0,0.029147999157430604,2.3657079557004317,9.5,540.984375,False
1773598562.2676115,328,0,0,1,0,7.132806000299752,0.0,0.03068499790970236,2.3657079557004317,14.3,540.984375,False
1773598562.4781199,329,0,0,1,0,7.138750002923189,0.0,0.031130002753343433,2.3657079557004317,9.5,540.984375,False
1773598562.6885908,330,0,0,1,0,7.083713000611169,0.0,0.03127799936919473,4.750675568686233,4.8,540.984375,False
1773598562.8990598,331,0,0,1,0,7.116158001736039,0.0,0.03044500044779852,4.750675568686233,9.5,540.984375,False
1773598563.1095495,332,0,0,1,0,7.123602998035494,0.0,0.030315000913105905,4.750675568686233,9.5,540.984375,False
1773598563.319957,333,0,0,1,0,7.028045998595189,0.0,0.03076000211876817,4.750675568686233,14.3,540.984375,False
1773598563.530479,334,0,0,1,0,7.131454000045778,0.0,0.030000999686308205,4.750675568686233,4.8,540.984375,False
1773598563.7409546,335,0,0,1,0,7.122713002900127,0.0,0.030351999157574028,4.751061945098288,9.5,540.984375,False
1773598563.9514024,336,0,0,1,0,7.095823999407003,0.0,0.03181500142090954,4.751061945098288,9.5,540.984375,False
1773598564.1618001,337,0,0,1,0,7.14671299647307,0.0,0.03101900074398145,4.751061945098288,4.8,543.484375,False
1773598564.372198,338,0,0,1,0,7.1040650000213645,0.0,0.030629998946096748,4.751061945098288,14.3,546.109375,False
1773598564.5826838,339,0,0,1,0,7.180751003033947,0.0,0.02955599848064594,4.751061945098288,9.5,548.734375,False
1773598564.7930915,340,0,0,1,0,7.120529000530951,0.0,0.030055998649913818,4.7522289896229,9.5,551.359375,False
1773598565.0034602,341,0,0,0,0,7.117175999155734,0.0,0.03194499731762335,4.7522289896229,4.8,553.984375,False
1773598565.2138705,342,0,0,0,0,7.169232001615455,0.0,0.02848200165317394,4.7522289896229,9.5,556.609375,False
1773598565.424303,343,0,0,0,0,7.065675999911036,0.0,0.029148999601602554,4.7522289896229,14.3,559.234375,False
1773598565.6361828,344,0,0,0,0,8.58481499744812,0.0,0.033906999306054786,4.7522289896229,9.4,561.859375,False
1773598565.8492234,345,0,0,0,0,9.51171099950443,0.0,0.036148001527180895,4.734476523823166,9.4,564.484375,False
1773598566.0623138,346,0,0,0,0,9.533118001854746,0.0,0.03485199704300612,4.734476523823166,9.4,567.109375,False
1773598566.2753606,347,0,0,0,0,9.467673000472132,0.0,0.03514799755066633,4.734476523823166,9.4,569.734375,False
1773598566.4884894,348,0,0,0,0,9.550544000376249,0.0,0.03546399966580793,4.734476523823166,18.8,572.359375,False
1773598566.701642,349,0,0,0,0,9.586174001015024,0.0,0.03431500226724893,4.734476523823166,9.4,574.984375,False
1773598566.9147637,350,0,0,0,0,9.545914999762317,0.0,0.03572200148482807,4.692462375198386,9.4,577.609375,False
1773598567.8106046,351,0,0,0,0,9.476822000578977,0.0,0.03533299968694337,4.692462375198386,79.3,540.984375,False
1773598568.0209138,352,0,0,0,0,7.144768998841755,0.0,0.029759998142253608,1.808013956131898,9.5,540.984375,False
1773598568.2311707,353,0,0,0,0,7.092286999977659,0.0,0.029482001991709694,1.808013956131898,14.3,540.984375,False
1773598568.4414845,354,0,0,0,0,7.140268997318344,0.0,0.030538001738023013,1.808013956131898,9.5,540.984375,False
1773598568.6517842,355,0,0,0,0,7.129417001124239,0.0,0.02903700078604743,1.808013956131898,4.8,540.984375,False
1773598568.862113,356,0,0,0,0,7.166620998759754,0.0,0.029537000955315307,1.808013956131898,9.5,540.984375,False
1773598569.0723896,357,0,0,0,0,7.108324000000721,0.0,0.02163000317523256,4.75525693305664,4.8,540.984375,False
1773598569.2827082,358,0,0,0,0,7.077621001371881,0.0,0.021906998881604522,4.75525693305664,14.3,540.984375,False
1773598569.4928904,359,0,0,0,0,7.050972999422811,0.0,0.020907998987240717,4.75525693305664,9.5,540.984375,False
1773598569.7029405,360,0,0,0,0,6.8571379997592885,0.0,0.019869999960064888,4.75525693305664,9.5,540.984375,False
1773598569.912982,361,0,0,0,0,6.899137999425875,0.0,0.018629998521646485,4.75525693305664,4.8,540.984375,False
1773598570.1229935,362,0,0,0,0,6.870266999612795,0.0,0.018665999959921464,4.759087791884312,9.5,540.984375,False
1773598570.3331811,363,0,0,0,0,6.951971001399215,0.0,0.019832998077617958,4.759087791884312,14.3,540.984375,False
1773598570.543387,364,0,0,0,0,6.942453001101967,0.0,0.019295999663881958,4.759087791884312,4.8,540.984375,False
1773598570.75358,365,0,0,0,0,6.932767999387579,0.0,0.01988899748539552,4.759087791884312,9.5,540.984375,False
1773598570.9637697,366,0,0,0,0,6.902583001647145,0.0,0.018869999621529132,4.759087791884312,9.5,540.984375,False
1773598571.1739533,367,0,0,0,0,6.925082998350263,0.0,0.0185370008694008,4.757592483321843,4.8,540.984375,False
1773598571.38403,368,0,0,0,0,6.908544997713761,0.0,0.01994500053115189,4.757592483321843,14.3,540.984375,False
1773598571.5943031,369,0,0,0,0,6.98780499806162,0.0,0.018647999240783975,4.757592483321843,9.5,540.984375,False
1773598571.8044295,370,0,0,0,0,6.854359002318233,0.0,0.01998200241359882,4.757592483321843,4.8,540.984375,False
1773598572.0145602,371,0,0,0,0,6.907008999405662,0.0,0.019166000129189342,4.757592483321843,9.5,540.984375,False
1773598572.224903,372,0,0,0,0,7.144250001147157,0.0,0.019723000150406733,4.757602197095192,9.5,540.984375,False
1773598572.4377174,373,0,0,0,0,9.590730001946213,0.0,0.024074997782008722,4.757602197095192,14.1,540.984375,False
1773598572.6509905,374,0,0,0,0,9.74623000001884,0.0,0.02540699642850086,4.757602197095192,9.4,540.984375,False
1773598572.8641396,375,0,0,0,0,9.55254400105332,0.0,0.0254259975918103,4.757602197095192,9.4,541.0,False
1773598573.0772216,376,0,0,0,0,9.591341000486864,0.0,0.025018001906573772,4.757602197095192,9.4,541.0,False
1773598573.2903106,377,0,0,0,0,9.542340001644334,0.0,0.024981000024126843,4.693276233333587,9.4,541.0,False
1773598573.5033667,378,0,0,0,0,9.533284999633906,0.0,0.025221997930202633,4.693276233333587,18.8,541.0,False
1773598573.7164268,379,0,0,0,0,9.59885900010704,0.0,0.024758999643381685,4.693276233333587,9.4,541.0,False
1773598573.9295251,380,0,0,0,0,9.551432998705423,0.0,0.024740998924244195,4.693276233333587,9.4,541.0,False
1773598574.1425252,381,0,0,0,0,9.487487997830613,0.0,0.024778000806691125,4.693276233333587,9.4,541.0,False
1773598574.3555336,382,0,0,0,0,9.427116998267593,0.0,0.025814999389695004,4.693861335435458,14.1,541.0,False
1773598574.5685449,383,0,0,0,0,9.44478400197113,0.0,0.02624099943204783,4.693861335435458,14.1,541.0,False
1773598574.7815251,384,0,0,0,0,9.514933000900783,0.0,0.025036999431904405,4.693861335435458,14.1,541.0,False
1773598574.9945586,385,0,0,0,0,9.553488001984078,0.0,0.025573997845640406,4.693861335435458,9.4,541.0,False
1773598575.2077208,386,0,0,0,0,9.604340000805678,0.0,0.02461099938955158,4.693861335435458,9.4,541.0,False
1773598575.4207351,387,0,0,0,0,9.528302998660365,0.0,0.025407000066479668,4.694091424514319,4.7,541.0,False
1773598575.6340857,388,0,0,0,0,9.813379998377059,0.0,0.02518499968573451,4.694091424514319,18.7,541.0,False
1773598575.8471568,389,0,0,0,0,9.540044000459602,0.0,0.02516699896659702,4.694091424514319,14.1,541.0,False
1773598576.060349,390,0,0,0,0,9.553136998874834,0.0,0.026166999305132776,4.694091424514319,9.4,541.0,False
1773598576.2735868,391,0,0,0,0,9.559340000123484,0.0,0.024760000087553635,4.694091424514319,9.4,541.0,False
1773598576.4868429,392,0,0,0,0,9.775176000403007,0.0,0.025371002266183496,4.689808534609262,9.4,541.0,False
1773598576.699088,393,0,0,0,0,8.637889997771708,0.0,0.023407999833580106,4.689808534609262,18.8,541.0,False
1773598576.912032,394,0,0,0,0,9.56500700340257,0.0,0.02438900264678523,4.689808534609262,9.4,541.0,False
1773598577.1251347,395,0,0,0,0,9.534839999105316,0.0,0.025536999601172283,4.689808534609262,9.4,541.0,False
1773598577.3381665,396,0,0,0,0,9.570119000272825,0.0,0.025092998839681968,4.689808534609262,9.4,541.0,False
1773598577.5511944,397,0,0,0,0,9.56172900259844,0.0,0.02633300027810037,4.6977390885165065,9.4,541.0,False
1773598577.764256,398,0,0,0,0,9.540674000163563,0.0,0.02572299854364246,4.6977390885165065,18.8,541.0,False
1773598577.9774144,399,0,0,0,0,9.573210998496506,0.0,0.02409300213912502,4.6977390885165065,9.4,541.0,False
1773598578.1904519,400,0,0,0,0,9.499635998508893,0.0,0.025554996682330966,4.6977390885165065,9.4,541.015625,False
1773598578.4030051,401,0,0,0,0,9.052707999217091,0.0,0.024797001970000565,4.6977390885165065,9.4,541.015625,False
1773598578.615931,402,0,0,0,0,9.504155001195613,0.0,0.024554999981774017,4.69599604104948,14.1,541.015625,False
1773598578.8289618,403,0,0,0,0,9.528433001833037,0.0,0.02401799793005921,4.69599604104948,14.1,541.015625,False
1773598579.0420897,404,0,0,0,0,9.599526001693448,0.0,0.025612000172259286,4.69599604104948,14.1,541.015625,False
1773598579.2552843,405,0,0,0,0,9.582693000993459,0.0,0.024666998797329143,4.69599604104948,9.4,541.015625,False
1773598579.4684286,406,0,0,0,0,9.587747998011764,0.0,0.02609300281619653,4.69599604104948,9.4,541.03125,False
1773598579.6815493,407,0,0,0,0,9.579285000654636,0.0,0.025574001483619213,4.692084420970061,9.4,541.03125,False
1773598579.8945713,408,0,0,0,0,9.548988000460668,0.0,0.025130000722128898,4.692084420970061,18.8,541.03125,False
1773598580.10763,409,0,0,0,0,9.542765998048708,0.0,0.025000001187436283,4.692084420970061,9.4,541.03125,False
1773598580.3206441,410,0,0,0,0,9.504098998149857,0.0,0.024444001610390842,4.692084420970061,9.4,541.03125,False
1773598580.5337653,411,0,0,0,0,9.565544001816306,0.0,0.025092002033488825,4.692084420970061,14.1,541.03125,False
1773598580.7468672,412,0,0,0,0,9.567840003001038,0.0,0.025166002160403877,4.69346845007033,9.4,541.03125,False
1773598580.9598336,413,0,0,0,0,9.492469998804154,0.0,0.025518998882034793,4.69346845007033,18.8,541.03125,False
1773598581.1728861,414,0,0,0,0,9.594914001354482,0.0,0.024092998501146212,4.69346845007033,9.4,541.03125,False
1773598581.3860073,415,0,0,0,0,9.584415001882007,0.0,0.02520400084904395,4.69346845007033,9.4,541.03125,False
1773598581.5991297,416,0,0,0,0,9.57939599902602,0.0,0.024704000679776073,4.69346845007033,9.4,541.03125,False
1773598581.812181,417,0,0,0,0,9.528896000119857,0.0,0.024240998754976317,4.69345584521178,9.4,541.03125,False
1773598582.0252872,418,0,0,0,0,9.56939600291662,0.0,0.02522200156818144,4.69345584521178,18.8,541.03125,False
1773598582.2383478,419,0,0,0,0,9.567821998643922,0.0,0.024593002308392897,4.69345584521178,9.4,541.03125,False
1773598582.4513178,420,0,0,0,0,9.50048899903777,0.0,0.025017998268594965,4.69345584521178,9.4,541.03125,False
1773598582.6643503,421,0,0,0,0,9.546581000904553,0.0,0.024944998585851863,4.69345584521178,9.4,541.03125,False
1773598582.8773818,422,0,0,0,0,9.551062998070847,0.0,0.025055000151041895,4.693948535491244,9.4,541.03125,False
1773598583.0904179,423,0,0,0,0,9.525691999442643,0.0,0.0254259975918103,4.693948535491244,18.8,541.03125,False
1773598583.3035805,424,0,0,0,0,9.560711001540767,0.0,0.025110999558819458,4.693948535491244,9.4,541.03125,False
1773598583.5166776,425,0,0,0,0,9.596007999789435,0.0,0.025388999347342178,4.693948535491244,9.4,541.03125,False
1773598583.729818,426,0,0,0,0,9.631247998186154,0.0,0.02374099858570844,4.693948535491244,9.4,541.03125,False
1773598583.942856,427,0,0,0,0,9.582876999047585,0.0,0.025093002477660775,4.69278368417013,9.4,541.03125,False
1773598584.155885,428,0,0,0,0,9.586359003151301,0.0,0.024315002519870177,4.69278368417013,18.8,541.03125,False
1773598584.369072,429,0,0,0,0,9.652488999563502,0.0,0.023148000764194876,4.69278368417013,9.4,541.03125,False
1773598584.5821595,430,0,0,0,0,9.643729998060735,0.0,0.024518998543499038,4.69278368417013,9.4,541.03125,False
1773598584.7951996,431,0,0,0,0,9.610674002033193,0.0,0.024685999960638583,4.69278368417013,14.1,541.03125,False
1773598585.008331,432,0,0,0,0,9.626045000914019,0.0,0.02575899998191744,4.692736430091127,9.4,541.03125,False
1773598585.2214231,433,0,0,0,0,9.603155998775037,0.0,0.024982000468298793,4.692736430091127,18.8,541.03125,False
1773598585.4345243,434,0,0,0,0,9.643600002164021,0.0,0.02496300294296816,4.692736430091127,9.4,541.03125,False
1773598585.6477468,435,0,0,0,0,9.703007999632973,0.0,0.02294500154675916,4.692736430091127,9.4,541.03125,False
1773598585.8608224,436,0,0,0,0,9.628619001887273,0.0,0.025260000256821513,4.692736430091127,9.4,541.03125,False
1773598586.0738966,437,0,0,0,0,9.635638001782354,0.0,0.024222998035838827,4.69235528198519,9.4,541.03125,False
1773598586.2868133,438,0,0,0,0,9.313616999861551,0.0,0.025148001441266388,4.69235528198519,18.8,541.03125,False
1773598586.499942,439,0,0,0,0,9.604414997738786,0.0,0.024537999706808478,4.69235528198519,9.4,541.03125,False
1773598586.713187,440,0,0,0,0,9.655692996602738,0.0,0.023610999051015824,4.69235528198519,9.4,541.03125,False
1773598586.9264195,441,0,0,0,0,9.646988997701555,0.0,0.024833003408275545,4.69235528198519,9.4,541.03125,False
1773598587.1395726,442,0,0,0,0,9.591915000783047,0.0,0.023982000129763037,4.6918692242398805,9.4,541.03125,False
1773598587.3526974,443,0,0,0,0,9.58139600334107,0.0,0.025573997845640406,4.6918692242398805,18.8,541.03125,False
1773598587.565755,444,0,0,0,0,9.614414997486165,0.0,0.023926000721985474,4.6918692242398805,9.4,541.03125,False
1773598587.778746,445,0,0,0,0,9.532209998724284,0.0,0.025240999093512073,4.6918692242398805,9.4,541.03125,False
1773598587.991743,446,0,0,0,0,9.524673001578776,0.0,0.025556000764481723,4.6918692242398805,9.4,541.03125,False
1773598588.20484,447,0,0,0,0,9.580378002283396,0.0,0.02627800131449476,4.6936407232561885,9.4,541.03125,False
1773598588.4179513,448,0,0,0,0,9.592025002348237,0.0,0.02514799780328758,4.6936407232561885,18.8,541.03125,False
1773598588.6311631,449,0,0,0,0,9.63006299934932,0.0,0.025314999220427126,4.6936407232561885,9.4,541.03125,False
1773598588.8442023,450,0,0,0,0,9.525952002150007,0.0,0.024556000425945967,4.6936407232561885,9.4,541.03125,False
1773598589.0573044,451,0,0,0,0,9.548858997732168,0.0,0.025445002393098548,4.6936407232561885,9.4,541.03125,False
1773598589.2703602,452,0,0,0,0,9.547617999487557,0.0,0.024741002562223002,4.692565273282399,14.1,541.03125,False
1773598589.482936,453,0,0,0,0,9.070522999536479,0.0,0.024796001525828615,4.692565273282399,14.1,541.03125,False
1773598589.6960273,454,0,0,0,0,9.554506999847945,0.0,0.024666998797329143,4.692565273282399,14.1,541.03125,False
1773598589.909053,455,0,0,0,0,9.565174001181731,0.0,0.02403699909336865,4.692565273282399,9.4,541.03125,False
1773598590.1220982,456,0,0,0,0,9.592376998625696,0.0,0.025055000151041895,4.692565273282399,9.4,541.03125,False
1773598590.335076,457,0,0,0,0,9.532174000923987,0.0,0.025074001314351335,4.6961064552788185,9.4,541.03125,False
1773598590.548168,458,0,0,0,0,9.624119000363862,0.0,0.025538000045344234,4.6961064552788185,18.8,541.03125,False
1773598590.761216,459,0,0,0,0,9.578026001690887,0.0,0.025056000595213845,4.6961064552788185,9.4,541.03125,False
1773598590.9743319,460,0,0,0,0,9.554489002766786,0.0,0.025851997634163126,4.6961064552788185,9.4,541.046875,False
1773598591.1874068,461,0,0,0,0,9.562098999595037,0.0,0.02568499985500239,4.6961064552788185,9.4,541.046875,False
1773598591.4005165,462,0,0,0,0,9.579600002325606,0.0,0.024943998141679913,4.692992663618494,9.4,541.046875,False
1773598591.6135592,463,0,0,0,0,9.45634000163409,0.0,0.024852000933606178,4.692992663618494,18.8,541.046875,False
1773598591.8266318,464,0,0,0,0,9.507876999123255,0.0,0.025221997930202633,4.692992663618494,9.4,541.046875,False
1773598592.0397446,465,0,0,0,0,9.467858999414602,0.0,0.025240999093512073,4.692992663618494,9.4,541.046875,False
1773598592.2528446,466,0,0,0,0,9.518820999801392,0.0,0.02603699977044016,4.692992663618494,14.1,541.046875,False
1773598592.4656835,467,0,0,0,0,9.339005999208894,0.0,0.024037002731347457,4.6940651574971906,9.4,541.046875,False
1773598592.6787367,468,0,0,0,0,9.579951001796871,0.0,0.02629600203363225,4.6940651574971906,14.1,541.046875,False
1773598592.891828,469,0,0,0,0,9.543840002152137,0.0,0.024240998754976317,4.6940651574971906,14.1,541.046875,False
1773598593.1048806,470,0,0,0,0,9.560303999023745,0.0,0.024722001398913562,4.6940651574971906,9.4,541.046875,False
1773598593.3179858,471,0,0,0,0,9.556247998261824,0.0,0.025296001695096493,4.6940651574971906,9.4,541.0625,False
1773598593.5309997,472,0,0,0,0,9.578174001944717,0.0,0.025814999389695004,4.69344744201036,9.4,541.0625,False
1773598593.7440224,473,0,0,0,0,9.49798799774726,0.0,0.02594399848021567,4.69344744201036,18.8,541.0625,False
1773598593.957129,474,0,0,0,0,9.57221100179595,0.0,0.025074001314351335,4.69344744201036,9.4,541.0625,False
1773598594.170288,475,0,0,0,0,9.573322000505868,0.0,0.024852000933606178,4.69344744201036,9.4,541.0625,False
1773598594.3833284,476,0,0,0,0,9.519024999463,0.0,0.02516699896659702,4.69344744201036,9.4,541.0625,False
1773598594.596469,477,0,0,0,0,9.568544999638107,0.0,0.024760000087553635,4.692715428583703,9.4,541.0625,False
1773598594.80949,478,0,0,0,0,9.528193000733154,0.0,0.025277997337980196,4.692715428583703,18.8,541.0625,False
1773598595.0225422,479,0,0,0,0,9.586914999090368,0.0,0.025612000172259286,4.692715428583703,9.4,541.0625,False
1773598595.2355626,480,0,0,0,0,9.49346999914269,0.0,0.025018998712766916,4.692715428583703,9.4,541.0625,False
1773598595.4487326,481,0,0,0,0,9.4940429989947,0.0,0.02507499812054448,4.692715428583703,14.1,541.0625,False
1773598595.6617067,482,0,0,0,0,9.545655000692932,0.0,0.024834000214468688,4.693817211340533,9.4,541.0625,False
1773598595.874756,483,0,0,0,0,9.577229000569787,0.0,0.025592002202756703,4.693817211340533,18.8,541.0625,False
1773598596.087903,484,0,0,0,0,9.53741400007857,0.0,0.025852001272141933,4.693817211340533,9.4,541.0625,False
1773598596.3010297,485,0,0,0,0,9.577247998095118,0.0,0.025017998268594965,4.693817211340533,9.4,541.0625,False
1773598596.5141432,486,0,0,0,0,9.594765997462673,0.0,0.02544499875511974,4.693817211340533,9.4,541.0625,False
1773598596.7272677,487,0,0,0,0,9.61198900040472,0.0,0.025685003492981195,4.6923909791797795,9.4,541.0625,False
1773598596.9403412,488,0,0,0,0,9.559395999531262,0.0,0.025370001822011545,4.6923909791797795,18.8,541.0625,False
1773598597.1535935,489,0,0,0,0,9.629191998101305,0.0,0.024814999051159248,4.6923909791797795,9.4,541.0625,False
1773598597.3666885,490,0,0,0,0,9.585877000063192,0.0,0.025814999389695004,4.6923909791797795,9.4,541.0625,False
1773598597.5798206,491,0,0,0,0,9.582414000760764,0.0,0.025092998839681968,4.6923909791797795,14.1,541.0625,False
1773598597.7928653,492,0,0,0,0,9.580098998412723,0.0,0.026185000024270266,4.692192551656244,9.4,541.0625,False
1773598598.0057764,493,0,0,0,0,9.38848800069536,0.0,0.025093002477660775,4.692192551656244,14.1,541.0625,False
1773598598.2188482,494,0,0,0,0,9.612138001102721,0.0,0.025018998712766916,4.692192551656244,9.4,541.0625,False
1773598598.4320064,495,0,0,0,0,9.616304003429832,0.0,0.02409300213912502,4.692192551656244,14.1,541.0625,False
1773598598.6451464,496,0,0,0,0,9.618100000807317,0.0,0.024278000637423247,4.692192551656244,9.4,541.0625,False
1773598598.8583531,497,0,0,0,0,9.624545000406215,0.0,0.02407500141998753,4.692705977966691,9.4,541.0625,False
1773598599.0713606,498,0,0,0,0,9.553432999382494,0.0,0.024832999770296738,4.692705977966691,18.8,541.0625,False
1773598599.2844856,499,0,0,0,0,9.616600000299513,0.0,0.0245749979512766,4.692705977966691,9.4,541.0625,False
1773598599.4975965,500,0,0,0,0,9.583711002051132,0.0,0.024982000468298793,4.692705977966691,9.4,541.0625,False
1773598599.7106295,501,0,0,0,0,9.49406200015801,0.0,0.024647997634019703,4.692705977966691,9.4,541.0625,False
1773598599.9237704,502,0,0,0,0,9.568193003360648,0.0,0.025017998268594965,4.693022069255661,9.4,541.0625,False
1773598600.1369178,503,0,0,0,0,9.62011899900972,0.0,0.02492600106052123,4.693022069255661,18.8,541.0625,False
1773598600.3501332,504,0,0,0,0,9.672322001279099,0.0,0.02600100197014399,4.693022069255661,9.4,541.0625,False
1773598600.563156,505,0,0,0,0,9.556711000186624,0.0,0.025573997845640406,4.693022069255661,9.4,541.0625,False
1773598600.776168,506,0,0,0,0,9.548619000270264,0.0,0.025129000277956948,4.693022069255661,9.4,541.0625,False
1773598600.989297,507,0,0,0,0,9.582599999703234,0.0,0.025870998797472566,4.692499123996064,9.4,541.0625,False
1773598601.2018034,508,0,0,0,0,9.005539999634493,0.0,0.025332999939564615,4.692499123996064,18.8,541.0625,False
1773598601.4148033,509,0,0,0,0,9.530450999591267,0.0,0.024574001145083457,4.692499123996064,9.4,541.0625,False
1773598601.6277163,510,0,0,0,0,9.454339997319039,0.0,0.024297001800732687,4.692499123996064,9.4,541.0625,False
1773598601.840745,511,0,0,0,0,9.56111800041981,0.0,0.025352001102874056,4.692499123996064,9.4,541.0625,False
1773598602.053764,512,0,0,0,0,9.508488001301885,0.0,0.024462999135721475,4.697191945784402,9.4,541.0625,False
1773598602.2667868,513,0,0,0,0,9.504043999186251,0.0,0.0248889991780743,4.697191945784402,18.8,541.0625,False
1773598602.479882,514,0,0,0,0,9.488247000263073,0.0,0.026055997295770794,4.697191945784402,9.4,541.0625,False
1773598602.6928616,515,0,0,0,0,9.508857998298481,0.0,0.026962999982060865,4.697191945784402,9.4,541.0625,False
1773598602.905993,516,0,0,0,0,9.587118998751976,0.0,0.025277997337980196,4.697191945784402,14.1,541.0625,False
1773598603.1189914,517,0,0,0,0,9.531432999210665,0.0,0.02485199729562737,4.69389810614827,9.4,541.0625,False
1773598603.3319945,518,0,0,0,0,9.539599999698112,0.0,0.025332999939564615,4.69389810614827,18.8,541.078125,False
1773598603.5450578,519,0,0,0,0,9.605545001249993,0.0,0.02548200063756667,4.69389810614827,9.4,541.078125,False
1773598603.7580245,520,0,0,0,0,9.53463699988788,0.0,0.025388999347342178,4.69389810614827,9.4,541.078125,False
1773598603.9709742,521,0,0,0,0,9.441858001082437,0.0,0.026999998226528987,4.69389810614827,4.7,541.078125,False
1773598604.1838903,522,0,0,0,0,9.4708399992669,0.0,0.024870001652743667,4.695268488546569,14.1,541.078125,False
1773598604.3969467,523,0,0,0,0,9.52306200269959,0.0,0.02463000055286102,4.695268488546569,14.1,541.078125,False
1773598604.6101072,524,0,0,0,0,9.592581001925282,0.0,0.024259999918285757,4.695268488546569,9.4,541.078125,False
1773598604.823052,525,0,0,0,0,9.454449998884229,0.0,0.024406999727943912,4.695268488546569,14.1,541.078125,False
1773598605.036072,526,0,0,0,0,9.492637000221293,0.0,0.02512999708415009,4.695268488546569,9.4,541.078125,False
1773598605.2490802,527,0,0,0,0,9.537488000205485,0.0,0.025833000108832493,4.693966396143392,9.4,541.078125,False
1773598605.4620628,528,0,0,0,0,9.51013599842554,0.0,0.02490699989721179,4.693966396143392,18.8,541.078125,False
1773598605.675079,529,0,0,0,0,9.565932999976212,0.0,0.025314999220427126,4.693966396143392,9.4,541.078125,False
1773598605.888097,530,0,0,0,0,9.49969200155465,0.0,0.0243520007643383,4.693966396143392,9.4,541.078125,False
1773598606.1011813,531,0,0,0,0,9.543470001517562,0.0,0.026148001779802144,4.693966396143392,9.4,541.078125,False
1773598606.3140352,532,0,0,0,0,9.426987999177072,0.0,0.02344499807804823,4.695012006449409,9.4,541.078125,False
1773598606.5270364,533,0,0,0,0,9.509581002930645,0.0,0.024130000383593142,4.695012006449409,18.8,541.078125,False
1773598606.7399592,534,0,0,0,0,9.48582199998782,0.0,0.025074001314351335,4.695012006449409,9.4,541.078125,False
1773598606.9530063,535,0,0,0,0,9.52606300052139,0.0,0.025258999812649563,4.695012006449409,9.4,541.078125,False
1773598607.1659873,536,0,0,0,0,9.546247998514445,0.0,0.024758999643381685,4.695012006449409,9.4,541.078125,False
1773598607.3789876,537,0,0,0,0,9.487913997872965,0.0,0.02518499968573451,4.695119220966699,9.4,541.078125,False
1773598607.5919962,538,0,0,0,0,9.466192001127638,0.0,0.025555997126502916,4.695119220966699,18.8,541.078125,False
1773598607.8049948,539,0,0,0,0,9.521914998913417,0.0,0.02568499985500239,4.695119220966699,9.4,541.078125,False
1773598608.017961,540,0,0,0,0,9.514118002698524,0.0,0.025722001737449318,4.695119220966699,9.4,541.078125,False
1773598608.2309365,541,0,0,0,0,9.48500599770341,0.0,0.025056000595213845,4.695119220966699,14.1,541.09375,False
1773598608.4438515,542,0,0,0,0,9.465746999921976,0.0,0.025630000891396776,4.695449304241719,9.4,541.09375,False
1773598608.656947,543,0,0,0,0,9.56660000156262,0.0,0.025018998712766916,4.695449304241719,18.8,541.09375,False
1773598608.8699243,544,0,0,0,0,9.54480399741442,0.0,0.025295998057117686,4.695449304241719,9.4,541.09375,False
1773598609.0829034,545,0,0,0,0,9.453321003093151,0.0,0.026110999897355214,4.695449304241719,9.4,541.109375,False
1773598609.2959104,546,0,0,0,0,9.485303002293222,0.0,0.026185000024270266,4.695449304241719,9.4,541.109375,False
1773598609.5090814,547,0,0,0,0,9.570432997861644,0.0,0.02461099938955158,4.6938077562852625,9.4,541.109375,False
1773598609.7218406,548,0,0,0,0,9.252838000975316,0.0,0.025389002985320985,4.6938077562852625,18.8,541.109375,False
1773598609.934793,549,0,0,0,0,9.527210000669584,0.0,0.025296998501289636,4.6938077562852625,9.4,541.109375,False
1773598610.1477363,550,0,0,0,0,9.438616998522775,0.0,0.024536999262636527,4.6938077562852625,9.4,541.109375,False
1773598610.3606877,551,0,0,0,0,9.493043999100337,0.0,0.024647997634019703,4.6938077562852625,9.4,541.109375,False
1773598610.5736725,552,0,0,0,0,9.547339999699034,0.0,0.024184999347198755,4.69664072317202,9.4,541.109375,False
1773598610.7866118,553,0,0,0,0,9.49063599910005,0.0,0.024444001610390842,4.69664072317202,18.8,541.109375,False
1773598610.9996817,554,0,0,0,0,9.544026001094608,0.0,0.02405600025667809,4.69664072317202,9.4,541.109375,False
1773598611.2128274,555,0,0,0,0,9.584748000634136,0.0,0.025277997337980196,4.69664072317202,9.4,541.109375,False
1773598611.4257505,556,0,0,0,0,9.48534000053769,0.0,0.02373999814153649,4.69664072317202,9.4,541.109375,False
1773598611.6387877,557,0,0,0,0,9.534376997180516,0.0,0.02570399738033302,4.694376177845986,9.4,541.109375,False
1773598611.851757,558,0,0,0,0,9.451765999983763,0.0,0.02405600025667809,4.694376177845986,18.8,541.109375,False
1773598612.06471,559,0,0,0,0,9.498044000793016,0.0,0.023184999008663,4.694376177845986,14.1,541.109375,False
1773598612.2776923,560,0,0,0,0,9.489580999797909,0.0,0.02344499807804823,4.694376177845986,9.4,541.109375,False
1773598612.4905787,561,0,0,0,0,9.447266002098331,0.0,0.02346299879718572,4.694376177845986,9.4,541.109375,False
1773598612.7035792,562,0,0,0,0,9.479155000008177,0.0,0.024778000806691125,4.69573527376817,9.4,541.109375,False
1773598612.9165866,563,0,0,0,0,9.4763029992464,0.0,0.026351997803431004,4.69573527376817,18.8,541.109375,False
1773598613.1296473,564,0,0,0,0,9.54991500111646,0.0,0.024241002392955124,4.69573527376817,9.4,541.109375,False
1773598613.3426113,565,0,0,0,0,9.4603770012327,0.0,0.022870000975672156,4.69573527376817,9.4,541.109375,False
1773598613.5556097,566,0,0,0,0,9.468080999795347,0.0,0.023130000045057386,4.69573527376817,9.4,541.109375,False
1773598613.7685542,567,0,0,0,0,9.423172999959206,0.0,0.023018998035695404,4.694981524784549,9.4,541.109375,False
1773598613.9814312,568,0,0,0,0,9.452358000999084,0.0,0.023518998204963282,4.694981524784549,18.8,541.109375,False
1773598614.1943383,569,0,0,0,0,9.477562001848128,0.0,0.022574000468011945,4.694981524784549,9.4,541.109375,False
1773598614.4072595,570,0,0,0,0,9.4282470017788,0.0,0.023630000214325264,4.694981524784549,9.4,541.109375,False
1773598614.6202106,571,0,0,0,0,9.511154999927385,0.0,0.024222998035838827,4.694981524784549,9.4,541.109375,False
1773598614.8332443,572,0,0,0,0,9.484933001658646,0.0,0.02463000055286102,4.696193738772611,14.1,541.109375,False
1773598615.0461962,573,0,0,0,0,9.509802999673411,0.0,0.02629599839565344,4.696193738772611,14.1,541.109375,False
1773598615.2593126,574,0,0,0,0,9.519340001133969,0.0,0.025426001229789108,4.696193738772611,9.4,541.109375,False
1773598615.4723258,575,0,0,0,0,9.485747003054712,0.0,0.02433400004520081,4.696193738772611,14.1,541.109375,False
1773598615.685434,576,0,0,0,0,9.510284999123542,0.0,0.02487099845893681,4.696193738772611,9.4,541.109375,False
1773598615.8983903,577,0,0,0,0,9.475506001763279,0.0,0.025612000172259286,4.694191241860466,4.7,541.109375,False
1773598616.1113226,578,0,0,0,0,9.469431999605149,0.0,0.02427799699944444,4.694191241860466,18.8,541.109375,False
1773598616.3243053,579,0,0,0,0,9.49609899907955,0.0,0.025408000510651618,4.694191241860466,9.4,541.109375,False
1773598616.5373702,580,0,0,0,0,9.534210999845527,0.0,0.024499997380189598,4.694191241860466,9.4,541.109375,False
1773598616.7503052,581,0,0,0,0,9.478006999415811,0.0,0.02514799780328758,4.694191241860466,14.1,541.109375,False
1773598616.963261,582,0,0,0,0,9.457506999751786,0.0,0.024926997866714373,4.69542617587608,9.4,541.109375,False
1773598617.1762228,583,0,0,0,0,9.4368400023086,0.0,0.025130000722128898,4.69542617587608,18.8,541.109375,False
1773598617.3892508,584,0,0,0,0,9.557746998325456,0.0,0.025001001631608233,4.69542617587608,9.4,541.109375,False
1773598617.6022885,585,0,0,0,0,9.53258099980303,0.0,0.024684999516466632,4.69542617587608,9.4,541.109375,False
1773598617.815204,586,0,0,0,0,9.477543000684818,0.0,0.025073997676372528,4.69542617587608,9.4,541.109375,False
1773598618.028311,587,0,0,0,0,9.481470002356218,0.0,0.024758999643381685,4.694618928441911,9.4,541.109375,False
1773598618.2413387,588,0,0,0,0,9.55396999779623,0.0,0.024723001843085513,4.694618928441911,18.8,541.109375,False
1773598618.4543116,589,0,0,0,0,9.541100000205915,0.0,0.025112000002991408,4.694618928441911,9.4,541.109375,False
1773598618.667275,590,0,0,0,0,9.463414000492776,0.0,0.025314999220427126,4.694618928441911,9.4,541.109375,False
1773598618.8803322,591,0,0,0,0,9.472488000028534,0.0,0.02607400165288709,4.694618928441911,9.4,541.109375,False
1773598619.0933015,592,0,0,0,0,9.498357998381834,0.0,0.02550000135670416,4.694885877991961,9.4,541.109375,False
1773598619.3062615,593,0,0,0,0,9.431933001906145,0.0,0.025388999347342178,4.694885877991961,18.8,541.109375,False
1773598619.5191998,594,0,0,0,0,9.499913998297416,0.0,0.025610999728087336,4.694885877991961,9.4,541.109375,False
1773598619.7322164,595,0,0,0,0,9.497080998698948,0.0,0.02377800046815537,4.694885877991961,9.4,541.109375,False
1773598619.9451592,596,0,0,0,0,9.495561997027835,0.0,0.024462999135721475,4.694885877991961,14.1,541.109375,False
1773598620.1581554,597,0,0,0,0,9.468154999922263,0.0,0.024092998501146212,4.695488202461404,9.4,541.109375,False
1773598620.37108,598,0,0,0,0,9.411505998286884,0.0,0.02598200080683455,4.695488202461404,18.8,541.109375,False
1773598620.5841217,599,0,0,0,0,9.540655002638232,0.0,0.02562899680924602,4.695488202461404,9.4,541.109375,False
1773598620.797152,600,0,0,0,0,9.48784000138403,0.0,0.024019002012209967,4.695488202461404,9.4,541.109375,False
1773598621.0100718,601,0,0,0,0,9.480061999056488,0.0,0.02651899922057055,4.695488202461404,9.4,541.109375,False
1773598621.223103,602,0,0,0,0,9.441933001653524,0.0,0.02518499968573451,4.695086635644476,9.4,541.109375,False
1773598621.435544,603,0,0,0,0,8.944724999309983,0.0,0.023054999473970383,4.695086635644476,18.8,541.109375,False
1773598621.648614,604,0,0,0,0,9.652230000938289,0.0,0.024500001018168405,4.695086635644476,9.4,541.109375,False
1773598621.8616652,605,0,0,0,0,9.534081000310834,0.0,0.025167002604575828,4.695086635644476,4.7,541.109375,False
1773598622.0747194,606,0,0,0,0,9.478579999267822,0.0,0.025314999220427126,4.695086635644476,14.1,541.109375,False
1773598622.2877123,607,0,0,0,0,9.447894997720141,0.0,0.025426001229789108,4.696561837389358,9.4,541.109375,False
1773598622.5006375,608,0,0,0,0,9.429858000657987,0.0,0.0248889991780743,4.696561837389358,18.8,541.109375,False
1773598622.7136238,609,0,0,0,0,9.5464890000585,0.0,0.024721997760934755,4.696561837389358,9.4,541.109375,False
1773598622.9266396,610,0,0,0,0,9.501099000772228,0.0,0.02535199746489525,4.696561837389358,9.4,541.109375,False
1773598623.1396017,611,0,0,0,0,9.42717300131335,0.0,0.026166999305132776,4.696561837389358,9.4,541.109375,False
1773598623.3526886,612,0,0,0,0,9.507470000244211,0.0,0.024832999770296738,4.695146550940551,9.4,541.125,False
1773598623.5657928,613,0,0,0,0,9.584600000380306,0.0,0.023908000002847984,4.695146550940551,18.8,541.125,False
1773598623.778799,614,0,0,0,0,9.434728999622166,0.0,0.024462999135721475,4.695146550940551,14.1,541.125,False
1773598623.9916663,615,0,0,0,0,9.41345100000035,0.0,0.025834000553004444,4.695146550940551,9.4,541.125,False
1773598624.2047281,616,0,0,0,0,9.448338998481631,0.0,0.025093002477660775,4.695146550940551,9.4,541.125,False
1773598624.4178176,617,0,0,0,0,9.486820999882184,0.0,0.024482000299030915,4.69407881630941,9.4,541.125,False
1773598624.630819,618,0,0,0,0,9.466303003137,0.0,0.025573997845640406,4.69407881630941,18.8,541.125,False
1773598624.8438487,619,0,0,0,0,9.577303000696702,0.0,0.024778000806691125,4.69407881630941,9.4,541.125,False
1773598625.056908,620,0,0,0,0,9.528821999992942,0.0,0.02375999974901788,4.69407881630941,9.4,541.125,False
1773598625.2699127,621,0,0,0,0,9.495766000327421,0.0,0.025296998501289636,4.69407881630941,9.4,541.125,False
1773598625.4830933,622,0,0,0,0,9.495340000285069,0.0,0.024815002689138055,4.693654379598474,9.4,541.125,False
1773598625.6961224,623,0,0,0,0,9.503322002274217,0.0,0.025295998057117686,4.693654379598474,18.8,541.125,False
1773598625.909091,624,0,0,0,0,9.509136001724983,0.0,0.024130000383593142,4.693654379598474,9.4,541.125,False
1773598626.1221814,625,0,0,0,0,9.531042996968608,0.0,0.022536998585565016,4.693654379598474,9.4,541.125,False
1773598626.3352087,626,0,0,0,0,9.576730000844691,0.0,0.02405499981250614,4.693654379598474,9.4,541.125,False
1773598626.5483863,627,0,0,0,0,9.5728220003366,0.0,0.025091998395510018,4.693554585082471,9.4,541.125,False
1773598626.7613618,628,0,0,0,0,9.523359000013443,0.0,0.024297001800732687,4.693554585082471,18.8,541.125,False
1773598626.974489,629,0,0,0,0,9.539488000882557,0.0,0.024408000172115862,4.693554585082471,9.4,541.125,False
1773598627.187577,630,0,0,0,0,9.53804399978253,0.0,0.02416600182186812,4.693554585082471,14.1,541.140625,False
1773598627.400563,631,0,0,0,0,9.496024998952635,0.0,0.026130001060664654,4.693554585082471,9.4,541.140625,False
1773598627.6136737,632,0,0,0,0,9.576951000781264,0.0,0.025629000447224826,4.693561938217775,4.7,541.15625,False
1773598627.8267229,633,0,0,0,0,9.53383999876678,0.0,0.025593002646928653,4.693561938217775,18.8,541.15625,False
1773598628.0398152,634,0,0,0,0,9.553877000143984,0.0,0.024499997380189598,4.693561938217775,9.4,541.15625,False
1773598628.2528958,635,0,0,0,0,9.526581001409795,0.0,0.024369997845496982,4.693561938217775,9.4,541.15625,False
1773598628.4659646,636,0,0,0,0,9.549524998874404,0.0,0.025000001187436283,4.693561938217775,14.1,541.15625,False
1773598628.6788921,637,0,0,0,0,9.488044001045637,0.0,0.02463000055286102,4.693878144832688,9.4,541.15625,False
1773598628.8917663,638,0,0,0,0,9.4363770003838,0.0,0.02487099845893681,4.693878144832688,18.8,541.15625,False
1773598629.1048753,639,0,0,0,0,9.532840002066223,0.0,0.025833000108832493,4.693878144832688,9.4,541.15625,False
1773598629.3178828,640,0,0,0,0,9.503599998424761,0.0,0.02544399831094779,4.693878144832688,9.4,541.15625,False
1773598629.5309656,641,0,0,0,0,9.449357999983476,0.0,0.024834000214468688,4.693878144832688,9.4,541.15625,False
1773598629.7438672,642,0,0,0,0,9.382839998579584,0.0,0.023962998966453597,4.694951043515482,9.4,541.15625,False
1773598629.9566994,643,0,0,0,0,9.220135001669405,0.0,0.024147997464751825,4.694951043515482,23.5,541.15625,False
1773598630.1696944,644,0,0,0,0,9.486340000876226,0.0,0.02507499812054448,4.694951043515482,9.4,541.15625,False
1773598630.3826468,645,0,0,0,0,9.442562000913313,0.0,0.024130000383593142,4.694951043515482,9.4,541.15625,False
1773598630.595759,646,0,0,0,0,9.571506998327095,0.0,0.024870001652743667,4.694951043515482,9.4,541.15625,False
1773598630.8087735,647,0,0,0,0,9.457599000597838,0.0,0.024165998183889315,4.69540199646471,9.4,541.15625,False
1773598631.021774,648,0,0,0,0,9.469431999605149,0.0,0.02577800114522688,4.69540199646471,18.8,541.15625,False
1773598631.2346742,649,0,0,0,0,9.471061999647645,0.0,0.0256669991358649,4.69540199646471,9.4,541.15625,False
1773598631.4476268,650,0,0,0,0,9.398931997566251,0.0,0.02681499972823076,4.69540199646471,9.4,541.15625,False
1773598631.6606448,651,0,0,0,0,9.436303000256885,0.0,0.02637100260471925,4.69540199646471,9.4,541.15625,False
1773598631.873624,652,0,0,0,0,9.41904299907037,0.0,0.024130000383593142,4.695365202186086,9.4,541.15625,False
1773598632.0865211,653,0,0,0,0,9.311171997978818,0.0,0.025352001102874056,4.695365202186086,18.8,541.15625,False
1773598632.299388,654,0,0,0,0,9.370469000714365,0.0,0.02518600012990646,4.695365202186086,9.4,541.15625,False
1773598632.5123622,655,0,0,0,0,9.386376001202734,0.0,0.02568499985500239,4.695365202186086,9.4,541.15625,False
1773598632.7252932,656,0,0,0,0,9.40393199925893,0.0,0.025574001483619213,4.695365202186086,9.4,541.15625,False
1773598632.9381087,657,0,0,0,0,9.33780199920875,0.0,0.02331500218133442,4.697097260941909,14.1,541.15625,False
1773598633.1508932,658,0,0,0,0,9.200542001053691,0.0,0.023333999706665054,4.697097260941909,14.1,541.15625,False
1773598633.363677,659,0,0,0,0,9.31283899990376,0.0,0.02405600025667809,4.697097260941909,9.4,541.15625,False
1773598633.5765476,660,0,0,0,0,9.396543002367252,0.0,0.024148001102730632,4.697097260941909,9.4,541.15625,False
1773598633.789329,661,0,0,0,0,9.37306199921295,0.0,0.023166001483332366,4.697097260941909,9.4,541.15625,False
1773598634.0022752,662,0,0,0,0,9.351321001304314,0.0,0.023685999622102827,4.698522145193751,9.4,541.15625,False
1773598634.2150543,663,0,0,0,0,9.337839001091197,0.0,0.023925997084006667,4.698522145193751,18.8,541.15625,False
1773598634.4280236,664,0,0,0,0,9.388671998749487,0.0,0.02374099858570844,4.698522145193751,9.4,541.15625,False
1773598634.6409426,665,0,0,0,0,9.45913599935011,0.0,0.023093001800589263,4.698522145193751,9.4,541.15625,False
1773598634.853802,666,0,0,0,0,9.343783000076655,0.0,0.02274100188515149,4.698522145193751,9.4,541.15625,False
1773598635.0666065,667,0,0,0,0,9.387654001329793,0.0,0.02359300196985714,4.697807490320574,9.4,541.15625,False
1773598635.2793722,668,0,0,0,0,9.23452300048666,0.0,0.024741002562223002,4.697807490320574,18.8,541.15625,False
1773598635.4924543,669,0,0,0,0,9.47615499899257,0.0,0.025610999728087336,4.697807490320574,9.4,541.15625,False
1773598635.705416,670,0,0,0,0,9.435247000510572,0.0,0.02611100353533402,4.697807490320574,9.4,541.15625,False
1773598635.9183307,671,0,0,0,0,9.390801998961251,0.0,0.024795997887849808,4.697807490320574,9.4,541.15625,False
1773598636.130671,672,0,0,0,0,8.93450299918186,0.0,0.025592999008949846,4.698968520089043,14.1,541.15625,False
1773598636.3436658,673,0,0,0,0,9.338486997876316,0.0,0.04448199979378842,4.698968520089043,14.1,541.15625,False
1773598636.556608,674,0,0,0,0,9.374358000059146,0.0,0.02461099938955158,4.698968520089043,14.1,541.15625,False
1773598636.7695603,675,0,0,0,0,9.412247000000207,0.0,0.023296997824218124,4.698968520089043,9.4,541.15625,False
1773598636.9825103,676,0,0,0,0,9.4473030003428,0.0,0.024315002519870177,4.698968520089043,9.4,541.15625,False
1773598637.1954336,677,0,0,0,0,9.418154000741197,0.0,0.025296998501289636,4.695908764904287,9.4,541.15625,False
1773598637.4083536,678,0,0,0,0,9.415579999767942,0.0,0.025574001483619213,4.695908764904287,18.8,541.15625,False
1773598637.6214263,679,0,0,0,0,9.539303002384258,0.0,0.025518998882034793,4.695908764904287,9.4,541.15625,False
1773598637.83388,680,0,0,0,0,8.946724999987055,0.0,0.023944001441122964,4.695908764904287,9.4,541.15625,False
1773598638.0468445,681,0,0,0,0,9.438692002731841,0.0,0.025296001695096493,4.695908764904287,9.4,541.15625,False
1773598638.2598464,682,0,0,0,0,9.467302999837557,0.0,0.0245749979512766,4.697522320573589,9.4,541.15625,False
1773598638.4729118,683,0,0,0,0,9.46133999968879,0.0,0.025556000764481723,4.697522320573589,18.8,541.171875,False
1773598638.6857738,684,0,0,0,0,9.414431999175576,0.0,0.024204000510508195,4.697522320573589,9.4,541.171875,False
1773598638.8988187,685,0,0,0,0,9.473857997363666,0.0,0.025149001885438338,4.697522320573589,9.4,541.171875,False
1773598639.111787,686,0,0,0,0,9.449561999645084,0.0,0.025869998353300616,4.697522320573589,14.1,541.171875,False
1773598639.3247643,687,0,0,0,0,9.41824600158725,0.0,0.02520400084904395,4.6952527203961365,9.4,541.171875,False
1773598639.537849,688,0,0,0,0,9.570396003255155,0.0,0.024556000425945967,4.6952527203961365,18.8,541.171875,False
1773598639.7508092,689,0,0,0,0,9.47346899920376,0.0,0.025518998882034793,4.6952527203961365,9.4,541.171875,False
1773598639.9636593,690,0,0,0,0,9.415524997166358,0.0,0.02516599852242507,4.6952527203961365,9.4,541.171875,False
1773598640.1765642,691,0,0,0,0,9.443765000469284,0.0,0.025370001822011545,4.6952527203961365,9.4,541.171875,False
1773598640.3895109,692,0,0,0,0,9.496359001786914,0.0,0.024981000024126843,4.695834109571373,14.1,541.171875,False
1773598640.6025217,693,0,0,0,0,9.467172996664885,0.0,0.025889999960782006,4.695834109571373,14.1,541.171875,False
1773598640.8155727,694,0,0,0,0,9.4758399973216,0.0,0.02520400084904395,4.695834109571373,9.4,541.171875,False
1773598641.0285285,695,0,0,0,0,9.481357999902684,0.0,0.02576000042608939,4.695834109571373,14.1,541.171875,False
1773598641.2416122,696,0,0,0,0,9.516729001916246,0.0,0.02485199729562737,4.695834109571373,9.4,541.171875,False
1773598641.4546957,697,0,0,0,0,9.568247998686275,0.0,0.024408000172115862,4.6940220802254755,9.4,541.171875,False
1773598641.6677144,698,0,0,0,0,9.45476600099937,0.0,0.026112000341527164,4.6940220802254755,18.8,541.171875,False
1773598641.8806555,699,0,0,0,0,9.473025002080249,0.0,0.026685000193538144,4.6940220802254755,4.7,541.171875,False
1773598642.0938153,700,0,0,0,0,9.564525000314461,0.0,0.026055997295770794,4.6940220802254755,9.4,541.171875,False
1773598642.3067467,701,0,0,0,0,9.472488000028534,0.0,0.025091998395510018,4.6940220802254755,14.1,541.171875,False
1773598642.5197213,702,0,0,0,0,9.496563001448521,0.0,0.02548200063756667,4.694760807297059,9.4,541.171875,False
1773598642.73267,703,0,0,0,0,9.469005999562796,0.0,0.026186000468442217,4.694760807297059,18.8,541.171875,False
1773598642.945729,704,0,0,0,0,9.536210000078427,0.0,0.024482000299030915,4.694760807297059,4.7,541.171875,False
1773598643.1587722,705,0,0,0,0,9.513320997939445,0.0,0.02520400084904395,4.694760807297059,9.4,541.171875,False
1773598643.3717813,706,0,0,0,0,9.532729000056861,0.0,0.025593002646928653,4.694760807297059,14.1,541.171875,False
1773598643.5848334,707,0,0,0,0,9.57532200118294,0.0,0.026129000616492704,4.694332044071143,9.4,541.171875,False
1773598643.7978096,708,0,0,0,0,9.460894998483127,0.0,0.025073997676372528,4.694332044071143,14.1,541.171875,False
1773598644.0109534,709,0,0,0,0,9.552748000714928,0.0,0.024889002816053107,4.694332044071143,14.1,541.171875,False
1773598644.2239728,710,0,0,0,0,9.508043000096222,0.0,0.025481996999587864,4.694332044071143,9.4,541.171875,False
1773598644.4370925,711,0,0,0,0,9.570858997903997,0.0,0.025556000764481723,4.694332044071143,9.4,541.171875,False
1773598644.6503036,712,0,0,0,0,9.71208200280671,0.0,0.025055000151041895,4.692761632148167,14.1,541.171875,False
1773598644.8632326,713,0,0,0,0,9.46209899848327,0.0,0.02851899989764206,4.692761632148167,14.1,541.171875,False
1773598645.076267,714,0,0,0,0,9.593396000127541,0.0,0.0235740008065477,4.692761632148167,9.4,541.171875,False
1773598645.2892978,715,0,0,0,0,9.551358001772314,0.0,0.02437000148347579,4.692761632148167,14.1,541.1875,False
1773598645.5022535,716,0,0,0,0,9.431561000383226,0.0,0.023908000002847984,4.692761632148167,9.4,541.1875,False
1773598645.715078,717,0,0,0,0,9.407376001036027,0.0,0.02292600038344972,4.695798359970784,9.4,541.1875,False
1773598645.9278896,718,0,0,0,0,9.403617001225939,0.0,0.022518001060234383,4.695798359970784,18.8,541.1875,False
1773598646.1408892,719,0,0,0,0,9.494987996731652,0.0,0.024167002266040072,4.695798359970784,9.4,541.1875,False
1773598646.3539002,720,0,0,0,0,9.504136000032304,0.0,0.023741002223687246,4.695798359970784,9.4,541.1875,False
1773598646.566939,721,0,0,0,0,9.520487998088356,0.0,0.025852001272141933,4.695798359970784,9.4,541.1875,False
1773598646.7800167,722,0,0,0,0,9.477654999500373,0.0,0.02653699993970804,4.695178085921128,9.4,541.1875,False
1773598646.9929638,723,0,0,0,0,9.458414002438076,0.0,0.024184999347198755,4.695178085921128,18.8,541.1875,False
1773598647.20592,724,0,0,0,0,9.525618002953706,0.0,0.024982000468298793,4.695178085921128,9.4,541.1875,False
1773598647.4188519,725,0,0,0,0,9.486506998655386,0.0,0.024444998416583985,4.695178085921128,9.4,541.1875,False
1773598647.6313205,726,0,0,0,0,8.996521999506513,0.0,0.024556000425945967,4.695178085921128,9.4,541.1875,False
1773598647.8443906,727,0,0,0,0,9.556081000482664,0.0,0.025037003069883212,4.697612813495889,9.4,541.1875,False
1773598648.05739,728,0,0,0,0,9.461858000577195,0.0,0.024315002519870177,4.697612813495889,18.8,541.1875,False
1773598648.2703147,729,0,0,0,0,9.484063000854803,0.0,0.025408000510651618,4.697612813495889,9.4,541.1875,False
1773598648.483243,730,0,0,0,0,9.479303000262007,0.0,0.024222001229645684,4.697612813495889,9.4,541.1875,False
1773598648.6961396,731,0,0,0,0,9.427839999261778,0.0,0.02490800034138374,4.697612813495889,14.1,541.1875,False
1773598648.9092464,732,0,0,0,0,9.475339997152332,0.0,0.025314999220427126,4.695456663314931,9.4,541.1875,False
1773598649.1222682,733,0,0,0,0,9.458692002226599,0.0,0.025278000975959003,4.695456663314931,18.8,541.1875,False
1773598649.3352485,734,0,0,0,0,9.46178400045028,0.0,0.026943998818751425,4.695456663314931,9.4,541.1875,False
1773598649.5482519,735,0,0,0,0,9.498840001469944,0.0,0.024739998480072245,4.695456663314931,9.4,541.1875,False
1773598649.7612655,736,0,0,0,0,9.501952001301106,0.0,0.02462900010868907,4.695456663314931,9.4,541.1875,False
1773598649.9741924,737,0,0,0,0,9.47985799939488,0.0,0.02459199822624214,4.6950876867768425,9.4,541.1875,False
1773598650.1867232,738,0,0,0,0,9.081115000299178,0.0,0.025037999876076356,4.6950876867768425,18.8,541.1875,False
1773598650.3997238,739,0,0,0,0,9.550692997436272,0.0,0.026130001060664654,4.6950876867768425,9.4,541.1875,False
1773598650.871733,740,1,0,0,0,9.601711000868818,258.9813459999277,0.01300100120715797,4.6950876867768425,116.5,541.234375,True
1773598651.3215199,741,1,0,0,0,7.146990999899572,239.45342099978006,0.012778000382240862,2.9686899870775085,111.2,541.234375,True
1773598651.5318303,742,0,0,0,0,7.138139997550752,0.0,0.02179599687224254,2.9686899870775085,9.5,541.234375,False
1773598651.7422035,743,0,0,0,0,7.06641699798638,0.0,0.020685001800302416,2.9686899870775085,9.5,541.234375,False
1773598651.9525437,744,0,0,0,0,7.084417000442045,0.0,0.02151899752789177,2.9686899870775085,9.5,541.234375,False
1773598652.1629732,745,0,0,0,0,7.122008999431273,0.0,0.021962998289382085,2.9686899870775085,4.8,541.234375,False
1773598652.3733246,746,0,0,0,0,7.110361999366432,0.0,0.02107399996020831,4.7538459271651154,9.5,541.234375,False
1773598652.583669,747,0,0,0,0,7.113103001756826,0.0,0.021519001165870577,4.7538459271651154,4.8,541.234375,False
1773598652.7939205,748,0,0,0,0,7.087656998919556,0.0,0.021926000044913962,4.7538459271651154,14.3,541.234375,False
1773598653.004236,749,0,0,0,0,7.093416999850888,0.0,0.022036998416297138,4.7538459271651154,9.5,541.234375,False
1773598653.214644,750,0,0,0,0,7.129361998522654,0.0,0.021906998881604522,4.7538459271651154,9.5,541.234375,False
1773598653.4248235,751,0,0,0,0,7.025582999631297,0.0,0.021148000087123364,4.755118921507452,4.8,541.234375,False
1773598653.6348946,752,0,0,0,0,6.860747998871375,0.0,0.02018499799305573,4.755118921507452,9.5,541.234375,False
1773598653.8449113,753,0,0,0,0,6.882156001665862,0.0,0.018980997992912307,4.755118921507452,14.3,541.234375,False
1773598654.0550177,754,0,0,0,0,6.8883050007571,0.0,0.0207779994525481,4.755118921507452,4.8,541.234375,False
1773598654.2652392,755,0,0,0,0,6.91460000234656,0.0,0.02016699727391824,4.755118921507452,9.5,541.234375,False
1773598654.4754148,756,0,0,0,0,6.890564000059385,0.0,0.019334001990500838,4.759226033916275,9.5,541.234375,False
1773598654.6856174,757,0,0,0,0,7.056916001602076,0.0,0.02075899828923866,4.759226033916275,4.8,541.234375,False
1773598654.895775,758,0,0,0,0,6.92228600019007,0.0,0.019999999494757503,4.759226033916275,14.3,541.234375,False
1773598655.1061933,759,0,0,0,0,7.127601998945465,0.0,0.022462998458649963,4.759226033916275,9.5,541.234375,False
1773598655.3164835,760,0,0,0,0,7.1148239985632244,0.0,0.02157500057364814,4.759226033916275,4.8,541.234375,False
1773598655.526987,761,0,0,0,0,7.162047000747407,0.0,0.02350000067963265,4.754827829665708,9.5,541.234375,False
1773598655.739163,762,0,0,0,0,8.953854998253519,0.0,0.024536999262636527,4.754827829665708,9.4,541.234375,False
1773598655.952073,763,0,0,0,0,9.39971000116202,0.0,0.024556000425945967,4.754827829665708,14.1,541.234375,False
1773598656.1651156,764,0,0,0,0,9.460432000196306,0.0,0.025091998395510018,4.754827829665708,14.1,541.234375,False
1773598656.3780863,765,0,0,0,0,9.46119199943496,0.0,0.024315002519870177,4.754827829665708,9.4,541.234375,False
1773598656.5911324,766,0,0,0,0,9.48300700110849,0.0,0.02550000135670416,4.698795855590501,9.4,541.234375,False
1773598656.804084,767,0,0,0,0,9.415208998689195,0.0,0.02464800127199851,4.698795855590501,9.4,541.234375,False
1773598657.0171459,768,0,0,0,0,9.48893299937481,0.0,0.024758999643381685,4.698795855590501,18.8,541.234375,False
1773598657.2302587,769,0,0,0,0,9.576395998010412,0.0,0.025130000722128898,4.698795855590501,9.4,541.234375,False
1773598657.4432106,770,0,0,0,0,9.461451001698151,0.0,0.025555000320309773,4.698795855590501,9.4,541.234375,False
1773598657.6563427,771,0,0,0,0,9.521544001472648,0.0,0.02624099943204783,4.693914915808864,9.4,541.234375,False
1773598657.8693366,772,0,0,0,0,9.490672997344518,0.0,0.024834000214468688,4.693914915808864,9.4,541.234375,False
1773598658.0822332,773,0,0,0,0,9.399524999025743,0.0,0.024425997253274545,4.693914915808864,18.8,541.234375,False
1773598658.2952747,774,0,0,0,0,9.477284998865798,0.0,0.02522200156818144,4.693914915808864,9.4,541.234375,False
1773598658.5083354,775,0,0,0,0,9.449451001273701,0.0,0.024925997422542423,4.693914915808864,9.4,541.234375,False
1773598658.7213285,776,0,0,0,0,9.443913997529307,0.0,0.025612000172259286,4.694897439485099,14.1,541.234375,False
1773598658.9343119,777,0,0,0,0,9.474488000705605,0.0,0.02600000152597204,4.694897439485099,9.4,541.234375,False
1773598659.1472075,778,0,0,0,0,9.356320999359014,0.0,0.02548100019339472,4.694897439485099,14.1,541.234375,False
1773598659.3602195,779,0,0,0,0,9.477432999119628,0.0,0.025591998564777896,4.694897439485099,14.1,541.234375,False
1773598659.573348,780,0,0,0,0,9.560561997204786,0.0,0.024518001737305894,4.694897439485099,9.4,541.234375,False
1773598659.786316,781,0,0,0,0,9.42248699720949,0.0,0.02490800034138374,4.694910052088009,9.4,541.234375,False
1773598659.9994328,782,0,0,0,0,9.454988001380116,0.0,0.026112000341527164,4.694910052088009,9.4,541.234375,False
1773598660.2124696,783,0,0,0,0,9.49313599994639,0.0,0.02633300027810037,4.694910052088009,18.8,541.234375,False
1773598660.425546,784,0,0,0,0,9.554784999636468,0.0,0.026759000320453197,4.694910052088009,9.4,541.234375,False
1773598660.6385214,785,0,0,0,0,9.460303001105785,0.0,0.02564899841672741,4.694910052088009,9.4,541.234375,False
1773598660.8514738,786,0,0,0,0,9.429802998056402,0.0,0.02596299964352511,4.694195444789227,9.4,541.234375,False
1773598661.064586,787,0,0,0,0,9.506155001872685,0.0,0.0256669991358649,4.694195444789227,9.4,541.234375,False
1773598661.2776635,788,0,0,0,0,9.50511699920753,0.0,0.025907000235747546,4.694195444789227,18.8,541.234375,False
1773598661.4907978,789,0,0,0,0,9.576766999089159,0.0,0.026129000616492704,4.694195444789227,9.4,541.234375,False
1773598661.7038178,790,0,0,0,0,9.493543999269605,0.0,0.02633400072227232,4.694195444789227,9.4,541.234375,False
1773598661.917083,791,0,0,0,0,9.5731559995329,0.0,0.026165998860960826,4.692130612109742,14.1,541.234375,False
1773598662.13018,792,0,0,0,0,9.524580000288552,0.0,0.02537099862820469,4.692130612109742,9.4,541.234375,False
1773598662.3432372,793,0,0,0,0,9.53837800261681,0.0,0.025814999389695004,4.692130612109742,18.8,541.234375,False
1773598662.556806,794,0,0,0,0,9.954231998563046,0.0,0.056093002058332786,4.692130612109742,9.4,541.234375,False
1773598662.7698514,795,0,0,0,0,9.52230300026713,0.0,0.026388999685877934,4.692130612109742,9.4,541.234375,False
1773598662.9828882,796,0,0,0,0,9.5057660000748,0.0,0.02574099926277995,4.6913119039954685,9.4,541.234375,False
1773598663.1959238,797,0,0,0,0,9.516655001789331,0.0,0.02568499985500239,4.6913119039954685,9.4,541.234375,False
1773598663.4085112,798,0,0,0,0,9.000984999147477,0.0,0.023111999325919896,4.6913119039954685,18.8,541.234375,False
1773598663.6215858,799,0,0,0,0,9.587099997588666,0.0,0.026388999685877934,4.6913119039954685,14.1,541.234375,False
1773598663.8348224,800,0,0,0,0,9.598655000445433,0.0,0.025018998712766916,4.6913119039954685,9.4,541.25,False
1773598664.047971,801,0,0,0,0,9.563858999172226,0.0,0.027314999897498637,4.694481261602442,9.4,541.25,False
1773598664.2610457,802,0,0,0,0,9.526174002530752,0.0,0.02537099862820469,4.694481261602442,9.4,541.25,False
1773598664.474246,803,0,0,0,0,9.565765998559073,0.0,0.025037999876076356,4.694481261602442,14.1,541.25,False
1773598664.6872509,804,0,0,0,0,9.488526000495767,0.0,0.02577800114522688,4.694481261602442,9.4,541.25,False
1773598664.900286,805,0,0,0,0,9.46067300174036,0.0,0.02570400101831183,4.694481261602442,14.1,541.25,False
1773598665.1132438,806,0,0,0,0,9.39754299906781,0.0,0.02463000055286102,4.693589250064904,9.4,541.25,False
1773598665.3262074,807,0,0,0,0,9.48004399833735,0.0,0.024778000806691125,4.693589250064904,9.4,541.25,False
1773598665.5392315,808,0,0,0,0,9.47174700195319,0.0,0.0259810003626626,4.693589250064904,18.8,541.25,False
1773598665.7522829,809,0,0,0,0,9.553302999847801,0.0,0.02666700311237946,4.693589250064904,9.4,541.25,False
1773598665.9654078,810,0,0,0,0,9.60167400262435,0.0,0.025036999431904405,4.693589250064904,9.4,541.25,False
1773598666.1785667,811,0,0,0,0,9.4976360014698,0.0,0.025592999008949846,4.693502063357462,9.4,541.25,False
1773598666.3917718,812,0,0,0,0,9.540655999444425,0.0,0.024480999854858965,4.693502063357462,9.4,541.25,False
1773598666.604777,813,0,0,0,0,9.412153998709982,0.0,0.025388999347342178,4.693502063357462,18.8,541.25,False
1773598666.817975,814,0,0,0,0,9.516803998849355,0.0,0.025834000553004444,4.693502063357462,9.4,541.25,False
1773598667.0310118,815,0,0,0,0,9.453433001908707,0.0,0.0243520007643383,4.693502063357462,9.4,541.25,False
1773598667.2439675,816,0,0,0,0,9.450598998228088,0.0,0.024240998754976317,4.693079831401523,14.1,541.25,False
1773598667.4570947,817,0,0,0,0,9.449599001527531,0.0,0.025167002604575828,4.693079831401523,9.4,541.25,False
1773598667.6701114,818,0,0,0,0,9.3797839981562,0.0,0.024462999135721475,4.693079831401523,18.8,541.25,False
1773598667.8830554,819,0,0,0,0,9.402691997820511,0.0,0.024517998099327087,4.693079831401523,9.4,541.25,False
1773598668.0960438,820,0,0,0,0,9.401246999914292,0.0,0.025833000108832493,4.693079831401523,9.4,541.25,False
1773598668.3090837,821,0,0,0,0,9.451062000152888,0.0,0.024982000468298793,4.694302622015601,9.4,541.25,False
1773598668.522143,822,0,0,0,0,9.432302002096549,0.0,0.02627800131449476,4.694302622015601,9.4,541.25,False
1773598668.7352607,823,0,0,0,0,9.453006998228375,0.0,0.02651899922057055,4.694302622015601,18.8,541.25,False
1773598668.948368,824,0,0,0,0,9.49482100259047,0.0,0.02490800034138374,4.694302622015601,9.4,541.265625,False
1773598669.1614497,825,0,0,0,0,9.486654998909216,0.0,0.02594399848021567,4.694302622015601,9.4,541.265625,False
1773598669.3745084,826,0,0,0,0,9.456672996748239,0.0,0.025851997634163126,4.6929811115047135,9.4,541.265625,False
1773598669.5876014,827,0,0,0,0,9.493285000644391,0.0,0.029277001885930076,4.6929811115047135,9.4,541.265625,False
1773598669.8007135,828,0,0,0,0,9.43387699953746,0.0,0.02622199826873839,4.6929811115047135,18.8,541.265625,False
1773598670.013743,829,0,0,0,0,9.520376999716973,0.0,0.02600000152597204,4.6929811115047135,9.4,541.265625,False
1773598670.2268326,830,0,0,0,0,9.482654997555073,0.0,0.02633300027810037,4.6929811115047135,9.4,541.265625,False
1773598670.439845,831,0,0,0,0,9.423524999874644,0.0,0.0262039975496009,4.693364462012016,9.4,541.265625,False
1773598670.6537683,832,0,0,0,0,10.333956997783389,0.0,0.026186000468442217,4.693364462012016,9.3,541.265625,False
1773598670.8665779,833,0,0,0,0,9.259263999410905,0.0,0.025591998564777896,4.693364462012016,18.8,541.265625,False
1773598671.0796933,834,0,0,0,0,9.45382099962444,0.0,0.026407000405015424,4.693364462012016,9.4,541.265625,False
1773598671.2928202,835,0,0,0,0,9.489951000432484,0.0,0.02592599776107818,4.693364462012016,9.4,541.265625,False
1773598671.5058317,836,0,0,0,0,9.521692001726478,0.0,0.025036999431904405,4.690462009452262,14.1,541.265625,False
1773598671.718856,837,0,0,0,0,9.434468996914802,0.0,0.026629997591953725,4.690462009452262,9.4,541.265625,False
1773598671.9314096,838,0,0,0,0,8.92792900049244,0.0,0.026462999812792987,4.690462009452262,18.8,541.265625,False
1773598672.1444316,839,0,0,0,0,9.464172999287257,0.0,0.026573998184176162,4.690462009452262,9.4,541.265625,False
1773598672.3575747,840,0,0,0,0,9.465729002840817,0.0,0.02622199826873839,4.690462009452262,9.4,541.265625,False
1773598672.5706558,841,0,0,0,0,9.494803001871333,0.0,0.026091998734045774,4.69562592836566,9.4,541.265625,False
1773598672.7837029,842,0,0,0,0,9.439580000616843,0.0,0.025795998226385564,4.69562592836566,9.4,541.265625,False
1773598672.996611,843,0,0,0,0,9.40128399815876,0.0,0.025556000764481723,4.69562592836566,14.1,541.265625,False
1773598673.2095993,844,0,0,0,0,9.457599000597838,0.0,0.02599999788799323,4.69562592836566,14.1,541.265625,False
1773598673.4226263,845,0,0,0,0,9.499154999502935,0.0,0.025517998437862843,4.69562592836566,9.4,541.265625,False
1773598673.6356304,846,0,0,0,0,9.40267300029518,0.0,0.025833000108832493,4.694973116119067,9.4,541.265625,False
1773598673.848545,847,0,0,0,0,9.437043001526035,0.0,0.025575001927791163,4.694973116119067,9.4,541.265625,False
1773598674.061528,848,0,0,0,0,9.45008000053349,0.0,0.025536999601172283,4.694973116119067,18.8,541.265625,False
1773598674.2744844,849,0,0,0,0,9.428412999113789,0.0,0.025332999939564615,4.694973116119067,9.4,541.265625,False
1773598674.4874592,850,0,0,0,0,9.437191998586059,0.0,0.025591998564777896,4.694973116119067,14.1,541.265625,False
1773598674.7005398,851,0,0,0,0,9.456080999370897,0.0,0.026148998585995287,4.69534943338606,9.4,541.265625,False
1773598674.913477,852,0,0,0,0,9.475062001001788,0.0,0.02568499985500239,4.69534943338606,9.4,541.265625,False
1773598675.1259592,853,0,0,0,0,8.943002998421434,0.0,0.02331500218133442,4.69534943338606,18.8,541.265625,False
1773598675.3387752,854,0,0,0,0,9.403673000633717,0.0,0.02574099926277995,4.69534943338606,9.4,541.265625,False
1773598675.5517466,855,0,0,0,0,9.432284001377411,0.0,0.02651899922057055,4.69534943338606,9.4,541.265625,False
1773598675.7646453,856,0,0,0,0,9.40767300198786,0.0,0.025369998184032738,4.698775852596843,9.4,541.265625,False
1773598675.9775603,857,0,0,0,0,9.45396899987827,0.0,0.025240999093512073,4.698775852596843,9.4,541.265625,False
1773598676.190426,858,0,0,0,0,9.380876002978766,0.0,0.025352001102874056,4.698775852596843,18.8,541.28125,False
1773598676.4035408,859,0,0,0,0,9.528432998195058,0.0,0.025852001272141933,4.698775852596843,9.4,541.28125,False
1773598676.6165662,860,0,0,0,0,9.460135999688646,0.0,0.025426001229789108,4.698775852596843,9.4,541.28125,False
1773598676.829411,861,0,0,0,0,9.406061999470694,0.0,0.02546299947425723,4.695764713785112,9.4,541.28125,False
1773598677.042498,862,0,0,0,0,9.463228001550306,0.0,0.02733399742282927,4.695764713785112,9.4,541.28125,False
1773598677.2553833,863,0,0,0,0,9.338282998214709,0.0,0.025074001314351335,4.695764713785112,18.8,541.28125,False
1773598677.468323,864,0,0,0,0,9.417691999260569,0.0,0.025074001314351335,4.695764713785112,9.4,541.28125,False
1773598677.6812856,865,0,0,0,0,9.474655002122745,0.0,0.026723002520157024,4.695764713785112,9.4,541.28125,False
1773598677.8943307,866,0,0,0,0,9.508173003268894,0.0,0.024740998924244195,4.695197007112808,9.4,541.28125,False
1773598678.1072311,867,0,0,0,0,9.433209997951053,0.0,0.02464800127199851,4.695197007112808,9.4,541.28125,False
1773598678.3200796,868,0,0,0,0,9.382079999340931,0.0,0.026981997507391497,4.695197007112808,18.8,541.28125,False
1773598678.5331342,869,0,0,0,0,9.569137000653427,0.0,0.02548200063756667,4.695197007112808,9.4,541.28125,False
1773598678.7460759,870,0,0,0,0,9.474931997829117,0.0,0.02516699896659702,4.695197007112808,14.1,541.28125,False
1773598678.95907,871,0,0,0,0,9.403413001564331,0.0,0.024148001102730632,4.696013917286729,9.4,541.28125,False
1773598679.1719854,872,0,0,0,0,9.44835800328292,0.0,0.02490800034138374,4.696013917286729,9.4,541.28125,False
1773598679.3849835,873,0,0,0,0,9.440062000066973,0.0,0.02518499968573451,4.696013917286729,18.8,541.28125,False
1773598679.5980878,874,0,0,0,0,9.51543300107005,0.0,0.026112000341527164,4.696013917286729,9.4,541.28125,False
1773598679.8109891,875,0,0,0,0,9.4395070009341,0.0,0.02520400084904395,4.696013917286729,9.4,541.28125,False
1773598680.023969,876,0,0,0,0,9.446543001104146,0.0,0.024796998332021758,4.695274795836397,9.4,541.28125,False
1773598680.2369804,877,0,0,0,0,9.458877000724897,0.0,0.024388999008806422,4.695274795836397,9.4,541.28125,False
1773598680.4498522,878,0,0,0,0,9.417394998308737,0.0,0.026629997591953725,4.695274795836397,18.8,541.28125,False
1773598680.6628544,879,0,0,0,0,9.473413996602176,0.0,0.025777997507248074,4.695274795836397,9.4,541.28125,False
1773598680.8758087,880,0,0,0,0,9.473506001086207,0.0,0.02711100023589097,4.695274795836397,9.4,541.28125,False
1773598681.0887797,881,0,0,0,0,9.450023997487733,0.0,0.02653699993970804,4.69568585742674,9.4,541.28125,False
1773598681.3017006,882,0,0,0,0,9.46289599960437,0.0,0.02518499968573451,4.69568585742674,9.4,541.28125,False
1773598681.514649,883,0,0,0,0,9.405857999809086,0.0,0.02550100180087611,4.69568585742674,18.8,541.28125,False
1773598681.7275207,884,0,0,0,0,9.40454300143756,0.0,0.025592999008949846,4.69568585742674,9.4,541.28125,False
1773598681.9405818,885,0,0,0,0,9.433117000298807,0.0,0.025110999558819458,4.69568585742674,9.4,541.296875,False
1773598682.1535184,886,0,0,0,0,9.47848799842177,0.0,0.024889002816053107,4.695982371077532,9.4,541.296875,False
1773598682.366516,887,0,0,0,0,9.440227997401962,0.0,0.02603699977044016,4.695982371077532,9.4,541.296875,False
1773598682.5795004,888,0,0,0,0,9.431968999706442,0.0,0.0256669991358649,4.695982371077532,18.8,541.296875,False
1773598682.7926412,889,0,0,0,0,9.544210999592906,0.0,0.026166999305132776,4.695982371077532,9.4,541.296875,False
1773598683.0055473,890,0,0,0,0,9.44461700055399,0.0,0.026815003366209567,4.695982371077532,9.4,541.296875,False
1773598683.2185593,891,0,0,0,0,9.459377000894165,0.0,0.02570400101831183,4.6946704242201465,14.1,541.296875,False
1773598683.4315078,892,0,0,0,0,9.448655000596773,0.0,0.024611003027530387,4.6946704242201465,9.4,541.296875,False
1773598683.6443584,893,0,0,0,0,9.313950002251659,0.0,0.025852001272141933,4.6946704242201465,14.1,541.296875,False
1773598683.8573842,894,0,0,0,0,9.480877000896726,0.0,0.025001001631608233,4.6946704242201465,9.4,541.296875,False
1773598684.0703576,895,0,0,0,0,9.493024997937027,0.0,0.024518998543499038,4.6946704242201465,14.1,541.3125,False
1773598684.2833014,896,0,0,0,0,9.42059900262393,0.0,0.025240999093512073,4.696008659555764,9.4,541.3125,False
1773598684.4963672,897,0,0,0,0,9.597748001397122,0.0,0.025314999220427126,4.696008659555764,9.4,541.3125,False
1773598684.7092793,898,0,0,0,0,9.42422899970552,0.0,0.02566599869169295,4.696008659555764,18.8,541.3125,False
1773598684.922173,899,0,0,0,0,9.458709999307757,0.0,0.024704000679776073,4.696008659555764,9.4,541.3125,False
1773598685.1351218,900,0,0,0,0,9.420524998859037,0.0,0.025610999728087336,4.696008659555764,9.4,541.3125,False
1773598685.3479767,901,0,0,0,0,9.390283998072846,0.0,0.025869998353300616,4.696273663853585,9.4,541.3125,False
1773598685.5612104,902,0,0,0,0,9.484117999818409,0.0,0.025334000383736566,4.696273663853585,9.4,541.3125,False
1773598685.7740636,903,0,0,0,0,9.39033900067443,0.0,0.025499997718725353,4.696273663853585,18.8,541.3125,False
1773598685.9870114,904,0,0,0,0,9.40735800031689,0.0,0.025297002139268443,4.696273663853585,9.4,541.3125,False
1773598686.1999524,905,0,0,0,0,9.424135998415295,0.0,0.025240999093512073,4.696273663853585,9.4,541.3125,False
1773598686.4128733,906,0,0,0,0,9.449524997762637,0.0,0.025389002985320985,4.69526533490801,9.4,541.3125,False
1773598686.6259081,907,0,0,0,0,9.43045100211748,0.0,0.024944998585851863,4.69526533490801,9.4,541.3125,False
1773598686.8382258,908,0,0,0,0,8.89033600105904,0.0,0.024684999516466632,4.69526533490801,18.8,541.3125,False
1773598687.0511856,909,0,0,0,0,9.4979700006661,0.0,0.025834000553004444,4.69526533490801,9.4,541.3125,False
1773598687.2641335,910,0,0,0,0,9.42450599904987,0.0,0.02548100019339472,4.69526533490801,9.4,541.3125,False
1773598687.4770644,911,0,0,0,0,9.440858000743901,0.0,0.025591998564777896,4.6984168804549045,9.4,541.3125,False
1773598687.6900225,912,0,0,0,0,9.446840002055978,0.0,0.024760000087553635,4.6984168804549045,14.1,541.3125,False
1773598687.9028509,913,0,0,0,0,9.370951000164496,0.0,0.02568600029917434,4.6984168804549045,14.1,541.3125,False
1773598688.1158662,914,0,0,0,0,9.459025000978727,0.0,0.025407000066479668,4.6984168804549045,9.4,541.3125,False
1773598688.3288066,915,0,0,0,0,9.37317200077814,0.0,0.02494400177965872,4.6984168804549045,9.4,541.3125,False
1773598688.5417626,916,0,0,0,0,9.378784001455642,0.0,0.024871002096915618,4.696188480638976,14.1,541.3125,False
1773598688.754703,917,0,0,0,0,9.371246997034177,0.0,0.024574001145083457,4.696188480638976,9.4,541.3125,False
1773598688.9676373,918,0,0,0,0,9.386858000652865,0.0,0.024777997168712318,4.696188480638976,14.1,541.3125,False
1773598689.181671,919,0,0,0,0,9.429876001377124,0.0,0.025332999939564615,4.696188480638976,9.4,541.3125,False
1773598689.394639,920,0,0,0,0,9.43713600281626,0.0,0.02570400101831183,4.696188480638976,9.3,541.3125,False
1773598689.60763,921,0,0,0,0,9.480895998422056,0.0,0.02568499985500239,4.691046410032609,14.1,541.3125,False
1773598689.8206158,922,0,0,0,0,9.428690998902312,0.0,0.02564899841672741,4.691046410032609,9.4,541.3125,False
1773598690.0336452,923,0,0,0,0,9.498210001765983,0.0,0.024832999770296738,4.691046410032609,18.8,541.3125,False
1773598690.2465177,924,0,0,0,0,9.420672999112867,0.0,0.025481996999587864,4.691046410032609,9.4,541.3125,False
1773598690.4594316,925,0,0,0,0,9.394431999680819,0.0,0.024462999135721475,4.691046410032609,9.4,541.3125,False
1773598690.6723588,926,0,0,0,0,9.464303002459928,0.0,0.025110999558819458,4.696042309237389,9.4,541.3125,False
1773598690.8852968,927,0,0,0,0,9.433895000256598,0.0,0.02431499888189137,4.696042309237389,14.1,541.3125,False
1773598691.0981774,928,0,0,0,0,9.414561998710269,0.0,0.02496300294296816,4.696042309237389,14.1,541.3125,False
1773598691.3111365,929,0,0,0,0,9.45180199778406,0.0,0.02522200156818144,4.696042309237389,14.1,541.3125,False
1773598691.5242794,930,0,0,0,0,9.53898900115746,0.0,0.023982000129763037,4.696042309237389,9.4,541.3125,False
1773598691.737354,931,0,0,0,0,9.432672999537317,0.0,0.026296998839825392,4.694842785655553,9.4,541.3125,False
1773598691.9502037,932,0,0,0,0,9.398266000061994,0.0,0.024574001145083457,4.694842785655553,9.4,541.3125,False
1773598692.163052,933,0,0,0,0,9.292022998124594,0.0,0.02516699896659702,4.694842785655553,14.1,541.3125,False
1773598692.3759248,934,0,0,0,0,9.392635998665355,0.0,0.02666700311237946,4.694842785655553,14.1,541.3125,False
1773598692.5888743,935,0,0,0,0,9.403821000887547,0.0,0.025814999389695004,4.694842785655553,4.7,541.3125,False
1773598692.8018823,936,0,0,0,0,9.47489600002882,0.0,0.025000001187436283,4.696924733933012,9.4,541.3125,False
1773598693.0147235,937,0,0,0,0,9.393080003064824,0.0,0.025074001314351335,4.696924733933012,14.1,541.3125,False
1773598693.227602,938,0,0,0,0,9.385875997395488,0.0,0.02520400084904395,4.696924733933012,18.8,541.3125,False
1773598693.4405835,939,0,0,0,0,9.443598999496317,0.0,0.024462999135721475,4.696924733933012,9.4,541.3125,False
1773598693.6535704,940,0,0,0,0,9.457747000851668,0.0,0.02655600110301748,4.696924733933012,9.4,541.3125,False
1773598693.8665714,941,0,0,0,0,9.412340001290431,0.0,0.025278000975959003,4.696203203442827,9.4,541.3125,False
1773598694.0795422,942,0,0,0,0,9.37789499948849,0.0,0.025203997211065143,4.696203203442827,9.4,541.3125,False
1773598694.292407,943,0,0,0,0,9.33183799861581,0.0,0.024574001145083457,4.696203203442827,14.1,541.3125,False
1773598694.5053356,944,0,0,0,0,9.467340001720004,0.0,0.025630000891396776,4.696203203442827,14.1,541.3125,False
1773598694.7183383,945,0,0,0,0,9.417691002454376,0.0,0.02429699816275388,4.696203203442827,9.4,541.3125,False
1773598694.9312747,946,0,0,0,0,9.402265000971965,0.0,0.024778000806691125,4.696172706308717,9.4,541.3125,False
1773598695.144178,947,0,0,0,0,9.426061998965451,0.0,0.025889999960782006,4.696172706308717,9.4,541.3125,False
1773598695.357045,948,0,0,0,0,9.38708000103361,0.0,0.02461099938955158,4.696172706308717,18.8,541.3125,False
1773598695.570021,949,0,0,0,0,9.477117997448659,0.0,0.02418500298517756,4.696172706308717,9.4,541.3125,False
1773598695.7829633,950,0,0,0,0,9.416431999852648,0.0,0.025167002604575828,4.696172706308717,9.4,541.3125,False
1773598695.9957972,951,0,0,0,0,9.373246000905056,0.0,0.024814999051159248,4.696938409391942,9.4,541.3125,False
1773598696.2088244,952,0,0,0,0,9.398414000315825,0.0,0.025130000722128898,4.696938409391942,9.4,541.3125,False
1773598696.4217925,953,0,0,0,0,9.368912997160805,0.0,0.025055000151041895,4.696938409391942,18.8,541.3125,False
1773598696.6348507,954,0,0,0,0,9.441766000236385,0.0,0.024760000087553635,4.696938409391942,9.4,541.3125,False
1773598696.8477547,955,0,0,0,0,9.462377001909772,0.0,0.024703000235604122,4.696938409391942,9.4,541.3125,False
1773598697.0607781,956,0,0,0,0,9.355283000331838,0.0,0.025408000510651618,4.694909001035178,14.1,541.3125,False
1773598697.27376,957,0,0,0,0,9.394561999215512,0.0,0.02437100192764774,4.694909001035178,9.4,541.3125,False
1773598697.4868221,958,0,0,0,0,9.478357998887077,0.0,0.025907000235747546,4.694909001035178,18.8,541.3125,False
1773598697.6998,959,0,0,0,0,9.44761799837579,0.0,0.024574001145083457,4.694909001035178,9.4,541.3125,False
1773598697.9128726,960,0,0,0,0,9.45895000040764,0.0,0.02564799797255546,4.694909001035178,9.4,541.3125,False
1773598698.1258214,961,0,0,0,0,9.48565499857068,0.0,0.025334000383736566,4.694678831801424,9.4,541.3125,False
1773598698.3388739,962,0,0,0,0,9.509524999884889,0.0,0.02514899824745953,4.694678831801424,9.4,541.3125,False
1773598698.5518777,963,0,0,0,0,9.460672998102382,0.0,0.026369998522568494,4.694678831801424,18.8,541.3125,False
1773598698.7649767,964,0,0,0,0,9.501321001152974,0.0,0.025814999389695004,4.694678831801424,9.4,541.3125,False
1773598698.9781554,965,0,0,0,0,9.586896001565037,0.0,0.02438900264678523,4.694678831801424,9.4,541.3125,False
1773598699.1910448,966,0,0,0,0,9.387042999151163,0.0,0.024297001800732687,4.693949586114079,9.4,541.3125,False
1773598699.404197,967,0,0,0,0,9.475506001763279,0.0,0.025314999220427126,4.693949586114079,9.4,541.328125,False
1773598699.617086,968,0,0,0,0,9.335487000498688,0.0,0.025870998797472566,4.693949586114079,18.8,541.328125,False
1773598699.8301206,969,0,0,0,0,9.461451001698151,0.0,0.024758999643381685,4.693949586114079,9.4,541.328125,False
1773598700.043099,970,0,0,0,0,9.397598001669394,0.0,0.024740998924244195,4.693949586114079,9.4,541.34375,False
1773598700.2560923,971,0,0,0,0,9.390431998326676,0.0,0.025556000764481723,4.694573739199849,14.1,541.359375,False
1773598700.469151,972,0,0,0,0,9.446099000342656,0.0,0.024723001843085513,4.694573739199849,9.4,541.359375,False
1773598700.6821566,973,0,0,0,0,9.534229000564665,0.0,0.025352001102874056,4.694573739199849,18.8,541.359375,False
1773598700.8951633,974,0,0,0,0,9.476229002757464,0.0,0.024443997972412035,4.694573739199849,9.4,541.359375,False
1773598701.1082792,975,0,0,0,0,9.50765499874251,0.0,0.025574998289812356,4.694573739199849,9.4,541.359375,False
1773598701.3213148,976,0,0,0,0,9.48519200028386,0.0,0.025871002435451373,4.693838222710846,9.4,541.359375,False
1773598701.5343359,977,0,0,0,0,9.467803000006825,0.0,0.025445002393098548,4.693838222710846,9.4,541.359375,False
1773598701.7471642,978,0,0,0,0,9.379617000377038,0.0,0.02520400084904395,4.693838222710846,18.8,541.359375,False
1773598701.9601524,979,0,0,0,0,9.466969000641257,0.0,0.025907000235747546,4.693838222710846,9.4,541.359375,False
1773598702.173079,980,0,0,0,0,9.420710000995314,0.0,0.025334000383736566,4.693838222710846,9.4,541.359375,False
1773598702.3860426,981,0,0,0,0,9.437413998966804,0.0,0.02622299871291034,4.696040206118159,9.4,541.359375,False
1773598702.5989873,982,0,0,0,0,9.472524998273002,0.0,0.025574001483619213,4.696040206118159,9.4,541.359375,False
1773598702.811958,983,0,0,0,0,9.389394999743672,0.0,0.02566599869169295,4.696040206118159,18.8,541.359375,False
1773598703.024864,984,0,0,0,0,9.43811799879768,0.0,0.024778000806691125,4.696040206118159,9.4,541.359375,False
1773598703.2378159,985,0,0,0,0,9.413414001755882,0.0,0.0248889991780743,4.696040206118159,9.4,541.359375,False
1773598703.450708,986,0,0,0,0,9.399876002134988,0.0,0.023723001504549757,4.696337816215635,9.4,541.359375,False
1773598703.6636403,987,0,0,0,0,9.450950001337333,0.0,0.02544399831094779,4.696337816215635,9.4,541.359375,False
1773598703.8762183,988,0,0,0,0,9.006077998492401,0.0,0.025110999558819458,4.696337816215635,18.8,541.359375,False
1773598704.0891888,989,0,0,0,0,9.483321002335288,0.0,0.024165998183889315,4.696337816215635,9.4,541.359375,False
1773598704.302216,990,0,0,0,0,9.443822000321234,0.0,0.02459299867041409,4.696337816215635,9.4,541.359375,False
1773598704.5151055,991,0,0,0,0,9.421784001460765,0.0,0.02622299871291034,4.697505485065726,14.1,541.359375,False
1773598704.727998,992,0,0,0,0,9.433672999875853,0.0,0.026204001187579706,4.697505485065726,9.4,541.359375,False
1773598704.9410925,993,0,0,0,0,9.569876998284599,0.0,0.024480999854858965,4.697505485065726,18.8,541.359375,False
1773598705.1540434,994,0,0,0,0,9.44200700178044,0.0,0.025834000553004444,4.697505485065726,9.4,541.359375,False
1773598705.366972,995,0,0,0,0,9.384319997479906,0.0,0.025092998839681968,4.697505485065726,9.4,541.359375,False
1773598705.5799325,996,0,0,0,0,9.451395002542995,0.0,0.023759002942824736,4.695553384706771,9.4,541.359375,False
1773598705.792859,997,0,0,0,0,9.435525000299094,0.0,0.025018001906573772,4.695553384706771,9.4,541.359375,False
1773598706.0057545,998,0,0,0,0,9.454709997953614,0.0,0.024684999516466632,4.695553384706771,18.8,541.359375,False
1773598706.218695,999,0,0,0,0,9.42139499966288,0.0,0.025258999812649563,4.695553384706771,9.4,541.359375,False
1773598706.431614,1000,0,0,0,0,9.361006003018701,0.0,0.02625900015118532,4.695553384706771,9.4,541.359375,False
1773598706.644673,1001,0,0,0,0,9.45511799727683,0.0,0.024944998585851863,4.696115919597216,9.4,541.359375,False
1773598706.8576217,1002,0,0,0,0,9.43232099962188,0.0,0.025074001314351335,4.696115919597216,9.4,541.359375,False
1773598707.0705667,1003,0,0,0,0,9.29665399962687,0.0,0.027037000108975917,4.696115919597216,18.8,541.359375,False
1773598707.283583,1004,0,0,0,0,9.391060997586465,0.0,0.027018999389838427,4.696115919597216,9.4,541.359375,False
1773598707.496476,1005,0,0,0,0,9.413987998414086,0.0,0.025556000764481723,4.696115919597216,9.4,541.359375,False
1773598707.7095232,1006,0,0,0,0,9.502469998551533,0.0,0.026666999474400654,4.695454560720231,9.4,541.359375,False
1773598707.9224706,1007,0,0,0,0,9.456543997657718,0.0,0.025517998437862843,4.695454560720231,9.4,541.359375,False
1773598708.135479,1008,0,0,0,0,9.427413002413232,0.0,0.025536999601172283,4.695454560720231,18.8,541.359375,False
1773598708.3484325,1009,0,0,0,0,9.487487997830613,0.0,0.02744400262599811,4.695454560720231,9.4,541.359375,False
1773598708.561462,1010,0,0,0,0,9.511302996543236,0.0,0.025610999728087336,4.695454560720231,9.4,541.359375,False
1773598708.7744362,1011,0,0,0,0,9.40504399841302,0.0,0.025055000151041895,4.695234849953678,9.4,541.359375,False
1773598708.9873633,1012,0,0,0,0,9.351190998131642,0.0,0.024128999939421192,4.695234849953678,14.1,541.359375,False
1773598709.2002513,1013,0,0,0,0,9.344357000372838,0.0,0.02463000055286102,4.695234849953678,14.1,541.359375,False
1773598709.4131174,1014,0,0,0,0,9.375190998980543,0.0,0.02268499883939512,4.695234849953678,9.4,541.359375,False
1773598709.6260054,1015,0,0,0,0,9.359097999549704,0.0,0.022795997210778296,4.695234849953678,14.1,541.359375,False
1773598709.8388226,1016,0,0,0,0,9.357135997561272,0.0,0.023388998670270666,4.697542312895913,9.4,541.359375,False
1773598710.051767,1017,0,0,0,0,9.39472800018848,0.0,0.02348099951632321,4.697542312895913,9.4,541.359375,False
1773598710.2646694,1018,0,0,0,0,9.395838998898398,0.0,0.023167001927504316,4.697542312895913,18.8,541.359375,False
1773598710.477589,1019,0,0,0,0,9.378542999911588,0.0,0.02351900184294209,4.697542312895913,9.4,541.359375,False
1773598710.6904702,1020,0,0,0,0,9.350375999929383,0.0,0.02385200059507042,4.697542312895913,9.4,541.359375,False
1773598710.9033742,1021,0,0,0,0,9.251412000594428,0.0,0.02385200059507042,4.696770101592486,9.4,541.359375,False
1773598711.1161854,1022,0,0,0,0,9.287671997299185,0.0,0.023389002308249474,4.696770101592486,9.4,541.359375,False
1773598711.329057,1023,0,0,0,0,9.208522998960689,0.0,0.022740998247172683,4.696770101592486,18.8,541.359375,False
1773598711.542001,1024,0,0,0,0,9.366116999444785,0.0,0.02324100205441937,4.696770101592486,9.4,541.359375,False
1773598711.7548277,1025,0,0,0,0,9.280598002078477,0.0,0.025278000975959003,4.696770101592486,9.4,541.359375,False
1773598711.967687,1026,0,0,0,0,9.248430997104151,0.0,0.023592998331878334,4.697891679890897,9.4,541.359375,False
1773598712.1805606,1027,0,0,0,0,9.321802001068136,0.0,0.023184999008663,4.697891679890897,9.4,541.359375,False
1773598712.393349,1028,0,0,0,0,9.21646799906739,0.0,0.02268599928356707,4.697891679890897,18.8,541.359375,False
1773598712.6062274,1029,0,0,0,0,9.420636000868399,0.0,0.02298199979122728,4.697891679890897,9.4,541.359375,False
1773598712.8192067,1030,0,0,0,0,9.370320000016363,0.0,0.02327800029888749,4.697891679890897,9.4,541.359375,False
1773598713.032144,1031,0,0,0,0,9.385153996845474,0.0,0.023610999051015824,4.697247706422019,14.1,541.359375,False
1773598713.2451384,1032,0,0,0,0,9.442729002330452,0.0,0.025093002477660775,4.697247706422019,9.4,541.359375,False
1773598713.4580193,1033,0,0,0,0,9.356709000712726,0.0,0.02325899913557805,4.697247706422019,18.8,541.359375,False
1773598713.670952,1034,0,0,0,0,9.397247002198128,0.0,0.023869997676229104,4.697247706422019,4.7,541.359375,False
1773598713.883863,1035,0,0,0,0,9.37602499834611,0.0,0.023111002519726753,4.697247706422019,9.4,541.359375,False
1773598714.0967884,1036,0,0,0,0,9.354265002912143,0.0,0.039629998354939744,4.696379884289766,9.4,541.359375,False
1773598714.3096216,1037,0,0,0,0,9.367635000671726,0.0,0.02375999974901788,4.696379884289766,14.1,541.359375,False
1773598714.5224128,1038,0,0,0,0,9.338191001006635,0.0,0.02212999970652163,4.696379884289766,14.1,541.375,False
1773598714.7352922,1039,0,0,0,0,9.388172999024391,0.0,0.023704000341240317,4.696379884289766,9.4,541.375,False
1773598714.9481897,1040,0,0,0,0,9.353801997349365,0.0,0.024408000172115862,4.696379884289766,14.1,541.375,False
1773598715.1610146,1041,0,0,0,0,9.358561001135968,0.0,0.022574000468011945,4.698275833099407,9.4,541.375,False
1773598715.3738732,1042,0,0,0,0,9.31893099914305,0.0,0.02325899913557805,4.698275833099407,9.4,541.375,False
1773598715.5864036,1043,0,0,0,0,8.81159499840578,0.0,0.02266699812025763,4.698275833099407,18.8,541.375,False
1773598715.799361,1044,0,0,0,0,9.38754299932043,0.0,0.023055999918142334,4.698275833099407,9.4,541.375,False
1773598716.0123463,1045,0,0,0,0,9.384764998685569,0.0,0.02353699892410077,4.698275833099407,14.1,541.375,False
1773598716.2252467,1046,0,0,0,0,9.3661909995717,0.0,0.02318599945283495,4.698233731052447,9.4,541.375,False
1773598716.43817,1047,0,0,0,0,9.329005999461515,0.0,0.023054999473970383,4.698233731052447,9.4,541.375,False
1773598716.6519225,1048,0,0,0,0,10.316975000023376,0.0,0.021796000510221347,4.698233731052447,14.0,541.375,False
1773598716.864855,1049,0,0,0,0,9.399894999660319,0.0,0.02285199661855586,4.698233731052447,9.4,541.375,False
1773598717.0776513,1050,0,0,0,0,9.352524997666478,0.0,0.02268499883939512,4.698233731052447,14.1,541.375,False
1773598717.290564,1051,0,0,0,0,9.361301999888383,0.0,0.022796997654950246,4.693452694007721,9.4,541.375,False
1773598717.5033493,1052,0,0,0,0,9.310932000516914,0.0,0.02329700146219693,4.693452694007721,9.4,541.375,False
1773598717.716287,1053,0,0,0,0,9.357562001241604,0.0,0.024999997549457476,4.693452694007721,18.8,541.375,False
1773598717.9292579,1054,0,0,0,0,9.421525002835551,0.0,0.023370001144940034,4.693452694007721,4.7,541.375,False
1773598718.142149,1055,0,0,0,0,9.330708999186754,0.0,0.02350000067963265,4.693452694007721,9.4,541.390625,False
1773598718.3550227,1056,0,0,0,0,9.413062001840444,0.0,0.02353699892410077,4.6972350812560535,14.1,541.390625,False
1773598718.5679665,1057,0,0,0,0,9.342153996840352,0.0,0.022574000468011945,4.6972350812560535,9.4,541.390625,False
1773598718.7809029,1058,0,0,0,0,9.393377000378678,0.0,0.023630000214325264,4.6972350812560535,18.8,541.390625,False
1773598718.9937267,1059,0,0,0,0,9.334245998616097,0.0,0.022184998670127243,4.6972350812560535,4.7,541.390625,False
1773598719.2064278,1060,0,0,0,0,9.28572799966787,0.0,0.02290799966431223,4.6972350812560535,9.4,541.390625,False
