timestamp,frame_index,motion_regions,yolo_detections,confirmed_tracks,new_confirmations,time_mog2_ms,time_yolo_ms,time_tracker_ms,fps,cpu_percent,ram_mb,yolo_ran
1773598212.6826391,0,0,0,0,0,7.816588000423508,0.0,0.027592999686021358,0.0,0.0,426.578125,False
1773598212.893305,1,0,0,0,0,7.187733001046581,0.0,0.026222001906717196,0.0,9.5,431.484375,False
1773598213.103523,2,0,0,0,0,7.126918000722071,0.0,0.02074099757010117,0.0,9.5,434.109375,False
1773598213.3137674,3,0,0,0,0,7.148250999307493,0.0,0.021388997993199155,0.0,14.3,437.09375,False
1773598213.524036,4,0,0,0,0,7.090508999681333,0.0,0.022555002942681313,4.753956923249902,4.8,439.734375,False
1773598213.7342172,5,0,0,0,0,7.083546999638202,0.0,0.022629999875789508,4.753956923249902,9.5,442.359375,False
1773598213.944402,6,0,0,0,0,7.088102000125218,0.0,0.022258998797042295,4.753956923249902,9.5,444.984375,False
1773598214.1545718,7,0,0,0,0,7.068712999171112,0.0,0.021110998204676434,4.753956923249902,9.5,447.609375,False
1773598214.3647926,8,0,0,0,0,7.09663900124724,0.0,0.021425999875646085,4.753956923249902,9.5,450.234375,False
1773598214.5750182,9,0,0,0,0,7.150899000407662,0.0,0.021722000383306295,4.757412246057214,9.5,452.859375,False
1773598214.785225,10,0,0,0,0,7.139844001358142,0.0,0.02049999966402538,4.757412246057214,4.8,452.859375,False
1773598214.9954658,11,0,0,0,0,7.108675999916159,0.0,0.021518000721698627,4.757412246057214,9.5,452.859375,False
1773598215.2057889,12,0,0,0,0,7.103435000317404,0.0,0.0218700006371364,4.757412246057214,9.5,452.859375,False
1773598215.4160714,13,0,0,0,0,7.054527999571292,0.0,0.020925999706378207,4.757412246057214,14.3,452.859375,False
1773598215.6264062,14,0,0,0,0,7.088268001098186,0.0,0.021425999875646085,4.755634349291786,4.8,452.859375,False
1773598215.8367076,15,0,0,0,0,7.0709729989175685,0.0,0.020370000129332766,4.755634349291786,9.5,452.859375,False
1773598216.0468953,16,0,0,0,0,7.117731998732779,0.0,0.022111002181190997,4.755634349291786,4.8,452.859375,False
1773598216.2571192,17,0,0,0,0,7.074787001329241,0.0,0.021129999367985874,4.755634349291786,9.5,452.859375,False
1773598216.467418,18,0,0,0,0,7.055694000882795,0.0,0.021241001377347857,4.755634349291786,14.3,452.859375,False
1773598216.677585,19,0,0,0,0,7.05576800100971,0.0,0.020759998733410612,4.756564127082916,4.8,452.859375,False
1773598216.887806,20,0,0,0,0,7.098305999534205,0.0,0.022389001969713718,4.756564127082916,9.5,452.859375,False
1773598217.0981085,21,0,0,0,0,7.082916999934241,0.0,0.02240799949504435,4.756564127082916,9.5,452.859375,False
1773598217.3084025,22,0,0,0,0,7.075954003084917,0.0,0.02211099854321219,4.756564127082916,4.8,452.859375,False
1773598217.5187156,23,0,0,0,0,7.147379998059478,0.0,0.02159300129278563,4.756564127082916,14.3,452.859375,False
1773598217.7288733,24,0,0,0,0,7.096934998116922,0.0,0.021519001165870577,4.7560786988928685,9.5,452.859375,False
1773598217.9390786,25,0,0,0,0,7.071713000186719,0.0,0.021388997993199155,4.7560786988928685,4.8,452.859375,False
1773598218.1492631,26,0,0,0,0,7.097398000041721,0.0,0.021723000827478245,4.7560786988928685,9.5,452.859375,False
1773598218.3594198,27,0,0,0,0,7.075102003000211,0.0,0.021981999452691525,4.7560786988928685,4.8,452.859375,False
1773598218.5696943,28,0,0,0,0,7.1085279996623285,0.0,0.021129999367985874,4.7560786988928685,14.3,452.859375,False
1773598218.7798748,29,0,0,0,0,7.041861001198413,0.0,0.02105500243487768,4.7574046915000165,9.5,452.859375,False
1773598218.9901276,30,0,0,0,0,7.10162000177661,0.0,0.02094399678753689,4.7574046915000165,4.8,452.859375,False
1773598219.200389,31,0,0,0,0,7.030119999399176,0.0,0.02290799966431223,4.7574046915000165,9.5,452.859375,False
1773598219.4106698,32,0,0,0,0,7.097398000041721,0.0,0.0213330022234004,4.7574046915000165,9.5,452.859375,False
1773598219.6209192,33,0,0,0,0,7.0924360006756615,0.0,0.021129999367985874,4.7574046915000165,14.3,452.859375,False
1773598219.831092,34,0,0,0,0,7.041138000204228,0.0,0.02153699824702926,4.756392597802329,4.8,452.859375,False
1773598220.0436666,35,0,0,0,0,9.435543001018232,0.0,0.023667002096772194,4.756392597802329,9.4,452.859375,False
1773598220.2559714,36,0,0,0,0,8.861353999236599,0.0,0.024037002731347457,4.756392597802329,9.4,452.859375,False
1773598220.468677,37,0,0,0,0,9.280061000026762,0.0,0.025036999431904405,4.756392597802329,9.4,452.859375,False
1773598220.681316,38,0,0,0,0,9.123744999669725,0.0,0.023721997422399,4.756392597802329,18.8,452.859375,False
1773598220.8941627,39,0,0,0,0,9.40035799794714,0.0,0.02461099938955158,4.703568801248811,9.4,452.859375,False
1773598221.1070144,40,0,0,0,0,9.399988000950543,0.0,0.02568499985500239,4.703568801248811,9.4,452.859375,False
1773598221.3199558,41,0,0,0,0,9.41376600167132,0.0,0.02300000051036477,4.703568801248811,9.4,452.859375,False
1773598221.5328095,42,0,0,0,0,9.37989399972139,0.0,0.022610998712480068,4.703568801248811,9.4,454.171875,False
1773598221.7454376,43,0,0,0,0,9.267282999644522,0.0,0.023110998881747946,4.703568801248811,18.8,454.171875,False
1773598221.9581754,44,0,0,0,0,9.275542997784214,0.0,0.022815002012066543,4.699159097468329,9.4,454.171875,False
1773598222.170885,45,0,0,0,0,9.368969000206562,0.0,0.022889002138981596,4.699159097468329,9.4,454.171875,False
1773598222.383591,46,0,0,0,0,9.287079999921843,0.0,0.023630000214325264,4.699159097468329,9.4,454.171875,False
1773598222.59648,47,0,0,0,0,9.456283998588333,0.0,0.023093001800589263,4.699159097468329,14.1,454.171875,False
1773598222.8092961,48,0,0,0,0,9.302468002715614,0.0,0.02346299879718572,4.699159097468329,14.1,454.171875,False
1773598223.0221984,49,0,0,0,0,9.382876000017859,0.0,0.02286999733769335,4.699148567927913,14.1,454.171875,False
1773598223.2348733,50,0,0,0,0,9.290450001572026,0.0,0.02327699985471554,4.699148567927913,9.4,454.171875,False
1773598223.4477046,51,0,0,0,0,9.314819999417523,0.0,0.022333999368129298,4.699148567927913,9.4,454.171875,False
1773598223.6604748,52,0,0,0,0,9.396655001182808,0.0,0.023926000721985474,4.699148567927913,9.4,454.171875,False
1773598223.873336,53,0,0,0,0,9.333134999906179,0.0,0.022259999241214246,4.699148567927913,18.8,454.171875,False
1773598224.0860765,54,0,0,0,0,9.282375998736825,0.0,0.02190800296375528,4.699790956258584,9.4,454.171875,False
1773598224.2987127,55,0,0,0,0,9.261264000087976,0.0,0.02324099841644056,4.699790956258584,9.4,454.171875,False
1773598224.5115576,56,0,0,0,0,9.307450000051176,0.0,0.022963002265896648,4.699790956258584,9.4,454.171875,False
1773598224.724563,57,0,0,0,0,9.527543999865884,0.0,0.02657400182215497,4.699790956258584,9.4,454.171875,False
1773598224.9375124,58,0,0,0,0,9.486376999120694,0.0,0.024204000510508195,4.699790956258584,18.8,454.171875,False
1773598225.1503136,59,0,0,0,0,9.407690999069018,0.0,0.023944001441122964,4.698233731052447,9.4,454.171875,False
1773598225.3631845,60,0,0,0,0,9.397301997523755,0.0,0.024852000933606178,4.698233731052447,9.4,454.171875,False
1773598225.5760734,61,0,0,0,0,9.432562001165934,0.0,0.024944998585851863,4.698233731052447,9.4,454.171875,False
1773598225.7890122,62,0,0,0,0,9.452950998820597,0.0,0.02438900264678523,4.698233731052447,9.4,454.171875,False
1773598226.0014038,63,0,0,0,0,8.993318002467277,0.0,0.023407999833580106,4.698233731052447,18.8,454.171875,False
1773598226.2143135,64,0,0,0,0,9.40080199870863,0.0,0.025295998057117686,4.699260183457294,9.4,454.171875,False
1773598226.4272382,65,0,0,0,0,9.479322001425317,0.0,0.024962999304989353,4.699260183457294,9.4,454.171875,False
1773598226.640132,66,0,0,0,0,9.41950600099517,0.0,0.02537099862820469,4.699260183457294,9.4,454.171875,False
1773598226.8531396,67,0,0,0,0,9.54008099870407,0.0,0.025536999601172283,4.699260183457294,9.4,454.171875,False
1773598227.066012,68,0,0,0,0,9.393988002557307,0.0,0.025796998670557514,4.699260183457294,18.8,454.171875,False
1773598227.278925,69,0,0,0,0,9.457580003072508,0.0,0.02600000152597204,4.696578666133964,14.1,454.171875,False
1773598227.491818,70,0,0,0,0,9.428895002201898,0.0,0.024575001589255407,4.696578666133964,9.4,454.171875,False
1773598227.7046392,71,0,0,0,0,9.414580999873579,0.0,0.02490699989721179,4.696578666133964,9.4,454.171875,False
1773598227.917533,72,0,0,0,0,9.413395000592573,0.0,0.024222001229645684,4.696578666133964,9.4,454.171875,False
1773598228.13035,73,0,0,0,0,9.357579998322763,0.0,0.02385200059507042,4.696578666133964,18.8,454.171875,False
1773598228.3432026,74,0,0,0,0,9.387932001118315,0.0,0.025203997211065143,4.698030599279194,9.4,454.171875,False
1773598228.556448,75,0,0,0,0,9.67932200001087,0.0,0.024408000172115862,4.698030599279194,9.4,454.171875,False
1773598228.7699564,76,0,0,0,0,9.94495399936568,0.0,0.024462999135721475,4.698030599279194,9.4,454.171875,False
1773598228.9823117,77,0,0,0,0,8.90233600148349,0.0,0.024184999347198755,4.698030599279194,9.4,454.171875,False
1773598229.1947005,78,0,0,0,0,8.988485002191737,0.0,0.023962998966453597,4.698030599279194,18.8,454.171875,False
1773598229.407628,79,0,0,0,0,9.423858999070944,0.0,0.025352001102874056,4.697398161539811,9.4,454.171875,False
1773598229.6206412,80,0,0,0,0,9.498450999672059,0.0,0.025853001716313884,4.697398161539811,9.4,454.171875,False
1773598229.8334527,81,0,0,0,0,9.421931998076616,0.0,0.024760000087553635,4.697398161539811,9.4,454.171875,False
1773598230.0463428,82,0,0,0,0,9.400118000485236,0.0,0.02537099862820469,4.697398161539811,9.4,454.171875,False
1773598230.2593112,83,0,0,0,0,9.49922899962985,0.0,0.025408000510651618,4.697398161539811,18.8,454.171875,False
1773598230.4722009,84,0,0,0,0,9.401543000421952,0.0,0.025130000722128898,4.696716456016546,9.4,454.171875,False
1773598230.6851213,85,0,0,0,0,9.504284000286134,0.0,0.02550000135670416,4.696716456016546,9.4,454.171875,False
1773598230.89816,86,0,0,0,0,9.444322000490502,0.0,0.02485199729562737,4.696716456016546,9.4,454.171875,False
1773598231.1110864,87,0,0,0,0,9.39954300338286,0.0,0.025834000553004444,4.696716456016546,9.4,454.171875,False
1773598231.3240032,88,0,0,0,0,9.41950600099517,0.0,0.026407997211208567,4.696716456016546,18.8,454.171875,False
1773598231.5370624,89,0,0,0,0,9.573766998073552,0.0,0.02353699892410077,4.695419868179541,9.4,454.265625,False
1773598232.0857255,90,1,1,0,0,9.633748999476666,335.6057920027524,0.042723000660771504,4.695419868179541,123.9,497.3125,True
1773598232.5369308,91,1,1,1,1,7.129064997570822,240.70396699971752,0.04777799767907709,4.695419868179541,108.6,499.03125,True
1773598232.9888647,92,1,1,1,0,7.153954000386875,241.42900799779454,0.045278000470716506,1.8149589987033548,112.9,501.515625,True
1773598233.4399102,93,1,1,1,0,7.192269000370288,240.70111499895575,0.034704000427154824,1.8149589987033548,113.1,505.875,True
1773598233.8916311,94,1,1,1,0,7.517400998040102,240.9319680009503,0.03479700171737932,2.3949195299126265,112.9,509.046875,True
1773598234.342174,95,1,1,1,0,7.215603000076953,240.093500000512,0.03425999966566451,2.3949195299126265,113.2,511.109375,True
1773598234.8031552,96,1,1,1,0,7.243473999551497,250.49749399840948,0.0327220004692208,2.3949195299126265,112.8,513.71875,True
1773598235.253669,97,1,1,1,0,7.24623299902305,240.08716699972865,0.03285200000391342,1.973299346491943,111.0,516.34375,True
1773598235.7046976,98,1,1,1,0,7.224695000331849,240.5073909976636,0.033352000173181295,1.973299346491943,115.3,518.96875,True
1773598236.1565819,99,1,1,1,0,7.214288001705427,241.48789799801307,0.03292600013082847,2.3972729995404705,112.9,521.59375,True
1773598236.6082792,100,1,1,1,0,7.223473003250547,241.19878499914194,0.03368499892530963,2.3972729995404705,110.7,524.21875,True
1773598237.0602727,101,1,1,1,0,7.2341210034210235,241.5671199996723,0.03324100180179812,2.3972729995404705,112.8,526.84375,True
1773598237.5126774,102,1,1,1,0,7.281861999217654,241.79962199923466,0.03490800008876249,1.9885333377582974,112.7,529.46875,True
1773598237.9645457,103,1,1,1,0,7.1932509999896865,241.48541600152384,0.03331500192871317,1.9885333377582974,115.1,532.09375,True
1773598238.4158497,104,1,1,1,0,7.257954999658978,240.82996799916145,0.03781499981414527,2.393275577063423,113.0,535.328125,True
1773598238.8681402,105,1,1,1,0,7.221954998385627,241.83590000029653,0.03351899795234203,2.393275577063423,110.5,537.34375,True
1773598239.078581,106,0,0,1,0,7.13702800203464,0.0,0.02988900087075308,2.393275577063423,4.8,539.265625,False
1773598239.2889712,107,0,0,1,0,7.127046999812592,0.0,0.02959300036309287,2.393275577063423,9.5,541.890625,False
1773598239.4993997,108,0,0,1,0,7.140695000998676,0.0,0.031407998903887346,3.6916661220665583,14.3,544.515625,False
1773598239.7097528,109,0,0,1,0,7.090934999723686,0.0,0.030574003176297992,3.6916661220665583,9.5,547.140625,False
1773598239.920137,110,0,0,1,0,7.107657998858485,0.0,0.031129999115364626,3.6916661220665583,9.5,549.765625,False
1773598240.1305978,111,0,0,1,0,7.201231997896684,0.0,0.030462997528957203,3.6916661220665583,4.8,552.390625,False
1773598240.3410373,112,0,0,1,0,7.17089899990242,0.0,0.029925999115221202,3.6916661220665583,9.5,555.015625,False
1773598240.551437,113,0,0,1,0,7.104823998815846,0.0,0.030777999199926853,4.752682396746564,14.3,557.640625,False
1773598240.7618315,114,0,0,1,0,7.125269003154244,0.0,0.03101900074398145,4.752682396746564,9.5,560.265625,False
1773598240.9721591,115,0,0,1,0,7.087343001330737,0.0,0.031167000997811556,4.752682396746564,4.8,562.890625,False
1773598241.1826248,116,0,0,1,0,7.160323999414686,0.0,0.0324079992424231,4.752682396746564,9.5,565.515625,False
1773598241.3929856,117,0,0,1,0,7.095638997270726,0.0,0.03122199996141717,4.752682396746564,9.5,568.140625,False
1773598241.603427,118,0,0,1,0,7.1311399988189805,0.0,0.030371000320883468,4.752895668016736,14.3,570.765625,False
1773598241.8144865,119,0,0,1,0,7.692977000260726,0.0,0.03276000279583968,4.752895668016736,9.5,573.390625,False
1773598242.0275195,120,0,0,1,0,9.514285000477685,0.0,0.03485200068098493,4.752895668016736,9.4,576.015625,False
1773598242.2407286,121,0,0,0,0,9.561322000081418,0.0,0.0387780019082129,4.752895668016736,9.4,578.640625,False
1773598242.453877,122,0,0,0,0,9.561598999425769,0.0,0.03601899879868142,4.752895668016736,9.4,581.265625,False
1773598242.6666763,123,0,0,0,0,9.119652000663336,0.0,0.03488900256343186,4.702738715086041,23.5,583.890625,False
1773598242.8799858,124,0,0,0,0,9.619507000024896,0.0,0.03516700235195458,4.702738715086041,9.4,586.515625,False
1773598243.0930912,125,0,0,0,0,9.542674000840634,0.0,0.03496300269034691,4.702738715086041,9.4,589.140625,False
1773598243.3062005,126,0,0,0,0,9.543822001433,0.0,0.03522300175973214,4.702738715086041,9.4,591.765625,False
1773598243.519282,127,0,0,0,0,9.497006998572033,0.0,0.03464800101937726,4.702738715086041,14.1,594.390625,False
1773598243.7324574,128,0,0,0,0,9.513451001112117,0.0,0.03435200051171705,4.691423147553467,18.8,597.015625,False
1773598243.9455926,129,0,0,0,0,9.56193400270422,0.0,0.03472299795248546,4.691423147553467,4.7,599.640625,False
1773598244.1586556,130,0,0,0,0,9.49909999690135,0.0,0.03544499850249849,4.691423147553467,9.4,602.265625,False
1773598245.2235167,131,0,0,0,0,9.475561997533077,0.0,0.03425899922149256,2.0118987945311404,82.6,529.5625,False
1773598245.4344795,132,0,0,0,0,6.9393420017149765,0.0,0.027851998311234638,2.0118987945311404,9.5,499.375,False
1773598245.6444302,133,0,0,0,0,6.824710999353556,0.0,0.028166999982204288,2.0118987945311404,14.3,499.375,False
1773598245.8544824,134,0,0,0,0,6.827599998359801,0.0,0.027018999389838427,2.0118987945311404,4.8,499.375,False
1773598246.0644667,135,0,0,0,0,6.811823001044104,0.0,0.028204001864651218,2.0118987945311404,9.5,499.375,False
1773598246.2744794,136,0,0,0,0,6.871803998365067,0.0,0.027481000870466232,4.757652925222694,4.8,499.375,False
1773598246.4847603,137,0,0,0,0,7.014287002675701,0.0,0.05537100150831975,4.757652925222694,9.5,499.375,False
1773598246.9369988,138,1,1,0,0,7.210566000139806,241.85469700023532,0.039500002458225936,4.757652925222694,115.0,495.125,True
1773598247.3891118,139,1,1,1,1,7.17993600119371,241.78282499997295,0.037186000554356724,2.6913765408201025,110.6,498.9375,True
1773598247.8423913,140,1,1,1,0,7.2507139993831515,242.77922100009164,0.034091997804353014,2.6913765408201025,114.7,500.0,True
1773598248.2950244,141,1,1,1,0,7.159028002206469,242.1585869997216,0.033332999009871855,2.6913765408201025,112.7,502.65625,True
1773598248.7479098,142,1,1,1,0,7.255380998685723,242.3578109992377,0.03488899892545305,1.9842487426078017,112.6,505.21875,True
1773598249.1998203,143,1,1,1,0,7.175214002927532,241.4301200005866,0.03298099909443408,1.9842487426078017,115.1,507.9375,True
1773598249.6682284,144,1,1,1,0,7.25480699838954,257.8861709989724,0.03377800021553412,2.360058593933165,115.3,510.46875,True
1773598250.120988,145,1,1,1,0,7.261658996867482,242.2322170023108,0.0335000004270114,2.360058593933165,110.4,513.09375,True
1773598250.574048,146,1,1,1,0,7.264918000146281,242.4769040007959,0.03396299871383235,2.360058593933165,114.8,515.71875,True
1773598251.0266335,147,1,1,1,0,7.219029001134913,242.09990199960885,0.03531499896780588,1.9843933147729835,112.7,518.34375,True
1773598251.4785383,148,1,1,1,0,7.284158000402385,241.33497100046952,0.033945001632673666,1.9843933147729835,112.9,520.96875,True
1773598251.9311893,149,1,1,1,0,7.271862999914447,242.10397599745193,0.03342600030009635,2.39025139891377,112.7,523.59375,True
1773598252.3824956,150,1,1,1,0,7.300010998733342,240.73494800177286,0.03590800042729825,2.39025139891377,113.0,526.28125,True
1773598252.8337564,151,1,1,1,0,7.245102999149822,240.7743930016295,0.03357400055392645,2.39025139891377,113.0,528.90625,True
1773598253.286112,152,1,1,1,0,7.318232997931773,241.76028800138738,0.03381500209798105,1.990810375290869,112.7,531.46875,True
1773598253.7390616,153,1,1,1,0,7.218695998744806,242.47047799872234,0.03314799687359482,1.990810375290869,112.6,534.09375,True
1773598254.1904275,154,1,1,1,0,7.241213999805041,240.86880100003327,0.03331500192871317,2.391163938494797,113.0,536.71875,True
1773598254.642682,155,1,1,1,0,7.254824999108678,241.74669599960907,0.033648000680841506,2.391163938494797,112.8,539.34375,True
1773598254.8532019,156,0,0,1,0,7.230380000692094,0.0,0.028926002414664254,2.391163938494797,9.5,541.984375,False
1773598255.0635862,157,0,0,1,0,7.092917003319599,0.0,0.029370999982347712,2.391163938494797,9.5,544.609375,False
1773598255.2739778,158,0,0,1,0,7.115601998521015,0.0,0.030889001209288836,3.6916839931021386,9.5,547.234375,False
1773598255.4843676,159,0,0,1,0,7.126306001737248,0.0,0.031147999834502116,3.6916839931021386,9.5,549.859375,False
1773598255.6948538,160,0,0,1,0,7.135695002943976,0.0,0.030037001124583185,3.6916839931021386,9.5,552.484375,False
1773598255.905227,161,0,0,1,0,7.1182499996211845,0.0,0.030241000786190853,3.6916839931021386,9.5,555.109375,False
1773598256.1156228,162,0,0,1,0,7.1183250001922715,0.0,0.029464001272572204,3.6916839931021386,4.8,557.734375,False
1773598256.3260775,163,0,0,1,0,7.134842999221291,0.0,0.030797000363236293,4.752389449236398,14.3,560.359375,False
1773598256.5365427,164,0,0,1,0,7.162195001001237,0.0,0.02992600275320001,4.752389449236398,14.3,562.984375,False
1773598256.7469144,165,0,0,1,0,7.120565998775419,0.0,0.02981499710585922,4.752389449236398,4.8,565.609375,False
1773598256.9574358,166,0,0,1,0,7.170843000494642,0.0,0.029445000109262764,4.752389449236398,9.5,566.921875,False
1773598257.1677632,167,0,0,1,0,7.136046999221435,0.0,0.03101900074398145,4.752389449236398,9.5,570.859375,False
1773598257.378187,168,0,0,1,0,7.129101999453269,0.0,0.030037001124583185,4.752367910403623,14.3,573.484375,False
1773598257.5886183,169,0,0,1,0,7.15030599894817,0.0,0.030870000045979396,4.752367910403623,4.8,576.109375,False
1773598257.798928,170,0,0,1,0,7.116417000361253,0.0,0.031944000511430204,4.752367910403623,9.5,578.734375,False
1773598258.0093234,171,0,0,0,0,7.129899000574369,0.0,0.03329700120957568,4.752367910403623,4.8,581.359375,False
1773598258.2197025,172,0,0,0,0,7.150269000703702,0.0,0.029981998522998765,4.752367910403623,9.5,583.984375,False
1773598258.4300237,173,0,0,0,0,7.130695001251297,0.0,0.029445000109262764,4.753581928177835,14.3,586.609375,False
1773598258.6403518,174,0,0,0,0,7.127343000320252,0.0,0.031000003218650818,4.753581928177835,9.5,589.234375,False
1773598258.8507025,175,0,0,0,0,7.146455001930008,0.0,0.029704002372454852,4.753581928177835,4.8,591.859375,False
1773598259.060978,176,0,0,0,0,7.137288001104025,0.0,0.02903700078604743,4.753581928177835,9.5,594.5,False
1773598259.2712605,177,0,0,0,0,7.096917001035763,0.0,0.02929599941126071,4.753581928177835,9.5,597.125,False
1773598259.4816747,178,0,0,0,0,7.160528002714273,0.0,0.029666000045835972,4.754434373270635,14.3,599.75,False
1773598259.6939707,179,0,0,0,0,9.095132998481859,0.0,0.034222000977024436,4.754434373270635,9.4,602.390625,False
1773598259.9071636,180,0,0,0,0,9.607230000256095,0.0,0.03516700235195458,4.754434373270635,9.4,605.015625,False
1773598260.9836848,181,0,0,0,0,9.507394999673124,0.0,0.03605600068112835,1.9972945937271527,81.7,543.4375,False
1773598261.1939952,182,0,0,0,0,7.049637999443803,0.0,0.03124100112472661,1.9972945937271527,9.5,543.4375,False
1773598261.4043264,183,0,0,0,0,7.087676000082865,0.0,0.029962997359689325,1.9972945937271527,14.3,543.4375,False
1773598261.6149487,184,0,0,0,0,7.246732999192318,0.0,0.02881500040530227,1.9972945937271527,9.5,543.4375,False
1773598261.8253217,185,0,0,0,0,7.142177000787342,0.0,0.029352999263210222,1.9972945937271527,4.8,543.4375,False
1773598262.0357203,186,0,0,0,0,7.129397999960929,0.0,0.03240700243622996,4.75284396413302,9.5,543.4375,False
1773598262.2460442,187,0,0,0,0,7.071193998854142,0.0,0.021648000256391242,4.75284396413302,9.5,543.4375,False
1773598262.45631,188,0,0,0,0,7.08776900137309,0.0,0.02161100201192312,4.75284396413302,9.5,543.4375,False
1773598262.666841,189,0,0,0,0,7.237269997858675,0.0,0.022370000806404278,4.75284396413302,9.5,543.4375,False
1773598262.8771818,190,0,0,0,0,7.103806001396151,0.0,0.021723000827478245,4.75284396413302,9.5,543.4375,False
1773598263.0874708,191,0,0,0,0,7.0581569998466875,0.0,0.02185199991799891,4.754002185277036,4.8,543.4375,False
1773598263.2978032,192,0,0,0,0,7.091547002346488,0.0,0.02211099854321219,4.754002185277036,9.5,543.4375,False
1773598263.5081115,193,0,0,0,0,7.0615460026601795,0.0,0.023110998881747946,4.754002185277036,14.3,543.4375,False
1773598263.7184625,194,0,0,0,0,7.079528000758728,0.0,0.021538002329180017,4.754002185277036,4.8,543.4375,False
1773598263.9289155,195,0,0,0,0,7.0863429973542225,0.0,0.02140700235031545,4.754002185277036,9.5,543.4375,False
1773598264.1394272,196,0,0,0,0,7.190418000391219,0.0,0.021500000002561137,4.75303355053976,9.5,543.4375,False
1773598264.3498037,197,0,0,0,0,7.161917998018907,0.0,0.021796000510221347,4.75303355053976,9.5,543.4375,False
1773598264.56021,198,0,0,0,0,7.09026899858145,0.0,0.02292600038344972,4.75303355053976,9.5,543.4375,False
1773598264.7705317,199,0,0,0,0,7.163992002460873,0.0,0.021796000510221347,4.75303355053976,9.5,543.4375,False
1773598265.2270858,200,1,1,0,0,7.1656390027783345,246.1790960005601,0.038333000702550635,3.6776534518795203,113.9,543.46875,True
1773598265.7044883,201,1,1,1,1,9.726638003485277,264.2158250018838,0.034241002140333876,3.6776534518795203,115.2,543.46875,True
1773598266.1557045,202,1,1,1,0,7.197287999588298,240.72731900014332,0.03509299858706072,3.6776534518795203,110.8,543.46875,True
1773598266.6067185,203,1,1,1,0,7.16652900155168,240.60148499847855,0.03448200004640967,1.9405491948391795,115.3,544.984375,True
1773598267.0580971,204,1,1,1,0,7.2369919980701525,240.9313580028538,0.033649001125013456,1.9405491948391795,113.0,543.53125,True
1773598267.5090873,205,1,1,1,0,7.15421399945626,240.523854001367,0.03327800004626624,2.397315018884489,110.9,543.546875,True
1773598267.9612012,206,1,1,1,0,7.16295500023989,241.73536200032686,0.03300000025774352,2.397315018884489,112.8,543.484375,True
1773598268.4129205,207,1,1,1,0,7.212602999061346,241.211710999778,0.03370400008861907,2.397315018884489,112.9,543.484375,True
1773598268.8648195,208,1,1,1,0,7.166010000219103,241.5131019988621,0.033611999242566526,1.9884583903519824,112.9,543.484375,True
1773598269.31693,209,1,1,1,0,7.2210840007755905,241.57373200068832,0.033741001971066,1.9884583903519824,112.8,543.484375,True
1773598269.7694793,210,1,1,1,0,7.232455001940252,242.07556799956365,0.034241002140333876,2.3912439154265672,112.7,543.484375,True
1773598270.22222,211,1,1,1,0,7.159158001741162,242.2570700000506,0.034241002140333876,2.3912439154265672,112.6,543.484375,True
1773598270.6749222,212,1,1,1,0,7.223157997941598,242.249773000367,0.034463002521079034,2.3912439154265672,114.9,543.484375,True
1773598271.1275623,213,1,1,1,0,7.226491001347313,242.09614299979876,0.033371001336490735,1.9850925339142724,112.7,543.484375,True
1773598271.579127,214,1,1,1,0,7.200751002528705,241.13389600097435,0.03387100150575861,1.9850925339142724,112.9,543.4375,True
1773598272.0363953,215,1,1,1,0,7.187250997958472,246.7773019998276,0.033795997296692804,2.382057151597805,111.5,543.546875,True
1773598272.2468128,216,0,0,1,0,7.151454999984708,0.0,0.029815000743838027,2.382057151597805,9.5,543.546875,False
1773598272.4573007,217,0,0,1,0,7.1324359996651765,0.0,0.030481998692266643,2.382057151597805,4.8,544.734375,False
1773598272.6676533,218,0,0,1,0,7.076286998199066,0.0,0.02961100108223036,2.382057151597805,14.3,547.359375,False
1773598272.878157,219,0,0,1,0,7.153824997658376,0.0,0.029500002710847184,2.382057151597805,4.8,549.984375,False
1773598273.0885406,220,0,0,1,0,7.081861000187928,0.0,0.03312999979243614,4.752534841464481,9.5,552.609375,False
1773598273.298868,221,0,0,1,0,7.088416998158209,0.0,0.030129001970635727,4.752534841464481,9.5,555.234375,False
1773598273.5093062,222,0,0,1,0,7.198232000519056,0.0,0.031093000870896503,4.752534841464481,9.5,557.859375,False
1773598273.7196589,223,0,0,1,0,7.07949100251426,0.0,0.030573999538319185,4.752534841464481,14.3,560.484375,False
1773598273.929986,224,0,0,1,0,7.094693999533774,0.0,0.03237100099795498,4.752534841464481,4.8,563.109375,False
1773598274.140286,225,0,0,1,0,7.088860998919699,0.0,0.030795999919064343,4.7538459271651154,9.5,565.734375,False
1773598274.350726,226,0,0,1,0,7.1532880028826185,0.0,0.030815001082373783,4.7538459271651154,9.5,568.359375,False
1773598274.5611823,227,0,0,1,0,7.178564999776427,0.0,0.03172299693687819,4.7538459271651154,4.8,570.984375,False
1773598274.7715337,228,0,0,1,0,7.127286997274496,0.0,0.030241000786190853,4.7538459271651154,14.3,573.609375,False
1773598274.9818673,229,0,0,1,0,7.104973003151827,0.0,0.03105500218225643,4.7538459271651154,9.5,576.234375,False
1773598275.1921813,230,0,0,1,0,7.081009000103222,0.0,0.030647999665234238,4.753335196451282,9.5,578.859375,False
1773598275.4025068,231,0,0,0,0,7.0988059997034725,0.0,0.030481998692266643,4.753335196451282,4.8,581.484375,False
1773598275.614379,232,0,0,0,0,8.627130999229848,0.0,0.03300000025774352,4.753335196451282,9.4,584.109375,False
1773598275.8273664,233,0,0,0,0,9.524099001282593,0.0,0.034480999602237716,4.753335196451282,18.8,586.734375,False
1773598276.0403924,234,0,0,0,0,9.497266000835225,0.0,0.035499997466104105,4.753335196451282,9.4,589.359375,False
1773598276.2535412,235,0,0,0,0,9.556766999594402,0.0,0.03509299858706072,4.71110040813099,9.4,591.984375,False
1773598276.4666927,236,0,0,0,0,9.56802599830553,0.0,0.03516600190778263,4.71110040813099,9.4,594.609375,False
1773598276.679692,237,0,0,0,0,9.47769099730067,0.0,0.034814998798538,4.71110040813099,14.1,597.234375,False
1773598276.8928401,238,0,0,0,0,9.57983999978751,0.0,0.034166998375440016,4.71110040813099,18.8,599.859375,False
1773598277.1058862,239,0,0,0,0,9.527340000204276,0.0,0.03379600093467161,4.71110040813099,9.4,602.484375,False
1773598277.3189251,240,0,0,0,0,9.529377999569988,0.0,0.035592001950135455,4.693179605729874,9.4,605.109375,False
1773598278.3781972,241,0,0,0,0,9.421672999451403,0.0,0.03596299939090386,0.943981865338616,82.1,543.5625,False
1773598278.5882115,242,0,0,0,0,6.818748002842767,0.0,0.027500002033775672,0.943981865338616,9.5,543.5625,False
1773598278.798467,243,0,0,0,0,7.012564998149173,0.0,0.028148002456873655,0.943981865338616,9.5,543.5625,False
1773598279.0087764,244,0,0,0,0,7.067416998324916,0.0,0.0296300022455398,0.943981865338616,9.5,543.5625,False
1773598279.2189384,245,0,0,0,0,6.98828699751175,0.0,0.029425998945953324,0.943981865338616,9.5,543.5625,False
1773598279.4293194,246,0,0,0,0,7.133268998586573,0.0,0.030556002457160503,4.756956857052125,4.8,543.5625,False
1773598279.6396024,247,0,0,0,0,7.045786998787662,0.0,0.021628999093081802,4.756956857052125,9.5,543.5625,False
1773598279.8498616,248,0,0,0,0,7.09478699718602,0.0,0.021092997485538945,4.756956857052125,14.3,543.5625,False
1773598280.0600994,249,0,0,0,0,7.037934999971185,0.0,0.02272200072184205,4.756956857052125,4.8,543.5625,False
1773598280.270489,250,0,0,0,0,7.141695001337212,0.0,0.021962998289382085,4.756956857052125,9.5,543.5625,False
1773598280.480762,251,0,0,0,0,7.097565001458861,0.0,0.05005599814467132,4.755362603563928,9.5,543.5625,False
1773598280.6911392,252,0,0,0,0,7.081805997586343,0.0,0.02244500137749128,4.755362603563928,4.8,543.5625,False
1773598280.9014752,253,0,0,0,0,7.091564999427646,0.0,0.022611002350458875,4.755362603563928,14.3,543.5625,False
1773598281.1117978,254,0,0,0,0,7.0820649998495355,0.0,0.022500000341096893,4.755362603563928,9.5,543.5625,False
1773598281.322104,255,0,0,0,0,7.039231997623574,0.0,0.022001000616000965,4.755362603563928,4.8,543.5625,False
1773598281.5324879,256,0,0,0,0,7.14736199734034,0.0,0.022481999621959403,4.7541347433146,9.5,543.59375,False
1773598281.742771,257,0,0,0,0,7.0406199993158225,0.0,0.022166997950989753,4.7541347433146,9.5,543.59375,False
1773598281.9531274,258,0,0,0,0,7.126009000785416,0.0,0.02212999970652163,4.7541347433146,9.5,543.59375,False
1773598282.1634612,259,0,0,0,0,7.102064999344293,0.0,0.022519001504406333,4.7541347433146,9.5,543.59375,False
1773598282.3737683,260,0,0,0,0,7.086584002536256,0.0,0.02296399907208979,4.7541347433146,9.5,543.59375,False
1773598282.5841608,261,0,0,0,0,7.154733000788838,0.0,0.022018997697159648,4.754327666186508,4.8,543.59375,False
1773598282.796997,262,0,0,0,0,9.529025002848357,0.0,0.024870001652743667,4.754327666186508,9.4,543.59375,False
1773598283.0099814,263,0,0,0,0,9.50015499984147,0.0,0.02492600106052123,4.754327666186508,18.8,543.59375,False
1773598283.2230046,264,0,0,0,0,9.494747999269748,0.0,0.025518998882034793,4.754327666186508,9.4,543.59375,False
1773598283.4360383,265,0,0,0,0,9.509876999800326,0.0,0.0262039975496009,4.754327666186508,9.4,543.59375,False
1773598283.649294,266,0,0,0,0,9.700063998025144,0.0,0.024982000468298793,4.69442136328472,14.1,543.59375,False
1773598283.862302,267,0,0,0,0,9.494265999819618,0.0,0.025074001314351335,4.69442136328472,9.4,543.59375,False
1773598284.0750473,268,0,0,0,0,9.247227000741987,0.0,0.02633400072227232,4.69442136328472,14.1,543.59375,False
1773598284.2882383,269,0,0,0,0,9.620155000447994,0.0,0.02607400165288709,4.69442136328472,14.1,543.59375,False
1773598284.5015137,270,0,0,0,0,9.647247999964748,0.0,0.02579700230853632,4.69442136328472,9.4,543.59375,False
1773598284.7147117,271,0,0,0,0,9.602971000276739,0.0,0.025129000277956948,4.6930115672000845,9.4,543.59375,False
1773598284.927783,272,0,0,0,0,9.529098999337293,0.0,0.025667002773843706,4.6930115672000845,9.4,543.59375,False
1773598285.140974,273,0,0,0,0,9.69667499884963,0.0,0.024406999727943912,4.6930115672000845,18.8,543.59375,False
1773598285.3541455,274,0,0,0,0,9.647951999795623,0.0,0.024574001145083457,4.6930115672000845,9.4,543.59375,False
1773598285.8314104,275,1,1,0,0,9.714488998724846,264.1381760004151,0.030815001082373783,3.58176948278608,115.2,543.59375,True
1773598286.0417252,276,0,0,0,0,7.118139001249801,0.0,0.031036997825140134,3.58176948278608,4.8,543.59375,False
1773598286.2521102,277,0,0,0,0,7.110638998710783,0.0,0.031204002880258486,3.58176948278608,9.5,543.59375,False
1773598286.7034707,278,1,1,1,1,7.186120998085244,240.7310039998265,0.03448200004640967,3.58176948278608,113.0,543.59375,True
1773598287.154523,279,1,1,1,0,7.16073200237588,240.63272599960328,0.03475899939076044,3.023175094850289,113.1,543.59375,True
1773598287.3649278,280,0,0,1,0,7.164677001128439,0.0,0.030056002287892625,3.023175094850289,9.5,543.59375,False
1773598287.5754237,281,0,0,1,0,7.194270001491532,0.0,0.029759001336060464,3.023175094850289,9.5,543.59375,False
1773598287.785829,282,0,0,1,0,7.110806000127923,0.0,0.03042599928448908,3.023175094850289,4.8,543.59375,False
1773598287.9961705,283,0,0,1,0,7.092212999850744,0.0,0.03149999974993989,3.023175094850289,14.3,543.59375,False
1773598288.206639,284,0,0,1,0,7.120676000340609,0.0,0.03312999979243614,4.752463759708192,9.5,543.59375,False
1773598288.4170406,285,0,0,1,0,7.114861000445671,0.0,0.029797000024700537,4.752463759708192,4.8,543.59375,False
1773598288.6274164,286,0,0,1,0,7.129305999114877,0.0,0.03161100175930187,4.752463759708192,9.5,543.59375,False
1773598288.8378522,287,0,0,1,0,7.1077689972298685,0.0,0.02988900087075308,4.752463759708192,9.5,543.609375,False
1773598289.0481985,288,0,0,1,0,7.093139000062365,0.0,0.03261199890403077,4.752463759708192,9.5,543.609375,False
1773598289.2586749,289,0,0,1,0,7.158028998674126,0.0,0.030369999876711518,4.752707169699462,9.5,543.609375,False
1773598289.4690697,290,0,0,1,0,7.114583000657149,0.0,0.030408002203330398,4.752707169699462,4.8,543.609375,False
1773598289.67937,291,0,0,1,0,7.076158002746524,0.0,0.030518000130541623,4.752707169699462,9.5,543.609375,False
1773598289.889753,292,0,0,1,0,7.082954001816688,0.0,0.030629998946096748,4.752707169699462,9.5,543.609375,False
1773598290.100148,293,0,0,1,0,7.08012100221822,0.0,0.03014799949596636,4.752707169699462,9.5,543.625,False
1773598290.310518,294,0,0,1,0,7.120602000213694,0.0,0.030963001336203888,4.753564688447613,9.5,544.8125,False
1773598290.520894,295,0,0,0,0,7.1679729990137275,0.0,0.02868499723263085,4.753564688447613,9.5,547.4375,False
1773598290.7327316,296,0,0,0,0,8.577444998081774,0.0,0.033371001336490735,4.753564688447613,9.4,550.0625,False
1773598290.9456887,297,0,0,0,0,9.540044000459602,0.0,0.03498199657769874,4.753564688447613,9.4,552.6875,False
1773598291.1587756,298,0,0,0,0,9.528359001706121,0.0,0.035814999137073755,4.753564688447613,18.8,555.3125,False
1773598291.3718433,299,0,0,0,0,9.540303002722794,0.0,0.03485200068098493,4.711275036522653,9.4,557.9375,False
1773598291.5849402,300,0,0,0,0,9.579785000823904,0.0,0.033906999306054786,4.711275036522653,9.4,560.5625,False
1773598291.797985,301,0,0,0,0,9.514192002825439,0.0,0.03414800085010938,4.711275036522653,14.1,563.1875,False
1773598292.010976,302,0,0,0,0,9.46848799867439,0.0,0.03533299968694337,4.711275036522653,4.7,565.8125,False
1773598292.223953,303,0,0,0,0,9.474672999203904,0.0,0.03511099930619821,4.711275036522653,18.8,568.4375,False
1773598292.4371119,304,0,0,0,0,9.602229001757223,0.0,0.03483399996184744,4.693644925199197,9.4,571.0625,False
1773598293.2792616,305,0,0,0,0,9.65063699914026,0.0,0.0350560003425926,4.693644925199197,77.2,524.078125,False
1773598293.4905512,306,0,0,0,0,7.5079019989061635,0.0,0.03129700053250417,1.8984652695204347,9.5,489.921875,False
1773598293.7008214,307,0,0,0,0,7.064156998239923,0.0,0.029482001991709694,1.8984652695204347,9.5,489.921875,False
1773598293.9111922,308,0,0,0,0,7.1466209992649965,0.0,0.031129999115364626,1.8984652695204347,14.3,489.921875,False
1773598294.1214395,309,0,0,0,0,7.11351000063587,0.0,0.03042599928448908,1.8984652695204347,4.8,489.921875,False
1773598294.331751,310,0,0,0,0,7.094194999808678,0.0,0.03188900154782459,1.8984652695204347,9.5,489.921875,False
1773598294.541995,311,0,0,0,0,7.118028002878418,0.0,0.02327699985471554,4.755393874308426,9.5,492.421875,False
1773598294.7522178,312,0,0,0,0,7.113416999345645,0.0,0.02238899833173491,4.755393874308426,4.8,495.046875,False
1773598294.962597,313,0,0,0,0,7.1426949980377685,0.0,0.023074997443472967,4.755393874308426,14.3,497.671875,False
1773598295.172891,314,0,0,0,0,7.149731998651987,0.0,0.022241001715883613,4.755393874308426,9.5,500.296875,False
1773598295.3831003,315,0,0,0,0,7.0599909995507915,0.0,0.02099999983329326,4.755393874308426,9.5,502.921875,False
1773598295.5934303,316,0,0,0,0,7.190214000729611,0.0,0.021741001546615735,4.755404657419129,4.8,502.921875,False
1773598295.8037868,317,0,0,0,0,7.1486400011053775,0.0,0.02240799949504435,4.755404657419129,9.5,502.921875,False
1773598296.0141509,318,0,0,0,0,7.134953997592675,0.0,0.022166997950989753,4.755404657419129,14.3,502.921875,False
1773598296.2245724,319,0,0,0,0,7.1106210016296245,0.0,0.021777999791083857,4.755404657419129,4.8,502.921875,False
1773598296.6773448,320,1,1,0,0,7.173825000791112,242.46766299984301,0.03205599932698533,3.69024105803878,114.8,502.921875,True
1773598296.8876173,321,0,0,0,0,7.1274360016104765,0.0,0.03259200093452819,3.69024105803878,9.5,502.921875,False
1773598297.3385913,322,1,1,1,1,7.157566000387305,240.51957699703053,0.03575899972929619,3.69024105803878,110.9,502.921875,True
1773598297.7916958,323,1,1,1,0,7.184584999777144,242.6903500017943,0.03862999801640399,2.692229366794265,117.0,504.234375,True
1773598298.2676892,324,1,1,1,0,9.714101001009112,262.89133400132414,0.03261100209783763,2.692229366794265,115.5,506.75,True
1773598298.7189116,325,1,1,1,0,7.27269500202965,240.8003379969159,0.0332589988829568,2.692229366794265,108.6,509.578125,True
1773598298.9293308,326,0,0,1,0,7.201362001069356,0.0,0.0307039990730118,1.9432671068893186,9.5,512.203125,False
1773598299.1396902,327,0,0,1,0,7.173121000960236,0.0,0.029519000236177817,1.9432671068893186,9.5,514.84375,False
1773598299.3500764,328,0,0,1,0,7.128101999114733,0.0,0.03098099841736257,1.9432671068893186,9.5,517.46875,False
1773598299.5604155,329,0,0,1,0,7.121398000890622,0.0,0.03183400258421898,1.9432671068893186,9.5,520.09375,False
1773598299.7707777,330,0,0,1,0,7.140435998735484,0.0,0.031111001590033993,1.9432671068893186,9.5,522.71875,False
1773598299.9811013,331,0,0,1,0,7.103194999217521,0.0,0.030369999876711518,4.75333842857907,9.5,525.34375,False
1773598300.1914434,332,0,0,1,0,7.141138998122187,0.0,0.03046300116693601,4.75333842857907,9.5,527.96875,False
1773598300.4017675,333,0,0,1,0,7.114177002222277,0.0,0.031925999792292714,4.75333842857907,9.5,530.59375,False
1773598300.612126,334,0,0,1,0,7.126139000320109,0.0,0.031407998903887346,4.75333842857907,14.3,533.21875,False
1773598300.8224635,335,0,0,1,0,7.10789900040254,0.0,0.030686001991853118,4.75333842857907,4.8,535.84375,False
1773598301.0327861,336,0,0,1,0,7.140269000956323,0.0,0.03159200059599243,4.754492579153617,9.5,538.46875,False
1773598301.2431045,337,0,0,1,0,7.121825001377147,0.0,0.031610998121323064,4.754492579153617,9.5,541.09375,False
1773598301.4534824,338,0,0,1,0,7.1355279978888575,0.0,0.02988900087075308,4.754492579153617,9.5,543.71875,False
1773598301.6637774,339,0,0,1,0,7.12004700108082,0.0,0.03199999991920777,4.754492579153617,9.5,546.34375,False
1773598301.874133,340,0,0,1,0,7.102842999302084,0.0,0.03090799873461947,4.754492579153617,9.5,548.96875,False
1773598302.0844438,341,0,0,0,0,7.107323999662185,0.0,0.03322299744468182,4.7543912587205694,9.5,551.59375,False
1773598302.29476,342,0,0,0,0,7.1314360029646195,0.0,0.030315000913105905,4.7543912587205694,4.8,554.21875,False
1773598302.5051024,343,0,0,0,0,7.1105099996202625,0.0,0.030111001251498237,4.7543912587205694,14.3,556.84375,False
1773598302.7154431,344,0,0,0,0,7.097638997947797,0.0,0.030333001632243395,4.7543912587205694,4.8,559.46875,False
1773598302.9258256,345,0,0,0,0,7.118731999071315,0.0,0.029685001209145412,4.7543912587205694,14.3,562.09375,False
1773598303.1380382,346,0,0,0,0,8.994576997793047,0.0,0.03405600000405684,4.754191864097549,9.4,564.71875,False
1773598303.3509862,347,0,0,0,0,9.423005998542067,0.0,0.0359069999831263,4.754191864097549,4.7,567.34375,False
1773598303.5639493,348,0,0,0,0,9.371727999678114,0.0,0.035499997466104105,4.754191864097549,18.8,569.96875,False
1773598303.7769387,349,0,0,0,0,9.426673001144081,0.0,0.03424099850235507,4.754191864097549,9.4,572.59375,False
1773598303.9899015,350,0,0,0,0,9.367710001242813,0.0,0.03566699888324365,4.754191864097549,14.1,575.21875,False
1773598304.865051,351,0,0,0,0,9.453561997361248,0.0,0.03607400140026584,4.697875894116612,77.7,496.59375,False
1773598305.0751722,352,0,0,0,0,6.934860000910703,0.0,0.030630002584075555,4.697875894116612,9.5,496.59375,False
1773598305.2851794,353,0,0,0,0,6.8500820016197395,0.0,0.027834001230075955,1.8433227681765523,14.3,496.59375,False
1773598305.4954963,354,0,0,0,0,7.098953999957303,0.0,0.03038899740204215,1.8433227681765523,4.8,496.59375,False
1773598305.7057638,355,0,0,0,0,7.103102001565276,0.0,0.030297000193968415,1.8433227681765523,9.5,496.59375,False
1773598305.9160476,356,0,0,0,0,7.056324000586756,0.0,0.03146299786749296,1.8433227681765523,4.8,496.59375,False
1773598306.1263862,357,0,0,0,0,7.108638998033712,0.0,0.02274100188515149,1.8433227681765523,9.5,496.59375,False
1773598306.3366535,358,0,0,0,0,7.075249999616062,0.0,0.022815002012066543,4.756397991616464,14.3,496.59375,False
1773598306.5469885,359,0,0,0,0,7.217046997539001,0.0,0.02218500230810605,4.756397991616464,9.5,499.09375,False
1773598306.7572114,360,0,0,0,0,7.094749998941552,0.0,0.021667001419700682,4.756397991616464,9.5,501.71875,False
1773598306.9674137,361,0,0,0,0,7.113121002475964,0.0,0.022000000171829015,4.756397991616464,9.5,504.34375,False
1773598307.17779,362,0,0,0,0,7.150175999413477,0.0,0.021648000256391242,4.756397991616464,4.8,504.34375,False
1773598307.3881211,363,0,0,0,0,7.076565001625568,0.0,0.022315001842798665,4.755562096404606,14.3,504.34375,False
1773598307.5985782,364,0,0,0,0,7.1881030016811565,0.0,0.02140700235031545,4.755562096404606,9.5,504.34375,False
1773598307.8089118,365,0,0,0,0,7.104510001227027,0.0,0.02157500057364814,4.755562096404606,4.8,504.34375,False
1773598308.0193326,366,0,0,0,0,7.119953999790596,0.0,0.022277999960351735,4.755562096404606,9.5,504.34375,False
1773598308.2295797,367,0,0,0,0,7.088286998623516,0.0,0.02212999970652163,4.755562096404606,9.5,504.34375,False
1773598308.4399116,368,0,0,0,0,7.06499100124347,0.0,0.021796000510221347,4.753742479170166,9.5,504.34375,False
1773598308.6506891,369,0,0,0,0,7.516308000049321,0.0,0.022480999177787453,4.753742479170166,9.5,504.34375,False
1773598308.8610134,370,0,0,0,0,7.102416999259731,0.0,0.020945000869687647,4.753742479170166,4.8,504.34375,False
1773598309.0714493,371,0,0,0,0,7.138287000998389,0.0,0.022574000468011945,4.753742479170166,9.5,503.171875,False
1773598309.2817104,372,0,0,0,0,7.1020469986251555,0.0,0.022778000129619613,4.753742479170166,9.5,503.171875,False
1773598309.4940333,373,0,0,0,0,9.029504002683097,0.0,0.023888998839538544,4.7523345255986555,14.1,503.171875,False
1773598309.7070966,374,0,0,0,0,9.595952000381658,0.0,0.026092999178217724,4.7523345255986555,9.4,503.171875,False
1773598309.9202473,375,0,0,0,0,9.543951997329714,0.0,0.024907996703404933,4.7523345255986555,9.4,503.1875,False
1773598310.1330373,376,0,0,0,0,9.122504998231307,0.0,0.025130000722128898,4.7523345255986555,9.4,503.1875,False
1773598310.3461552,377,0,0,0,0,9.474598999076989,0.0,0.02575899998191744,4.7523345255986555,9.4,503.1875,False
1773598310.559109,378,0,0,0,0,9.4218579979497,0.0,0.02635200144140981,4.696103300514496,18.8,503.1875,False
1773598310.7721806,379,0,0,0,0,9.49454399960814,0.0,0.0259810003626626,4.696103300514496,9.4,503.1875,False
1773598310.985273,380,0,0,0,0,9.47052499759593,0.0,0.025574998289812356,4.696103300514496,9.4,503.1875,False
1773598311.198205,381,0,0,0,0,9.399135000421666,0.0,0.025260000256821513,4.696103300514496,9.4,503.1875,False
1773598311.4112813,382,0,0,0,0,9.494136000284925,0.0,0.025370001822011545,4.696103300514496,14.1,503.1875,False
1773598311.6242704,383,0,0,0,0,9.460338998906082,0.0,0.02459299867041409,4.694153415840288,14.1,503.1875,False
1773598311.8373632,384,0,0,0,0,9.605248000298161,0.0,0.025517998437862843,4.694153415840288,14.1,503.1875,False
1773598312.0505164,385,0,0,0,0,9.532525000395253,0.0,0.027166999643668532,4.694153415840288,9.4,503.1875,False
1773598312.2636387,386,0,0,0,0,9.462081001402112,0.0,0.026129997422685847,4.694153415840288,9.4,503.1875,False
1773598312.4766064,387,0,0,0,0,9.474951002630405,0.0,0.02520400084904395,4.694153415840288,4.7,503.1875,False
1773598312.6897268,388,0,0,0,0,9.577877997799078,0.0,0.025926001399056986,4.693628117472303,18.8,503.1875,False
1773598312.902734,389,0,0,0,0,9.534859000268625,0.0,0.02546299947425723,4.693628117472303,9.4,503.1875,False
1773598313.115874,390,0,0,0,0,9.444561997952405,0.0,0.02666600266820751,4.693628117472303,9.4,503.1875,False
1773598313.3289552,391,0,0,0,0,9.525377001409652,0.0,0.02568600029917434,4.693628117472303,14.1,503.1875,False
1773598313.5421503,392,0,0,0,0,9.589432997017866,0.0,0.024426000891253352,4.693628117472303,9.4,503.1875,False
1773598313.7552643,393,0,0,0,0,9.578377997968346,0.0,0.02570399738033302,4.692380479948519,18.8,503.1875,False
1773598313.9683821,394,0,0,0,0,9.526117999484995,0.0,0.02648199733812362,4.692380479948519,9.4,503.1875,False
1773598314.1815345,395,0,0,0,0,9.51759899908211,0.0,0.026166999305132776,4.692380479948519,9.4,503.1875,False
1773598314.3945065,396,0,0,0,0,9.475618000578834,0.0,0.026370998966740444,4.692380479948519,9.4,503.1875,False
1773598314.6074972,397,0,0,0,0,9.4191909993242,0.0,0.025612000172259286,4.692380479948519,9.4,503.1875,False
1773598314.820529,398,0,0,0,0,9.469933000218589,0.0,0.026425997930346057,4.693154399183267,18.8,503.1875,False
1773598315.033649,399,0,0,0,0,9.539246999338502,0.0,0.025258999812649563,4.693154399183267,9.4,503.1875,False
1773598315.2466705,400,0,0,0,0,9.535839999443851,0.0,0.02609300281619653,4.693154399183267,9.4,503.203125,False
1773598315.459817,401,0,0,0,0,9.516617999906885,0.0,0.026666999474400654,4.693154399183267,9.4,503.203125,False
1773598315.6730304,402,0,0,0,0,9.611729998141527,0.0,0.025296001695096493,4.693154399183267,9.4,503.203125,False
1773598315.8861244,403,0,0,0,0,9.589933000825113,0.0,0.02524000228731893,4.692645074903463,18.8,503.203125,False
1773598316.0992024,404,0,0,0,0,9.568841000145767,0.0,0.026482000976102427,4.692645074903463,9.4,503.203125,False
1773598316.3122537,405,0,0,0,0,9.532173997286009,0.0,0.02570400101831183,4.692645074903463,9.4,503.203125,False
1773598316.5252745,406,0,0,0,0,9.498950999841327,0.0,0.02485199729562737,4.692645074903463,9.4,503.21875,False
1773598316.738406,407,0,0,0,0,9.469840002566343,0.0,0.026110999897355214,4.692645074903463,14.1,503.21875,False
1773598316.9513445,408,0,0,0,0,9.459803000936517,0.0,0.026129997422685847,4.6932657301404435,18.8,503.21875,False
1773598317.1643903,409,0,0,0,0,9.480433000135235,0.0,0.026462999812792987,4.6932657301404435,9.4,503.21875,False
1773598317.377481,410,0,0,0,0,9.519377003016416,0.0,0.02516699896659702,4.6932657301404435,9.4,503.21875,False
1773598317.5904925,411,0,0,0,0,9.473080001043854,0.0,0.026778001483762637,4.6932657301404435,9.4,503.21875,False
1773598317.8035085,412,0,0,0,0,9.506637001322815,0.0,0.025852001272141933,4.6932657301404435,9.4,503.21875,False
1773598318.0164392,413,0,0,0,0,9.369191000587307,0.0,0.02622299871291034,4.694353060050907,18.8,503.21875,False
1773598318.229488,414,0,0,0,0,9.534081000310834,0.0,0.02516699896659702,4.694353060050907,9.4,503.21875,False
1773598318.4424984,415,0,0,0,0,9.494006000750232,0.0,0.02653699993970804,4.694353060050907,9.4,503.21875,False
1773598318.6560993,416,0,0,0,0,9.684710999863455,0.0,0.02516699896659702,4.694353060050907,9.4,503.21875,False
1773598318.8691669,417,0,0,0,0,9.514303001196822,0.0,0.026149002223974094,4.694353060050907,9.4,503.21875,False
1773598319.082231,418,0,0,0,0,9.52322900047875,0.0,0.025130000722128898,4.6919783947482285,18.8,503.21875,False
1773598319.2953207,419,0,0,0,0,9.505172998615308,0.0,0.02572299854364246,4.6919783947482285,9.4,504.390625,False
1773598319.5083108,420,0,0,0,0,9.51572900157771,0.0,0.025444001948926598,4.6919783947482285,14.1,504.390625,False
1773598319.7215216,421,0,0,0,0,9.629397001845064,0.0,0.025741002900758758,4.6919783947482285,9.4,504.390625,False
1773598319.9345598,422,0,0,0,0,9.479783999267966,0.0,0.025832996470853686,4.6919783947482285,9.4,504.390625,False
1773598320.1475885,423,0,0,0,0,9.483321002335288,0.0,0.026130001060664654,4.692817287649745,18.8,504.390625,False
1773598320.3607395,424,0,0,0,0,9.559451002132846,0.0,0.025258999812649563,4.692817287649745,4.7,504.390625,False
1773598320.5738,425,0,0,0,0,9.595952000381658,0.0,0.02594499892438762,4.692817287649745,9.4,504.390625,False
1773598320.786798,426,0,0,0,0,9.545821998472093,0.0,0.025426001229789108,4.692817287649745,14.1,504.390625,False
1773598320.999795,427,0,0,0,0,9.523042997898301,0.0,0.025649002054706216,4.692817287649745,9.4,504.390625,False
1773598321.2123895,428,0,0,0,0,9.04913400154328,0.0,0.025018001906573772,4.694058853456822,18.8,504.390625,False
1773598321.4254918,429,0,0,0,0,9.684284999821102,0.0,0.025870001991279423,4.694058853456822,9.4,504.390625,False
1773598321.6386404,430,0,0,0,0,9.630286000174237,0.0,0.02592699820525013,4.694058853456822,9.4,504.390625,False
1773598321.8517077,431,0,0,0,0,9.570840000378666,0.0,0.025869998353300616,4.694058853456822,9.4,504.390625,False
1773598322.0648847,432,0,0,0,0,9.658563998527825,0.0,0.025814999389695004,4.694058853456822,9.4,504.390625,False
1773598322.2780693,433,0,0,0,0,9.64941499842098,0.0,0.025130000722128898,4.69420279993267,18.8,504.390625,False
1773598322.4913287,434,0,0,0,0,9.663508000812726,0.0,0.024741002562223002,4.69420279993267,9.4,504.390625,False
1773598322.7043858,435,0,0,0,0,9.568970002874266,0.0,0.02592599776107818,4.69420279993267,9.4,504.390625,False
1773598322.9174237,436,0,0,0,0,9.548469999572262,0.0,0.025110999558819458,4.69420279993267,9.4,504.390625,False
1773598323.1304643,437,0,0,0,0,9.569932997692376,0.0,0.02596299964352511,4.69420279993267,9.4,504.390625,False
1773598323.3435078,438,0,0,0,0,9.570673999405699,0.0,0.025388999347342178,4.692625124243741,23.5,504.390625,False
1773598323.5567,439,0,0,0,0,9.685840999736683,0.0,0.02564899841672741,4.692625124243741,9.4,504.390625,False
1773598323.7698047,440,0,0,0,0,9.635599999455735,0.0,0.025834000553004444,4.692625124243741,9.4,504.390625,False
1773598323.9828844,441,0,0,0,0,9.569378002197482,0.0,0.025426001229789108,4.692625124243741,9.4,504.390625,False
1773598324.1958916,442,0,0,0,0,9.547359000862343,0.0,0.025388999347342178,4.692625124243741,9.4,504.390625,False
1773598324.4090006,443,0,0,0,0,9.564784999383846,0.0,0.02733299697865732,4.692637724640671,18.8,504.390625,False
1773598324.6218948,444,0,0,0,0,9.446135998587124,0.0,0.02464800127199851,4.692637724640671,9.4,504.390625,False
1773598324.8349452,445,0,0,0,0,9.575654999935068,0.0,0.02574099926277995,4.692637724640671,9.4,504.390625,False
1773598325.0479105,446,0,0,0,0,9.48782100022072,0.0,0.025092998839681968,4.692637724640671,9.4,504.390625,False
1773598325.2609065,447,0,0,0,0,9.516933001577854,0.0,0.025667002773843706,4.692637724640671,9.4,504.390625,False
1773598325.4739559,448,0,0,0,0,9.580747999279993,0.0,0.024778000806691125,4.695140243995268,18.8,504.390625,False
1773598325.687025,449,0,0,0,0,9.517376998701366,0.0,0.0260560009337496,4.695140243995268,9.4,504.390625,False
1773598325.900005,450,0,0,0,0,9.500803000264568,0.0,0.024130000383593142,4.695140243995268,9.4,504.390625,False
1773598326.1130037,451,0,0,0,0,9.526617999654263,0.0,0.025556000764481723,4.695140243995268,9.4,504.390625,False
1773598326.3260012,452,0,0,0,0,9.533155000099214,0.0,0.026481000531930476,4.695140243995268,14.1,504.390625,False
1773598326.5390637,453,0,0,0,0,9.567413999320706,0.0,0.025427001673961058,4.694275301865688,14.1,504.390625,False
1773598326.752198,454,0,0,0,0,9.531636998872273,0.0,0.02520400084904395,4.694275301865688,9.4,504.390625,False
1773598326.9652343,455,0,0,0,0,9.567970999341924,0.0,0.024537999706808478,4.694275301865688,14.1,504.390625,False
1773598327.178214,456,0,0,0,0,9.521988002234139,0.0,0.026110999897355214,4.694275301865688,9.4,504.390625,False
1773598327.391274,457,0,0,0,0,9.51652499861666,0.0,0.025574001483619213,4.694275301865688,9.4,504.390625,False
1773598327.6043797,458,0,0,0,0,9.625414000765886,0.0,0.025295998057117686,4.693790947392169,18.8,504.390625,False
1773598327.8174045,459,0,0,0,0,9.560154998325743,0.0,0.02594499892438762,4.693790947392169,9.4,504.390625,False
1773598328.0304656,460,0,0,0,0,9.552211002301192,0.0,0.02520400084904395,4.693790947392169,9.4,504.40625,False
1773598328.2434618,461,0,0,0,0,9.481487999437377,0.0,0.02579600186436437,4.693790947392169,9.4,504.40625,False
1773598328.456443,462,0,0,0,0,9.514100001979386,0.0,0.02637100260471925,4.693790947392169,9.4,504.40625,False
1773598328.6694956,463,0,0,0,0,9.54632200227934,0.0,0.02544499875511974,4.694036789448875,18.8,504.40625,False
1773598328.8825493,464,0,0,0,0,9.539340000628727,0.0,0.02577800114522688,4.694036789448875,9.4,503.09375,False
1773598329.0954893,465,0,0,0,0,9.493543999269605,0.0,0.025352001102874056,4.694036789448875,9.4,503.09375,False
1773598329.308516,466,0,0,0,0,9.475487997406162,0.0,0.026073998014908284,4.694036789448875,9.4,503.09375,False
1773598329.5216904,467,0,0,0,0,9.580043999449117,0.0,0.024574001145083457,4.694036789448875,9.4,503.09375,False
1773598329.7344563,468,0,0,0,0,9.276059998228448,0.0,0.025869998353300616,4.693822464165476,18.8,503.09375,False
1773598329.9475121,469,0,0,0,0,9.516785001324024,0.0,0.025538000045344234,4.693822464165476,9.4,503.09375,False
1773598330.1607604,470,0,0,0,0,9.587617998477072,0.0,0.025630000891396776,4.693822464165476,9.4,503.09375,False
1773598330.373738,471,0,0,0,0,9.525507000944344,0.0,0.02601899905130267,4.693822464165476,9.4,503.109375,False
1773598330.5867403,472,0,0,0,0,9.528950999083463,0.0,0.025036999431904405,4.693822464165476,9.4,503.109375,False
1773598330.7997723,473,0,0,0,0,9.468895001191413,0.0,0.025870001991279423,4.694245880521411,18.8,503.109375,False
1773598331.0127463,474,0,0,0,0,9.466932002396788,0.0,0.025334000383736566,4.694245880521411,9.4,503.109375,False
1773598331.2257311,475,0,0,0,0,9.51609999901848,0.0,0.02516699896659702,4.694245880521411,9.4,503.109375,False
1773598331.4387338,476,0,0,0,0,9.462617999815848,0.0,0.025388999347342178,4.694245880521411,9.4,503.109375,False
1773598331.6526284,477,0,0,0,0,10.409827002149541,0.0,0.024223001673817635,4.694245880521411,14.0,503.109375,False
1773598331.8655849,478,0,0,0,0,9.49984000180848,0.0,0.026500001695239916,4.691353882076815,14.1,503.109375,False
1773598332.0785127,479,0,0,0,0,9.478451000177301,0.0,0.024222001229645684,4.691353882076815,9.4,503.109375,False
1773598332.2914913,480,0,0,0,0,9.502895998593885,0.0,0.025555000320309773,4.691353882076815,14.1,503.109375,False
1773598332.5044487,481,0,0,0,0,9.504802997980732,0.0,0.025814999389695004,4.691353882076815,9.4,503.109375,False
1773598332.717458,482,0,0,0,0,9.503211000264855,0.0,0.025518998882034793,4.691353882076815,9.4,503.109375,False
1773598332.9301403,483,0,0,0,0,9.055949001776753,0.0,0.024148001102730632,4.69489428634496,18.8,503.109375,False
1773598333.1430461,484,0,0,0,0,9.492339999269461,0.0,0.025722001737449318,4.69489428634496,9.4,503.109375,False
1773598333.3561041,485,0,0,0,0,9.536822002701228,0.0,0.02681499972823076,4.69489428634496,9.4,503.109375,False
1773598333.5691514,486,0,0,0,0,9.560081998643,0.0,0.025573997845640406,4.69489428634496,9.4,503.109375,False
1773598333.7821388,487,0,0,0,0,9.533913998893695,0.0,0.025221997930202633,4.69489428634496,9.4,503.109375,False
1773598333.9952102,488,0,0,0,0,9.535969998978544,0.0,0.0256669991358649,4.6966670190218025,18.8,503.109375,False
1773598334.2082705,489,0,0,0,0,9.598396998626413,0.0,0.024962999304989353,4.6966670190218025,9.4,503.109375,False
1773598334.421321,490,0,0,0,0,9.59433999742032,0.0,0.024482000299030915,4.6966670190218025,9.4,503.109375,False
1773598334.6343694,491,0,0,0,0,9.5620809988759,0.0,0.024740998924244195,4.6966670190218025,9.4,503.109375,False
1773598334.8473878,492,0,0,0,0,9.50735899823485,0.0,0.02437100192764774,4.6966670190218025,9.4,503.109375,False
1773598335.0603392,493,0,0,0,0,9.475080001720926,0.0,0.024370998289668933,4.693982155655223,18.8,503.109375,False
1773598335.2733245,494,0,0,0,0,9.514563000266207,0.0,0.023723001504549757,4.693982155655223,9.4,503.109375,False
1773598335.4863381,495,0,0,0,0,9.538804002659163,0.0,0.02355600008741021,4.693982155655223,9.4,503.109375,False
1773598335.6992888,496,0,0,0,0,9.466784002142958,0.0,0.024296001356560737,4.693982155655223,9.4,503.109375,False
1773598335.9123042,497,0,0,0,0,9.482710000156658,0.0,0.024517998099327087,4.693982155655223,9.4,503.109375,False
1773598336.1253824,498,0,0,0,0,9.584580999216996,0.0,0.025221997930202633,4.695116067528652,18.8,503.109375,False
1773598336.338427,499,0,0,0,0,9.583710998413153,0.0,0.024870001652743667,4.695116067528652,9.4,503.109375,False
1773598336.551376,500,0,0,0,0,9.545581000566017,0.0,0.025074001314351335,4.695116067528652,9.4,503.109375,False
1773598336.7643187,501,0,0,0,0,9.497969000221929,0.0,0.026130001060664654,4.695116067528652,14.1,503.109375,False
1773598336.9772682,502,0,0,0,0,9.49748800121597,0.0,0.026869998691836372,4.695116067528652,9.4,503.109375,False
1773598337.1903257,503,0,0,0,0,9.51167300081579,0.0,0.025630000891396776,4.695159164881949,18.8,503.109375,False
1773598337.403335,504,0,0,0,0,9.573191997333197,0.0,0.02607400165288709,4.695159164881949,9.4,503.109375,False
1773598337.6163304,505,0,0,0,0,9.505431997240521,0.0,0.02664800194907002,4.695159164881949,9.4,503.109375,False
1773598337.8292978,506,0,0,0,0,9.499766001681564,0.0,0.02633400072227232,4.695159164881949,9.4,503.109375,False
1773598338.042248,507,0,0,0,0,9.499135998339625,0.0,0.02494400177965872,4.695159164881949,9.4,503.109375,False
1773598338.2553108,508,0,0,0,0,9.46506200125441,0.0,0.025518998882034793,4.694613673834183,18.8,503.109375,False
1773598338.46827,509,0,0,0,0,9.49471100102528,0.0,0.025907000235747546,4.694613673834183,9.4,503.109375,False
1773598338.6812491,510,0,0,0,0,9.530987998005003,0.0,0.025592999008949846,4.694613673834183,9.4,503.109375,False
1773598338.8941438,511,0,0,0,0,9.460655001021223,0.0,0.02596299964352511,4.694613673834183,9.4,503.109375,False
1773598339.1070864,512,0,0,0,0,9.439561999897705,0.0,0.025814999389695004,4.694613673834183,9.4,503.109375,False
1773598339.3200824,513,0,0,0,0,9.464266000577481,0.0,0.026444999093655497,4.695550230685492,18.8,503.109375,False
1773598339.5331748,514,0,0,0,0,9.61415499841678,0.0,0.02525900345062837,4.695550230685492,9.4,503.109375,False
1773598339.7461865,515,0,0,0,0,9.479970001848415,0.0,0.024852000933606178,4.695550230685492,9.4,503.109375,False
1773598339.9591053,516,0,0,0,0,9.440339999855496,0.0,0.02637100260471925,4.695550230685492,9.4,503.109375,False
1773598340.172099,517,0,0,0,0,9.490006999840261,0.0,0.02663000122993253,4.695550230685492,14.1,503.109375,False
1773598340.3851192,518,0,0,0,0,9.532617998047499,0.0,0.02581500302767381,4.694971013957404,14.1,503.109375,False
1773598340.5982168,519,0,0,0,0,9.558191999531118,0.0,0.02681499972823076,4.694971013957404,9.4,503.125,False
1773598340.8112552,520,0,0,0,0,9.51463599994895,0.0,0.026945002900902182,4.694971013957404,14.1,503.125,False
1773598341.024243,521,0,0,0,0,9.45213700106251,0.0,0.026980997063219547,4.694971013957404,9.4,503.125,False
1773598341.2371871,522,0,0,0,0,9.460913999646436,0.0,0.026130001060664654,4.694971013957404,9.4,503.125,False
1773598341.4500356,523,0,0,0,0,9.394431999680819,0.0,0.02607400165288709,4.694520143784723,18.8,504.4375,False
1773598341.6629338,524,0,0,0,0,9.468227999605006,0.0,0.026149002223974094,4.694520143784723,9.4,504.4375,False
1773598341.8758304,525,0,0,0,0,9.456248000788037,0.0,0.026129997422685847,4.694520143784723,9.4,504.4375,False
1773598342.088894,526,0,0,0,0,9.503876997769112,0.0,0.026554997020866722,4.694520143784723,9.4,504.4375,False
1773598342.301842,527,0,0,0,0,9.492544002569048,0.0,0.025388999347342178,4.694520143784723,9.4,504.4375,False
1773598342.5148976,528,0,0,0,0,9.537932997773169,0.0,0.0256669991358649,4.696406177218818,18.8,504.4375,False
1773598342.727787,529,0,0,0,0,9.461228000873234,0.0,0.0262039975496009,4.696406177218818,9.4,504.4375,False
1773598342.940799,530,0,0,0,0,9.449858000152744,0.0,0.052407998737180606,4.696406177218818,9.4,504.4375,False
1773598343.1538484,531,0,0,0,0,9.45385900195106,0.0,0.025092998839681968,4.696406177218818,9.4,504.4375,False
1773598343.3667097,532,0,0,0,0,9.4218579979497,0.0,0.02562999725341797,4.696406177218818,9.4,504.4375,False
1773598343.5796206,533,0,0,0,0,9.445617000892526,0.0,0.028111000574426726,4.695438791320001,18.8,504.4375,False
1773598343.7925427,534,0,0,0,0,9.444692001125077,0.0,0.02601899905130267,4.695438791320001,9.4,504.4375,False
1773598344.0055661,535,0,0,0,0,9.555396001815097,0.0,0.024815002689138055,4.695438791320001,9.4,504.4375,False
1773598344.2185583,536,0,0,0,0,9.535413999401499,0.0,0.025592999008949846,4.695438791320001,4.7,504.4375,False
1773598344.4314191,537,0,0,0,0,9.401876999618253,0.0,0.025352001102874056,4.695438791320001,14.1,504.4375,False
1773598344.6439526,538,0,0,0,0,8.983244002592983,0.0,0.02525900345062837,4.6957909998264675,14.1,504.4375,False
1773598344.856909,539,0,0,0,0,9.543691998260329,0.0,0.025221997930202633,4.6957909998264675,9.4,504.4375,False
1773598345.0699062,540,0,0,0,0,9.483820998866577,0.0,0.025463003112236038,4.6957909998264675,14.1,504.4375,False
1773598345.2827911,541,0,0,0,0,9.383395001350436,0.0,0.027222999051446095,4.6957909998264675,9.4,504.453125,False
1773598345.4956272,542,0,0,0,0,9.331172001111554,0.0,0.025630000891396776,4.6957909998264675,9.4,504.453125,False
1773598345.7084227,543,0,0,0,0,9.270949998608558,0.0,0.02568499985500239,4.698417933078946,18.8,504.453125,False
1773598345.9213848,544,0,0,0,0,9.456840001803357,0.0,0.025371002266183496,4.698417933078946,9.4,504.453125,False
1773598346.1343682,545,0,0,0,0,9.415876000275603,0.0,0.02564899841672741,4.698417933078946,9.4,504.46875,False
1773598346.3473945,546,0,0,0,0,9.37913499728893,0.0,0.02568499985500239,4.698417933078946,14.1,504.46875,False
1773598346.5603287,547,0,0,0,0,9.421116999874357,0.0,0.025574001483619213,4.698417933078946,9.4,504.46875,False
1773598346.7733424,548,0,0,0,0,9.471247998590115,0.0,0.025092998839681968,4.6963315060695185,18.8,504.46875,False
1773598346.9864373,549,0,0,0,0,9.569044003001181,0.0,0.025093002477660775,4.6963315060695185,9.4,504.46875,False
1773598347.1992674,550,0,0,0,0,9.390320999955293,0.0,0.02572300218162127,4.6963315060695185,9.4,504.46875,False
1773598347.412151,551,0,0,0,0,9.444914001505822,0.0,0.02518499968573451,4.6963315060695185,9.4,504.46875,False
1773598347.6252573,552,0,0,0,0,9.602673999324907,0.0,0.025019002350745723,4.6963315060695185,9.4,504.46875,False
1773598347.83822,553,0,0,0,0,9.477876999881119,0.0,0.02592699820525013,4.695098198126395,18.8,504.46875,False
1773598348.051151,554,0,0,0,0,9.482098997978028,0.0,0.02626000059535727,4.695098198126395,9.4,504.46875,False
1773598348.2641544,555,0,0,0,0,9.467025000049034,0.0,0.025167002604575828,4.695098198126395,9.4,504.46875,False
1773598348.4771016,556,0,0,0,0,9.490561998973135,0.0,0.027240999770583585,4.695098198126395,9.4,504.46875,False
1773598348.6900697,557,0,0,0,0,9.51995099967462,0.0,0.02633300027810037,4.695098198126395,9.4,504.46875,False
1773598348.9030325,558,0,0,0,0,9.447413998714183,0.0,0.027037000108975917,4.695916125417776,18.8,504.46875,False
1773598349.115978,559,0,0,0,0,9.47052499759593,0.0,0.0235740008065477,4.695916125417776,9.4,504.46875,False
1773598349.329024,560,0,0,0,0,9.486988001299324,0.0,0.02325899913557805,4.695916125417776,9.4,504.46875,False
1773598349.542156,561,0,0,0,0,9.592747999704443,0.0,0.02535199746489525,4.695916125417776,9.4,504.46875,False
1773598349.755109,562,0,0,0,0,9.487747000093805,0.0,0.02651899922057055,4.695916125417776,9.4,504.46875,False
1773598349.9680417,563,0,0,0,0,9.430190999410115,0.0,0.026166999305132776,4.6945474667846225,18.8,504.46875,False
1773598350.1810913,564,0,0,0,0,9.520858999167103,0.0,0.02624099943204783,4.6945474667846225,9.4,504.46875,False
1773598350.3940744,565,0,0,0,0,9.517544000118505,0.0,0.025945002562366426,4.6945474667846225,9.4,504.46875,False
1773598350.6070826,566,0,0,0,0,9.525377001409652,0.0,0.02596299964352511,4.6945474667846225,9.4,504.46875,False
1773598350.820022,567,0,0,0,0,9.488562998740235,0.0,0.02631499955896288,4.6945474667846225,9.4,504.46875,False
1773598351.0330713,568,0,0,0,0,9.533006999845384,0.0,0.02624099943204783,4.694989933480151,18.8,504.46875,False
1773598351.2460232,569,0,0,0,0,9.493803001532797,0.0,0.026944999262923375,4.694989933480151,9.4,504.46875,False
1773598351.459088,570,0,0,0,0,9.52234099895577,0.0,0.02601899905130267,4.694989933480151,14.1,504.46875,False
1773598351.6720638,571,0,0,0,0,9.433561001060298,0.0,0.02663000122993253,4.694989933480151,9.4,504.46875,False
1773598351.8850636,572,0,0,0,0,9.512358999927528,0.0,0.025926001399056986,4.694989933480151,9.4,504.46875,False
1773598352.098064,573,0,0,0,0,9.563654999510618,0.0,0.02568499985500239,4.694935277497129,18.8,504.46875,False
1773598352.3111248,574,0,0,0,0,9.513951001281384,0.0,0.025130000722128898,4.694935277497129,9.4,504.46875,False
1773598352.524065,575,0,0,0,0,9.451395999349188,0.0,0.0259810003626626,4.694935277497129,9.4,504.46875,False
1773598352.7370865,576,0,0,0,0,9.532080999633763,0.0,0.025056000595213845,4.694935277497129,9.4,504.46875,False
1773598352.9500394,577,0,0,0,0,9.460413999477169,0.0,0.025648001610534266,4.694935277497129,9.4,504.46875,False
1773598353.1624582,578,0,0,0,0,8.961374001955846,0.0,0.02627700087032281,4.694934226433004,18.8,504.46875,False
1773598353.375463,579,0,0,0,0,9.449321001739008,0.0,0.02626000059535727,4.694934226433004,9.4,504.46875,False
1773598353.5884027,580,0,0,0,0,9.486358998401556,0.0,0.026351997803431004,4.694934226433004,9.4,504.46875,False
1773598353.8009186,581,0,0,0,0,8.97472600263427,0.0,0.02459299867041409,4.694934226433004,9.4,504.46875,False
1773598354.013893,582,0,0,0,0,9.530489001917886,0.0,0.026166999305132776,4.694934226433004,9.4,504.46875,False
1773598354.2270837,583,0,0,0,0,9.724601000925759,0.0,0.02407400097581558,4.6998330862196624,18.8,504.46875,False
1773598354.4400842,584,0,0,0,0,9.508598999673268,0.0,0.026666999474400654,4.6998330862196624,9.4,504.46875,False
1773598354.653065,585,0,0,0,0,9.502618002443342,0.0,0.025648001610534266,4.6998330862196624,9.4,504.46875,False
1773598354.866108,586,0,0,0,0,9.524433000478894,0.0,0.026204001187579706,4.6998330862196624,9.4,504.46875,False
1773598355.0790517,587,0,0,0,0,9.402340001543052,0.0,0.026666999474400654,4.6998330862196624,9.4,504.46875,False
1773598355.291986,588,0,0,0,0,9.41578399942955,0.0,0.026482000976102427,4.69417548094464,18.8,504.46875,False
1773598355.5050786,589,0,0,0,0,9.545265998895047,0.0,0.02520400084904395,4.69417548094464,9.4,504.46875,False
1773598355.7187693,590,0,0,0,0,10.180066998145776,0.0,0.02633300027810037,4.69417548094464,9.4,504.46875,False
1773598355.9317014,591,0,0,0,0,9.39522899716394,0.0,0.026388999685877934,4.69417548094464,9.4,504.46875,False
1773598356.1441069,592,0,0,0,0,8.934392000810476,0.0,0.026926001737592742,4.69417548094464,9.4,504.46875,False
1773598356.356985,593,0,0,0,0,9.445931998925516,0.0,0.026628997147781774,4.694697748969402,18.8,504.46875,False
1773598356.570014,594,0,0,0,0,9.566933000314748,0.0,0.026204001187579706,4.694697748969402,9.4,504.46875,False
1773598356.782913,595,0,0,0,0,9.44241300021531,0.0,0.0262039975496009,4.694697748969402,9.4,504.46875,False
1773598356.9959586,596,0,0,0,0,9.567395998601569,0.0,0.027185000362806022,4.694697748969402,9.4,504.46875,False
1773598357.208954,597,0,0,0,0,9.47754400112899,0.0,0.02598200080683455,4.694697748969402,14.1,504.46875,False
1773598357.421962,598,0,0,0,0,9.480135999183403,0.0,0.02601899905130267,4.695513434083643,14.1,504.46875,False
1773598357.6344585,599,0,0,0,0,9.041929999511922,0.0,0.025610999728087336,4.695513434083643,14.1,504.46875,False
1773598357.8474379,600,0,0,0,0,9.463580001465743,0.0,0.026130001060664654,4.695513434083643,9.4,504.46875,False
1773598358.060308,601,0,0,0,0,9.403339001437416,0.0,0.026982001145370305,4.695513434083643,9.4,504.46875,False
1773598358.2734156,602,0,0,0,0,9.491970002272865,0.0,0.024982000468298793,4.695513434083643,9.4,500.828125,False
1773598358.486255,603,0,0,0,0,9.414339998329524,0.0,0.02568499985500239,4.697315041786723,14.1,503.328125,False
1773598358.6995664,604,0,0,0,0,9.808046001126058,0.0,0.026277997676515952,4.697315041786723,14.1,503.328125,False
1773598358.9126253,605,0,0,0,0,9.564044001308503,0.0,0.02601899905130267,4.697315041786723,9.4,503.328125,False
1773598359.1255732,606,0,0,0,0,9.48546899962821,0.0,0.02572299854364246,4.697315041786723,9.4,503.328125,False
1773598359.3386238,607,0,0,0,0,9.428024997760076,0.0,0.025536999601172283,4.697315041786723,9.4,503.328125,False
1773598359.551544,608,0,0,0,0,9.425229000044055,0.0,0.02562999725341797,4.693664884531231,14.1,503.328125,False
1773598359.7645705,609,0,0,0,0,9.502524997515138,0.0,0.02603800021461211,4.693664884531231,14.1,503.328125,False
1773598359.9775603,610,0,0,0,0,9.534691998851486,0.0,0.0260560009337496,4.693664884531231,9.4,503.328125,False
1773598360.1904871,611,0,0,0,0,9.466692001296906,0.0,0.02512999708415009,4.693664884531231,9.4,503.328125,False
1773598360.403443,612,0,0,0,0,9.431283997400897,0.0,0.0255190025200136,4.693664884531231,9.4,503.34375,False
1773598360.61632,613,0,0,0,0,9.427580000192393,0.0,0.02661100006662309,4.6957920512742435,18.8,503.34375,False
1773598360.8293111,614,0,0,0,0,9.4410429992422,0.0,0.025037003069883212,4.6957920512742435,9.4,503.34375,False
1773598361.042156,615,0,0,0,0,9.424192001461051,0.0,0.025369998184032738,4.6957920512742435,9.4,503.34375,False
1773598361.2550259,616,0,0,0,0,9.414079999260139,0.0,0.02635300188558176,4.6957920512742435,14.1,503.34375,False
1773598361.4679189,617,0,0,0,0,9.395542998390738,0.0,0.026908001018455252,4.6957920512742435,9.4,503.34375,False
1773598361.6808417,618,0,0,0,0,9.220635001838673,0.0,0.09372299973620102,4.696825852215019,14.1,503.34375,False
1773598361.8939233,619,0,0,0,0,9.540600000036648,0.0,0.02459299867041409,4.696825852215019,9.4,503.34375,False
1773598362.1069033,620,0,0,0,0,9.520840001641773,0.0,0.02603699977044016,4.696825852215019,14.1,503.34375,False
1773598362.3198018,621,0,0,0,0,9.43933999951696,0.0,0.026130001060664654,4.696825852215019,9.4,503.34375,False
1773598362.5328372,622,0,0,0,0,9.532970001600916,0.0,0.025630000891396776,4.696825852215019,9.4,503.34375,False
1773598362.7458534,623,0,0,0,0,9.495117999904323,0.0,0.02464900171617046,4.695282154362613,18.8,503.34375,False
1773598362.9590454,624,0,0,0,0,9.579637000570074,0.0,0.026481000531930476,4.695282154362613,9.4,503.34375,False
1773598363.171958,625,0,0,0,0,9.46802500038757,0.0,0.026055997295770794,4.695282154362613,9.4,503.34375,False
1773598363.3849869,626,0,0,0,0,9.563081002852414,0.0,0.025074001314351335,4.695282154362613,9.4,503.34375,False
1773598363.597934,627,0,0,0,0,9.519414001260884,0.0,0.024444998416583985,4.695282154362613,9.4,503.34375,False
1773598363.8108826,628,0,0,0,0,9.47037700098008,0.0,0.025667002773843706,4.694603164654014,18.8,503.34375,False
1773598364.0239952,629,0,0,0,0,9.575987998687197,0.0,0.02490800034138374,4.694603164654014,9.4,503.34375,False
1773598364.2371733,630,0,0,0,0,9.522987998934695,0.0,0.025371002266183496,4.694603164654014,9.4,503.359375,False
1773598364.4501302,631,0,0,0,0,9.524637000140501,0.0,0.026612000510795042,4.694603164654014,9.4,503.359375,False
1773598364.6630552,632,0,0,0,0,9.452785001485609,0.0,0.025592002202756703,4.694603164654014,9.4,503.375,False
1773598364.8759758,633,0,0,0,0,9.484654998232145,0.0,0.024795997887849808,4.694407702478947,18.8,503.375,False
1773598365.0889704,634,0,0,0,0,9.457061998546124,0.0,0.025536999601172283,4.694407702478947,9.4,503.375,False
1773598365.3019235,635,0,0,0,0,9.49746900005266,0.0,0.02570400101831183,4.694407702478947,9.4,503.375,False
1773598365.5149012,636,0,0,0,0,9.474635997321457,0.0,0.025258999812649563,4.694407702478947,9.4,503.375,False
1773598365.727895,637,0,0,0,0,9.442431997740641,0.0,0.02738900002441369,4.694407702478947,9.4,503.375,False
1773598365.9408646,638,0,0,0,0,9.472636000282364,0.0,0.02548200063756667,4.695302127621465,18.8,503.375,False
1773598366.1538532,639,0,0,0,0,9.53258099980303,0.0,0.026462999812792987,4.695302127621465,9.4,503.375,False
1773598366.3667903,640,0,0,0,0,9.417746998224175,0.0,0.026425997930346057,4.695302127621465,9.4,503.375,False
1773598366.5797791,641,0,0,0,0,9.463710001000436,0.0,0.026592999347485602,4.695302127621465,14.1,503.375,False
1773598366.7927895,642,0,0,0,0,9.44135800091317,0.0,0.02546299947425723,4.695302127621465,9.4,503.375,False
1773598367.0056725,643,0,0,0,0,9.441007001441903,0.0,0.025352001102874056,4.695546025330377,18.8,503.375,False
1773598367.2185662,644,0,0,0,0,9.429449997696793,0.0,0.026592999347485602,4.695546025330377,9.4,503.375,False
1773598367.4315147,645,0,0,0,0,9.461412999371532,0.0,0.02492600106052123,4.695546025330377,9.4,503.375,False
1773598367.6443763,646,0,0,0,0,9.397025001817383,0.0,0.02681499972823076,4.695546025330377,9.4,503.375,False
1773598367.8573763,647,0,0,0,0,9.451414000068326,0.0,0.025371002266183496,4.695546025330377,9.4,503.375,False
1773598368.0704436,648,0,0,0,0,9.4337100017583,0.0,0.026185000024270266,4.696365160378091,18.8,503.375,False
1773598368.2834044,649,0,0,0,0,9.422914001333993,0.0,0.02653699993970804,4.696365160378091,9.4,503.375,False
1773598368.4963553,650,0,0,0,0,9.493580997514073,0.0,0.026241003070026636,4.696365160378091,9.4,503.375,False
1773598368.7093086,651,0,0,0,0,9.45806199888466,0.0,0.024925997422542423,4.696365160378091,9.4,503.375,False
1773598368.9222536,652,0,0,0,0,9.444580002309522,0.0,0.025111003196798265,4.696365160378091,14.1,503.375,False
1773598369.135194,653,0,0,0,0,9.494802998233354,0.0,0.024480999854858965,4.695631185239636,18.8,503.375,False
1773598369.348106,654,0,0,0,0,9.421506001672242,0.0,0.024778000806691125,4.695631185239636,9.4,503.375,False
1773598369.561053,655,0,0,0,0,9.489600000961218,0.0,0.025073997676372528,4.695631185239636,9.4,503.375,False
1773598369.7739675,656,0,0,0,0,9.456709998630686,0.0,0.024834000214468688,4.695631185239636,9.4,503.375,False
1773598369.986793,657,0,0,0,0,9.382079999340931,0.0,0.02486999801476486,4.695631185239636,9.4,503.375,False
1773598370.199774,658,0,0,0,0,9.429747002286604,0.0,0.025926001399056986,4.696513455420396,18.8,503.375,False
1773598370.4127882,659,0,0,0,0,9.418394998647273,0.0,0.05175899786991067,4.696513455420396,9.4,503.375,False
1773598370.625777,660,0,0,0,0,9.470487999351462,0.0,0.02653699993970804,4.696513455420396,9.4,503.375,False
1773598370.838668,661,0,0,0,0,9.434543000679696,0.0,0.025352001102874056,4.696513455420396,9.4,503.375,False
1773598371.051529,662,0,0,0,0,9.383543001604266,0.0,0.025538000045344234,4.696513455420396,9.4,503.375,False
1773598371.2643995,663,0,0,0,0,9.413173000211827,0.0,0.028500002372311428,4.6963662120830065,18.8,503.375,False
1773598371.4774728,664,0,0,0,0,9.570377998898039,0.0,0.02594399848021567,4.6963662120830065,9.4,504.515625,False
1773598371.690345,665,0,0,0,0,9.408765999978641,0.0,0.02433400004520081,4.6963662120830065,9.4,504.515625,False
1773598371.9032922,666,0,0,0,0,9.44465499924263,0.0,0.025408000510651618,4.6963662120830065,9.4,504.515625,False
1773598372.116277,667,0,0,0,0,9.40735800031689,0.0,0.025592999008949846,4.6963662120830065,9.4,504.515625,False
1773598372.329278,668,0,0,0,0,9.448877000977518,0.0,0.02438900264678523,4.6955838737975855,18.8,504.515625,False
1773598372.5422735,669,0,0,0,0,9.444043997064,0.0,0.02657500226632692,4.6955838737975855,9.4,504.515625,False
1773598372.7551694,670,0,0,0,0,9.465302999160485,0.0,0.026685000193538144,4.6955838737975855,9.4,504.515625,False
1773598372.9680989,671,0,0,0,0,9.413784002390457,0.0,0.02681499972823076,4.6955838737975855,9.4,504.515625,False
1773598373.1811042,672,0,0,0,0,9.447210002690554,0.0,0.025110999558819458,4.6955838737975855,14.1,504.515625,False
1773598373.3934937,673,0,0,0,0,8.948115002567647,0.0,0.025592999008949846,4.696005504922835,14.1,504.515625,False
1773598373.606463,674,0,0,0,0,9.533655000268482,0.0,0.026388999685877934,4.696005504922835,9.4,504.515625,False
1773598373.8193972,675,0,0,0,0,9.390727998834336,0.0,0.025075001758523285,4.696005504922835,14.1,504.515625,False
1773598374.0323756,676,0,0,0,0,9.522544001811184,0.0,0.027147998480359092,4.696005504922835,9.4,504.515625,False
1773598374.2453756,677,0,0,0,0,9.464468999794917,0.0,0.025833996915025637,4.696005504922835,9.4,504.515625,False
1773598374.458343,678,0,0,0,0,9.479431999352528,0.0,0.024500001018168405,4.6980169174595625,18.8,504.515625,False
1773598374.671248,679,0,0,0,0,9.468079999351176,0.0,0.025314999220427126,4.6980169174595625,9.4,504.515625,False
1773598374.884091,680,0,0,0,0,9.382005002407823,0.0,0.025277997337980196,4.6980169174595625,4.7,504.515625,False
1773598375.0970042,681,0,0,0,0,9.438764998776605,0.0,0.024684999516466632,4.6980169174595625,14.1,504.515625,False
1773598375.3098338,682,0,0,0,0,9.398523998243036,0.0,0.02522200156818144,4.6980169174595625,9.4,504.515625,False
1773598375.5227559,683,0,0,0,0,9.466728999541374,0.0,0.02546299947425723,4.6972855823271225,14.1,504.53125,False
1773598375.7356691,684,0,0,0,0,9.405857999809086,0.0,0.026110999897355214,4.6972855823271225,14.1,504.53125,False
1773598375.948528,685,0,0,0,0,9.355302001495147,0.0,0.02663000122993253,4.6972855823271225,4.7,504.53125,False
1773598376.1615021,686,0,0,0,0,9.446617001231061,0.0,0.025278000975959003,4.6972855823271225,9.4,504.53125,False
1773598376.3743873,687,0,0,0,0,9.417617999133654,0.0,0.025869998353300616,4.6972855823271225,9.4,504.53125,False
1773598376.587314,688,0,0,0,0,9.435858999495395,0.0,0.02461099938955158,4.696767997821324,23.5,504.53125,False
1773598376.8002365,689,0,0,0,0,9.4367109995801,0.0,0.025001001631608233,4.696767997821324,9.4,504.53125,False
1773598377.0131598,690,0,0,0,0,9.470765999139985,0.0,0.025592002202756703,4.696767997821324,9.4,504.53125,False
1773598377.2260296,691,0,0,0,0,9.435949999897275,0.0,0.025945002562366426,4.696767997821324,9.4,504.53125,False
1773598377.4389799,692,0,0,0,0,9.476395000092452,0.0,0.02461099938955158,4.696767997821324,9.4,504.53125,False
1773598377.6520364,693,0,0,0,0,9.56317400050466,0.0,0.026462999812792987,4.696721715332554,18.8,504.53125,False
1773598377.86504,694,0,0,0,0,9.456414001761004,0.0,0.025148001441266388,4.696721715332554,9.4,504.53125,False
1773598378.078099,695,0,0,0,0,9.475099999690428,0.0,0.026944999262923375,4.696721715332554,9.4,504.53125,False
1773598378.2911203,696,0,0,0,0,9.56037799915066,0.0,0.02574099926277995,4.696721715332554,9.4,504.53125,False
1773598378.5040624,697,0,0,0,0,9.400155002367683,0.0,0.024777997168712318,4.696721715332554,14.1,504.53125,False
1773598378.7171133,698,0,0,0,0,9.549025999149308,0.0,0.02631499955896288,4.69423116998757,14.1,504.53125,False
1773598378.930129,699,0,0,0,0,9.569821999320993,0.0,0.025518998882034793,4.69423116998757,9.4,504.53125,False
1773598379.143102,700,0,0,0,0,9.445505998883164,0.0,0.025592999008949846,4.69423116998757,14.1,504.53125,False
1773598379.356052,701,0,0,0,0,9.481117998802802,0.0,0.02570400101831183,4.69423116998757,9.4,504.53125,False
1773598379.5692725,702,0,0,0,0,9.759896998730255,0.0,0.024388999008806422,4.69423116998757,9.4,504.53125,False
1773598379.7821758,703,0,0,0,0,9.488876999967033,0.0,0.02572300218162127,4.6942584896238,18.8,504.53125,False
1773598379.99514,704,0,0,0,0,9.539191996736918,0.0,0.024815002689138055,4.6942584896238,9.4,504.53125,False
1773598380.2081125,705,0,0,0,0,9.451838999666506,0.0,0.025221997930202633,4.6942584896238,9.4,504.53125,False
1773598380.4211857,706,0,0,0,0,9.487766001257114,0.0,0.02490800034138374,4.6942584896238,9.4,504.53125,False
1773598380.63418,707,0,0,0,0,9.497210001427447,0.0,0.02550000135670416,4.6942584896238,9.4,504.53125,False
1773598380.847095,708,0,0,0,0,9.461117999308044,0.0,0.02622299871291034,4.695177034748284,18.8,504.53125,False
1773598381.0595825,709,0,0,0,0,8.979614998679608,0.0,0.024852000933606178,4.695177034748284,9.4,504.53125,False
1773598381.272553,710,0,0,0,0,9.536637000564951,0.0,0.025907000235747546,4.695177034748284,9.4,504.53125,False
1773598381.485542,711,0,0,0,0,9.535026001685765,0.0,0.025612000172259286,4.695177034748284,9.4,504.53125,False
1773598381.6985333,712,0,0,0,0,9.47611700030393,0.0,0.02633300027810037,4.695177034748284,9.4,504.53125,False
1773598381.9113648,713,0,0,0,0,9.20833800046239,0.0,0.025852001272141933,4.697487597470842,18.8,500.71875,False
1773598382.1243963,714,0,0,0,0,9.499302999756765,0.0,0.02522200156818144,4.697487597470842,9.4,503.21875,False
1773598382.3374171,715,0,0,0,0,9.53961800041725,0.0,0.0248889991780743,4.697487597470842,9.4,503.234375,False
1773598382.5503101,716,0,0,0,0,9.43121000091196,0.0,0.0254259975918103,4.697487597470842,9.4,503.234375,False
1773598382.763275,717,0,0,0,0,9.440988000278594,0.0,0.024925997422542423,4.697487597470842,9.4,503.234375,False
1773598382.9762807,718,0,0,0,0,9.428338998986874,0.0,0.026165998860960826,4.69594031012456,18.8,503.234375,False
1773598383.189215,719,0,0,0,0,9.472988000197802,0.0,0.026443998649483547,4.69594031012456,9.4,503.234375,False
1773598383.4021957,720,0,0,0,0,9.458395001274766,0.0,0.02492600106052123,4.69594031012456,9.4,503.234375,False
1773598383.6151528,721,0,0,0,0,9.500598996964982,0.0,0.027278001653030515,4.69594031012456,9.4,503.234375,False
1773598383.8282373,722,0,0,0,0,9.472543999436311,0.0,0.0265179987763986,4.69594031012456,14.1,503.234375,False
1773598384.041194,723,0,0,0,0,9.431784001208143,0.0,0.02535199746489525,4.695083482250199,14.1,503.234375,False
1773598384.254185,724,0,0,0,0,9.473359001276549,0.0,0.025796998670557514,4.695083482250199,9.4,503.234375,False
1773598384.4670434,725,0,0,0,0,9.427357999811647,0.0,0.025130000722128898,4.695083482250199,14.1,503.234375,False
1773598384.6800003,726,0,0,0,0,9.508914001344237,0.0,0.026185000024270266,4.695083482250199,9.4,503.234375,False
1773598384.8930118,727,0,0,0,0,9.478099000261864,0.0,0.025445002393098548,4.695083482250199,9.4,503.234375,False
1773598385.105983,728,0,0,0,0,9.500783999101259,0.0,0.0259810003626626,4.695926640477073,18.8,503.234375,False
1773598385.3190129,729,0,0,0,0,9.461044002819108,0.0,0.025240999093512073,4.695926640477073,9.4,503.234375,False
1773598385.5319602,730,0,0,0,0,9.4181180029409,0.0,0.02592599776107818,4.695926640477073,9.4,503.234375,False
1773598385.7448988,731,0,0,0,0,9.459098997467663,0.0,0.02512999708415009,4.695926640477073,9.4,503.234375,False
1773598385.9578478,732,0,0,0,0,9.428784000192536,0.0,0.024684999516466632,4.695926640477073,9.4,503.234375,False
1773598386.1707053,733,0,0,0,0,9.416598997631809,0.0,0.025649002054706216,4.695601746896974,18.8,503.234375,False
1773598386.3836184,734,0,0,0,0,9.434876999875996,0.0,0.025296998501289636,4.695601746896974,9.4,503.234375,False
1773598386.5966632,735,0,0,0,0,9.493432997260243,0.0,0.026204001187579706,4.695601746896974,14.1,503.234375,False
1773598386.8096504,736,0,0,0,0,9.458005999476882,0.0,0.02518600012990646,4.695601746896974,9.4,504.546875,False
1773598387.0227349,737,0,0,0,0,9.62382199941203,0.0,0.025036999431904405,4.695601746896974,9.4,504.546875,False
1773598387.2355704,738,0,0,0,0,9.362431999761611,0.0,0.026091998734045774,4.695306332539719,18.8,504.546875,False
1773598387.448606,739,0,0,0,0,9.54508099675877,0.0,0.024925997422542423,4.695306332539719,9.4,504.546875,False
1773598387.6616707,740,0,0,0,0,9.503747998678591,0.0,0.025630000891396776,4.695306332539719,9.4,504.546875,False
1773598388.1297433,741,1,0,0,0,9.499062998656882,255.05170800170163,0.013667002349393442,3.9806212650273816,113.2,504.5625,True
1773598388.3401268,742,0,0,0,0,7.191417000285583,0.0,0.022814998374087736,3.9806212650273816,9.5,504.5625,False
1773598388.5504048,743,0,0,0,0,7.0873610020498745,0.0,0.022000000171829015,3.9806212650273816,9.5,504.5625,False
1773598388.7607012,744,0,0,0,0,7.0498420027433895,0.0,0.02292700082762167,3.9806212650273816,14.3,504.5625,False
1773598388.9710188,745,0,0,0,0,7.0697129995096475,0.0,0.021907999325776473,3.9806212650273816,4.8,504.5625,False
1773598389.181386,746,0,0,0,0,7.1203430015884805,0.0,0.021944000764051452,4.754590670069833,9.5,504.5625,False
1773598389.3916168,747,0,0,0,0,7.063139000820229,0.0,0.022111002181190997,4.754590670069833,9.5,504.5625,False
1773598389.60198,748,0,0,0,0,7.097491001331946,0.0,0.022814998374087736,4.754590670069833,14.3,504.5625,False
1773598389.8122501,749,0,0,0,0,7.082249998347834,0.0,0.021888998162467033,4.754590670069833,4.8,504.5625,False
1773598390.022643,750,0,0,0,0,7.119527999748243,0.0,0.022777996491640806,4.754590670069833,9.5,504.5625,False
1773598390.232955,751,0,0,0,0,7.075195000652457,0.0,0.021184998331591487,4.754795488327676,4.8,504.5625,False
1773598390.443205,752,0,0,0,0,7.059582996589597,0.0,0.022203999833436683,4.754795488327676,9.5,504.5625,False
1773598390.6535325,753,0,0,0,0,7.132491002266761,0.0,0.02157400012947619,4.754795488327676,14.3,504.5625,False
1773598390.8637953,754,0,0,0,0,7.079898998199496,0.0,0.022203999833436683,4.754795488327676,9.5,504.578125,False
1773598391.0741386,755,0,0,0,0,7.100268998328829,0.0,0.021906998881604522,4.754795488327676,4.8,504.578125,False
1773598391.284519,756,0,0,0,0,7.096527999237878,0.0,0.020925999706378207,4.754977683607173,4.8,504.578125,False
1773598391.4948664,757,0,0,0,0,7.102231000317261,0.0,0.022203999833436683,4.754977683607173,9.5,504.578125,False
1773598391.7051585,758,0,0,0,0,7.088286998623516,0.0,0.02185199991799891,4.754977683607173,14.3,504.578125,False
1773598391.915506,759,0,0,0,0,7.090620998496888,0.0,0.022554999304702505,4.754977683607173,4.8,504.578125,False
1773598392.1258385,760,0,0,0,0,7.0890089991735294,0.0,0.022536998585565016,4.754977683607173,9.5,504.578125,False
1773598392.33614,761,0,0,0,0,7.101193998096278,0.0,0.022649001039098948,4.7544839559699135,9.5,504.578125,False
1773598392.546622,762,0,0,0,0,7.128101999114733,0.0,0.0224069990508724,4.7544839559699135,4.8,504.578125,False
1773598392.7569542,763,0,0,0,0,7.126361000700854,0.0,0.022276999516179785,4.7544839559699135,14.3,504.578125,False
1773598392.969499,764,0,0,0,0,9.03226300215465,0.0,0.025260000256821513,4.7544839559699135,9.4,504.578125,False
1773598393.1823897,765,0,0,0,0,9.414451000338886,0.0,0.024795997887849808,4.7544839559699135,9.4,504.578125,False
1773598393.395364,766,0,0,0,0,9.382803000335116,0.0,0.025610999728087336,4.720621159005199,9.4,504.578125,False
1773598393.6083379,767,0,0,0,0,9.470265998970717,0.0,0.026573998184176162,4.720621159005199,9.4,504.578125,False
1773598393.8213253,768,0,0,0,0,9.458283999265404,0.0,0.025407000066479668,4.720621159005199,18.8,504.578125,False
1773598394.034253,769,0,0,0,0,9.425857999303844,0.0,0.024537002900615335,4.720621159005199,14.1,504.578125,False
1773598394.2471094,770,0,0,0,0,9.363264998683007,0.0,0.02633400072227232,4.720621159005199,9.4,504.578125,False
1773598394.4601893,771,0,0,0,0,9.432875998754753,0.0,0.026869998691836372,4.6956206715034545,9.4,504.578125,False
1773598394.6732044,772,0,0,0,0,9.475173999817343,0.0,0.02633400072227232,4.6956206715034545,9.4,504.578125,False
1773598394.8861542,773,0,0,0,0,9.401691000675783,0.0,0.02457399750710465,4.6956206715034545,18.8,504.578125,False
1773598395.099208,774,0,0,0,0,9.476709998125443,0.0,0.025851997634163126,4.6956206715034545,9.4,504.578125,False
1773598395.3122299,775,0,0,0,0,9.449023997149197,0.0,0.026426001568324864,4.6956206715034545,9.4,504.578125,False
1773598395.5252328,776,0,0,0,0,9.48904300094,0.0,0.025517998437862843,4.694608419238217,9.4,504.578125,False
1773598395.7381434,777,0,0,0,0,9.423932002391666,0.0,0.02575899998191744,4.694608419238217,14.1,504.578125,False
1773598395.9510453,778,0,0,0,0,9.394561999215512,0.0,0.026073998014908284,4.694608419238217,14.1,504.578125,False
1773598396.1640174,779,0,0,0,0,9.461988000111887,0.0,0.02607400165288709,4.694608419238217,9.4,504.578125,False
1773598396.3769636,780,0,0,0,0,9.433598999748938,0.0,0.024797001970000565,4.694608419238217,14.1,504.578125,False
1773598396.589908,781,0,0,0,0,9.465691997320391,0.0,0.02490800034138374,4.6962768188468065,9.4,504.578125,False
1773598396.8028665,782,0,0,0,0,9.398469002917409,0.0,0.02624099943204783,4.6962768188468065,9.4,504.578125,False
1773598397.016005,783,0,0,0,0,9.519357998215128,0.0,0.025649002054706216,4.6962768188468065,18.8,504.578125,False
1773598397.2290227,784,0,0,0,0,9.485709997534286,0.0,0.026129997422685847,4.6962768188468065,9.4,504.578125,False
1773598397.4421806,785,0,0,0,0,9.449709999898914,0.0,0.02570400101831183,4.6962768188468065,9.4,500.984375,False
1773598397.6552103,786,0,0,0,0,9.429061999981059,0.0,0.026851997972698882,4.693539878880982,9.4,503.484375,False
1773598397.8682241,787,0,0,0,0,9.446080002817325,0.0,0.025556000764481723,4.693539878880982,9.4,503.484375,False
1773598398.081356,788,0,0,0,0,9.597526001016377,0.0,0.026091998734045774,4.693539878880982,18.8,503.484375,False
1773598398.2943358,789,0,0,0,0,9.483358000579756,0.0,0.02631499955896288,4.693539878880982,9.4,503.484375,False
1773598398.5073655,790,0,0,0,0,9.46463699801825,0.0,0.025518998882034793,4.693539878880982,9.4,503.484375,False
1773598398.7204194,791,0,0,0,0,9.447951000765897,0.0,0.026481000531930476,4.693926472520362,9.4,503.484375,False
1773598398.9334202,792,0,0,0,0,9.471635999943828,0.0,0.024777997168712318,4.693926472520362,9.4,503.484375,False
1773598399.146233,793,0,0,0,0,9.30644999971264,0.0,0.025574001483619213,4.693926472520362,18.8,503.484375,False
1773598399.3592274,794,0,0,0,0,9.425005999219138,0.0,0.026425997930346057,4.693926472520362,9.4,503.484375,False
1773598399.5722969,795,0,0,0,0,9.486820999882184,0.0,0.026573998184176162,4.693926472520362,9.4,503.484375,False
1773598399.7852964,796,0,0,0,0,9.483358000579756,0.0,0.02576000042608939,4.695358894653365,9.4,503.484375,False
1773598399.9982889,797,0,0,0,0,9.513839999272022,0.0,0.0265179987763986,4.695358894653365,9.4,503.484375,False
1773598400.2112322,798,0,0,0,0,9.443636001378763,0.0,0.02568499985500239,4.695358894653365,18.8,503.484375,False
1773598400.4243236,799,0,0,0,0,9.510526000667596,0.0,0.02740700074355118,4.695358894653365,9.4,503.484375,False
1773598400.6375277,800,0,0,0,0,9.55845100179431,0.0,0.027001002308679745,4.695358894653365,9.4,503.5,False
1773598400.8505218,801,0,0,0,0,9.487950999755412,0.0,0.025518998882034793,4.693868689531932,9.4,503.5,False
1773598401.0635588,802,0,0,0,0,9.433579998585628,0.0,0.026629997591953725,4.693868689531932,9.4,503.5,False
1773598401.276633,803,0,0,0,0,9.45883999884245,0.0,0.02633400072227232,4.693868689531932,18.8,503.5,False
1773598401.4897237,804,0,0,0,0,9.584322000591783,0.0,0.026092999178217724,4.693868689531932,9.4,503.5,False
1773598401.702702,805,0,0,0,0,9.490413998719305,0.0,0.02679599856492132,4.693868689531932,9.4,503.5,False
1773598401.9156423,806,0,0,0,0,9.431690999917919,0.0,0.026462999812792987,4.6943509584444625,9.4,503.5,False
1773598402.1285968,807,0,0,0,0,9.408746998815332,0.0,0.026203000743407756,4.6943509584444625,9.4,503.5,False
1773598402.3410752,808,0,0,0,0,8.980725997389527,0.0,0.023833999875932932,4.6943509584444625,18.8,503.5,False
1773598402.5540986,809,0,0,0,0,9.573062998242676,0.0,0.026092999178217724,4.6943509584444625,9.4,503.5,False
1773598402.7670043,810,0,0,0,0,9.397080000780988,0.0,0.025408000510651618,4.6943509584444625,9.4,503.5,False
1773598402.9799063,811,0,0,0,0,9.39909899898339,0.0,0.025722001737449318,4.698077960039437,9.4,503.5,False
1773598403.1929646,812,0,0,0,0,9.451506000914378,0.0,0.024722001398913562,4.698077960039437,14.1,503.5,False
1773598403.4060018,813,0,0,0,0,9.534988002997125,0.0,0.02492600106052123,4.698077960039437,14.1,503.5,False
1773598403.6191144,814,0,0,0,0,9.455950999836205,0.0,0.024962999304989353,4.698077960039437,9.4,503.5,False
1773598403.8320775,815,0,0,0,0,9.479173000727315,0.0,0.026147998141823336,4.698077960039437,14.1,503.5,False
1773598404.0451612,816,0,0,0,0,9.501210999587784,0.0,0.025240999093512073,4.693684844033018,9.4,503.5,False
1773598404.258087,817,0,0,0,0,9.41828400027589,0.0,0.025630000891396776,4.693684844033018,9.4,503.5,False
1773598404.470993,818,0,0,0,0,9.411801998794544,0.0,0.025222998374374583,4.693684844033018,18.8,503.5,False
1773598404.6840682,819,0,0,0,0,9.582451999449404,0.0,0.026666999474400654,4.693684844033018,9.4,503.5,False
1773598404.8970435,820,0,0,0,0,9.448655000596773,0.0,0.025648001610534266,4.693684844033018,9.4,503.5,False
1773598405.1100216,821,0,0,0,0,9.476266001001932,0.0,0.02629600203363225,4.695493459027008,9.4,503.5,False
1773598405.3229334,822,0,0,0,0,9.394413002155488,0.0,0.02579600186436437,4.695493459027008,9.4,503.5,False
1773598405.5359237,823,0,0,0,0,9.421987997484393,0.0,0.02598200080683455,4.695493459027008,18.8,503.5,False
1773598405.7488644,824,0,0,0,0,9.424431998922955,0.0,0.024832999770296738,4.695493459027008,9.4,503.5,False
1773598405.9618416,825,0,0,0,0,9.467987998505123,0.0,0.02659200254129246,4.695493459027008,9.4,503.515625,False
1773598406.174692,826,0,0,0,0,9.367301998281619,0.0,0.026943998818751425,4.6963136274142725,9.4,503.515625,False
1773598406.3876426,827,0,0,0,0,9.381821000715718,0.0,0.02487099845893681,4.6963136274142725,9.4,503.515625,False
1773598406.600643,828,0,0,0,0,9.484469999733847,0.0,0.026426001568324864,4.6963136274142725,23.5,503.515625,False
1773598406.813574,829,0,0,0,0,9.450043002289021,0.0,0.026462999812792987,4.6963136274142725,9.4,503.515625,False
1773598407.0265672,830,0,0,0,0,9.438820998184383,0.0,0.025575001927791163,4.6963136274142725,9.4,503.515625,False
1773598407.239449,831,0,0,0,0,9.37476499893819,0.0,0.026796002202900127,4.695917176921587,9.4,503.515625,False
1773598407.4524305,832,0,0,0,0,9.411784001713386,0.0,0.025092998839681968,4.695917176921587,9.4,503.515625,False
1773598407.6653728,833,0,0,0,0,9.425636002561077,0.0,0.02516699896659702,4.695917176921587,18.8,503.515625,False
1773598407.878418,834,0,0,0,0,9.467654999752995,0.0,0.02579700230853632,4.695917176921587,9.4,503.515625,False
1773598408.0913084,835,0,0,0,0,9.40233900109888,0.0,0.024778000806691125,4.695917176921587,9.4,503.515625,False
1773598408.3042247,836,0,0,0,0,9.412321000127122,0.0,0.02624099943204783,4.695815183244432,9.4,503.515625,False
1773598408.5171745,837,0,0,0,0,9.421450999070657,0.0,0.025833000108832493,4.695815183244432,9.4,503.515625,False
1773598408.7300546,838,0,0,0,0,9.397228001034819,0.0,0.02546299947425723,4.695815183244432,18.8,503.515625,False
1773598408.943104,839,0,0,0,0,9.469173000979936,0.0,0.025166002160403877,4.695815183244432,9.4,503.515625,False
1773598409.1560054,840,0,0,0,0,9.385784000187414,0.0,0.026408000849187374,4.695815183244432,9.4,503.515625,False
1773598409.3690064,841,0,0,0,0,9.486692000791663,0.0,0.026147998141823336,4.695777331048236,9.4,503.515625,False
1773598409.581988,842,0,0,0,0,9.454562001337763,0.0,0.02522200156818144,4.695777331048236,9.4,503.515625,False
1773598409.7948728,843,0,0,0,0,9.346282997285016,0.0,0.025536999601172283,4.695777331048236,18.8,503.515625,False
1773598410.0078735,844,0,0,0,0,9.465562001423677,0.0,0.0260560009337496,4.695777331048236,9.4,503.515625,False
1773598410.2208025,845,0,0,0,0,9.409506001247792,0.0,0.05670400059898384,4.695777331048236,9.4,503.515625,False
1773598410.4337213,846,0,0,0,0,9.45259899890516,0.0,0.025852001272141933,4.69610540369024,9.4,503.515625,False
1773598410.6465776,847,0,0,0,0,9.402024999872083,0.0,0.02431499888189137,4.69610540369024,14.1,503.515625,False
1773598410.859265,848,0,0,0,0,9.15767100013909,0.0,0.026629997591953725,4.69610540369024,14.1,503.515625,False
1773598411.072209,849,0,0,0,0,9.462821002671262,0.0,0.026759000320453197,4.69610540369024,9.4,503.515625,False
1773598411.2852075,850,0,0,0,0,9.430932001123438,0.0,0.024593002308392897,4.69610540369024,14.1,503.515625,False
1773598411.498151,851,0,0,0,0,9.411432001797948,0.0,0.026186000468442217,4.697353970925105,9.4,503.515625,False
1773598411.7110066,852,0,0,0,0,9.388283000589581,0.0,0.026167002943111584,4.697353970925105,9.4,503.515625,False
1773598411.923877,853,0,0,0,0,9.390598002937622,0.0,0.026147998141823336,4.697353970925105,18.8,503.515625,False
1773598412.1369283,854,0,0,0,0,9.481655000854516,0.0,0.025926001399056986,4.697353970925105,9.4,503.515625,False
1773598412.349805,855,0,0,0,0,9.419284000614425,0.0,0.025203997211065143,4.697353970925105,9.4,503.515625,False
1773598412.5626197,856,0,0,0,0,9.337469000456622,0.0,0.025870998797472566,4.697209831127723,4.7,503.515625,False
1773598412.7755163,857,0,0,0,0,9.357857998111285,0.0,0.02537099862820469,4.697209831127723,9.4,503.515625,False
1773598412.9883764,858,0,0,0,0,9.359283998492174,0.0,0.026408000849187374,4.697209831127723,18.8,503.53125,False
1773598413.2013502,859,0,0,0,0,9.4653769992874,0.0,0.025426001229789108,4.697209831127723,9.4,503.53125,False
1773598413.4143493,860,0,0,0,0,9.423488001630176,0.0,0.025538000045344234,4.697209831127723,9.4,503.53125,False
1773598413.6273222,861,0,0,0,0,9.503766003035707,0.0,0.02570400101831183,4.696156932084429,14.1,503.53125,False
1773598413.840346,862,0,0,0,0,9.410765997017734,0.0,0.026573998184176162,4.696156932084429,9.4,503.53125,False
1773598414.0533361,863,0,0,0,0,9.479655000177445,0.0,0.026186000468442217,4.696156932084429,18.8,503.53125,False
1773598414.2662814,864,0,0,0,0,9.469469001487596,0.0,0.025407000066479668,4.696156932084429,9.4,503.53125,False
1773598414.4791815,865,0,0,0,0,9.4327839979087,0.0,0.02564799797255546,4.696156932084429,9.4,503.53125,False
1773598414.6920962,866,0,0,0,0,9.4460429972969,0.0,0.026964000426232815,4.695847778680157,9.4,503.53125,False
1773598414.9050677,867,0,0,0,0,9.468431999266613,0.0,0.024999997549457476,4.695847778680157,9.4,503.53125,False
1773598415.1180117,868,0,0,0,0,9.456839998165378,0.0,0.024722001398913562,4.695847778680157,18.8,503.53125,False
1773598415.3311152,869,0,0,0,0,9.550285001751035,0.0,0.02605500048957765,4.695847778680157,9.4,503.53125,False
1773598415.5440853,870,0,0,0,0,9.474025999224978,0.0,0.026444999093655497,4.695847778680157,9.4,503.53125,False
1773598415.7571988,871,0,0,0,0,9.492413999396376,0.0,0.026444999093655497,4.694381431922077,9.4,503.53125,False
1773598415.9701374,872,0,0,0,0,9.46182199913892,0.0,0.025536999601172283,4.694381431922077,9.4,503.53125,False
1773598416.1830997,873,0,0,0,0,9.409338999830652,0.0,0.02603800021461211,4.694381431922077,18.8,503.53125,False
1773598416.3961716,874,0,0,0,0,9.520376999716973,0.0,0.025203997211065143,4.694381431922077,9.4,503.53125,False
1773598416.609203,875,0,0,0,0,9.547691999614472,0.0,0.02601899905130267,4.694381431922077,9.4,503.53125,False
1773598416.822128,876,0,0,0,0,9.395913999469485,0.0,0.02685200161067769,4.695147602099746,9.4,503.53125,False
1773598417.0350018,877,0,0,0,0,9.402987998328172,0.0,0.026166999305132776,4.695147602099746,9.4,503.53125,False
1773598417.247929,878,0,0,0,0,9.437302000151249,0.0,0.02663000122993253,4.695147602099746,18.8,503.53125,False
1773598417.460986,879,0,0,0,0,9.500321000814438,0.0,0.025073997676372528,4.695147602099746,9.4,503.53125,False
1773598417.674012,880,0,0,0,0,9.469969998463057,0.0,0.02603699977044016,4.695147602099746,9.4,503.53125,False
1773598417.8868604,881,0,0,0,0,9.376246998726856,0.0,0.026500001695239916,4.696032845215689,9.4,503.53125,False
1773598418.0998309,882,0,0,0,0,9.486487997492077,0.0,0.02600000152597204,4.696032845215689,9.4,503.53125,False
1773598418.31289,883,0,0,0,0,9.47115500093787,0.0,0.026277997676515952,4.696032845215689,18.8,503.53125,False
1773598418.5259147,884,0,0,0,0,9.562136998283677,0.0,0.025926001399056986,4.696032845215689,9.4,503.53125,False
1773598418.7388902,885,0,0,0,0,9.436524996999651,0.0,0.02655600110301748,4.696032845215689,14.1,503.546875,False
1773598418.9518123,886,0,0,0,0,9.427431999938563,0.0,0.02626000059535727,4.695079277731087,9.4,503.546875,False
1773598419.1649106,887,0,0,0,0,9.519100000034086,0.0,0.027481000870466232,4.695079277731087,9.4,503.546875,False
1773598419.377999,888,0,0,0,0,9.547488996759057,0.0,0.02514899824745953,4.695079277731087,18.8,503.546875,False
1773598419.5910408,889,0,0,0,0,9.576414999173721,0.0,0.02607400165288709,4.695079277731087,9.4,503.546875,False
1773598419.804021,890,0,0,0,0,9.441303001949564,0.0,0.027204001526115462,4.695079277731087,9.4,503.546875,False
1773598420.016995,891,0,0,0,0,9.473858997807838,0.0,0.02609200237202458,4.6940000165632245,9.4,503.546875,False
1773598420.2300146,892,0,0,0,0,9.472117999393959,0.0,0.025814999389695004,4.6940000165632245,9.4,503.546875,False
1773598420.4429018,893,0,0,0,0,9.402006002346752,0.0,0.026110999897355214,4.6940000165632245,18.8,503.546875,False
1773598420.6560283,894,0,0,0,0,9.510173000307987,0.0,0.0262970024778042,4.6940000165632245,9.4,503.546875,False
1773598420.8691075,895,0,0,0,0,9.54602600177168,0.0,0.02494500222383067,4.6940000165632245,9.4,503.546875,False
1773598421.0821397,896,0,0,0,0,9.553747997415485,0.0,0.02487099845893681,4.694230119238681,9.4,503.5625,False
1773598421.2950335,897,0,0,0,0,9.412747000169475,0.0,0.02548100019339472,4.694230119238681,9.4,503.5625,False
1773598421.5079908,898,0,0,0,0,9.478728999965824,0.0,0.025908000679919496,4.694230119238681,18.8,503.5625,False
1773598421.7209685,899,0,0,0,0,9.50047000151244,0.0,0.025888999516610056,4.694230119238681,9.4,503.5625,False
1773598421.933876,900,0,0,0,0,9.466172999964328,0.0,0.025314999220427126,4.694230119238681,9.4,503.5625,False
1773598422.1467605,901,0,0,0,0,9.423228999366984,0.0,0.025926001399056986,4.696498730671177,9.4,503.5625,False
1773598422.35967,902,0,0,0,0,9.365672001877101,0.0,0.02659300298546441,4.696498730671177,9.4,503.5625,False
1773598422.5721278,903,0,0,0,0,8.956187997682719,0.0,0.025130000722128898,4.696498730671177,23.5,503.5625,False
1773598422.78523,904,0,0,0,0,9.541970001009759,0.0,0.024795997887849808,4.696498730671177,9.4,503.5625,False
1773598422.998326,905,0,0,0,0,9.437042997888057,0.0,0.02603800021461211,4.696498730671177,9.4,503.5625,False
1773598423.2111883,906,0,0,0,0,9.391543000674574,0.0,0.02598200080683455,4.6973834312425256,9.4,503.5625,False
1773598423.4240823,907,0,0,0,0,9.425487001863075,0.0,0.02570399738033302,4.6973834312425256,9.4,503.5625,False
1773598423.6371102,908,0,0,0,0,9.484803002123954,0.0,0.02594499892438762,4.6973834312425256,14.1,503.5625,False
1773598423.8500743,909,0,0,0,0,9.52091499857488,0.0,0.025518998882034793,4.6973834312425256,9.4,503.5625,False
1773598424.0629942,910,0,0,0,0,9.442209997359896,0.0,0.02625900015118532,4.6973834312425256,14.1,503.5625,False
1773598424.2760508,911,0,0,0,0,9.414783999091014,0.0,0.02598199716885574,4.695437740030418,9.4,503.5625,False
1773598424.4890091,912,0,0,0,0,9.507711001788266,0.0,0.026110999897355214,4.695437740030418,9.4,503.5625,False
1773598424.7020352,913,0,0,0,0,9.481173001404386,0.0,0.026185000024270266,4.695437740030418,18.8,503.5625,False
1773598424.9150457,914,0,0,0,0,9.495822003373178,0.0,0.025240999093512073,4.695437740030418,9.4,503.5625,False
1773598425.127978,915,0,0,0,0,9.405986998899607,0.0,0.026980997063219547,4.695437740030418,9.4,503.5625,False
1773598425.3410304,916,0,0,0,0,9.551858998747775,0.0,0.02633400072227232,4.694932124306165,9.4,503.5625,False
1773598425.553886,917,0,0,0,0,9.382487001857953,0.0,0.02572299854364246,4.694932124306165,9.4,503.5625,False
1773598425.7668583,918,0,0,0,0,9.434043000510428,0.0,0.025518998882034793,4.694932124306165,18.8,503.5625,False
1773598425.9797583,919,0,0,0,0,9.364950001327088,0.0,0.025426001229789108,4.694932124306165,9.4,503.5625,False
1773598426.192637,920,0,0,0,0,9.379802999319509,0.0,0.02600000152597204,4.694932124306165,4.7,503.5625,False
1773598426.4056442,921,0,0,0,0,9.532025000225985,0.0,0.025796998670557514,4.6965502676974,14.1,503.5625,False
1773598426.6186209,922,0,0,0,0,9.426412998436717,0.0,0.02574099926277995,4.6965502676974,9.4,503.5625,False
1773598426.831569,923,0,0,0,0,9.396376997756306,0.0,0.025796998670557514,4.6965502676974,18.8,503.5625,False
1773598427.0445402,924,0,0,0,0,9.46865500009153,0.0,0.025630000891396776,4.6965502676974,9.4,503.5625,False
1773598427.2574937,925,0,0,0,0,9.444117000384722,0.0,0.02633300027810037,4.6965502676974,9.4,503.5625,False
1773598427.470408,926,0,0,0,0,9.369524999783607,0.0,0.025055000151041895,4.695894043946531,9.4,503.5625,False
1773598427.6832,927,0,0,0,0,9.340190998045728,0.0,0.02462900010868907,4.695894043946531,9.4,503.5625,False
1773598427.896039,928,0,0,0,0,9.40515399997821,0.0,0.026981997507391497,4.695894043946531,18.8,503.5625,False
1773598428.109058,929,0,0,0,0,9.462025001994334,0.0,0.025795998226385564,4.695894043946531,9.4,503.5625,False
1773598428.3219366,930,0,0,0,0,9.422043000085978,0.0,0.025796998670557514,4.695894043946531,9.4,503.5625,False
1773598428.534858,931,0,0,0,0,9.397988000273472,0.0,0.025222998374374583,4.697281373863058,9.4,503.5625,False
1773598428.747672,932,0,0,0,0,9.351450000394834,0.0,0.025612000172259286,4.697281373863058,9.4,503.5625,False
1773598428.960578,933,0,0,0,0,9.405876000528224,0.0,0.025574001483619213,4.697281373863058,18.8,503.5625,False
1773598429.1737494,934,0,0,0,0,9.543248001136817,0.0,0.025889999960782006,4.697281373863058,9.4,503.5625,False
1773598429.386728,935,0,0,0,0,9.525340003165184,0.0,0.024556000425945967,4.697281373863058,14.1,503.5625,False
1773598429.5995927,936,0,0,0,0,9.373356999276439,0.0,0.025870001991279423,4.696039154559251,9.4,503.5625,False
1773598429.812475,937,0,0,0,0,9.405691002029926,0.0,0.02622199826873839,4.696039154559251,9.4,503.5625,False
1773598430.0253842,938,0,0,0,0,9.419951002200833,0.0,0.025074001314351335,4.696039154559251,18.8,503.5625,False
1773598430.238334,939,0,0,0,0,9.492469998804154,0.0,0.0260560009337496,4.696039154559251,9.4,503.5625,False
1773598430.4511893,940,0,0,0,0,9.390987001097528,0.0,0.02574099926277995,4.696039154559251,9.4,503.5625,False
1773598430.6641154,941,0,0,0,0,9.399988000950543,0.0,0.02649999805726111,4.696925785888564,9.4,503.5625,False
1773598430.8770537,942,0,0,0,0,9.429523997823708,0.0,0.025018998712766916,4.696925785888564,9.4,503.5625,False
1773598431.0897472,943,0,0,0,0,9.189690001221607,0.0,0.02594499892438762,4.696925785888564,18.8,503.5625,False
1773598431.3026633,944,0,0,0,0,9.471044002566487,0.0,0.025407000066479668,4.696925785888564,9.4,503.5625,False
1773598431.5154574,945,0,0,0,0,9.324487000412773,0.0,0.024777997168712318,4.696925785888564,9.4,503.5625,False
1773598431.728301,946,0,0,0,0,9.338690997537924,0.0,0.023926000721985474,4.698453722576977,9.4,503.5625,False
1773598431.9413168,947,0,0,0,0,9.448987999348901,0.0,0.025556000764481723,4.698453722576977,9.4,503.5625,False
1773598432.154243,948,0,0,0,0,9.399839000252541,0.0,0.02548200063756667,4.698453722576977,18.8,503.5625,False
1773598432.3671818,949,0,0,0,0,9.39922800171189,0.0,0.025592002202756703,4.698453722576977,9.4,503.5625,False
1773598432.5801094,950,0,0,0,0,9.458487998927012,0.0,0.026185000024270266,4.698453722576977,9.4,503.5625,False
1773598432.7930925,951,0,0,0,0,9.396264998940751,0.0,0.024832999770296738,4.6957447365905,9.4,503.5625,False
1773598433.0060573,952,0,0,0,0,9.441562000574777,0.0,0.025889003154588863,4.6957447365905,9.4,503.5625,False
1773598433.2189531,953,0,0,0,0,9.407172998180613,0.0,0.026648998755263165,4.6957447365905,18.8,503.5625,False
1773598433.43199,954,0,0,0,0,9.522117998130852,0.0,0.026186000468442217,4.6957447365905,9.4,503.5625,False
1773598433.6449764,955,0,0,0,0,9.506432998023229,0.0,0.02516699896659702,4.6957447365905,9.4,503.5625,False
1773598433.8579965,956,0,0,0,0,9.461025001655798,0.0,0.025795998226385564,4.695286359245092,9.4,503.5625,False
1773598434.0708804,957,0,0,0,0,9.397339999850374,0.0,0.026500001695239916,4.695286359245092,9.4,503.5625,False
1773598434.2838292,958,0,0,0,0,9.449413999391254,0.0,0.02577800114522688,4.695286359245092,18.8,503.5625,False
1773598434.4969354,959,0,0,0,0,9.624414997233544,0.0,0.026981000701198354,4.695286359245092,9.4,503.5625,False
1773598434.710001,960,0,0,0,0,9.473246998823015,0.0,0.02598200080683455,4.695286359245092,9.4,503.5625,False
1773598434.9229522,961,0,0,0,0,9.47348800036707,0.0,0.027055000828113407,4.695048795192726,14.1,503.5625,False
1773598435.1359394,962,0,0,0,0,9.393414002261125,0.0,0.026110999897355214,4.695048795192726,9.4,503.5625,False
1773598435.3489568,963,0,0,0,0,9.469933000218589,0.0,0.02524100273149088,4.695048795192726,14.1,503.5625,False
1773598435.5620382,964,0,0,0,0,9.595044000889175,0.0,0.024925997422542423,4.695048795192726,14.1,503.5625,False
1773598435.7750208,965,0,0,0,0,9.467285002756398,0.0,0.025926001399056986,4.695048795192726,9.4,503.5625,False
1773598435.9879966,966,0,0,0,0,9.451840000110678,0.0,0.027017998945666477,4.694645201656998,9.4,503.5625,False
1773598436.2010698,967,0,0,0,0,9.497285001998534,0.0,0.024444998416583985,4.694645201656998,9.4,503.578125,False
1773598436.4139776,968,0,0,0,0,9.448173001146642,0.0,0.02627800131449476,4.694645201656998,18.8,503.578125,False
1773598436.6270173,969,0,0,0,0,9.551063001708826,0.0,0.025556000764481723,4.694645201656998,9.4,503.578125,False
1773598436.8399732,970,0,0,0,0,9.47334000011324,0.0,0.02544499875511974,4.694645201656998,9.4,503.59375,False
1773598437.0530272,971,0,0,0,0,9.526081001240527,0.0,0.02401799793005921,4.694676729903281,9.4,503.609375,False
1773598437.2659035,972,0,0,0,0,9.422191000339808,0.0,0.02627800131449476,4.694676729903281,9.4,503.609375,False
1773598437.4788256,973,0,0,0,0,9.43322800230817,0.0,0.025888999516610056,4.694676729903281,18.8,503.609375,False
1773598437.6919231,974,0,0,0,0,9.533117998216767,0.0,0.026110999897355214,4.694676729903281,9.4,503.609375,False
1773598437.9049668,975,0,0,0,0,9.523431999696186,0.0,0.02550000135670416,4.694676729903281,9.4,503.609375,False
1773598438.1178744,976,0,0,0,0,9.445969000807963,0.0,0.027129997761221603,4.695536563308911,9.4,503.609375,False
1773598438.3309333,977,0,0,0,0,9.53072899937979,0.0,0.025536999601172283,4.695536563308911,9.4,503.609375,False
1773598438.543946,978,0,0,0,0,9.537136000290047,0.0,0.026500001695239916,4.695536563308911,18.8,503.609375,False
1773598438.7570853,979,0,0,0,0,9.566322001774097,0.0,0.025388999347342178,4.695536563308911,9.4,503.609375,False
1773598438.9699583,980,0,0,0,0,9.419375997822499,0.0,0.025278000975959003,4.695536563308911,9.4,503.609375,False
1773598439.182807,981,0,0,0,0,9.387136000441387,0.0,0.02579700230853632,4.695153909064796,9.4,503.609375,False
1773598439.3956032,982,0,0,0,0,9.332912999525433,0.0,0.025852001272141933,4.695153909064796,14.1,503.609375,False
1773598439.6084414,983,0,0,0,0,9.283450002840254,0.0,0.026112000341527164,4.695153909064796,14.1,503.609375,False
1773598439.8215847,984,0,0,0,0,9.535099001368508,0.0,0.02659199890331365,4.695153909064796,9.4,503.609375,False
1773598440.0344265,985,0,0,0,0,9.354838999570347,0.0,0.025630000891396776,4.695153909064796,9.4,503.609375,False
1773598440.2472649,986,0,0,0,0,9.357727998576593,0.0,0.02679599856492132,4.697249810622944,9.4,503.609375,False
1773598440.4601653,987,0,0,0,0,9.399561000464018,0.0,0.02626000059535727,4.697249810622944,9.4,503.609375,False
1773598440.673178,988,0,0,0,0,9.432840000954457,0.0,0.026147998141823336,4.697249810622944,18.8,503.609375,False
1773598440.8861527,989,0,0,0,0,9.505562000413192,0.0,0.025055000151041895,4.697249810622944,9.4,503.609375,False
1773598441.099073,990,0,0,0,0,9.438783999939915,0.0,0.026408000849187374,4.697249810622944,9.4,503.609375,False
1773598441.312062,991,0,0,0,0,9.435228999791434,0.0,0.02574099926277995,4.69572686240256,9.4,503.609375,False
1773598441.5251274,992,0,0,0,0,9.555599997838726,0.0,0.024796998332021758,4.69572686240256,14.1,503.609375,False
1773598441.73806,993,0,0,0,0,9.458895001444034,0.0,0.02607500209705904,4.69572686240256,14.1,503.609375,False
1773598441.9509823,994,0,0,0,0,9.416377000889042,0.0,0.025871002435451373,4.69572686240256,14.1,503.609375,False
1773598442.163914,995,0,0,0,0,9.425190997717436,0.0,0.026870999136008322,4.69572686240256,9.4,503.609375,False
1773598442.3767998,996,0,0,0,0,9.358060997328721,0.0,0.056871002016123384,4.695981319544525,9.4,503.609375,False
1773598442.5897367,997,0,0,0,0,9.441859001526609,0.0,0.026408000849187374,4.695981319544525,9.4,503.609375,False
1773598442.8022304,998,0,0,0,0,8.992171002319083,0.0,0.024463999579893425,4.695981319544525,18.8,503.609375,False
1773598443.0151834,999,0,0,0,0,9.501987999101402,0.0,0.02609300281619653,4.695981319544525,9.4,503.609375,False
1773598443.2281945,1000,0,0,0,0,9.496228998614242,0.0,0.02683300044736825,4.695981319544525,9.4,503.609375,False
1773598443.4411247,1001,0,0,0,0,9.445024999877205,0.0,0.024760000087553635,4.69782432799324,9.4,503.609375,False
1773598443.6540504,1002,0,0,0,0,9.448987999348901,0.0,0.025926001399056986,4.69782432799324,9.4,503.609375,False
1773598443.866973,1003,0,0,0,0,9.439191002456937,0.0,0.02683300044736825,4.69782432799324,18.8,503.609375,False
1773598444.0800407,1004,0,0,0,0,9.507246999419294,0.0,0.02577700070105493,4.69782432799324,9.4,503.609375,False
1773598444.2929914,1005,0,0,0,0,9.455228999286192,0.0,0.025314999220427126,4.69782432799324,9.4,503.609375,False
1773598444.5060515,1006,0,0,0,0,9.506228998361621,0.0,0.024704000679776073,4.695173881232576,9.4,503.609375,False
1773598444.7189615,1007,0,0,0,0,9.429858000657987,0.0,0.025870001991279423,4.695173881232576,9.4,503.609375,False
1773598444.931861,1008,0,0,0,0,9.406525001395494,0.0,0.026370998966740444,4.695173881232576,18.8,503.609375,False
1773598445.1448038,1009,0,0,0,0,9.414783999091014,0.0,0.058556001022225246,4.695173881232576,9.4,503.609375,False
1773598445.3577554,1010,0,0,0,0,9.475322000071174,0.0,0.026296998839825392,4.695173881232576,9.4,503.609375,False
1773598445.5707402,1011,0,0,0,0,9.435840001970064,0.0,0.0262970024778042,4.696221081257322,9.4,503.609375,False
1773598445.7836964,1012,0,0,0,0,9.400414000992896,0.0,0.02683300044736825,4.696221081257322,9.4,503.609375,False
1773598445.9966185,1013,0,0,0,0,9.388377002323978,0.0,0.02574099926277995,4.696221081257322,23.5,503.609375,False
1773598446.209634,1014,0,0,0,0,9.468043001106707,0.0,0.02599999788799323,4.696221081257322,9.4,503.609375,False
1773598446.4225056,1015,0,0,0,0,9.413506002601935,0.0,0.02535199746489525,4.696221081257322,9.4,503.609375,False
1773598446.6353524,1016,0,0,0,0,9.3579319982382,0.0,0.025889999960782006,4.6965797179345055,9.4,503.609375,False
1773598446.8483517,1017,0,0,0,0,9.450210000068182,0.0,0.026888999855145812,4.6965797179345055,9.4,503.609375,False
1773598447.0613453,1018,0,0,0,0,9.48815499941702,0.0,0.025926001399056986,4.6965797179345055,18.8,503.609375,False
1773598447.2743785,1019,0,0,0,0,9.48502499886672,0.0,0.02546299947425723,4.6965797179345055,9.4,503.609375,False
1773598447.4872801,1020,0,0,0,0,9.376505000545876,0.0,0.02596400008769706,4.6965797179345055,9.4,503.609375,False
1773598447.7001472,1021,0,0,0,0,9.405654000147479,0.0,0.026982001145370305,4.695728965241138,9.4,503.609375,False
1773598447.9130445,1022,0,0,0,0,9.403247000591364,0.0,0.024240998754976317,4.695728965241138,9.4,503.609375,False
1773598448.1260214,1023,0,0,0,0,9.435377000045264,0.0,0.026370998966740444,4.695728965241138,18.8,503.609375,False
1773598448.3390033,1024,0,0,0,0,9.448117001738865,0.0,0.0259810003626626,4.695728965241138,9.4,503.609375,False
1773598448.551911,1025,0,0,0,0,9.439081000891747,0.0,0.025796998670557514,4.695728965241138,9.4,503.609375,False
1773598448.7649286,1026,0,0,0,0,9.450523997657001,0.0,0.0254259975918103,4.695763662349579,9.4,503.609375,False
1773598448.977974,1027,0,0,0,0,9.489913998550037,0.0,0.024240998754976317,4.695763662349579,9.4,503.609375,False
1773598449.1908503,1028,0,0,0,0,9.40050599820097,0.0,0.025722001737449318,4.695763662349579,18.8,503.609375,False
1773598449.4037347,1029,0,0,0,0,9.434914001758443,0.0,0.026444002287462354,4.695763662349579,9.4,503.609375,False
1773598449.6166625,1030,0,0,0,0,9.419488000276033,0.0,0.02574099926277995,4.695763662349579,9.4,503.609375,False
1773598449.829601,1031,0,0,0,0,9.412395000254037,0.0,0.026110999897355214,4.696310472371595,9.4,503.609375,False
1773598450.0425313,1032,0,0,0,0,9.407062003447209,0.0,0.026351997803431004,4.696310472371595,9.4,503.609375,False
1773598450.2553642,1033,0,0,0,0,9.368172999529634,0.0,0.02572300218162127,4.696310472371595,18.8,503.609375,False
1773598450.468301,1034,0,0,0,0,9.426617998542497,0.0,0.02514799780328758,4.696310472371595,9.4,503.609375,False
1773598450.6812358,1035,0,0,0,0,9.412043000338599,0.0,0.025295998057117686,4.696310472371595,9.4,503.609375,False
1773598450.8942058,1036,0,0,0,0,9.426746997633018,0.0,0.025851997634163126,4.696588132355803,9.4,503.609375,False
1773598451.107061,1037,0,0,0,0,9.359265000966843,0.0,0.026426001568324864,4.696588132355803,14.1,503.609375,False
1773598451.319495,1038,0,0,0,0,8.96909600123763,0.0,0.02461099938955158,4.696588132355803,14.1,503.625,False
1773598451.5324118,1039,0,0,0,0,9.480283999437233,0.0,0.02570399738033302,4.696588132355803,9.4,503.625,False
1773598451.7453432,1040,0,0,0,0,9.418821002327604,0.0,0.026890000299317762,4.696588132355803,9.4,503.625,False
1773598451.9582305,1041,0,0,0,0,9.41187599892146,0.0,0.025869998353300616,4.699156991556471,14.1,503.625,False
1773598452.1712239,1042,0,0,0,0,9.4446360017173,0.0,0.026666999474400654,4.699156991556471,9.4,503.625,False
1773598452.3840957,1043,0,0,0,0,9.36600500062923,0.0,0.026351997803431004,4.699156991556471,18.8,503.625,False
1773598452.5971718,1044,0,0,0,0,9.488285002589691,0.0,0.02601900268928148,4.699156991556471,9.4,503.625,False
1773598452.8101146,1045,0,0,0,0,9.478562002186663,0.0,0.02592599776107818,4.699156991556471,9.4,503.625,False
1773598453.0232167,1046,0,0,0,0,9.46785800260841,0.0,0.025556000764481723,4.694921613700208,9.4,503.625,False
1773598453.2360973,1047,0,0,0,0,9.420340000360738,0.0,0.026148001779802144,4.694921613700208,9.4,503.625,False
1773598453.4490976,1048,0,0,0,0,9.416876000614138,0.0,0.025278000975959003,4.694921613700208,18.8,503.625,False
1773598453.6620126,1049,0,0,0,0,9.45322899860912,0.0,0.02520400084904395,4.694921613700208,9.4,503.625,False
1773598453.8748877,1050,0,0,0,0,9.402357998624211,0.0,0.026500001695239916,4.694921613700208,9.4,503.625,False
1773598454.0879078,1051,0,0,0,0,9.392301999469055,0.0,0.025573997845640406,4.696197945287997,9.4,503.625,False
1773598454.3009079,1052,0,0,0,0,9.440784000616986,0.0,0.025517998437862843,4.696197945287997,9.4,503.625,False
1773598454.513886,1053,0,0,0,0,9.483525001996895,0.0,0.02596400008769706,4.696197945287997,18.8,503.625,False
1773598454.7267182,1054,0,0,0,0,9.375245997944148,0.0,0.024370998289668933,4.696197945287997,9.4,503.625,False
1773598454.9395132,1055,0,0,0,0,9.328135001851479,0.0,0.025444001948926598,4.696197945287997,9.4,503.640625,False
1773598455.1524138,1056,0,0,0,0,9.395302000484662,0.0,0.026092999178217724,4.697042555883924,9.4,503.640625,False
1773598455.3653772,1057,0,0,0,0,9.477265000896296,0.0,0.02463000055286102,4.697042555883924,9.4,503.640625,False
1773598455.5783687,1058,0,0,0,0,9.383173000969691,0.0,0.02574099926277995,4.697042555883924,18.8,503.640625,False
1773598455.7912934,1059,0,0,0,0,9.45930300076725,0.0,0.02418500298517756,4.697042555883924,9.4,503.640625,False
1773598456.0042,1060,0,0,0,0,9.385320998262614,0.0,0.025036999431904405,4.697042555883924,4.7,503.640625,False
