timestamp,frame_index,motion_regions,yolo_detections,confirmed_tracks,new_confirmations,time_mog2_ms,time_yolo_ms,time_tracker_ms,fps,cpu_percent,ram_mb,yolo_ran
1773599800.6050503,0,0,0,0,0,8.323276997543871,0.0,0.029686001653317362,0.0,0.0,634.734375,False
1773599800.7390695,1,0,0,0,0,7.973218998813536,0.0,0.028647998988162726,0.0,201.5,646.046875,False
1773599800.8711026,2,0,0,0,0,8.017015999939758,0.0,0.025036999431904405,0.0,196.9,648.671875,False
1773599801.0045395,3,0,0,0,0,8.170682998752454,0.0,0.023296997824218124,0.0,217.4,650.0,False
1773599801.1376894,4,0,0,0,0,8.277332002762705,0.0,0.023333999706665054,0.0,225.2,653.9375,False
1773599801.271243,5,0,0,0,0,8.575759999075672,0.0,0.02738900002441369,0.0,202.2,655.25,False
1773599801.4037814,6,0,0,0,0,8.283016999484971,0.0,0.02818599750753492,0.0,203.8,659.1875,False
1773599801.536229,7,0,0,0,0,8.1443870003568,0.0,0.023648000933462754,7.518824717554731,203.8,660.5,False
1773599801.6692636,8,0,0,0,0,8.534462998795789,0.0,0.02568600029917434,7.518824717554731,210.5,664.4375,False
1773599801.8017886,9,0,0,0,0,8.352240001840983,0.0,0.024223001673817635,7.518824717554731,203.7,665.75,False
1773599801.9344263,10,0,0,0,0,8.396961999096675,0.0,0.019519000488799065,7.518824717554731,203.5,669.6875,False
1773599802.0679674,11,0,0,0,0,8.261646999017103,0.0,0.021389001631177962,7.518824717554731,194.7,671.0,False
1773599802.2006083,12,0,0,0,0,8.357352002349216,0.0,0.023352000425802544,7.518824717554731,196.1,674.9375,False
1773599802.3338082,13,0,0,0,0,8.532630003173836,0.0,0.02961100108223036,7.518824717554731,202.7,676.25,False
1773599802.465794,14,0,0,0,0,8.156053998391144,0.0,0.02598200080683455,7.518824717554731,189.4,680.1875,False
1773599802.5979657,15,0,0,0,0,8.218406001105905,0.0,0.02355600008741021,7.534815456210428,219.4,681.5,False
1773599802.7300894,16,0,0,0,0,8.077329999650829,0.0,0.02548100019339472,7.534815456210428,204.4,685.4375,False
1773599802.8617387,17,0,0,0,0,8.011923000594834,0.0,0.023407999833580106,7.534815456210428,212.7,686.78125,False
1773599802.9903114,18,0,0,0,0,7.490530999348266,0.0,0.021370000467868522,7.534815456210428,202.2,690.765625,False
1773599803.176572,19,0,0,0,0,8.253054002125282,0.0,0.025371002266183496,7.534815456210428,166.5,693.390625,False
1773599803.3110487,20,0,0,0,0,9.886527001071954,0.0,0.02564899841672741,7.534815456210428,200.8,693.390625,False
1773599803.4487102,21,0,0,0,0,8.46112900035223,0.0,0.025240999093512073,7.534815456210428,210.6,693.390625,False
1773599803.585004,22,0,0,0,0,7.985738000570564,0.0,0.02385200059507042,7.534815456210428,212.8,693.390625,False
1773599803.7177205,23,0,0,0,0,8.102813000732567,0.0,0.022314998204819858,6.668084158304533,203.4,693.390625,False
1773599803.8509555,24,0,0,0,0,8.08575700284564,0.0,0.0262970024778042,6.668084158304533,217.7,693.390625,False
1773599803.986344,25,0,0,0,0,10.429197998746531,0.0,0.02594499892438762,6.668084158304533,229.0,693.390625,False
1773599804.1241636,26,0,0,0,0,8.299240002088482,0.0,0.025036999431904405,6.668084158304533,217.6,693.390625,False
1773599804.2610302,27,0,0,0,0,8.274684001662536,0.0,0.022111002181190997,6.668084158304533,204.6,693.390625,False
1773599804.394345,28,0,0,0,0,8.189219999621855,0.0,0.02214800042565912,6.668084158304533,202.5,693.390625,False
1773599804.5266001,29,0,0,0,0,7.896552000602242,0.0,0.02792599843814969,6.668084158304533,204.1,693.390625,False
1773599804.6595113,30,0,0,0,0,8.1816460005939,0.0,0.02592599776107818,7.907244600866501,210.7,693.390625,False
1773599804.7917094,31,0,0,0,0,8.033070997043978,0.0,0.02518499968573451,7.907244600866501,219.4,693.390625,False
1773599804.9237149,32,0,0,0,0,8.155627001542598,0.0,0.02459199822624214,7.907244600866501,204.5,693.390625,False
1773599805.056657,33,0,0,0,0,8.313090998854022,0.0,0.02322200089110993,7.907244600866501,210.7,693.390625,False
1773599805.1886938,34,0,0,0,0,8.310573000926524,0.0,0.021463001758093014,7.907244600866501,219.5,693.390625,False
1773599805.3204272,35,0,0,0,0,8.053552999626845,0.0,0.02496300294296816,7.907244600866501,205.0,693.390625,False
1773599805.4528708,36,0,0,0,0,7.98388499970315,0.0,0.023888998839538544,7.907244600866501,203.9,693.390625,False
1773599805.5850596,37,0,0,0,0,8.067275000939844,0.0,0.024962999304989353,7.907244600866501,219.4,693.390625,False
1773599805.713826,38,0,0,0,0,7.50638299723505,0.0,0.020851999579463154,7.587553894478868,194.1,693.390625,False
1773599805.9052422,39,0,0,0,0,8.383554999454645,0.0,0.021758998627774417,7.587553894478868,167.2,693.390625,False
1773599806.0385804,40,0,0,0,0,8.516148001945112,0.0,0.02490699989721179,7.587553894478868,202.6,693.390625,False
1773599806.1752264,41,0,0,0,0,8.584000999690033,0.0,0.025610999728087336,7.587553894478868,212.2,693.390625,False
1773599806.309193,42,0,0,0,0,7.998294000572059,0.0,0.022352000087266788,7.587553894478868,209.0,693.390625,False
1773599806.4419374,43,0,0,0,0,8.2859610010928,0.0,0.022758998966310173,7.587553894478868,203.4,693.390625,False
1773599806.5753345,44,0,0,0,0,8.528500999091193,0.0,0.02687000232981518,7.587553894478868,217.4,693.390625,False
1773599806.7129195,45,0,0,0,0,9.283171999413753,0.0,0.021741001546615735,7.587553894478868,218.0,693.390625,False
1773599806.8491843,46,0,0,0,0,8.347536000655964,0.0,0.02098199911415577,6.583962649181269,220.2,693.390625,False
1773599806.982701,47,0,0,0,0,7.9783859982853755,0.0,0.023167001927504316,6.583962649181269,202.2,693.390625,False
1773599807.115141,48,0,0,0,0,8.268220997706521,0.0,0.02405600025667809,6.583962649181269,203.9,693.390625,False
1773599807.2477133,49,0,0,0,0,8.049922998907277,0.0,0.0229439974646084,6.583962649181269,218.8,693.390625,False
1773599807.3801744,50,0,0,0,0,7.993830000486923,0.0,0.0243520007643383,6.583962649181269,218.9,693.390625,False
1773599807.512825,51,0,0,0,0,8.343554000020958,0.0,0.024982000468298793,6.583962649181269,233.7,693.390625,False
1773599807.645021,52,0,0,0,0,8.31796200145618,0.0,0.024315002519870177,6.583962649181269,211.8,693.390625,False
1773599807.7789795,53,0,0,0,0,8.347054998012027,0.0,0.02514799780328758,7.984656255383874,194.1,693.421875,False
1773599807.9120755,54,0,0,0,0,8.45850000041537,0.0,0.022093001462053508,7.984656255383874,202.8,693.421875,False
1773599808.045168,55,0,0,0,0,8.559999998396961,0.0,0.023148000764194876,7.984656255383874,187.9,693.421875,False
1773599808.177551,56,0,0,0,0,8.055312999204034,0.0,0.024241002392955124,7.984656255383874,211.5,693.421875,False
1773599808.31025,57,0,0,0,0,8.145739000610774,0.0,0.022389001969713718,7.984656255383874,203.4,693.421875,False
1773599808.4388897,58,0,0,0,0,7.486789003451122,0.0,0.022518997866427526,7.984656255383874,194.3,694.734375,False
1773599808.6218958,59,0,0,0,0,8.40905500081135,0.0,0.024982000468298793,7.984656255383874,169.4,694.734375,False
1773599808.7561376,60,0,0,0,0,9.358914001495577,0.0,0.022758998966310173,7.984656255383874,216.1,694.734375,False
1773599808.8959618,61,0,0,0,0,8.212516997446073,0.0,0.025870001991279423,6.7113097877717545,207.4,694.734375,False
1773599809.0316076,62,0,0,0,0,8.346684000571258,0.0,0.0224069990508724,6.7113097877717545,199.0,694.734375,False
1773599809.1646852,63,0,0,0,0,7.98375600061263,0.0,0.02385200059507042,6.7113097877717545,203.0,694.734375,False
1773599809.2975025,64,0,0,0,0,8.078089998889482,0.0,0.023370001144940034,6.7113097877717545,203.1,694.734375,False
1773599809.4305477,65,0,0,0,0,8.28742500016233,0.0,0.024666998797329143,6.7113097877717545,210.5,694.734375,False
1773599809.5640957,66,0,0,0,0,8.39957399875857,0.0,0.023926000721985474,6.7113097877717545,209.7,694.734375,False
1773599809.7023046,67,0,0,0,0,7.948775000841124,0.0,0.028407001082086936,6.7113097877717545,217.1,694.734375,False
1773599809.8351374,68,0,0,0,0,8.58231500023976,0.0,0.02433299960102886,7.896323552598571,203.3,694.734375,False
1773599809.968904,69,0,0,0,0,7.846626001992263,0.0,0.025388999347342178,7.896323552598571,209.3,694.734375,False
1773599810.1004543,70,0,0,0,0,8.003830000234302,0.0,0.02298099934705533,7.896323552598571,205.2,694.734375,False
1773599810.233527,71,0,0,0,0,8.022051999432733,0.0,0.02288999894517474,7.896323552598571,217.9,694.734375,False
1773599810.3657377,72,0,0,0,0,8.00371899822494,0.0,0.023000997316557914,7.896323552598571,211.8,694.734375,False
1773599810.498169,73,0,0,0,0,8.237164998718072,0.0,0.024574001145083457,7.896323552598571,219.0,694.734375,False
1773599810.6309698,74,0,0,0,0,8.274591000372311,0.0,0.02596299964352511,7.896323552598571,203.3,694.734375,False
1773599810.7637472,75,0,0,0,0,8.49296299929847,0.0,0.029647999326698482,7.896323552598571,210.9,694.734375,False
1773599810.8964505,76,0,0,0,0,8.447296000667848,0.0,0.02127799962181598,7.537791132595034,195.9,694.734375,False
1773599811.028928,77,0,0,0,0,8.286295000289101,0.0,0.026464000256964937,7.537791132595034,211.3,694.734375,False
1773599811.1578035,78,0,0,0,0,7.498325998312794,0.0,0.0220929978240747,7.537791132595034,194.0,694.734375,False
1773599811.3477926,79,0,0,0,0,8.2614979983191,0.0,0.023944998247316107,7.537791132595034,168.4,694.734375,False
1773599811.4820285,80,0,0,0,0,9.261356997740222,0.0,0.025036999431904405,7.537791132595034,208.6,694.734375,False
1773599811.6201296,81,0,0,0,0,8.580314999562688,0.0,0.024130000383593142,7.537791132595034,209.9,694.734375,False
1773599811.7537246,82,0,0,0,0,8.428109998931177,0.0,0.024796998332021758,7.537791132595034,194.6,694.734375,False
1773599811.887175,83,0,0,0,0,8.08796099954634,0.0,0.028334001399343833,7.537791132595034,209.8,694.734375,False
1773599812.0197613,84,0,0,0,0,8.170404998963932,0.0,0.02270400000270456,6.643443678279518,211.2,694.734375,False
1773599812.1527228,85,0,0,0,0,8.1712389983295,0.0,0.027500002033775672,6.643443678279518,210.6,694.734375,False
1773599812.2861958,86,0,0,0,0,8.516296999005135,0.0,0.0370740017388016,6.643443678279518,224.8,694.734375,False
1773599812.4234712,87,0,0,0,0,9.240430998033844,0.0,0.023982000129763037,6.643443678279518,225.8,694.734375,False
1773599812.557093,88,0,0,0,0,8.562573999370215,0.0,0.024147997464751825,6.643443678279518,209.5,694.734375,False
1773599812.6907446,89,0,0,0,0,7.880754998041084,0.0,0.02377700002398342,6.643443678279518,209.5,694.734375,False
1773599812.8232548,90,0,0,0,0,8.09964599829982,0.0,0.023167001927504316,6.643443678279518,196.2,694.734375,False
1773599812.9557474,91,0,0,0,0,7.762255001580343,0.0,0.02409300213912502,7.955287469196596,211.3,694.734375,False
1773599813.0878043,92,0,0,0,0,8.029182001337176,0.0,0.023351996787823737,7.955287469196596,196.9,694.734375,False
1773599813.2200484,93,0,0,0,0,7.964478001667885,0.0,0.020851999579463154,7.955287469196596,226.9,694.734375,False
1773599813.352287,94,0,0,0,0,8.309257998917019,0.0,0.025240999093512073,7.955287469196596,219.3,694.75,False
1773599813.484785,95,0,0,0,0,8.087849000730785,0.0,0.025056000595213845,7.955287469196596,211.3,694.75,False
1773599813.6173437,96,0,0,0,0,8.32731300033629,0.0,0.024204000510508195,7.955287469196596,211.2,694.765625,False
1773599813.7501009,97,0,0,0,0,8.263666000857484,0.0,0.02520400084904395,7.955287469196596,195.8,694.765625,False
1773599813.878996,98,0,0,0,0,7.496622998587554,0.0,0.02163000317523256,7.955287469196596,193.9,694.765625,False
1773599814.065607,99,0,0,0,0,8.355425001354888,0.0,0.029278002330102026,7.208119803535401,171.5,694.765625,False
1773599814.2007809,100,0,0,0,0,8.18931300091208,0.0,0.025463003112236038,7.208119803535401,210.5,694.765625,False
1773599814.3406932,101,0,0,0,0,8.310296001582174,0.0,0.027519003197085112,7.208119803535401,204.2,694.765625,False
1773599814.4744158,102,0,0,0,0,8.361296000657603,0.0,0.02294499790878035,7.208119803535401,194.4,694.765625,False
1773599814.6075726,103,0,0,0,0,8.223275999625912,0.0,0.028612001187866554,7.208119803535401,210.3,694.765625,False
1773599814.7405922,104,0,0,0,0,8.057942002778873,0.0,0.026888999855145812,7.208119803535401,203.0,694.765625,False
1773599814.8732924,105,0,0,0,0,8.068608000030508,0.0,0.03012999877682887,7.208119803535401,226.1,694.765625,False
1773599815.0063732,106,0,0,0,0,8.110348997433903,0.0,0.026778001483762637,7.208119803535401,210.4,694.765625,False
1773599815.1472178,107,0,0,0,0,11.905318999197334,0.0,0.025056000595213845,6.9769249194900596,198.8,694.765625,False
1773599815.2805612,108,0,0,0,0,8.538241003407165,0.0,0.024480999854858965,6.9769249194900596,210.1,694.765625,False
1773599815.415945,109,0,0,0,0,7.853032999264542,0.0,0.024834000214468688,6.9769249194900596,199.3,694.765625,False
1773599815.548575,110,0,0,0,0,8.1813120013976,0.0,0.021759999071946368,6.9769249194900596,218.7,694.765625,False
1773599815.681296,111,0,0,0,0,8.012386002519634,0.0,0.021628999093081802,6.9769249194900596,203.4,694.765625,False
1773599815.8136988,112,0,0,0,0,7.876106999901822,0.0,0.02566599869169295,6.9769249194900596,203.9,694.765625,False
1773599815.9464028,113,0,0,0,0,8.180979002645472,0.0,0.023666998458793387,6.9769249194900596,211.0,694.765625,False
1773599816.0780745,114,0,0,0,0,7.970849001139868,0.0,0.02649999805726111,7.927394187991218,220.3,694.765625,False
1773599816.2100692,115,0,0,0,0,8.089590999588836,0.0,0.0248889991780743,7.927394187991218,212.1,694.765625,False
1773599816.342215,116,0,0,0,0,8.314517999679083,0.0,0.024723001843085513,7.927394187991218,204.3,694.765625,False
1773599816.4742465,117,0,0,0,0,8.289035999041516,0.0,0.025703000574139878,7.927394187991218,212.1,694.765625,False
1773599816.603386,118,0,0,0,0,7.4762529984582216,0.0,0.02288899850100279,7.927394187991218,193.6,694.765625,False
1773599816.7861173,119,0,0,0,0,8.365276997210458,0.0,0.023666998458793387,7.927394187991218,180.6,694.765625,False
1773599816.9192672,120,0,0,0,0,8.004829996934859,0.0,0.03076000211876817,7.927394187991218,195.4,694.765625,False
1773599817.0648446,121,0,0,0,0,8.56361200203537,0.0,0.0235010011238046,7.927394187991218,192.3,694.765625,False
1773599817.1989925,122,0,0,0,0,8.021588997507934,0.0,0.022555999748874456,6.665872335478996,208.7,694.765625,False
1773599817.3315635,123,0,0,0,0,8.338203002494993,0.0,0.023388998670270666,6.665872335478996,211.2,694.765625,False
1773599817.4647038,124,0,0,0,0,8.158220000041183,0.0,0.02433299960102886,6.665872335478996,210.3,694.765625,False
1773599817.5975056,125,0,0,0,0,8.101405001070816,0.0,0.023648000933462754,6.665872335478996,210.8,694.765625,False
1773599817.7308958,126,0,0,0,0,8.23672100159456,0.0,0.025538000045344234,6.665872335478996,209.9,694.765625,False
1773599817.863492,127,0,0,0,0,8.153034999850206,0.0,0.025908000679919496,6.665872335478996,211.2,694.765625,False
1773599817.996955,128,0,0,0,0,8.939207000366878,0.0,0.03046400161110796,6.665872335478996,217.4,694.765625,False
1773599818.1319463,129,0,0,0,0,9.690100996522233,0.0,0.03183300214004703,7.970762685794604,200.0,694.765625,False
1773599818.2694147,130,0,0,0,0,7.961200997669948,0.0,0.02518600012990646,7.970762685794604,218.1,694.765625,False
1773599818.4021468,131,0,0,0,0,8.396129996981472,0.0,0.0259810003626626,7.970762685794604,195.9,694.765625,False
1773599818.5359724,132,0,0,0,0,7.848033001209842,0.0,0.022721997083863243,7.970762685794604,201.8,694.765625,False
1773599818.6711957,133,0,0,0,0,8.217350001359591,0.0,0.024130000383593142,7.970762685794604,199.7,694.765625,False
1773599818.8038123,134,0,0,0,0,8.076033998804633,0.0,0.02598200080683455,7.970762685794604,218.7,694.765625,False
1773599818.9366498,135,0,0,0,0,8.053941000980558,0.0,0.025314999220427126,7.970762685794604,225.9,694.765625,False
1773599819.0690753,136,0,0,0,0,7.797940001182724,0.0,0.023722001060377806,7.970762685794604,219.0,694.78125,False
1773599819.2018843,137,0,0,0,0,8.320368997374317,0.0,0.024554999981774017,7.476497708995657,210.8,694.78125,False
1773599819.3310177,138,0,0,0,0,7.459437001671176,0.0,0.02270299955853261,7.476497708995657,185.9,694.78125,False
1773599819.5137758,139,0,0,0,0,8.265035998192616,0.0,0.02314799712621607,7.476497708995657,175.1,694.78125,False
1773599819.6488025,140,0,0,0,0,9.970879997126758,0.0,0.0376860007236246,7.476497708995657,214.9,694.78125,False
1773599819.7894852,141,0,0,0,0,8.350961998075945,0.0,0.020907998987240717,7.476497708995657,213.1,694.78125,False
1773599819.923145,142,0,0,0,0,8.378924998396542,0.0,0.023093001800589263,7.476497708995657,202.0,694.78125,False
1773599820.0559492,143,0,0,0,0,8.25994300248567,0.0,0.021759002265753224,7.476497708995657,210.8,694.78125,False
1773599820.1894624,144,0,0,0,0,8.239998001954518,0.0,0.022759999410482123,7.476497708995657,209.7,694.78125,False
1773599820.3224401,145,0,0,0,0,8.01570000112406,0.0,0.02594499892438762,6.664329016670737,225.6,694.78125,False
1773599820.4563947,146,0,0,0,0,8.926483998948243,0.0,0.03227799970773049,6.664329016670737,209.1,694.78125,False
1773599820.5935247,147,0,0,0,0,8.646927002700977,0.0,0.023352000425802544,6.664329016670737,225.9,694.78125,False
1773599820.728131,148,0,0,0,0,8.585556999605615,0.0,0.022537002223543823,6.664329016670737,200.6,694.78125,False
1773599820.8614833,149,0,0,0,0,8.12788699840894,0.0,0.022629003069596365,6.664329016670737,217.4,694.78125,False
1773599820.9934583,150,0,0,0,0,8.02931199723389,0.0,0.023407999833580106,6.664329016670737,197.0,694.78125,False
1773599821.1266072,151,0,0,0,0,8.18742400224437,0.0,0.023648000933462754,6.664329016670737,210.3,694.78125,False
1773599821.2594562,152,0,0,0,0,8.042478999414016,0.0,0.02468500315444544,7.943112573955287,218.3,694.78125,False
1773599821.3930244,153,0,0,0,0,8.284480001748307,0.0,0.028593000024557114,7.943112573955287,209.6,694.828125,False
1773599821.5252094,154,0,0,0,0,7.903941001131898,0.0,0.025536999601172283,7.943112573955287,204.3,694.828125,False
1773599821.657373,155,0,0,0,0,7.978181998623768,0.0,0.02079700061585754,7.943112573955287,196.7,694.890625,False
1773599822.112035,156,1,1,0,0,8.135201002005488,321.44375500138267,0.0414809983340092,7.943112573955287,195.7,737.90625,True
1773599822.4864376,157,1,1,1,1,8.186053000827087,242.5430340008461,0.047204001020872965,4.074717559185986,200.3,738.3125,True
1773599822.887107,158,1,1,1,0,7.600734999869019,272.0118389988784,0.045185999624663964,4.074717559185986,252.1,741.421875,True
1773599823.2644706,159,1,1,1,0,8.04755300123361,243.67904099926818,0.037185000110184774,4.074717559185986,204.0,745.78125,True
1773599823.6411078,160,1,1,1,0,8.43462899865699,243.12327900042874,0.03435200051171705,2.5981899886288384,199.1,748.3125,True
1773599824.018378,161,1,1,1,0,8.140663998347009,244.2173780000303,0.036388999433256686,2.5981899886288384,204.1,750.984375,True
1773599824.3944893,162,1,1,1,0,8.078331000433536,243.5264109990385,0.036890000046696514,2.5981899886288384,199.4,753.59375,True
1773599824.7714412,163,1,1,1,0,8.119368001644034,244.0870439968421,0.03479699807940051,2.6540925262400106,201.6,756.234375,True
1773599825.146679,164,1,1,1,0,8.06949700199766,242.90692599970498,0.03433399979257956,2.6540925262400106,199.9,759.21875,True
1773599825.5220265,165,1,1,1,0,8.145552998030325,242.7187019966368,0.03385200034244917,2.6540925262400106,202.5,761.234375,True
1773599825.8977578,166,1,1,1,0,8.09575699895504,243.20964900107356,0.03488899892545305,2.6635411522420323,202.3,763.859375,True
1773599826.2736452,167,1,1,1,0,8.079071001702687,243.8451720008743,0.034463002521079034,2.6635411522420323,202.2,766.484375,True
1773599826.649485,168,1,1,1,0,8.034090002183802,243.25702099667978,0.036388999433256686,2.6635411522420323,202.2,769.109375,True
1773599827.0254993,169,1,1,1,0,8.317147003253922,243.51065200244193,0.03455499972915277,2.660186165709003,204.8,771.734375,True
1773599827.401222,170,1,1,1,0,8.091886000329396,243.43761400086805,0.03446399932727218,2.660186165709003,204.9,774.359375,True
1773599827.7776637,171,1,1,1,0,8.328018000611337,243.31005700150854,0.03457400089246221,2.660186165709003,201.9,776.984375,True
1773599828.1527996,172,1,1,1,0,8.2111649971921,242.7941659989301,0.034814998798538,2.6612286955341045,202.6,779.609375,True
1773599828.5284834,173,1,1,1,0,8.140924001054373,242.95974100095918,0.033741001971066,2.6612286955341045,199.6,782.234375,True
1773599828.904413,174,1,1,1,0,8.098720001726178,243.6141519974626,0.03424099850235507,2.6612286955341045,204.8,782.953125,True
1773599829.284356,175,1,1,1,0,8.501129999785917,247.2402500025055,0.03516699871397577,2.6512304403753424,194.8,785.65625,True
1773599829.6615884,176,1,1,1,0,8.259293997980421,243.9622470010363,0.035834000300383195,2.6512304403753424,204.1,788.28125,True
1773599830.036949,177,1,1,1,0,8.01495999985491,242.9759440019552,0.0350560003425926,2.6512304403753424,202.5,790.84375,True
1773599830.4379854,178,1,1,1,0,7.583326998428674,271.8008749980072,0.033648000680841506,2.6004795927161264,249.4,794.8125,True
1773599830.8170888,179,1,1,1,0,8.240739000029862,245.6693140011339,0.03518499943311326,2.6004795927161264,200.5,797.4375,True
1773599831.193484,180,1,1,1,0,8.147794000251452,243.156407999777,0.03540699981385842,2.6004795927161264,204.6,798.75,True
1773599831.5701356,181,1,1,1,0,8.153108999977121,243.09770499894512,0.03540700345183723,2.6498390984882354,199.1,801.375,True
1773599831.9470098,182,1,1,1,0,8.14657199953217,244.39051000081236,0.034962999052368104,2.6498390984882354,201.7,804.0,True
1773599832.3237824,183,1,1,1,0,8.48876000236487,244.04591399797937,0.03568600004655309,2.6498390984882354,204.4,806.625,True
1773599832.7306774,184,1,0,1,0,7.930403997306712,274.80004200333497,0.021388997993199155,2.58501126726015,184.3,809.265625,True
1773599832.8622773,185,0,0,1,0,8.053367997490568,0.0,0.034184999094577506,2.58501126726015,205.2,843.625,False
1773599832.9952476,186,0,0,1,0,8.155367999279406,0.0,0.031333998776972294,2.58501126726015,210.6,846.25,False
1773599833.1279504,187,0,0,1,0,8.148534998326795,0.0,0.03485200068098493,2.58501126726015,211.0,848.875,False
1773599833.2609794,188,0,0,1,0,8.228719998442102,0.0,0.033888998586917296,2.58501126726015,203.0,851.5,False
1773599833.3945434,189,0,0,1,0,8.211017000576248,0.0,0.04112999886274338,2.58501126726015,202.2,855.4375,False
1773599833.5275857,190,0,0,1,0,8.016404997761128,0.0,0.039888996980153024,2.58501126726015,210.4,856.75,False
1773599833.6606634,191,0,0,1,0,8.125459997245343,0.0,0.03187000038451515,2.58501126726015,210.5,859.375,False
1773599833.7932143,192,0,0,1,0,8.165109000401571,0.0,0.032223000744124874,7.529364457477164,211.2,862.0,False
1773599833.9264193,193,0,0,1,0,8.10557200020412,0.0,0.03490800008876249,7.529364457477164,217.7,864.625,False
1773599834.0589406,194,0,0,1,0,8.097239002381684,0.0,0.03320399991935119,7.529364457477164,218.8,867.25,False
1773599834.1916213,195,0,0,1,0,7.9771630007599015,0.0,0.03464800101937726,7.529364457477164,211.0,869.875,False
1773599834.3243158,196,0,0,1,0,7.904440000856994,0.0,0.03331500192871317,7.529364457477164,218.5,872.5,False
1773599834.4576964,197,0,0,1,0,8.00416300262441,0.0,0.03407400072319433,7.529364457477164,217.4,875.125,False
1773599834.5874631,198,0,0,1,0,7.481734999601031,0.0,0.03014899994013831,7.529364457477164,208.1,879.0625,False
1773599834.7697196,199,0,0,0,0,8.333646997925825,0.0,0.035001001378986984,7.529364457477164,170.1,881.6875,False
1773599834.9054565,200,0,0,0,0,10.219863997917855,0.0,0.04225999873597175,6.734511837183335,206.4,883.0,False
1773599835.0438523,201,0,0,0,0,8.429443998466013,0.0,0.039351998566417024,6.734511837183335,216.7,885.625,False
1773599835.1840057,202,0,0,0,0,8.066515998507384,0.0,0.029463000828400254,6.734511837183335,185.5,888.25,False
1773599835.3176255,203,0,0,0,0,8.237110003392445,0.0,0.03387000106158666,6.734511837183335,217.0,890.875,False
1773599835.4503257,204,0,0,0,0,8.073572000284912,0.0,0.03377800021553412,6.734511837183335,203.5,893.5,False
1773599835.5835857,205,0,0,0,0,8.083164000709075,0.0,0.033370000892318785,6.734511837183335,217.6,896.140625,False
1773599835.7173684,206,0,0,0,0,8.197202001611004,0.0,0.039167000068118796,6.734511837183335,224.3,898.765625,False
1773599835.8506322,207,0,0,0,0,8.136979999108007,0.0,0.03338999886182137,7.858692439460929,202.6,901.390625,False
1773599835.9838576,208,0,0,0,0,8.093683001789032,0.0,0.03240699879825115,7.858692439460929,217.7,904.015625,False
1773599836.1174417,209,0,0,0,0,8.089681999990717,0.0,0.05062999844085425,7.858692439460929,232.2,906.640625,False
1773599836.2515256,210,0,0,0,0,8.894225000403821,0.0,0.04985200212104246,7.858692439460929,208.8,909.265625,False
1773599836.3873825,211,0,0,0,0,10.073677000036696,0.0,0.04670400085160509,7.858692439460929,213.5,911.890625,False
1773599836.5267234,212,0,0,0,0,8.102218998828903,0.0,0.03509299858706072,7.858692439460929,222.4,914.515625,False
1773599836.6608202,213,0,0,0,0,8.539555998140713,0.0,0.07768499926896766,7.858692439460929,208.8,917.140625,False
1773599838.1430814,214,0,0,0,0,8.152071000949945,0.0,0.033075000828830525,3.0534493791571995,111.3,765.875,False
1773599838.2767298,215,0,0,0,0,8.352722001291113,0.0,0.027333000616636127,3.0534493791571995,202.2,765.875,False
1773599838.4100156,216,0,0,0,0,8.329648000653833,0.0,0.0256669991358649,3.0534493791571995,209.9,765.875,False
1773599838.5432093,217,0,0,0,0,8.201942997402512,0.0,0.026759000320453197,3.0534493791571995,210.2,765.875,False
1773599838.6722639,218,0,0,0,0,7.212824999442091,0.0,0.020871000742772594,3.0534493791571995,186.0,765.875,False
1773599838.8485894,219,0,0,0,0,8.395795997785171,0.0,0.028315000236034393,3.0534493791571995,175.8,765.875,False
1773599838.9816418,220,0,0,0,0,7.898718002252281,0.0,0.02546299947425723,3.0534493791571995,202.9,765.875,False
1773599839.11465,221,0,0,0,0,7.949200000439305,0.0,0.02296299862791784,3.0534493791571995,195.5,765.875,False
1773599839.2481623,222,0,0,0,0,8.132553000905318,0.0,0.024518998543499038,6.764834992661476,209.8,765.875,False
1773599839.3874645,223,0,0,0,0,8.221645999583416,0.0,0.026092999178217724,6.764834992661476,193.8,765.875,False
1773599839.5239205,224,0,0,0,0,8.378220998565666,0.0,0.024482000299030915,6.764834992661476,227.2,765.875,False
1773599839.6580148,225,0,0,0,0,8.053941000980558,0.0,0.024574001145083457,6.764834992661476,193.9,765.875,False
1773599839.791142,226,0,0,0,0,8.364610999706201,0.0,0.026110999897355214,6.764834992661476,202.8,765.875,False
1773599839.9234464,227,0,0,0,0,7.936255999084096,0.0,0.025592999008949846,6.764834992661476,211.6,765.875,False
1773599840.056911,228,0,0,0,0,8.171368001058,0.0,0.02766699981293641,6.764834992661476,224.8,765.875,False
1773599840.1903536,229,0,0,0,0,8.095848999801092,0.0,0.036833000194747,7.902207380228486,217.4,765.875,False
1773599840.324775,230,0,0,0,0,9.256745001039235,0.0,0.040537001041229814,7.902207380228486,230.6,765.875,False
1773599840.4610362,231,0,0,0,0,8.335221002198523,0.0,0.0238150023506023,7.902207380228486,205.4,765.96875,False
1773599840.5978825,232,0,0,0,0,10.076844002469443,0.0,0.02318599945283495,7.902207380228486,211.9,768.59375,False
1773599840.7377615,233,0,0,0,0,8.410091999394353,0.0,0.024426000891253352,7.902207380228486,214.5,771.21875,False
1773599840.8731534,234,0,0,0,0,8.008793000044534,0.0,0.024556000425945967,7.902207380228486,206.8,773.84375,False
1773599841.0099523,235,0,0,0,0,8.315572998981224,0.0,0.025314999220427126,7.902207380228486,212.0,773.84375,False
1773599841.1446886,236,0,0,0,0,8.478073999867775,0.0,0.024148001102730632,7.902207380228486,215.3,773.84375,False
1773599841.2791746,237,0,0,0,0,8.025496998016024,0.0,0.023944998247316107,6.877222438761131,200.7,773.84375,False
1773599841.4090164,238,0,0,0,0,7.5189939998381305,0.0,0.023369997506961226,6.877222438761131,223.3,775.15625,False
1773599841.591368,239,0,0,0,0,8.242627998697571,0.0,0.026444999093655497,6.877222438761131,170.0,775.171875,False
1773599841.7255304,240,0,0,0,0,8.148720000463072,0.0,0.022778000129619613,6.877222438761131,201.2,775.171875,False
1773599841.8594,241,0,0,0,0,8.942633001424838,0.0,0.03390800338820554,6.877222438761131,194.3,775.171875,False
1773599841.9952419,242,0,0,0,0,10.309937999409158,0.0,0.031925999792292714,6.877222438761131,213.5,775.171875,False
1773599842.1348503,243,0,0,0,0,8.278461998997955,0.0,0.02711100023589097,6.877222438761131,207.7,775.171875,False
1773599842.2727067,244,0,0,0,0,8.281886999611743,0.0,0.025538000045344234,7.515074524910693,203.2,775.171875,False
1773599842.4063663,245,0,0,0,0,8.2782209974539,0.0,0.024463002773700282,7.515074524910693,209.4,775.171875,False
1773599842.5401149,246,0,0,0,0,8.371424999495503,0.0,0.026462999812792987,7.515074524910693,194.4,775.171875,False
1773599842.6737225,247,0,0,0,0,8.156276002409868,0.0,0.025573997845640406,7.515074524910693,217.0,775.171875,False
1773599842.8075738,248,0,0,0,0,8.046700997510925,0.0,0.024740998924244195,7.515074524910693,209.2,775.171875,False
1773599842.9413137,249,0,0,0,0,8.158869000908453,0.0,0.023055999918142334,7.515074524910693,216.8,775.171875,False
1773599843.076132,250,0,0,0,0,9.766638002474792,0.0,0.030389001040020958,7.515074524910693,207.8,775.171875,False
1773599843.2169733,251,0,0,0,0,8.274498002720065,0.0,0.025852001272141933,7.515074524910693,212.9,775.171875,False
1773599843.3511817,252,0,0,0,0,8.398740999837173,0.0,0.02596299964352511,6.946004278776761,208.6,775.171875,False
1773599843.4857767,253,0,0,0,0,8.061478998570237,0.0,0.02387000131420791,6.946004278776761,200.6,775.171875,False
1773599843.619256,254,0,0,0,0,8.1960360002995,0.0,0.028334001399343833,6.946004278776761,209.8,775.171875,False
1773599843.7533698,255,0,0,0,0,8.387407000554958,0.0,0.022074000298744068,6.946004278776761,231.2,775.171875,False
1773599844.1308193,256,1,1,0,0,7.817088997398969,244.17404500127304,0.040241000533569604,6.946004278776761,204.0,742.734375,True
1773599844.5115335,257,1,1,1,1,8.471092998661334,247.15713800105732,0.03783299689530395,4.873435042423543,197.0,742.734375,True
1773599844.914531,258,1,1,1,0,7.517437999922549,273.61260799807496,0.036092998925596476,4.873435042423543,248.2,744.6875,True
1773599845.2918897,259,1,1,1,0,8.226239002397051,243.5623739984294,0.036110999644733965,4.873435042423543,201.4,747.3125,True
1773599845.6699753,260,1,1,1,0,8.552112001780188,243.998988000385,0.035814999137073755,2.5897309031994094,201.0,748.625,True
1773599846.046638,261,1,1,1,0,8.156071999110281,243.23883499891963,0.03490800008876249,2.5897309031994094,204.4,751.25,True
1773599846.4236033,262,1,1,1,0,8.10509000075399,243.90732100073365,0.03681499947560951,2.5897309031994094,204.3,753.875,True
1773599846.8049657,263,1,1,1,0,8.342129000084242,247.95166200055974,0.034666998544707894,2.643187930022565,196.7,756.5,True
1773599847.1809843,264,1,1,1,0,8.15327600139426,243.1413899976178,0.03522300175973214,2.643187930022565,202.1,759.125,True
1773599847.5706334,265,1,1,1,0,8.276387998193968,256.87703599760425,0.034982000215677544,2.643187930022565,195.0,761.859375,True
1773599847.946146,266,1,1,1,0,8.11477599927457,242.732683000213,0.034166998375440016,2.6288632526095563,202.4,764.484375,True
1773599848.3385386,267,1,1,1,0,8.1821649982885,257.50200299808057,0.03674099934869446,2.6288632526095563,203.9,767.109375,True
1773599848.7197726,268,1,1,1,0,8.449148001091089,248.0849040002795,0.035814999137073755,2.6288632526095563,202.0,769.734375,True
1773599849.0967047,269,1,1,1,0,8.321814002556494,243.8215059992217,0.03544399805832654,2.6074866868669035,201.6,772.359375,True
1773599849.4736648,270,1,1,1,0,8.436592997895787,242.95636999886483,0.03490800008876249,2.6074866868669035,204.3,774.984375,True
1773599849.851229,271,1,1,1,0,8.293462000438012,244.47876900012488,0.03563000063877553,2.6074866868669035,206.6,777.609375,True
1773599850.2286167,272,1,1,1,0,8.405926000705222,244.7344370011706,0.03540800025803037,2.650388872459438,206.7,780.234375,True
1773599850.6066144,273,1,1,1,0,8.544704000087222,243.7139860012394,0.03477800055406988,2.650388872459438,201.0,782.859375,True
1773599850.983391,274,1,1,1,0,8.813816999463597,242.44858900055988,0.034982000215677544,2.650388872459438,201.7,785.484375,True
1773599851.360299,275,1,1,1,0,8.7831870005175,241.70828800197341,0.03433399979257956,2.65086180471799,196.3,788.109375,True
1773599851.7365131,276,1,1,1,0,8.062551998591516,243.54715200024657,0.03540800025803037,2.65086180471799,199.4,790.734375,True
1773599852.1200738,277,1,1,1,0,8.36662900110241,250.64577300145174,0.03538900273269974,2.65086180471799,203.3,793.375,True
1773599852.5470748,278,1,1,1,0,7.510920000640908,297.21772599805263,0.036130000808043405,2.527867305223981,227.2,797.328125,True
1773599852.9237335,279,1,1,1,0,8.217294998758007,243.3618920003937,0.03483399996184744,2.527867305223981,201.8,799.953125,True
1773599853.2990584,280,1,1,1,0,8.322239998960868,242.42703399795573,0.03579700205591507,2.527867305223981,199.8,801.265625,True
1773599853.6769028,281,1,1,1,0,8.269906000350602,243.51265199948102,0.03538900273269974,2.65526083166398,201.1,803.890625,True
1773599854.0534081,282,1,1,1,0,8.184646001609508,242.70240599798854,0.03511099930619821,2.65526083166398,204.5,806.515625,True
1773599854.4293404,283,1,1,1,0,8.270035999885295,242.7097389991104,0.03511199975037016,2.65526083166398,199.5,809.140625,True
1773599854.8050816,284,1,1,1,0,8.238387999881525,242.7565539983334,0.03501799801597372,2.6591545676365755,199.6,811.765625,True
1773599855.1812694,285,1,1,1,0,8.024701000977075,243.37141000069096,0.0352040005964227,2.6591545676365755,202.0,814.390625,True
1773599855.5568335,286,1,1,1,0,7.987125998624833,243.1359820002399,0.03957399894716218,2.6591545676365755,207.7,817.015625,True
1773599855.9327896,287,1,1,1,0,8.01664500249899,243.36089200005517,0.040519000322092324,2.6602570296034154,202.1,819.640625,True
1773599856.30904,288,1,1,1,0,8.286497999506537,243.11644499903196,0.03855500108329579,2.6602570296034154,202.0,822.265625,True
1773599856.6940281,289,1,0,1,0,8.386999998037936,252.0874299989373,0.021610998373944312,2.6602570296034154,202.6,824.890625,True
1773599856.8262682,290,0,0,1,0,7.836070002667839,0.0,0.03135200313408859,2.6602570296034154,196.7,859.25,False
1773599856.9627643,291,0,0,1,0,10.106844001711579,0.0,0.05205599882174283,3.8841362960767882,205.3,861.875,False
1773599857.097337,292,0,0,1,0,8.04192299983697,0.0,0.03101900074398145,3.8841362960767882,215.3,864.5,False
1773599857.2312317,293,0,0,1,0,8.138183002301957,0.0,0.03259300137870014,3.8841362960767882,231.6,867.140625,False
1773599857.3643892,294,0,0,1,0,8.009386001504026,0.0,0.034369997592875734,3.8841362960767882,217.8,869.765625,False
1773599857.498102,295,0,0,1,0,7.998960001714295,0.0,0.033055999665521085,3.8841362960767882,224.4,872.390625,False
1773599857.6316087,296,0,0,1,0,7.975237000209745,0.0,0.03925900091417134,3.8841362960767882,209.8,875.015625,False
1773599857.7647872,297,0,0,1,0,8.060552998358617,0.0,0.04092599920113571,3.8841362960767882,225.2,877.640625,False
1773599857.894891,298,0,0,1,0,7.4381970007380005,0.0,0.030740997317479923,3.8841362960767882,215.2,881.578125,False
1773599858.0704856,299,0,0,1,0,8.21940600144444,0.0,0.03474099867162295,7.2214190635347135,176.5,884.21875,False
1773599858.2040446,300,0,0,1,0,8.134775998769328,0.0,0.034091997804353014,7.2214190635347135,209.7,885.53125,False
1773599858.3380985,301,0,0,1,0,8.22485000026063,0.0,0.03401900175958872,7.2214190635347135,201.4,888.15625,False
1773599858.4735665,302,0,0,1,0,9.622230001696153,0.0,0.0430369982495904,7.2214190635347135,206.8,890.78125,False
1773599858.6138651,303,0,0,1,0,7.996921998710604,0.0,0.03777799793169834,7.2214190635347135,213.7,893.40625,False
1773599858.7502573,304,0,0,0,0,8.358072998817079,0.0,0.03905600169673562,7.2214190635347135,212.6,896.03125,False
1773599858.8836896,305,0,0,0,0,8.442813999863574,0.0,0.036704001104226336,7.2214190635347135,194.8,898.65625,False
1773599859.021271,306,0,0,0,0,8.10349700259394,0.0,0.035221997677581385,7.2214190635347135,203.5,901.28125,False
1773599859.1537092,307,0,0,0,0,8.235073000832926,0.0,0.03244500112487003,6.9102149053344695,203.8,903.90625,False
1773599859.2870283,308,0,0,0,0,8.101774998067413,0.0,0.03483399996184744,6.9102149053344695,217.5,906.53125,False
1773599859.4207346,309,0,0,0,0,8.035497001401382,0.0,0.036074998206458986,6.9102149053344695,216.9,909.15625,False
1773599859.5535657,310,0,0,0,0,8.087571000942262,0.0,0.03177799953846261,6.9102149053344695,218.3,911.78125,False
1773599859.68729,311,0,0,0,0,8.181905999663286,0.0,0.03385200034244917,6.9102149053344695,231.8,914.40625,False
1773599859.820373,312,0,0,0,0,8.165164003003156,0.0,0.039185000787256286,6.9102149053344695,210.4,917.03125,False
1773599859.9535282,313,0,0,0,0,8.132311999361264,0.0,0.03312999979243614,6.9102149053344695,217.8,919.65625,False
1773599860.0869968,314,0,0,0,0,8.043793000979349,0.0,0.033592998079257086,7.9719689849400766,209.8,922.28125,False
1773599860.2196367,315,0,0,0,0,8.055423000769224,0.0,0.03449999712756835,7.9719689849400766,218.6,924.90625,False
1773599860.353021,316,0,0,0,0,8.194554000510834,0.0,0.03227799970773049,7.9719689849400766,217.4,927.53125,False
1773599860.4890916,317,0,0,0,0,8.047644998441683,0.0,0.0346670021826867,7.9719689849400766,220.5,930.15625,False
1773599860.6214833,318,0,0,0,0,7.485308000468649,0.0,0.02877799852285534,7.9719689849400766,279.5,934.09375,False
1773599862.2552402,319,0,0,0,0,8.436871001322288,0.0,0.035556000511860475,2.305976885384322,115.7,766.21875,False
1773599862.3888078,320,0,0,0,0,8.353813998837722,0.0,0.022148997231852263,2.305976885384322,202.2,766.21875,False
1773599862.5220156,321,0,0,0,0,8.057811999606201,0.0,0.02344399763387628,2.305976885384322,217.7,762.25,False
1773599862.655141,322,0,0,0,0,8.243424999818671,0.0,0.02707399835344404,2.305976885384322,202.8,762.25,False
1773599862.7889931,323,0,0,0,0,8.235757999500493,0.0,0.029278002330102026,2.305976885384322,216.7,762.25,False
1773599862.9220223,324,0,0,0,0,8.453111000562785,0.0,0.02600099833216518,2.305976885384322,210.5,762.25,False
1773599863.0555587,325,0,0,0,0,8.431295998889254,0.0,0.027166999643668532,2.305976885384322,202.2,762.25,False
1773599863.1902537,326,0,0,0,0,8.552019000489963,0.0,0.026462999812792987,2.305976885384322,200.4,762.25,False
1773599863.323815,327,0,0,0,0,8.318980999320047,0.0,0.02901900006690994,7.487067715208588,202.2,762.25,False
1773599863.4580836,328,0,0,0,0,8.571166999900015,0.0,0.032758998713688925,7.487067715208588,201.1,762.25,False
1773599863.5923088,329,0,0,0,0,8.552963001420721,0.0,0.031388997740577906,7.487067715208588,201.1,762.25,False
1773599863.726352,330,0,0,0,0,8.242628999141743,0.0,0.0248889991780743,7.487067715208588,193.9,762.25,False
1773599863.8599074,331,0,0,0,0,8.158738000929588,0.0,0.027517999114934355,7.487067715208588,202.2,762.25,False
1773599863.9942453,332,0,0,0,0,8.25168400115217,0.0,0.023592998331878334,7.487067715208588,208.4,762.25,False
1773599864.1283622,333,0,0,0,0,8.439925997663522,0.0,0.029204002203186974,7.487067715208588,193.9,762.25,False
1773599864.2624154,334,0,0,0,0,8.445722000033129,0.0,0.02518499968573451,7.487067715208588,201.4,762.25,False
1773599864.3963692,335,0,0,0,0,8.315184000821318,0.0,0.02592599776107818,6.986112069502946,201.6,763.4375,False
1773599864.5306153,336,0,0,0,0,8.431721998931607,0.0,0.02903800123021938,6.986112069502946,208.6,766.0625,False
1773599864.6640968,337,0,0,0,0,8.173497997631785,0.0,0.02855500133591704,6.986112069502946,209.8,768.6875,False
1773599864.794494,338,0,0,0,0,7.510104998800671,0.0,0.022591997549170628,6.986112069502946,191.7,772.625,False
1773599864.9787161,339,0,0,0,0,8.165424002072541,0.0,0.025834000553004444,6.986112069502946,168.3,775.25,False
1773599865.112389,340,0,0,0,0,8.201109001674922,0.0,0.02351800139877014,6.986112069502946,187.0,775.25,False
1773599865.247633,341,0,0,0,0,9.415598997293273,0.0,0.03207400004612282,6.986112069502946,214.5,775.25,False
1773599865.3879766,342,0,0,0,0,8.160978999512736,0.0,0.02764799864962697,7.531713641442612,220.8,775.25,False
1773599865.52472,343,0,0,0,0,8.410111000557663,0.0,0.026351997803431004,7.531713641442612,212.1,775.25,False
1773599865.66107,344,0,0,0,0,8.060182997724041,0.0,0.024611003027530387,7.531713641442612,205.3,775.25,False
1773599865.7942357,345,0,0,0,0,8.176590999937616,0.0,0.022203999833436683,7.531713641442612,202.8,775.25,False
1773599865.928266,346,0,0,0,0,8.21177599937073,0.0,0.024445002054562792,7.531713641442612,208.9,775.25,False
1773599866.0619073,347,0,0,0,0,8.053423000092153,0.0,0.023982000129763037,7.531713641442612,217.0,775.25,False
1773599866.1950042,348,0,0,0,0,8.22551699820906,0.0,0.027000001864507794,7.531713641442612,217.9,775.25,False
1773599866.3305066,349,0,0,0,0,9.600229997886345,0.0,0.030297000193968415,7.531713641442612,206.7,775.25,False
1773599866.4690113,350,0,0,0,0,8.109015998343239,0.0,0.02407400097581558,6.944096952037218,223.8,775.25,False
1773599866.6030235,351,0,0,0,0,8.456647999992128,0.0,0.025296998501289636,6.944096952037218,194.0,775.25,False
1773599866.737447,352,0,0,0,0,8.440036999672884,0.0,0.023370997951133177,6.944096952037218,200.8,775.25,False
1773599866.8716028,353,0,0,0,0,8.140257003105944,0.0,0.02485199729562737,6.944096952037218,193.8,775.25,False
1773599867.0057223,354,0,0,0,0,8.013645001483383,0.0,0.024091998056974262,6.944096952037218,208.7,775.25,False
1773599867.1390753,355,0,0,0,0,8.040552998863859,0.0,0.024999997549457476,6.944096952037218,210.0,775.25,False
1773599867.2725463,356,0,0,0,0,8.071922999079106,0.0,0.0260560009337496,6.944096952037218,194.8,775.25,False
1773599867.4058893,357,0,0,0,0,8.106700999633176,0.0,0.023630000214325264,7.921745849659693,217.4,775.25,False
1773599867.5361156,358,0,0,0,0,7.59947600090527,0.0,0.023351996787823737,7.921745849659693,207.3,775.25,False
1773599867.720623,359,0,0,0,0,8.663611999509158,0.0,0.0243520007643383,7.921745849659693,178.9,775.25,False
1773599867.8542066,360,0,0,0,0,8.032514997466933,0.0,0.025908000679919496,7.921745849659693,209.6,775.25,False
1773599867.9955351,361,0,0,0,0,8.175702001608443,0.0,0.025075001758523285,7.921745849659693,212.3,775.25,False
1773599868.1297452,362,0,0,0,0,8.470832999591948,0.0,0.027889000193681568,7.921745849659693,208.6,775.25,False
1773599868.5296922,363,1,0,0,0,8.11694199728663,265.2633309990051,0.013944998499937356,5.338861609103326,225.0,742.828125,True
1773599868.9066067,364,1,1,0,0,7.850403999327682,244.23173000104725,0.03211099829059094,5.338861609103326,201.6,742.765625,True
1773599869.2834897,365,1,1,1,1,7.869236000260571,244.22985999990487,0.03514900163281709,5.338861609103326,206.9,742.765625,True
1773599869.6609168,366,1,1,1,0,8.034201000555186,244.23108200062416,0.03468500290182419,2.6519842283500212,201.4,743.46875,True
1773599870.0371566,367,1,1,1,0,8.006331001524813,243.30192799970973,0.03538900273269974,2.6519842283500212,204.7,746.09375,True
1773599870.414191,368,1,1,1,0,7.995719002792612,244.06752600043546,0.03540800025803037,2.6519842283500212,198.9,748.71875,True
1773599870.7919765,369,1,1,1,0,8.23888699960662,244.78851199819474,0.03570400076569058,2.6523861629760725,203.8,751.34375,True
1773599871.1850429,370,1,1,1,0,7.979625999723794,260.0230380012363,0.035297001886647195,2.6523861629760725,193.4,753.96875,True
1773599871.574601,371,1,1,1,0,8.24981299956562,256.3620879991504,0.03503799962345511,2.6523861629760725,192.5,756.390625,True
1773599871.9519508,372,1,1,1,0,8.283072998892749,243.24781699760933,0.0357409990101587,2.5862646455993112,204.1,759.28125,True
1773599872.32949,373,1,1,1,0,8.419425997999497,243.1111680016329,0.03372300125192851,2.5862646455993112,198.7,761.90625,True
1773599872.7065277,374,1,1,1,0,8.20572099837591,243.62470800042502,0.034685999708017334,2.5862646455993112,201.6,764.546875,True
1773599873.0831635,375,1,1,1,0,8.142071001202567,243.09481599993887,0.03577800089260563,2.65201944167466,201.8,767.171875,True
1773599873.460062,376,1,1,1,0,8.180184002412716,243.04233400107478,0.03412999649299309,2.65201944167466,204.3,769.75,True
1773599873.837703,377,1,1,1,0,8.29212899770937,243.78020899894182,0.03503799962345511,2.65201944167466,203.9,772.375,True
1773599874.2750802,378,1,1,1,0,7.571160997031257,307.67653500151937,0.03709299926413223,2.5169569231901705,224.1,776.3125,True
1773599874.653068,379,1,1,1,0,8.201979999284958,243.7690240003576,0.034704000427154824,2.5169569231901705,203.7,778.9375,True
1773599875.038485,380,1,1,1,0,8.137608998367796,251.97479999769712,0.035278000723337755,2.5169569231901705,199.8,780.25,True
1773599875.416878,381,1,1,1,0,8.193924000806874,244.7620109996933,0.03513000046950765,2.627432187532692,200.8,782.875,True
1773599875.8039527,382,1,1,1,0,8.170239001628943,254.02249800026766,0.045184999180492014,2.627432187532692,191.2,785.515625,True
1773599876.1829762,383,1,1,1,0,8.192350000172155,246.54411599840387,0.03483399996184744,2.627432187532692,197.9,788.140625,True
1773599876.6361034,384,1,1,1,0,8.120775000861613,320.7656019985734,0.03507400106173009,2.460587306777134,183.2,790.765625,True
1773599877.017037,385,1,1,1,0,7.967180998093681,249.06207700041705,0.035536999348551035,2.460587306777134,196.9,793.328125,True
1773599877.4001,386,1,1,1,0,8.069940999121172,250.95014500038815,0.03550000110408291,2.460587306777134,195.8,795.953125,True
1773599877.7815387,387,1,1,1,0,8.241388000897132,248.32603500180994,0.035555000067688525,2.6190871866773016,196.6,798.578125,True
1773599878.1575613,388,1,0,1,0,8.033479000005173,243.93132100158255,0.022332998923957348,2.6190871866773016,202.1,801.234375,True
1773599878.2899914,389,0,0,1,0,7.941551997646457,0.0,0.031371000659419224,2.6190871866773016,203.9,835.59375,False
1773599878.4239516,390,0,0,1,0,8.37005500216037,0.0,0.029185997846070677,2.6190871866773016,194.1,838.21875,False
1773599878.5571413,391,0,0,1,0,8.013755999854766,0.0,0.033315998734906316,2.6190871866773016,195.2,840.84375,False
1773599878.690322,392,0,0,1,0,8.296313000755617,0.0,0.034704000427154824,2.6190871866773016,202.7,843.46875,False
1773599878.8242695,393,0,0,1,0,8.264462001534412,0.0,0.036962999729439616,5.75454277292881,216.5,846.09375,False
1773599878.957501,394,0,0,1,0,8.023571001103846,0.0,0.0387780019082129,5.75454277292881,202.6,848.71875,False
1773599879.090635,395,0,0,1,0,8.014904000447132,0.0,0.031055998988449574,5.75454277292881,202.8,851.34375,False
1773599879.2246232,396,0,0,1,0,8.076737998635508,0.0,0.03292600013082847,5.75454277292881,209.0,853.96875,False
1773599879.357771,397,0,0,1,0,7.999515997653361,0.0,0.03312999979243614,5.75454277292881,217.7,856.59375,False
1773599879.487708,398,0,0,1,0,7.47267900078441,0.0,0.030630002584075555,5.75454277292881,200.1,860.53125,False
1773599879.6829498,399,0,0,1,0,8.35149900012766,0.0,0.033074000384658575,5.75454277292881,169.0,863.15625,False
1773599879.8166425,400,0,0,1,0,7.979293000971666,0.0,0.034704000427154824,5.75454277292881,209.5,864.46875,False
1773599879.9531035,401,0,0,1,0,10.086935999424895,0.0,0.0376110001525376,6.626769594816336,212.5,867.09375,False
1773599880.0933943,402,0,0,1,0,8.29066499863984,0.0,0.03351900159032084,6.626769594816336,206.7,869.71875,False
1773599880.2274725,403,0,0,0,0,8.242795000114711,0.0,0.032796000596135855,6.626769594816336,201.4,872.34375,False
1773599880.3618183,404,0,0,0,0,8.173737998731667,0.0,0.033926000469364226,6.626769594816336,215.9,874.96875,False
1773599880.4993331,405,0,0,0,0,8.522370997525286,0.0,0.032259002182399854,6.626769594816336,196.3,877.59375,False
1773599880.6379323,406,0,0,0,0,8.162553996953648,0.0,0.04035199890495278,6.626769594816336,216.5,880.234375,False
1773599880.7719817,407,0,0,0,0,8.369832001335453,0.0,0.03816699972958304,6.626769594816336,201.4,882.859375,False
1773599880.9067857,408,0,0,0,0,8.45725899853278,0.0,0.03870400178129785,7.795504574346165,200.2,885.484375,False
1773599881.0415869,409,0,0,0,0,7.996645003004232,0.0,0.03444499816396274,7.795504574346165,207.7,888.109375,False
1773599881.1747332,410,0,0,0,0,8.130424001137726,0.0,0.032777999876998365,7.795504574346165,210.3,890.734375,False
1773599881.3078833,411,0,0,0,0,8.006219002709258,0.0,0.033036998502211645,7.795504574346165,202.8,893.359375,False
1773599881.4413164,412,0,0,0,0,8.04129300013301,0.0,0.031296996894525364,7.795504574346165,224.8,895.984375,False
1773599881.5749352,413,0,0,0,0,8.042644996749004,0.0,0.032444997486891225,7.795504574346165,224.5,898.609375,False
1773599881.7083406,414,0,0,0,0,8.150516001478536,0.0,0.036962999729439616,7.795504574346165,217.4,901.234375,False
1773599881.8419223,415,0,0,0,0,8.187016999727348,0.0,0.03618499977164902,7.795504574346165,209.6,903.859375,False
1773599881.9753764,416,0,0,0,0,8.272535000287462,0.0,0.03398199987714179,7.486583271269463,202.3,906.484375,False
1773599882.1087298,417,0,0,0,0,8.275795000372455,0.0,0.03594499867176637,7.486583271269463,217.5,909.109375,False
1773599883.5241501,418,0,0,0,0,7.456567000190262,0.0,0.031723000574857,1.2913159600195192,121.5,764.875,False
1773599883.6580088,419,0,0,0,0,8.134128001984209,0.0,0.023684999177930877,1.2913159600195192,201.7,764.875,False
1773599883.7916625,420,0,0,0,0,8.359573999769054,0.0,0.02575899998191744,1.2913159600195192,202.0,764.875,False
1773599883.925531,421,0,0,0,0,8.157256997947115,0.0,0.02535199746489525,1.2913159600195192,209.1,764.875,False
1773599884.058905,422,0,0,0,0,8.168145999661647,0.0,0.027278001653030515,1.2913159600195192,209.9,764.875,False
1773599884.192725,423,0,0,0,0,8.239016999141313,0.0,0.02601899905130267,1.2913159600195192,209.2,764.875,False
1773599884.3274155,424,0,0,0,0,8.481832999677863,0.0,0.02181499803555198,1.2913159600195192,215.3,764.875,False
1773599884.4617124,425,0,0,0,0,8.48094399771071,0.0,0.02157400012947619,1.2913159600195192,193.6,764.875,False
1773599884.5963452,426,0,0,0,0,8.548833997338079,0.0,0.022203999833436683,6.99115085128082,200.5,764.875,False
1773599884.7308273,427,0,0,0,0,8.37164800032042,0.0,0.021703999664168805,6.99115085128082,193.4,764.875,False
1773599884.864886,428,0,0,0,0,8.177645999239758,0.0,0.029260001610964537,6.99115085128082,201.4,764.875,False
1773599884.998215,429,0,0,0,0,8.29068399980315,0.0,0.023611999495187774,6.99115085128082,210.0,764.875,False
1773599885.1317163,430,0,0,0,0,8.196090999263106,0.0,0.026204001187579706,6.99115085128082,209.7,764.875,False
1773599885.2655754,431,0,0,0,0,8.264869000413455,0.0,0.025648001610534266,6.99115085128082,209.2,764.875,False
1773599885.3988557,432,0,0,0,0,8.319906002725475,0.0,0.026999998226528987,6.99115085128082,202.6,764.875,False
1773599885.5329094,433,0,0,0,0,8.228349997807527,0.0,0.028408001526258886,7.9409883816557345,216.4,764.875,False
1773599885.665944,434,0,0,0,0,8.053107998421183,0.0,0.026999998226528987,7.9409883816557345,202.9,764.875,False
1773599885.7999232,435,0,0,0,0,8.497871000145096,0.0,0.022333999368129298,7.9409883816557345,216.4,766.0625,False
1773599885.9340684,436,0,0,0,0,8.336147002410144,0.0,0.026962999982060865,7.9409883816557345,193.9,768.6875,False
1773599886.0670059,437,0,0,0,0,8.078515998931834,0.0,0.02568499985500239,7.9409883816557345,210.6,771.3125,False
1773599886.1974444,438,0,0,0,0,7.535494001785992,0.0,0.02348199996049516,7.9409883816557345,191.7,775.25,False
1773599886.3848546,439,0,0,0,0,8.243054002377903,0.0,0.028315000236034393,7.9409883816557345,176.1,775.25,False
1773599886.5215147,440,0,0,0,0,9.939713003404904,0.0,0.022758998966310173,7.9409883816557345,212.2,775.25,False
1773599886.6599274,441,0,0,0,0,8.464295999146998,0.0,0.02518499968573451,6.6455293279104,209.5,775.25,False
1773599886.7939835,442,0,0,0,0,8.508371000061743,0.0,0.024834000214468688,6.6455293279104,208.8,775.25,False
1773599886.9272625,443,0,0,0,0,8.124571999360342,0.0,0.025221997930202633,6.6455293279104,202.6,775.25,False
1773599887.061604,444,0,0,0,0,8.167071999196196,0.0,0.025814999389695004,6.6455293279104,201.0,775.25,False
1773599887.1956956,445,0,0,0,0,8.361850999790477,0.0,0.02261199915665202,6.6455293279104,201.4,775.25,False
1773599887.3301463,446,0,0,0,0,8.55192699964391,0.0,0.03579700205591507,6.6455293279104,223.2,775.25,False
1773599887.4665926,447,0,0,0,0,9.380821000377182,0.0,0.02285199661855586,6.6455293279104,212.5,775.25,False
1773599887.6056006,448,0,0,0,0,8.315536000736756,0.0,0.026222001906717196,7.848099572329221,215.8,775.25,False
1773599887.740068,449,0,0,0,0,7.978477999131428,0.0,0.024110999220283702,7.848099572329221,200.8,775.25,False
1773599887.8735933,450,0,0,0,0,8.074904002569383,0.0,0.023851996957091615,7.848099572329221,202.2,775.25,False
1773599888.0074892,451,0,0,0,0,8.082830998318968,0.0,0.024408000172115862,7.848099572329221,209.2,775.25,False
1773599888.140789,452,0,0,0,0,7.9397560002689715,0.0,0.061612001445610076,7.848099572329221,217.5,775.25,False
1773599888.274581,453,0,0,0,0,8.175609000318218,0.0,0.023388998670270666,7.848099572329221,209.3,775.25,False
1773599888.4078336,454,0,0,0,0,7.975014999829,0.0,0.024722001398913562,7.848099572329221,225.1,775.25,False
1773599888.5411956,455,0,0,0,0,8.233553999161813,0.0,0.022554999304702505,7.848099572329221,202.4,775.25,False
1773599888.6748805,456,0,0,0,0,8.249905000411673,0.0,0.02901799962273799,7.481795661354662,217.0,775.25,False
1773599888.808359,457,0,0,0,0,8.316220999404322,0.0,0.023814998712623492,7.481795661354662,209.7,775.265625,False
1773599888.9384427,458,0,0,0,0,7.483179000701057,0.0,0.024092998501146212,7.481795661354662,199.9,775.28125,False
1773599889.124227,459,0,0,0,0,8.26494300054037,0.0,0.025518998882034793,7.481795661354662,166.9,775.28125,False
1773599889.2606757,460,0,0,0,0,9.737452000990743,0.0,0.028814996767323464,7.481795661354662,220.1,775.28125,False
1773599889.3999634,461,0,0,0,0,8.462295998469926,0.0,0.024480999854858965,7.481795661354662,215.2,775.28125,False
1773599889.534807,462,0,0,0,0,8.05127500279923,0.0,0.030074999813223258,7.481795661354662,200.2,775.28125,False
1773599889.6684496,463,0,0,0,0,8.271369002613937,0.0,0.024832999770296738,7.481795661354662,202.0,775.28125,False
1773599889.8030329,464,0,0,0,0,8.275461997982347,0.0,0.02601799860713072,6.620326387883593,222.9,775.28125,False
1773599889.9383378,465,0,0,0,0,9.800027000892442,0.0,0.033611999242566526,6.620326387883593,221.8,775.28125,False
1773599890.0788405,466,0,0,0,0,8.383258998946985,0.0,0.022814998374087736,6.620326387883593,220.6,775.28125,False
1773599890.2129366,467,0,0,0,0,8.05688599939458,0.0,0.02905600194935687,6.620326387883593,201.4,775.28125,False
1773599890.346215,468,0,0,0,0,8.182479999959469,0.0,0.024221997591666877,6.620326387883593,202.6,775.28125,False
1773599890.4799669,469,0,0,0,0,8.161460998962866,0.0,0.024184999347198755,6.620326387883593,216.8,775.28125,False
1773599890.6145997,470,0,0,0,0,8.537370998965343,0.0,0.02650099850143306,6.620326387883593,215.4,775.28125,False
1773599890.7484856,471,0,0,0,0,8.292664999316912,0.0,0.024130000383593142,7.8719410229027975,194.2,775.28125,False
1773599890.882563,472,0,0,0,0,8.4649080017698,0.0,0.02788999699987471,7.8719410229027975,201.4,775.28125,False
1773599891.016778,473,0,0,0,0,8.48203699933947,0.0,0.027889000193681568,7.8719410229027975,208.6,775.28125,False
1773599891.150312,474,0,0,0,0,8.277146000182256,0.0,0.03098199886153452,7.8719410229027975,202.2,775.28125,False
1773599891.284169,475,0,0,0,0,8.229998999013333,0.0,0.027093003154732287,7.8719410229027975,194.3,775.28125,False
1773599891.4180858,476,0,0,0,0,8.411055001488421,0.0,0.026999998226528987,7.8719410229027975,201.6,775.28125,False
1773599891.551601,477,0,0,0,0,8.359666000615107,0.0,0.025851997634163126,7.8719410229027975,202.3,775.28125,False
1773599891.6819923,478,0,0,0,0,7.48873399788863,0.0,0.023036998754832894,7.8719410229027975,199.4,775.28125,False
1773599891.8668907,479,0,0,0,0,8.386720997805241,0.0,0.024999997549457476,7.153023357345558,178.5,775.28125,False
1773599892.001216,480,0,0,0,0,8.29101799899945,0.0,0.02544499875511974,7.153023357345558,201.0,775.28125,False
1773599892.1384914,481,0,0,0,0,8.722020000277553,0.0,0.026091998734045774,7.153023357345558,204.0,775.28125,False
1773599892.277078,482,0,0,0,0,8.454388997051865,0.0,0.02709299951675348,7.153023357345558,216.5,775.28125,False
1773599892.4119623,483,0,0,0,0,7.993274997716071,0.0,0.023667002096772194,7.153023357345558,200.2,775.28125,False
1773599892.5467126,484,0,0,0,0,7.947311001771595,0.0,0.023055999918142334,7.153023357345558,200.4,775.28125,False
1773599892.6801348,485,0,0,0,0,8.29009199878783,0.0,0.028017999284202233,7.153023357345558,209.9,775.28125,False
1773599892.8140717,486,0,0,0,0,8.1150530022569,0.0,0.026740999601315707,7.153023357345558,209.0,775.28125,False
1773599892.9484658,487,0,0,0,0,8.959096001490252,0.0,0.03272300091339275,6.929737815834524,223.3,775.28125,False
1773599893.0890205,488,0,0,0,0,7.984108000528067,0.0,0.02868499723263085,6.929737815834524,213.4,775.28125,False
1773599893.226146,489,0,0,0,0,8.37348100321833,0.0,0.024500997824361548,6.929737815834524,196.9,775.28125,False
1773599893.3609564,490,0,0,0,0,8.455130002403166,0.0,0.022814998374087736,6.929737815834524,207.7,775.28125,False
1773599893.495601,491,0,0,0,0,8.021867997740628,0.0,0.024388999008806422,6.929737815834524,193.1,775.28125,False
1773599893.628876,492,0,0,0,0,8.186480001313612,0.0,0.02272200072184205,6.929737815834524,210.1,775.28125,False
1773599893.7628536,493,0,0,0,0,8.107368001219584,0.0,0.023814998712623492,6.929737815834524,209.0,775.28125,False
1773599893.8962855,494,0,0,0,0,8.020516001124633,0.0,0.02492600106052123,7.848824703105666,209.8,775.28125,False
1773599894.030077,495,0,0,0,0,8.462334000796545,0.0,0.027352001779945567,7.848824703105666,224.3,775.28125,False
1773599894.1640108,496,0,0,0,0,8.393850999709684,0.0,0.027852001949213445,7.848824703105666,209.0,775.28125,False
1773599894.2978115,497,0,0,0,0,8.331425000505988,0.0,0.025036999431904405,7.848824703105666,201.8,775.28125,False
1773599894.427946,498,0,0,0,0,7.512161002523499,0.0,0.023630000214325264,7.848824703105666,207.5,775.28125,False
1773599894.6107056,499,0,0,0,0,8.365833000425482,0.0,0.02574099926277995,7.848824703105666,169.6,775.28125,False
1773599894.7461998,500,0,0,0,0,9.203560999594629,0.0,0.028185000701341778,7.848824703105666,214.1,775.28125,False
1773599894.885958,501,0,0,0,0,8.708296998520382,0.0,0.024277000193251297,7.848824703105666,214.6,775.28125,False
1773599895.0239816,502,0,0,0,0,8.380906001548283,0.0,0.025517998437862843,6.63528509905877,217.4,775.28125,False
1773599895.159308,503,0,0,0,0,8.091145002254052,0.0,0.025222998374374583,6.63528509905877,206.9,775.28125,False
1773599895.2933314,504,0,0,0,0,8.227869002439547,0.0,0.024500001018168405,6.63528509905877,216.4,775.28125,False
1773599895.4274428,505,0,0,0,0,8.0647200011299,0.0,0.0238150023506023,6.63528509905877,216.3,775.28125,False
1773599895.5632865,506,0,0,0,0,9.596747997420607,0.0,0.033295997127424926,6.63528509905877,220.9,775.28125,False
1773599895.70359,507,0,0,0,0,8.002255999599583,0.0,0.02344499807804823,6.63528509905877,213.7,775.28125,False
1773599895.8379445,508,0,0,0,0,8.508481001626933,0.0,0.02574099926277995,6.63528509905877,208.4,775.28125,False
1773599895.9720256,509,0,0,0,0,8.10382999770809,0.0,0.022536998585565016,7.837322871869806,208.8,775.28125,False
1773599896.1052794,510,0,0,0,0,8.016312000108883,0.0,0.0268340008915402,7.837322871869806,210.1,775.28125,False
1773599896.2392893,511,0,0,0,0,8.110312002827413,0.0,0.02238899833173491,7.837322871869806,223.8,775.28125,False
1773599896.3741763,512,0,0,0,0,8.55007499922067,0.0,0.02546399991842918,7.837322871869806,215.0,775.28125,False
1773599896.5082145,513,0,0,0,0,8.34779599972535,0.0,0.02183299875468947,7.837322871869806,201.5,775.28125,False
1773599896.6418538,514,0,0,0,0,8.154423001542455,0.0,0.02826000127242878,7.837322871869806,209.5,775.28125,False
1773599896.7761333,515,0,0,0,0,8.763519999774871,0.0,0.020592000510077924,7.837322871869806,201.0,775.28125,False
1773599896.9103644,516,0,0,0,0,8.49609299984877,0.0,0.027352001779945567,7.837322871869806,193.7,775.28125,False
1773599897.0443287,517,0,0,0,0,8.631224001874216,0.0,0.021500000002561137,6.989832647089983,209.0,775.28125,False
1773599897.4514818,518,1,1,0,0,7.541531002061674,276.8671660014661,0.03244400068069808,6.989832647089983,243.2,742.859375,True
1773599897.5845788,519,0,0,0,0,8.291368998470716,0.0,0.03979599932790734,6.989832647089983,195.4,775.296875,False
1773599897.7198062,520,0,0,0,0,8.621297998615773,0.0,0.03735199788934551,6.989832647089983,207.0,775.296875,False
1773599897.8533585,521,0,0,0,0,8.088349997706246,0.0,0.038591999327763915,6.989832647089983,202.2,775.296875,False
1773599897.9866192,522,0,0,0,0,8.385332999750972,0.0,0.03542599733918905,5.922292837143103,202.6,775.296875,False
1773599898.1203835,523,0,0,0,0,8.251202998508234,0.0,0.03429600110393949,5.922292837143103,201.8,775.296875,False
1773599898.2538044,524,0,0,0,0,8.258091002062429,0.0,0.035260000004200265,5.922292837143103,202.4,775.296875,False
1773599898.387352,525,0,0,0,0,8.165405000909232,0.0,0.04007499956060201,5.922292837143103,217.2,775.296875,False
1773599898.5219443,526,0,0,0,0,8.649687002616702,0.0,0.021241001377347857,5.922292837143103,193.1,775.296875,False
1773599898.6564028,527,0,0,0,0,8.739056997001171,0.0,0.020629002392524853,5.922292837143103,200.8,775.296875,False
1773599898.790404,528,0,0,0,0,8.308073000080185,0.0,0.029203998565208167,5.922292837143103,209.0,775.3125,False
1773599898.925135,529,0,0,0,0,8.778743002039846,0.0,0.021389001631177962,5.922292837143103,192.9,775.3125,False
1773599899.0596304,530,0,0,0,0,8.44135200168239,0.0,0.026851997972698882,6.986911734224367,200.8,775.3125,False
1773599899.1935616,531,0,0,0,0,7.954422999318922,0.0,0.027038000553147867,6.986911734224367,209.0,775.3125,False
1773599899.3277214,532,0,0,0,0,8.469093001622241,0.0,0.025092998839681968,6.986911734224367,201.3,775.3125,False
1773599899.4618106,533,0,0,0,0,8.359036000911146,0.0,0.028906997613376006,6.986911734224367,201.3,775.3125,False
1773599899.5953798,534,0,0,0,0,8.32264700147789,0.0,0.026612000510795042,6.986911734224367,202.2,775.3125,False
1773599899.7297933,535,0,0,0,0,8.820761999231763,0.0,0.020906998543068767,6.986911734224367,215.7,775.3125,False
1773599899.8637722,536,0,0,0,0,8.20581300285994,0.0,0.027037000108975917,6.986911734224367,186.6,775.3125,False
1773599899.9972732,537,0,0,0,0,8.125775999360485,0.0,0.02716700328164734,7.930155781572563,209.7,775.3125,False
1773599900.1276257,538,0,0,0,0,7.623864999914076,0.0,0.025388999347342178,7.930155781572563,207.1,775.3125,False
1773599900.3104162,539,0,0,0,0,8.179682998161297,0.0,0.02764799864962697,7.930155781572563,175.1,775.3125,False
1773599900.4439752,540,0,0,0,0,8.019015000172658,0.0,0.023352000425802544,7.930155781572563,194.7,775.3125,False
1773599900.5792513,541,0,0,0,0,9.80069400247885,0.0,0.0273709993052762,7.930155781572563,207.1,775.3125,False
1773599900.7206936,542,0,0,0,0,8.19553499968606,0.0,0.023908000002847984,7.930155781572563,212.0,775.3125,False
1773599900.8567746,543,0,0,0,0,8.476963001157856,0.0,0.02574099926277995,7.930155781572563,213.1,775.328125,False
1773599900.990596,544,0,0,0,0,8.357184000487905,0.0,0.027037000108975917,7.930155781572563,201.8,775.328125,False
1773599901.1253886,545,0,0,0,0,8.34885099902749,0.0,0.024796998332021758,6.6247420400777095,200.3,775.328125,False
1773599901.2599976,546,0,0,0,0,8.107681998808403,0.0,0.024538003344787285,6.6247420400777095,208.0,775.328125,False
1773599901.3939238,547,0,0,0,0,8.244035998359323,0.0,0.025445002393098548,6.6247420400777095,216.5,775.328125,False
1773599901.5280445,548,0,0,0,0,8.074404999206308,0.0,0.028352002118481323,6.6247420400777095,208.8,775.328125,False
1773599901.6658375,549,0,0,0,0,11.351499997545034,0.0,0.030815001082373783,6.6247420400777095,217.8,775.328125,False
1773599901.8050113,550,0,0,0,0,7.911534001323162,0.0,0.023130000045057386,6.6247420400777095,201.1,775.328125,False
1773599901.9416802,551,0,0,0,0,8.300942998175742,0.0,0.0229439974646084,6.6247420400777095,204.9,775.328125,False
1773599902.0761797,552,0,0,0,0,8.056979000684805,0.0,0.024462999135721475,7.8259277105736125,208.2,775.328125,False
1773599902.211309,553,0,0,0,0,8.0392749987368,0.0,0.02535199746489525,7.8259277105736125,199.8,775.328125,False
1773599902.3446643,554,0,0,0,0,8.17840600211639,0.0,0.023018998035695404,7.8259277105736125,210.0,775.328125,False
1773599902.4781473,555,0,0,0,0,7.947571000840981,0.0,0.025777997507248074,7.8259277105736125,209.7,775.328125,False
1773599902.6116242,556,0,0,0,0,7.952588999614818,0.0,0.022963002265896648,7.8259277105736125,224.7,775.328125,False
1773599902.745245,557,0,0,0,0,7.997182001417968,0.0,0.02305500311194919,7.8259277105736125,224.5,775.328125,False
1773599902.8753808,558,0,0,0,0,7.451808000041638,0.0,0.024482000299030915,7.8259277105736125,192.1,775.328125,False
1773599903.0617902,559,0,0,0,0,8.265979999123374,0.0,0.023333999706665054,7.8259277105736125,171.7,775.328125,False
1773599903.1959124,560,0,0,0,0,8.178943000530126,0.0,0.02355499964323826,6.673071817940484,193.9,775.328125,False
1773599903.3307803,561,0,0,0,0,9.568896002747351,0.0,0.03255599949625321,6.673071817940484,215.1,775.328125,False
1773599903.4711905,562,0,0,0,0,8.174701000825735,0.0,0.025018001906573772,6.673071817940484,206.5,775.328125,False
1773599903.6058295,563,0,0,0,0,8.112589999655029,0.0,0.022332998923957348,6.673071817940484,215.4,775.328125,False
1773599903.740797,564,0,0,0,0,8.143109000229742,0.0,0.08270399848697707,6.673071817940484,207.4,775.328125,False
1773599903.874505,565,0,0,0,0,8.24953600022127,0.0,0.024184999347198755,6.673071817940484,209.4,775.328125,False
1773599904.0086854,566,0,0,0,0,8.194832000299357,0.0,0.028147998818894848,6.673071817940484,223.7,775.328125,False
1773599904.1422029,567,0,0,0,0,8.047922998230206,0.0,0.027796999347629026,7.8660634392169575,209.6,775.328125,False
1773599904.276176,568,0,0,0,0,8.607648996985517,0.0,0.028889000532217324,7.8660634392169575,209.1,775.328125,False
1773599904.4142814,569,0,0,0,0,9.093338001548545,0.0,0.023352000425802544,7.8660634392169575,231.6,775.328125,False
1773599904.5507588,570,0,0,0,0,8.375129000341985,0.0,0.025408000510651618,7.8660634392169575,212.5,775.328125,False
1773599904.6853685,571,0,0,0,0,8.407981000345899,0.0,0.02300000051036477,7.8660634392169575,208.0,775.328125,False
1773599904.8189886,572,0,0,0,0,8.365832996787503,0.0,0.02318599945283495,7.8660634392169575,202.1,775.328125,False
1773599904.953965,573,0,0,0,0,8.003200997336535,0.0,0.023110998881747946,7.8660634392169575,200.0,775.328125,False
1773599905.0870512,574,0,0,0,0,8.170516000973294,0.0,0.02298199979122728,7.8660634392169575,202.8,775.328125,False
1773599905.220715,575,0,0,0,0,7.9961450028349645,0.0,0.024110999220283702,6.944308825501586,224.4,775.328125,False
1773599905.3546333,576,0,0,0,0,7.956367000588216,0.0,0.025148001441266388,6.944308825501586,224.0,775.328125,False
1773599905.4880695,577,0,0,0,0,7.926236998173408,0.0,0.026204001187579706,6.944308825501586,217.3,775.328125,False
1773599905.6181347,578,0,0,0,0,7.4361039987707045,0.0,0.023851996957091615,6.944308825501586,199.9,776.125,False
1773599905.794425,579,0,0,0,0,8.172090001608012,0.0,0.024500997824361548,6.944308825501586,175.9,776.125,False
1773599905.928326,580,0,0,0,0,8.09134900191566,0.0,0.02653800038387999,6.944308825501586,201.6,776.125,False
1773599906.061694,581,0,0,0,0,8.053256999119185,0.0,0.030351999157574028,6.944308825501586,195.0,776.125,False
1773599906.197906,582,0,0,0,0,10.095047000504564,0.0,0.02792599843814969,7.63617379684134,212.9,776.125,False
1773599906.3378015,583,0,0,0,0,8.200999000109732,0.0,0.025852001272141933,7.63617379684134,214.4,776.125,False
1773599906.4739048,584,0,0,0,0,8.380092000152217,0.0,0.026851997972698882,7.63617379684134,205.7,776.125,False
1773599906.608652,585,0,0,0,0,8.095755998510867,0.0,0.026759000320453197,7.63617379684134,207.8,776.125,False
1773599906.7425935,586,0,0,0,0,8.099090999166947,0.0,0.024556000425945967,7.63617379684134,201.5,776.125,False
1773599906.8763871,587,0,0,0,0,8.033275000343565,0.0,0.0240379995375406,7.63617379684134,216.7,776.125,False
1773599907.0102506,588,0,0,0,0,8.042904999456368,0.0,0.02518499968573451,7.63617379684134,216.7,776.125,False
1773599907.1446366,589,0,0,0,0,8.342296001501381,0.0,0.024278000637423247,7.63617379684134,230.7,776.125,False
1773599907.2782466,590,0,0,0,0,8.117442001093877,0.0,0.024000000848900527,6.9326143846871116,202.0,776.125,False
1773599907.41208,591,0,0,0,0,8.163387003151001,0.0,0.024797001970000565,6.9326143846871116,216.7,776.125,False
1773599907.5458841,592,0,0,0,0,8.343461999174906,0.0,0.028147998818894848,6.9326143846871116,216.8,776.125,False
1773599907.680802,593,0,0,0,0,8.068719998846063,0.0,0.025592002202756703,6.9326143846871116,210.1,776.125,False
1773599907.8144102,594,0,0,0,0,8.05564500114997,0.0,0.024758999643381685,6.9326143846871116,214.4,776.125,False
1773599907.9475043,595,0,0,0,0,8.010608002223307,0.0,0.024019002012209967,6.9326143846871116,210.4,776.125,False
1773599908.082578,596,0,0,0,0,9.239764000085415,0.0,0.0335750009980984,6.9326143846871116,214.8,776.125,False
1773599908.218766,597,0,0,0,0,9.756804000062402,0.0,0.02931500057457015,7.912221080937815,212.9,776.125,False
1773599908.3521414,598,0,0,0,0,7.520030998421134,0.0,0.02353699892410077,7.912221080937815,247.3,776.125,False
1773599908.5454252,599,0,0,0,0,8.339369000168517,0.0,0.026481000531930476,7.912221080937815,170.8,776.125,False
1773599908.6833084,600,0,0,0,0,11.744594998162938,0.0,0.02383299943176098,7.912221080937815,203.0,776.140625,False
1773599908.8217654,601,0,0,0,0,8.448499997030012,0.0,0.030573999538319185,7.912221080937815,202.2,776.140625,False
1773599908.9568567,602,0,0,0,0,8.172034999006428,0.0,0.024130000383593142,7.912221080937815,199.8,776.140625,False
1773599909.0904078,603,0,0,0,0,8.141275997331832,0.0,0.023943997803144157,7.912221080937815,209.7,776.140625,False
1773599909.2245378,604,0,0,0,0,8.114645999739878,0.0,0.02351900184294209,6.9596835538606285,208.8,776.140625,False
1773599909.358452,605,0,0,0,0,8.192442001018208,0.0,0.02462900010868907,6.9596835538606285,231.4,776.140625,False
1773599909.496381,606,0,0,0,0,10.770015000161948,0.0,0.023332999262493104,6.9596835538606285,203.0,776.140625,False
1773599909.6364453,607,0,0,0,0,8.349296000233153,0.0,0.026185000024270266,6.9596835538606285,207.0,776.140625,False
1773599909.7716997,608,0,0,0,0,7.959403999848291,0.0,0.024110999220283702,6.9596835538606285,199.6,776.140625,False
1773599909.9053724,609,0,0,0,0,8.293386999866925,0.0,0.024796998332021758,6.9596835538606285,209.4,776.140625,False
1773599910.0390675,610,0,0,0,0,7.966090000991244,0.0,0.023130000045057386,6.9596835538606285,224.4,776.140625,False
1773599910.1728954,611,0,0,0,0,8.280442998511717,0.0,0.02627800131449476,6.9596835538606285,224.2,776.140625,False
1773599910.3067482,612,0,0,0,0,8.399184000154492,0.0,0.028536996978800744,6.920913584897388,194.2,776.140625,False
1773599910.441255,613,0,0,0,0,8.685464003065135,0.0,0.021592997654806823,6.920913584897388,208.2,776.140625,False
1773599910.5748346,614,0,0,0,0,8.319776999996975,0.0,0.0271480021183379,6.920913584897388,194.7,776.140625,False
1773599910.709345,615,0,0,0,0,8.77292799850693,0.0,0.0202410010388121,6.920913584897388,200.7,776.140625,False
1773599910.8433433,616,0,0,0,0,8.350961998075945,0.0,0.02738900002441369,6.920913584897388,201.5,776.140625,False
1773599910.9774315,617,0,0,0,0,8.700908998434898,0.0,0.025518998882034793,6.920913584897388,201.3,776.140625,False
1773599911.107472,618,0,0,0,0,7.443901002261555,0.0,0.022277999960351735,6.920913584897388,192.2,776.140625,False
1773599911.281807,619,0,0,0,0,8.245627999713179,0.0,0.023648000933462754,7.648982033307316,177.8,776.140625,False
1773599911.4161124,620,0,0,0,0,8.367165999516146,0.0,0.023611999495187774,7.648982033307316,208.5,776.140625,False
1773599911.5507617,621,0,0,0,0,8.970132999820635,0.0,0.03509200178086758,7.648982033307316,193.1,776.140625,False
1773599911.690681,622,0,0,0,0,8.277998000266962,0.0,0.027204001526115462,7.648982033307316,221.6,776.140625,False
1773599911.8260882,623,0,0,0,0,8.437574000708992,0.0,0.02651899922057055,7.648982033307316,206.8,776.140625,False
1773599911.9649148,624,0,0,0,0,8.124645999487257,0.0,0.02292600038344972,7.648982033307316,208.9,776.140625,False
1773599912.098549,625,0,0,0,0,8.093942000414245,0.0,0.023333999706665054,7.648982033307316,202.1,776.140625,False
1773599912.2330542,626,0,0,0,0,8.214941997721326,0.0,0.024426000891253352,7.648982033307316,223.0,776.140625,False
1773599912.3672462,627,0,0,0,0,8.139295001456048,0.0,0.024536999262636527,6.89924444673165,208.6,776.140625,False
1773599912.5008612,628,0,0,0,0,8.22175799839897,0.0,0.02294500154675916,6.89924444673165,224.5,776.15625,False
1773599912.6343153,629,0,0,0,0,8.069126997725107,0.0,0.025092002033488825,6.89924444673165,202.3,776.15625,False
1773599912.7676651,630,0,0,0,0,8.289777000754839,0.0,0.022222000552574173,6.89924444673165,217.5,776.15625,False
1773599912.9017704,631,0,0,0,0,8.2968870010518,0.0,0.02387100175837986,6.89924444673165,193.9,776.15625,False
1773599913.0350204,632,0,0,0,0,8.100682000076631,0.0,0.02292600038344972,6.89924444673165,210.1,776.171875,False
1773599913.1702387,633,0,0,0,0,9.723711998958606,0.0,0.02461099938955158,6.89924444673165,221.9,776.171875,False
1773599913.3098068,634,0,0,0,0,8.140589998220094,0.0,0.02322199725313112,7.8943041707711235,229.2,776.171875,False
1773599913.4473882,635,0,0,0,0,8.287221000500722,0.0,0.02353699892410077,7.8943041707711235,203.5,776.171875,False
1773599913.5821285,636,0,0,0,0,8.356426002137596,0.0,0.024445002054562792,7.8943041707711235,215.2,776.171875,False
1773599913.716408,637,0,0,0,0,7.961052000609925,0.0,0.023666001652600244,7.8943041707711235,208.5,776.171875,False
1773599913.8467047,638,0,0,0,0,7.539141999586718,0.0,0.022333999368129298,7.8943041707711235,214.9,776.171875,False
1773599914.029857,639,0,0,0,0,8.277240001916653,0.0,0.023833999875932932,7.8943041707711235,174.7,776.171875,False
1773599914.1646833,640,0,0,0,0,8.363739998458186,0.0,0.026962999982060865,7.8943041707711235,200.4,776.171875,False
1773599914.3056931,641,0,0,0,0,8.317201998579549,0.0,0.027517999114934355,7.8943041707711235,212.6,776.171875,False
1773599914.440247,642,0,0,0,0,8.217571998102358,0.0,0.0248889991780743,6.607586042840646,200.7,776.171875,False
1773599914.572944,643,0,0,0,0,8.101682000415167,0.0,0.02290799966431223,6.607586042840646,203.5,776.171875,False
1773599914.707005,644,0,0,0,0,8.081774998572655,0.0,0.025555997126502916,6.607586042840646,216.3,776.171875,False
1773599914.840932,645,0,0,0,0,8.308592001412762,0.0,0.030074003007030115,6.607586042840646,216.5,776.171875,False
1773599914.976812,646,0,0,0,0,9.255746001144871,0.0,0.02925999797298573,6.607586042840646,213.5,776.171875,False
1773599915.1165857,647,0,0,0,0,8.320684002683265,0.0,0.02679599856492132,6.607586042840646,214.6,776.171875,False
1773599915.2517354,648,0,0,0,0,8.502406999468803,0.0,0.023630000214325264,6.607586042840646,207.1,776.171875,False
1773599915.3861923,649,0,0,0,0,8.280351001303643,0.0,0.02185199991799891,7.86625337758796,208.2,776.171875,False
1773599915.519646,650,0,0,0,0,8.110331000352744,0.0,0.027815000066766515,7.86625337758796,202.3,776.171875,False
1773599915.6538978,651,0,0,0,0,8.303425001940923,0.0,0.02407500141998753,7.86625337758796,216.0,776.171875,False
1773599915.787451,652,0,0,0,0,8.086923000519164,0.0,0.02246300209662877,7.86625337758796,224.6,776.171875,False
1773599915.921464,653,0,0,0,0,8.484648999001365,0.0,0.028334001399343833,7.86625337758796,216.4,776.171875,False
1773599916.0556922,654,0,0,0,0,8.452295998722548,0.0,0.027797002985607833,7.86625337758796,208.6,776.171875,False
1773599916.189471,655,0,0,0,0,8.333609999681357,0.0,0.02181499803555198,7.86625337758796,201.8,776.171875,False
1773599916.323005,656,0,0,0,0,8.253924002929125,0.0,0.02316699828952551,7.86625337758796,209.7,776.171875,False
1773599916.4568775,657,0,0,0,0,8.284090999950422,0.0,0.02387100175837986,6.998740184583816,209.1,776.171875,False
1773599916.587305,658,0,0,0,0,7.489308001822792,0.0,0.024444001610390842,6.998740184583816,199.3,776.171875,False
1773599916.773533,659,0,0,0,0,8.185812999727204,0.0,0.02550000135670416,6.998740184583816,166.5,776.171875,False
1773599916.9096057,660,0,0,0,0,9.748119999130722,0.0,0.025445002393098548,6.998740184583816,213.2,776.171875,False
1773599917.0495694,661,0,0,0,0,8.44601800054079,0.0,0.026851997972698882,6.998740184583816,207.2,776.171875,False
1773599917.1840909,662,0,0,0,0,8.296665997477248,0.0,0.024556000425945967,6.998740184583816,200.7,776.171875,False
1773599917.3180506,663,0,0,0,0,7.87507100176299,0.0,0.02631499955896288,6.998740184583816,201.5,776.171875,False
1773599917.4519124,664,0,0,0,0,8.200739001040347,0.0,0.0243520007643383,7.508092677231354,209.2,776.171875,False
1773599917.585997,665,0,0,0,0,8.173831000021892,0.0,0.022574000468011945,7.508092677231354,208.8,776.171875,False
1773599917.721046,666,0,0,0,0,8.160719997249544,0.0,0.03353699867147952,7.508092677231354,222.2,776.171875,False
1773599917.8574781,667,0,0,0,0,10.325104998628376,0.0,0.03468500290182419,7.508092677231354,205.2,776.171875,False
1773599917.9974961,668,0,0,0,0,8.301683999889065,0.0,0.029519000236177817,7.508092677231354,221.4,776.171875,False
1773599918.1315928,669,0,0,0,0,8.352518001629505,0.0,0.025630000891396776,7.508092677231354,193.9,776.171875,False
1773599918.2664194,670,0,0,0,0,8.098998001514701,0.0,0.026888999855145812,7.508092677231354,200.2,776.171875,False
1773599918.3999631,671,0,0,0,0,8.048348998272559,0.0,0.02649999805726111,7.508092677231354,202.2,776.1875,False
1773599918.5338333,672,0,0,0,0,7.981645001564175,0.0,0.024704000679776073,6.921443840837661,216.6,776.1875,False
1773599918.6678183,673,0,0,0,0,8.07016399994609,0.0,0.026685000193538144,6.921443840837661,223.9,776.1875,False
1773599918.8014958,674,0,0,0,0,8.350444000825519,0.0,0.02626000059535727,6.921443840837661,216.9,776.1875,False
1773599918.9356437,675,0,0,0,0,8.40455599973211,0.0,0.02594399848021567,6.921443840837661,208.8,776.1875,False
1773599919.0694485,676,0,0,0,0,8.243184001912596,0.0,0.023648000933462754,6.921443840837661,209.2,776.1875,False
1773599919.2025485,677,0,0,0,0,8.228960999986157,0.0,0.022574000468011945,6.921443840837661,195.3,776.1875,False
1773599919.332901,678,0,0,0,0,7.498253002268029,0.0,0.021629999537253752,6.921443840837661,199.5,776.1875,False
1773599919.5265088,679,0,0,0,0,8.39857300161384,0.0,0.024962999304989353,7.5242014075910175,170.5,776.1875,False
1773599919.6616206,680,0,0,0,0,8.621834000223316,0.0,0.024130000383593142,7.5242014075910175,192.4,776.1875,False
1773599919.8018363,681,0,0,0,0,8.51901900023222,0.0,0.02348199996049516,7.5242014075910175,206.8,776.1875,False
1773599919.9370985,682,0,0,0,0,8.379091999813681,0.0,0.026444999093655497,7.5242014075910175,207.0,776.1875,False
1773599920.0705886,683,0,0,0,0,8.199515999876894,0.0,0.024204000510508195,7.5242014075910175,209.7,776.1875,False
1773599920.2051103,684,0,0,0,0,8.342535998963285,0.0,0.027463000151328743,7.5242014075910175,215.6,776.1875,False
1773599920.3381968,685,0,0,0,0,7.997903998330003,0.0,0.023352000425802544,7.5242014075910175,225.4,776.1875,False
1773599920.4774625,686,0,0,0,0,10.701606999646174,0.0,0.02596299964352511,7.5242014075910175,222.6,776.1875,False
1773599920.6171145,687,0,0,0,0,8.467333002045052,0.0,0.023833999875932932,6.883743089324149,200.5,776.1875,False
1773599920.755298,688,0,0,0,0,8.055738002440194,0.0,0.024832999770296738,6.883743089324149,195.4,776.1875,False
1773599920.8886557,689,0,0,0,0,8.269072997791227,0.0,0.02827800199156627,6.883743089324149,202.5,776.1875,False
1773599921.0225008,690,0,0,0,0,8.098960002826061,0.0,0.025017998268594965,6.883743089324149,216.6,776.1875,False
1773599921.157069,691,0,0,0,0,8.41514800049481,0.0,0.02461199983372353,6.883743089324149,215.5,776.1875,False
1773599921.2906265,692,0,0,0,0,8.16716500048642,0.0,0.02377800046815537,6.883743089324149,224.6,776.1875,False
1773599921.4248674,693,0,0,0,0,8.250054001109675,0.0,0.025037003069883212,6.883743089324149,208.6,776.1875,False
1773599921.5585349,694,0,0,0,0,8.232275999034755,0.0,0.02801800292218104,7.880660056085039,216.9,776.1875,False
1773599921.6921144,695,0,0,0,0,8.292702001199359,0.0,0.025314999220427126,7.880660056085039,202.1,776.1875,False
1773599921.826164,696,0,0,0,0,8.048442003200762,0.0,0.029259001166792586,7.880660056085039,208.9,776.1875,False
1773599921.9599638,697,0,0,0,0,8.224404999054968,0.0,0.02438900264678523,7.880660056085039,209.3,776.1875,False
1773599922.0903964,698,0,0,0,0,7.471086002624361,0.0,0.022333002561936155,7.880660056085039,199.3,776.1875,False
1773599922.2706196,699,0,0,0,0,8.3022209983028,0.0,0.023389002308249474,7.880660056085039,177.6,776.1875,False
1773599922.4047503,700,0,0,0,0,8.399184996960685,0.0,0.025260000256821513,7.880660056085039,193.8,776.1875,False
1773599922.5434268,701,0,0,0,0,9.19602299836697,0.0,0.024944998585851863,7.880660056085039,216.3,776.1875,False
1773599922.6801395,702,0,0,0,0,8.41183200100204,0.0,0.025426001229789108,6.669397412575848,204.8,776.1875,False
1773599922.8151422,703,0,0,0,0,8.077979000518098,0.0,0.025278000975959003,6.669397412575848,200.0,776.1875,False
1773599922.9491374,704,0,0,0,0,8.081441999820527,0.0,0.023573997168568894,6.669397412575848,208.9,776.1875,False
1773599923.0839663,705,0,0,0,0,8.555963999242522,0.0,0.02570400101831183,6.669397412575848,222.6,776.1875,False
1773599923.2228725,706,0,0,0,0,10.17062200116925,0.0,0.02237099761259742,6.669397412575848,223.1,776.1875,False
1773599923.361004,707,0,0,0,0,8.516944999428233,0.0,0.024832999770296738,6.669397412575848,195.5,776.1875,False
1773599923.4960203,708,0,0,0,0,7.978940997418249,0.0,0.02377800046815537,6.669397412575848,200.0,776.1875,False
1773599923.6298041,709,0,0,0,0,8.222276002925355,0.0,0.022074000298744068,7.830162750196662,209.3,776.1875,False
1773599923.7629483,710,0,0,0,0,8.168701999238692,0.0,0.02437100192764774,7.830162750196662,202.8,776.1875,False
1773599923.8972926,711,0,0,0,0,8.15701600004104,0.0,0.028073998691979796,7.830162750196662,208.4,776.1875,False
1773599924.0316634,712,0,0,0,0,8.611352001025807,0.0,0.026685000193538144,7.830162750196662,215.8,776.1875,False
1773599924.165585,713,0,0,0,0,8.304054001200711,0.0,0.029185001039877534,7.830162750196662,216.6,776.203125,False
1773599924.2990189,714,0,0,0,0,8.253739000792848,0.0,0.0248889991780743,7.830162750196662,209.8,776.203125,False
1773599924.4330482,715,0,0,0,0,8.53400100095314,0.0,0.02437000148347579,7.830162750196662,216.4,776.203125,False
1773599924.5670578,716,0,0,0,0,8.213572000386193,0.0,0.023980999685591087,7.830162750196662,208.9,776.203125,False
1773599924.7007189,717,0,0,0,0,8.071478998317616,0.0,0.023352000425802544,6.998314786449834,209.5,776.203125,False
1773599924.830892,718,0,0,0,0,7.515123001212487,0.0,0.024536999262636527,6.998314786449834,184.4,776.203125,False
1773599925.0188127,719,0,0,0,0,8.333239999046782,0.0,0.023092998162610456,6.998314786449834,175.6,776.203125,False
1773599925.155516,720,0,0,0,0,10.26451099824044,0.0,0.027482001314638183,6.998314786449834,219.5,776.203125,False
1773599925.2906363,721,0,0,0,0,8.614261001639534,0.0,0.026740999601315707,6.998314786449834,207.2,776.203125,False
1773599925.4260726,722,0,0,0,0,8.039366999582853,0.0,0.029519000236177817,6.998314786449834,199.4,776.203125,False
1773599925.5593808,723,0,0,0,0,8.101461000478594,0.0,0.024166998628061265,6.998314786449834,202.5,776.203125,False
1773599925.6931667,724,0,0,0,0,8.128146000672132,0.0,0.023628999770153314,7.524883105000303,224.2,776.203125,False
1773599925.8268852,725,0,0,0,0,8.131775000947528,0.0,0.03040799856535159,7.524883105000303,224.4,776.203125,False
1773599925.96113,726,0,0,0,0,8.204535002732882,0.0,0.025111003196798265,7.524883105000303,216.0,776.203125,False
1773599926.095155,727,0,0,0,0,8.715038002264919,0.0,0.030221999622881413,7.524883105000303,216.4,776.203125,False
1773599926.232264,728,0,0,0,0,9.169116001430666,0.0,0.0327220004692208,7.524883105000303,211.6,776.203125,False
1773599926.3728294,729,0,0,0,0,8.245312998042209,0.0,0.08833399988361634,7.524883105000303,220.4,776.203125,False
1773599926.5069127,730,0,0,0,0,8.376832000067225,0.0,0.024278000637423247,7.524883105000303,201.4,776.203125,False
1773599926.6421533,731,0,0,0,0,7.8991450027388055,0.0,0.02468500315444544,7.524883105000303,207.0,776.203125,False
1773599926.7759333,732,0,0,0,0,8.040922999498434,0.0,0.026907997380476445,6.9174534175392965,194.3,776.203125,False
1773599926.9100688,733,0,0,0,0,8.313239999552025,0.0,0.02568599666119553,6.9174534175392965,216.2,776.203125,False
1773599927.0440624,734,0,0,0,0,8.087811998848338,0.0,0.028296999516896904,6.9174534175392965,216.4,776.203125,False
1773599927.178438,735,0,0,0,0,8.220275998610305,0.0,0.029221999284345657,6.9174534175392965,208.4,776.203125,False
1773599927.312567,736,0,0,0,0,8.356110000022454,0.0,0.02959199991892092,6.9174534175392965,216.2,776.203125,False
1773599927.4464996,737,0,0,0,0,8.485796999593731,0.0,0.028981001378269866,6.9174534175392965,209.0,776.203125,False
1773599927.5771232,738,0,0,0,0,7.557141998404404,0.0,0.021332998585421592,6.9174534175392965,183.7,776.203125,False
1773599927.7586656,739,0,0,0,0,8.385017998080002,0.0,0.022574000468011945,7.59336958961844,176.3,776.203125,False
1773599927.892485,740,0,0,0,0,8.085276000201702,0.0,0.028629998269025236,7.59336958961844,201.8,776.203125,False
1773599928.0304492,741,0,0,0,0,10.497901999769965,0.0,0.02459299867041409,7.59336958961844,210.1,776.203125,False
1773599928.1701493,742,0,0,0,0,8.505814999807626,0.0,0.02411100285826251,7.59336958961844,214.8,776.203125,False
1773599928.3042333,743,0,0,0,0,8.44929599770694,0.0,0.024999997549457476,7.59336958961844,201.4,776.21875,False
1773599928.439779,744,0,0,0,0,8.481297001708299,0.0,0.022758998966310173,7.59336958961844,206.5,776.21875,False
1773599928.5763848,745,0,0,0,0,8.139479999954347,0.0,0.025407000066479668,7.59336958961844,190.4,776.234375,False
1773599928.710176,746,0,0,0,0,8.483908000926021,0.0,0.021537001885008067,7.59336958961844,209.3,776.234375,False
1773599928.8434637,747,0,0,0,0,7.942608001030749,0.0,0.02327800029888749,6.898383680036691,210.1,776.234375,False
1773599928.9776738,748,0,0,0,0,8.784039000602206,0.0,0.03190700226696208,6.898383680036691,216.1,776.234375,False
1773599929.1201844,749,0,0,0,0,8.215776000724873,0.0,0.026722002075985074,6.898383680036691,203.5,776.234375,False
1773599929.256215,750,0,0,0,0,8.204221001506085,0.0,0.02661100006662309,6.898383680036691,198.5,776.234375,False
1773599929.3912187,751,0,0,0,0,8.42307400307618,0.0,0.023406999389408156,6.898383680036691,192.6,776.234375,False
1773599929.5250516,752,0,0,0,0,8.106812001642538,0.0,0.023518998204963282,6.898383680036691,209.2,776.234375,False
1773599929.65936,753,0,0,0,0,8.21520200042869,0.0,0.024426000891253352,6.898383680036691,193.6,776.234375,False
1773599929.7930088,754,0,0,0,0,7.979792997502955,0.0,0.023684999177930877,7.846185503754447,217.0,776.234375,False
1773599929.9264488,755,0,0,0,0,8.139165001921356,0.0,0.020944000425515696,7.846185503754447,217.3,776.234375,False
1773599930.0598814,756,0,0,0,0,8.089181999821449,0.0,0.021740001102443784,7.846185503754447,217.3,776.234375,False
1773599930.193654,757,0,0,0,0,8.484814999974333,0.0,0.026721998438006267,7.846185503754447,194.4,776.234375,False
1773599930.323739,758,0,0,0,0,7.463530000677565,0.0,0.02399999721092172,7.846185503754447,199.8,776.234375,False
1773599930.4940088,759,0,0,0,0,8.26338800106896,0.0,0.02185199991799891,7.846185503754447,182.1,776.234375,False
1773599930.6278353,760,0,0,0,0,8.133461000397801,0.0,0.02796300032059662,7.846185503754447,194.3,776.234375,False
1773599930.7623432,761,0,0,0,0,8.988002999103628,0.0,0.025278000975959003,7.846185503754447,208.2,776.234375,False
1773599930.9002187,762,0,0,0,0,9.380783001688542,0.0,0.025648001610534266,6.7697359076663695,203.0,776.234375,False
1773599931.039857,763,0,0,0,0,8.049997002672171,0.0,0.02796300032059662,6.7697359076663695,207.7,776.234375,False
1773599931.175083,764,0,0,0,0,8.343684999999823,0.0,0.02486999801476486,6.7697359076663695,214.5,776.234375,False
1773599931.31014,765,0,0,0,0,8.31331399967894,0.0,0.022612002794630826,6.7697359076663695,199.9,776.234375,False
1773599931.4451542,766,0,0,0,0,8.01368199972785,0.0,0.024666998797329143,6.7697359076663695,207.3,776.234375,False
1773599931.5790021,767,0,0,0,0,8.081293999566697,0.0,0.025444001948926598,6.7697359076663695,209.2,776.234375,False
1773599931.7119877,768,0,0,0,0,8.231980002165074,0.0,0.024554999981774017,6.7697359076663695,195.5,776.234375,False
1773599931.8459606,769,0,0,0,0,8.074682998994831,0.0,0.025334000383736566,7.8512305266064235,216.4,776.234375,False
1773599931.9794374,770,0,0,0,0,7.930810999823734,0.0,0.02359300196985714,7.8512305266064235,209.8,776.234375,False
1773599932.113421,771,0,0,0,0,8.153941998898517,0.0,0.022796000848757103,7.8512305266064235,216.4,776.234375,False
1773599932.24664,772,0,0,0,0,8.024016002309509,0.0,0.024740002118051052,7.8512305266064235,210.2,776.234375,False
1773599932.3801434,773,0,0,0,0,7.955608001793735,0.0,0.02385200059507042,7.8512305266064235,209.7,776.234375,False
1773599932.5137935,774,0,0,0,0,7.969329999468755,0.0,0.024037002731347457,7.8512305266064235,224.5,776.234375,False
1773599932.6480248,775,0,0,0,0,9.16780099942116,0.0,0.03101900074398145,7.8512305266064235,216.1,776.234375,False
1773599932.787328,776,0,0,0,0,9.727082000608789,0.0,0.02324000161024742,7.8512305266064235,222.5,776.234375,False
1773599932.9257827,777,0,0,0,0,8.260054000857053,0.0,0.027055000828113407,6.949803981349231,216.7,776.234375,False
1773599933.0571294,778,0,0,0,0,7.49823400110472,0.0,0.022555999748874456,6.949803981349231,228.4,776.234375,False
1773599933.2437637,779,0,0,0,0,8.189404998120153,0.0,0.02401899837423116,6.949803981349231,171.5,776.234375,False
1773599933.3777978,780,0,0,0,0,8.289202000014484,0.0,0.022815002012066543,6.949803981349231,194.0,776.234375,False
1773599933.5196807,781,0,0,0,0,8.273203002318041,0.0,0.024222998035838827,6.949803981349231,197.4,776.234375,False
1773599933.6586754,782,0,0,0,0,8.089033999567619,0.0,0.030797000363236293,6.949803981349231,208.7,776.234375,False
1773599933.7962074,783,0,0,0,0,8.369850998860784,0.0,0.024462999135721475,6.949803981349231,210.8,776.234375,False
1773599933.9326599,784,0,0,0,0,8.096182998997392,0.0,0.02494400177965872,6.954164533962869,205.2,776.234375,False
1773599934.0663013,785,0,0,0,0,8.111219998681918,0.0,0.024222001229645684,6.954164533962869,209.5,776.234375,False
1773599934.2011445,786,0,0,0,0,8.375444002012955,0.0,0.03625899989856407,6.954164533962869,207.8,776.234375,False
1773599934.3354297,787,0,0,0,0,8.81235400083824,0.0,0.02838899672497064,6.954164533962869,215.9,776.234375,False
1773599934.473021,788,0,0,0,0,8.737261003261665,0.0,0.027592999686021358,6.954164533962869,217.9,776.234375,False
1773599934.6091666,789,0,0,0,0,8.425888998317532,0.0,0.027518999559106305,6.954164533962869,205.7,776.234375,False
1773599934.7437084,790,0,0,0,0,7.887478001066484,0.0,0.024444998416583985,6.954164533962869,215.5,776.234375,False
1773599934.877331,791,0,0,0,0,8.103719999780878,0.0,0.024925997422542423,7.862128431699664,209.5,776.234375,False
1773599935.0103238,792,0,0,0,0,8.112331001029816,0.0,0.02522200156818144,7.862128431699664,195.5,776.234375,False
1773599935.1443763,793,0,0,0,0,8.158497999829706,0.0,0.024944998585851863,7.862128431699664,216.4,776.234375,False
1773599935.2778897,794,0,0,0,0,8.037199997488642,0.0,0.024797001970000565,7.862128431699664,224.7,776.234375,False
1773599935.4114552,795,0,0,0,0,8.193628000299213,0.0,0.02870399839594029,7.862128431699664,217.2,776.234375,False
1773599935.545158,796,0,0,0,0,8.435018000454875,0.0,0.02377800046815537,7.862128431699664,216.9,776.234375,False
1773599935.67848,797,0,0,0,0,8.234813998569734,0.0,0.02572199809947051,7.862128431699664,195.0,776.234375,False
1773599935.8087647,798,0,0,0,0,7.44880799902603,0.0,0.024536999262636527,7.862128431699664,199.5,776.25,False
1773599935.98682,799,0,0,0,0,8.426258998952108,0.0,0.026666999474400654,7.210570266805286,179.7,776.25,False
1773599936.1226573,800,0,0,0,0,9.963786997104762,0.0,0.027204001526115462,7.210570266805286,206.2,776.25,False
1773599936.2625668,801,0,0,0,0,8.052756002143724,0.0,0.025130000722128898,7.210570266805286,214.4,776.25,False
1773599936.396672,802,0,0,0,0,8.358646999113262,0.0,0.027296002372168005,7.210570266805286,201.3,776.25,False
1773599936.5355868,803,0,0,0,0,8.011051999346819,0.0,0.024554999981774017,7.210570266805286,201.5,776.25,False
1773599936.6698906,804,0,0,0,0,8.08935000168276,0.0,0.02596400008769706,7.210570266805286,215.9,776.25,False
1773599936.8038542,805,0,0,0,0,8.147683001880068,0.0,0.03655600085039623,7.210570266805286,224.0,776.25,False
1773599936.9387116,806,0,0,0,0,8.601352001278428,0.0,0.027203001081943512,7.210570266805286,215.0,776.25,False
1773599937.0748763,807,0,0,0,0,10.364290999859804,0.0,0.03312999979243614,6.896606090644405,213.1,776.25,False
1773599937.216029,808,0,0,0,0,8.16605300133233,0.0,0.027184996724827215,6.896606090644405,212.4,776.25,False
1773599937.3495402,809,0,0,0,0,8.255943001131527,0.0,0.024814999051159248,6.896606090644405,202.2,776.25,False
1773599937.4842496,810,0,0,0,0,7.9773120014579035,0.0,0.023426000552717596,6.896606090644405,200.4,776.25,False
1773599937.6179867,811,0,0,0,0,8.060256997850956,0.0,0.02490800034138374,6.896606090644405,194.4,776.25,False
1773599937.7509837,812,0,0,0,0,8.167515999957686,0.0,0.024240998754976317,6.896606090644405,203.0,776.25,False
1773599937.8847938,813,0,0,0,0,8.28712899965467,0.0,0.06857399785076268,6.896606090644405,209.3,776.25,False
1773599938.018547,814,0,0,0,0,8.092033996945247,0.0,0.023314998543355614,7.868496450381554,216.8,776.265625,False
1773599938.151674,815,0,0,0,0,8.030330001929542,0.0,0.02651899922057055,7.868496450381554,217.8,776.265625,False
1773599938.2854078,816,0,0,0,0,7.978441997693153,0.0,0.02377800046815537,7.868496450381554,224.3,776.265625,False
1773599938.4186602,817,0,0,0,0,8.009589997527655,0.0,0.02272200072184205,7.868496450381554,217.6,776.265625,False
1773599938.5488133,818,0,0,0,0,7.42793799872743,0.0,0.02325900277355686,7.868496450381554,199.7,776.265625,False
1773599938.7258162,819,0,0,0,0,8.446073999948567,0.0,0.023630000214325264,7.868496450381554,175.1,776.265625,False
1773599938.8607042,820,0,0,0,0,8.253257001342718,0.0,0.022907002858119085,7.868496450381554,208.6,776.265625,False
1773599939.0007498,821,0,0,0,0,8.337647002917947,0.0,0.026797002647072077,7.868496450381554,206.1,776.265625,False
1773599939.136437,822,0,0,0,0,8.36118399820407,0.0,0.029610997444251552,6.691718259832635,199.0,776.265625,False
1773599939.2713623,823,0,0,0,0,8.153924001817359,0.0,0.02409200169495307,6.691718259832635,214.9,776.265625,False
1773599939.405904,824,0,0,0,0,7.9644230027042795,0.0,0.022852000256534666,6.691718259832635,200.7,776.265625,False
1773599939.5390115,825,0,0,0,0,8.22251700083143,0.0,0.026665999030228704,6.691718259832635,202.9,776.265625,False
1773599939.6736236,826,0,0,0,0,8.272592000139412,0.0,0.026388999685877934,6.691718259832635,208.0,776.265625,False
1773599939.8071227,827,0,0,0,0,8.037533996684942,0.0,0.02572299854364246,6.691718259832635,224.7,776.265625,False
1773599939.9413366,828,0,0,0,0,8.905447000870481,0.0,0.028351998480502516,6.691718259832635,208.7,776.265625,False
1773599940.0760758,829,0,0,0,0,9.321376001025783,0.0,0.030389001040020958,7.9097441777357025,215.3,776.265625,False
1773599940.2144427,830,0,0,0,0,8.715872001630487,0.0,0.023980999685591087,7.9097441777357025,209.5,776.265625,False
1773599940.351313,831,0,0,0,0,8.048405001318315,0.0,0.0254259975918103,7.9097441777357025,211.9,776.265625,False
1773599940.4857187,832,0,0,0,0,8.38224100152729,0.0,0.024222001229645684,7.9097441777357025,200.9,776.265625,False
1773599940.6197727,833,0,0,0,0,8.016108000447275,0.0,0.02624099943204783,7.9097441777357025,201.5,776.265625,False
1773599940.7529435,834,0,0,0,0,8.199739000701811,0.0,0.02596299964352511,7.9097441777357025,210.2,776.265625,False
1773599940.8865418,835,0,0,0,0,8.011849000467919,0.0,0.024500001018168405,7.9097441777357025,217.1,776.265625,False
1773599941.0204403,836,0,0,0,0,8.116904999042163,0.0,0.023704000341240317,7.9097441777357025,216.6,776.265625,False
1773599941.153991,837,0,0,0,0,8.127609002258396,0.0,0.023648000933462754,6.947615068781326,232.1,776.265625,False
1773599941.2840831,838,0,0,0,0,7.501772000978235,0.0,0.02322200089110993,6.947615068781326,199.9,776.265625,False
1773599941.4735456,839,0,0,0,0,8.364425000763731,0.0,0.02385200059507042,6.947615068781326,174.2,776.265625,False
1773599941.6089802,840,0,0,0,0,9.765229999175062,0.0,0.02577800114522688,6.947615068781326,206.8,776.265625,False
1773599941.7521293,841,0,0,0,0,8.56459399801679,0.0,0.028407001082086936,6.947615068781326,216.5,776.265625,False
1773599941.8870094,842,0,0,0,0,8.012831000087317,0.0,0.026112000341527164,6.947615068781326,200.2,776.265625,False
1773599942.0211127,843,0,0,0,0,8.220035000704229,0.0,0.026092999178217724,6.947615068781326,208.8,776.265625,False
1773599942.154613,844,0,0,0,0,8.053868001297815,0.0,0.026908001018455252,6.994905129630323,202.3,776.265625,False
1773599942.2888095,845,0,0,0,0,8.332258999871556,0.0,0.027684996894095093,6.994905129630323,201.2,776.265625,False
1773599942.4251113,846,0,0,0,0,10.265677999996115,0.0,0.029684997571166605,6.994905129630323,227.5,776.265625,False
1773599942.5638204,847,0,0,0,0,8.29286899897852,0.0,0.026500001695239916,6.994905129630323,209.0,776.265625,False
1773599942.6992042,848,0,0,0,0,8.085052999376785,0.0,0.024092998501146212,6.994905129630323,206.8,776.265625,False
1773599942.8321495,849,0,0,0,0,8.02288600243628,0.0,0.02570400101831183,6.994905129630323,210.6,776.265625,False
1773599942.9657264,850,0,0,0,0,8.001627000339795,0.0,0.02320400017197244,6.994905129630323,217.1,776.265625,False
1773599943.0994925,851,0,0,0,0,8.462056001008023,0.0,0.026370998966740444,7.8803084069788465,224.3,776.265625,False
1773599943.233166,852,0,0,0,0,8.20894199932809,0.0,0.023962998966453597,7.8803084069788465,209.4,776.265625,False
1773599943.3671103,853,0,0,0,0,8.450869998341659,0.0,0.028111000574426726,7.8803084069788465,201.6,776.265625,False
1773599943.500797,854,0,0,0,0,8.26809200225398,0.0,0.02322200089110993,7.8803084069788465,209.4,776.265625,False
1773599943.635069,855,0,0,0,0,8.491204000165453,0.0,0.02848199801519513,7.8803084069788465,201.1,776.265625,False
1773599943.7687263,856,0,0,0,0,8.216628000809578,0.0,0.025889999960782006,7.8803084069788465,202.0,776.265625,False
1773599943.9020684,857,0,0,0,0,8.137646000250243,0.0,0.02607400165288709,7.8803084069788465,202.5,776.265625,False
1773599944.0320644,858,0,0,0,0,7.453326001268579,0.0,0.022407002688851207,7.8803084069788465,200.0,776.28125,False
1773599944.2149408,859,0,0,0,0,8.622834000561852,0.0,0.021703999664168805,7.171785498107155,175.0,776.28125,False
1773599944.3533268,860,0,0,0,0,12.48554500125465,0.0,0.02514899824745953,7.171785498107155,195.1,776.28125,False
1773599944.4952288,861,0,0,0,0,8.474351998302154,0.0,0.027592999686021358,7.171785498107155,204.4,776.28125,False
1773599944.6298416,862,0,0,0,0,8.413277002546238,0.0,0.024204000510508195,7.171785498107155,215.4,776.28125,False
1773599944.768152,863,0,0,0,0,8.049867999943672,0.0,0.021926000044913962,7.171785498107155,188.0,776.28125,False
1773599944.901965,864,0,0,0,0,8.1286460008414,0.0,0.028074002329958603,7.171785498107155,201.8,776.28125,False
1773599945.0361774,865,0,0,0,0,8.158516000548843,0.0,0.028629998269025236,7.171785498107155,216.1,776.28125,False
1773599945.1700833,866,0,0,0,0,8.183443002053536,0.0,0.024665998353157192,7.171785498107155,209.1,776.28125,False
1773599945.305907,867,0,0,0,0,10.047603002021788,0.0,0.031611998565495014,6.873355236205007,221.0,776.28125,False
1773599945.444298,868,0,0,0,0,8.289702000183752,0.0,0.029963000997668132,6.873355236205007,216.7,776.28125,False
1773599945.5782855,869,0,0,0,0,8.40218500161427,0.0,0.025852001272141933,6.873355236205007,201.5,776.28125,False
1773599945.712716,870,0,0,0,0,8.172478999767918,0.0,0.02627800131449476,6.873355236205007,200.9,776.28125,False
1773599945.8462777,871,0,0,0,0,8.123128001898294,0.0,0.02492600106052123,6.873355236205007,202.2,776.28125,False
1773599945.979685,872,0,0,0,0,7.941866999317426,0.0,0.02655500065884553,6.873355236205007,202.4,776.28125,False
1773599946.1136615,873,0,0,0,0,8.194072001060704,0.0,0.023036998754832894,6.873355236205007,216.4,776.28125,False
1773599946.247114,874,0,0,0,0,7.9939419993024785,0.0,0.02572199809947051,7.891654719033051,224.8,776.28125,False
1773599946.3804862,875,0,0,0,0,8.003145001566736,0.0,0.029129998438293114,7.891654719033051,210.0,776.28125,False
1773599946.5146341,876,0,0,0,0,8.14581300073769,0.0,0.025834000553004444,7.891654719033051,223.6,776.28125,False
1773599946.648426,877,0,0,0,0,8.417924997047521,0.0,0.02127799962181598,7.891654719033051,209.3,776.28125,False
1773599946.7789328,878,0,0,0,0,7.52882699816837,0.0,0.02350000067963265,7.891654719033051,191.6,776.796875,False
1773599946.9617789,879,0,0,0,0,8.32281399925705,0.0,0.023370001144940034,7.891654719033051,175.0,776.796875,False
1773599947.0974755,880,0,0,0,0,9.881398000288755,0.0,0.029055998311378062,7.891654719033051,213.8,776.796875,False
1773599947.2374425,881,0,0,0,0,8.470130000205245,0.0,0.02594399848021567,7.891654719033051,192.8,776.796875,False
1773599947.3721406,882,0,0,0,0,8.118072000797838,0.0,0.023982000129763037,6.6420609845319385,200.4,776.796875,False
1773599947.5081851,883,0,0,0,0,8.100423001451418,0.0,0.02664900239324197,6.6420609845319385,191.1,776.8125,False
1773599947.6422915,884,0,0,0,0,8.10433099832153,0.0,0.023518998204963282,6.6420609845319385,216.2,776.8125,False
1773599947.7762094,885,0,0,0,0,8.121070997731294,0.0,0.02429599771858193,6.6420609845319385,209.1,776.8125,False
1773599947.910643,886,0,0,0,0,8.297201999084791,0.0,0.02292700082762167,6.6420609845319385,238.1,776.828125,False
1773599948.0476542,887,0,0,0,0,10.043899001175305,0.0,0.022833002731204033,6.6420609845319385,211.6,776.828125,False
1773599948.1854627,888,0,0,0,0,8.450461999018444,0.0,0.026722002075985074,6.6420609845319385,217.7,776.828125,False
1773599948.3199837,889,0,0,0,0,8.21223899765755,0.0,0.024426000891253352,7.85107254181577,200.7,776.828125,False
1773599948.4532526,890,0,0,0,0,8.208054001443088,0.0,0.021388997993199155,7.85107254181577,217.6,776.828125,False
1773599948.5864258,891,0,0,0,0,8.029773998714518,0.0,0.02935200245701708,7.85107254181577,195.3,776.828125,False
1773599948.720463,892,0,0,0,0,8.131163998768898,0.0,0.024554999981774017,7.85107254181577,208.9,776.828125,False
1773599948.8544877,893,0,0,0,0,8.255795000877697,0.0,0.021777999791083857,7.85107254181577,208.9,776.828125,False
1773599948.9880931,894,0,0,0,0,8.112331001029816,0.0,0.0220929978240747,7.85107254181577,194.6,776.828125,False
1773599949.1220994,895,0,0,0,0,8.621093002147973,0.0,0.029147999157430604,7.85107254181577,216.4,776.828125,False
1773599949.2560477,896,0,0,0,0,8.442685000773054,0.0,0.024704000679776073,7.85107254181577,216.5,776.828125,False
1773599949.3904934,897,0,0,0,0,8.81766900056391,0.0,0.02214800042565912,7.47291276599109,200.8,776.828125,False
1773599949.5208113,898,0,0,0,0,7.495863999793073,0.0,0.024167002266040072,7.47291276599109,199.5,776.828125,False
1773599949.70842,899,0,0,0,0,8.47640700158081,0.0,0.0262970024778042,7.47291276599109,165.3,776.828125,False
1773599949.842548,900,0,0,0,0,8.189664000383345,0.0,0.03509300222503953,7.47291276599109,216.2,776.828125,False
1773599949.9817584,901,0,0,0,0,8.176590999937616,0.0,0.024204000510508195,7.47291276599109,208.3,776.828125,False
1773599950.119256,902,0,0,0,0,8.534407999832183,0.0,0.023610999051015824,7.47291276599109,203.6,776.828125,False
1773599950.2551792,903,0,0,0,0,8.061979002377484,0.0,0.02486999801476486,7.47291276599109,198.6,776.828125,False
1773599950.389353,904,0,0,0,0,8.146221000060905,0.0,0.024704000679776073,7.47291276599109,216.1,776.828125,False
1773599950.523481,905,0,0,0,0,8.452703998045763,0.0,0.039204001950565726,6.591968789768303,208.8,776.828125,False
1773599950.660257,906,0,0,0,0,9.984083997551352,0.0,0.029888997232774273,6.591968789768303,219.4,776.828125,False
1773599950.799556,907,0,0,0,0,8.40829599837889,0.0,0.028166999982204288,6.591968789768303,208.1,776.828125,False
1773599950.9336836,908,0,0,0,0,8.115923999866936,0.0,0.02494500222383067,6.591968789768303,208.7,776.828125,False
1773599951.0696836,909,0,0,0,0,8.114091000607004,0.0,0.02190700251958333,6.591968789768303,198.5,776.828125,False
1773599951.2029686,910,0,0,0,0,7.996070999070071,0.0,0.024241002392955124,6.591968789768303,217.6,776.828125,False
1773599951.3367314,911,0,0,0,0,8.152757000061683,0.0,0.021888998162467033,6.591968789768303,231.8,776.828125,False
1773599951.4701037,912,0,0,0,0,8.053905003180262,0.0,0.023184999008663,7.860969875728742,209.9,776.828125,False
1773599951.6045895,913,0,0,0,0,8.371536001504865,0.0,0.028870999813079834,7.860969875728742,200.9,776.828125,False
1773599951.7388546,914,0,0,0,0,8.43040700056008,0.0,0.029777998861391097,7.860969875728742,186.1,776.828125,False
1773599951.8747833,915,0,0,0,0,8.355203000974143,0.0,0.025000001187436283,7.860969875728742,213.3,776.828125,False
1773599952.0080535,916,0,0,0,0,8.209997999074403,0.0,0.026797002647072077,7.860969875728742,210.1,776.828125,False
1773599952.1412406,917,0,0,0,0,8.23905400102376,0.0,0.02570400101831183,7.860969875728742,210.2,776.828125,False
1773599952.2714102,918,0,0,0,0,7.493919001717586,0.0,0.024462999135721475,7.860969875728742,192.0,776.828125,False
1773599952.4542248,919,0,0,0,0,8.33951800086652,0.0,0.026592999347485602,7.860969875728742,175.0,776.828125,False
1773599952.589409,920,0,0,0,0,9.035874001710908,0.0,0.028370999643811956,6.683547254476318,207.2,776.828125,False
1773599952.7309034,921,0,0,0,0,8.499980998749379,0.0,0.025388999347342178,6.683547254476318,212.0,776.828125,False
1773599952.8658419,922,0,0,0,0,8.298535998619627,0.0,0.02357500125071965,6.683547254476318,207.5,776.828125,False
1773599953.0023084,923,0,0,0,0,8.151033998728963,0.0,0.025258999812649563,6.683547254476318,197.9,776.828125,False
1773599953.1361158,924,0,0,0,0,8.422888997301925,0.0,0.02433299960102886,6.683547254476318,201.8,776.828125,False
1773599953.2699819,925,0,0,0,0,8.267721001175232,0.0,0.024037002731347457,6.683547254476318,216.6,776.828125,False
1773599953.4040396,926,0,0,0,0,8.162979000189807,0.0,0.026721998438006267,6.683547254476318,208.9,776.828125,False
1773599953.537516,927,0,0,0,0,8.309683998959372,0.0,0.033314998290734366,7.843091569731769,224.8,776.828125,False
1773599953.6764126,928,0,0,0,0,10.05504700151505,0.0,0.02622199826873839,7.843091569731769,215.9,776.828125,False
1773599953.8206053,929,0,0,0,0,8.32109200200648,0.0,0.02463000055286102,7.843091569731769,201.2,776.828125,False
1773599953.9537232,930,0,0,0,0,8.150924000801751,0.0,0.0243520007643383,7.843091569731769,210.3,776.828125,False
1773599954.0875955,931,0,0,0,0,8.237276000727434,0.0,0.022944001102587208,7.843091569731769,201.7,776.828125,False
1773599954.2212846,932,0,0,0,0,8.077885999227874,0.0,0.022685002477373928,7.843091569731769,216.9,776.828125,False
1773599954.3551965,933,0,0,0,0,8.129812998959096,0.0,0.02433299960102886,7.843091569731769,216.6,776.828125,False
1773599954.488454,934,0,0,0,0,8.121237999148434,0.0,0.024796001525828615,7.843091569731769,225.1,776.828125,False
1773599954.6218655,935,0,0,0,0,8.216090998757863,0.0,0.02301900167367421,6.902640977481172,202.4,776.828125,False
1773599954.754921,936,0,0,0,0,8.153793998644687,0.0,0.0215559994103387,6.902640977481172,202.9,776.828125,False
1773599954.8877816,937,0,0,0,0,8.071312000538455,0.0,0.024721997760934755,6.902640977481172,195.7,776.828125,False
1773599955.0176353,938,0,0,0,0,7.516975001635728,0.0,0.023667002096772194,6.902640977481172,207.9,776.828125,False
1773599955.2073321,939,0,0,0,0,8.33437000255799,0.0,0.02622199826873839,6.902640977481172,168.7,776.828125,False
1773599955.3407123,940,0,0,0,0,8.016830000997288,0.0,0.02929599941126071,6.902640977481172,202.6,776.828125,False
1773599955.4772224,941,0,0,0,0,10.566310000285739,0.0,0.023908000002847984,6.902640977481172,219.6,776.828125,False
1773599955.617621,942,0,0,0,0,8.48377799775335,0.0,0.026962999982060865,7.5044370973048204,213.7,776.828125,False
1773599955.7520113,943,0,0,0,0,8.303721002448583,0.0,0.02353699892410077,7.5044370973048204,200.9,776.828125,False
1773599955.8863003,944,0,0,0,0,8.082644999376498,0.0,0.026666999474400654,7.5044370973048204,216.0,776.828125,False
1773599956.0204449,945,0,0,0,0,8.047867002460407,0.0,0.023888998839538544,7.5044370973048204,208.7,776.828125,False
1773599956.1543753,946,0,0,0,0,8.254701999248937,0.0,0.025536999601172283,7.5044370973048204,224.0,776.828125,False
1773599956.2875373,947,0,0,0,0,8.20881300023757,0.0,0.02798100103973411,7.5044370973048204,202.8,776.828125,False
1773599956.4231575,948,0,0,0,0,9.667693000665167,0.0,0.028037000447511673,7.5044370973048204,221.2,776.828125,False
1773599956.5627549,949,0,0,0,0,8.164867998857517,0.0,0.025741002900758758,7.5044370973048204,214.8,776.828125,False
1773599956.7032785,950,0,0,0,0,8.12440500158118,0.0,0.02355600008741021,6.900374630422623,199.2,776.828125,False
1773599956.8380146,951,0,0,0,0,7.899865999206668,0.0,0.025889999960782006,6.900374630422623,207.8,776.828125,False
1773599956.9711826,952,0,0,0,0,8.033107998926425,0.0,0.02576000042608939,6.900374630422623,202.7,776.828125,False
1773599957.1046872,953,0,0,0,0,8.315906001371332,0.0,0.023426000552717596,6.900374630422623,209.8,776.828125,False
1773599957.2376082,954,0,0,0,0,8.117498000501655,0.0,0.027166999643668532,6.900374630422623,203.1,776.828125,False
1773599957.370883,955,0,0,0,0,8.049812000535894,0.0,0.02853700061677955,6.900374630422623,202.6,776.828125,False
1773599957.5046697,956,0,0,0,0,8.041811997827608,0.0,0.027241003408562392,6.900374630422623,216.8,776.828125,False
1773599957.638482,957,0,0,0,0,8.094368000456598,0.0,0.02490699989721179,7.9490023365321765,216.7,776.84375,False
1773599957.7688427,958,0,0,0,0,7.514179000281729,0.0,0.022871001419844106,7.9490023365321765,214.8,776.84375,False
1773599957.9505584,959,0,0,0,0,8.263979998446302,0.0,0.027443998988019302,7.9490023365321765,176.1,776.84375,False
1773599958.0858157,960,0,0,0,0,8.082570999249583,0.0,0.023647997295483947,7.9490023365321765,192.2,776.84375,False
1773599958.2220476,961,0,0,0,0,10.255733999656513,0.0,0.032796000596135855,7.9490023365321765,220.3,776.84375,False
1773599958.3595564,962,0,0,0,0,8.44340799812926,0.0,0.023925997084006667,7.9490023365321765,196.3,776.84375,False
1773599958.4950738,963,0,0,0,0,8.226368998293765,0.0,0.025926001399056986,7.9490023365321765,199.2,776.84375,False
1773599958.6286874,964,0,0,0,0,8.24777600064408,0.0,0.0235740008065477,7.9490023365321765,209.6,776.84375,False
1773599958.7626255,965,0,0,0,0,8.09636799749569,0.0,0.02794399915728718,6.6450329839802444,216.5,776.84375,False
1773599958.8966513,966,0,0,0,0,8.282480001071235,0.0,0.027684996894095093,6.6450329839802444,201.5,776.84375,False
1773599959.0301414,967,0,0,0,0,8.342610002728179,0.0,0.028481001209001988,6.6450329839802444,217.1,776.84375,False
1773599959.165165,968,0,0,0,0,8.457350999378832,0.0,0.029741000616922975,6.6450329839802444,207.4,776.859375,False
1773599959.3030567,969,0,0,0,0,8.60427800216712,0.0,0.024777000362519175,6.6450329839802444,210.2,776.859375,False
1773599959.4412544,970,0,0,0,0,8.41514800049481,0.0,0.023332999262493104,6.6450329839802444,209.8,776.859375,False
1773599959.5754724,971,0,0,0,0,8.090682000329252,0.0,0.02437100192764774,6.6450329839802444,201.2,776.875,False
1773599959.7090037,972,0,0,0,0,7.992088998435065,0.0,0.022852000256534666,7.86536093136076,209.7,776.875,False
1773599959.8431304,973,0,0,0,0,8.150720001140144,0.0,0.025111003196798265,7.86536093136076,216.2,776.875,False
1773599959.9765432,974,0,0,0,0,7.983996998518705,0.0,0.02331500218133442,7.86536093136076,209.9,776.875,False
1773599960.110115,975,0,0,0,0,7.952052001201082,0.0,0.02377800046815537,7.86536093136076,224.5,776.875,False
1773599960.2436404,976,0,0,0,0,7.942996999190655,0.0,0.02403699909336865,7.86536093136076,217.2,776.875,False
1773599960.3767545,977,0,0,0,0,7.902089000708656,0.0,0.027222002245252952,7.86536093136076,217.9,776.875,False
1773599960.5069816,978,0,0,0,0,7.490308998967521,0.0,0.023075001081451774,7.86536093136076,184.3,776.875,False
1773599960.6939163,979,0,0,0,0,8.162554000591626,0.0,0.02713000139920041,7.86536093136076,171.2,776.875,False
1773599960.8277843,980,0,0,0,0,8.124218999000732,0.0,0.02429699816275388,6.67888879789625,201.7,776.875,False
1773599960.962919,981,0,0,0,0,9.55580300069414,0.0,0.034426000638632104,6.67888879789625,214.7,776.875,False
1773599961.1030955,982,0,0,0,0,9.038373998919269,0.0,0.024704000679776073,6.67888879789625,221.0,776.875,False
1773599961.2395606,983,0,0,0,0,8.351295997272246,0.0,0.02820399822667241,6.67888879789625,212.5,776.875,False
1773599961.3741806,984,0,0,0,0,7.981459999427898,0.0,0.02433400004520081,6.67888879789625,208.0,776.875,False
1773599961.5077486,985,0,0,0,0,8.284406001621392,0.0,0.023870998120401055,6.67888879789625,209.6,776.875,False
1773599961.6427672,986,0,0,0,0,8.317183997860411,0.0,0.023018998035695404,6.67888879789625,201.5,776.875,False
1773599961.7757947,987,0,0,0,0,8.129627000016626,0.0,0.024684999516466632,7.85318933118388,208.9,776.875,False
1773599961.9094229,988,0,0,0,0,8.090978997643106,0.0,0.025389002985320985,7.85318933118388,217.0,776.875,False
1773599962.0431077,989,0,0,0,0,8.108330999675673,0.0,0.025129000277956948,7.85318933118388,216.9,776.875,False
1773599962.178369,990,0,0,0,0,9.481691999098985,0.0,0.026944999262923375,7.85318933118388,221.8,776.875,False
1773599962.3199549,991,0,0,0,0,7.980051999766147,0.0,0.025592999008949846,7.85318933118388,211.9,776.875,False
1773599962.4536328,992,0,0,0,0,8.372444000997348,0.0,0.024297001800732687,7.85318933118388,209.4,776.875,False
1773599962.5887828,993,0,0,0,0,8.072182998148492,0.0,0.024574001145083457,7.85318933118388,199.8,776.875,False
1773599962.7224119,994,0,0,0,0,8.206886999687413,0.0,0.02537099862820469,7.85318933118388,202.0,776.875,False
1773599962.8554037,995,0,0,0,0,8.206684000469977,0.0,0.02681499972823076,6.934304131679405,210.5,776.875,False
1773599962.9891953,996,0,0,0,0,8.075034998910269,0.0,0.025036999431904405,6.934304131679405,216.7,776.875,False
1773599963.1228101,997,0,0,0,0,8.10258999990765,0.0,0.02433299960102886,6.934304131679405,209.6,776.875,False
1773599963.2529175,998,0,0,0,0,7.546123000793159,0.0,0.022778000129619613,6.934304131679405,207.5,776.875,False
1773599963.4311395,999,0,0,0,0,8.223313001508359,0.0,0.027740999939851463,6.934304131679405,174.0,776.875,False
1773599963.5652087,1000,0,0,0,0,8.205164998798864,0.0,0.022147996787680313,6.934304131679405,216.3,776.875,False
1773599963.6989007,1001,0,0,0,0,8.018496999284253,0.0,0.02246300209662877,6.934304131679405,187.0,776.875,False
1773599963.832549,1002,0,0,0,0,7.991571001184639,0.0,0.030851999326841906,7.639424880790625,194.6,776.875,False
1773599963.9660068,1003,0,0,0,0,8.065572001214605,0.0,0.022833999537397176,7.639424880790625,202.2,776.875,False
1773599964.105352,1004,0,0,0,0,8.735242001421284,0.0,0.024130000383593142,7.639424880790625,215.3,776.875,False
1773599964.2444415,1005,0,0,0,0,8.406648001255235,0.0,0.022370000806404278,7.639424880790625,194.1,776.875,False
1773599964.3789337,1006,0,0,0,0,8.292776998132467,0.0,0.024889002816053107,7.639424880790625,208.2,776.875,False
1773599964.512356,1007,0,0,0,0,8.200293999834685,0.0,0.02242600021418184,7.639424880790625,209.8,776.875,False
1773599964.6463335,1008,0,0,0,0,8.18060999881709,0.0,0.02942600258393213,7.639424880790625,209.0,776.875,False
1773599964.780422,1009,0,0,0,0,8.169146000000183,0.0,0.023982000129763037,7.639424880790625,223.7,776.875,False
1773599964.9141607,1010,0,0,0,0,8.345758000359638,0.0,0.024852000933606178,6.924865536490769,216.9,776.875,False
1773599965.0492256,1011,0,0,0,0,9.321061999798985,0.0,0.03290799941169098,6.924865536490769,214.7,776.875,False
1773599965.1888962,1012,0,0,0,0,8.384074000787223,0.0,0.02238899833173491,6.924865536490769,207.6,776.875,False
1773599965.323037,1013,0,0,0,0,8.509093000611756,0.0,0.024704000679776073,6.924865536490769,193.8,776.875,False
1773599965.4577074,1014,0,0,0,0,7.88240399924689,0.0,0.023370001144940034,6.924865536490769,207.9,776.875,False
1773599965.5908854,1015,0,0,0,0,8.190591001039138,0.0,0.022723001166014,6.924865536490769,195.2,776.875,False
1773599965.7249475,1016,0,0,0,0,8.208071998524247,0.0,0.022833999537397176,6.924865536490769,201.4,776.875,False
1773599965.857694,1017,0,0,0,0,8.106850000331178,0.0,0.02379600118729286,7.886566896165613,210.9,776.875,False
1773599965.987861,1018,0,0,0,0,7.4860120002995245,0.0,0.023926000721985474,7.886566896165613,207.4,776.875,False
1773599966.1750855,1019,0,0,0,0,8.233720000134781,0.0,0.026870999136008322,7.886566896165613,176.3,776.875,False
1773599966.3116221,1020,0,0,0,0,10.5066979995172,0.0,0.02296299862791784,7.886566896165613,205.1,776.875,False
1773599966.4502764,1021,0,0,0,0,8.399369999096962,0.0,0.02762999793048948,7.886566896165613,209.2,776.875,False
1773599966.5856133,1022,0,0,0,0,8.284646999527467,0.0,0.024796001525828615,7.886566896165613,206.9,776.875,False
1773599966.7201388,1023,0,0,0,0,8.182830999430735,0.0,0.023445001716027036,7.886566896165613,193.3,776.875,False
1773599966.8540137,1024,0,0,0,0,8.270980000816053,0.0,0.02546299947425723,7.886566896165613,209.1,776.875,False
1773599966.9880197,1025,0,0,0,0,8.08823799889069,0.0,0.024684999516466632,6.605659378499257,201.5,776.875,False
1773599967.122634,1026,0,0,0,0,8.472239998809528,0.0,0.025277997337980196,6.605659378499257,208.0,776.875,False
1773599967.2572508,1027,0,0,0,0,8.508889000950148,0.0,0.030333998438436538,6.605659378499257,208.0,776.875,False
1773599967.396356,1028,0,0,0,0,7.964217998960521,0.0,0.02570400101831183,6.605659378499257,215.6,776.875,False
1773599967.5301986,1029,0,0,0,0,8.383870001125615,0.0,0.024760000087553635,6.605659378499257,224.2,776.875,False
1773599967.665692,1030,0,0,0,0,8.01868200142053,0.0,0.02927799869212322,6.605659378499257,206.6,776.875,False
1773599967.79919,1031,0,0,0,0,7.990885998879094,0.0,0.026760000764625147,6.605659378499257,202.2,776.875,False
1773599967.9329605,1032,0,0,0,0,8.016868003323907,0.0,0.025388999347342178,7.877455657308562,224.3,776.875,False
1773599968.0669034,1033,0,0,0,0,8.12145999952918,0.0,0.025314999220427126,7.877455657308562,216.5,776.875,False
1773599968.2002718,1034,0,0,0,0,8.007682001334615,0.0,0.03074100095545873,7.877455657308562,232.5,776.875,False
1773599968.3339958,1035,0,0,0,0,8.421239999734098,0.0,0.023684999177930877,7.877455657308562,209.4,776.875,False
1773599968.4673777,1036,0,0,0,0,8.189200998458546,0.0,0.028926999220857397,7.877455657308562,217.4,776.875,False
1773599968.6008773,1037,0,0,0,0,8.377166002901504,0.0,0.027093003154732287,7.877455657308562,202.2,776.875,False
1773599968.7310498,1038,0,0,0,0,7.509400998969795,0.0,0.02344499807804823,7.877455657308562,192.0,776.875,False
1773599968.9173179,1039,0,0,0,0,8.169405002263375,0.0,0.031925999792292714,7.877455657308562,182.6,776.875,False
1773599969.0508223,1040,0,0,0,0,8.214405999751762,0.0,0.034370998037047684,6.683656800272444,194.8,776.875,False
1773599969.1929173,1041,0,0,0,0,8.651501000713324,0.0,0.026165998860960826,6.683656800272444,218.1,776.875,False
1773599969.327394,1042,0,0,0,0,8.269351001217728,0.0,0.026388999685877934,6.683656800272444,200.8,776.875,False
1773599969.4608247,1043,0,0,0,0,8.218906001275172,0.0,0.02457399750710465,6.683656800272444,209.8,776.875,False
1773599969.594821,1044,0,0,0,0,8.090293002169346,0.0,0.02633300027810037,6.683656800272444,201.5,776.875,False
1773599969.7290416,1045,0,0,0,0,8.288813998660771,0.0,0.027592999686021358,6.683656800272444,216.1,776.875,False
1773599969.8630464,1046,0,0,0,0,8.16607199885766,0.0,0.02713000139920041,6.683656800272444,216.4,776.875,False
1773599969.996445,1047,0,0,0,0,8.16185000076075,0.0,0.02738900002441369,7.8729014625942275,224.9,776.875,False
1773599970.134179,1048,0,0,0,0,9.235560999513837,0.0,0.028223003027960658,7.8729014625942275,217.8,776.875,False
1773599970.2716892,1049,0,0,0,0,8.404092001001118,0.0,0.022352000087266788,7.8729014625942275,218.2,776.875,False
1773599970.4057307,1050,0,0,0,0,7.8801259987812955,0.0,0.023666998458793387,7.8729014625942275,201.4,776.875,False
1773599970.5391347,1051,0,0,0,0,8.185386999684852,0.0,0.025352001102874056,7.8729014625942275,217.4,776.875,False
1773599970.6727014,1052,0,0,0,0,8.165054001437966,0.0,0.022778000129619613,7.8729014625942275,209.7,776.875,False
1773599970.80648,1053,0,0,0,0,8.183034999092342,0.0,0.026739999157143757,7.8729014625942275,216.7,776.890625,False
1773599970.9403179,1054,0,0,0,0,8.103849002509378,0.0,0.024370998289668933,7.8729014625942275,209.2,776.890625,False
1773599971.0735528,1055,0,0,0,0,8.280072997877141,0.0,0.023889999283710495,6.953441512243782,217.6,776.890625,False
1773599971.2071507,1056,0,0,0,0,8.19244300146238,0.0,0.025538000045344234,6.953441512243782,202.1,776.890625,False
1773599971.340577,1057,0,0,0,0,8.335443999385461,0.0,0.02762999793048948,6.953441512243782,202.4,776.890625,False
1773599971.4705656,1058,0,0,0,0,7.4751790016307496,0.0,0.022500000341096893,6.953441512243782,199.9,776.890625,False
1773599971.650948,1059,0,0,0,0,8.202109998819651,0.0,0.0271480021183379,6.953441512243782,171.9,776.890625,False
1773599971.7845995,1060,0,0,0,0,8.029811997403158,0.0,0.025926001399056986,6.953441512243782,209.5,776.890625,False
1773599971.919293,1061,0,0,0,0,9.736971001984784,0.0,0.030685001547681168,6.953441512243782,215.3,776.890625,False
1773599972.0606093,1062,0,0,0,0,7.996774002094753,0.0,0.02355499964323826,7.565514109680279,198.2,776.890625,False
1773599972.1951392,1063,0,0,0,0,8.425500000157626,0.0,0.025444001948926598,7.565514109680279,208.1,776.890625,False
1773599972.329719,1064,0,0,0,0,8.00451599934604,0.0,0.02544499875511974,7.565514109680279,215.5,776.890625,False
1773599972.4626245,1065,0,0,0,0,8.083033997536404,0.0,0.02294500154675916,7.565514109680279,203.1,776.890625,False
1773599972.5966172,1066,0,0,0,0,8.330147997185122,0.0,0.0256669991358649,7.565514109680279,201.6,776.890625,False
1773599972.7302015,1067,0,0,0,0,8.19240499913576,0.0,0.024499997380189598,7.565514109680279,209.5,776.890625,False
1773599972.86408,1068,0,0,0,0,8.142793998558773,0.0,0.024648998078191653,7.565514109680279,209.2,776.890625,False
1773599972.9978898,1069,0,0,0,0,8.062515997153241,0.0,0.023628999770153314,7.565514109680279,209.2,776.890625,False
1773599973.1314895,1070,0,0,0,0,8.019051998417126,0.0,0.028630001907004043,6.997452471274463,217.1,776.890625,False
1773599973.26576,1071,0,0,0,0,8.336110000527697,0.0,0.03535200085025281,6.997452471274463,223.5,776.890625,False
1773599973.3991904,1072,0,0,0,0,8.320850000018254,0.0,0.025869998353300616,6.997452471274463,217.2,776.890625,False
1773599973.5326245,1073,0,0,0,0,8.261164999566972,0.0,0.030797000363236293,6.997452471274463,209.9,776.890625,False
1773599973.6760316,1074,0,0,0,0,8.23560899880249,0.0,0.024018001568038017,6.997452471274463,202.2,776.890625,False
1773599973.8105857,1075,0,0,0,0,8.238795002398547,0.0,0.024796001525828615,6.997452471274463,200.7,776.890625,False
1773599973.9450126,1076,0,0,0,0,8.352832999662496,0.0,0.02844499977072701,6.997452471274463,208.3,776.890625,False
1773599974.0797703,1077,0,0,0,0,7.882865997089539,0.0,0.023943997803144157,7.85211793142391,200.4,776.890625,False
1773599974.209572,1078,0,0,0,0,7.453623002220411,0.0,0.022500000341096893,7.85211793142391,215.7,776.890625,False
1773599974.3869846,1079,0,0,0,0,8.47174100272241,0.0,0.02388900247751735,7.85211793142391,180.4,776.890625,False
1773599974.5206559,1080,0,0,0,0,8.092107997072162,0.0,0.024684999516466632,7.85211793142391,209.5,776.890625,False
1773599974.6602416,1081,0,0,0,0,9.335672002634965,0.0,0.025703000574139878,7.85211793142391,214.9,773.34375,False
1773599974.799329,1082,0,0,0,0,8.496184997056844,0.0,0.025555000320309773,7.85211793142391,215.7,774.53125,False
1773599974.9344916,1083,0,0,0,0,8.24260900117224,0.0,0.02344499807804823,7.85211793142391,207.1,774.53125,False
1773599975.0685744,1084,0,0,0,0,8.247739999205805,0.0,0.024165998183889315,7.85211793142391,208.9,774.546875,False
1773599975.2017384,1085,0,0,0,0,8.07016399994609,0.0,0.02705599763430655,6.6554521879476995,202.7,774.546875,False
1773599975.3358476,1086,0,0,0,0,8.128368001052877,0.0,0.026425997930346057,6.6554521879476995,208.8,774.546875,False
1773599975.4693587,1087,0,0,0,0,8.108959998935461,0.0,0.025852001272141933,6.6554521879476995,224.7,774.546875,False
1773599975.6046028,1088,0,0,0,0,9.85793499785359,0.0,0.033611999242566526,6.6554521879476995,222.0,774.546875,False
1773599975.738594,1089,0,0,0,0,8.229442999436287,0.0,0.025426001229789108,6.6554521879476995,208.8,774.546875,False
1773599975.8731508,1090,0,0,0,0,8.82596600058605,0.0,0.0332589988829568,6.6554521879476995,215.6,774.546875,False
1773599976.0099318,1091,0,0,0,0,10.25499300158117,0.0,0.040056002035271376,6.6554521879476995,226.6,774.546875,False
1773599976.1502814,1092,0,0,0,0,8.039885997277452,0.0,0.02314899757038802,7.852799697443859,206.5,774.546875,False
1773599976.2846093,1093,0,0,0,0,8.35475799976848,0.0,0.03153700163238682,7.852799697443859,208.5,774.546875,False
1773599976.417896,1094,0,0,0,0,8.349924999492941,0.0,0.026129997422685847,7.852799697443859,210.0,774.546875,False
1773599976.5526521,1095,0,0,0,0,7.913571000244701,0.0,0.024741002562223002,7.852799697443859,200.4,774.546875,False
1773599976.6884665,1096,0,0,0,0,8.952688000135822,0.0,0.025295998057117686,7.852799697443859,206.1,774.546875,False
1773599976.8219583,1097,0,0,0,0,8.043108999117976,0.0,0.02468500315444544,7.852799697443859,194.8,774.546875,False
1773599976.951994,1098,0,0,0,0,7.489420000638347,0.0,0.023370001144940034,7.852799697443859,215.3,775.859375,False
1773599977.1394784,1099,0,0,0,0,8.276776999991853,0.0,0.02463000055286102,7.852799697443859,170.7,775.859375,False
1773599977.2780023,1100,0,0,0,0,12.42843300133245,0.0,0.023314998543355614,6.65098496897542,202.2,775.859375,False
1773599977.4180892,1101,0,0,0,0,8.323220998136094,0.0,0.024426000891253352,6.65098496897542,199.9,775.875,False
1773599977.551798,1102,0,0,0,0,8.460591998300515,0.0,0.027166999643668532,6.65098496897542,201.9,775.875,False
1773599977.6859143,1103,0,0,0,0,8.445481998933246,0.0,0.02625900015118532,6.65098496897542,201.3,775.875,False
1773599977.820642,1104,0,0,0,0,8.098071000858909,0.0,0.02681499972823076,6.65098496897542,200.5,775.875,False
1773599977.9543865,1105,0,0,0,0,8.130127000185894,0.0,0.02879699968616478,6.65098496897542,201.8,775.875,False
1773599978.0885901,1106,0,0,0,0,8.297813001263421,0.0,0.02405600025667809,6.65098496897542,208.7,775.875,False
1773599978.2221673,1107,0,0,0,0,8.084274999418994,0.0,0.025499997718725353,7.847888483487698,209.5,775.875,False
1773599978.3557932,1108,0,0,0,0,8.212517001084052,0.0,0.022740998247172683,7.847888483487698,209.5,775.875,False
1773599978.490276,1109,0,0,0,0,9.10135600133799,0.0,0.04648200047085993,7.847888483487698,215.8,775.875,False
1773599978.6250417,1110,0,0,0,0,8.243629003118258,0.0,0.03096299769822508,7.847888483487698,215.2,775.875,False
1773599978.7620661,1111,0,0,0,0,10.413882999273483,0.0,0.03348199970787391,7.847888483487698,197.0,775.875,False
1773599978.9023232,1112,0,0,0,0,7.965793000039412,0.0,0.027593003324000165,7.847888483487698,220.9,775.875,False
1773599979.0370736,1113,0,0,0,0,8.547352001187392,0.0,0.026445002731634304,7.847888483487698,192.9,775.875,False
1773599979.1716285,1114,0,0,0,0,7.930274001409998,0.0,0.026760000764625147,7.847888483487698,208.1,775.875,False
1773599979.3053555,1115,0,0,0,0,7.955941997352056,0.0,0.02405600025667809,6.914304446613136,201.9,775.875,False
1773599979.4399135,1116,0,0,0,0,7.926774000225123,0.0,0.025056000595213845,6.914304446613136,193.2,775.875,False
1773599979.5737383,1117,0,0,0,0,8.06470099996659,0.0,0.02824100010911934,6.914304446613136,201.8,775.875,False
1773599979.7036855,1118,0,0,0,0,7.492494001780869,0.0,0.023666998458793387,6.914304446613136,207.8,775.875,False
1773599979.890008,1119,0,0,0,0,8.17964599991683,0.0,0.024000000848900527,6.914304446613136,177.1,775.875,False
1773599980.0260506,1120,0,0,0,0,10.037214000476524,0.0,0.03320400355733,6.914304446613136,205.9,775.875,False
1773599980.165508,1121,0,0,0,0,8.515278001141269,0.0,0.024684999516466632,6.914304446613136,215.0,775.875,False
1773599980.300489,1122,0,0,0,0,8.313850001286482,0.0,0.026203000743407756,7.505162220939344,200.0,775.875,False
1773599980.4343302,1123,0,0,0,0,8.224941997468704,0.0,0.026185000024270266,7.505162220939344,201.7,775.875,False
1773599980.5680315,1124,0,0,0,0,8.09181200020248,0.0,0.023111002519726753,7.505162220939344,216.9,775.875,False
1773599980.7016852,1125,0,0,0,0,8.173775997420307,0.0,0.02463000055286102,7.505162220939344,202.0,775.875,False
1773599980.8356616,1126,0,0,0,0,8.288683999126079,0.0,0.024426000891253352,7.505162220939344,216.4,775.875,False
1773599980.9691124,1127,0,0,0,0,8.237054000346689,0.0,0.022295997041510418,7.505162220939344,217.3,775.875,False
1773599981.1041043,1128,0,0,0,0,9.596895997674437,0.0,0.03099999958067201,7.505162220939344,214.9,775.875,False
1773599981.241414,1129,0,0,0,0,9.600450997822918,0.0,0.023630000214325264,7.505162220939344,225.7,775.875,False
1773599981.3761637,1130,0,0,0,0,8.349870000529336,0.0,0.025741002900758758,6.969311662413332,207.8,775.875,False
1773599981.5107214,1131,0,0,0,0,8.012792997760698,0.0,0.025517998437862843,6.969311662413332,215.5,775.875,False
1773599981.6438854,1132,0,0,0,0,8.193943001970183,0.0,0.02679699900909327,6.969311662413332,202.8,775.875,False
1773599981.7776515,1133,0,0,0,0,8.389647999138106,0.0,0.02709299951675348,6.969311662413332,201.9,775.875,False
1773599981.9137468,1134,0,0,0,0,8.339610001712572,0.0,0.0235740008065477,6.969311662413332,220.4,775.875,False
1773599982.0471544,1135,0,0,0,0,7.920552001451142,0.0,0.022629999875789508,6.969311662413332,217.4,775.875,False
1773599982.180758,1136,0,0,0,0,8.051737997448072,0.0,0.024204000510508195,6.969311662413332,224.5,775.875,False
1773599982.3140154,1137,0,0,0,0,8.038738000323065,0.0,0.027425998268881813,7.927665765560153,210.1,775.875,False
1773599982.4440036,1138,0,0,0,0,7.595661001687404,0.0,0.02325899913557805,7.927665765560153,192.3,775.890625,False
1773599982.626115,1139,0,0,0,0,8.157739001035225,0.0,0.02433400004520081,7.927665765560153,181.2,775.890625,False
1773599982.7602894,1140,0,0,0,0,8.110627997666597,0.0,0.027703998057404533,7.927665765560153,193.8,775.890625,False
1773599982.8938131,1141,0,0,0,0,7.8956809993542265,0.0,0.02324100205441937,7.927665765560153,202.2,775.890625,False
1773599983.0273619,1142,0,0,0,0,8.23579500138294,0.0,0.024832999770296738,7.927665765560153,209.7,775.890625,False
1773599983.1619961,1143,0,0,0,0,9.409635997144505,0.0,0.026962999982060865,7.927665765560153,208.0,775.890625,False
1773599983.3027384,1144,0,0,0,0,8.870983998349402,0.0,0.02635200144140981,7.927665765560153,227.3,775.890625,False
1773599983.436806,1145,0,0,0,0,8.46066599842743,0.0,0.07011100024101324,6.656555215952809,208.9,775.890625,False
1773599983.5719054,1146,0,0,0,0,8.297184002003632,0.0,0.02548100019339472,6.656555215952809,199.9,775.890625,False
1773599983.7049963,1147,0,0,0,0,8.070755997323431,0.0,0.027815000066766515,6.656555215952809,202.9,775.890625,False
1773599983.8388255,1148,0,0,0,0,8.134960000461433,0.0,0.024258999474113807,6.656555215952809,224.2,775.890625,False
1773599983.9732027,1149,0,0,0,0,8.493684999848483,0.0,0.026870999136008322,6.656555215952809,200.9,775.890625,False
1773599984.1141932,1150,0,0,0,0,8.08603400218999,0.0,0.022796000848757103,6.656555215952809,219.8,775.890625,False
1773599984.254025,1151,0,0,0,0,8.244017000833992,0.0,0.023982000129763037,6.656555215952809,200.3,775.890625,False
1773599984.3884192,1152,0,0,0,0,8.416573000431526,0.0,0.02572199809947051,7.821629789037365,200.9,775.890625,False
1773599984.5235977,1153,0,0,0,0,8.52477800071938,0.0,0.024185999791370705,7.821629789037365,199.8,775.890625,False
1773599984.6578457,1154,0,0,0,0,7.906663002358982,0.0,0.02507499812054448,7.821629789037365,201.1,775.890625,False
1773599984.791296,1155,0,0,0,0,8.203609999327455,0.0,0.025555997126502916,7.821629789037365,209.8,775.890625,False
1773599984.92443,1156,0,0,0,0,7.995330000994727,0.0,0.02387100175837986,7.821629789037365,210.3,775.890625,False
1773599985.057409,1157,0,0,0,0,8.135608997690724,0.0,0.023944998247316107,7.821629789037365,210.5,775.890625,False
1773599985.1876004,1158,0,0,0,0,7.451214998582145,0.0,0.022092001017881557,7.821629789037365,215.1,775.890625,False
1773599985.3730252,1159,0,0,0,0,8.2786839993787,0.0,0.024258999474113807,7.821629789037365,178.0,775.890625,False
1773599985.507624,1160,0,0,0,0,8.995077001600293,0.0,0.03314800051157363,6.681478730415342,200.7,775.890625,False
1773599985.6493747,1161,0,0,0,0,8.877372998540523,0.0,0.025814999389695004,6.681478730415342,218.6,775.890625,False
1773599985.7846353,1162,0,0,0,0,8.49059200118063,0.0,0.026426001568324864,6.681478730415342,207.1,775.890625,False
1773599985.9185357,1163,0,0,0,0,8.161498000845313,0.0,0.028112001018598676,6.681478730415342,201.6,775.890625,False
1773599986.0525596,1164,0,0,0,0,8.097108999209013,0.0,0.026369998522568494,6.681478730415342,209.0,775.890625,False
1773599986.1863208,1165,0,0,0,0,8.14346100014518,0.0,0.02427799699944444,6.681478730415342,201.8,775.890625,False
1773599986.3206298,1166,0,0,0,0,8.43635199998971,0.0,0.02911100091296248,6.681478730415342,208.6,775.890625,False
1773599986.4598525,1167,0,0,0,0,8.170813001925126,0.0,0.023463002435164526,7.81435452874604,215.4,775.890625,False
1773599986.5941186,1168,0,0,0,0,8.595630002673715,0.0,0.02663000122993253,7.81435452874604,208.5,775.890625,False
1773599986.7290363,1169,0,0,0,0,8.107554000162054,0.0,0.023352000425802544,7.81435452874604,207.5,775.890625,False
1773599986.8626711,1170,0,0,0,0,8.044627000344917,0.0,0.023962998966453597,7.81435452874604,217.0,775.890625,False
1773599986.9962075,1171,0,0,0,0,8.100516002741642,0.0,0.025369998184032738,7.81435452874604,217.2,775.890625,False
1773599987.1295826,1172,0,0,0,0,8.081145999312866,0.0,0.023926000721985474,7.81435452874604,232.5,775.90625,False
1773599987.2637417,1173,0,0,0,0,8.456297000520863,0.0,0.02872199911507778,7.81435452874604,208.7,775.90625,False
1773599987.397562,1174,0,0,0,0,8.591704001446487,0.0,0.020889001461910084,7.81435452874604,201.7,775.90625,False
1773599987.5311267,1175,0,0,0,0,8.428036999248434,0.0,0.022000000171829015,6.9946551633361596,194.7,775.90625,False
1773599987.665731,1176,0,0,0,0,8.42761100284406,0.0,0.02800000220304355,6.9946551633361596,208.1,775.90625,False
1773599987.798812,1177,0,0,0,0,8.18279499799246,0.0,0.023795997549314052,6.9946551633361596,195.4,775.90625,False
1773599987.9288235,1178,0,0,0,0,7.491827000194462,0.0,0.02351900184294209,6.9946551633361596,200.0,775.90625,False
1773599988.1187773,1179,0,0,0,0,8.107738001854159,0.0,0.030038001568755135,6.9946551633361596,168.5,775.90625,False
1773599988.2528527,1180,0,0,0,0,8.302055000967812,0.0,0.06579700129805133,6.9946551633361596,201.4,775.90625,False
1773599988.3920965,1181,0,0,0,0,8.84509500247077,0.0,0.02322200089110993,6.9946551633361596,215.4,775.90625,False
1773599988.5272017,1182,0,0,0,0,8.472740999422967,0.0,0.027796999347629026,7.500699563005043,207.3,775.90625,False
1773599988.66195,1183,0,0,0,0,8.171127999958117,0.0,0.0296300022455398,7.500699563005043,200.4,775.90625,False
1773599988.7960792,1184,0,0,0,0,8.121202001348138,0.0,0.02238899833173491,7.500699563005043,208.7,775.90625,False
1773599988.9299948,1185,0,0,0,0,8.218128001317382,0.0,0.02709299951675348,7.500699563005043,216.6,775.90625,False
1773599989.066389,1186,0,0,0,0,9.774360001756577,0.0,0.0351290000253357,7.500699563005043,220.0,775.90625,False
1773599989.2063007,1187,0,0,0,0,7.904829999461072,0.0,0.024499997380189598,7.500699563005043,214.3,775.90625,False
1773599989.3430238,1188,0,0,0,0,7.970274000399513,0.0,0.02661100006662309,7.500699563005043,204.8,775.90625,False
1773599989.476992,1189,0,0,0,0,8.447666998108616,0.0,0.02403699909336865,7.500699563005043,216.4,775.90625,False
1773599989.6110258,1190,0,0,0,0,7.9242370011343155,0.0,0.025408000510651618,6.908432839666467,201.5,775.90625,False
1773599989.744488,1191,0,0,0,0,8.011126999917906,0.0,0.02572300218162127,6.908432839666467,217.2,775.90625,False
1773599989.8780646,1192,0,0,0,0,7.9556639975635335,0.0,0.02351900184294209,6.908432839666467,217.1,775.90625,False
1773599990.0120218,1193,0,0,0,0,8.156200998200802,0.0,0.085371000750456,6.908432839666467,224.0,775.90625,False
1773599990.1451483,1194,0,0,0,0,7.96673700097017,0.0,0.023982000129763037,6.908432839666467,225.3,775.90625,False
1773599990.2783728,1195,0,0,0,0,8.008738001080928,0.0,0.02848099757102318,6.908432839666467,210.2,775.90625,False
1773599990.4116735,1196,0,0,0,0,8.221386997320224,0.0,0.025889999960782006,6.908432839666467,210.0,775.90625,False
1773599990.5452385,1197,0,0,0,0,8.224647001043195,0.0,0.024852000933606178,7.961822468403689,209.6,775.921875,False
1773599990.67547,1198,0,0,0,0,7.544493997556856,0.0,0.024241002392955124,7.961822468403689,192.0,775.921875,False
1773599990.8691661,1199,0,0,0,0,8.423203998972895,0.0,0.024482000299030915,7.961822468403689,170.4,775.921875,False
1773599991.0027392,1200,0,0,0,0,7.956441000715131,0.0,0.029945000278530642,7.961822468403689,202.1,775.921875,False
1773599991.1399968,1201,0,0,0,0,9.789989999262616,0.0,0.024778000806691125,7.961822468403689,204.0,775.921875,False
1773599991.2788856,1202,0,0,0,0,8.26448000225355,0.0,0.026388999685877934,7.961822468403689,216.0,775.921875,False
1773599991.4134982,1203,0,0,0,0,7.966236997162923,0.0,0.025556000764481723,7.961822468403689,200.6,775.921875,False
1773599991.5474484,1204,0,0,0,0,8.028312000533333,0.0,0.023833999875932932,6.984720989447075,201.6,775.921875,False
1773599991.680943,1205,0,0,0,0,8.311146997584729,0.0,0.02322300133528188,6.984720989447075,209.7,775.921875,False
1773599991.8149872,1206,0,0,0,0,8.208664999983739,0.0,0.028963000659132376,6.984720989447075,223.8,775.921875,False
1773599991.9487903,1207,0,0,0,0,8.147868000378367,0.0,0.030852002964820713,6.984720989447075,216.8,775.921875,False
1773599992.085354,1208,0,0,0,0,9.998195000662236,0.0,0.02298199979122728,6.984720989447075,226.9,775.921875,False
1773599992.2221665,1209,0,0,0,0,8.316924999235198,0.0,0.024130000383593142,6.984720989447075,204.7,775.921875,False
1773599992.356849,1210,0,0,0,0,8.19477600089158,0.0,0.02298199979122728,6.984720989447075,207.9,775.921875,False
1773599992.4917684,1211,0,0,0,0,7.979312002134975,0.0,0.02546299947425723,6.984720989447075,192.7,775.921875,False
1773599992.6274128,1212,0,0,0,0,8.105460001388565,0.0,0.033833999623311684,6.947432584641887,199.0,775.921875,False
1773599992.7610166,1213,0,0,0,0,8.126794000418158,0.0,0.027371002943255007,6.947432584641887,209.6,775.921875,False
1773599992.8946195,1214,0,0,0,0,7.95397799811326,0.0,0.025056000595213845,6.947432584641887,202.1,775.921875,False
1773599993.0281343,1215,0,0,0,0,8.203998000681167,0.0,0.022963002265896648,6.947432584641887,209.7,775.921875,False
1773599993.1621683,1216,0,0,0,0,8.18977600283688,0.0,0.02438900264678523,6.947432584641887,216.4,775.921875,False
1773599993.2955327,1217,0,0,0,0,8.409313999436563,0.0,0.025130000722128898,6.947432584641887,217.4,775.921875,False
1773599993.4257047,1218,0,0,0,0,7.470566997653805,0.0,0.023537999368272722,6.947432584641887,192.0,775.921875,False
1773599993.6065812,1219,0,0,0,0,8.234053999331081,0.0,0.02431499888189137,7.607583089680991,182.4,775.921875,False
1773599993.7418125,1220,0,0,0,0,8.8697620012681,0.0,0.031332998332800344,7.607583089680991,207.1,775.921875,False
1773599993.881207,1221,0,0,0,0,8.185238999431022,0.0,0.026445002731634304,7.607583089680991,208.0,775.921875,False
1773599994.015345,1222,0,0,0,0,8.383518001210177,0.0,0.023982000129763037,7.607583089680991,201.3,775.921875,False
1773599994.1503174,1223,0,0,0,0,8.156979001796572,0.0,0.024796001525828615,7.607583089680991,214.9,775.9375,False
1773599994.284396,1224,0,0,0,0,8.079645998805063,0.0,0.024593002308392897,7.607583089680991,208.8,775.9375,False
1773599994.4186623,1225,0,0,0,0,8.18714699926204,0.0,0.02298099934705533,7.607583089680991,201.1,775.9375,False
1773599994.5536191,1226,0,0,0,0,8.49870299862232,0.0,0.03705600101966411,7.607583089680991,222.4,775.9375,False
1773599994.6879554,1227,0,0,0,0,9.007985001517227,0.0,0.03227799970773049,6.930843654210009,208.4,775.9375,False
1773599994.826931,1228,0,0,0,0,8.557462999306154,0.0,0.02427799699944444,6.930843654210009,215.8,775.9375,False
1773599994.9660048,1229,0,0,0,0,8.458797001367202,0.0,0.027482001314638183,6.930843654210009,215.7,775.9375,False
1773599995.1003323,1230,0,0,0,0,7.895773997006472,0.0,0.02431499888189137,6.930843654210009,193.5,775.9375,False
1773599995.2335553,1231,0,0,0,0,8.062479002546752,0.0,0.02385200059507042,6.930843654210009,210.2,775.9375,False
1773599995.366758,1232,0,0,0,0,8.001329999387963,0.0,0.02131400106009096,6.930843654210009,210.2,775.9375,False
1773599995.5009987,1233,0,0,0,0,8.376331999897957,0.0,0.024425997253274545,6.930843654210009,223.5,775.9375,False
1773599995.6342208,1234,0,0,0,0,8.016200001293328,0.0,0.02494500222383067,7.861176143696907,217.7,775.9375,False
1773599995.7676904,1235,0,0,0,0,8.165367999026785,0.0,0.02626000059535727,7.861176143696907,217.3,775.9375,False
1773599995.9010417,1236,0,0,0,0,8.219202001782833,0.0,0.022832999093225226,7.861176143696907,210.0,775.9375,False
1773599996.0341253,1237,0,0,0,0,8.128552999551175,0.0,0.02350000067963265,7.861176143696907,210.4,775.9375,False
1773599996.164008,1238,0,0,0,0,7.492716002161615,0.0,0.022389001969713718,7.861176143696907,184.8,775.9375,False
1773599996.3470469,1239,0,0,0,0,8.263831998192472,0.0,0.027481000870466232,7.861176143696907,180.3,775.9375,False
1773599996.4820135,1240,0,0,0,0,8.126720000291243,0.0,0.022536998585565016,7.861176143696907,200.0,775.9375,False
1773599996.616366,1241,0,0,0,0,8.817093999823555,0.0,0.0281489992630668,7.861176143696907,201.1,775.9375,False
1773599996.7546744,1242,0,0,0,0,8.303036000143038,0.0,0.02512999708415009,6.685304984970653,216.8,775.9375,False
1773599996.8961153,1243,0,0,0,0,8.429314999375492,0.0,0.024111999664455652,6.685304984970653,190.9,775.9375,False
1773599997.0326362,1244,0,0,0,0,8.146683001541533,0.0,0.027889000193681568,6.685304984970653,205.1,775.953125,False
1773599997.166621,1245,0,0,0,0,8.06581300275866,0.0,0.02403699909336865,6.685304984970653,201.5,775.953125,False
1773599997.3028488,1246,0,0,0,0,9.978305999538861,0.0,0.028555998142110184,6.685304984970653,220.3,775.953125,False
1773599997.4423585,1247,0,0,0,0,8.259906000603223,0.0,0.024796998332021758,6.685304984970653,214.9,775.953125,False
1773599997.5774336,1248,0,0,0,0,7.952182000735775,0.0,0.024019002012209967,6.685304984970653,199.9,775.953125,False
1773599997.7109687,1249,0,0,0,0,8.34777699856204,0.0,0.02274100188515149,7.76952631599665,202.2,775.953125,False
1773599997.8446705,1250,0,0,0,0,8.067571001447504,0.0,0.02372299786657095,7.76952631599665,209.5,775.953125,False
1773599997.978726,1251,0,0,0,0,8.0827940000745,0.0,0.02385200059507042,7.76952631599665,201.3,775.953125,False
1773599998.112075,1252,0,0,0,0,8.039940999879036,0.0,0.02981499710585922,7.76952631599665,217.5,775.953125,False
1773599998.24592,1253,0,0,0,0,8.297721000417368,0.0,0.03014799949596636,7.76952631599665,216.7,775.953125,False
1773599998.3793428,1254,0,0,0,0,8.149461002176395,0.0,0.028055997972842306,7.76952631599665,202.3,775.953125,False
1773599998.5126054,1255,0,0,0,0,8.170201999746496,0.0,0.023445001716027036,7.76952631599665,195.2,775.953125,False
1773599998.6460845,1256,0,0,0,0,8.012405000044964,0.0,0.02627800131449476,7.76952631599665,202.2,775.953125,False
1773599998.7794495,1257,0,0,0,0,8.166942003299482,0.0,0.030111001251498237,7.487421900103538,217.4,775.953125,False
1773599998.909518,1258,0,0,0,0,7.429049001075327,0.0,0.021797000954393297,7.487421900103538,199.9,775.953125,False
1773599999.085324,1259,0,0,0,0,8.264072999736527,0.0,0.023518998204963282,7.487421900103538,170.7,775.953125,False
1773599999.2206497,1260,0,0,0,0,9.632265999243828,0.0,0.03181500142090954,7.487421900103538,207.1,775.953125,False
1773599999.3588362,1261,0,0,0,0,8.101645998976892,0.0,0.02516699896659702,7.487421900103538,202.5,775.953125,False
1773599999.4951193,1262,0,0,0,0,8.45303700043587,0.0,0.02679599856492132,7.487421900103538,205.5,775.953125,False
1773599999.6297495,1263,0,0,0,0,8.522296000592178,0.0,0.0235740008065477,7.487421900103538,208.0,775.953125,False
1773599999.7645595,1264,0,0,0,0,8.431277001363924,0.0,0.024130000383593142,7.487421900103538,200.3,775.953125,False
1773599999.9040341,1265,0,0,0,0,8.363461998669663,0.0,0.02562999725341797,6.674745134288876,200.7,775.953125,False
1773600000.0380335,1266,0,0,0,0,8.191609002096811,0.0,0.028851998649770394,6.674745134288876,231.4,775.953125,False
1773600000.1717205,1267,0,0,0,0,8.120886999677168,0.0,0.02659199890331365,6.674745134288876,202.0,775.953125,False
1773600000.3054051,1268,0,0,0,0,8.05953400049475,0.0,0.02292600038344972,6.674745134288876,224.4,775.953125,False
1773600000.4390512,1269,0,0,0,0,8.158016000379575,0.0,0.021629999537253752,6.674745134288876,209.6,775.953125,False
1773600000.5741343,1270,0,0,0,0,9.338765001302818,0.0,0.038908001442905515,6.674745134288876,214.8,775.953125,False
1773600000.7173748,1271,0,0,0,0,8.048571002291283,0.0,0.02518499968573451,6.674745134288876,195.3,775.953125,False
1773600000.851978,1272,0,0,0,0,8.233073000155855,0.0,0.02320400017197244,7.8139196080655084,208.0,775.953125,False
1773600000.985673,1273,0,0,0,0,8.215127996663796,0.0,0.025388999347342178,7.8139196080655084,209.4,775.953125,False
1773600001.118697,1274,0,0,0,0,8.074441000644583,0.0,0.027740999939851463,7.8139196080655084,210.5,775.953125,False
1773600001.2523499,1275,0,0,0,0,8.114424002997112,0.0,0.02322200089110993,7.8139196080655084,209.5,775.953125,False
1773600001.386106,1276,0,0,0,0,8.112887000606861,0.0,0.024037002731347457,7.8139196080655084,224.3,775.953125,False
1773600001.5196152,1277,0,0,0,0,8.131257000059122,0.0,0.026166999305132776,7.8139196080655084,217.2,775.953125,False
1773600001.6499681,1278,0,0,0,0,7.925255998998182,0.0,0.021703999664168805,7.8139196080655084,207.1,775.953125,False
1773600001.8281734,1279,0,0,0,0,8.098034999420634,0.0,0.02518499968573451,7.8139196080655084,174.0,775.953125,False
1773600001.9617012,1280,0,0,0,0,7.905810998636298,0.0,0.02407500141998753,6.734261599233362,209.7,775.953125,False
1773600002.0993023,1281,0,0,0,0,12.422673997207312,0.0,0.03561199991963804,6.734261599233362,203.6,775.953125,False
1773600002.2399473,1282,0,0,0,0,8.251497998571722,0.0,0.028591999580385163,6.734261599233362,213.2,775.953125,False
1773600002.3747325,1283,0,0,0,0,8.394980999582913,0.0,0.02989000131492503,6.734261599233362,207.7,775.953125,False
1773600002.510246,1284,0,0,0,0,8.423999999649823,0.0,0.025795998226385564,6.734261599233362,199.2,775.953125,False
1773600002.6444557,1285,0,0,0,0,8.299813001940493,0.0,0.028630001907004043,6.734261599233362,208.6,775.953125,False
1773600002.7784643,1286,0,0,0,0,8.158590000675758,0.0,0.024722001398913562,6.734261599233362,201.5,775.953125,False
1773600002.9124222,1287,0,0,0,0,8.136757001921069,0.0,0.030814997444394976,7.835831243859727,224.0,775.953125,False
1773600003.0462627,1288,0,0,0,0,8.117665001918795,0.0,0.02520400084904395,7.835831243859727,216.7,775.953125,False
1773600003.180287,1289,0,0,0,0,8.037996998609742,0.0,0.024148001102730632,7.835831243859727,208.9,775.953125,False
1773600003.313901,1290,0,0,0,0,7.969755999511108,0.0,0.027777998184319586,7.835831243859727,224.5,775.953125,False
1773600003.4479601,1291,0,0,0,0,8.198664996598382,0.0,0.0307039990730118,7.835831243859727,201.4,775.953125,False
1773600003.5818567,1292,0,0,0,0,8.118424000713276,0.0,0.024222001229645684,7.835831243859727,194.2,775.953125,False
1773600003.7161467,1293,0,0,0,0,9.168726999632781,0.0,0.030536997655872256,7.835831243859727,223.5,775.953125,False
1773600003.8539052,1294,0,0,0,0,9.765434002474649,0.0,0.0254259975918103,7.835831243859727,217.7,775.953125,False
1773600003.993931,1295,0,0,0,0,8.208461000322131,0.0,0.021962998289382085,6.942507492247646,207.1,775.953125,False
1773600004.127816,1296,0,0,0,0,8.27275800111238,0.0,0.024832999770296738,6.942507492247646,201.7,775.953125,False
1773600004.2621472,1297,0,0,0,0,8.329443000548054,0.0,0.024852000933606178,6.942507492247646,215.9,775.953125,False
1773600004.3922613,1298,0,0,0,0,7.418345001497073,0.0,0.02333300290047191,6.942507492247646,215.2,777.0,False
1773600004.579057,1299,0,0,0,0,8.1866459986486,0.0,0.02825900082825683,6.942507492247646,171.3,777.0,False
1773600004.713011,1300,0,0,0,0,8.517907997884322,0.0,0.032777999876998365,6.942507492247646,194.1,777.0,False
1773600004.850712,1301,0,0,0,0,9.40219100084505,0.0,0.026166999305132776,6.942507492247646,210.6,777.0,False
1773600004.9891403,1302,0,0,0,0,8.44416700056172,0.0,0.02131500150426291,7.48763910552941,202.3,777.0,False
1773600005.1240637,1303,0,0,0,0,8.069109000643948,0.0,0.026204001187579706,7.48763910552941,200.1,777.0,False
1773600005.2576816,1304,0,0,0,0,8.068626997555839,0.0,0.026482000976102427,7.48763910552941,202.0,777.0,False
1773600005.3918848,1305,0,0,0,0,8.128090001264354,0.0,0.023388998670270666,7.48763910552941,216.1,777.0,False
1773600005.5298142,1306,0,0,0,0,10.83316400035983,0.0,0.024814999051159248,7.48763910552941,217.5,777.0,False
1773600005.6671772,1307,0,0,0,0,8.396536999498494,0.0,0.024778000806691125,7.48763910552941,211.2,777.0,False
1773600005.8021796,1308,0,0,0,0,8.502074000716675,0.0,0.028073998691979796,7.48763910552941,200.0,777.015625,False
1773600005.9367328,1309,0,0,0,0,7.802421998349018,0.0,0.028075002774130553,7.48763910552941,215.5,777.015625,False
1773600006.0698767,1310,0,0,0,0,8.105812001304002,0.0,0.022519001504406333,6.926723091532142,195.3,777.03125,False
1773600006.2035706,1311,0,0,0,0,7.937348000268685,0.0,0.024222998035838827,6.926723091532142,202.0,777.03125,False
1773600006.3372762,1312,0,0,0,0,8.084072000201559,0.0,0.024852000933606178,6.926723091532142,216.9,777.03125,False
1773600006.471067,1313,0,0,0,0,8.171941997716203,0.0,0.02624099943204783,6.926723091532142,201.8,777.03125,False
1773600006.6045725,1314,0,0,0,0,8.221054002206074,0.0,0.024240998754976317,6.926723091532142,209.8,777.03125,False
1773600006.7379248,1315,0,0,0,0,8.166924002580345,0.0,0.025834000553004444,6.926723091532142,210.0,777.046875,False
1773600006.87144,1316,0,0,0,0,7.974792999448255,0.0,0.02905600194935687,6.926723091532142,217.2,777.046875,False
1773600007.004716,1317,0,0,0,0,8.265868997114012,0.0,0.026091998734045774,7.960294408958004,210.1,777.046875,False
1773600007.1347263,1318,0,0,0,0,7.5105309988430236,0.0,0.02359300196985714,7.960294408958004,192.3,777.046875,False
1773600007.3227525,1319,0,0,0,0,8.607094001490623,0.0,0.022740998247172683,7.960294408958004,175.5,777.046875,False
1773600007.458514,1320,0,0,0,0,10.059140000521438,0.0,0.032777999876998365,7.960294408958004,206.4,774.421875,False
1773600007.597594,1321,0,0,0,0,8.572500999434851,0.0,0.023963002604432404,7.960294408958004,215.6,774.421875,False
1773600007.7312517,1322,0,0,0,0,8.420035999733955,0.0,0.025240999093512073,7.960294408958004,194.5,774.421875,False
1773600007.868121,1323,0,0,0,0,7.881866000388982,0.0,0.02494400177965872,7.960294408958004,204.6,774.421875,False
1773600008.0024579,1324,0,0,0,0,8.053404999373015,0.0,0.02437100192764774,7.960294408958004,201.0,774.421875,False
1773600008.1360106,1325,0,0,0,0,8.26259099994786,0.0,0.02431499888189137,6.597585869362976,209.6,774.421875,False
1773600008.2703516,1326,0,0,0,0,8.248664998973254,0.0,0.02631499955896288,6.597585869362976,223.3,774.421875,False
1773600008.4044082,1327,0,0,0,0,8.426963002420962,0.0,0.026908001018455252,6.597585869362976,216.3,774.421875,False
1773600008.5416138,1328,0,0,0,0,10.586161999526666,0.0,0.024406999727943912,6.597585869362976,218.7,774.421875,False
1773600008.6823096,1329,0,0,0,0,8.259145997726591,0.0,0.027314999897498637,6.597585869362976,206.1,774.421875,False
1773600008.8171015,1330,0,0,0,0,8.037237999815261,0.0,0.023371001589111984,6.597585869362976,207.7,774.421875,False
1773600008.9505594,1331,0,0,0,0,8.257757999672322,0.0,0.024537999706808478,6.597585869362976,209.8,774.421875,False
1773600009.0842662,1332,0,0,0,0,8.048996998695657,0.0,0.024556000425945967,7.854034895865274,209.4,774.421875,False
1773600009.2181888,1333,0,0,0,0,8.066664002399193,0.0,0.026964000426232815,7.854034895865274,224.0,774.421875,False
1773600009.3515515,1334,0,0,0,0,8.147349999489961,0.0,0.028555998142110184,7.854034895865274,232.5,774.421875,False
1773600009.4855769,1335,0,0,0,0,8.363665998331271,0.0,0.0273709993052762,7.854034895865274,201.4,774.421875,False
1773600009.6198127,1336,0,0,0,0,8.477945000777254,0.0,0.02546299947425723,7.854034895865274,201.2,774.421875,False
1773600009.7533495,1337,0,0,0,0,8.23903499986045,0.0,0.024760000087553635,7.854034895865274,217.2,774.421875,False
1773600009.8835661,1338,0,0,0,0,7.456677998561645,0.0,0.023667002096772194,7.854034895865274,192.0,775.734375,False
1773600010.0781581,1339,0,0,0,0,8.277517001261003,0.0,0.025814999389695004,7.854034895865274,164.4,775.734375,False
1773600010.2128816,1340,0,0,0,0,8.633668003312778,0.0,0.028295999072724953,6.621293861933996,207.9,775.734375,False
1773600010.353254,1341,0,0,0,0,8.361850999790477,0.0,0.024704000679776073,6.621293861933996,213.7,775.734375,False
1773600010.4888434,1342,0,0,0,0,8.56533399928594,0.0,0.02801800292218104,6.621293861933996,213.9,775.734375,False
1773600010.6234903,1343,0,0,0,0,8.493314999213908,0.0,0.026925998099613935,6.621293861933996,200.5,775.734375,False
1773600010.758723,1344,0,0,0,0,8.053719000599813,0.0,0.02624099943204783,6.621293861933996,214.5,775.734375,False
1773600010.8922374,1345,0,0,0,0,8.0796639995242,0.0,0.02655600110301748,6.621293861933996,202.2,775.734375,False
1773600011.0269976,1346,0,0,0,0,8.433129001787165,0.0,0.033074000384658575,6.621293861933996,222.7,775.734375,False
1773600011.1641371,1347,0,0,0,0,9.594340997864492,0.0,0.02653699993970804,7.822720240520955,226.0,775.734375,False
1773600011.30196,1348,0,0,0,0,8.488185001624515,0.0,0.028074002329958603,7.822720240520955,210.4,775.734375,False
1773600011.4358504,1349,0,0,0,0,8.398629001021618,0.0,0.02568600029917434,7.822720240520955,194.2,775.734375,False
1773600011.570783,1350,0,0,0,0,7.9694590021972544,0.0,0.02320299972780049,7.822720240520955,214.9,775.734375,False
1773600011.7050312,1351,0,0,0,0,7.917106999229873,0.0,0.02353699892410077,7.822720240520955,193.7,775.734375,False
1773600011.8438995,1352,0,0,0,0,8.104609001748031,0.0,0.029741000616922975,7.822720240520955,187.2,775.734375,False
1773600011.977179,1353,0,0,0,0,8.127720000629779,0.0,0.022315001842798665,7.822720240520955,210.1,775.734375,False
1773600012.1103952,1354,0,0,0,0,8.08247900204151,0.0,0.027777998184319586,7.822720240520955,195.2,775.734375,False
1773600012.2442005,1355,0,0,0,0,8.062274999247165,0.0,0.026112000341527164,6.934119070775414,216.7,775.734375,False
1773600012.377998,1356,0,0,0,0,8.035756000026595,0.0,0.027518999559106305,6.934119070775414,224.2,775.734375,False
1773600012.5115275,1357,0,0,0,0,8.063589997618692,0.0,0.02405600025667809,6.934119070775414,217.2,775.734375,False
1773600012.6416888,1358,0,0,0,0,7.529827002144884,0.0,0.02157400012947619,6.934119070775414,199.7,775.734375,False
1773600012.8267791,1359,0,0,0,0,8.254609998402884,0.0,0.026408000849187374,6.934119070775414,172.9,775.734375,False
1773600012.961052,1360,0,0,0,0,8.303110000269953,0.0,0.025278000975959003,6.934119070775414,193.6,775.734375,False
1773600013.0967956,1361,0,0,0,0,10.47429100071895,0.0,0.030574999982491136,6.934119070775414,221.1,775.734375,False
1773600013.2377028,1362,0,0,0,0,8.257072000560584,0.0,0.023352000425802544,7.518353001331167,212.9,775.734375,False
1773600013.372427,1363,0,0,0,0,8.032145000470337,0.0,0.025592002202756703,7.518353001331167,200.4,775.734375,False
1773600013.5060387,1364,0,0,0,0,8.307314001285704,0.0,0.02270400000270456,7.518353001331167,202.1,775.734375,False
1773600013.6404576,1365,0,0,0,0,8.346425001946045,0.0,0.024740998924244195,7.518353001331167,215.7,775.734375,False
1773600013.7763877,1366,0,0,0,0,9.965473000193015,0.0,0.03477799691609107,7.518353001331167,213.5,775.734375,False
1773600013.9160964,1367,0,0,0,0,8.398591999139171,0.0,0.028037000447511673,7.518353001331167,214.6,775.734375,False
1773600014.0514908,1368,0,0,0,0,7.9680519993416965,0.0,0.027240999770583585,7.518353001331167,199.4,775.734375,False
1773600014.184306,1369,0,0,0,0,8.193646001018351,0.0,0.02259299799334258,7.518353001331167,218.3,775.734375,False
1773600014.3179896,1370,0,0,0,0,8.130108999466756,0.0,0.024204000510508195,6.9316503535928975,209.4,775.734375,False
1773600014.4519522,1371,0,0,0,0,8.009682002011687,0.0,0.02351900184294209,6.9316503535928975,216.5,775.734375,False
1773600014.5855484,1372,0,0,0,0,8.080589999735821,0.0,0.025313998776255175,6.9316503535928975,209.6,775.734375,False
1773600014.7208748,1373,0,0,0,0,8.4699079998245,0.0,0.030277999030658975,6.9316503535928975,206.9,775.734375,False
1773600014.854247,1374,0,0,0,0,8.056663999013836,0.0,0.025278000975959003,6.9316503535928975,224.9,775.734375,False
1773600014.987557,1375,0,0,0,0,8.103423999273218,0.0,0.02546299947425723,6.9316503535928975,217.5,775.734375,False
1773600015.1210897,1376,0,0,0,0,7.888181000453187,0.0,0.024944998585851863,6.9316503535928975,217.2,775.734375,False
1773600015.2544987,1377,0,0,0,0,8.280239999294281,0.0,0.024222001229645684,7.944942545881607,202.4,775.734375,False
1773600015.384681,1378,0,0,0,0,7.512252999731572,0.0,0.022500000341096893,7.944942545881607,199.8,775.734375,False
1773600015.5712998,1379,0,0,0,0,8.286647000204539,0.0,0.027944002795265988,7.944942545881607,176.8,775.734375,False
1773600015.7054887,1380,0,0,0,0,8.262868999736384,0.0,0.022093001462053508,7.944942545881607,201.2,775.734375,False
1773600015.8392296,1381,0,0,0,0,8.286701999168145,0.0,0.030889001209288836,7.944942545881607,209.4,775.734375,False
1773600015.9771876,1382,0,0,0,0,9.587210999598028,0.0,0.025926001399056986,7.944942545881607,203.0,775.734375,False
1773600016.116604,1383,0,0,0,0,8.217034999688622,0.0,0.025332999939564615,7.944942545881607,215.2,775.734375,False
1773600016.2516375,1384,0,0,0,0,8.2492209985503,0.0,0.025536999601172283,7.944942545881607,199.9,775.734375,False
1773600016.3858583,1385,0,0,0,0,8.360906998859718,0.0,0.02325899913557805,6.599317953573012,208.6,775.734375,False
1773600016.519563,1386,0,0,0,0,8.379240000067512,0.0,0.024500997824361548,6.599317953573012,194.5,775.734375,False
1773600016.6540587,1387,0,0,0,0,8.877427997504128,0.0,0.026110999897355214,6.599317953573012,215.6,775.75,False
1773600016.7881398,1388,0,0,0,0,8.085997000307543,0.0,0.02516599852242507,6.599317953573012,208.8,775.75,False
1773600016.9223342,1389,0,0,0,0,8.538925998436753,0.0,0.03233400275348686,6.599317953573012,223.6,775.75,False
1773600017.0632124,1390,0,0,0,0,8.357498998520896,0.0,0.027870999474544078,6.599317953573012,220.0,775.75,False
1773600017.1977715,1391,0,0,0,0,8.41094399947906,0.0,0.02316699828952551,6.599317953573012,200.6,775.75,False
1773600017.331896,1392,0,0,0,0,8.197683000616962,0.0,0.024722001398913562,7.868841510102094,201.3,775.75,False
1773600017.465771,1393,0,0,0,0,8.13442399885389,0.0,0.024999997549457476,7.868841510102094,216.6,775.765625,False
1773600017.5994928,1394,0,0,0,0,8.056627000769367,0.0,0.025444001948926598,7.868841510102094,224.4,775.765625,False
1773600017.7331383,1395,0,0,0,0,8.208536000893218,0.0,0.027777998184319586,7.868841510102094,232.0,775.765625,False
1773600017.8667548,1396,0,0,0,0,8.179497999662999,0.0,0.02568499985500239,7.868841510102094,209.5,775.765625,False
1773600018.0002232,1397,0,0,0,0,8.29457300278591,0.0,0.023352000425802544,7.868841510102094,217.3,775.765625,False
1773600018.130485,1398,0,0,0,0,7.493955999962054,0.0,0.022462998458649963,7.868841510102094,199.6,775.765625,False
1773600018.311175,1399,0,0,0,0,8.311240002512932,0.0,0.027889000193681568,7.868841510102094,166.1,775.765625,False
1773600018.4454281,1400,0,0,0,0,8.0955899975379,0.0,0.02651899922057055,6.713324679523603,208.5,775.765625,False
1773600018.5823927,1401,0,0,0,0,10.23675199758145,0.0,0.024444998416583985,6.713324679523603,219.1,775.765625,False
1773600018.72258,1402,0,0,0,0,8.337870000104886,0.0,0.028500002372311428,6.713324679523603,199.7,775.765625,False
1773600018.8573909,1403,0,0,0,0,8.311536003020592,0.0,0.023111002519726753,6.713324679523603,207.7,775.765625,False
1773600018.991529,1404,0,0,0,0,8.276812997792149,0.0,0.026962999982060865,6.713324679523603,201.3,775.765625,False
1773600019.1252415,1405,0,0,0,0,8.13849799669697,0.0,0.02290799966431223,6.713324679523603,209.4,775.765625,False
1773600019.26227,1406,0,0,0,0,10.279382000589976,0.0,0.03342600030009635,6.713324679523603,219.0,775.765625,False
1773600019.4013233,1407,0,0,0,0,8.313868998811813,0.0,0.023944998247316107,7.791706771434058,215.7,775.765625,False
1773600019.5367851,1408,0,0,0,0,8.282702998258173,0.0,0.025610999728087336,7.791706771434058,214.1,775.765625,False
1773600019.6701555,1409,0,0,0,0,8.359166000445839,0.0,0.024130000383593142,7.791706771434058,194.9,775.765625,False
1773600019.804386,1410,0,0,0,0,8.191146000172012,0.0,0.024184999347198755,7.791706771434058,216.1,775.765625,False
1773600019.9381826,1411,0,0,0,0,8.056886999838753,0.0,0.027037000108975917,7.791706771434058,216.7,775.765625,False
1773600020.0718105,1412,0,0,0,0,8.068385999649763,0.0,0.026721998438006267,7.791706771434058,217.0,775.765625,False
1773600020.2054555,1413,0,0,0,0,8.080348998191766,0.0,0.021945001208223403,7.791706771434058,217.0,775.765625,False
1773600020.3388767,1414,0,0,0,0,8.136794000165537,0.0,0.026851997972698882,7.791706771434058,202.4,775.765625,False
1773600020.4728987,1415,0,0,0,0,8.870614001352806,0.0,0.024128999939421192,6.9956334666214905,208.9,775.765625,False
1773600020.607061,1416,0,0,0,0,8.229480001318734,0.0,0.02824100010911934,6.9956334666214905,201.3,775.765625,False
1773600020.741163,1417,0,0,0,0,8.569814999646042,0.0,0.023889999283710495,6.9956334666214905,208.8,775.765625,False
1773600020.8714,1418,0,0,0,0,7.461382003384642,0.0,0.023110998881747946,6.9956334666214905,191.9,775.765625,False
1773600021.0561383,1419,0,0,0,0,8.086478999757674,0.0,0.021962998289382085,6.9956334666214905,178.7,775.765625,False
1773600021.1899564,1420,0,0,0,0,8.178905001841486,0.0,0.02601900268928148,6.9956334666214905,194.3,775.765625,False
1773600021.3236523,1421,0,0,0,0,8.019181997951819,0.0,0.03731600008904934,6.9956334666214905,202.0,775.765625,False
1773600021.461386,1422,0,0,0,0,9.786304999579443,0.0,0.024981000024126843,7.55117172854659,217.8,775.765625,False
1773600021.5966501,1423,0,0,0,0,8.406887998717139,0.0,0.023777996830176562,7.55117172854659,214.5,775.78125,False
1773600021.73196,1424,0,0,0,0,8.16247900002054,0.0,0.02849999873433262,7.55117172854659,206.9,775.78125,False
1773600021.8659923,1425,0,0,0,0,8.15329399847542,0.0,0.02290799966431223,7.55117172854659,208.9,775.78125,False
1773600022.0006917,1426,0,0,0,0,8.205182999518001,0.0,0.024556000425945967,7.55117172854659,215.4,775.78125,False
1773600022.1344876,1427,0,0,0,0,8.048996998695657,0.0,0.02211099854321219,7.55117172854659,209.2,775.78125,False
1773600022.270125,1428,0,0,0,0,9.908380001434125,0.0,0.025297002139268443,7.55117172854659,214.0,775.78125,False
1773600022.4085698,1429,0,0,0,0,8.46037100200192,0.0,0.024369997845496982,7.55117172854659,209.4,775.78125,False
1773600022.543108,1430,0,0,0,0,8.03271900076652,0.0,0.026408000849187374,6.923289765059564,208.0,775.78125,False
1773600022.6787074,1431,0,0,0,0,8.12644200050272,0.0,0.024517998099327087,6.923289765059564,199.1,775.78125,False
1773600022.8123596,1432,0,0,0,0,8.076460999291157,0.0,0.023648997739655897,6.923289765059564,217.0,775.78125,False
1773600022.9463744,1433,0,0,0,0,8.075404999544844,0.0,0.025574001483619213,6.923289765059564,201.5,775.78125,False
1773600023.0799108,1434,0,0,0,0,7.981458998983726,0.0,0.031760002457303926,6.923289765059564,209.7,775.78125,False
1773600023.2132113,1435,0,0,0,0,7.926182002847781,0.0,0.025870998797472566,6.923289765059564,210.0,775.78125,False
1773600023.3465333,1436,0,0,0,0,8.008163000340573,0.0,0.0256669991358649,6.923289765059564,210.0,775.78125,False
1773600023.4801574,1437,0,0,0,0,8.333313999173697,0.0,0.0238150023506023,7.939086971798078,194.6,775.78125,False
1773600023.610351,1438,0,0,0,0,7.4749189989233855,0.0,0.023741002223687246,7.939086971798078,192.0,775.78125,False
1773600023.7963564,1439,0,0,0,0,8.119479000015417,0.0,0.02936999953817576,7.939086971798078,177.4,775.78125,False
1773600023.937933,1440,0,0,0,0,8.051405002333922,0.0,0.023665998014621437,7.939086971798078,197.7,775.78125,False
1773600024.0730057,1441,0,0,0,0,8.463444999506464,0.0,0.02390700319665484,7.939086971798078,199.9,775.78125,False
1773600024.2066755,1442,0,0,0,0,8.205627997085685,0.0,0.02407400097581558,7.939086971798078,202.0,775.78125,False
1773600024.3406343,1443,0,0,0,0,8.028756001294823,0.0,0.024944998585851863,7.939086971798078,216.5,775.78125,False
1773600024.4750965,1444,0,0,0,0,8.490111002174672,0.0,0.027517999114934355,7.939086971798078,223.1,775.78125,False
1773600024.61513,1445,0,0,0,0,7.990459998836741,0.0,0.028166999982204288,6.60036535650585,228.5,775.78125,False
1773600024.7496905,1446,0,0,0,0,8.406869997998001,0.0,0.028055997972842306,6.60036535650585,208.1,775.78125,False
1773600024.8846104,1447,0,0,0,0,7.985995998751605,0.0,0.027314999897498637,6.60036535650585,207.6,775.78125,False
1773600025.0185277,1448,0,0,0,0,8.334868998645106,0.0,0.027277998015051708,6.60036535650585,209.0,775.78125,False
1773600025.1523716,1449,0,0,0,0,8.138572000461863,0.0,0.0228709977818653,6.60036535650585,201.7,775.78125,False
1773600025.285971,1450,0,0,0,0,8.063330998993479,0.0,0.02514899824745953,6.60036535650585,217.1,775.78125,False
1773600025.420128,1451,0,0,0,0,8.55879699884099,0.0,0.028130001737736166,6.60036535650585,216.2,775.78125,False
1773600025.5538533,1452,0,0,0,0,8.452704001683742,0.0,0.027592002879828215,7.896278955277901,209.4,775.78125,False
1773600025.6879086,1453,0,0,0,0,8.286869000585284,0.0,0.03094499697908759,7.896278955277901,194.0,775.78125,False
1773600025.8215857,1454,0,0,0,0,8.376980000321055,0.0,0.027574002160690725,7.896278955277901,209.4,775.78125,False
1773600025.9555733,1455,0,0,0,0,8.480018001137068,0.0,0.027481000870466232,7.896278955277901,201.5,775.78125,False
1773600026.089108,1456,0,0,0,0,8.09681199825718,0.0,0.028037000447511673,7.896278955277901,202.2,775.78125,False
1773600026.2222788,1457,0,0,0,0,8.119479000015417,0.0,0.024166998628061265,7.896278955277901,202.7,775.78125,False
1773600026.3525307,1458,0,0,0,0,7.384659998933785,0.0,0.023704000341240317,7.896278955277901,192.0,775.796875,False
1773600026.534565,1459,0,0,0,0,8.295628002088051,0.0,0.02401899837423116,7.896278955277901,181.2,775.796875,False
1773600026.670096,1460,0,0,0,0,9.425431999261491,0.0,0.03242599996156059,6.70493242001103,206.7,775.796875,False
1773600026.806963,1461,0,0,0,0,10.025102001236519,0.0,0.023130000045057386,6.70493242001103,189.9,775.796875,False
1773600026.9465132,1462,0,0,0,0,8.25562899990473,0.0,0.029055998311378062,6.70493242001103,215.0,775.796875,False
1773600027.081627,1463,0,0,0,0,8.353648001502734,0.0,0.02325899913557805,6.70493242001103,207.2,775.796875,False
1773600027.215827,1464,0,0,0,0,8.142163998854812,0.0,0.02600100197014399,6.70493242001103,201.2,775.796875,False
1773600027.349998,1465,0,0,0,0,8.192164998035878,0.0,0.026685000193538144,6.70493242001103,223.6,775.796875,False
1773600027.4844894,1466,0,0,0,0,8.594388997153146,0.0,0.03298199953860603,6.70493242001103,208.2,775.796875,False
1773600027.6211436,1467,0,0,0,0,9.993990999646485,0.0,0.029815000743838027,7.818209058091989,219.5,775.796875,False
1773600027.7593,1468,0,0,0,0,8.465981001791079,0.0,0.026759000320453197,7.818209058091989,202.6,775.796875,False
1773600027.894561,1469,0,0,0,0,7.935940997413127,0.0,0.023796997993486002,7.818209058091989,207.0,775.796875,False
1773600028.028109,1470,0,0,0,0,7.952348001708742,0.0,0.028092999855289236,7.818209058091989,202.2,775.796875,False
1773600028.161399,1471,0,0,0,0,7.948014997964492,0.0,0.025334000383736566,7.818209058091989,210.0,775.796875,False
1773600028.2947197,1472,0,0,0,0,7.9823480009508785,0.0,0.02351900184294209,7.818209058091989,217.5,775.796875,False
1773600028.428377,1473,0,0,0,0,8.012145000975579,0.0,0.025240999093512073,7.818209058091989,217.0,775.796875,False
1773600028.561824,1474,0,0,0,0,8.019237000553403,0.0,0.024148001102730632,7.818209058091989,224.8,775.796875,False
1773600028.6952002,1475,0,0,0,0,8.142757000314305,0.0,0.02275900260428898,6.974409066312183,217.4,775.796875,False
1773600028.8288107,1476,0,0,0,0,8.270980000816053,0.0,0.025592999008949846,6.974409066312183,232.0,775.796875,False
1773600028.9621782,1477,0,0,0,0,8.153386999765644,0.0,0.027796999347629026,6.974409066312183,202.5,775.796875,False
1773600029.0925512,1478,0,0,0,0,7.457751999027096,0.0,0.0235740008065477,6.974409066312183,199.5,775.8125,False
1773600029.2716932,1479,0,0,0,0,8.341832999576582,0.0,0.026925998099613935,6.974409066312183,178.6,775.8125,False
1773600029.4054775,1480,0,0,0,0,7.943590000650147,0.0,0.022723001166014,6.974409066312183,209.3,775.8125,False
1773600029.5464463,1481,0,0,0,0,8.316332001413684,0.0,0.028851998649770394,6.974409066312183,198.6,775.8125,False
1773600029.683444,1482,0,0,0,0,8.431443999143085,0.0,0.02711100023589097,7.556652658115302,204.4,775.8125,False
1773600029.8174286,1483,0,0,0,0,8.281405996967806,0.0,0.024870001652743667,7.556652658115302,209.0,775.8125,False
1773600029.951695,1484,0,0,0,0,8.167571999365464,0.0,0.025610999728087336,7.556652658115302,201.1,775.8125,False
1773600030.0854247,1485,0,0,0,0,8.056163998844568,0.0,0.024258999474113807,7.556652658115302,216.8,775.8125,False
1773600030.219504,1486,0,0,0,0,8.168424003088148,0.0,0.030093000532360747,7.556652658115302,223.7,775.8125,False
1773600030.3542297,1487,0,0,0,0,9.382153999467846,0.0,0.031186002161120996,7.556652658115302,215.4,775.8125,False
1773600030.4917727,1488,0,0,0,0,9.80319399968721,0.0,0.02322299769730307,7.556652658115302,218.0,775.8125,False
1773600030.629584,1489,0,0,0,0,8.305850999022368,0.0,0.02548100019339472,7.556652658115302,217.7,775.8125,False
1773600030.7642214,1490,0,0,0,0,8.372850999876391,0.0,0.02570400101831183,6.931398342137618,200.5,775.8125,False
1773600030.8985791,1491,0,0,0,0,7.844088999263477,0.0,0.024185999791370705,6.931398342137618,193.5,775.8125,False
1773600031.0327044,1492,0,0,0,0,7.829939997463953,0.0,0.022870000975672156,6.931398342137618,193.8,775.8125,False
1773600031.1664486,1493,0,0,0,0,8.212609001930105,0.0,0.03168599869241007,6.931398342137618,209.4,775.8125,False
1773600031.2997327,1494,0,0,0,0,8.065034002356697,0.0,0.029463000828400254,6.931398342137618,210.1,775.8125,False
1773600031.433428,1495,0,0,0,0,8.094313001492992,0.0,0.025296998501289636,6.931398342137618,216.9,775.8125,False
1773600031.5672672,1496,0,0,0,0,8.00294099826715,0.0,0.02405600025667809,6.931398342137618,224.2,775.8125,False
1773600031.7006786,1497,0,0,0,0,7.892347999586491,0.0,0.024796998332021758,7.942072893628624,232.4,775.8125,False
1773600031.8309298,1498,0,0,0,0,7.56141999954707,0.0,0.024704000679776073,7.942072893628624,184.2,775.8125,False
1773600032.01734,1499,0,0,0,0,8.500500000081956,0.0,0.02351900184294209,7.942072893628624,171.7,775.8125,False
1773600032.1513188,1500,0,0,0,0,8.59213000148884,0.0,0.032222000299952924,7.942072893628624,201.6,775.8125,False
1773600032.2910423,1501,0,0,0,0,8.39766600256553,0.0,0.025612000172259286,7.942072893628624,214.6,775.8125,False
1773600032.4294546,1502,0,0,0,0,7.973310999659589,0.0,0.022333999368129298,7.942072893628624,209.5,775.8125,False
1773600032.567021,1503,0,0,0,0,8.374555000045802,0.0,0.027834001230075955,7.942072893628624,210.8,775.8125,False
1773600032.7022085,1504,0,0,0,0,8.291016998555278,0.0,0.025593002646928653,6.989085552604304,199.7,775.8125,False
1773600032.8398156,1505,0,0,0,0,7.996385000296868,0.0,0.023665998014621437,6.989085552604304,196.2,775.8125,False
1773600032.9737551,1506,0,0,0,0,8.074608998867916,0.0,0.02401899837423116,6.989085552604304,216.5,775.8125,False
1773600033.1074572,1507,0,0,0,0,8.02784800180234,0.0,0.02522300201235339,6.989085552604304,224.4,775.8125,False
1773600033.2420087,1508,0,0,0,0,9.342154000478331,0.0,0.034704000427154824,6.989085552604304,208.2,775.8125,False
1773600033.380639,1509,0,0,0,0,8.981707000202732,0.0,0.025260000256821513,6.989085552604304,223.6,775.8125,False
1773600033.5171933,1510,0,0,0,0,8.34138799837092,0.0,0.02844499977072701,6.989085552604304,205.0,775.8125,False
1773600033.652219,1511,0,0,0,0,8.279129000584362,0.0,0.023722001060377806,6.989085552604304,207.4,775.8125,False
1773600033.785829,1512,0,0,0,0,7.939849001559196,0.0,0.02157500057364814,6.907142391672319,202.1,775.8125,False
1773600033.9195046,1513,0,0,0,0,8.06329299666686,0.0,0.03407400072319433,6.907142391672319,202.0,775.8125,False
1773600034.0532832,1514,0,0,0,0,8.000719000847312,0.0,0.029443999665090814,6.907142391672319,201.8,775.8125,False
1773600034.1862226,1515,0,0,0,0,8.083738001005258,0.0,0.02355600008741021,6.907142391672319,210.6,775.8125,False
1773600034.3197641,1516,0,0,0,0,7.987089000380365,0.0,0.02683300044736825,6.907142391672319,217.2,775.8125,False
1773600034.453243,1517,0,0,0,0,8.101311999780592,0.0,0.022815002012066543,6.907142391672319,224.7,775.8125,False
1773600034.5833764,1518,0,0,0,0,7.540012000390561,0.0,0.023444001271855086,6.907142391672319,199.8,775.8125,False
1773600034.7666237,1519,0,0,0,0,8.249110000178916,0.0,0.02629600203363225,7.612120343183016,180.1,775.8125,False
1773600034.9003553,1520,0,0,0,0,8.126200998958666,0.0,0.028925998776685447,7.612120343183016,201.9,775.8125,False
1773600035.0352712,1521,0,0,0,0,9.796674999961397,0.0,0.031703999411547557,7.612120343183016,200.2,775.8125,False
1773600035.1742928,1522,0,0,0,0,9.435803000087617,0.0,0.022667001758236438,7.612120343183016,215.7,775.8125,False
1773600035.3139794,1523,0,0,0,0,8.376794998184778,0.0,0.025369998184032738,7.612120343183016,221.9,775.8125,False
1773600035.448311,1524,0,0,0,0,8.352018001460237,0.0,0.02568600029917434,7.612120343183016,208.4,775.8125,False
1773600035.5835223,1525,0,0,0,0,8.07407200045418,0.0,0.023945001885294914,7.612120343183016,199.7,775.8125,False
1773600035.717633,1526,0,0,0,0,8.161350000591483,0.0,0.026982001145370305,7.612120343183016,201.3,775.8125,False
1773600035.8508515,1527,0,0,0,0,8.245442997576902,0.0,0.02216700158896856,6.903848573112872,217.7,775.8125,False
1773600035.9843595,1528,0,0,0,0,8.152941998559982,0.0,0.024370998289668933,6.903848573112872,209.7,775.8125,False
1773600036.1185539,1529,0,0,0,0,8.103886000753846,0.0,0.02401899837423116,6.903848573112872,216.1,775.8125,False
1773600036.2521815,1530,0,0,0,0,8.207924001908395,0.0,0.024092998501146212,6.903848573112872,209.5,775.828125,False
1773600036.3866003,1531,0,0,0,0,8.239036000304623,0.0,0.024443997972412035,6.903848573112872,215.8,775.828125,False
1773600036.520219,1532,0,0,0,0,8.04532999973162,0.0,0.024684999516466632,6.903848573112872,209.5,775.828125,False
1773600036.6538453,1533,0,0,0,0,8.174646998668322,0.0,0.02270400000270456,6.903848573112872,224.5,775.828125,False
1773600036.7890317,1534,0,0,0,0,9.447043001273414,0.0,0.025019002350745723,7.932694246731181,222.0,775.828125,False
1773600036.92876,1535,0,0,0,0,8.805150002444861,0.0,0.024258999474113807,7.932694246731181,214.7,775.828125,False
1773600037.0668502,1536,0,0,0,0,8.331629000167595,0.0,0.02633400072227232,7.932694246731181,217.3,775.84375,False
1773600037.2009377,1537,0,0,0,0,8.343147001141915,0.0,0.02577800114522688,7.932694246731181,208.8,775.84375,False
1773600037.3313305,1538,0,0,0,0,7.559826997749042,0.0,0.023406999389408156,7.932694246731181,222.4,775.84375,False
1773600037.5139563,1539,0,0,0,0,8.41501900140429,0.0,0.023352000425802544,7.932694246731181,175.2,775.84375,False
1773600037.649671,1540,0,0,0,0,9.847341996646719,0.0,0.02936999953817576,7.932694246731181,199.0,775.84375,False
1773600037.790303,1541,0,0,0,0,8.324999002070399,0.0,0.024166998628061265,6.991230758423789,213.3,775.84375,False
1773600037.9238863,1542,0,0,0,0,8.390314000280341,0.0,0.024740998924244195,6.991230758423789,209.6,775.84375,False
1773600038.0585086,1543,0,0,0,0,8.390036997298012,0.0,0.02494500222383067,6.991230758423789,200.5,775.84375,False
1773600038.1928844,1544,0,0,0,0,8.047459999943385,0.0,0.024223001673817635,6.991230758423789,208.4,775.84375,False
1773600038.3264441,1545,0,0,0,0,7.975515996804461,0.0,0.0243520007643383,6.991230758423789,202.1,775.84375,False
1773600038.4596,1546,0,0,0,0,8.314646998769604,0.0,0.023741002223687246,6.991230758423789,195.3,775.84375,False
1773600038.5933754,1547,0,0,0,0,8.092793999821879,0.0,0.02648099689395167,6.991230758423789,209.3,775.84375,False
1773600038.7269518,1548,0,0,0,0,8.063977998972405,0.0,0.026186000468442217,6.991230758423789,209.6,775.84375,False
1773600038.8616204,1549,0,0,0,0,9.413505998963956,0.0,0.040759998228168115,7.467798565659875,215.4,775.84375,False
1773600038.9966023,1550,0,0,0,0,9.580767000443302,0.0,0.0320189974445384,7.467798565659875,200.1,775.84375,False
1773600039.1367493,1551,0,0,0,0,9.222745000442956,0.0,0.023648000933462754,7.467798565659875,206.7,775.84375,False
1773600039.2722368,1552,0,0,0,0,8.192979999876115,0.0,0.02627800131449476,7.467798565659875,199.3,775.84375,False
1773600039.4128957,1553,0,0,0,0,8.49388899951009,0.0,0.022371001250576228,7.467798565659875,199.0,775.84375,False
1773600039.5482013,1554,0,0,0,0,8.096942001429852,0.0,0.024223001673817635,7.467798565659875,199.6,775.84375,False
1773600039.6813078,1555,0,0,0,0,8.145534997311188,0.0,0.024962999304989353,7.467798565659875,210.3,775.84375,False
1773600039.8146124,1556,0,0,0,0,7.956773999467259,0.0,0.025796998670557514,7.467798565659875,202.6,775.84375,False
1773600039.9476674,1557,0,0,0,0,8.18949899985455,0.0,0.024240998754976317,6.891011939283314,202.9,775.84375,False
1773600040.0778143,1558,0,0,0,0,7.425864001561422,0.0,0.022628999431617558,6.891011939283314,215.1,775.84375,False
1773600040.2614315,1559,0,0,0,0,8.293054001114797,0.0,0.025648001610534266,6.891011939283314,163.4,775.84375,False
1773600040.3950865,1560,0,0,0,0,8.014218998141587,0.0,0.02622199826873839,6.891011939283314,209.5,775.84375,False
1773600040.5335186,1561,0,0,0,0,9.536543999274727,0.0,0.02842599860741757,6.891011939283314,216.7,775.84375,False
1773600040.6722627,1562,0,0,0,0,8.172054000169737,0.0,0.024444001610390842,6.891011939283314,201.8,775.84375,False
1773600040.8059394,1563,0,0,0,0,8.124423999106511,0.0,0.031036997825140134,6.891011939283314,194.5,775.859375,False
1773600040.9394734,1564,0,0,0,0,8.138516001054086,0.0,0.02848199801519513,7.532440664329636,209.7,775.859375,False
1773600041.0726333,1565,0,0,0,0,7.9918479968910106,0.0,0.02355600008741021,7.532440664329636,210.4,775.859375,False
1773600041.2066066,1566,0,0,0,0,8.149552999384468,0.0,0.024110999220283702,7.532440664329636,216.4,775.859375,False
1773600041.3418984,1567,0,0,0,0,9.710508002171991,0.0,0.03346300218254328,7.532440664329636,214.4,775.859375,False
1773600041.481708,1568,0,0,0,0,7.989459998498205,0.0,0.026592999347485602,7.532440664329636,221.6,775.859375,False
1773600041.6152012,1569,0,0,0,0,8.405128999584122,0.0,0.03022200326086022,7.532440664329636,202.3,775.859375,False
1773600041.7498028,1570,0,0,0,0,8.273906001704745,0.0,0.024593002308392897,7.532440664329636,200.6,775.859375,False
1773600041.88538,1571,0,0,0,0,8.08777500060387,0.0,0.02522300201235339,7.532440664329636,206.5,775.859375,False
1773600042.019176,1572,0,0,0,0,8.123405001242645,0.0,0.02457399750710465,6.9365272720571625,216.7,775.859375,False
1773600042.1532364,1573,0,0,0,0,8.102479001536267,0.0,0.024537999706808478,6.9365272720571625,223.8,775.859375,False
1773600042.286513,1574,0,0,0,0,7.9744969989405945,0.0,0.025833000108832493,6.9365272720571625,210.1,775.859375,False
1773600042.4200413,1575,0,0,0,0,8.026071001950186,0.0,0.022241001715883613,6.9365272720571625,217.2,775.859375,False
1773600042.5539775,1576,0,0,0,0,8.121553000819404,0.0,0.026740999601315707,6.9365272720571625,224.0,775.859375,False
1773600042.687503,1577,0,0,0,0,8.184960999642499,0.0,0.024278000637423247,6.9365272720571625,209.7,775.859375,False
1773600042.8179946,1578,0,0,0,0,7.5001969998993445,0.0,0.0235740008065477,6.9365272720571625,206.9,775.859375,False
1773600042.9987192,1579,0,0,0,0,8.35774000006495,0.0,0.02546299947425723,7.618240130630452,171.5,775.859375,False
1773600043.1325588,1580,0,0,0,0,7.99216299856198,0.0,0.02796300032059662,7.618240130630452,201.8,775.859375,False
1773600043.268957,1581,0,0,0,0,10.44484699741588,0.0,0.02359300196985714,7.618240130630452,219.9,775.859375,False
1773600043.4066231,1582,0,0,0,0,8.394276999752037,0.0,0.025833000108832493,7.618240130630452,203.4,775.859375,False
1773600043.5413303,1583,0,0,0,0,7.978219000506215,0.0,0.023370001144940034,7.618240130630452,200.4,775.859375,False
1773600043.6751957,1584,0,0,0,0,8.192442001018208,0.0,0.02400099765509367,7.618240130630452,224.1,775.859375,False
1773600043.8087728,1585,0,0,0,0,8.058033999986947,0.0,0.024834000214468688,7.618240130630452,209.6,775.859375,False
1773600043.9431846,1586,0,0,0,0,8.199091000278713,0.0,0.025610999728087336,7.618240130630452,223.2,775.859375,False
1773600044.0767436,1587,0,0,0,0,7.98140400002012,0.0,0.026426001568324864,6.948077075989292,202.1,775.859375,False
1773600044.210579,1588,0,0,0,0,9.40187599917408,0.0,0.034943997889058664,6.948077075989292,209.3,775.859375,False
1773600044.3467004,1589,0,0,0,0,10.07500999912736,0.0,0.030536997655872256,6.948077075989292,220.4,775.859375,False
1773600044.4851797,1590,0,0,0,0,7.939589999296004,0.0,0.024221997591666877,6.948077075989292,202.1,775.859375,False
1773600044.6194937,1591,0,0,0,0,8.43790699946112,0.0,0.02375899930484593,6.948077075989292,208.5,775.859375,False
1773600044.754063,1592,0,0,0,0,7.958219001011457,0.0,0.024777997168712318,6.948077075989292,200.6,775.859375,False
1773600044.8884723,1593,0,0,0,0,8.24481300151092,0.0,0.030573999538319185,6.948077075989292,208.4,775.859375,False
1773600045.0216029,1594,0,0,0,0,7.943792999867583,0.0,0.028629998269025236,7.878718974450728,210.3,775.859375,False
1773600045.1551657,1595,0,0,0,0,7.9596639989176765,0.0,0.02744500307017006,7.878718974450728,224.6,775.859375,False
1773600045.2888527,1596,0,0,0,0,8.067404996836558,0.0,0.023093001800589263,7.878718974450728,216.9,775.859375,False
1773600045.4224718,1597,0,0,0,0,8.077811999100959,0.0,0.025888999516610056,7.878718974450728,209.6,775.859375,False
1773600045.5526726,1598,0,0,0,0,7.437992997438414,0.0,0.022352000087266788,7.878718974450728,207.4,775.859375,False
1773600045.7340875,1599,0,0,0,0,8.216480000555748,0.0,0.025518998882034793,7.878718974450728,176.4,775.859375,False
1773600045.8677182,1600,0,0,0,0,8.187868999812054,0.0,0.023833999875932932,7.878718974450728,194.6,775.859375,False
1773600046.0033607,1601,0,0,0,0,10.056639999675099,0.0,0.03296299837529659,7.878718974450728,206.6,775.875,False
1773600046.1489048,1602,0,0,0,0,8.42859299882548,0.0,0.027611000405158848,6.673140069190342,192.3,775.875,False
1773600046.2831278,1603,0,0,0,0,8.017014999495586,0.0,0.024723001843085513,6.673140069190342,208.6,775.875,False
1773600046.4170651,1604,0,0,0,0,8.105165001325076,0.0,0.024777000362519175,6.673140069190342,209.0,775.875,False
1773600046.551396,1605,0,0,0,0,8.165719998942222,0.0,0.023908000002847984,6.673140069190342,223.3,775.875,False
1773600046.6859314,1606,0,0,0,0,8.428332999756094,0.0,0.038314999983413145,6.673140069190342,215.7,775.875,False
1773600046.8236141,1607,0,0,0,0,10.114696000528056,0.0,0.02490800034138374,6.673140069190342,225.1,775.875,False
1773600046.9615803,1608,0,0,0,0,8.283590999781154,0.0,0.027649002731777728,6.673140069190342,203.0,775.875,False
1773600047.0996065,1609,0,0,0,0,8.13190500048222,0.0,0.024296001356560737,7.774410161236883,202.9,775.875,False
1773600047.232914,1610,0,0,0,0,8.210091000364628,0.0,0.023648000933462754,7.774410161236883,210.0,775.875,False
1773600047.3666162,1611,0,0,0,0,8.014422997803194,0.0,0.02324100205441937,7.774410161236883,209.4,775.875,False
1773600047.4999657,1612,0,0,0,0,8.109201000479516,0.0,0.024167002266040072,7.774410161236883,202.5,775.875,False
1773600047.6343167,1613,0,0,0,0,8.554352996725356,0.0,0.029648999770870432,7.774410161236883,215.9,775.875,False
1773600047.7680423,1614,0,0,0,0,8.559963000152493,0.0,0.027592002879828215,7.774410161236883,201.9,775.875,False
1773600047.9020357,1615,0,0,0,0,8.684353000717238,0.0,0.02159200084861368,7.774410161236883,201.4,775.875,False
1773600048.0354347,1616,0,0,0,0,8.145702002366306,0.0,0.028351998480502516,7.774410161236883,217.5,775.875,False
1773600048.1688824,1617,0,0,0,0,8.229164999647764,0.0,0.028686001314781606,7.481640517085877,202.3,775.875,False
1773600048.2989163,1618,0,0,0,0,7.46316000004299,0.0,0.024165998183889315,7.481640517085877,192.2,775.875,False
1773600048.4749534,1619,0,0,0,0,8.376739999221172,0.0,0.02574099926277995,7.481640517085877,181.8,775.875,False
1773600048.6082914,1620,0,0,0,0,7.973163003043737,0.0,0.02598200080683455,7.481640517085877,202.5,775.875,False
1773600048.7440631,1621,0,0,0,0,10.183029000472743,0.0,0.02857400249922648,7.481640517085877,206.3,775.875,False
1773600048.8850849,1622,0,0,0,0,7.958849000715418,0.0,0.024777997168712318,7.481640517085877,219.8,775.875,False
1773600049.0194051,1623,0,0,0,0,8.402092000324046,0.0,0.0285380010609515,7.481640517085877,193.6,775.875,False
1773600049.1556737,1624,0,0,0,0,8.150368001224706,0.0,0.024166998628061265,7.481640517085877,198.1,775.875,False
1773600049.2883291,1625,0,0,0,0,8.163793998392066,0.0,0.023982000129763037,6.669418622771059,211.1,775.875,False
1773600049.4225745,1626,0,0,0,0,8.240332001150819,0.0,0.025167002604575828,6.669418622771059,216.0,775.875,False
1773600049.556479,1627,0,0,0,0,8.198293999157613,0.0,0.027480997232487425,6.669418622771059,216.6,775.875,False
1773600049.6900012,1628,0,0,0,0,8.09729400134529,0.0,0.026408000849187374,6.669418622771059,209.7,775.875,False
1773600049.8237772,1629,0,0,0,0,8.441295998636633,0.0,0.026092999178217724,6.669418622771059,216.8,775.875,False
1773600049.9596434,1630,0,0,0,0,9.947157999704359,0.0,0.03122300040558912,6.669418622771059,206.1,775.875,False
1773600050.1008966,1631,0,0,0,0,8.07109000015771,0.0,0.025610999728087336,6.669418622771059,226.5,775.875,False
1773600050.23495,1632,0,0,0,0,8.412924998992821,0.0,0.02522300201235339,7.87017959465133,208.9,775.875,False
1773600050.3735816,1633,0,0,0,0,8.171053999831202,0.0,0.03231499795219861,7.87017959465133,202.0,775.875,False
1773600050.5063946,1634,0,0,0,0,8.157128002494574,0.0,0.02457399750710465,7.87017959465133,203.3,775.875,False
1773600050.6396785,1635,0,0,0,0,8.08575699920766,0.0,0.024962999304989353,7.87017959465133,210.1,775.875,False
1773600050.7729414,1636,0,0,0,0,7.919330000731861,0.0,0.02687100277398713,7.87017959465133,217.6,775.875,False
1773600050.9060156,1637,0,0,0,0,7.9818850026640575,0.0,0.026370998966740444,7.87017959465133,217.9,775.875,False
1773600051.0359943,1638,0,0,0,0,7.483696997951483,0.0,0.02324099841644056,7.87017959465133,200.0,775.875,False
1773600051.222456,1639,0,0,0,0,8.124313000735128,0.0,0.027592999686021358,7.87017959465133,177.0,775.875,False
1773600051.3573165,1640,0,0,0,0,9.289449000789318,0.0,0.031666000722907484,6.662874109899726,200.3,775.875,False
1773600051.4980674,1641,0,0,0,0,8.181720000720816,0.0,0.025630000891396776,6.662874109899726,198.9,775.875,False
1773600051.635708,1642,0,0,0,0,8.048589999816613,0.0,0.02577800114522688,6.662874109899726,203.4,775.875,False
1773600051.7690687,1643,0,0,0,0,8.158923003065865,0.0,0.02244500137749128,6.662874109899726,217.4,775.875,False
1773600051.9033363,1644,0,0,0,0,8.255201999418205,0.0,0.026444999093655497,6.662874109899726,216.0,775.875,False
1773600052.0378268,1645,0,0,0,0,8.770909000304528,0.0,0.034074997529387474,6.662874109899726,223.2,775.875,False
1773600052.176612,1646,0,0,0,0,9.033743997861166,0.0,0.02600000152597204,6.662874109899726,216.1,775.875,False
1773600052.3135986,1647,0,0,0,0,8.509112001775065,0.0,0.024111999664455652,7.781811519502401,204.4,775.875,False
1773600052.4488616,1648,0,0,0,0,8.206534999771975,0.0,0.025834000553004444,7.781811519502401,199.6,775.890625,False
1773600052.5826628,1649,0,0,0,0,8.18479399822536,0.0,0.027277998015051708,7.781811519502401,209.2,775.90625,False
1773600052.7166567,1650,0,0,0,0,8.11008999880869,0.0,0.02881500040530227,7.781811519502401,231.5,775.90625,False
1773600052.8507564,1651,0,0,0,0,7.6139390002936125,0.0,0.023111999325919896,7.781811519502401,201.2,775.90625,False
1773600052.9854658,1652,0,0,0,0,8.633740999357542,0.0,0.028628997824853286,7.781811519502401,200.5,775.90625,False
1773600053.1205692,1653,0,0,0,0,8.571777998440666,0.0,0.02838899672497064,7.781811519502401,199.9,775.90625,False
1773600053.2549596,1654,0,0,0,0,8.626019000075758,0.0,0.0230370023928117,7.781811519502401,208.2,775.90625,False
1773600053.3890526,1655,0,0,0,0,8.32485099817859,0.0,0.021481999283423647,6.967890883684195,193.9,775.90625,False
1773600053.5229354,1656,0,0,0,0,8.20723899960285,0.0,0.02879599924199283,6.967890883684195,201.7,775.90625,False
1773600053.65772,1657,0,0,0,0,8.576611999160377,0.0,0.028111000574426726,6.967890883684195,207.7,775.90625,False
1773600053.7883995,1658,0,0,0,0,7.398362999083474,0.0,0.023611999495187774,6.967890883684195,191.3,775.90625,False
1773600053.9709284,1659,0,0,0,0,8.331073997396743,0.0,0.024685999960638583,6.967890883684195,175.3,775.90625,False
1773600054.1059163,1660,0,0,0,0,9.527043999696616,0.0,0.03151900091324933,6.967890883684195,214.9,775.90625,False
1773600054.2458987,1661,0,0,0,0,8.538834001228679,0.0,0.024369997845496982,6.967890883684195,207.1,775.90625,False
1773600054.380266,1662,0,0,0,0,8.38068499797373,0.0,0.02594499892438762,7.5325641030821515,201.0,775.90625,False
1773600054.515094,1663,0,0,0,0,8.050589000049513,0.0,0.02485199729562737,7.5325641030821515,207.7,775.90625,False
1773600054.6508546,1664,0,0,0,0,8.76979900203878,0.0,0.024518998543499038,7.5325641030821515,198.9,775.90625,False
1773600054.7860615,1665,0,0,0,0,8.304610000777757,0.0,0.022814001567894593,7.5325641030821515,192.3,775.90625,False
1773600054.9204335,1666,0,0,0,0,8.191590997739695,0.0,0.0281489992630668,7.5325641030821515,215.9,775.90625,False
1773600055.0538998,1667,0,0,0,0,8.07016399994609,0.0,0.023795997549314052,7.5325641030821515,217.2,775.90625,False
1773600055.1882658,1668,0,0,0,0,9.06361500165076,0.0,0.035536999348551035,7.5325641030821515,216.0,775.90625,False
1773600055.3227615,1669,0,0,0,0,8.247517002018867,0.0,0.03890799780492671,7.5325641030821515,215.6,775.90625,False
1773600055.460874,1670,0,0,0,0,9.30439400326577,0.0,0.02825900082825683,6.941192797172659,217.1,775.90625,False
1773600055.5962853,1671,0,0,0,0,8.28616600119858,0.0,0.028166999982204288,6.941192797172659,199.4,775.90625,False
1773600055.7304218,1672,0,0,0,0,8.372017997317016,0.0,0.030851999326841906,6.941192797172659,201.3,775.90625,False
1773600055.8659935,1673,0,0,0,0,7.956051998917246,0.0,0.02377800046815537,6.941192797172659,206.5,775.921875,False
1773600055.999242,1674,0,0,0,0,8.245924997027032,0.0,0.025536999601172283,6.941192797172659,202.6,775.921875,False
1773600056.133219,1675,0,0,0,0,8.132663999276701,0.0,0.026186000468442217,6.941192797172659,216.4,775.921875,False
1773600056.2670512,1676,0,0,0,0,7.977330002177041,0.0,0.025814999389695004,6.941192797172659,201.8,775.921875,False
1773600056.400665,1677,0,0,0,0,8.05047799804015,0.0,0.0260560009337496,7.9058733940886015,217.1,775.921875,False
1773600056.5308428,1678,0,0,0,0,7.4867340008495376,0.0,0.023314998543355614,7.9058733940886015,199.7,775.921875,False
1773600056.7219934,1679,0,0,0,0,8.911632998206187,0.0,0.028870999813079834,7.9058733940886015,177.9,775.921875,False
1773600056.861159,1680,0,0,0,0,7.971793002070626,0.0,0.0224069990508724,7.9058733940886015,215.5,775.921875,False
1773600056.9972239,1681,0,0,0,0,8.394018001126824,0.0,0.024148001102730632,7.9058733940886015,205.8,775.921875,False
1773600057.1316347,1682,0,0,0,0,8.145756997691933,0.0,0.028685000870609656,7.9058733940886015,200.9,775.921875,False
1773600057.2657726,1683,0,0,0,0,8.13129399830359,0.0,0.02296299862791784,7.9058733940886015,216.2,775.921875,False
1773600057.4035723,1684,0,0,0,0,11.498111998662353,0.0,0.027518999559106305,6.9799619384525045,210.5,775.921875,False
1773600057.5422375,1685,0,0,0,0,8.304072998726042,0.0,0.02931500057457015,6.9799619384525045,223.5,775.921875,False
1773600057.6774917,1686,0,0,0,0,8.389498998440104,0.0,0.023666998458793387,6.9799619384525045,192.2,775.921875,False
1773600057.8107042,1687,0,0,0,0,8.232017000409542,0.0,0.02294500154675916,6.9799619384525045,210.2,775.921875,False
1773600057.9449103,1688,0,0,0,0,8.268108998890966,0.0,0.02301800122950226,6.9799619384525045,216.1,775.921875,False
1773600058.078957,1689,0,0,0,0,8.392555002501467,0.0,0.027555997803574428,6.9799619384525045,223.8,775.921875,False
1773600058.2130463,1690,0,0,0,0,8.104571999865584,0.0,0.02579600186436437,6.9799619384525045,208.8,775.921875,False
1773600058.3471518,1691,0,0,0,0,8.391776998905698,0.0,0.02405499981250614,6.9799619384525045,201.3,775.921875,False
1773600058.4812117,1692,0,0,0,0,8.558036999602336,0.0,0.024278000637423247,6.953469508008652,216.3,775.921875,False
1773600058.6160798,1693,0,0,0,0,8.450056000583572,0.0,0.030834002245683223,6.953469508008652,185.4,775.921875,False
1773600058.749878,1694,0,0,0,0,8.519166000041878,0.0,0.027519003197085112,6.953469508008652,209.3,775.921875,False
1773600058.8836653,1695,0,0,0,0,8.448332999250852,0.0,0.027481000870466232,6.953469508008652,201.8,775.921875,False
1773600059.0171516,1696,0,0,0,0,8.25170199823333,0.0,0.02325999957975,6.953469508008652,209.7,775.921875,False
1773600059.1509376,1697,0,0,0,0,8.404870000958908,0.0,0.024832999770296738,6.953469508008652,201.8,775.921875,False
1773600059.281211,1698,0,0,0,0,7.486308997613378,0.0,0.022889002138981596,6.953469508008652,191.9,775.921875,False
1773600059.4671862,1699,0,0,0,0,8.188349998818012,0.0,0.02822299938998185,7.568819679489854,177.5,775.921875,False
1773600059.600735,1700,0,0,0,0,8.031090001168195,0.0,0.0262039975496009,7.568819679489854,209.6,775.921875,False
1773600059.7362678,1701,0,0,0,0,9.826417001022492,0.0,0.03429700154811144,7.568819679489854,199.3,775.921875,False
1773600059.8766007,1702,0,0,0,0,7.955348999530543,0.0,0.02638900332385674,7.568819679489854,213.8,775.921875,False
1773600060.0115688,1703,0,0,0,0,8.16140599999926,0.0,0.026462999812792987,7.568819679489854,214.8,775.921875,False
1773600060.1457324,1704,0,0,0,0,8.129146001010668,0.0,0.02651899922057055,7.568819679489854,216.2,775.921875,False
1773600060.2794912,1705,0,0,0,0,8.127516000968171,0.0,0.02709299951675348,7.568819679489854,201.8,775.921875,False
1773600060.413606,1706,0,0,0,0,8.189739000954432,0.0,0.02735199814196676,7.568819679489854,231.1,775.921875,False
1773600060.547136,1707,0,0,0,0,7.960774997627595,0.0,0.0240379995375406,6.934436792033935,224.7,775.921875,False
1773600060.6838737,1708,0,0,0,0,9.695840999484062,0.0,0.029833001462975517,6.934436792033935,226.7,775.921875,False
1773600060.8202255,1709,0,0,0,0,8.558351997635327,0.0,0.023075001081451774,6.934436792033935,212.8,775.921875,False
1773600060.9546719,1710,0,0,0,0,7.810663002601359,0.0,0.025240999093512073,6.934436792033935,208.1,775.921875,False
1773600061.0883338,1711,0,0,0,0,8.170312998117879,0.0,0.02385200059507042,6.934436792033935,209.5,775.921875,False
1773600061.2221472,1712,0,0,0,0,8.097533998807194,0.0,0.024647997634019703,6.934436792033935,216.7,775.921875,False
1773600061.3561265,1713,0,0,0,0,8.05127500279923,0.0,0.02655600110301748,6.934436792033935,209.0,775.921875,False
1773600061.4890773,1714,0,0,0,0,7.9086069999902975,0.0,0.023814998712623492,7.9015709686352595,225.6,775.921875,False
1773600061.6222408,1715,0,0,0,0,8.14733100196463,0.0,0.023796997993486002,7.9015709686352595,217.8,775.921875,False
1773600061.7561815,1716,0,0,0,0,8.221406002121512,0.0,0.023518998204963282,7.9015709686352595,194.1,775.921875,False
1773600061.8896124,1717,0,0,0,0,8.319869000843028,0.0,0.025870998797472566,7.9015709686352595,217.3,775.921875,False
1773600062.0196013,1718,0,0,0,0,7.494622997910483,0.0,0.023833999875932932,7.9015709686352595,200.0,775.921875,False
1773600062.1976173,1719,0,0,0,0,8.284332001494477,0.0,0.02576000042608939,7.9015709686352595,174.2,775.921875,False
1773600062.3323524,1720,0,0,0,0,8.79709500077297,0.0,0.028111000574426726,7.9015709686352595,200.5,775.921875,False
1773600062.473487,1721,0,0,0,0,8.421091999480268,0.0,0.021685002138838172,7.9015709686352595,219.6,775.921875,False
1773600062.6085734,1722,0,0,0,0,8.06982999711181,0.0,0.026721998438006267,6.6789343779359545,200.0,775.921875,False
1773600062.7420835,1723,0,0,0,0,8.116848999634385,0.0,0.02375899930484593,6.6789343779359545,209.6,775.921875,False
1773600062.8767354,1724,0,0,0,0,8.086034998996183,0.0,0.0270549971901346,6.6789343779359545,230.2,775.921875,False
1773600063.0121472,1725,0,0,0,0,9.656619000452338,0.0,0.0304810018860735,6.6789343779359545,206.8,775.921875,False
1773600063.1523118,1726,0,0,0,0,10.32925300023635,0.0,0.027834001230075955,6.6789343779359545,214.0,775.921875,False
1773600063.287908,1727,0,0,0,0,8.349998999619856,0.0,0.025112000002991408,6.6789343779359545,206.5,775.921875,False
1773600063.4228375,1728,0,0,0,0,8.198887000617106,0.0,0.02626000059535727,6.6789343779359545,207.5,775.921875,False
1773600063.5566258,1729,0,0,0,0,8.171886998752598,0.0,0.02603699977044016,7.847431469165539,216.8,775.921875,False
1773600063.6902385,1730,0,0,0,0,7.914588997664396,0.0,0.02535199746489525,7.847431469165539,202.0,775.921875,False
1773600063.8239913,1731,0,0,0,0,7.978015000844607,0.0,0.024388999008806422,7.847431469165539,216.8,775.921875,False
1773600063.9572325,1732,0,0,0,0,8.08338600108982,0.0,0.028925998776685447,7.847431469165539,217.6,775.921875,False
1773600064.0912597,1733,0,0,0,0,8.040682001592359,0.0,0.023666998458793387,7.847431469165539,216.4,775.9375,False
1773600064.2243896,1734,0,0,0,0,8.179276002920233,0.0,0.03061199822695926,7.847431469165539,210.3,775.9375,False
1773600064.358304,1735,0,0,0,0,8.697613000549609,0.0,0.02661100006662309,7.847431469165539,194.1,775.9375,False
1773600064.4918349,1736,0,0,0,0,8.132035000016913,0.0,0.026665999030228704,7.847431469165539,209.7,775.9375,False
1773600064.6253388,1737,0,0,0,0,8.325888000399573,0.0,0.025295998057117686,7.485442569922757,209.7,775.9375,False
1773600064.7554939,1738,0,0,0,0,7.478270999854431,0.0,0.02296299862791784,7.485442569922757,199.8,775.9375,False
1773600064.934576,1739,0,0,0,0,8.215386998926988,0.0,0.02989000131492503,7.485442569922757,167.5,775.9375,False
1773600065.0685525,1740,0,0,0,0,8.146831001795363,0.0,0.036704001104226336,7.485442569922757,209.1,775.9375,False
1773600065.2092228,1741,0,0,0,0,8.035293998545967,0.0,0.025240999093512073,7.485442569922757,220.3,775.9375,False
1773600065.3439255,1742,0,0,0,0,8.449054999800865,0.0,0.02550000135670416,7.485442569922757,185.6,775.9375,False
1773600065.478347,1743,0,0,0,0,7.96984800035716,0.0,0.026166999305132776,7.485442569922757,215.7,775.9375,False
1773600065.6121826,1744,0,0,0,0,8.202498000173364,0.0,0.02659300298546441,7.485442569922757,209.2,775.953125,False
1773600065.7460515,1745,0,0,0,0,8.340666001458885,0.0,0.025110999558819458,6.667154438645529,209.1,775.953125,False
1773600065.8806427,1746,0,0,0,0,8.540407998225419,0.0,0.02851899989764206,6.667154438645529,223.0,775.953125,False
1773600066.0146406,1747,0,0,0,0,7.99684900266584,0.0,0.027240999770583585,6.667154438645529,201.4,775.953125,False
1773600066.1482446,1748,0,0,0,0,8.03633100076695,0.0,0.025018001906573772,6.667154438645529,217.0,775.953125,False
1773600066.2822337,1749,0,0,0,0,8.040830998652382,0.0,0.02544499875511974,6.667154438645529,216.4,775.953125,False
1773600066.4183972,1750,0,0,0,0,10.221122000075411,0.0,0.03336999725433998,6.667154438645529,220.4,775.953125,False
1773600066.5595334,1751,0,0,0,0,8.059053001488792,0.0,0.02566599869169295,6.667154438645529,205.5,775.953125,False
1773600066.6975415,1752,0,0,0,0,8.987041001091711,0.0,0.022203999833436683,7.825823672846813,217.4,775.953125,False
1773600066.8324232,1753,0,0,0,0,8.304184000735404,0.0,0.024852000933606178,7.825823672846813,200.2,775.953125,False
1773600066.9666286,1754,0,0,0,0,7.981348000612343,0.0,0.03237100099795498,7.825823672846813,208.7,775.953125,False
1773600067.10025,1755,0,0,0,0,8.23816599950078,0.0,0.024834000214468688,7.825823672846813,209.5,775.953125,False
1773600067.2344027,1756,0,0,0,0,8.062609002081444,0.0,0.026500001695239916,7.825823672846813,231.1,775.953125,False
1773600067.3678722,1757,0,0,0,0,8.228312999563059,0.0,0.026073998014908284,7.825823672846813,194.8,775.953125,False
1773600067.498233,1758,0,0,0,0,7.499308001570171,0.0,0.02355500328121707,7.825823672846813,214.8,775.953125,False
1773600067.6887686,1759,0,0,0,0,8.21349900070345,0.0,0.024073997337836772,7.825823672846813,173.2,775.953125,False
1773600067.8263645,1760,0,0,0,0,12.377433002257021,0.0,0.035260000004200265,6.643213690390937,189.0,775.953125,False
1773600067.9649053,1761,0,0,0,0,8.45711099827895,0.0,0.02383299943176098,6.643213690390937,223.7,775.953125,False
1773600068.0997016,1762,0,0,0,0,8.42557299984037,0.0,0.026222001906717196,6.643213690390937,200.2,775.96875,False
1773600068.2339947,1763,0,0,0,0,8.138368000800256,0.0,0.025722001737449318,6.643213690390937,201.0,775.96875,False
1773600068.3675976,1764,0,0,0,0,8.068385999649763,0.0,0.02655500065884553,6.643213690390937,202.1,775.96875,False
1773600068.50147,1765,0,0,0,0,8.12599799974123,0.0,0.024110999220283702,6.643213690390937,209.1,775.96875,False
1773600068.6357315,1766,0,0,0,0,8.122515999275493,0.0,0.02292600038344972,6.643213690390937,208.6,775.96875,False
1773600068.77032,1767,0,0,0,0,9.175986000627745,0.0,0.03801800266955979,7.850547196262557,230.4,775.96875,False
1773600068.90946,1768,0,0,0,0,8.004904997505946,0.0,0.025888999516610056,7.850547196262557,222.8,775.96875,False
1773600069.043365,1769,0,0,0,0,8.347406001121271,0.0,0.026482000976102427,7.850547196262557,201.6,775.96875,False
1773600069.1794178,1770,0,0,0,0,8.08277499891119,0.0,0.027425998268881813,7.850547196262557,191.1,775.96875,False
1773600069.313289,1771,0,0,0,0,8.206053000321845,0.0,0.02407500141998753,7.850547196262557,209.1,775.96875,False
1773600069.4466276,1772,0,0,0,0,7.993479001015658,0.0,0.025092998839681968,7.850547196262557,210.0,775.96875,False
1773600069.5804055,1773,0,0,0,0,8.185850001609651,0.0,0.0248889991780743,7.850547196262557,209.3,775.96875,False
1773600069.7139606,1774,0,0,0,0,8.080034000158776,0.0,0.02320299972780049,7.850547196262557,209.6,775.96875,False
1773600069.8473272,1775,0,0,0,0,8.00512700152467,0.0,0.024388999008806422,6.954246892216038,225.0,775.96875,False
1773600069.9807372,1776,0,0,0,0,8.346072998392629,0.0,0.024240001948783174,6.954246892216038,224.9,775.96875,False
1773600070.1138527,1777,0,0,0,0,8.279368998046266,0.0,0.024204000510508195,6.954246892216038,210.4,775.96875,False
1773600070.2438228,1778,0,0,0,0,7.4091040005441755,0.0,0.023685002815909684,6.954246892216038,192.3,775.96875,False
1773600070.4185479,1779,0,0,0,0,8.23281300108647,0.0,0.024554999981774017,6.954246892216038,177.4,775.96875,False
1773600070.5524473,1780,0,0,0,0,8.175794002454495,0.0,0.024444001610390842,6.954246892216038,209.1,775.96875,False
1773600070.6919563,1781,0,0,0,0,8.051016000536038,0.0,0.03014799949596636,6.954246892216038,207.9,775.96875,False
1773600070.8263073,1782,0,0,0,0,8.397739999054465,0.0,0.0262039975496009,7.623252506480613,201.0,775.96875,False
1773600070.9630427,1783,0,0,0,0,8.022071000596043,0.0,0.02850099917850457,7.623252506480613,212.1,775.96875,False
1773600071.096768,1784,0,0,0,0,8.099441998638213,0.0,0.02798100103973411,7.623252506480613,209.4,775.96875,False
1773600071.2305708,1785,0,0,0,0,8.104386997729307,0.0,0.025315002858405933,7.623252506480613,216.7,775.96875,False
1773600071.3645446,1786,0,0,0,0,8.077349997620331,0.0,0.02881500040530227,7.623252506480613,201.7,775.96875,False
1773600071.499627,1787,0,0,0,0,9.606434003217146,0.0,0.029351998819038272,7.623252506480613,214.6,775.96875,False
1773600071.6415005,1788,0,0,0,0,8.356851001735777,0.0,0.025056000595213845,7.623252506480613,218.5,775.96875,False
1773600071.7760997,1789,0,0,0,0,8.02058999761357,0.0,0.02344399763387628,7.623252506480613,200.6,775.96875,False
1773600071.9101942,1790,0,0,0,0,8.401313996728277,0.0,0.028667000151472166,6.908488108910805,208.9,775.96875,False
1773600072.0436041,1791,0,0,0,0,8.070979001786327,0.0,0.02607400165288709,6.908488108910805,209.8,775.96875,False
1773600072.1768582,1792,0,0,0,0,8.11147900094511,0.0,0.026796002202900127,6.908488108910805,210.1,775.96875,False
1773600072.3110032,1793,0,0,0,0,8.462091998808319,0.0,0.024018001568038017,6.908488108910805,201.3,775.96875,False
1773600072.4444454,1794,0,0,0,0,8.045793998462614,0.0,0.028315000236034393,6.908488108910805,209.8,775.96875,False
1773600072.5780096,1795,0,0,0,0,7.969199999934062,0.0,0.02320400017197244,6.908488108910805,217.1,775.96875,False
1773600072.7121918,1796,0,0,0,0,8.093812000879552,0.0,0.02579600186436437,6.908488108910805,216.1,775.96875,False
1773600072.8460116,1797,0,0,0,0,8.071144999121316,0.0,0.02272200072184205,7.9485447674925425,216.7,775.96875,False
1773600072.976344,1798,0,0,0,0,7.449752003594767,0.0,0.02401899837423116,7.9485447674925425,207.2,775.96875,False
1773600073.1556063,1799,0,0,0,0,8.26431300083641,0.0,0.024593002308392897,7.9485447674925425,178.5,775.96875,False
1773600073.2893531,1800,0,0,0,0,8.074867000686936,0.0,0.026426001568324864,7.9485447674925425,201.9,775.96875,False
1773600073.4251757,1801,0,0,0,0,10.15658499818528,0.0,0.029221999284345657,7.9485447674925425,220.9,775.96875,False
1773600073.5659306,1802,0,0,0,0,8.19242400029907,0.0,0.024963999749161303,7.9485447674925425,198.9,775.96875,False
1773600073.7005637,1803,0,0,0,0,8.175609000318218,0.0,0.02574099926277995,7.9485447674925425,200.6,775.96875,False
1773600073.8348963,1804,0,0,0,0,8.151942001859425,0.0,0.02361100268899463,7.9485447674925425,215.8,775.96875,False
1773600073.9689803,1805,0,0,0,0,8.137423999869497,0.0,0.024704000679776073,6.652436194895592,208.8,775.96875,False
1773600074.1034143,1806,0,0,0,0,8.190312000806443,0.0,0.03300000025774352,6.652436194895592,215.8,775.96875,False
1773600074.2381504,1807,0,0,0,0,9.46178400045028,0.0,0.027499998395796865,6.652436194895592,207.8,775.96875,False
1773600074.3777142,1808,0,0,0,0,8.051978998992126,0.0,0.025889003154588863,6.652436194895592,222.1,775.96875,False
1773600074.5117729,1809,0,0,0,0,8.410925998759922,0.0,0.022963002265896648,6.652436194895592,201.4,775.96875,False
1773600074.6467793,1810,0,0,0,0,8.763371999521041,0.0,0.02127799962181598,6.652436194895592,214.8,775.96875,False
1773600074.7806768,1811,0,0,0,0,8.143479000864318,0.0,0.02427799699944444,6.652436194895592,216.6,775.96875,False
1773600074.9146245,1812,0,0,0,0,7.924903999082744,0.0,0.030593000701628625,7.871254082893649,223.9,775.96875,False
1773600075.0485785,1813,0,0,0,0,8.115165001072455,0.0,0.02766599936876446,7.871254082893649,216.6,775.96875,False
1773600075.1822708,1814,0,0,0,0,8.379517999856034,0.0,0.026185000024270266,7.871254082893649,216.8,775.96875,False
1773600075.315965,1815,0,0,0,0,8.203200999560067,0.0,0.02677799784578383,7.871254082893649,209.4,775.96875,False
1773600075.4497926,1816,0,0,0,0,8.177239000360714,0.0,0.027240999770583585,7.871254082893649,216.7,775.984375,False
1773600075.5833075,1817,0,0,0,0,8.188256997527787,0.0,0.024278000637423247,7.871254082893649,202.2,775.984375,False
1773600075.713509,1818,0,0,0,0,7.435825998982182,0.0,0.022610998712480068,7.871254082893649,199.7,777.0625,False
1773600075.8915899,1819,0,0,0,0,8.159424000041327,0.0,0.024981000024126843,7.871254082893649,179.7,777.0625,False
1773600076.0262847,1820,0,0,0,0,8.643389999633655,0.0,0.031055998988449574,6.728805786564402,200.5,777.0625,False
1773600076.1610763,1821,0,0,0,0,9.218282000801992,0.0,0.029147999157430604,6.728805786564402,207.8,777.0625,False
1773600076.2957,1822,0,0,0,0,8.3865920023527,0.0,0.024629996914882213,6.728805786564402,193.0,777.0625,False
1773600076.4370255,1823,0,0,0,0,8.108923000690993,0.0,0.02766699981293641,6.728805786564402,212.3,777.0625,False
1773600076.5716994,1824,0,0,0,0,8.363610999367665,0.0,0.029981001716805622,6.728805786564402,207.9,777.0625,False
1773600076.706176,1825,0,0,0,0,8.146405998559203,0.0,0.02259299799334258,6.728805786564402,215.7,777.0625,False
1773600076.8404524,1826,0,0,0,0,8.355517999007134,0.0,0.025888999516610056,6.728805786564402,208.5,777.0625,False
1773600076.974395,1827,0,0,0,0,8.156665000569774,0.0,0.022202999389264733,7.847097460238245,201.6,777.0625,False
1773600077.108137,1828,0,0,0,0,8.051626999076689,0.0,0.023610999051015824,7.847097460238245,216.9,777.0625,False
1773600077.2423034,1829,0,0,0,0,7.916311002190923,0.0,0.024092998501146212,7.847097460238245,223.6,777.0625,False
1773600077.3756433,1830,0,0,0,0,8.095016000879696,0.0,0.026685000193538144,7.847097460238245,217.5,777.0625,False
1773600077.5093555,1831,0,0,0,0,8.585241997934645,0.0,0.029278002330102026,7.847097460238245,209.4,777.0625,False
1773600077.6494236,1832,0,0,0,0,8.414628999162233,0.0,0.02244500137749128,7.847097460238245,228.4,777.0625,False
1773600077.789361,1833,0,0,0,0,8.172237998223864,0.0,0.024925997422542423,7.847097460238245,207.3,777.0625,False
1773600077.9230368,1834,0,0,0,0,8.32233199980692,0.0,0.027038000553147867,7.847097460238245,209.5,777.0625,False
1773600078.0573156,1835,0,0,0,0,8.36879499911447,0.0,0.026481000531930476,6.91679504066073,208.5,777.0625,False
1773600078.1909199,1836,0,0,0,0,8.389499998884276,0.0,0.024092998501146212,6.91679504066073,187.1,777.0625,False
1773600078.3251395,1837,0,0,0,0,8.30223999946611,0.0,0.0238150023506023,6.91679504066073,201.2,777.0625,False
1773600078.4554455,1838,0,0,0,0,7.537901001342107,0.0,0.024185999791370705,6.91679504066073,214.9,777.0625,False
1773600078.634534,1839,0,0,0,0,8.358684000995709,0.0,0.024408000172115862,6.91679504066073,173.1,777.0625,False
1773600078.7676194,1840,0,0,0,0,8.129072000883752,0.0,0.024389999452978373,6.91679504066073,210.4,777.0625,False
1773600078.9011638,1841,0,0,0,0,7.942588999867439,0.0,0.022074000298744068,6.91679504066073,209.7,777.0625,False
1773600079.036006,1842,0,0,0,0,9.545340999466134,0.0,0.029999999242136255,7.622963284888284,207.7,777.0625,False
1773600079.17598,1843,0,0,0,0,8.352813998499187,0.0,0.02579600186436437,7.622963284888284,214.2,777.0625,False
1773600079.3109524,1844,0,0,0,0,8.32185000035679,0.0,0.027889000193681568,7.622963284888284,214.8,777.0625,False
1773600079.4453702,1845,0,0,0,0,8.291961999930209,0.0,0.023112002963898703,7.622963284888284,215.7,777.0625,False
1773600079.5796654,1846,0,0,0,0,8.129368001391413,0.0,0.02633400072227232,7.622963284888284,186.2,777.0625,False
1773600079.7130613,1847,0,0,0,0,8.340591000887798,0.0,0.02564899841672741,7.622963284888284,209.9,777.0625,False
1773600079.8464131,1848,0,0,0,0,8.187036000890657,0.0,0.024981000024126843,7.622963284888284,202.5,777.0625,False
1773600079.9799976,1849,0,0,0,0,8.066905000305269,0.0,0.025388999347342178,7.622963284888284,217.1,777.0625,False
1773600080.1140335,1850,0,0,0,0,8.07608999821241,0.0,0.02848200165317394,6.948775958097359,208.9,777.0625,False
1773600080.248238,1851,0,0,0,0,8.83107600020594,0.0,0.030444996809819713,6.948775958097359,208.7,777.0625,False
1773600080.384606,1852,0,0,0,0,9.839212998485891,0.0,0.02929599941126071,6.948775958097359,212.7,777.0625,False
1773600080.5220833,1853,0,0,0,0,8.526464000169653,0.0,0.02463000055286102,6.948775958097359,218.1,777.0625,False
1773600080.6572685,1854,0,0,0,0,8.575204999942798,0.0,0.02661100006662309,6.948775958097359,214.5,777.0625,False
1773600080.7906294,1855,0,0,0,0,8.100256996840471,0.0,0.024481996661052108,6.948775958097359,202.5,777.0625,False
1773600080.924077,1856,0,0,0,0,8.097090001683682,0.0,0.024795997887849808,6.948775958097359,202.3,777.0625,False
1773600081.0573838,1857,0,0,0,0,8.064330999332014,0.0,0.024130000383593142,7.888660214571429,210.0,777.0625,False
1773600081.187367,1858,0,0,0,0,7.501624000724405,0.0,0.02355499964323826,7.888660214571429,207.7,777.0625,False
1773600081.3779535,1859,0,0,0,0,8.214035999117186,0.0,0.025278000975959003,7.888660214571429,167.9,777.0625,False
1773600081.5133407,1860,0,0,0,0,9.80660099958186,0.0,0.029778002499369904,7.888660214571429,221.7,777.0625,False
1773600081.6504533,1861,0,0,0,0,8.892595000361325,0.0,0.023685999622102827,7.888660214571429,204.2,777.0625,False
1773600081.7874267,1862,0,0,0,0,8.194998001272324,0.0,0.02461099938955158,7.888660214571429,197.1,777.0625,False
1773600081.9208226,1863,0,0,0,0,8.093664000625722,0.0,0.029443999665090814,7.888660214571429,202.4,777.0625,False
1773600082.0547113,1864,0,0,0,0,8.116053002595436,0.0,0.024982000468298793,7.888660214571429,216.6,777.0625,False
1773600082.1882067,1865,0,0,0,0,8.046979000937426,0.0,0.024167002266040072,6.602527974604666,224.7,777.0625,False
1773600082.322147,1866,0,0,0,0,8.118904999719234,0.0,0.025074001314351335,6.602527974604666,216.6,777.0625,False
1773600082.4579859,1867,0,0,0,0,9.985288001189474,0.0,0.026443998649483547,6.602527974604666,213.5,777.0625,False
1773600082.597193,1868,0,0,0,0,8.598853000876261,0.0,0.027500998839968815,6.602527974604666,208.3,777.0625,False
1773600082.7318373,1869,0,0,0,0,7.883403002779232,0.0,0.02603700340841897,6.602527974604666,208.0,777.0625,False
1773600082.8644419,1870,0,0,0,0,8.216442998673301,0.0,0.025260000256821513,6.602527974604666,203.6,777.0625,False
1773600082.9983292,1871,0,0,0,0,8.078368002315983,0.0,0.02544499875511974,6.602527974604666,216.6,777.0625,False
1773600083.1322188,1872,0,0,0,0,7.949941002152627,0.0,0.024222998035838827,7.884767419509625,224.1,777.0625,False
1773600083.266097,1873,0,0,0,0,8.115127002383815,0.0,0.02735199814196676,7.884767419509625,216.6,777.0625,False
1773600083.39977,1874,0,0,0,0,8.304833001602674,0.0,0.026426001568324864,7.884767419509625,209.5,777.0625,False
1773600083.5339527,1875,0,0,0,0,8.470407999993768,0.0,0.024982000468298793,7.884767419509625,216.1,777.078125,False
1773600083.6674693,1876,0,0,0,0,8.237647001806181,0.0,0.027889000193681568,7.884767419509625,194.7,777.078125,False
1773600083.8009224,1877,0,0,0,0,8.103238000330748,0.0,0.024019002012209967,7.884767419509625,217.3,777.078125,False
1773600083.9309323,1878,0,0,0,0,7.457474999682745,0.0,0.025258999812649563,7.884767419509625,200.0,777.078125,False
1773600084.1108718,1879,0,0,0,0,8.315610000863671,0.0,0.024185999791370705,7.884767419509625,177.9,777.078125,False
1773600084.2462058,1880,0,0,0,0,9.197413000947563,0.0,0.03327800004626624,6.719125968187274,199.6,777.078125,False
1773600084.3861241,1881,0,0,0,0,8.433889001025818,0.0,0.025889003154588863,6.719125968187274,207.2,777.078125,False
1773600084.5208044,1882,0,0,0,0,8.271183000033488,0.0,0.024000000848900527,6.719125968187274,207.9,777.078125,False
1773600084.6551268,1883,0,0,0,0,8.14888600143604,0.0,0.02544399831094779,6.719125968187274,208.5,777.078125,False
1773600084.7895849,1884,0,0,0,0,8.087127000180772,0.0,0.02666700311237946,6.719125968187274,215.7,777.078125,False
1773600084.923632,1885,0,0,0,0,8.506425998348277,0.0,0.03238900171709247,6.719125968187274,216.4,777.078125,False
1773600085.0634198,1886,0,0,0,0,9.15500400151359,0.0,0.024814999051159248,6.719125968187274,228.9,777.078125,False
1773600085.197568,1887,0,0,0,0,8.375277000595815,0.0,0.02331500218133442,7.815985457432149,208.7,777.09375,False
1773600085.3322625,1888,0,0,0,0,8.124922998831607,0.0,0.0268340008915402,7.815985457432149,200.5,777.09375,False
1773600085.466021,1889,0,0,0,0,8.325461996719241,0.0,0.02429699816275388,7.815985457432149,201.8,777.09375,False
1773600085.5998876,1890,0,0,0,0,8.019089000299573,0.0,0.02879600287997164,7.815985457432149,209.2,777.09375,False
1773600085.7338638,1891,0,0,0,0,8.12362700162339,0.0,0.02053700154647231,7.815985457432149,216.5,777.09375,False
1773600085.8673959,1892,0,0,0,0,8.312758000101894,0.0,0.027592999686021358,7.815985457432149,209.7,777.09375,False
1773600086.0017245,1893,0,0,0,0,8.558668003388448,0.0,0.02351800139877014,7.815985457432149,193.5,777.09375,False
1773600086.1352825,1894,0,0,0,0,8.104516000457807,0.0,0.02883300112443976,7.815985457432149,209.7,777.09375,False
1773600086.2689333,1895,0,0,0,0,8.377665999432793,0.0,0.025296001695096493,6.995206779412262,209.5,777.09375,False
1773600086.4024744,1896,0,0,0,0,7.993958999577444,0.0,0.025795998226385564,6.995206779412262,209.7,777.09375,False
1773600086.535887,1897,0,0,0,0,8.137646000250243,0.0,0.027908001356991008,6.995206779412262,209.9,777.09375,False
1773600086.6659975,1898,0,0,0,0,7.575030998850707,0.0,0.023055999918142334,6.995206779412262,199.8,777.09375,False
1773600086.8468955,1899,0,0,0,0,8.457703999738442,0.0,0.024722001398913562,6.995206779412262,171.4,777.09375,False
1773600086.981142,1900,0,0,0,0,8.223886998166563,0.0,0.03477800055406988,6.995206779412262,208.6,777.09375,False
1773600087.1235127,1901,0,0,0,0,8.483814999635797,0.0,0.02609200237202458,6.995206779412262,203.6,777.09375,False
1773600087.2580945,1902,0,0,0,0,8.25744300163933,0.0,0.02322300133528188,7.54823811849416,208.0,777.09375,False
1773600087.3915746,1903,0,0,0,0,8.282610000605928,0.0,0.02433299960102886,7.54823811849416,209.8,777.109375,False
1773600087.5280876,1904,0,0,0,0,8.249313999840524,0.0,0.023944998247316107,7.54823811849416,205.1,777.109375,False
1773600087.6622062,1905,0,0,0,0,8.097478999843588,0.0,0.024575001589255407,7.54823811849416,223.7,777.109375,False
1773600087.796273,1906,0,0,0,0,8.2410909999453,0.0,0.02879699968616478,7.54823811849416,208.8,777.109375,False
1773600087.9300804,1907,0,0,0,0,8.338332001585513,0.0,0.032184998417505994,7.54823811849416,216.8,777.109375,False
1773600088.0648708,1908,0,0,0,0,9.465469996939646,0.0,0.08566799806430936,7.54823811849416,207.7,777.109375,False
1773600088.2037194,1909,0,0,0,0,8.361628999409731,0.0,0.022889002138981596,7.54823811849416,216.0,777.109375,False
1773600088.3388262,1910,0,0,0,0,8.32561000061105,0.0,0.025222998374374583,6.936448610495538,214.7,777.109375,False
1773600088.4734936,1911,0,0,0,0,8.254608997958712,0.0,0.024388999008806422,6.936448610495538,207.9,777.109375,False
1773600088.6063986,1912,0,0,0,0,7.945625999127515,0.0,0.02464900171617046,6.936448610495538,195.6,777.109375,False
1773600088.7409356,1913,0,0,0,0,8.248368998465594,0.0,0.026982001145370305,6.936448610495538,200.7,777.109375,False
1773600088.8737228,1914,0,0,0,0,8.106126999336993,0.0,0.023352000425802544,6.936448610495538,210.8,777.109375,False
1773600089.0070822,1915,0,0,0,0,7.981515002029482,0.0,0.02387000131420791,6.936448610495538,225.0,777.109375,False
1773600089.1409707,1916,0,0,0,0,7.978108002134832,0.0,0.02518499968573451,6.936448610495538,224.1,777.109375,False
1773600089.27416,1917,0,0,0,0,8.03507099772105,0.0,0.024758999643381685,7.945143837833448,225.2,777.109375,False
1773600089.4037724,1918,0,0,0,0,7.389974001853261,0.0,0.023332999262493104,7.945143837833448,200.6,777.109375,False
1773600089.581891,1919,0,0,0,0,8.132183000270743,0.0,0.025888999516610056,7.945143837833448,179.7,777.109375,False
1773600089.71572,1920,0,0,0,0,8.317850999446819,0.0,0.03242599996156059,7.945143837833448,209.2,777.109375,False
1773600089.8530629,1921,0,0,0,0,10.009509998781141,0.0,0.027833000785904005,7.945143837833448,203.8,777.109375,False
1773600089.9917386,1922,0,0,0,0,8.360202999028843,0.0,0.025332999939564615,7.945143837833448,201.9,777.109375,False
1773600090.1252806,1923,0,0,0,0,8.177572002750821,0.0,0.02325900277355686,7.945143837833448,217.1,777.109375,False
1773600090.2586567,1924,0,0,0,0,7.987847999174846,0.0,0.02679699900909327,7.945143837833448,202.5,777.109375,False
1773600090.3923354,1925,0,0,0,0,8.136980002745986,0.0,0.02427799699944444,6.68206417530237,202.0,777.109375,False
1773600090.5263894,1926,0,0,0,0,8.668018999742344,0.0,0.0335750009980984,6.68206417530237,209.0,777.109375,False
1773600090.6632018,1927,0,0,0,0,9.699359998194268,0.0,0.02577800114522688,6.68206417530237,219.3,777.109375,False
1773600090.8026729,1928,0,0,0,0,8.376258996577235,0.0,0.026110999897355214,6.68206417530237,207.8,777.109375,False
1773600090.9412127,1929,0,0,0,0,8.104552998702275,0.0,0.02581500302767381,6.68206417530237,202.1,777.109375,False
1773600091.0802608,1930,0,0,0,0,8.357684000657173,0.0,0.025963003281503916,6.68206417530237,194.2,777.109375,False
1773600091.2142189,1931,0,0,0,0,8.07999800235848,0.0,0.023796997993486002,6.68206417530237,209.0,777.109375,False
1773600091.3475244,1932,0,0,0,0,8.014756000193302,0.0,0.024110999220283702,7.799061354119406,202.5,777.109375,False
1773600091.481579,1933,0,0,0,0,8.277627999632386,0.0,0.02909300019382499,7.799061354119406,223.8,777.109375,False
1773600091.6148415,1934,0,0,0,0,8.240776001912309,0.0,0.02655600110301748,7.799061354119406,210.1,777.109375,False
1773600091.7483807,1935,0,0,0,0,8.04946099742665,0.0,0.028964001103304327,7.799061354119406,209.7,777.109375,False
1773600091.8821332,1936,0,0,0,0,8.088775000942405,0.0,0.02300000051036477,7.799061354119406,201.9,777.109375,False
1773600092.0158837,1937,0,0,0,0,8.397722001973307,0.0,0.02577800114522688,7.799061354119406,216.8,777.109375,False
1773600092.1460426,1938,0,0,0,0,7.5390120000520255,0.0,0.02324100205441937,7.799061354119406,192.1,777.109375,False
1773600092.3220346,1939,0,0,0,0,8.177406001777854,0.0,0.02459299867041409,7.799061354119406,176.2,777.109375,False
1773600092.4555888,1940,0,0,0,0,7.959627000673208,0.0,0.02537099862820469,6.7460041702807185,194.7,777.109375,False
1773600092.5892746,1941,0,0,0,0,8.143424001900712,0.0,0.022074000298744068,6.7460041702807185,202.0,777.109375,False
1773600092.7264793,1942,0,0,0,0,9.80893399901106,0.0,0.03211100192856975,6.7460041702807185,218.6,777.109375,False
1773600092.8656735,1943,0,0,0,0,8.392110998101998,0.0,0.029241000447655097,6.7460041702807185,215.5,777.109375,False
1773600093.0042672,1944,0,0,0,0,7.88547699994524,0.0,0.02331500218133442,6.7460041702807185,209.2,777.109375,False
1773600093.1374085,1945,0,0,0,0,8.222443000704516,0.0,0.022833999537397176,6.7460041702807185,202.8,777.109375,False
1773600093.2718928,1946,0,0,0,0,8.203091001632856,0.0,0.027333000616636127,6.7460041702807185,208.2,777.109375,False
1773600093.4058602,1947,0,0,0,0,8.067553000728367,0.0,0.026963996788254008,7.838243755169813,216.5,777.109375,False
1773600093.53988,1948,0,0,0,0,8.560444999602623,0.0,0.034166998375440016,7.838243755169813,216.4,777.109375,False
1773600093.6790164,1949,0,0,0,0,10.086678001243854,0.0,0.024443997972412035,7.838243755169813,222.7,777.109375,False
1773600093.8151872,1950,0,0,0,0,8.24310899770353,0.0,0.024426000891253352,7.838243755169813,213.0,777.109375,False
1773600093.9516444,1951,0,0,0,0,8.266832002846058,0.0,0.024741002562223002,7.838243755169813,197.9,777.109375,False
1773600094.085915,1952,0,0,0,0,8.377314999961527,0.0,0.025463003112236038,7.838243755169813,193.6,777.109375,False
1773600094.2208402,1953,0,0,0,0,8.180349999747705,0.0,0.0293890007014852,7.838243755169813,214.9,777.109375,False
1773600094.3548028,1954,0,0,0,0,7.758921998174628,0.0,0.02464800127199851,7.838243755169813,186.6,777.109375,False
1773600094.487264,1955,0,0,0,0,7.906162998551736,0.0,0.023537999368272722,6.917821772146888,203.8,777.109375,False
1773600094.621573,1956,0,0,0,0,7.987293000041973,0.0,0.024388999008806422,6.917821772146888,201.0,777.109375,False
1773600094.7536526,1957,0,0,0,0,8.159812998201232,0.0,0.02461199983372353,6.917821772146888,196.8,777.109375,False
1773600094.883656,1958,0,0,0,0,7.498197999666445,0.0,0.022537002223543823,6.917821772146888,223.1,777.109375,False
1773600095.0620866,1959,0,0,0,0,8.292980000987882,0.0,0.0254259975918103,6.917821772146888,173.7,777.125,False
1773600095.1969318,1960,0,0,0,0,9.050947999639902,0.0,0.02766699981293641,6.917821772146888,200.3,777.125,False
1773600095.3381948,1961,0,0,0,0,8.049664000282064,0.0,0.026370998966740444,6.917821772146888,212.3,777.125,False
1773600095.4725986,1962,0,0,0,0,8.304017002956243,0.0,0.023704000341240317,7.58398852900905,200.9,777.125,False
1773600095.6070857,1963,0,0,0,0,8.01838600091287,0.0,0.024184999347198755,7.58398852900905,200.7,777.125,False
1773600095.7408414,1964,0,0,0,0,8.133275998261524,0.0,0.02270400000270456,7.58398852900905,216.8,777.125,False
1773600095.874991,1965,0,0,0,0,8.014459999685641,0.0,0.027295998734189197,7.58398852900905,216.2,777.125,False
1773600096.009079,1966,0,0,0,0,8.358333001524443,0.0,0.03409300188650377,7.58398852900905,208.9,777.125,False
1773600096.1511445,1967,0,0,0,0,7.991737998963799,0.0,0.02494500222383067,7.58398852900905,218.2,777.125,False
1773600096.2856681,1968,0,0,0,0,8.451815003354568,0.0,0.02983399826916866,7.58398852900905,208.1,777.125,False
1773600096.420451,1969,0,0,0,0,8.10246100081713,0.0,0.02601899905130267,7.58398852900905,207.8,777.125,False
1773600096.5536358,1970,0,0,0,0,7.996644999366254,0.0,0.027833000785904005,6.924396812432917,202.7,777.125,False
1773600096.6879127,1971,0,0,0,0,8.253127998614218,0.0,0.025278000975959003,6.924396812432917,216.0,777.125,False
1773600096.82169,1972,0,0,0,0,8.027460000448627,0.0,0.026721998438006267,6.924396812432917,216.8,777.125,False
1773600096.9555266,1973,0,0,0,0,8.172368001396535,0.0,0.023649001377634704,6.924396812432917,216.7,777.125,False
1773600097.089,1974,0,0,0,0,8.051182998315198,0.0,0.02627800131449476,6.924396812432917,217.3,777.125,False
1773600097.2225933,1975,0,0,0,0,8.229350001784042,0.0,0.02631499955896288,6.924396812432917,209.6,777.125,False
1773600097.3561826,1976,0,0,0,0,8.167645999492379,0.0,0.02911200135713443,6.924396812432917,209.6,777.125,False
1773600097.490003,1977,0,0,0,0,8.416406999458559,0.0,0.026204001187579706,7.948294350776449,216.7,777.125,False
1773600097.6202693,1978,0,0,0,0,7.391789000394056,0.0,0.02357500125071965,7.948294350776449,191.9,777.125,False
1773600097.7988036,1979,0,0,0,0,8.34979600040242,0.0,0.025019002350745723,7.948294350776449,173.6,777.125,False
1773600097.9326854,1980,0,0,0,0,8.44975899963174,0.0,0.022425996576203033,7.948294350776449,209.6,777.125,False
1773600098.0712364,1981,0,0,0,0,8.394074000534602,0.0,0.025036999431904405,7.948294350776449,208.9,777.125,False
1773600098.2065506,1982,0,0,0,0,8.364184999663848,0.0,0.025111003196798265,7.948294350776449,207.2,777.125,False
1773600098.3408985,1983,0,0,0,0,8.380462000786792,0.0,0.023388998670270666,7.948294350776449,200.7,777.125,False
1773600098.4759216,1984,0,0,0,0,8.059996998781571,0.0,0.023702999897068366,7.948294350776449,200.0,777.125,False
1773600098.612411,1985,0,0,0,0,8.204034998925636,0.0,0.028925998776685447,6.672025473573123,205.1,777.125,False
1773600098.7462702,1986,0,0,0,0,8.290091001981637,0.0,0.022871001419844106,6.672025473573123,209.2,777.125,False
1773600098.8796477,1987,0,0,0,0,8.11194199923193,0.0,0.023888998839538544,6.672025473573123,194.9,777.125,False
1773600099.013436,1988,0,0,0,0,7.988312001543818,0.0,0.025258999812649563,6.672025473573123,224.2,777.15625,False
1773600099.147296,1989,0,0,0,0,8.090035000350326,0.0,0.024111999664455652,6.672025473573123,194.2,777.15625,False
1773600099.28096,1990,0,0,0,0,8.619686002930393,0.0,0.034962999052368104,6.672025473573123,224.6,777.15625,False
1773600099.4163556,1991,0,0,0,0,9.63315500121098,0.0,0.02855600178008899,6.672025473573123,206.8,777.15625,False
1773600099.5573912,1992,0,0,0,0,8.133849998557707,0.0,0.02879700332414359,7.856721690796065,226.8,777.15625,False
1773600099.6916401,1993,0,0,0,0,8.475739999994403,0.0,0.02903700078604743,7.856721690796065,208.6,777.15625,False
1773600099.8265524,1994,0,0,0,0,8.019682001759065,0.0,0.023796997993486002,7.856721690796065,200.1,777.15625,False
1773600099.959883,1995,0,0,0,0,8.191423999960534,0.0,0.0243520007643383,7.856721690796065,217.5,777.15625,False
1773600100.0933013,1996,0,0,0,0,8.148848999553593,0.0,0.02572300218162127,7.856721690796065,209.9,777.15625,False
1773600100.226638,1997,0,0,0,0,8.212073000322562,0.0,0.025296001695096493,7.856721690796065,202.5,777.15625,False
1773600100.3571072,1998,0,0,0,0,7.593493999593193,0.0,0.022166997950989753,7.856721690796065,222.2,777.15625,False
1773600100.5467424,1999,0,0,0,0,8.2805539968831,0.0,0.024852000933606178,7.856721690796065,163.5,777.15625,False
1773600100.6807175,2000,0,0,0,0,8.108997000817908,0.0,0.023704000341240317,6.649819021978054,209.0,777.15625,False
1773600100.8188894,2001,0,0,0,0,8.18214700120734,0.0,0.02577800114522688,6.649819021978054,188.2,777.15625,False
1773600100.957781,2002,0,0,0,0,8.422573999268934,0.0,0.02322200089110993,6.649819021978054,216.0,777.15625,False
1773600101.0929,2003,0,0,0,0,8.018459997401806,0.0,0.026055997295770794,6.649819021978054,199.8,777.15625,False
1773600101.2263267,2004,0,0,0,0,8.063312001468148,0.0,0.02738900002441369,6.649819021978054,209.9,777.15625,False
1773600101.3602648,2005,0,0,0,0,8.269832000223687,0.0,0.022555999748874456,6.649819021978054,224.0,777.15625,False
1773600101.499982,2006,0,0,0,0,7.756939998216694,0.0,0.027684996894095093,6.649819021978054,207.6,777.15625,False
1773600101.6343424,2007,0,0,0,0,8.410906997596612,0.0,0.02592699820525013,7.810451074860094,208.4,777.15625,False
1773600101.7691584,2008,0,0,0,0,8.41390699861222,0.0,0.024537002900615335,7.810451074860094,200.2,777.15625,False
1773600101.9031882,2009,0,0,0,0,8.166165000147885,0.0,0.02459299867041409,7.810451074860094,216.4,777.15625,False
1773600102.0366876,2010,0,0,0,0,8.041812001465587,0.0,0.028370999643811956,7.810451074860094,224.8,777.15625,False
1773600102.1706514,2011,0,0,0,0,8.294758001284208,0.0,0.02633300027810037,7.810451074860094,216.4,777.15625,False
1773600102.3049624,2012,0,0,0,0,8.630796997749712,0.0,0.022648000594926998,7.810451074860094,201.0,777.15625,False
1773600102.4403987,2013,0,0,0,0,8.695131000422407,0.0,0.03101900074398145,7.810451074860094,184.6,777.15625,False
1773600102.5744963,2014,0,0,0,0,8.58294499994372,0.0,0.02490800034138374,7.810451074860094,201.3,777.15625,False
1773600102.7079334,2015,0,0,0,0,8.348424998985138,0.0,0.029167000320740044,6.978488712177338,194.9,777.15625,False
1773600102.8413286,2016,0,0,0,0,8.145460997184273,0.0,0.02274100188515149,6.978488712177338,209.9,777.15625,False
1773600102.9748738,2017,0,0,0,0,8.25292399895261,0.0,0.025408000510651618,6.978488712177338,202.2,777.15625,False
1773600103.1048887,2018,0,0,0,0,7.434122999256942,0.0,0.024463002773700282,6.978488712177338,200.0,777.15625,False
1773600103.2949474,2019,0,0,0,0,8.433426002738997,0.0,0.023944001441122964,6.978488712177338,168.3,777.15625,False
1773600103.4318223,2020,0,0,0,0,10.172677000809927,0.0,0.029852002626284957,6.978488712177338,211.9,777.15625,False
1773600103.56901,2021,0,0,0,0,8.426481002970831,0.0,0.029999999242136255,6.978488712177338,211.3,777.15625,False
1773600103.7035832,2022,0,0,0,0,8.471369998005684,0.0,0.024740998924244195,7.503312761393299,208.0,777.15625,False
1773600103.8378985,2023,0,0,0,0,7.927923001261661,0.0,0.02324099841644056,7.503312761393299,208.5,777.15625,False
1773600103.9717634,2024,0,0,0,0,8.13220100098988,0.0,0.02433400004520081,7.503312761393299,209.2,777.15625,False
1773600104.1060176,2025,0,0,0,0,8.40079599947785,0.0,0.02377800046815537,7.503312761393299,223.5,777.15625,False
1773600104.241068,2026,0,0,0,0,9.391506002430106,0.0,0.03487099820631556,7.503312761393299,222.2,777.15625,False
1773600104.3769093,2027,0,0,0,0,10.16499199977261,0.0,0.02518499968573451,7.503312761393299,206.1,777.15625,False
1773600104.5170903,2028,0,0,0,0,8.40761000290513,0.0,0.02125999890267849,7.503312761393299,213.9,777.15625,False
1773600104.652226,2029,0,0,0,0,8.770835000177613,0.0,0.024962999304989353,7.503312761393299,207.2,777.15625,False
1773600104.785881,2030,0,0,0,0,8.15377599792555,0.0,0.025407000066479668,6.9179896635883,217.0,777.171875,False
1773600104.9197187,2031,0,0,0,0,8.05910900089657,0.0,0.02383299943176098,6.9179896635883,216.6,777.171875,False
1773600105.0534613,2032,0,0,0,0,7.975552001880715,0.0,0.022538002667715773,6.9179896635883,224.3,777.171875,False
1773600105.1875193,2033,0,0,0,0,8.116552999126725,0.0,0.030647999665234238,6.9179896635883,231.3,777.171875,False
1773600105.3209472,2034,0,0,0,0,8.35323999854154,0.0,0.024167002266040072,6.9179896635883,217.3,777.171875,False
1773600105.4544153,2035,0,0,0,0,8.172108999133343,0.0,0.026870999136008322,6.9179896635883,202.3,777.171875,False
1773600105.587626,2036,0,0,0,0,7.839941001293482,0.0,0.023906999558676034,6.9179896635883,210.2,777.171875,False
1773600105.7208703,2037,0,0,0,0,8.158516000548843,0.0,0.024408000172115862,7.956872098378056,217.6,777.171875,False
1773600105.8511689,2038,0,0,0,0,7.545215998106869,0.0,0.02390700319665484,7.956872098378056,191.9,777.171875,False
1773600106.031059,2039,0,0,0,0,8.336221999343252,0.0,0.026462999812792987,7.956872098378056,177.9,777.171875,False
1773600106.1649432,2040,0,0,0,0,8.032386002014391,0.0,0.02240799949504435,7.956872098378056,209.1,777.171875,False
1773600106.3010352,2041,0,0,0,0,10.565346998191671,0.0,0.02713000139920041,7.956872098378056,198.5,777.171875,False
1773600106.4409404,2042,0,0,0,0,8.549964000849286,0.0,0.02349999704165384,7.956872098378056,214.4,777.171875,False
1773600106.5776706,2043,0,0,0,0,8.386461999180028,0.0,0.023167001927504316,7.956872098378056,204.8,777.171875,False
1773600106.7135117,2044,0,0,0,0,8.413981999183306,0.0,0.023648000933462754,7.956872098378056,191.4,777.171875,False
1773600106.8511353,2045,0,0,0,0,8.166423998773098,0.0,0.02599999788799323,6.607968238678052,203.5,777.171875,False
1773600106.985142,2046,0,0,0,0,8.14547899790341,0.0,0.023352000425802544,6.607968238678052,208.9,777.171875,False
1773600107.1190772,2047,0,0,0,0,8.184258000255795,0.0,0.025240999093512073,6.607968238678052,224.0,777.171875,False
1773600107.252959,2048,0,0,0,0,8.392315001401585,0.0,0.025907000235747546,6.607968238678052,216.7,777.171875,False
1773600107.389038,2049,0,0,0,0,10.117493002326228,0.0,0.03468500290182419,6.607968238678052,227.9,777.171875,False
1773600107.5291362,2050,0,0,0,0,8.044997000979492,0.0,0.03155599915771745,6.607968238678052,214.0,777.171875,False
1773600107.6641557,2051,0,0,0,0,8.383221000258345,0.0,0.0268340008915402,6.607968238678052,200.0,777.171875,False
1773600107.8038843,2052,0,0,0,0,8.038164000026882,0.0,0.0273709993052762,7.815220874853732,193.3,777.171875,False
1773600107.9383776,2053,0,0,0,0,8.166775998688536,0.0,0.02461099938955158,7.815220874853732,215.6,777.171875,False
1773600108.0717728,2054,0,0,0,0,7.962958999996772,0.0,0.025907000235747546,7.815220874853732,232.4,777.171875,False
1773600108.2052174,2055,0,0,0,0,8.285905998491216,0.0,0.024426000891253352,7.815220874853732,224.8,777.171875,False
1773600108.3397307,2056,0,0,0,0,8.570520003559068,0.0,0.02568600029917434,7.815220874853732,200.7,777.171875,False
1773600108.4730952,2057,0,0,0,0,8.174572001735214,0.0,0.0240379995375406,7.815220874853732,202.4,777.171875,False
1773600108.6034389,2058,0,0,0,0,7.466456001566257,0.0,0.02298199979122728,7.815220874853732,199.5,777.171875,False
1773600108.7829943,2059,0,0,0,0,8.155830997566227,0.0,0.02736999886110425,7.815220874853732,178.2,777.171875,False
1773600108.916785,2060,0,0,0,0,8.043330999498721,0.0,0.0629820024187211,6.71529163131014,209.3,777.171875,False
1773600109.050581,2061,0,0,0,0,7.962608000525506,0.0,0.022797001292929053,6.71529163131014,194.3,777.171875,False
1773600109.184416,2062,0,0,0,0,8.220850002544466,0.0,0.02768600097624585,6.71529163131014,201.8,777.171875,False
1773600109.3193078,2063,0,0,0,0,9.450043999095215,0.0,0.030833001801511273,6.71529163131014,207.6,777.171875,False
1773600109.4613652,2064,0,0,0,0,8.284849998744903,0.0,0.02618599683046341,6.71529163131014,225.2,777.171875,False
1773600109.595958,2065,0,0,0,0,8.399424998060567,0.0,0.024685999960638583,6.71529163131014,208.0,777.171875,False
1773600109.7302065,2066,0,0,0,0,8.098775000689784,0.0,0.025036999431904405,6.71529163131014,193.7,777.171875,False
1773600109.864108,2067,0,0,0,0,7.9661449999548495,0.0,0.02298199979122728,7.859620192737874,209.1,777.171875,False
1773600109.9974127,2068,0,0,0,0,8.012699996470474,0.0,0.026130001060664654,7.859620192737874,210.1,777.171875,False
1773600110.1314802,2069,0,0,0,0,7.98734899944975,0.0,0.025240999093512073,7.859620192737874,208.9,777.171875,False
1773600110.265052,2070,0,0,0,0,8.034219998080516,0.0,0.023741002223687246,7.859620192737874,209.6,777.171875,False
1773600110.3989828,2071,0,0,0,0,8.211183001549216,0.0,0.024315002519870177,7.859620192737874,209.1,777.171875,False
1773600110.5323708,2072,0,0,0,0,8.02696000027936,0.0,0.03649999780463986,7.859620192737874,209.9,777.171875,False
1773600110.6680562,2073,0,0,0,0,9.741026999108726,0.0,0.030685001547681168,7.859620192737874,228.5,777.1875,False
1773600110.8072534,2074,0,0,0,0,8.345833000930725,0.0,0.028869999368907884,7.859620192737874,215.4,777.1875,False
1773600110.9419825,2075,0,0,0,0,8.278221001091879,0.0,0.02520400084904395,6.953846649402128,215.2,777.1875,False
1773600111.078894,2076,0,0,0,0,8.364222001546295,0.0,0.023982000129763037,6.953846649402128,197.2,777.1875,False
1773600111.2133434,2077,0,0,0,0,7.959663002111483,0.0,0.02375999974901788,6.953846649402128,208.2,777.1875,False
1773600111.3434856,2078,0,0,0,0,7.536179000453558,0.0,0.02379600118729286,6.953846649402128,222.8,777.1875,False
1773600111.5346596,2079,0,0,0,0,8.145867999701295,0.0,0.025260000256821513,6.953846649402128,172.6,777.1875,False
1773600111.6689668,2080,0,0,0,0,8.742947000428103,0.0,0.033037998946383595,6.953846649402128,208.5,777.1875,False
1773600111.8082473,2081,0,0,0,0,8.218794002459617,0.0,0.022500000341096893,6.953846649402128,201.0,777.1875,False
1773600111.9451125,2082,0,0,0,0,8.447239997622091,0.0,0.024685999960638583,6.983453378754125,219.2,777.1875,False
1773600112.0795171,2083,0,0,0,0,8.364555000298424,0.0,0.0262970024778042,6.983453378754125,200.9,777.1875,False
1773600112.214206,2084,0,0,0,0,7.895088998338906,0.0,0.02385200059507042,6.983453378754125,207.9,777.1875,False
1773600112.3474844,2085,0,0,0,0,8.258703001047252,0.0,0.024517998099327087,6.983453378754125,202.6,777.1875,False
1773600112.4812179,2086,0,0,0,0,8.086423000349896,0.0,0.027908001356991008,6.983453378754125,209.4,777.1875,False
1773600112.615133,2087,0,0,0,0,8.053904999542283,0.0,0.025538000045344234,6.983453378754125,194.1,777.1875,False
1773600112.7487912,2088,0,0,0,0,7.954959000926465,0.0,0.06244500036700629,6.983453378754125,217.0,777.1875,False
1773600112.882457,2089,0,0,0,0,7.988848999957554,0.0,0.028943999495822936,7.926373597299861,209.5,777.1875,False
1773600113.016422,2090,0,0,0,0,8.699668000190286,0.0,0.02935200245701708,7.926373597299861,216.5,777.1875,False
1773600113.1600175,2091,0,0,0,0,8.381906001886819,0.0,0.02568600029917434,7.926373597299861,201.9,777.1875,False
1773600113.2944245,2092,0,0,0,0,8.340628999576438,0.0,0.024517998099327087,7.926373597299861,208.3,777.1875,False
1773600113.4290283,2093,0,0,0,0,8.168849999492522,0.0,0.027166999643668532,7.926373597299861,200.6,777.1875,False
1773600113.562127,2094,0,0,0,0,8.117348999803653,0.0,0.025722001737449318,7.926373597299861,217.9,777.1875,False
1773600113.695723,2095,0,0,0,0,8.080737999989651,0.0,0.023370997951133177,7.926373597299861,202.1,777.1875,False
1773600113.8291585,2096,0,0,0,0,8.185201997548575,0.0,0.02577800114522688,7.926373597299861,217.3,777.1875,False
1773600113.962272,2097,0,0,0,0,8.127516000968171,0.0,0.022814998374087736,6.933359278215886,202.8,777.1875,False
1773600114.0923235,2098,0,0,0,0,7.469456999388058,0.0,0.023055999918142334,6.933359278215886,207.6,777.1875,False
1773600114.2795622,2099,0,0,0,0,8.314924998558126,0.0,0.025240999093512073,6.933359278215886,176.3,777.1875,False
1773600114.4148314,2100,0,0,0,0,9.493246998317773,0.0,0.03074100095545873,6.933359278215886,207.1,777.1875,False
1773600114.5562325,2101,0,0,0,0,8.315831997606438,0.0,0.02505599695723504,6.933359278215886,219.2,777.1875,False
1773600114.691116,2102,0,0,0,0,8.250164999481058,0.0,0.022481999621959403,6.933359278215886,207.5,777.203125,False
1773600114.8256757,2103,0,0,0,0,8.1041270022979,0.0,0.02305600355612114,6.933359278215886,208.1,777.203125,False
1773600114.963748,2104,0,0,0,0,8.164053997461451,0.0,0.023371001589111984,7.464726761459512,188.3,777.203125,False
1773600115.097707,2105,0,0,0,0,8.094683002127567,0.0,0.025314999220427126,7.464726761459512,216.5,777.203125,False
1773600115.2321959,2106,0,0,0,0,8.425500000157626,0.0,0.03368599936948158,7.464726761459512,208.3,777.203125,False
1773600115.3670104,2107,0,0,0,0,9.456692001549527,0.0,0.034223001421196386,7.464726761459512,222.5,777.203125,False
1773600115.5077062,2108,0,0,0,0,8.316516999911983,0.0,0.029482001991709694,7.464726761459512,213.2,777.203125,False
1773600115.642438,2109,0,0,0,0,8.070718999078963,0.0,0.02516699896659702,7.464726761459512,215.2,777.203125,False
1773600115.7758098,2110,0,0,0,0,8.176016999641433,0.0,0.026277997676515952,7.464726761459512,194.9,777.203125,False
1773600115.9094582,2111,0,0,0,0,8.048405001318315,0.0,0.025352001102874056,7.464726761459512,217.0,777.203125,False
1773600116.0434434,2112,0,0,0,0,8.11209000312374,0.0,0.024740998924244195,6.937109095252283,231.4,777.203125,False
1773600116.1772678,2113,0,0,0,0,8.105275002890266,0.0,0.025278000975959003,6.937109095252283,224.2,777.203125,False
1773600116.3104455,2114,0,0,0,0,7.981737999216421,0.0,0.027703998057404533,6.937109095252283,210.3,777.203125,False
1773600116.4439502,2115,0,0,0,0,8.335276997968322,0.0,0.027703998057404533,6.937109095252283,209.7,777.203125,False
1773600116.577387,2116,0,0,0,0,8.175406001100782,0.0,0.02322300133528188,6.937109095252283,217.3,777.203125,False
1773600116.7103326,2117,0,0,0,0,8.10194200312253,0.0,0.027500002033775672,6.937109095252283,210.6,777.203125,False
1773600116.8402815,2118,0,0,0,0,7.411047998175491,0.0,0.022036998416297138,6.937109095252283,192.4,777.203125,False
1773600117.018354,2119,0,0,0,0,8.369499002583325,0.0,0.023926000721985474,7.651553025897827,179.7,777.203125,False
1773600117.152372,2120,0,0,0,0,8.796279998932732,0.0,0.03101900074398145,7.651553025897827,209.0,777.203125,False
1773600117.293284,2121,0,0,0,0,8.125904998451006,0.0,0.027852001949213445,7.651553025897827,212.8,777.203125,False
1773600117.4290278,2122,0,0,0,0,8.373832002689596,0.0,0.024740002118051052,7.651553025897827,213.6,777.203125,False
1773600117.5635476,2123,0,0,0,0,8.077589998720214,0.0,0.025499997718725353,7.651553025897827,193.3,777.203125,False
1773600117.6972816,2124,0,0,0,0,8.131979000609135,0.0,0.023814998712623492,7.651553025897827,216.8,777.203125,False
1773600117.8313456,2125,0,0,0,0,8.175219998520333,0.0,0.024796001525828615,7.651553025897827,223.8,777.203125,False
1773600117.9655993,2126,0,0,0,0,8.251053997810232,0.0,0.02524100273149088,7.651553025897827,216.0,777.203125,False
1773600118.0988016,2127,0,0,0,0,7.997903998330003,0.0,0.037500001781154424,6.9293502016016735,210.3,777.203125,False
1773600118.2322998,2128,0,0,0,0,8.021552999707637,0.0,0.03322200063848868,6.9293502016016735,209.8,777.203125,False
1773600118.3662536,2129,0,0,0,0,8.237702000769787,0.0,0.02653699993970804,6.9293502016016735,223.9,777.203125,False
1773600118.5017111,2130,0,0,0,0,9.894194001390133,0.0,0.03209300120943226,6.9293502016016735,221.5,777.203125,False
1773600118.640345,2131,0,0,0,0,8.262702001957223,0.0,0.02518499968573451,6.9293502016016735,201.9,777.203125,False
1773600118.77936,2132,0,0,0,0,8.338480001839343,0.0,0.023982000129763037,6.9293502016016735,208.6,777.203125,False
1773600118.9153864,2133,0,0,0,0,8.177813000656897,0.0,0.02388900247751735,6.9293502016016735,205.8,777.203125,False
1773600119.049702,2134,0,0,0,0,7.902459001343232,0.0,0.022555002942681313,7.8342158016858034,201.0,777.203125,False
1773600119.1841016,2135,0,0,0,0,8.068183000432327,0.0,0.022501000785268843,7.8342158016858034,193.5,777.203125,False
1773600119.31989,2136,0,0,0,0,7.955347999086371,0.0,0.028500002372311428,7.8342158016858034,198.8,777.203125,False
1773600119.4529681,2137,0,0,0,0,8.108980000542942,0.0,0.024982000468298793,7.8342158016858034,217.9,777.203125,False
1773600119.5832725,2138,0,0,0,0,7.482883000193397,0.0,0.022944001102587208,7.8342158016858034,214.9,777.203125,False
1773600119.7706094,2139,0,0,0,0,8.356277001439594,0.0,0.02350000067963265,7.8342158016858034,170.8,777.203125,False
1773600119.9043524,2140,0,0,0,0,8.060516000114148,0.0,0.02353699892410077,7.8342158016858034,201.9,777.203125,False
1773600120.0380387,2141,0,0,0,0,8.018442000320647,0.0,0.023908000002847984,7.8342158016858034,202.7,777.203125,False
1773600120.175266,2142,0,0,0,0,9.694230000604875,0.0,0.028315000236034393,6.65271204464186,210.7,777.203125,False
1773600120.3120458,2143,0,0,0,0,8.320869001181563,0.0,0.02292600038344972,6.65271204464186,212.0,777.203125,False
1773600120.4464495,2144,0,0,0,0,7.8987739980220795,0.0,0.02351800139877014,6.65271204464186,200.9,777.203125,False
1773600120.580288,2145,0,0,0,0,8.08262700229534,0.0,0.024797001970000565,6.65271204464186,201.7,777.203125,False
1773600120.7143764,2146,0,0,0,0,8.153331000357866,0.0,0.028870999813079834,6.65271204464186,216.3,777.203125,False
1773600120.848212,2147,0,0,0,0,8.289721001347061,0.0,0.02261199915665202,6.65271204464186,216.6,777.203125,False
1773600120.9817495,2148,0,0,0,0,8.135608997690724,0.0,0.024832999770296738,6.65271204464186,209.7,777.203125,False
1773600121.1159527,2149,0,0,0,0,8.554259002266917,0.0,0.03292600013082847,7.889659985285553,216.1,777.203125,False
1773600121.2533264,2150,0,0,0,0,10.262345000228379,0.0,0.02546299947425723,7.889659985285553,211.1,777.203125,False
1773600121.3926675,2151,0,0,0,0,8.939835999626666,0.0,0.024758999643381685,7.889659985285553,208.2,777.203125,False
1773600121.5284498,2152,0,0,0,0,8.270387999800732,0.0,0.02298099934705533,7.889659985285553,206.1,777.203125,False
1773600121.6632774,2153,0,0,0,0,8.47611100107315,0.0,0.029222999728517607,7.889659985285553,200.3,777.203125,False
1773600121.7980514,2154,0,0,0,0,8.149813002091832,0.0,0.02492600106052123,7.889659985285553,215.2,777.203125,False
1773600121.9320612,2155,0,0,0,0,8.026589999644784,0.0,0.023313998099183664,7.889659985285553,209.0,777.203125,False
1773600122.065445,2156,0,0,0,0,8.103497999400133,0.0,0.022796000848757103,7.889659985285553,202.4,777.203125,False
1773600122.1989653,2157,0,0,0,0,8.088923001196235,0.0,0.02633400072227232,6.91173428923269,217.2,777.203125,False
1773600122.329441,2158,0,0,0,0,7.4607349997677375,0.0,0.0229439974646084,6.91173428923269,214.6,777.21875,False
1773600122.5159044,2159,0,0,0,0,8.211313001083909,0.0,0.024832999770296738,6.91173428923269,171.6,777.21875,False
1773600122.650251,2160,0,0,0,0,8.452647998637985,0.0,0.022184998670127243,6.91173428923269,201.0,777.21875,False
1773600122.7878416,2161,0,0,0,0,10.224621997622307,0.0,0.024148997908923775,6.91173428923269,218.0,777.21875,False
1773600122.9262235,2162,0,0,0,0,8.224795001297025,0.0,0.029943999834358692,6.91173428923269,202.4,777.21875,False
1773600123.061217,2163,0,0,0,0,8.256740002252627,0.0,0.022833002731204033,6.91173428923269,214.8,777.21875,False
1773600123.1958702,2164,0,0,0,0,8.292017002531793,0.0,0.026388999685877934,7.496429780241753,208.0,777.21875,False
1773600123.3294322,2165,0,0,0,0,8.180924000043888,0.0,0.02770300125121139,7.496429780241753,209.6,777.21875,False
1773600123.4639897,2166,0,0,0,0,8.379351998883067,0.0,0.031333998776972294,7.496429780241753,208.1,777.21875,False
1773600123.5975971,2167,0,0,0,0,8.13675699828309,0.0,0.02429699816275388,7.496429780241753,217.1,777.21875,False
1773600123.7344685,2168,0,0,0,0,10.385438999946928,0.0,0.023851996957091615,7.496429780241753,219.1,777.21875,False
1773600123.8738678,2169,0,0,0,0,8.356091999303317,0.0,0.02681499972823076,7.496429780241753,208.0,777.21875,False
1773600124.0083861,2170,0,0,0,0,7.8707000029680785,0.0,0.024259999918285757,7.496429780241753,200.7,777.21875,False
1773600124.1417632,2171,0,0,0,0,8.176441999239614,0.0,0.024814999051159248,7.496429780241753,217.4,777.21875,False
1773600124.2755086,2172,0,0,0,0,8.090498002275126,0.0,0.027740999939851463,6.936373228173082,201.9,777.21875,False
1773600124.4094064,2173,0,0,0,0,8.116461001918651,0.0,0.027555997803574428,6.936373228173082,216.6,777.234375,False
1773600124.5427592,2174,0,0,0,0,8.297499000036623,0.0,0.030610997782787308,6.936373228173082,217.4,777.234375,False
1773600124.6763353,2175,0,0,0,0,8.419055000558728,0.0,0.02714900256250985,6.936373228173082,202.1,777.234375,False
1773600124.8098848,2176,0,0,0,0,7.970996997755719,0.0,0.02590799704194069,6.936373228173082,209.6,777.234375,False
1773600124.9429765,2177,0,0,0,0,8.315572998981224,0.0,0.02598200080683455,6.936373228173082,202.9,777.234375,False
1773600125.0730653,2178,0,0,0,0,7.470382999599678,0.0,0.023407999833580106,6.936373228173082,192.1,777.234375,False
1773600125.2590976,2179,0,0,0,0,8.298127999296412,0.0,0.02379600118729286,7.589673436077831,172.0,777.234375,False
1773600125.394666,2180,0,0,0,0,9.495432997937314,0.0,0.033333999454043806,7.589673436077831,206.6,777.234375,False
1773600125.5334034,2181,0,0,0,0,8.620611999504035,0.0,0.029815000743838027,7.589673436077831,216.1,777.234375,False
1773600125.6678162,2182,0,0,0,0,7.942088999698171,0.0,0.025332999939564615,7.589673436077831,193.4,777.234375,False
1773600125.800864,2183,0,0,0,0,8.01588600006653,0.0,0.023427000996889547,7.589673436077831,225.5,777.234375,False
1773600125.935002,2184,0,0,0,0,8.220609997806605,0.0,0.025777997507248074,7.589673436077831,208.7,777.234375,False
1773600126.0702462,2185,0,0,0,0,9.793916000489844,0.0,0.029332997655728832,7.589673436077831,229.3,777.234375,False
1773600126.209494,2186,0,0,0,0,8.392461997573264,0.0,0.027907000912819058,7.589673436077831,215.4,777.234375,False
1773600126.3441114,2187,0,0,0,0,7.8807739992043935,0.0,0.028889000532217324,6.901897802051331,208.0,777.234375,False
1773600126.4776144,2188,0,0,0,0,8.401667000725865,0.0,0.026148001779802144,6.901897802051331,217.2,777.234375,False
1773600126.6114256,2189,0,0,0,0,8.089997001661686,0.0,0.024130000383593142,6.901897802051331,216.8,777.234375,False
1773600126.7459064,2190,0,0,0,0,8.671315998071805,0.0,0.025907000235747546,6.901897802051331,215.6,777.234375,False
1773600126.8801055,2191,0,0,0,0,8.272794999356847,0.0,0.025908000679919496,6.901897802051331,208.7,777.234375,False
1773600127.0134072,2192,0,0,0,0,8.147238000674406,0.0,0.025945002562366426,6.901897802051331,210.0,777.234375,False
1773600127.1472607,2193,0,0,0,0,8.506686001055641,0.0,0.02812999809975736,6.901897802051331,216.7,777.234375,False
1773600127.2811007,2194,0,0,0,0,8.594519000325818,0.0,0.021425999875646085,7.93820233756869,209.2,777.234375,False
1773600127.4147651,2195,0,0,0,0,8.381018000363838,0.0,0.024722001398913562,7.93820233756869,194.5,777.234375,False
1773600127.5481772,2196,0,0,0,0,8.195627000532113,0.0,0.02359300196985714,7.93820233756869,217.4,777.234375,False
1773600127.681888,2197,0,0,0,0,8.160164001310477,0.0,0.02596299964352511,7.93820233756869,201.9,777.234375,False
1773600127.811841,2198,0,0,0,0,7.4329009985376615,0.0,0.022611002350458875,7.93820233756869,200.1,777.234375,False
1773600127.9981248,2199,0,0,0,0,8.454463000816759,0.0,0.026778001483762637,7.93820233756869,177.2,777.234375,False
1773600128.136896,2200,0,0,0,0,8.679520000441698,0.0,4.100934998859884,7.93820233756869,209.0,777.234375,False
1773600128.2740798,2201,0,0,0,0,8.505371002684115,0.0,0.027722999220713973,7.93820233756869,211.3,777.234375,False
1773600128.4091897,2202,0,0,0,0,8.256257999164518,0.0,0.02268599928356707,6.623395508608459,214.6,777.234375,False
1773600128.5424554,2203,0,0,0,0,8.252461997471983,0.0,0.023592998331878334,6.623395508608459,202.6,777.234375,False
1773600128.676674,2204,0,0,0,0,8.099405000393745,0.0,0.026685000193538144,6.623395508608459,216.1,777.234375,False
1773600128.813277,2205,0,0,0,0,10.272067000187235,0.0,0.02905600194935687,6.623395508608459,219.6,777.234375,False
1773600128.9516778,2206,0,0,0,0,8.320424996782094,0.0,0.02463000055286102,6.623395508608459,209.5,777.234375,False
1773600129.0860996,2207,0,0,0,0,8.138590001181,0.0,0.024537999706808478,6.623395508608459,200.8,777.234375,False
1773600129.220192,2208,0,0,0,0,8.237035999627551,0.0,0.025834000553004444,6.623395508608459,223.7,777.234375,False
1773600129.3544288,2209,0,0,0,0,8.303146998514421,0.0,0.02342599691473879,7.870602339382928,223.5,777.234375,False
1773600129.4882276,2210,0,0,0,0,8.07014499878278,0.0,0.029443999665090814,7.870602339382928,201.8,777.234375,False
1773600129.6222599,2211,0,0,0,0,8.318572999996832,0.0,0.024703997041797265,7.870602339382928,201.4,777.234375,False
1773600129.7561982,2212,0,0,0,0,8.535093002137728,0.0,0.026796002202900127,7.870602339382928,209.1,777.234375,False
1773600129.8907435,2213,0,0,0,0,8.508573999279179,0.0,0.028889000532217324,7.870602339382928,193.3,777.234375,False
1773600130.0239906,2214,0,0,0,0,8.252127998275682,0.0,0.0243520007643383,7.870602339382928,210.1,777.234375,False
1773600130.1576052,2215,0,0,0,0,8.311647998198168,0.0,0.024518998543499038,7.870602339382928,202.1,777.234375,False
1773600130.2915552,2216,0,0,0,0,8.380295999813825,0.0,0.025371002266183496,7.870602339382928,209.1,777.234375,False
1773600130.4253697,2217,0,0,0,0,8.434444000158692,0.0,0.02711100023589097,6.998324795223616,209.2,777.234375,False
1773600130.5556934,2218,0,0,0,0,7.4757160000444856,0.0,0.02359300196985714,6.998324795223616,191.8,777.234375,False
1773600130.7466664,2219,0,0,0,0,8.294758001284208,0.0,0.024723001843085513,6.998324795223616,172.8,777.234375,False
1773600130.8812284,2220,0,0,0,0,8.427556000242475,0.0,0.02461199983372353,6.998324795223616,193.2,777.234375,False
1773600131.020635,2221,0,0,0,0,8.0537940011709,0.0,0.02568499985500239,6.998324795223616,208.1,777.234375,False
1773600131.157754,2222,0,0,0,0,8.461834000627277,0.0,0.02601899905130267,6.998324795223616,218.7,777.234375,False
1773600131.2922494,2223,0,0,0,0,8.150830999511527,0.0,0.024666998797329143,6.998324795223616,200.7,777.234375,False
1773600131.425872,2224,0,0,0,0,8.221665000746725,0.0,0.026686000637710094,6.994236926360726,209.6,777.234375,False
1773600131.5647588,2225,0,0,0,0,8.673815998918144,0.0,0.024722001398913562,6.994236926360726,215.4,777.234375,False
1773600131.7046132,2226,0,0,0,0,8.39098099822877,0.0,0.026907000574283302,6.994236926360726,208.2,777.234375,False
1773600131.8386657,2227,0,0,0,0,8.445741001196438,0.0,0.025129000277956948,6.994236926360726,208.8,777.234375,False
1773600131.9737751,2228,0,0,0,0,7.959162998304237,0.0,0.028075002774130553,6.994236926360726,192.4,777.234375,False
1773600132.1073315,2229,0,0,0,0,8.346591999725206,0.0,0.02379600118729286,6.994236926360726,202.2,777.234375,False
1773600132.2414553,2230,0,0,0,0,8.148201999574667,0.0,0.024796998332021758,6.994236926360726,216.2,777.234375,False
1773600132.3753953,2231,0,0,0,0,8.094738001091173,0.0,0.023869997676229104,7.843782770642553,194.1,777.234375,False
1773600132.509124,2232,0,0,0,0,7.948477999889292,0.0,0.02264899740112014,7.843782770642553,224.3,777.234375,False
1773600132.6433904,2233,0,0,0,0,8.20414700137917,0.0,0.024351997126359493,7.843782770642553,208.6,777.234375,False
1773600132.7764,2234,0,0,0,0,7.998978999239625,0.0,0.029185001039877534,7.843782770642553,218.0,777.234375,False
1773600132.909825,2235,0,0,0,0,8.161313002347015,0.0,0.02711100023589097,7.843782770642553,209.9,777.234375,False
1773600133.0437434,2236,0,0,0,0,8.267183999123517,0.0,0.023610999051015824,7.843782770642553,209.1,777.234375,False
1773600133.1773791,2237,0,0,0,0,8.225869001762476,0.0,0.027907000912819058,7.843782770642553,217.0,777.234375,False
1773600133.3075562,2238,0,0,0,0,7.508086997404462,0.0,0.023352000425802544,7.843782770642553,184.4,777.234375,False
1773600133.4953396,2239,0,0,0,0,8.286109998152824,0.0,0.024554999981774017,7.143166553022651,181.1,777.234375,False
1773600133.6291943,2240,0,0,0,0,8.238720998633653,0.0,0.024259999918285757,7.143166553022651,209.2,777.234375,False
1773600133.7677677,2241,0,0,0,0,8.115813001495553,0.0,0.026426001568324864,7.143166553022651,187.6,777.234375,False
1773600133.9065087,2242,0,0,0,0,8.354370002052747,0.0,0.027240999770583585,7.143166553022651,216.3,777.234375,False
1773600134.0415199,2243,0,0,0,0,8.121868002490373,0.0,0.02327800029888749,7.143166553022651,207.3,777.25,False
1773600134.1756337,2244,0,0,0,0,8.136515996739035,0.0,0.024981000024126843,7.143166553022651,201.3,777.25,False
1773600134.309743,2245,0,0,0,0,8.31375800044043,0.0,0.02679599856492132,7.143166553022651,208.8,777.265625,False
1773600134.4441428,2246,0,0,0,0,8.279813999251928,0.0,0.029629998607560992,7.143166553022651,215.8,777.265625,False
1773600134.5799983,2247,0,0,0,0,9.960268998838728,0.0,0.0350560003425926,6.916112351472659,198.8,777.265625,False
1773600134.7172601,2248,0,0,0,0,8.578556000429671,0.0,0.027407997549744323,6.916112351472659,218.5,777.265625,False
1773600134.8520048,2249,0,0,0,0,7.926812002551742,0.0,0.02564799797255546,6.916112351472659,200.4,777.265625,False
1773600134.9849195,2250,0,0,0,0,8.190182998077944,0.0,0.025573997845640406,6.916112351472659,210.7,777.265625,False
1773600135.1191633,2251,0,0,0,0,8.140737998473924,0.0,0.024740002118051052,6.916112351472659,201.1,777.265625,False
1773600135.2528672,2252,0,0,0,0,7.9345330013893545,0.0,0.021740997908636928,6.916112351472659,224.4,777.265625,False
1773600135.3867705,2253,0,0,0,0,8.38375800231006,0.0,0.02490800034138374,6.916112351472659,224.0,777.265625,False
1773600135.5207903,2254,0,0,0,0,8.605204999184934,0.0,0.021777999791083857,7.894642210546649,216.3,777.265625,False
1773600135.654973,2255,0,0,0,0,8.558075001928955,0.0,0.027815000066766515,7.894642210546649,201.3,777.265625,False
1773600135.7887464,2256,0,0,0,0,8.353887998964638,0.0,0.02627800131449476,7.894642210546649,201.8,777.265625,False
1773600135.9226532,2257,0,0,0,0,8.390943999984302,0.0,0.021519001165870577,7.894642210546649,201.6,777.265625,False
1773600136.0507898,2258,0,0,0,0,7.186176000686828,0.0,0.02212999970652163,7.894642210546649,93.7,777.265625,False
