timestamp,frame_index,motion_regions,yolo_detections,confirmed_tracks,new_confirmations,time_mog2_ms,time_yolo_ms,time_tracker_ms,fps,cpu_percent,ram_mb,yolo_ran
1773585990.504918,0,0,0,0,0,7.593590002215933,0.0,0.02740700074355118,0.0,0.0,459.25,False
1773585990.7153914,1,0,0,0,0,7.043789002636913,0.0,0.02570399738033302,0.0,9.5,464.15625,False
1773585990.9255457,2,0,0,0,0,7.070215000567259,0.0,0.021111998648848385,0.0,4.8,466.78125,False
1773585991.1356258,3,0,0,0,0,6.987270000536228,0.0,0.022352000087266788,0.0,14.3,469.765625,False
1773585991.345726,4,0,0,0,0,7.047530001727864,0.0,0.02157400012947619,4.758308170809294,9.5,472.40625,False
1773585991.555773,5,0,0,0,0,7.014400998741621,0.0,0.019869999960064888,4.758308170809294,9.5,475.03125,False
1773585991.7658968,6,0,0,0,0,7.006825999269495,0.0,0.02113000300596468,4.758308170809294,4.8,477.65625,False
1773585991.9759374,7,0,0,0,0,6.986862998019205,0.0,0.021537001885008067,4.758308170809294,9.5,480.28125,False
1773585992.1860597,8,0,0,0,0,7.040288997814059,0.0,0.02190800296375528,4.758308170809294,14.3,482.90625,False
1773585992.396157,9,0,0,0,0,7.031252000160748,0.0,0.02246300209662877,4.7599983930211724,4.8,485.53125,False
1773585992.6062884,10,0,0,0,0,7.055901001876919,0.0,0.021222000214038417,4.7599983930211724,9.5,485.53125,False
1773585992.8160548,11,0,0,0,0,6.657860998529941,0.0,0.018167000234825537,4.7599983930211724,4.8,485.53125,False
1773585993.0259626,12,0,0,0,0,6.744453999999678,0.0,0.017815000319387764,4.7599983930211724,9.5,485.53125,False
1773585993.2358143,13,0,0,0,0,6.6962679993594065,0.0,0.020073999621672556,4.7599983930211724,14.3,485.53125,False
1773585993.4457529,14,0,0,0,0,6.76313899748493,0.0,0.01824100036174059,4.763646449023705,4.8,485.53125,False
1773585993.655664,15,0,0,0,0,6.733083002472995,0.0,0.019463001081021503,4.763646449023705,9.5,485.53125,False
1773585993.8654697,16,0,0,0,0,6.768806000764016,0.0,0.01772300311131403,4.763646449023705,4.8,485.53125,False
1773585994.0752532,17,0,0,0,0,6.705564999720082,0.0,0.017648002540227026,4.763646449023705,9.5,485.53125,False
1773585994.2851946,18,0,0,0,0,6.771862001187401,0.0,0.017092999769374728,4.763646449023705,14.3,485.53125,False
1773585994.494966,19,0,0,0,0,6.701693997456459,0.0,0.017815000319387764,4.765494232511085,4.8,485.53125,False
1773585994.7051048,20,0,0,0,0,7.023770998785039,0.0,0.02216700158896856,4.765494232511085,4.8,485.53125,False
1773585994.9152296,21,0,0,0,0,6.931195999641204,0.0,0.020611001673387364,4.765494232511085,9.5,485.53125,False
1773585995.125125,22,0,0,0,0,6.713916998705827,0.0,0.01831500048865564,4.765494232511085,9.5,485.53125,False
1773585995.334942,23,0,0,0,0,6.723602000420215,0.0,0.019167000573361292,4.765494232511085,9.5,485.53125,False
1773585995.5447915,24,0,0,0,0,6.777714002964785,0.0,0.01936999979079701,4.76269767623543,9.5,485.53125,False
1773585995.7545917,25,0,0,0,0,6.702008999127429,0.0,0.019185001292498782,4.76269767623543,4.8,485.53125,False
1773585995.964403,26,0,0,0,0,6.748102001438383,0.0,0.019741000869544223,4.76269767623543,9.5,485.53125,False
1773585996.1741796,27,0,0,0,0,6.727176001732005,0.0,0.019702998542925343,4.76269767623543,4.8,485.53125,False
1773585996.3840244,28,0,0,0,0,6.7215099988970906,0.0,0.017870999727165326,4.76269767623543,14.3,485.53125,False
1773585996.5938122,29,0,0,0,0,6.69793500128435,0.0,0.018481001461623237,4.7663379563687815,9.5,485.53125,False
1773585996.8036828,30,0,0,0,0,6.744472000718815,0.0,0.018445000023348257,4.7663379563687815,4.8,485.53125,False
1773585997.013549,31,0,0,0,0,6.696620999719016,0.0,0.018722999811870977,4.7663379563687815,9.5,485.53125,False
1773585997.2260768,32,0,0,0,0,9.31136000144761,0.0,0.02274100188515149,4.7663379563687815,9.4,485.53125,False
1773585997.438748,33,0,0,0,0,9.261562998290174,0.0,0.022778000129619613,4.7663379563687815,18.8,485.53125,False
1773585997.6516445,34,0,0,0,0,9.425917000044137,0.0,0.024222998035838827,4.726886030573546,9.4,485.53125,False
1773585997.8642619,35,0,0,0,0,9.276007996959379,0.0,0.023445001716027036,4.726886030573546,9.4,485.53125,False
1773585998.0769868,36,0,0,0,0,9.285749001719523,0.0,0.022000000171829015,4.726886030573546,9.4,485.53125,False
1773585998.2896173,37,0,0,0,0,9.306176001700806,0.0,0.02237099761259742,4.726886030573546,9.4,485.53125,False
1773585998.5018225,38,0,0,0,0,8.783320001384709,0.0,0.02214900086983107,4.726886030573546,18.8,485.53125,False
1773585998.714477,39,0,0,0,0,9.273507999751018,0.0,0.02327800029888749,4.704399180502363,9.4,485.53125,False
1773585998.927195,40,0,0,0,0,9.303898001235211,0.0,0.02305600355612114,4.704399180502363,9.4,485.53125,False
1773585999.1399806,41,0,0,0,0,9.298267003032379,0.0,0.02324100205441937,4.704399180502363,9.4,485.53125,False
1773585999.352678,42,0,0,0,0,9.250007999071386,0.0,0.023130000045057386,4.704399180502363,9.4,485.53125,False
1773585999.5653791,43,0,0,0,0,9.283249000873184,0.0,0.022555999748874456,4.704399180502363,18.8,485.53125,False
1773585999.7781816,44,0,0,0,0,9.297544998844387,0.0,0.02266599767608568,4.700570482825894,9.4,485.53125,False
1773585999.9909322,45,0,0,0,0,9.266230001230724,0.0,0.022240998077904806,4.700570482825894,9.4,485.53125,False
1773586000.2036989,46,0,0,0,0,9.28597200254444,0.0,0.021685998945031315,4.700570482825894,9.4,485.53125,False
1773586000.4165268,47,0,0,0,0,9.30641599916271,0.0,0.02296299862791784,4.700570482825894,14.1,485.53125,False
1773586000.6293006,48,0,0,0,0,9.218692997819744,0.0,0.0220929978240747,4.700570482825894,14.1,485.53125,False
1773586000.841968,49,0,0,0,0,9.235748002538458,0.0,0.02294500154675916,4.700188061132531,9.4,485.53125,False
1773586001.0548189,50,0,0,0,0,9.348396997665986,0.0,0.02596299964352511,4.700188061132531,9.4,485.53125,False
1773586001.2678425,51,0,0,0,0,9.408898000401678,0.0,0.02570399738033302,4.700188061132531,14.1,486.84375,False
1773586001.480688,52,0,0,0,0,9.309287001087796,0.0,0.02518499968573451,4.700188061132531,9.4,486.84375,False
1773586001.693391,53,0,0,0,0,9.2315449983289,0.0,0.024685999960638583,4.700188061132531,18.8,486.84375,False
1773586001.9061184,54,0,0,0,0,9.241785999620333,0.0,0.022667001758236438,4.698612676641701,9.4,486.84375,False
1773586002.118869,55,0,0,0,0,9.274175001337426,0.0,0.02346299879718572,4.698612676641701,9.4,486.84375,False
1773586002.3317356,56,0,0,0,0,9.331694000138668,0.0,0.02264899740112014,4.698612676641701,9.4,486.84375,False
1773586002.5445187,57,0,0,0,0,9.300212001107866,0.0,0.023371001589111984,4.698612676641701,9.4,486.84375,False
1773586002.757447,58,0,0,0,0,9.361693999380805,0.0,0.0224069990508724,4.698612676641701,14.1,486.84375,False
1773586002.9696221,59,0,0,0,0,8.778208997682668,0.0,0.021148000087123364,4.701414559160559,9.4,486.84375,False
1773586003.1822639,60,0,0,0,0,9.250637998775346,0.0,0.022517997422255576,4.701414559160559,9.4,486.84375,False
1773586003.39488,61,0,0,0,0,9.243395998055348,0.0,0.022648000594926998,4.701414559160559,14.1,486.84375,False
1773586003.6074727,62,0,0,0,0,9.213951998390257,0.0,0.022778000129619613,4.701414559160559,9.4,486.84375,False
1773586003.8198164,63,0,0,0,0,8.832300998619758,0.0,0.022258998797042295,4.701414559160559,14.1,486.84375,False
1773586004.0325787,64,0,0,0,0,9.272897001210367,0.0,0.022277999960351735,4.703980261313296,9.4,486.84375,False
1773586004.2453063,65,0,0,0,0,9.294490002503153,0.0,0.02157400012947619,4.703980261313296,9.4,486.84375,False
1773586004.4581552,66,0,0,0,0,9.325619997980539,0.0,0.022870000975672156,4.703980261313296,14.1,486.84375,False
1773586004.6708102,67,0,0,0,0,9.278730001824442,0.0,0.024834000214468688,4.703980261313296,9.4,486.84375,False
1773586004.8835864,68,0,0,0,0,9.331286000815453,0.0,0.02316699828952551,4.703980261313296,18.8,486.84375,False
1773586005.0962703,69,0,0,0,0,9.219747997121885,0.0,0.02320400017197244,4.700539928943388,9.4,486.84375,False
1773586005.3090923,70,0,0,0,0,9.378712999023264,0.0,0.024815002689138055,4.700539928943388,9.4,486.84375,False
1773586005.5219471,71,0,0,0,0,9.39419399946928,0.0,0.024834000214468688,4.700539928943388,9.4,486.84375,False
1773586005.7348113,72,0,0,0,0,9.459767999942414,0.0,0.025036999431904405,4.700539928943388,9.4,486.84375,False
1773586005.9476528,73,0,0,0,0,9.363360000861576,0.0,0.02651899922057055,4.700539928943388,18.8,486.84375,False
1773586006.160432,74,0,0,0,0,9.316785999544663,0.0,0.025296998501289636,4.698633730966815,9.4,486.84375,False
1773586006.3732395,75,0,0,0,0,9.317730997281615,0.0,0.022610998712480068,4.698633730966815,9.4,486.84375,False
1773586006.5860677,76,0,0,0,0,9.404693999385927,0.0,0.023704000341240317,4.698633730966815,9.4,486.84375,False
1773586006.798696,77,0,0,0,0,9.252988998923684,0.0,0.022723001166014,4.698633730966815,9.4,486.84375,False
1773586007.0115397,78,0,0,0,0,9.261897001124453,0.0,0.02348099951632321,4.698633730966815,18.8,486.84375,False
1773586007.224262,79,0,0,0,0,9.279508001782233,0.0,0.023167001927504316,4.69993314790449,9.4,486.84375,False
1773586007.4370418,80,0,0,0,0,9.334804999525659,0.0,0.022444997739512473,4.69993314790449,9.4,486.84375,False
1773586007.6499307,81,0,0,0,0,9.419824000360677,0.0,0.022055999579606578,4.69993314790449,9.4,486.84375,False
1773586007.8626254,82,0,0,0,0,9.261432998755481,0.0,0.021796000510221347,4.69993314790449,9.4,486.84375,False
1773586008.0752995,83,0,0,0,0,9.269008001865586,0.0,0.021611998818116263,4.69993314790449,18.8,486.84375,False
1773586008.2880783,84,0,0,0,0,9.299157001805725,0.0,0.022481999621959403,4.700064814507692,9.4,486.84375,False
1773586008.5007803,85,0,0,0,0,9.283860003051814,0.0,0.036592999094864354,4.700064814507692,9.4,486.84375,False
1773586008.7136722,86,0,0,0,0,9.369379997224314,0.0,0.023962998966453597,4.700064814507692,9.4,486.84375,False
1773586008.9263334,87,0,0,0,0,9.294729999965057,0.0,0.021999996533850208,4.700064814507692,9.4,486.84375,False
1773586009.1391642,88,0,0,0,0,9.360768002807163,0.0,0.022054999135434628,4.700064814507692,18.8,486.84375,False
1773586009.3519876,89,0,0,0,0,9.382360000017798,0.0,0.022223000996746123,4.6996424541694815,9.4,486.890625,False
1773586010.55517,90,1,1,0,0,9.487027997238329,990.3302210004767,0.04068500129505992,0.8310841791191463,130.5,561.890625,True
1773586011.4481883,91,1,1,1,1,7.1586420017411,682.4822190028499,0.04709199856733903,0.8310841791191463,134.4,565.484375,True
1773586012.328915,92,1,1,1,0,7.142290000047069,670.3066900008707,0.043277999793644994,1.1275576047024938,135.1,568.21875,True
1773586013.3580148,93,1,1,1,0,7.177604999014875,818.7863560015103,0.03503799962345511,0.9717249462450789,138.0,598.578125,True
1773586014.3390927,94,1,1,1,0,7.161715999245644,770.7047850017261,0.034407999919494614,0.9717249462450789,137.6,601.40625,True
1773586015.3206398,95,1,1,1,0,7.197513001301559,771.1090259981574,0.03516600190778263,0.9233267291859287,136.5,603.625,True
1773586016.3012843,96,1,1,1,0,7.231104998936644,770.147425999312,0.03385200034244917,1.07514043548747,136.6,607.125,True
1773586017.3569303,97,1,1,1,0,7.192290002421942,845.2395139975124,0.034666998544707894,0.9472802447663398,139.3,594.359375,True
1773586018.3366997,98,1,1,1,0,7.214844998088665,769.263325000793,0.03398199987714179,0.9472802447663398,137.8,627.984375,True
1773586019.2167153,99,1,1,1,0,7.17001200246159,669.5854009994946,0.05840800076839514,0.9244425479880726,134.1,623.671875,True
1773586020.0971434,100,1,1,1,0,7.176142000389518,669.9813849991187,0.03398099943296984,1.2059311757623676,134.0,626.296875,True
1773586020.9794528,101,1,1,1,0,7.213882003270555,671.880563000741,0.03422299778321758,1.2059311757623676,133.7,628.921875,True
1773586021.9184184,102,1,1,1,0,7.210623996797949,728.3696529993904,0.03516699871397577,1.0981348246358142,137.4,634.859375,True
1773586022.8982108,103,1,1,1,0,7.2094940005626995,769.3718030022865,0.035536999348551035,1.0981348246358142,137.8,639.84375,True
1773586023.9374528,104,1,1,1,0,7.185178998042829,828.8290980017337,0.03350100087118335,0.9243722592056969,138.6,613.703125,True
1773586024.9755676,105,1,1,1,0,7.198474999313476,827.7077919992735,0.03457400089246221,0.9622934052576781,137.7,617.265625,True
1773586025.185978,106,0,0,1,0,7.123270999727538,0.0,0.02940700142062269,0.9632242202330402,9.5,618.953125,False
1773586025.3963454,107,0,0,1,0,7.04836300064926,0.0,0.028944999939994887,0.9632242202330402,9.5,621.578125,False
1773586025.6067789,108,0,0,1,0,7.130234000214841,0.0,0.030111001251498237,0.9632242202330402,9.5,624.203125,False
1773586025.8171878,109,0,0,1,0,7.039289001113502,0.0,0.028055001166649163,0.9632242202330402,9.5,626.828125,False
1773586026.0275047,110,0,0,1,0,7.03932599935797,0.0,0.029703998734476045,0.9632242202330402,9.5,629.453125,False
1773586026.2378588,111,0,0,1,0,7.078159997035982,0.0,0.028149002901045606,4.753309339587211,4.8,630.765625,False
1773586026.4480917,112,0,0,1,0,7.0438629991258495,0.0,0.028889000532217324,4.753309339587211,9.5,634.703125,False
1773586026.6584663,113,0,0,1,0,7.083937001880258,0.0,0.0288520022877492,4.753309339587211,14.3,637.328125,False
1773586026.868748,114,0,0,1,0,7.060102998366347,0.0,0.05674100248143077,4.753309339587211,9.5,639.953125,False
1773586027.078986,115,0,0,1,0,7.056104001094354,0.0,0.03050000304938294,4.753309339587211,4.8,642.578125,False
1773586027.2892609,116,0,0,1,0,7.073623000906082,0.0,0.029815000743838027,4.75531300253689,9.5,645.203125,False
1773586027.4995534,117,0,0,1,0,7.0311220006260555,0.0,0.03105600262642838,4.75531300253689,9.5,647.828125,False
1773586027.7097468,118,0,0,1,0,6.975918000534875,0.0,0.028889000532217324,4.75531300253689,9.5,650.453125,False
1773586027.9199955,119,0,0,1,0,7.0535849990847055,0.0,0.029259001166792586,4.75531300253689,9.5,653.078125,False
1773586028.1303267,120,0,0,1,0,7.026085000688909,0.0,0.02987100015161559,4.75531300253689,9.5,655.703125,False
1773586028.3406632,121,0,0,0,0,7.063252000079956,0.0,0.032462998206028715,4.755686113904146,9.5,658.328125,False
1773586028.550896,122,0,0,0,0,7.030880999082001,0.0,0.029204002203186974,4.755686113904146,9.5,660.953125,False
1773586028.7611685,123,0,0,0,0,7.057843999064062,0.0,0.027703998057404533,4.755686113904146,14.3,663.578125,False
1773586028.971354,124,0,0,0,0,7.0627339991915505,0.0,0.028056001610821113,4.755686113904146,4.8,666.203125,False
1773586029.1815836,125,0,0,0,0,7.0750480008427985,0.0,0.029462997190421447,4.755686113904146,9.5,668.828125,False
1773586029.3918319,126,0,0,0,0,7.059085000946652,0.0,0.029351998819038272,4.756618069665228,9.5,670.140625,False
1773586029.6020715,127,0,0,0,0,7.1337709996441845,0.0,0.0284630004898645,4.756618069665228,4.8,674.078125,False
1773586029.814955,128,0,0,0,0,9.599343000445515,0.0,0.03507399742375128,4.756618069665228,14.1,676.703125,False
1773586030.0279882,129,0,0,0,0,9.504991001449525,0.0,0.03485200068098493,4.756618069665228,9.4,679.328125,False
1773586030.241102,130,0,0,0,0,9.574712999892654,0.0,0.03348099926370196,4.756618069665228,14.1,681.953125,False
1773586031.2992544,131,0,0,0,0,9.547269000904635,0.0,0.03448200004640967,4.71782499960069,81.3,674.875,False
1773586031.5106754,132,0,0,0,0,8.222611002565827,0.0,0.03129600008833222,0.9452777064726546,9.5,590.78125,False
1773586031.7208917,133,0,0,0,0,7.064713998261141,0.0,0.027796999347629026,0.9452777064726546,14.3,590.78125,False
1773586031.9311037,134,0,0,0,0,7.003843998973025,0.0,0.02879599924199283,0.9452777064726546,4.8,590.78125,False
1773586032.1413176,135,0,0,0,0,7.0013069998822175,0.0,0.02987100015161559,0.9452777064726546,9.5,590.78125,False
1773586032.3514583,136,0,0,0,0,7.0135850000951905,0.0,0.031110997952055186,0.9452777064726546,4.8,590.78125,False
1773586032.561627,137,0,0,0,0,7.040344000415644,0.0,0.020945000869687647,4.752305448892625,9.5,590.78125,False
1773586033.4940655,138,1,1,0,0,7.0124740013852715,722.268729001371,0.03922299947589636,1.921700283675368,137.3,607.296875,True
1773586034.4764698,139,1,1,1,1,7.078696999087697,772.0146420033416,0.037702997360611334,1.921700283675368,137.4,612.578125,True
1773586035.4596527,140,1,1,1,0,7.133845003409078,772.824813000625,0.03670399746624753,0.9221866331766125,137.3,589.828125,True
1773586036.390544,141,1,1,1,0,7.117862998711644,720.509361999575,0.03494500197120942,1.1036969721449865,135.4,611.96875,True
1773586037.3212316,142,1,1,1,0,7.152882000809768,720.2658419992076,0.03377800021553412,1.1036969721449865,135.4,611.96875,True
1773586038.2471986,143,1,1,1,0,7.132029997592326,715.6449209978746,0.0340369988407474,0.9683981975338344,136.1,614.46875,True
1773586039.2316854,144,1,1,1,0,7.134956002118997,774.1503550023481,0.034278000384802,1.1058883893035596,137.1,590.40625,True
1773586040.224239,145,1,1,1,0,7.183363999502035,782.21290899819,0.035019002098124474,1.1058883893035596,137.0,592.921875,True
1773586041.26834,146,1,1,1,0,7.223586999316467,833.6916480002401,0.03401899812160991,0.9136279050619028,139.8,596.75,True
1773586042.252026,147,1,1,1,0,7.198085997515591,773.2848650011874,0.035333003324922174,0.9577538760074925,137.2,596.03125,True
1773586043.2377431,148,1,1,1,0,7.189772000856465,775.2880629996071,0.034426000638632104,1.0710014312179141,139.0,598.65625,True
1773586044.2226167,149,1,1,1,0,7.180382999649737,774.5114080025814,0.03474099867162295,1.0710014312179141,137.1,600.390625,True
1773586045.1531782,150,1,1,1,0,7.24458699914976,720.1489630024298,0.03546299922163598,0.9201047623706622,136.5,628.46875,True
1773586046.0295346,151,1,1,1,0,7.178252999437973,665.99592700004,0.03486999776214361,1.173051418662863,133.5,628.0,True
1773586047.0138545,152,1,1,1,0,7.201623000582913,773.9688460023899,0.03474099867162295,1.173051418662863,137.2,609.265625,True
1773586047.9429235,153,1,1,1,0,7.182641998952022,718.6915250022139,0.03485200068098493,0.9205639834486077,136.7,636.34375,True
1773586048.941469,154,1,1,1,0,7.190272001025733,788.1720889999997,0.03475999983493239,1.0955026788766922,133.2,636.46875,True
1773586049.9857352,155,1,1,1,0,7.169901000452228,833.9247140029329,0.033333999454043806,0.9576093374070257,138.9,620.4375,True
1773586050.196035,156,0,0,1,0,7.104715001332806,0.0,0.029610997444251552,0.9576093374070257,9.5,623.078125,False
1773586050.4063363,157,0,0,1,0,7.033158999547595,0.0,0.02957499964395538,0.9576093374070257,9.5,625.703125,False
1773586050.6166375,158,0,0,1,0,7.029807002254529,0.0,0.02957499964395538,0.9576093374070257,14.3,628.328125,False
1773586050.8268871,159,0,0,1,0,7.043028999760281,0.0,0.030054998205741867,0.9576093374070257,9.5,630.953125,False
1773586051.0371392,160,0,0,1,0,7.045492999168346,0.0,0.028982001822441816,4.75568827078745,4.8,633.578125,False
1773586051.247551,161,0,0,1,0,7.077455000398913,0.0,0.029666000045835972,4.75568827078745,9.5,636.203125,False
1773586051.4578176,162,0,0,1,0,7.05601099980413,0.0,0.029165999876568094,4.75568827078745,9.5,638.828125,False
1773586051.6681216,163,0,0,1,0,7.007899999734946,0.0,0.029684997571166605,4.75568827078745,14.3,641.453125,False
1773586051.878401,164,0,0,1,0,7.061696000164375,0.0,0.030685001547681168,4.75568827078745,4.8,644.078125,False
1773586052.088644,165,0,0,1,0,7.040584001515526,0.0,0.03101900074398145,4.755199786677744,4.8,646.703125,False
1773586052.2989268,166,0,0,1,0,7.0543820002058055,0.0,0.03012999877682887,4.755199786677744,9.5,649.328125,False
1773586052.5092423,167,0,0,1,0,7.058159000735031,0.0,0.029204002203186974,4.755199786677744,9.5,651.953125,False
1773586052.719444,168,0,0,1,0,6.984232997638173,0.0,0.029351998819038272,4.755199786677744,9.5,654.578125,False
1773586052.9296584,169,0,0,1,0,7.022009998763679,0.0,0.02992600275320001,4.755199786677744,9.5,657.203125,False
1773586053.1399019,170,0,0,1,0,7.0374919996538665,0.0,0.029629998607560992,4.7561283158947045,9.5,659.828125,False
1773586053.3501465,171,0,0,0,0,7.036269998934586,0.0,0.03185199966537766,4.7561283158947045,4.8,662.453125,False
1773586053.5603752,172,0,0,0,0,7.033048001176212,0.0,0.02955599848064594,4.7561283158947045,9.5,665.078125,False
1773586053.7706933,173,0,0,0,0,7.051881999359466,0.0,0.02896299702115357,4.7561283158947045,14.3,667.703125,False
1773586053.9808912,174,0,0,0,0,7.088307000230998,0.0,0.03048200233024545,4.7561283158947045,9.5,670.328125,False
1773586054.1911266,175,0,0,0,0,7.07110300209024,0.0,0.028832997486460954,4.7563764164333255,9.5,672.953125,False
1773586054.4013333,176,0,0,0,0,7.047047998639755,0.0,0.028111000574426726,4.7563764164333255,4.8,675.578125,False
1773586054.6114984,177,0,0,0,0,7.030362998193596,0.0,0.030647999665234238,4.7563764164333255,9.5,678.203125,False
1773586054.821785,178,0,0,0,0,7.056066002405714,0.0,0.0281489992630668,4.7563764164333255,14.3,680.828125,False
1773586055.0319953,179,0,0,0,0,7.025789000181248,0.0,0.030037001124583185,4.7563764164333255,4.8,683.453125,False
1773586055.2422302,180,0,0,0,0,7.021418001386337,0.0,0.030667000828543678,4.756883484989117,9.5,686.09375,False
1773586056.3094742,181,0,0,0,0,7.051122000120813,0.0,0.03098199886153452,0.9369748049339295,81.5,620.59375,False
1773586056.5204191,182,0,0,0,0,7.043177000014111,0.0,0.02905500150518492,0.9369748049339295,4.7,591.71875,False
1773586056.7307158,183,0,0,0,0,6.94430600196938,0.0,0.028667000151472166,0.9369748049339295,14.3,591.71875,False
1773586056.9406123,184,0,0,0,0,6.721712001308333,0.0,0.025445002393098548,0.9369748049339295,9.5,591.71875,False
1773586057.1505942,185,0,0,0,0,6.768934999854537,0.0,0.024740998924244195,0.9369748049339295,4.8,591.71875,False
1773586057.3605893,186,0,0,0,0,6.712378999509383,0.0,0.027499998395796865,4.756995702001831,9.5,591.71875,False
1773586057.5704355,187,0,0,0,0,6.723768001393182,0.0,0.018629998521646485,4.756995702001831,9.5,591.71875,False
1773586057.7804625,188,0,0,0,0,6.7849170009139925,0.0,0.019537001207936555,4.756995702001831,9.5,591.71875,False
1773586057.990635,189,0,0,0,0,6.950324997887947,0.0,0.019795999833149835,4.756995702001831,9.5,591.71875,False
1773586058.2005317,190,0,0,0,0,6.711655998515198,0.0,0.01835200237110257,4.756995702001831,9.5,591.71875,False
1773586058.4107106,191,0,0,0,0,6.965917000343325,0.0,0.0210920006793458,4.761350354589318,4.8,591.71875,False
1773586058.6208594,192,0,0,0,0,6.947379999473924,0.0,0.021740997908636928,4.761350354589318,9.5,591.71875,False
1773586058.8308473,193,0,0,0,0,6.75875000160886,0.0,0.018833998183254153,4.761350354589318,9.5,591.71875,False
1773586059.0407853,194,0,0,0,0,6.737176001479384,0.0,0.017260001186514273,4.761350354589318,9.5,591.71875,False
1773586059.250679,195,0,0,0,0,6.766176000382984,0.0,0.018629998521646485,4.761350354589318,9.5,591.71875,False
1773586059.4607375,196,0,0,0,0,6.733638001605868,0.0,0.018721999367699027,4.761715764564413,4.8,591.71875,False
1773586059.6705856,197,0,0,0,0,6.712453003274277,0.0,0.018351998733123764,4.761715764564413,9.5,591.71875,False
1773586059.8806965,198,0,0,0,0,6.919472998561105,0.0,0.02016700091189705,4.761715764564413,9.5,591.71875,False
1773586060.0906103,199,0,0,0,0,6.735415998264216,0.0,0.01799999881768599,4.761715764564413,9.5,591.71875,False
1773586060.9907317,200,1,1,0,0,6.750675998773659,690.1932820001093,0.03129600008833222,2.6143644676649336,132.2,605.875,True
1773586061.8674242,201,1,1,1,1,7.0996040012687445,666.2682850001147,0.03592599750845693,2.6143644676649336,134.6,608.6875,True
1773586062.716704,202,1,2,1,0,7.106900000508176,638.9236360009818,0.0384640006814152,1.1587638703499648,131.9,594.1875,True
1773586063.6457121,203,1,1,1,0,7.107974000973627,718.5736570027075,0.04335199992056005,1.1587638703499648,136.7,612.625,True
1773586064.524166,204,1,1,1,0,7.124641000700649,668.1298510011402,0.03646400000434369,0.969944087724321,134.3,612.1875,True
1773586065.361268,205,1,1,1,0,7.12321500031976,626.723977002257,0.03790800110436976,1.2394868825307814,133.8,599.203125,True
1773586066.1955645,206,1,1,1,0,7.115659002010943,623.9907160015719,0.03663000097731128,1.2394868825307814,131.8,601.015625,True
1773586067.031644,207,1,1,1,0,7.157289001042955,625.7330059997912,0.03590799678931944,1.1973406348499929,132.8,603.640625,True
1773586067.8683128,208,1,1,1,0,7.220196999696782,626.2345460017968,0.0376860007236246,1.1973406348499929,135.1,605.765625,True
1773586068.7040713,209,1,1,1,0,7.1685859984427225,625.4240579983161,0.03848200140055269,1.1958631380521645,132.8,609.015625,True
1773586069.5815902,210,1,1,1,0,7.13662199996179,667.2056550014531,0.034741002309601754,1.1958631380521645,133.3,624.03125,True
1773586070.5152564,211,1,1,1,0,7.106566998118069,723.3891839969147,0.03359300171723589,1.1042493537621332,137.1,627.0625,True
1773586071.5025132,212,1,1,1,0,7.1084929986682255,776.9431939996139,0.03437100167502649,1.1042493537621332,137.8,622.765625,True
1773586072.4900944,213,1,1,1,0,7.2178830014308915,777.1676020020095,0.03468500290182419,0.9180911479794812,138.7,619.5625,True
1773586073.3678935,214,1,1,1,0,7.125012001779396,667.4706349986081,0.034388998756185174,1.134162143686901,133.3,608.109375,True
1773586074.3526816,215,1,1,1,0,7.124586001737043,774.4739150002715,0.034130000130971894,1.134162143686901,138.1,623.53125,True
1773586074.5630066,216,0,0,1,0,7.147511998482514,0.0,0.02903700078604743,0.9201717792756969,4.8,626.15625,False
1773586074.7733512,217,0,0,1,0,7.0595670003967825,0.0,0.030241000786190853,0.9201717792756969,9.5,628.78125,False
1773586074.983636,218,0,0,1,0,7.028158001048723,0.0,0.030055998649913818,0.9201717792756969,14.3,631.40625,False
1773586075.1938841,219,0,0,1,0,7.054158999380888,0.0,0.030667000828543678,0.9201717792756969,4.8,634.03125,False
1773586075.404147,220,0,0,1,0,7.023658999969484,0.0,0.030945000617066398,0.9201717792756969,9.5,636.65625,False
1773586075.6144218,221,0,0,1,0,7.0225099989329465,0.0,0.030259001505328342,4.75526987205011,4.8,639.28125,False
1773586075.8246846,222,0,0,1,0,7.006621999607887,0.0,0.029481001547537744,4.75526987205011,9.5,641.90625,False
1773586076.034994,223,0,0,1,0,7.062898999720346,0.0,0.029647999326698482,4.75526987205011,9.5,644.53125,False
1773586076.2452738,224,0,0,1,0,7.0719550021749455,0.0,0.02936999953817576,4.75526987205011,9.5,647.15625,False
1773586076.455538,225,0,0,1,0,7.050363001326332,0.0,0.02955599848064594,4.75526987205011,9.5,649.78125,False
1773586076.6658642,226,0,0,1,0,7.065140001941472,0.0,0.03020400254172273,4.7554467120181405,9.5,652.40625,False
1773586076.8761163,227,0,0,1,0,7.024733000434935,0.0,0.029925999115221202,4.7554467120181405,9.5,655.03125,False
1773586077.0864124,228,0,0,1,0,7.055232999846339,0.0,0.03133300197077915,4.7554467120181405,14.3,657.65625,False
1773586077.2967215,229,0,0,1,0,7.063806999212829,0.0,0.030759998480789363,4.7554467120181405,4.8,660.28125,False
1773586077.5069997,230,0,0,1,0,7.060307001665933,0.0,0.029110997274983674,4.7554467120181405,4.8,662.90625,False
1773586077.7171965,231,0,0,0,0,7.019750999461394,0.0,0.02848199801519513,4.755630035624956,9.5,665.53125,False
1773586077.9274232,232,0,0,0,0,7.020620996627258,0.0,0.02957499964395538,4.755630035624956,9.5,668.15625,False
1773586078.137698,233,0,0,0,0,7.090085000527324,0.0,0.030223000067053363,4.755630035624956,14.3,670.78125,False
1773586078.3478816,234,0,0,0,0,7.037289000436431,0.0,0.030019000405445695,4.755630035624956,9.5,673.40625,False
1773586078.5581741,235,0,0,0,0,7.036306997179054,0.0,0.030610997782787308,4.755630035624956,4.8,676.03125,False
1773586078.7683825,236,0,0,0,0,7.032806999632157,0.0,0.0293890007014852,4.75663533154997,9.5,678.65625,False
1773586078.978573,237,0,0,0,0,7.028436000837246,0.0,0.029185001039877534,4.75663533154997,4.8,681.28125,False
1773586079.188882,238,0,0,0,0,7.089065999025479,0.0,0.028703001589747146,4.75663533154997,14.3,683.90625,False
1773586079.3991067,239,0,0,0,0,7.03760299802525,0.0,0.02905600194935687,4.75663533154997,9.5,686.53125,False
1773586079.6093383,240,0,0,0,0,7.083899999997811,0.0,0.02905600194935687,4.75663533154997,4.8,689.15625,False
1773586080.6257124,241,0,0,0,0,7.009344000834972,0.0,0.029147999157430604,4.7563774951878335,80.7,623.671875,False
1773586080.837732,242,0,0,0,0,8.0897219995677,0.0,0.03327800004626624,0.9832922759245419,9.4,593.484375,False
1773586081.0508235,243,0,0,0,0,9.559564001392573,0.0,0.03648200072348118,0.9832922759245419,18.8,593.484375,False
1773586081.2640097,244,0,0,0,0,9.512991000519833,0.0,0.03653699968708679,0.9832922759245419,9.4,593.484375,False
1773586081.47711,245,0,0,0,0,9.599749999324558,0.0,0.034184999094577506,0.9832922759245419,9.4,593.484375,False
1773586081.690087,246,0,0,0,0,9.529434999421937,0.0,0.033945001632673666,0.9832922759245419,9.4,593.484375,False
1773586081.9031224,247,0,0,0,0,9.564120002323762,0.0,0.026760000764625147,4.699552936167352,9.4,593.484375,False
1773586082.1160967,248,0,0,0,0,9.479323998675682,0.0,0.025852001272141933,4.699552936167352,18.8,593.484375,False
1773586082.3289387,249,0,0,0,0,9.405656001035823,0.0,0.02288899850100279,4.699552936167352,9.4,593.484375,False
1773586082.54183,250,0,0,0,0,9.460675002628705,0.0,0.024741002562223002,4.699552936167352,9.4,593.484375,False
1773586082.7547271,251,0,0,0,0,9.416748998773983,0.0,0.02327800029888749,4.699552936167352,9.4,593.484375,False
1773586082.9675593,252,0,0,0,0,9.3787110017729,0.0,0.02274100188515149,4.696451401745466,9.4,593.484375,False
1773586083.180429,253,0,0,0,0,9.407637000549585,0.0,0.023982000129763037,4.696451401745466,18.8,593.484375,False
1773586083.3933861,254,0,0,0,0,9.455508999963058,0.0,0.022592001187149435,4.696451401745466,9.4,593.484375,False
1773586083.6064615,255,0,0,0,0,9.457082000153605,0.0,0.022555999748874456,4.696451401745466,9.4,593.484375,False
1773586083.819452,256,0,0,0,0,9.481879002123605,0.0,0.023722001060377806,4.696451401745466,9.4,593.484375,False
1773586084.0324347,257,0,0,0,0,9.446656997170066,0.0,0.02405600025667809,4.696090681499594,9.4,593.484375,False
1773586084.245416,258,0,0,0,0,9.507211998425191,0.0,0.023389002308249474,4.696090681499594,18.8,593.484375,False
1773586084.4585102,259,0,0,0,0,9.533083000860643,0.0,0.026407997211208567,4.696090681499594,9.4,593.484375,False
1773586084.6715925,260,0,0,0,0,9.500805001152912,0.0,0.02663000122993253,4.696090681499594,9.4,593.484375,False
1773586084.884643,261,0,0,0,0,9.54747200012207,0.0,0.025148001441266388,4.696090681499594,9.4,593.484375,False
1773586085.097633,262,0,0,0,0,9.512082000583177,0.0,0.02631500319694169,4.69390125795046,9.4,593.484375,False
1773586085.3106294,263,0,0,0,0,9.480304997850908,0.0,0.02361200313316658,4.69390125795046,18.8,593.484375,False
1773586085.5235572,264,0,0,0,0,9.468805001233704,0.0,0.02314799712621607,4.69390125795046,9.4,593.484375,False
1773586085.7364476,265,0,0,0,0,9.412507999513764,0.0,0.025167002604575828,4.69390125795046,9.4,593.484375,False
1773586085.9493694,266,0,0,0,0,9.43813800040516,0.0,0.02350000067963265,4.69390125795046,9.4,593.484375,False
1773586086.1623993,267,0,0,0,0,9.505156998784514,0.0,0.023351996787823737,4.6959024559110905,9.4,593.484375,False
1773586086.3754094,268,0,0,0,0,9.415100001206156,0.0,0.023184999008663,4.6959024559110905,18.8,593.484375,False
1773586086.5885212,269,0,0,0,0,9.490563999861479,0.0,0.02346399924135767,4.6959024559110905,9.4,593.484375,False
1773586086.8014865,270,0,0,0,0,9.510453000984853,0.0,0.024019002012209967,4.6959024559110905,9.4,593.484375,False
1773586087.014401,271,0,0,0,0,9.44873000116786,0.0,0.02331500218133442,4.6959024559110905,14.1,593.484375,False
1773586087.2273886,272,0,0,0,0,9.509915998933138,0.0,0.021944000764051452,4.694889031120806,9.4,593.484375,False
1773586087.4403594,273,0,0,0,0,9.495324000454275,0.0,0.023074997443472967,4.694889031120806,14.1,593.484375,False
1773586087.6534176,274,0,0,0,0,9.582638998836046,0.0,0.02375899930484593,4.694889031120806,14.1,593.484375,False
1773586087.86647,275,0,0,0,0,9.546805998979835,0.0,0.024001001293072477,4.694889031120806,9.4,593.484375,False
1773586088.0794091,276,0,0,0,0,9.498138999333605,0.0,0.02325999957975,4.694889031120806,9.4,593.484375,False
1773586088.2924235,277,0,0,0,0,9.534379998513032,0.0,0.02324099841644056,4.694790235096352,9.4,593.484375,False
1773586088.5055232,278,0,0,0,0,9.5421570003964,0.0,0.022944001102587208,4.694790235096352,18.8,593.484375,False
1773586088.7185483,279,0,0,0,0,9.5562130009057,0.0,0.023851996957091615,4.694790235096352,9.4,593.484375,False
1773586088.9317539,280,0,0,0,0,9.530378996714717,0.0,0.023685999622102827,4.694790235096352,9.4,593.484375,False
1773586089.1447535,281,0,0,0,0,9.512175001873402,0.0,0.023130000045057386,4.694790235096352,9.4,593.484375,False
1773586089.357783,282,0,0,0,0,9.507138001936255,0.0,0.02244400093331933,4.693081931869982,9.4,593.484375,False
1773586089.5707667,283,0,0,0,0,9.501841999735916,0.0,0.02401799793005921,4.693081931869982,18.8,593.484375,False
1773586089.7836497,284,0,0,0,0,9.403396998095559,0.0,0.023445001716027036,4.693081931869982,9.4,593.484375,False
1773586089.996597,285,0,0,0,0,9.451861002162332,0.0,0.02316699828952551,4.693081931869982,14.1,593.484375,False
1773586090.2094862,286,0,0,0,0,9.426026997971348,0.0,0.024166998628061265,4.693081931869982,9.4,593.484375,False
1773586090.4224298,287,0,0,0,0,9.47167499907664,0.0,0.02375999974901788,4.696335712831712,9.4,593.484375,False
1773586090.63535,288,0,0,0,0,9.430933998373803,0.0,0.025074001314351335,4.696335712831712,18.8,593.484375,False
1773586090.8482668,289,0,0,0,0,9.453397000470432,0.0,0.02322200089110993,4.696335712831712,9.4,593.484375,False
1773586091.0613024,290,0,0,0,0,9.443007998925168,0.0,0.023982000129763037,4.696335712831712,9.4,593.5,False
1773586091.2744007,291,0,0,0,0,9.49850899996818,0.0,0.02653800038387999,4.696335712831712,9.4,593.5,False
1773586091.4874082,292,0,0,0,0,9.468953001487534,0.0,0.025852001272141933,4.694893235299188,9.4,593.515625,False
1773586091.7004857,293,0,0,0,0,9.523619999527,0.0,0.026704001356847584,4.694893235299188,18.8,593.515625,False
1773586091.9134774,294,0,0,0,0,9.520916999463225,0.0,0.02548100019339472,4.694893235299188,9.4,593.515625,False
1773586092.1264265,295,0,0,0,0,9.473230002186028,0.0,0.026147998141823336,4.694893235299188,9.4,593.515625,False
1773586092.3394127,296,0,0,0,0,9.520620002149371,0.0,0.0259810003626626,4.694893235299188,9.4,593.515625,False
1773586092.5524662,297,0,0,0,0,9.58693500069785,0.0,0.025573997845640406,4.695169676551555,14.1,593.515625,False
1773586092.7649727,298,0,0,0,0,9.040782999363728,0.0,0.024944998585851863,4.695169676551555,14.1,593.515625,False
1773586092.9778962,299,0,0,0,0,9.517323000181932,0.0,0.02627800131449476,4.695169676551555,9.4,593.515625,False
1773586093.1908836,300,0,0,0,0,9.512618998996913,0.0,0.026185000024270266,4.695169676551555,9.4,593.515625,False
1773586093.4039495,301,0,0,0,0,9.47698999880231,0.0,0.024852000933606178,4.695169676551555,9.4,593.515625,False
1773586093.6170382,302,0,0,0,0,9.593268001481192,0.0,0.025074001314351335,4.696714352293441,14.1,593.515625,False
1773586093.8299701,303,0,0,0,0,9.480433996941429,0.0,0.0248889991780743,4.696714352293441,14.1,593.515625,False
1773586094.0429647,304,0,0,0,0,9.476377999817487,0.0,0.02655500065884553,4.696714352293441,9.4,593.515625,False
1773586094.2560246,305,0,0,0,0,9.529212999041192,0.0,0.025370001822011545,4.696714352293441,14.1,593.515625,False
1773586094.4689565,306,0,0,0,0,9.445897001569392,0.0,0.02359300196985714,4.696714352293441,9.4,593.515625,False
1773586094.6817706,307,0,0,0,0,9.426063999853795,0.0,0.02346299879718572,4.695154960227286,9.4,593.515625,False
1773586094.894712,308,0,0,0,0,9.48898999922676,0.0,0.023481003154302016,4.695154960227286,14.1,593.515625,False
1773586095.1075585,309,0,0,0,0,9.389841001393506,0.0,0.02375899930484593,4.695154960227286,9.4,593.515625,False
1773586095.3204093,310,0,0,0,0,9.419619000254897,0.0,0.023649001377634704,4.695154960227286,9.4,593.515625,False
1773586095.5333278,311,0,0,0,0,9.479878001002362,0.0,0.023055999918142334,4.695154960227286,9.4,593.515625,False
1773586095.746222,312,0,0,0,0,9.470156001043506,0.0,0.02323999797226861,4.69746339682401,9.4,593.515625,False
1773586095.9591537,313,0,0,0,0,9.496490001765778,0.0,0.024501001462340355,4.69746339682401,18.8,593.515625,False
1773586096.1720212,314,0,0,0,0,9.443656999792438,0.0,0.024185999791370705,4.69746339682401,9.4,593.515625,False
1773586096.3850513,315,0,0,0,0,9.516804002487333,0.0,0.024130000383593142,4.69746339682401,9.4,593.515625,False
1773586096.598024,316,0,0,0,0,9.5472860011796,0.0,0.024165998183889315,4.69746339682401,9.4,593.515625,False
1773586096.8110173,317,0,0,0,0,9.49537899941788,0.0,0.023130000045057386,4.695944516185952,9.4,593.515625,False
1773586097.0239255,318,0,0,0,0,9.471693003433757,0.0,0.024111999664455652,4.695944516185952,18.8,593.515625,False
1773586097.2369804,319,0,0,0,0,9.557323999615619,0.0,0.023406999389408156,4.695944516185952,9.4,593.515625,False
1773586097.4499466,320,0,0,0,0,9.515694000583608,0.0,0.023074000637279823,4.695944516185952,9.4,593.515625,False
1773586097.6628573,321,0,0,0,0,9.492748999036849,0.0,0.02322300133528188,4.695944516185952,9.4,593.53125,False
1773586097.8757489,322,0,0,0,0,9.471934998146025,0.0,0.023112002963898703,4.695918228425868,9.4,593.53125,False
1773586098.0886636,323,0,0,0,0,9.472322999499738,0.0,0.023370001144940034,4.695918228425868,18.8,593.53125,False
1773586098.3015618,324,0,0,0,0,9.497250001004431,0.0,0.02329600101802498,4.695918228425868,9.4,593.53125,False
1773586098.5146315,325,0,0,0,0,9.56945400321274,0.0,0.024723001843085513,4.695918228425868,14.1,593.53125,False
1773586098.7275777,326,0,0,0,0,9.515526999166468,0.0,0.022852000256534666,4.695918228425868,9.4,593.53125,False
1773586098.9405942,327,0,0,0,0,9.538638998492388,0.0,0.023667002096772194,4.695838315442523,9.4,593.53125,False
1773586099.1535828,328,0,0,0,0,9.486101000220515,0.0,0.023055999918142334,4.695838315442523,18.8,593.53125,False
1773586099.366501,329,0,0,0,0,9.445896997931413,0.0,0.023833999875932932,4.695838315442523,9.4,593.53125,False
1773586099.5794473,330,0,0,0,0,9.451470999920275,0.0,0.02320400017197244,4.695838315442523,9.4,593.53125,False
1773586099.7922847,331,0,0,0,0,9.41098900148063,0.0,0.023721997422399,4.695838315442523,9.4,593.53125,False
1773586100.005131,332,0,0,0,0,9.407451998413308,0.0,0.022870000975672156,4.69625578563874,9.4,593.53125,False
1773586100.2180479,333,0,0,0,0,9.492490000411635,0.0,0.02324099841644056,4.69625578563874,18.8,593.53125,False
1773586100.4309177,334,0,0,0,0,9.443675000511575,0.0,0.022852000256534666,4.69625578563874,9.4,593.53125,False
1773586100.6437485,335,0,0,0,0,9.424007999768946,0.0,0.022147996787680313,4.69625578563874,9.4,593.53125,False
1773586100.8567996,336,0,0,0,0,9.518990002106875,0.0,0.02298199979122728,4.69625578563874,9.4,593.53125,False
1773586101.069668,337,0,0,0,0,9.45219400091446,0.0,0.022501000785268843,4.6971361864706305,9.4,593.53125,False
1773586101.282281,338,0,0,0,0,9.196672999678412,0.0,0.023314998543355614,4.6971361864706305,14.1,593.53125,False
1773586101.4953134,339,0,0,0,0,9.454785998968873,0.0,0.023925997084006667,4.6971361864706305,14.1,593.53125,False
1773586101.7084095,340,0,0,0,0,9.513231001619715,0.0,0.023906999558676034,4.6971361864706305,9.4,593.53125,False
1773586101.9214025,341,0,0,0,0,9.536842000670731,0.0,0.024258999474113807,4.6971361864706305,9.4,593.53125,False
1773586102.1342506,342,0,0,0,0,9.38573000166798,0.0,0.022352000087266788,4.696505041266679,9.4,593.53125,False
1773586102.347059,343,0,0,0,0,9.368359002110083,0.0,0.023130000045057386,4.696505041266679,18.8,593.53125,False
1773586102.5599086,344,0,0,0,0,9.420989001228008,0.0,0.023704000341240317,4.696505041266679,9.4,593.53125,False
1773586102.7727294,345,0,0,0,0,9.371988999191672,0.0,0.02351900184294209,4.696505041266679,9.4,593.53125,False
1773586102.9856734,346,0,0,0,0,9.426804001122946,0.0,0.02324099841644056,4.696505041266679,9.4,593.53125,False
1773586103.1984313,347,0,0,0,0,9.324655999080278,0.0,0.02348099951632321,4.6981411092051575,9.4,593.53125,False
1773586103.4113617,348,0,0,0,0,9.414174000994535,0.0,0.024388999008806422,4.6981411092051575,18.8,593.53125,False
1773586103.6242013,349,0,0,0,0,9.419636997336056,0.0,0.023833999875932932,4.6981411092051575,9.4,593.53125,False
1773586103.8370836,350,0,0,0,0,9.349988999019843,0.0,0.02296299862791784,4.6981411092051575,9.4,593.53125,False
1773586104.0499642,351,0,0,0,0,9.47228600125527,0.0,0.02320400017197244,4.6981411092051575,9.4,593.53125,False
1773586104.2628362,352,0,0,0,0,9.37480400170898,0.0,0.02346299879718572,4.697585454802849,14.1,593.53125,False
1773586104.4756753,353,0,0,0,0,9.380395997141022,0.0,0.022852000256534666,4.697585454802849,14.1,593.53125,False
1773586104.6886904,354,0,0,0,0,9.501397998974426,0.0,0.022982003429206088,4.697585454802849,9.4,593.53125,False
1773586104.9014685,355,0,0,0,0,9.381804000440752,0.0,0.022889002138981596,4.697585454802849,9.4,593.53125,False
1773586105.11428,356,0,0,0,0,9.381952000694582,0.0,0.022389001969713718,4.697585454802849,9.4,593.53125,False
1773586105.327105,357,0,0,0,0,9.306340998591622,0.0,0.022444997739512473,4.698288463860638,9.4,593.53125,False
1773586105.5399582,358,0,0,0,0,9.411692997673526,0.0,0.02346399924135767,4.698288463860638,18.8,593.53125,False
1773586105.7529435,359,0,0,0,0,9.446192998439074,0.0,0.023945001885294914,4.698288463860638,9.4,593.53125,False
1773586105.96582,360,0,0,0,0,9.426804001122946,0.0,0.02490699989721179,4.698288463860638,9.4,593.53125,False
1773586106.1787384,361,0,0,0,0,9.435231000679778,0.0,0.02351900184294209,4.698288463860638,9.4,593.53125,False
1773586106.3916137,362,0,0,0,0,9.442081998713547,0.0,0.022889002138981596,4.6971151455641795,9.4,593.53125,False
1773586106.6046207,363,0,0,0,0,9.48228599736467,0.0,0.022259002435021102,4.6971151455641795,18.8,593.53125,False
1773586106.8175988,364,0,0,0,0,9.486933999141911,0.0,0.02298099934705533,4.6971151455641795,9.4,593.53125,False
1773586107.0305946,365,0,0,0,0,9.511933996691369,0.0,0.02290699922014028,4.6971151455641795,9.4,593.53125,False
1773586107.2435064,366,0,0,0,0,9.478433999902336,0.0,0.02242600021418184,4.6971151455641795,9.4,593.53125,False
1773586107.4564328,367,0,0,0,0,9.49239699912141,0.0,0.023944001441122964,4.695905610405569,9.4,593.53125,False
1773586107.6694822,368,0,0,0,0,9.588583001459483,0.0,0.023352997231995687,4.695905610405569,18.8,593.53125,False
1773586107.8824854,369,0,0,0,0,9.470157001487678,0.0,0.02355600008741021,4.695905610405569,9.4,593.53125,False
1773586108.0954566,370,0,0,0,0,9.474341000895947,0.0,0.024222001229645684,4.695905610405569,9.4,593.53125,False
1773586108.3083076,371,0,0,0,0,9.429544999875361,0.0,0.022575000912183896,4.695905610405569,9.4,593.53125,False
1773586108.521428,372,0,0,0,0,9.52719400083879,0.0,0.022370000806404278,4.69506245972994,9.4,593.53125,False
1773586108.7345269,373,0,0,0,0,9.544472002744442,0.0,0.02572299854364246,4.69506245972994,18.8,593.53125,False
1773586108.9476364,374,0,0,0,0,9.510267998848576,0.0,0.025352001102874056,4.69506245972994,9.4,593.53125,False
1773586109.1606123,375,0,0,0,0,9.50691600155551,0.0,0.024500001018168405,4.69506245972994,9.4,593.546875,False
1773586109.3736134,376,0,0,0,0,9.413341998879332,0.0,0.02327800029888749,4.69506245972994,14.1,593.546875,False
1773586109.586458,377,0,0,0,0,9.393821997946361,0.0,0.023684999177930877,4.69417548094464,9.4,593.546875,False
1773586109.7994173,378,0,0,0,0,9.47447100043064,0.0,0.026185000024270266,4.69417548094464,14.1,593.546875,False
1773586110.0123289,379,0,0,0,0,9.462545000133105,0.0,0.02520400084904395,4.69417548094464,9.4,593.546875,False
1773586110.2253523,380,0,0,0,0,9.472731002460932,0.0,0.022758998966310173,4.69417548094464,9.4,593.546875,False
1773586110.4382005,381,0,0,0,0,9.428989997104509,0.0,0.02353699892410077,4.69417548094464,9.4,593.546875,False
1773586110.6521678,382,0,0,0,0,10.427792996779317,0.0,0.024778000806691125,4.696191635517744,9.3,593.546875,False
1773586110.865352,383,0,0,0,0,9.611361001589103,0.0,0.02544399831094779,4.696191635517744,18.8,593.546875,False
1773586111.0783074,384,0,0,0,0,9.444229999644449,0.0,0.026110999897355214,4.696191635517744,9.4,593.546875,False
1773586111.2913623,385,0,0,0,0,9.494656998867868,0.0,0.025388999347342178,4.696191635517744,9.4,593.546875,False
1773586111.504263,386,0,0,0,0,9.512305001408095,0.0,0.02551800207584165,4.696191635517744,9.4,593.546875,False
1773586111.7173738,387,0,0,0,0,9.493618999840692,0.0,0.025055000151041895,4.690248010479272,9.4,593.546875,False
1773586111.930417,388,0,0,0,0,9.48600800256827,0.0,0.02631499955896288,4.690248010479272,18.8,593.546875,False
1773586112.1432683,389,0,0,0,0,9.412988998519722,0.0,0.025149001885438338,4.690248010479272,9.4,593.546875,False
1773586112.3561022,390,0,0,0,0,9.39369299885584,0.0,0.02355600008741021,4.690248010479272,9.4,593.546875,False
1773586112.5689983,391,0,0,0,0,9.435248997760937,0.0,0.02385200059507042,4.690248010479272,9.4,593.546875,False
1773586112.7819693,392,0,0,0,0,9.518378999928245,0.0,0.02605500048957765,4.696345178074203,14.1,593.5625,False
1773586112.994596,393,0,0,0,0,9.077801998500945,0.0,0.02609300281619653,4.696345178074203,14.1,593.5625,False
1773586113.2073603,394,0,0,0,0,9.363989000121364,0.0,0.02324100205441937,4.696345178074203,9.4,593.5625,False
1773586113.4201887,395,0,0,0,0,9.385599998495309,0.0,0.022518997866427526,4.696345178074203,9.4,593.5625,False
1773586113.6331234,396,0,0,0,0,9.506675000011455,0.0,0.023962998966453597,4.696345178074203,9.4,593.5625,False
1773586113.8459637,397,0,0,0,0,9.439322999241995,0.0,0.02325999957975,4.698776905381737,14.1,593.5625,False
1773586114.058929,398,0,0,0,0,9.479360000113957,0.0,0.024185999791370705,4.698776905381737,18.8,593.5625,False
1773586114.2719133,399,0,0,0,0,9.403897001902806,0.0,0.023092998162610456,4.698776905381737,9.4,593.5625,False
1773586114.4847813,400,0,0,0,0,9.434099996724399,0.0,0.03750099858734757,4.698776905381737,9.4,593.5625,False
1773586114.697618,401,0,0,0,0,9.405748001881875,0.0,0.024111999664455652,4.698776905381737,9.4,593.5625,False
1773586114.910413,402,0,0,0,0,9.3646550012636,0.0,0.02298199979122728,4.697062544122759,9.4,593.5625,False
1773586115.123221,403,0,0,0,0,9.388878002937417,0.0,0.02325900277355686,4.697062544122759,18.8,593.5625,False
1773586115.335982,404,0,0,0,0,9.362229000544176,0.0,0.022518997866427526,4.697062544122759,9.4,593.5625,False
1773586115.5489361,405,0,0,0,0,9.439970999665093,0.0,0.023647997295483947,4.697062544122759,9.4,593.578125,False
1773586115.7617712,406,0,0,0,0,9.413305000634864,0.0,0.02370399670326151,4.697062544122759,9.4,593.578125,False
1773586115.9746444,407,0,0,0,0,9.44719299877761,0.0,0.023130000045057386,4.698560041654409,9.4,593.578125,False
1773586116.1874695,408,0,0,0,0,9.398934002092574,0.0,0.022797001292929053,4.698560041654409,18.8,593.578125,False
1773586116.4002817,409,0,0,0,0,9.391471001436003,0.0,0.023426000552717596,4.698560041654409,9.4,593.578125,False
1773586116.6133084,410,0,0,0,0,9.44841499949689,0.0,0.023093001800589263,4.698560041654409,9.4,593.578125,False
1773586116.826112,411,0,0,0,0,9.421749000466662,0.0,0.02259299799334258,4.698560041654409,14.1,593.578125,False
1773586117.038956,412,0,0,0,0,9.358229999634204,0.0,0.023963999410625547,4.69747286661264,9.4,593.578125,False
1773586117.2517734,413,0,0,0,0,9.383784999954514,0.0,0.023074000637279823,4.69747286661264,14.1,593.578125,False
1773586117.4645853,414,0,0,0,0,9.376747999340296,0.0,0.022963002265896648,4.69747286661264,9.4,593.578125,False
1773586117.6774383,415,0,0,0,0,9.443729999475181,0.0,0.023926000721985474,4.69747286661264,9.4,593.578125,False
1773586117.8903525,416,0,0,0,0,9.390748000441818,0.0,0.02300100095453672,4.69747286661264,14.1,593.578125,False
1773586118.1031573,417,0,0,0,0,9.380858999065822,0.0,0.022759999410482123,4.698489512620254,9.4,593.578125,False
1773586118.315971,418,0,0,0,0,9.378284998092568,0.0,0.023426000552717596,4.698489512620254,14.1,593.578125,False
1773586118.5288508,419,0,0,0,0,9.44404500114615,0.0,0.023888998839538544,4.698489512620254,9.4,593.578125,False
1773586118.7416992,420,0,0,0,0,9.459305001655594,0.0,0.023630000214325264,4.698489512620254,9.4,593.578125,False
1773586118.9545822,421,0,0,0,0,9.39943300181767,0.0,0.02405600025667809,4.698489512620254,14.1,593.578125,False
1773586119.1674838,422,0,0,0,0,9.40506299957633,0.0,0.02353699892410077,4.697859056074304,9.4,593.578125,False
1773586119.3803594,423,0,0,0,0,9.3817119995947,0.0,0.02298199979122728,4.697859056074304,14.1,593.578125,False
1773586119.5932183,424,0,0,0,0,9.440081998036476,0.0,0.022000000171829015,4.697859056074304,9.4,593.578125,False
1773586119.8061335,425,0,0,0,0,9.512509001069702,0.0,0.023074997443472967,4.697859056074304,14.1,593.578125,False
1773586120.0189953,426,0,0,0,0,9.459860000788467,0.0,0.0243520007643383,4.697859056074304,4.7,593.578125,False
1773586120.2319536,427,0,0,0,0,9.527877999062184,0.0,0.02374099858570844,4.697792757456002,9.4,593.578125,False
1773586120.4449618,428,0,0,0,0,9.468434000154957,0.0,0.022685002477373928,4.697792757456002,18.8,593.578125,False
1773586120.6578841,429,0,0,0,0,9.500692998699378,0.0,0.02375999974901788,4.697792757456002,9.4,593.578125,False
1773586120.8707752,430,0,0,0,0,9.460766999836778,0.0,0.022889002138981596,4.697792757456002,9.4,593.578125,False
1773586121.0836275,431,0,0,0,0,9.441360001801513,0.0,0.023332999262493104,4.697792757456002,9.4,593.578125,False
1773586121.2965229,432,0,0,0,0,9.468193002248881,0.0,0.022092001017881557,4.696449298259797,9.4,593.578125,False
1773586121.5093305,433,0,0,0,0,9.228746999724535,0.0,0.023926000721985474,4.696449298259797,18.8,593.578125,False
1773586121.722219,434,0,0,0,0,9.489990003203275,0.0,0.02385200059507042,4.696449298259797,9.4,593.578125,False
1773586121.9351695,435,0,0,0,0,9.454248000110965,0.0,0.024408000172115862,4.696449298259797,9.4,593.578125,False
1773586122.148058,436,0,0,0,0,9.475211998505984,0.0,0.023295997380046174,4.696449298259797,9.4,593.578125,False
1773586122.3610032,437,0,0,0,0,9.518250000837725,0.0,0.022574000468011945,4.697330823792082,9.4,593.578125,False
1773586122.5739458,438,0,0,0,0,9.515100999124115,0.0,0.021723000827478245,4.697330823792082,18.8,593.578125,False
1773586122.7869325,439,0,0,0,0,9.474840997427236,0.0,0.024777997168712318,4.697330823792082,9.4,593.578125,False
1773586122.9998677,440,0,0,0,0,9.499119001702638,0.0,0.02344499807804823,4.697330823792082,9.4,593.578125,False
1773586123.212813,441,0,0,0,0,9.491508000792237,0.0,0.023093001800589263,4.697330823792082,14.1,593.578125,False
1773586123.4256597,442,0,0,0,0,9.412062998308102,0.0,0.022297001123661175,4.69593820709669,9.4,593.578125,False
1773586123.638511,443,0,0,0,0,9.42595200103824,0.0,0.02329700146219693,4.69593820709669,18.8,593.578125,False
1773586123.8513923,444,0,0,0,0,9.404358999745455,0.0,0.022871001419844106,4.69593820709669,9.4,593.578125,False
1773586124.0642083,445,0,0,0,0,9.40852699932293,0.0,0.023167001927504316,4.69593820709669,9.4,593.578125,False
1773586124.2772124,446,0,0,0,0,9.486212002229877,0.0,0.022759999410482123,4.69593820709669,9.4,593.578125,False
1773586124.490054,447,0,0,0,0,9.420877999218646,0.0,0.023167001927504316,4.697569671086438,9.4,593.578125,False
1773586124.7024572,448,0,0,0,0,8.964523000031477,0.0,0.023592998331878334,4.697569671086438,18.8,593.578125,False
1773586124.9152648,449,0,0,0,0,9.428563000255963,0.0,0.02375899930484593,4.697569671086438,9.4,593.578125,False
1773586125.128168,450,0,0,0,0,9.475953000219306,0.0,0.022814998374087736,4.697569671086438,9.4,593.578125,False
1773586125.3410456,451,0,0,0,0,9.432173999812221,0.0,0.022814998374087736,4.697569671086438,9.4,593.578125,False
1773586125.5539196,452,0,0,0,0,9.434044997760793,0.0,0.02240799949504435,4.6999457875782955,9.4,593.578125,False
1773586125.7667358,453,0,0,0,0,9.390988998347893,0.0,0.02344499807804823,4.6999457875782955,18.8,593.578125,False
1773586125.9795303,454,0,0,0,0,9.302193000621628,0.0,0.02375999974901788,4.6999457875782955,9.4,593.578125,False
1773586126.1923935,455,0,0,0,0,9.397637000802206,0.0,0.02292700082762167,4.6999457875782955,9.4,593.578125,False
1773586126.4052603,456,0,0,0,0,9.39176600149949,0.0,0.02344499807804823,4.6999457875782955,9.4,593.578125,False
1773586126.618126,457,0,0,0,0,9.377526002936065,0.0,0.02300000051036477,4.698195839855332,9.4,593.578125,False
1773586126.831055,458,0,0,0,0,9.418229998118477,0.0,0.023055999918142334,4.698195839855332,18.8,593.578125,False
1773586127.0438874,459,0,0,0,0,9.41454400162911,0.0,0.023167001927504316,4.698195839855332,9.4,593.578125,False
1773586127.256771,460,0,0,0,0,9.398193000379251,0.0,0.0387780019082129,4.698195839855332,9.4,593.59375,False
1773586127.469672,461,0,0,0,0,9.496433998720022,0.0,0.02270400000270456,4.698195839855332,9.4,593.59375,False
1773586127.6825426,462,0,0,0,0,9.416785000212258,0.0,0.023369997506961226,4.697497067357046,9.4,593.59375,False
1773586127.895348,463,0,0,0,0,9.389711001858814,0.0,0.023445001716027036,4.697497067357046,18.8,593.609375,False
1773586128.1081805,464,0,0,0,0,9.392766001838027,0.0,0.02288899850100279,4.697497067357046,9.4,593.609375,False
1773586128.321036,465,0,0,0,0,9.408748999703676,0.0,0.022222000552574173,4.697497067357046,9.4,593.609375,False
1773586128.5341206,466,0,0,0,0,9.574341998813907,0.0,0.024388999008806422,4.697497067357046,9.4,593.609375,False
1773586128.7469218,467,0,0,0,0,9.383100001286948,0.0,0.0235010011238046,4.697377118286256,9.4,593.609375,False
1773586128.9597719,468,0,0,0,0,9.419655998499366,0.0,0.02342599691473879,4.697377118286256,18.8,593.609375,False
1773586129.17271,469,0,0,0,0,9.412823001184734,0.0,0.023723001504549757,4.697377118286256,4.7,593.609375,False
1773586129.385599,470,0,0,0,0,9.466490002523642,0.0,0.023148000764194876,4.697377118286256,9.4,593.609375,False
1773586129.5984573,471,0,0,0,0,9.36967399684363,0.0,0.02355600008741021,4.697377118286256,9.4,593.609375,False
1773586129.8113592,472,0,0,0,0,9.377599999425001,0.0,0.023630000214325264,4.697768553664812,9.4,593.609375,False
1773586130.0240343,473,0,0,0,0,9.222581000358332,0.0,0.022019001335138455,4.697768553664812,18.8,593.609375,False
1773586130.2368543,474,0,0,0,0,9.375266999995802,0.0,0.02240799949504435,4.697768553664812,9.4,593.609375,False
1773586130.4497178,475,0,0,0,0,9.426304000953678,0.0,0.022739997803000733,4.697768553664812,9.4,593.609375,False
1773586130.6626346,476,0,0,0,0,9.382710999489063,0.0,0.0243520007643383,4.697768553664812,9.4,593.609375,False
1773586130.8755481,477,0,0,0,0,9.466636998695321,0.0,0.023185002646641806,4.698350566091166,9.4,593.609375,False
1773586131.0884662,478,0,0,0,0,9.37761900058831,0.0,0.024018001568038017,4.698350566091166,18.8,593.609375,False
1773586131.3013024,479,0,0,0,0,9.40959999934421,0.0,0.023074000637279823,4.698350566091166,9.4,593.609375,False
1773586131.514148,480,0,0,0,0,9.418470999662532,0.0,0.02359300196985714,4.698350566091166,14.1,593.609375,False
1773586131.72693,481,0,0,0,0,9.369229999720119,0.0,0.023945001885294914,4.698350566091166,9.4,593.609375,False
1773586131.9398897,482,0,0,0,0,9.393192998686573,0.0,0.024556000425945967,4.697620179352309,9.4,593.609375,False
1773586132.1527328,483,0,0,0,0,9.38071100244997,0.0,0.024130000383593142,4.697620179352309,18.8,593.609375,False
1773586132.365689,484,0,0,0,0,9.445970998058328,0.0,0.023444001271855086,4.697620179352309,9.4,593.609375,False
1773586132.578551,485,0,0,0,0,9.447101001569536,0.0,0.023408003471558914,4.697620179352309,9.4,593.609375,False
1773586132.791381,486,0,0,0,0,9.420451999176294,0.0,0.02375999974901788,4.697620179352309,9.4,593.609375,False
1773586133.0043442,487,0,0,0,0,9.44873000116786,0.0,0.023666001652600244,4.69765911354855,9.4,593.609375,False
1773586133.2167435,488,0,0,0,0,8.940466999774799,0.0,0.023333999706665054,4.69765911354855,18.8,593.609375,False
1773586133.4295876,489,0,0,0,0,9.482599998591468,0.0,0.023277996660908684,4.69765911354855,9.4,593.609375,False
1773586133.6425626,490,0,0,0,0,9.43624800129328,0.0,0.023722001060377806,4.69765911354855,9.4,593.609375,False
1773586133.8554094,491,0,0,0,0,9.422007999091875,0.0,0.022333999368129298,4.69765911354855,9.4,593.609375,False
1773586134.068267,492,0,0,0,0,9.42300799943041,0.0,0.02316699828952551,4.699115926652498,9.4,593.609375,False
1773586134.2812755,493,0,0,0,0,9.474137998040533,0.0,0.02266699812025763,4.699115926652498,18.8,593.609375,False
1773586134.4941752,494,0,0,0,0,9.485007998591755,0.0,0.02344499807804823,4.699115926652498,9.4,593.609375,False
1773586134.7070537,495,0,0,0,0,9.470377997786272,0.0,0.023962998966453597,4.699115926652498,9.4,593.609375,False
1773586134.919962,496,0,0,0,0,9.481934001087211,0.0,0.02383299943176098,4.699115926652498,9.4,593.609375,False
1773586135.1329484,497,0,0,0,0,9.51000799977919,0.0,0.02379700163146481,4.6965902359658385,9.4,593.609375,False
1773586135.3458765,498,0,0,0,0,9.477840998442844,0.0,0.02274100188515149,4.6965902359658385,18.8,593.609375,False
1773586135.5588245,499,0,0,0,0,9.446358999412041,0.0,0.02331500218133442,4.6965902359658385,9.4,593.609375,False
1773586135.7716641,500,0,0,0,0,9.400080998602789,0.0,0.024203000066336244,4.6965902359658385,9.4,593.609375,False
1773586135.984617,501,0,0,0,0,9.37995200001751,0.0,0.02355600008741021,4.6965902359658385,9.4,593.609375,False
1773586136.197538,502,0,0,0,0,9.441489000892034,0.0,0.022054999135434628,4.696340971295053,9.4,593.609375,False
1773586136.410372,503,0,0,0,0,9.381656000186922,0.0,0.022963002265896648,4.696340971295053,18.8,593.609375,False
1773586136.6231506,504,0,0,0,0,9.358358998724725,0.0,0.02349999704165384,4.696340971295053,9.4,593.609375,False
1773586136.8359442,505,0,0,0,0,9.360822001326596,0.0,0.023982000129763037,4.696340971295053,9.4,593.609375,False
1773586137.048895,506,0,0,0,0,9.424137999303639,0.0,0.021740001102443784,4.696340971295053,9.4,593.609375,False
1773586137.2617757,507,0,0,0,0,9.381228999700397,0.0,0.023055999918142334,4.697967453084215,9.4,593.609375,False
1773586137.474633,508,0,0,0,0,9.406525998201687,0.0,0.023833999875932932,4.697967453084215,18.8,593.609375,False
1773586137.6874716,509,0,0,0,0,9.39569199908874,0.0,0.02431499888189137,4.697967453084215,9.4,593.609375,False
1773586137.9003384,510,0,0,0,0,9.363469998788787,0.0,0.02296299862791784,4.697967453084215,9.4,593.609375,False
1773586138.1132247,511,0,0,0,0,9.426821998204105,0.0,0.023352000425802544,4.697967453084215,9.4,593.609375,False
1773586138.3260617,512,0,0,0,0,9.382692998769926,0.0,0.023074000637279823,4.698060068084451,9.4,593.609375,False
1773586138.5389059,513,0,0,0,0,9.389970000484027,0.0,0.024925997422542423,4.698060068084451,18.8,593.609375,False
1773586138.7517133,514,0,0,0,0,9.348599000077229,0.0,0.023888998839538544,4.698060068084451,9.4,593.609375,False
1773586138.9645064,515,0,0,0,0,9.366895999846747,0.0,0.023054999473970383,4.698060068084451,9.4,593.609375,False
1773586139.1773894,516,0,0,0,0,9.398897000210127,0.0,0.02329600101802498,4.698060068084451,9.4,593.609375,False
1773586139.390378,517,0,0,0,0,9.421581999049522,0.0,0.023184999008663,4.698383196734625,14.1,593.609375,False
1773586139.6033168,518,0,0,0,0,9.38852600302198,0.0,0.023666998458793387,4.698383196734625,14.1,593.625,False
1773586139.816138,519,0,0,0,0,9.40117400023155,0.0,0.02320400017197244,4.698383196734625,9.4,593.625,False
1773586140.0289912,520,0,0,0,0,9.425265998288523,0.0,0.02342599691473879,4.698383196734625,9.4,593.625,False
1773586140.241766,521,0,0,0,0,9.360210999147967,0.0,0.02229699748568237,4.698383196734625,14.1,593.625,False
1773586140.4546394,522,0,0,0,0,9.449599998333724,0.0,0.022315001842798665,4.697812752080317,9.4,593.625,False
1773586140.667507,523,0,0,0,0,9.38478500029305,0.0,0.02320400017197244,4.697812752080317,14.1,593.625,False
1773586140.880301,524,0,0,0,0,9.374359000503318,0.0,0.02353699892410077,4.697812752080317,9.4,593.625,False
1773586141.093093,525,0,0,0,0,9.361674001411302,0.0,0.023092998162610456,4.697812752080317,14.1,593.625,False
1773586141.306067,526,0,0,0,0,9.381971001857892,0.0,0.02379600118729286,4.697812752080317,9.4,593.625,False
1773586141.518963,527,0,0,0,0,9.397433001140598,0.0,0.02405600025667809,4.697984291903565,9.4,593.625,False
1773586141.7313154,528,0,0,0,0,8.877893000317272,0.0,0.023148000764194876,4.697984291903565,18.8,593.625,False
1773586141.9442248,529,0,0,0,0,9.414822998223826,0.0,0.023888998839538544,4.697984291903565,9.4,593.625,False
1773586142.1571767,530,0,0,0,0,9.426765998796327,0.0,0.023110998881747946,4.697984291903565,9.4,593.625,False
1773586142.3699708,531,0,0,0,0,9.371489002660383,0.0,0.02325999957975,4.697984291903565,9.4,593.625,False
1773586142.5828176,532,0,0,0,0,9.412970997800585,0.0,0.022815002012066543,4.699610859191084,9.4,593.625,False
1773586142.7956572,533,0,0,0,0,9.375655001349514,0.0,0.02264899740112014,4.699610859191084,18.8,593.625,False
1773586143.0084524,534,0,0,0,0,9.375655001349514,0.0,0.022223000996746123,4.699610859191084,9.4,593.640625,False
1773586143.2213447,535,0,0,0,0,9.401433999300934,0.0,0.02301900167367421,4.699610859191084,9.4,593.640625,False
1773586143.4343503,536,0,0,0,0,9.446934000152396,0.0,0.023111002519726753,4.699610859191084,9.4,593.640625,False
1773586143.6472154,537,0,0,0,0,9.452248999878066,0.0,0.024204000510508195,4.6976412247836485,9.4,593.640625,False
1773586143.8599772,538,0,0,0,0,9.34235900058411,0.0,0.024203996872529387,4.6976412247836485,14.1,593.640625,False
1773586144.072873,539,0,0,0,0,9.402691997820511,0.0,0.022740998247172683,4.6976412247836485,9.4,593.640625,False
1773586144.2858229,540,0,0,0,0,9.400322000146843,0.0,0.022944001102587208,4.6976412247836485,9.4,593.640625,False
1773586144.498675,541,0,0,0,0,9.343693000118947,0.0,0.02385200059507042,4.6976412247836485,9.4,593.640625,False
1773586144.711537,542,0,0,0,0,9.328377000201726,0.0,0.024408000172115862,4.6973213545761405,9.4,593.640625,False
1773586144.9243686,543,0,0,0,0,9.385433000716148,0.0,0.023074000637279823,4.6973213545761405,18.8,593.640625,False
1773586145.1372297,544,0,0,0,0,9.42191499780165,0.0,0.02214800042565912,4.6973213545761405,9.4,593.640625,False
1773586145.3500063,545,0,0,0,0,9.364802997879451,0.0,0.022370000806404278,4.6973213545761405,9.4,593.65625,False
1773586145.5628724,546,0,0,0,0,9.366136997414287,0.0,0.023649001377634704,4.6973213545761405,14.1,593.65625,False
1773586145.7757118,547,0,0,0,0,9.396766999998363,0.0,0.024203996872529387,4.69891166574316,9.4,593.65625,False
1773586145.9886572,548,0,0,0,0,9.36982200073544,0.0,0.022982003429206088,4.69891166574316,18.8,593.65625,False
1773586146.201434,549,0,0,0,0,9.384896002302412,0.0,0.023963999410625547,4.69891166574316,9.4,593.65625,False
1773586146.414313,550,0,0,0,0,9.369507999508642,0.0,0.024554999981774017,4.69891166574316,9.4,593.65625,False
1773586146.6271746,551,0,0,0,0,9.388728998601437,0.0,0.024184999347198755,4.69891166574316,9.4,593.65625,False
1773586146.8399804,552,0,0,0,0,9.393748001457425,0.0,0.022055999579606578,4.697884313183028,9.4,593.65625,False
1773586147.0530074,553,0,0,0,0,9.467897001741221,0.0,0.022554999304702505,4.697884313183028,18.8,593.65625,False
1773586147.265847,554,0,0,0,0,9.416026001417777,0.0,0.02383299943176098,4.697884313183028,9.4,593.65625,False
1773586147.4786334,555,0,0,0,0,9.358433002489619,0.0,0.023110998881747946,4.697884313183028,9.4,593.65625,False
1773586147.6915174,556,0,0,0,0,9.411081999132875,0.0,0.024962999304989353,4.697884313183028,9.4,593.65625,False
1773586147.9044166,557,0,0,0,0,9.403285002917983,0.0,0.02377800046815537,4.697724356080962,9.4,593.65625,False
1773586148.11738,558,0,0,0,0,9.443045000807615,0.0,0.022352000087266788,4.697724356080962,18.8,593.65625,False
1773586148.3303459,559,0,0,0,0,9.409544996742625,0.0,0.023686003260081634,4.697724356080962,9.4,593.65625,False
1773586148.5432253,560,0,0,0,0,9.46028600083082,0.0,0.023036998754832894,4.697724356080962,9.4,593.65625,False
1773586148.7560554,561,0,0,0,0,9.448933000385296,0.0,0.02374099858570844,4.697724356080962,9.4,593.65625,False
1773586148.9689512,562,0,0,0,0,9.439082001335919,0.0,0.02183399919886142,4.6968437347705185,9.4,593.65625,False
1773586149.1818311,563,0,0,0,0,9.401100000104634,0.0,0.02237099761259742,4.6968437347705185,18.8,593.65625,False
1773586149.3948784,564,0,0,0,0,9.535730998322833,0.0,0.026888999855145812,4.6968437347705185,9.4,593.65625,False
1773586149.6078308,565,0,0,0,0,9.454155999264913,0.0,0.02314899757038802,4.6968437347705185,9.4,593.65625,False
1773586149.8206656,566,0,0,0,0,9.403452000697143,0.0,0.02407400097581558,4.6968437347705185,9.4,593.65625,False
1773586150.0335612,567,0,0,0,0,9.41424800112145,0.0,0.022462998458649963,4.6966070649139615,9.4,593.65625,False
1773586150.246059,568,0,0,0,0,9.03446700249333,0.0,0.024796001525828615,4.6966070649139615,18.8,593.65625,False
1773586150.459118,569,0,0,0,0,9.48149000032572,0.0,0.027296999178361148,4.6966070649139615,9.4,593.65625,False
1773586150.6720655,570,0,0,0,0,9.474859998590546,0.0,0.027333000616636127,4.6966070649139615,9.4,593.65625,False
1773586150.884973,571,0,0,0,0,9.44532299763523,0.0,0.025612000172259286,4.6966070649139615,9.4,593.65625,False
1773586151.0979323,572,0,0,0,0,9.442267000849824,0.0,0.026406996767036617,4.6975644098712035,9.4,593.65625,False
1773586151.3107986,573,0,0,0,0,9.423248000530293,0.0,0.02627800131449476,4.6975644098712035,18.8,593.65625,False
1773586151.523713,574,0,0,0,0,9.397229998285184,0.0,0.02705599763430655,4.6975644098712035,9.4,593.65625,False
1773586151.7367473,575,0,0,0,0,9.483100999204908,0.0,0.02577800114522688,4.6975644098712035,9.4,593.65625,False
1773586151.9497528,576,0,0,0,0,9.492434001003858,0.0,0.024722001398913562,4.6975644098712035,9.4,593.65625,False
1773586152.1626186,577,0,0,0,0,9.471951998420991,0.0,0.025666002329671755,4.696355695055053,9.4,593.65625,False
1773586152.3755322,578,0,0,0,0,9.433100000023842,0.0,0.02651899922057055,4.696355695055053,18.8,593.65625,False
1773586152.5885227,579,0,0,0,0,9.460840999963693,0.0,0.02663000122993253,4.696355695055053,9.4,593.65625,False
1773586152.8016367,580,0,0,0,0,9.583063998434227,0.0,0.02548200063756667,4.696355695055053,9.4,593.65625,False
1773586153.0145335,581,0,0,0,0,9.453599999687867,0.0,0.026351997803431004,4.696355695055053,9.4,593.65625,False
1773586153.2274988,582,0,0,0,0,9.40645200171275,0.0,0.026462999812792987,4.695059306368139,9.4,593.65625,False
1773586153.4405377,583,0,0,0,0,9.510489999229321,0.0,0.025610999728087336,4.695059306368139,18.8,593.65625,False
1773586153.6542854,584,0,0,0,0,10.303124003257835,0.0,0.02596299964352511,4.695059306368139,9.4,593.65625,False
1773586153.867196,585,0,0,0,0,9.43887700123014,0.0,0.0270549971901346,4.695059306368139,9.4,593.65625,False
1773586154.080197,586,0,0,0,0,9.477358998992713,0.0,0.026999998226528987,4.695059306368139,9.4,593.65625,False
1773586154.2930799,587,0,0,0,0,9.424617997865425,0.0,0.023796997993486002,4.692331134190944,14.1,593.65625,False
1773586154.5060232,588,0,0,0,0,9.41628500004299,0.0,0.023018998035695404,4.692331134190944,14.1,593.65625,False
1773586154.718851,589,0,0,0,0,9.397008001542417,0.0,0.02377800046815537,4.692331134190944,9.4,593.65625,False
1773586154.9317136,590,0,0,0,0,9.375487999932375,0.0,0.024852000933606178,4.692331134190944,9.4,593.65625,False
1773586155.1445472,591,0,0,0,0,9.387229001731612,0.0,0.02303800283698365,4.692331134190944,14.1,593.65625,False
1773586155.3573544,592,0,0,0,0,9.38228500308469,0.0,0.02320400017197244,4.697842218152696,9.4,593.65625,False
1773586155.5703406,593,0,0,0,0,9.396026001923019,0.0,0.022352000087266788,4.697842218152696,18.8,593.65625,False
1773586155.7831023,594,0,0,0,0,9.333191999758128,0.0,0.024222001229645684,4.697842218152696,9.4,593.65625,False
1773586155.995903,595,0,0,0,0,9.367913997266442,0.0,0.022889002138981596,4.697842218152696,9.4,593.65625,False
1773586156.2087321,596,0,0,0,0,9.387711001181742,0.0,0.02377800046815537,4.697842218152696,4.7,593.65625,False
1773586156.4215286,597,0,0,0,0,9.360562002257211,0.0,0.02312999640707858,4.698428459345297,9.4,593.65625,False
1773586156.634364,598,0,0,0,0,9.335562001069775,0.0,0.024425997253274545,4.698428459345297,18.8,593.65625,False
1773586156.8472073,599,0,0,0,0,9.350673000881216,0.0,0.02431499888189137,4.698428459345297,9.4,593.65625,False
1773586157.0601344,600,0,0,0,0,9.471895999013213,0.0,0.023407999833580106,4.698428459345297,9.4,593.65625,False
1773586157.2728837,601,0,0,0,0,9.361358999740332,0.0,0.02320400017197244,4.698428459345297,9.4,593.65625,False
1773586157.4856594,602,0,0,0,0,9.339414002170088,0.0,0.022740998247172683,4.698547409432933,9.4,593.65625,False
1773586157.6984544,603,0,0,0,0,9.360654999909457,0.0,0.023092998162610456,4.698547409432933,18.8,593.65625,False
1773586157.9112256,604,0,0,0,0,9.332006000477122,0.0,0.023445001716027036,4.698547409432933,9.4,593.65625,False
1773586158.1240788,605,0,0,0,0,9.356192000268493,0.0,0.023332999262493104,4.698547409432933,9.4,593.671875,False
1773586158.336892,606,0,0,0,0,9.383413998875767,0.0,0.022612002794630826,4.698547409432933,14.1,593.671875,False
1773586158.5497644,607,0,0,0,0,9.436303000256885,0.0,0.022815002012066543,4.699197004204547,9.4,593.671875,False
1773586158.7620578,608,0,0,0,0,8.86807800270617,0.0,0.022537999029736966,4.699197004204547,14.1,593.671875,False
1773586158.9748857,609,0,0,0,0,9.34346999929403,0.0,0.023017997591523454,4.699197004204547,9.4,593.671875,False
1773586159.1876497,610,0,0,0,0,9.341691998997703,0.0,0.024556000425945967,4.699197004204547,9.4,593.671875,False
1773586159.40038,611,0,0,0,0,9.311785001045791,0.0,0.021796000510221347,4.699197004204547,9.4,593.671875,False
1773586159.6132553,612,0,0,0,0,9.364154997456353,0.0,0.022814998374087736,4.701162674442638,14.1,593.671875,False
1773586159.8260953,613,0,0,0,0,9.3433219990402,0.0,0.023054999473970383,4.701162674442638,14.1,593.671875,False
1773586160.0388322,614,0,0,0,0,9.310710000136169,0.0,0.02361100268899463,4.701162674442638,9.4,593.671875,False
1773586160.2516186,615,0,0,0,0,9.312320999015355,0.0,0.022537002223543823,4.701162674442638,9.4,593.671875,False
1773586160.4640977,616,0,0,0,0,8.861356000124943,0.0,0.023908000002847984,4.701162674442638,9.4,593.671875,False
1773586160.6769533,617,0,0,0,0,9.438266002689488,0.0,0.023093001800589263,4.70095612803786,14.1,593.671875,False
1773586160.8897839,618,0,0,0,0,9.39537700105575,0.0,0.023611999495187774,4.70095612803786,14.1,593.671875,False
1773586161.1025915,619,0,0,0,0,9.374840999953449,0.0,0.023055999918142334,4.70095612803786,9.4,593.671875,False
1773586161.3153815,620,0,0,0,0,9.327469997515436,0.0,0.023388998670270666,4.70095612803786,9.4,593.671875,False
1773586161.5281668,621,0,0,0,0,9.353802997793537,0.0,0.023055999918142334,4.70095612803786,9.4,593.671875,False
1773586161.74107,622,0,0,0,0,9.436913998797536,0.0,0.02272200072184205,4.698781116526031,14.1,593.671875,False
1773586161.9540415,623,0,0,0,0,9.42254499750561,0.0,0.023389002308249474,4.698781116526031,18.8,593.671875,False
1773586162.166877,624,0,0,0,0,9.332321002148092,0.0,0.02157400012947619,4.698781116526031,9.4,593.671875,False
1773586162.379661,625,0,0,0,0,9.402433002833277,0.0,0.022055999579606578,4.698781116526031,9.4,593.671875,False
1773586162.5926287,626,0,0,0,0,9.384709999721963,0.0,0.023093001800589263,4.698781116526031,9.4,593.671875,False
1773586162.8055522,627,0,0,0,0,9.410877999471268,0.0,0.02373999814153649,4.69730767688718,9.4,593.671875,False
1773586163.0184886,628,0,0,0,0,9.423080999113154,0.0,0.02464800127199851,4.69730767688718,18.8,593.671875,False
1773586163.231303,629,0,0,0,0,9.378599999763537,0.0,0.023649001377634704,4.69730767688718,4.7,593.671875,False
1773586163.4441977,630,0,0,0,0,9.431471000425518,0.0,0.02429599771858193,4.69730767688718,9.4,593.6875,False
1773586163.6570966,631,0,0,0,0,9.462712001550244,0.0,0.023128999600885436,4.69730767688718,14.1,593.703125,False
1773586163.8698773,632,0,0,0,0,9.359599000163144,0.0,0.023389002308249474,4.69725717534103,9.4,593.703125,False
1773586164.0827515,633,0,0,0,0,9.417433000635356,0.0,0.02274000144097954,4.69725717534103,14.1,593.703125,False
1773586164.2955484,634,0,0,0,0,9.346118000394199,0.0,0.022759999410482123,4.69725717534103,14.1,593.703125,False
1773586164.5083575,635,0,0,0,0,9.38400700033526,0.0,0.022797001292929053,4.69725717534103,9.4,593.703125,False
1773586164.7213268,636,0,0,0,0,9.44374799655634,0.0,0.023704000341240317,4.69725717534103,9.4,593.703125,False
1773586164.934223,637,0,0,0,0,9.365247999085113,0.0,0.023055999918142334,4.698151634231159,9.4,593.703125,False
1773586165.1470866,638,0,0,0,0,9.341451001091627,0.0,0.023110998881747946,4.698151634231159,18.8,593.703125,False
1773586165.360024,639,0,0,0,0,9.363359000417404,0.0,0.02353699892410077,4.698151634231159,9.4,593.703125,False
1773586165.5729585,640,0,0,0,0,9.487248000368709,0.0,0.02385200059507042,4.698151634231159,9.4,593.703125,False
1773586165.7858295,641,0,0,0,0,9.395895998750348,0.0,0.022629999875789508,4.698151634231159,9.4,593.703125,False
1773586165.998625,642,0,0,0,0,9.343821002403274,0.0,0.023445001716027036,4.697015203832773,9.4,593.703125,False
1773586166.2114596,643,0,0,0,0,9.32378400102607,0.0,0.02385200059507042,4.697015203832773,18.8,593.703125,False
1773586166.4242046,644,0,0,0,0,9.318394997535506,0.0,0.02322300133528188,4.697015203832773,9.4,593.703125,False
1773586166.6369827,645,0,0,0,0,9.345080998173216,0.0,0.022481999621959403,4.697015203832773,9.4,593.703125,False
1773586166.8498752,646,0,0,0,0,9.359988998767221,0.0,0.023704000341240317,4.697015203832773,9.4,593.703125,False
1773586167.0627444,647,0,0,0,0,9.351135999168037,0.0,0.02301900167367421,4.699107503171163,9.4,593.703125,False
1773586167.2751598,648,0,0,0,0,8.947985999839148,0.0,0.023092001356417313,4.699107503171163,18.8,593.703125,False
1773586167.488084,649,0,0,0,0,9.3537290013046,0.0,0.02463000055286102,4.699107503171163,9.4,593.703125,False
1773586167.7009723,650,0,0,0,0,9.35389499863959,0.0,0.024147997464751825,4.699107503171163,9.4,593.703125,False
1773586167.9138014,651,0,0,0,0,9.411119001015322,0.0,0.02409300213912502,4.699107503171163,9.4,593.703125,False
1773586168.1265676,652,0,0,0,0,9.320858000137378,0.0,0.02320400017197244,4.699544511119209,9.4,593.703125,False
1773586168.339354,653,0,0,0,0,9.289227997214766,0.0,0.022778000129619613,4.699544511119209,18.8,593.703125,False
1773586168.5522554,654,0,0,0,0,9.379377999721328,0.0,0.024722998205106705,4.699544511119209,9.4,593.703125,False
1773586168.7650826,655,0,0,0,0,9.354765999887604,0.0,0.022870000975672156,4.699544511119209,9.4,593.703125,False
1773586168.977917,656,0,0,0,0,9.396099001605762,0.0,0.023018998035695404,4.699544511119209,9.4,593.703125,False
1773586169.1908154,657,0,0,0,0,9.365414000058081,0.0,0.023036998754832894,4.698831650846322,9.4,593.703125,False
1773586169.4035707,658,0,0,0,0,9.30667400098173,0.0,0.023796997993486002,4.698831650846322,18.8,593.703125,False
1773586169.616444,659,0,0,0,0,9.376747999340296,0.0,0.02383299943176098,4.698831650846322,9.4,593.703125,False
1773586169.8293555,660,0,0,0,0,9.390636998432456,0.0,0.02383300306973979,4.698831650846322,9.4,593.703125,False
1773586170.0421593,661,0,0,0,0,9.35700700210873,0.0,0.022629999875789508,4.698831650846322,9.4,593.703125,False
1773586170.2548974,662,0,0,0,0,9.305396000854671,0.0,0.02290799966431223,4.6981453192099,9.4,593.703125,False
1773586170.4677913,663,0,0,0,0,9.400450999237364,0.0,0.025499997718725353,4.6981453192099,18.8,593.703125,False
1773586170.6806962,664,0,0,0,0,9.39554399883491,0.0,0.02374099858570844,4.6981453192099,9.4,593.703125,False
1773586170.893467,665,0,0,0,0,9.34393300121883,0.0,0.022500000341096893,4.6981453192099,9.4,593.703125,False
1773586171.1062555,666,0,0,0,0,9.345340000436408,0.0,0.023389002308249474,4.6981453192099,9.4,593.703125,False
1773586171.3192108,667,0,0,0,0,9.327599000243936,0.0,0.02361100268899463,4.698039018900116,14.1,593.703125,False
1773586171.5320604,668,0,0,0,0,9.401229999639327,0.0,0.022815002012066543,4.698039018900116,14.1,593.703125,False
1773586171.7450376,669,0,0,0,0,9.35795099940151,0.0,0.023500997485825792,4.698039018900116,9.4,593.703125,False
1773586171.9579253,670,0,0,0,0,9.375320998515235,0.0,0.02359300196985714,4.698039018900116,9.4,593.703125,False
1773586172.1707318,671,0,0,0,0,9.362691998830996,0.0,0.023055999918142334,4.698039018900116,14.1,593.703125,False
1773586172.383507,672,0,0,0,0,9.31911800216767,0.0,0.023667002096772194,4.697838008691154,9.4,593.703125,False
1773586172.596309,673,0,0,0,0,9.352081000542967,0.0,0.022184998670127243,4.697838008691154,18.8,593.703125,False
1773586172.8090727,674,0,0,0,0,9.339135998743586,0.0,0.022593001631321386,4.697838008691154,9.4,593.703125,False
1773586173.0219176,675,0,0,0,0,9.337931998743443,0.0,0.022648000594926998,4.697838008691154,9.4,593.71875,False
1773586173.2346842,676,0,0,0,0,9.348839997983305,0.0,0.02324100205441937,4.697838008691154,9.4,593.71875,False
1773586173.4474897,677,0,0,0,0,9.329377000540262,0.0,0.022111002181190997,4.699449731409051,9.4,593.71875,False
1773586173.6602921,678,0,0,0,0,9.359174000564963,0.0,0.023407999833580106,4.699449731409051,18.8,593.71875,False
1773586173.8730998,679,0,0,0,0,9.340895998320775,0.0,0.022740998247172683,4.699449731409051,9.4,593.71875,False
1773586174.0858967,680,0,0,0,0,9.26091300061671,0.0,0.02294500154675916,4.699449731409051,9.4,593.71875,False
1773586174.2985728,681,0,0,0,0,9.246525001799455,0.0,0.022814998374087736,4.699449731409051,9.4,593.71875,False
1773586174.5113022,682,0,0,0,0,9.271431998058688,0.0,0.02268599928356707,4.699815180893913,9.4,593.71875,False
1773586174.7240179,683,0,0,0,0,9.253543001250364,0.0,0.024575001589255407,4.699815180893913,18.8,593.71875,False
1773586174.936806,684,0,0,0,0,9.345710001070984,0.0,0.02324100205441937,4.699815180893913,9.4,593.71875,False
1773586175.1496553,685,0,0,0,0,9.360914998978842,0.0,0.022999996872385964,4.699815180893913,9.4,593.71875,False
1773586175.3620799,686,0,0,0,0,8.861002999765333,0.0,0.023130000045057386,4.699815180893913,9.4,593.71875,False
1773586175.5747979,687,0,0,0,0,9.317099000327289,0.0,0.023667002096772194,4.701656984167303,9.4,593.71875,False
1773586175.7874165,688,0,0,0,0,9.13209800273762,0.0,0.02325999957975,4.701656984167303,18.8,593.71875,False
1773586176.00018,689,0,0,0,0,9.344006997707766,0.0,0.023926000721985474,4.701656984167303,9.4,593.71875,False
1773586176.2130017,690,0,0,0,0,9.344802998384694,0.0,0.023444001271855086,4.701656984167303,9.4,593.71875,False
1773586176.4257615,691,0,0,0,0,9.346062000986421,0.0,0.023908000002847984,4.701656984167303,9.4,593.71875,False
1773586176.6385574,692,0,0,0,0,9.369785002490971,0.0,0.02272200072184205,4.700524125366915,9.4,593.71875,False
1773586176.8513477,693,0,0,0,0,9.337321000202792,0.0,0.02355499964323826,4.700524125366915,18.8,593.71875,False
1773586177.0641162,694,0,0,0,0,9.326561998022953,0.0,0.02324099841644056,4.700524125366915,9.4,593.71875,False
1773586177.2769897,695,0,0,0,0,9.348284002044238,0.0,0.02292600038344972,4.700524125366915,9.4,593.71875,False
1773586177.4899256,696,0,0,0,0,9.431359001609962,0.0,0.023167001927504316,4.700524125366915,9.4,593.71875,False
1773586177.7027826,697,0,0,0,0,9.359322000818793,0.0,0.02329700146219693,4.698562147031259,9.4,593.71875,False
1773586177.915688,698,0,0,0,0,9.36774699948728,0.0,0.023093001800589263,4.698562147031259,18.8,593.71875,False
1773586178.1285145,699,0,0,0,0,9.386155998072354,0.0,0.023092998162610456,4.698562147031259,4.7,593.71875,False
1773586178.3413842,700,0,0,0,0,9.423506999155506,0.0,0.02240799949504435,4.698562147031259,14.1,593.71875,False
1773586178.5542355,701,0,0,0,0,9.370970001327805,0.0,0.022574000468011945,4.698562147031259,9.4,593.71875,False
1773586178.767045,702,0,0,0,0,9.313802998804022,0.0,0.02329600101802498,4.697575984560274,9.4,593.71875,False
1773586178.9799092,703,0,0,0,0,9.420692000276176,0.0,0.022759999410482123,4.697575984560274,18.8,593.71875,False
1773586179.1927245,704,0,0,0,0,9.353525001642993,0.0,0.022832999093225226,4.697575984560274,9.4,593.71875,False
1773586179.4056544,705,0,0,0,0,9.401358998729847,0.0,0.02216700158896856,4.697575984560274,9.4,593.71875,False
1773586179.6185374,706,0,0,0,0,9.375025001645554,0.0,0.023407999833580106,4.697575984560274,9.4,593.71875,False
1773586179.8313293,707,0,0,0,0,9.364784997160314,0.0,0.02333300290047191,4.698180052036918,9.4,593.71875,False
1773586180.0442255,708,0,0,0,0,9.386285000800854,0.0,0.02324100205441937,4.698180052036918,18.8,593.71875,False
1773586180.257216,709,0,0,0,0,9.405618999153376,0.0,0.022610998712480068,4.698180052036918,9.4,593.71875,False
1773586180.4701378,710,0,0,0,0,9.478284999204334,0.0,0.02350000067963265,4.698180052036918,9.4,593.71875,False
1773586180.6829252,711,0,0,0,0,9.34813599815243,0.0,0.02377800046815537,4.698180052036918,9.4,593.71875,False
1773586180.8957598,712,0,0,0,0,9.41943399811862,0.0,0.022889002138981596,4.697578089055324,9.4,593.71875,False
1773586181.1087472,713,0,0,0,0,9.447840999200707,0.0,0.02325999957975,4.697578089055324,18.8,593.71875,False
1773586181.3215601,714,0,0,0,0,9.394433000124991,0.0,0.022758998966310173,4.697578089055324,9.4,593.71875,False
1773586181.5344534,715,0,0,0,0,9.421247999853222,0.0,0.02327800029888749,4.697578089055324,9.4,593.734375,False
1773586181.747537,716,0,0,0,0,9.445822000998305,0.0,0.02405499981250614,4.697578089055324,9.4,593.734375,False
1773586181.9604063,717,0,0,0,0,9.417913999641314,0.0,0.023295997380046174,4.6964892648097205,9.4,593.734375,False
1773586182.1733148,718,0,0,0,0,9.37652599895955,0.0,0.023352000425802544,4.6964892648097205,18.8,593.734375,False
1773586182.3862004,719,0,0,0,0,9.373285000037868,0.0,0.022555999748874456,4.6964892648097205,9.4,593.734375,False
1773586182.599078,720,0,0,0,0,9.384524997585686,0.0,0.022963002265896648,4.6964892648097205,9.4,593.734375,False
1773586182.8118525,721,0,0,0,0,9.341747001599288,0.0,0.023610999051015824,4.6964892648097205,9.4,593.734375,False
1773586183.0247233,722,0,0,0,0,9.396229001140455,0.0,0.02296399907208979,4.6977822340378825,9.4,593.734375,False
1773586183.2375097,723,0,0,0,0,9.32689500041306,0.0,0.021758998627774417,4.6977822340378825,18.8,593.734375,False
1773586183.450289,724,0,0,0,0,9.320394998212578,0.0,0.023111002519726753,4.6977822340378825,9.4,593.734375,False
1773586183.663121,725,0,0,0,0,9.402174000570085,0.0,0.023389002308249474,4.6977822340378825,9.4,593.734375,False
1773586183.8759077,726,0,0,0,0,9.342525001557078,0.0,0.0238150023506023,4.6977822340378825,9.4,593.734375,False
1773586184.0888286,727,0,0,0,0,9.36591399658937,0.0,0.023962998966453597,4.6990959209336385,9.4,593.734375,False
1773586184.301705,728,0,0,0,0,9.321784000348998,0.0,0.022778000129619613,4.6990959209336385,18.8,593.734375,False
1773586184.5145602,729,0,0,0,0,9.356766000564676,0.0,0.024001001293072477,4.6990959209336385,9.4,593.734375,False
1773586184.7273297,730,0,0,0,0,9.352118002425414,0.0,0.02346299879718572,4.6990959209336385,9.4,593.734375,False
1773586184.9400752,731,0,0,0,0,9.334284000942716,0.0,0.02372299786657095,4.6990959209336385,9.4,593.734375,False
1773586185.152986,732,0,0,0,0,9.396415000082925,0.0,0.02292600038344972,4.698136899207961,9.4,593.734375,False
1773586185.3658004,733,0,0,0,0,9.356580998428399,0.0,0.022352000087266788,4.698136899207961,18.8,593.734375,False
1773586185.578587,734,0,0,0,0,9.349025000119582,0.0,0.023814998712623492,4.698136899207961,9.4,593.734375,False
1773586185.7913897,735,0,0,0,0,9.372266998980194,0.0,0.023352000425802544,4.698136899207961,9.4,593.734375,False
1773586186.0041687,736,0,0,0,0,9.349617997941095,0.0,0.02353700256207958,4.698136899207961,9.4,593.734375,False
1773586186.216977,737,0,0,0,0,9.350987998914206,0.0,0.022018997697159648,4.699184368557856,9.4,593.734375,False
1773586186.4298441,738,0,0,0,0,9.420858998055337,0.0,0.022500000341096893,4.699184368557856,18.8,593.734375,False
1773586186.6428468,739,0,0,0,0,9.366876998683438,0.0,0.02294500154675916,4.699184368557856,9.4,593.734375,False
1773586186.855684,740,0,0,0,0,9.39583999934257,0.0,0.02300100095453672,4.699184368557856,9.4,593.734375,False
1773586187.0684898,741,0,0,0,0,9.393543998157838,0.0,0.022963002265896648,4.699184368557856,9.4,593.734375,False
1773586187.2815182,742,0,0,0,0,9.431915001187008,0.0,0.021610998373944312,4.69751811168531,14.1,593.734375,False
1773586187.4938881,743,0,0,0,0,8.853133000229718,0.0,0.022649001039098948,4.69751811168531,14.1,593.734375,False
1773586187.706648,744,0,0,0,0,9.36389599883114,0.0,0.022371001250576228,4.69751811168531,9.4,593.734375,False
1773586187.919591,745,0,0,0,0,9.43248900148319,0.0,0.022389001969713718,4.69751811168531,9.4,593.75,False
1773586188.132431,746,0,0,0,0,9.363155000755796,0.0,0.024445002054562792,4.69751811168531,14.1,593.765625,False
1773586188.3452952,747,0,0,0,0,9.407396002643509,0.0,0.022889002138981596,4.699809914647598,9.4,593.765625,False
1773586188.5581636,748,0,0,0,0,9.429785000975244,0.0,0.023130000045057386,4.699809914647598,14.1,593.765625,False
1773586188.7709486,749,0,0,0,0,9.34776500071166,0.0,0.024685999960638583,4.699809914647598,9.4,593.765625,False
1773586188.9838412,750,0,0,0,0,9.35280300109298,0.0,0.02405600025667809,4.699809914647598,14.1,593.765625,False
1773586189.19667,751,0,0,0,0,9.366173999296734,0.0,0.022315001842798665,4.699809914647598,9.4,593.765625,False
1773586189.4095352,752,0,0,0,0,9.350988002552185,0.0,0.022778000129619613,4.69824530904014,9.4,593.765625,False
1773586189.6224833,753,0,0,0,0,9.360950996779138,0.0,0.022000000171829015,4.69824530904014,18.8,593.765625,False
1773586189.8353164,754,0,0,0,0,9.329876997071551,0.0,0.023407999833580106,4.69824530904014,9.4,593.765625,False
1773586190.0480673,755,0,0,0,0,9.313450998888584,0.0,0.022889002138981596,4.69824530904014,9.4,593.765625,False
1773586190.2609365,756,0,0,0,0,9.357544000522466,0.0,0.02240799949504435,4.69824530904014,9.4,593.765625,False
1773586190.4737432,757,0,0,0,0,9.381118001329014,0.0,0.02237099761259742,4.698148476718408,9.4,593.765625,False
1773586190.686627,758,0,0,0,0,9.404506999999285,0.0,0.02375999974901788,4.698148476718408,14.1,593.765625,False
1773586190.899423,759,0,0,0,0,9.359098999993876,0.0,0.022944001102587208,4.698148476718408,14.1,593.765625,False
1773586191.1122744,760,0,0,0,0,9.415432999958284,0.0,0.023111002519726753,4.698148476718408,9.4,593.765625,False
1773586191.3250406,761,0,0,0,0,9.33563600119669,0.0,0.02329600101802498,4.698148476718408,9.4,593.765625,False
1773586191.5377915,762,0,0,0,0,9.307690997957252,0.0,0.023055999918142334,4.698728477764885,9.4,593.765625,False
1773586191.7505944,763,0,0,0,0,9.326784002041677,0.0,0.02348199996049516,4.698728477764885,18.8,593.765625,False
1773586191.9634988,764,0,0,0,0,9.297931999753928,0.0,0.02320400017197244,4.698728477764885,9.4,593.765625,False
1773586192.1762283,765,0,0,0,0,9.298301996750524,0.0,0.02300000051036477,4.698728477764885,9.4,593.765625,False
1773586192.389018,766,0,0,0,0,9.340116997918813,0.0,0.023647997295483947,4.698728477764885,9.4,593.765625,False
1773586192.6018062,767,0,0,0,0,9.330895998573396,0.0,0.02351799776079133,4.699403396053236,9.4,593.765625,False
1773586192.8146203,768,0,0,0,0,9.337950999906752,0.0,0.024278000637423247,4.699403396053236,18.8,593.765625,False
1773586193.027411,769,0,0,0,0,9.322988000349142,0.0,0.023184999008663,4.699403396053236,9.4,593.765625,False
1773586193.2401853,770,0,0,0,0,9.334320999187184,0.0,0.024184999347198755,4.699403396053236,9.4,593.765625,False
1773586193.4531462,771,0,0,0,0,9.440526002435945,0.0,0.022277999960351735,4.699403396053236,9.4,593.765625,False
1773586193.6659968,772,0,0,0,0,9.390636001626262,0.0,0.023685999622102827,4.698613729353475,9.4,593.765625,False
1773586193.8788354,773,0,0,0,0,9.363154000311624,0.0,0.022778000129619613,4.698613729353475,18.8,593.765625,False
1773586194.0915942,774,0,0,0,0,9.308118002081756,0.0,0.02346299879718572,4.698613729353475,9.4,593.765625,False
1773586194.304544,775,0,0,0,0,9.30354400043143,0.0,0.025314999220427126,4.698613729353475,9.4,593.765625,False
1773586194.5174518,776,0,0,0,0,9.449970002606278,0.0,0.02351800139877014,4.698613729353475,9.4,593.765625,False
1773586194.7302265,777,0,0,0,0,9.32676600132254,0.0,0.023628999770153314,4.697967453084215,9.4,593.765625,False
1773586194.9429877,778,0,0,0,0,9.31148800009396,0.0,0.02327800029888749,4.697967453084215,14.1,593.765625,False
1773586195.1558425,779,0,0,0,0,9.356914000818506,0.0,0.023333999706665054,4.697967453084215,9.4,593.765625,False
1773586195.368758,780,0,0,0,0,9.450359000766184,0.0,0.024222001229645684,4.697967453084215,14.1,593.765625,False
1773586195.5815556,781,0,0,0,0,9.357784001622349,0.0,0.02351800139877014,4.697967453084215,9.4,593.765625,False
1773586195.7943995,782,0,0,0,0,9.315154002251802,0.0,0.02288899850100279,4.69856635779062,9.4,593.765625,False
1773586196.0066643,783,0,0,0,0,8.791558000666555,0.0,0.022259002435021102,4.69856635779062,14.1,593.765625,False
1773586196.2194574,784,0,0,0,0,9.343098998215282,0.0,0.0235740008065477,4.69856635779062,9.4,593.765625,False
1773586196.4322898,785,0,0,0,0,9.34435800081701,0.0,0.024500001018168405,4.69856635779062,9.4,593.765625,False
1773586196.64529,786,0,0,0,0,9.453839997149771,0.0,0.025573997845640406,4.69856635779062,14.1,593.765625,False
1773586196.858344,787,0,0,0,0,9.574859999702312,0.0,0.02605500048957765,4.700563107714439,9.4,593.765625,False
1773586197.0713117,788,0,0,0,0,9.465841001656372,0.0,0.026500001695239916,4.700563107714439,18.8,593.765625,False
1773586197.2840974,789,0,0,0,0,9.293118000641698,0.0,0.023093001800589263,4.700563107714439,9.4,593.765625,False
1773586197.4971888,790,0,0,0,0,9.484099999099271,0.0,0.02463000055286102,4.700563107714439,9.4,593.765625,False
1773586197.7100117,791,0,0,0,0,9.3451360007748,0.0,0.02544399831094779,4.700563107714439,9.4,593.765625,False
1773586197.922405,792,0,0,0,0,8.94605899884482,0.0,0.025221997930202633,4.696190583891017,9.4,593.765625,False
1773586198.1351876,793,0,0,0,0,9.291914000641555,0.0,0.02324099841644056,4.696190583891017,14.1,593.765625,False
1773586198.348063,794,0,0,0,0,9.326396000687964,0.0,0.022667001758236438,4.696190583891017,9.4,593.765625,False
1773586198.5606172,795,0,0,0,0,9.021985999424942,0.0,0.02361100268899463,4.696190583891017,9.4,593.765625,False
1773586198.77346,796,0,0,0,0,9.418284997082083,0.0,0.02562999725341797,4.696190583891017,14.1,593.765625,False
1773586198.9864414,797,0,0,0,0,9.463618000154383,0.0,0.025610999728087336,4.70160638905809,9.4,593.765625,False
1773586199.1992102,798,0,0,0,0,9.238857997843297,0.0,0.025388999347342178,4.70160638905809,18.8,593.765625,False
1773586199.4120543,799,0,0,0,0,9.338061998278135,0.0,0.02292600038344972,4.70160638905809,9.4,593.765625,False
1773586199.6250124,800,0,0,0,0,9.438655997655587,0.0,0.02324000161024742,4.70160638905809,9.4,593.78125,False
1773586199.8379025,801,0,0,0,0,9.344172998680733,0.0,0.02292700082762167,4.70160638905809,9.4,593.78125,False
1773586200.0507011,802,0,0,0,0,9.354469999379944,0.0,0.022740998247172683,4.697376066128527,9.4,593.78125,False
1773586200.2635128,803,0,0,0,0,9.335746999568073,0.0,0.024889002816053107,4.697376066128527,18.8,593.78125,False
1773586200.4763548,804,0,0,0,0,9.372174001327949,0.0,0.024444998416583985,4.697376066128527,9.4,593.78125,False
1773586200.6892009,805,0,0,0,0,9.346340000774944,0.0,0.025110999558819458,4.697376066128527,9.4,593.78125,False
1773586200.902048,806,0,0,0,0,9.379433002322912,0.0,0.023408003471558914,4.697376066128527,9.4,593.78125,False
1773586201.114895,807,0,0,0,0,9.390746999997646,0.0,0.023054999473970383,4.698668471015775,9.4,593.78125,False
1773586201.3278425,808,0,0,0,0,9.281580001697876,0.0,0.024130000383593142,4.698668471015775,14.1,593.78125,False
1773586201.5407314,809,0,0,0,0,9.4147099989641,0.0,0.023352000425802544,4.698668471015775,9.4,593.78125,False
1773586201.7535458,810,0,0,0,0,9.365247999085113,0.0,0.024241002392955124,4.698668471015775,9.4,593.78125,False
1773586201.96653,811,0,0,0,0,9.513026001513936,0.0,0.025575001927791163,4.698668471015775,9.4,593.78125,False
1773586202.1796088,812,0,0,0,0,9.518527000182075,0.0,0.026685000193538144,4.696983644169589,9.4,593.78125,False
1773586202.3925984,813,0,0,0,0,9.432803999516182,0.0,0.02464900171617046,4.696983644169589,23.5,593.78125,False
1773586202.6054966,814,0,0,0,0,9.375524998176843,0.0,0.02301800122950226,4.696983644169589,9.4,593.78125,False
1773586202.8183289,815,0,0,0,0,9.383431999594904,0.0,0.023944998247316107,4.696983644169589,9.4,593.78125,False
1773586203.0311666,816,0,0,0,0,9.374376997584477,0.0,0.024091998056974262,4.696983644169589,9.4,593.78125,False
1773586203.2441158,817,0,0,0,0,9.456710999074858,0.0,0.02237099761259742,4.696439832597604,9.4,593.796875,False
1773586203.4569674,818,0,0,0,0,9.368580998852849,0.0,0.02349999704165384,4.696439832597604,18.8,593.796875,False
1773586203.6698177,819,0,0,0,0,9.404933000041638,0.0,0.023814998712623492,4.696439832597604,9.4,593.796875,False
1773586203.8826156,820,0,0,0,0,9.36402499792166,0.0,0.02403699909336865,4.696439832597604,9.4,593.796875,False
1773586204.0954096,821,0,0,0,0,9.338228999695275,0.0,0.02401899837423116,4.696439832597604,9.4,593.796875,False
1773586204.3083818,822,0,0,0,0,9.403321000718279,0.0,0.023722001060377806,4.698042176265742,9.4,593.796875,False
1773586204.5207846,823,0,0,0,0,8.88663300065673,0.0,0.022778000129619613,4.698042176265742,18.8,593.796875,False
1773586204.7336981,824,0,0,0,0,9.379098999488633,0.0,0.022852000256534666,4.698042176265742,9.4,593.796875,False
1773586204.9464786,825,0,0,0,0,9.35998799832305,0.0,0.024463002773700282,4.698042176265742,9.4,593.796875,False
1773586205.1593387,826,0,0,0,0,9.411525999894366,0.0,0.024259999918285757,4.698042176265742,9.4,593.796875,False
1773586205.3721907,827,0,0,0,0,9.41097000031732,0.0,0.0238150023506023,4.699853098215776,9.4,593.796875,False
1773586205.585098,828,0,0,0,0,9.390526000061072,0.0,0.023184999008663,4.699853098215776,18.8,593.796875,False
1773586205.797914,829,0,0,0,0,9.379987997817807,0.0,0.02490800034138374,4.699853098215776,9.4,593.796875,False
1773586206.0106914,830,0,0,0,0,9.31987600051798,0.0,0.023944998247316107,4.699853098215776,9.4,593.796875,False
1773586206.2235138,831,0,0,0,0,9.381692001625197,0.0,0.02464900171617046,4.699853098215776,9.4,593.796875,False
1773586206.436332,832,0,0,0,0,9.37730299847317,0.0,0.02344499807804823,4.698486354653326,9.4,593.796875,False
1773586206.6494215,833,0,0,0,0,9.557638000842417,0.0,0.024778000806691125,4.698486354653326,18.8,593.796875,False
1773586206.8623464,834,0,0,0,0,9.332801997516071,0.0,0.023055999918142334,4.698486354653326,9.4,593.796875,False
1773586207.07515,835,0,0,0,0,9.317951000411995,0.0,0.022797001292929053,4.698486354653326,9.4,593.796875,False
1773586207.2880461,836,0,0,0,0,9.379561997775454,0.0,0.0245749979512766,4.698486354653326,9.4,593.796875,False
1773586207.5008998,837,0,0,0,0,9.386543999426067,0.0,0.024408000172115862,4.696837423264793,9.4,593.796875,False
1773586207.713708,838,0,0,0,0,9.356079997814959,0.0,0.024852000933606178,4.696837423264793,18.8,593.796875,False
1773586207.926499,839,0,0,0,0,9.372190997964935,0.0,0.024797001970000565,4.696837423264793,9.4,593.796875,False
1773586208.1394053,840,0,0,0,0,9.39752500198665,0.0,0.024647997634019703,4.696837423264793,9.4,593.796875,False
1773586208.352338,841,0,0,0,0,9.478118001425173,0.0,0.02516699896659702,4.696837423264793,9.4,593.796875,False
1773586208.5653038,842,0,0,0,0,9.375025001645554,0.0,0.02246300209662877,4.697389744215764,9.4,593.796875,False
1773586208.7780635,843,0,0,0,0,9.330877001048066,0.0,0.023906999558676034,4.697389744215764,18.8,593.796875,False
1773586208.9908721,844,0,0,0,0,9.344969999801833,0.0,0.023036998754832894,4.697389744215764,9.4,593.796875,False
1773586209.2037132,845,0,0,0,0,9.392080999532482,0.0,0.023833999875932932,4.697389744215764,9.4,593.796875,False
1773586209.4165535,846,0,0,0,0,9.388079997734167,0.0,0.02400099765509367,4.697389744215764,9.4,593.796875,False
1773586209.6295524,847,0,0,0,0,9.414618001756025,0.0,0.024130000383593142,4.698661101871553,9.4,593.796875,False
1773586209.8423378,848,0,0,0,0,9.325229002570268,0.0,0.022852000256534666,4.698661101871553,18.8,593.796875,False
1773586210.0551271,849,0,0,0,0,9.347858002001885,0.0,0.023148000764194876,4.698661101871553,9.4,593.796875,False
1773586210.2678814,850,0,0,0,0,9.3176720001793,0.0,0.023055999918142334,4.698661101871553,9.4,593.796875,False
1773586210.4807434,851,0,0,0,0,9.36446899868315,0.0,0.023463002435164526,4.698661101871553,4.7,593.796875,False
1773586210.6936493,852,0,0,0,0,9.39291499889805,0.0,0.02429599771858193,4.698612676641701,14.1,593.796875,False
1773586210.9064991,853,0,0,0,0,9.306690997618716,0.0,0.023407999833580106,4.698612676641701,14.1,593.796875,False
1773586211.1192558,854,0,0,0,0,9.306727999501163,0.0,0.02379700163146481,4.698612676641701,9.4,593.796875,False
1773586211.331998,855,0,0,0,0,9.311043999332469,0.0,0.022908003302291036,4.698612676641701,14.1,593.796875,False
1773586211.544934,856,0,0,0,0,9.399340000527445,0.0,0.024536999262636527,4.698612676641701,9.4,593.796875,False
1773586211.7577143,857,0,0,0,0,9.360191001178464,0.0,0.02353700256207958,4.698586359000647,9.4,593.796875,False
1773586211.970737,858,0,0,0,0,9.447673997783568,0.0,0.026148001779802144,4.698586359000647,18.8,593.8125,False
1773586212.1836913,859,0,0,0,0,9.399303002282977,0.0,0.02548200063756667,4.698586359000647,9.4,593.8125,False
1773586212.3965666,860,0,0,0,0,9.413487998244818,0.0,0.026685000193538144,4.698586359000647,9.4,593.8125,False
1773586212.609347,861,0,0,0,0,9.351451000839006,0.0,0.025203997211065143,4.698586359000647,9.4,593.8125,False
1773586212.8222926,862,0,0,0,0,9.459969998715678,0.0,0.02711200068006292,4.697358179519256,9.4,593.8125,False
1773586213.034614,863,0,0,0,0,8.835911001369823,0.0,0.024462999135721475,4.697358179519256,18.8,593.8125,False
1773586213.2474287,864,0,0,0,0,9.309820998169016,0.0,0.023908000002847984,4.697358179519256,9.4,593.8125,False
1773586213.4603822,865,0,0,0,0,9.394265998707851,0.0,0.023352000425802544,4.697358179519256,9.4,593.8125,False
1773586213.6731849,866,0,0,0,0,9.32395099880523,0.0,0.024834000214468688,4.697358179519256,9.4,593.8125,False
1773586213.8861032,867,0,0,0,0,9.38446999862208,0.0,0.0248889991780743,4.6998868030155085,9.4,593.8125,False
1773586214.0990121,868,0,0,0,0,9.424765998119256,0.0,0.02464800127199851,4.6998868030155085,18.8,593.8125,False
1773586214.3118165,869,0,0,0,0,9.355210000649095,0.0,0.025518998882034793,4.6998868030155085,9.4,593.8125,False
1773586214.5248947,870,0,0,0,0,9.474247999605723,0.0,0.0238150023506023,4.6998868030155085,9.4,593.8125,False
1773586214.737734,871,0,0,0,0,9.420895999937784,0.0,0.023407999833580106,4.6998868030155085,9.4,593.8125,False
1773586214.9504735,872,0,0,0,0,9.309839999332326,0.0,0.022628999431617558,4.697021515816303,9.4,593.8125,False
1773586215.163223,873,0,0,0,0,9.294562001741724,0.0,0.024203996872529387,4.697021515816303,14.1,593.8125,False
1773586215.3760917,874,0,0,0,0,9.357858001749264,0.0,0.025277000531787053,4.697021515816303,14.1,593.8125,False
1773586215.589013,875,0,0,0,0,9.379005998198409,0.0,0.024722998205106705,4.697021515816303,9.4,593.8125,False
1773586215.8019495,876,0,0,0,0,9.36061799802701,0.0,0.025334000383736566,4.697021515816303,9.4,593.8125,False
1773586216.014725,877,0,0,0,0,9.323524001956685,0.0,0.024259999918285757,4.698213732844474,9.4,593.8125,False
1773586216.2275405,878,0,0,0,0,9.297135999077,0.0,0.023055999918142334,4.698213732844474,14.1,593.8125,False
1773586216.4404328,879,0,0,0,0,9.36774699948728,0.0,0.02485199729562737,4.698213732844474,9.4,593.8125,False
1773586216.6534472,880,0,0,0,0,9.467118001339259,0.0,0.025332999939564615,4.698213732844474,9.4,593.8125,False
1773586216.8663175,881,0,0,0,0,9.342303001176333,0.0,0.02355600008741021,4.698213732844474,9.4,593.8125,False
1773586217.079163,882,0,0,0,0,9.383433000039076,0.0,0.026500001695239916,4.697568618842448,9.4,593.8125,False
1773586217.2920232,883,0,0,0,0,9.387469999637688,0.0,0.02675999712664634,4.697568618842448,18.8,593.8125,False
1773586217.5049403,884,0,0,0,0,9.434506999241421,0.0,0.025278000975959003,4.697568618842448,9.4,593.8125,False
1773586217.7180543,885,0,0,0,0,9.587729997292627,0.0,0.025629000447224826,4.697568618842448,9.4,593.828125,False
1773586217.9309103,886,0,0,0,0,9.414340001967503,0.0,0.025870998797472566,4.697568618842448,9.4,593.828125,False
1773586218.1437423,887,0,0,0,0,9.32332099910127,0.0,0.025093002477660775,4.696506093034245,9.4,593.828125,False
1773586218.3567557,888,0,0,0,0,9.415748001629254,0.0,0.026407000405015424,4.696506093034245,23.5,593.84375,False
1773586218.569574,889,0,0,0,0,9.364396002638387,0.0,0.02350000067963265,4.696506093034245,9.4,593.84375,False
1773586218.7824283,890,0,0,0,0,9.343190999061335,0.0,0.025000001187436283,4.696506093034245,9.4,593.84375,False
1773586218.9951634,891,0,0,0,0,9.302469003159786,0.0,0.024278000637423247,4.696506093034245,9.4,593.84375,False
1773586219.2079935,892,0,0,0,0,9.2998029977025,0.0,0.023333999706665054,4.698260044743371,9.4,593.84375,False
1773586219.420926,893,0,0,0,0,9.388024998770561,0.0,0.022500000341096893,4.698260044743371,18.8,593.84375,False
1773586219.633762,894,0,0,0,0,9.319486998720095,0.0,0.02353699892410077,4.698260044743371,9.4,593.84375,False
1773586219.8464847,895,0,0,0,0,9.323303002020111,0.0,0.02355600008741021,4.698260044743371,9.4,593.84375,False
1773586220.0593889,896,0,0,0,0,9.392228999786312,0.0,0.02333300290047191,4.698260044743371,9.4,593.84375,False
1773586220.2721877,897,0,0,0,0,9.3347289985104,0.0,0.023407999833580106,4.698289516427139,9.4,593.84375,False
1773586220.485012,898,0,0,0,0,9.317449999798555,0.0,0.024406999727943912,4.698289516427139,18.8,593.84375,False
1773586220.6978805,899,0,0,0,0,9.337412997410866,0.0,0.0235740008065477,4.698289516427139,9.4,593.84375,False
1773586220.9106288,900,0,0,0,0,9.324709000793518,0.0,0.022870000975672156,4.698289516427139,9.4,593.84375,False
1773586221.123358,901,0,0,0,0,9.287376000429504,0.0,0.02322200089110993,4.698289516427139,9.4,593.84375,False
1773586221.3361495,902,0,0,0,0,9.229469000274548,0.0,0.022575000912183896,4.698934828458738,9.4,593.84375,False
1773586221.5483582,903,0,0,0,0,8.742780999455135,0.0,0.02292600038344972,4.698934828458738,18.8,593.84375,False
1773586221.7611578,904,0,0,0,0,9.332710000307998,0.0,0.022555999748874456,4.698934828458738,9.4,593.84375,False
1773586221.973816,905,0,0,0,0,9.229857001628261,0.0,0.024408000172115862,4.698934828458738,9.4,593.84375,False
1773586222.1865942,906,0,0,0,0,9.262838997528888,0.0,0.024556000425945967,4.698934828458738,9.4,593.84375,False
1773586222.3994133,907,0,0,0,0,9.30102500205976,0.0,0.02377800046815537,4.703096238513346,9.4,593.84375,False
1773586222.611885,908,0,0,0,0,9.01515300211031,0.0,0.024259999918285757,4.703096238513346,18.8,593.84375,False
1773586222.8247128,909,0,0,0,0,9.31863600271754,0.0,0.026277997676515952,4.703096238513346,9.4,593.84375,False
1773586223.0375798,910,0,0,0,0,9.308912998676533,0.0,0.02437100192764774,4.703096238513346,9.4,593.84375,False
1773586223.2504387,911,0,0,0,0,9.328580999863334,0.0,0.024685999960638583,4.703096238513346,9.4,593.84375,False
1773586223.4634492,912,0,0,0,0,9.45946999854641,0.0,0.025556000764481723,4.699592955558564,9.4,593.84375,False
1773586223.6763134,913,0,0,0,0,9.257986999728018,0.0,0.02546299947425723,4.699592955558564,18.8,593.84375,False
1773586223.8891282,914,0,0,0,0,9.346025002741953,0.0,0.024574001145083457,4.699592955558564,9.4,593.84375,False
1773586224.1019402,915,0,0,0,0,9.29056099994341,0.0,0.023406999389408156,4.699592955558564,9.4,593.84375,False
1773586224.314788,916,0,0,0,0,9.362153999973089,0.0,0.024778000806691125,4.699592955558564,9.4,593.84375,False
1773586224.5277941,917,0,0,0,0,9.457878000830533,0.0,0.02463000055286102,4.6980769075677244,9.4,593.84375,False
1773586224.740689,918,0,0,0,0,9.313783997640712,0.0,0.02514799780328758,4.6980769075677244,18.8,593.84375,False
1773586224.953479,919,0,0,0,0,9.356710001156898,0.0,0.023610999051015824,4.6980769075677244,9.4,593.84375,False
1773586225.1662838,920,0,0,0,0,9.320803001173772,0.0,0.02292600038344972,4.6980769075677244,9.4,593.84375,False
1773586225.3789785,921,0,0,0,0,9.23926500036032,0.0,0.02322199725313112,4.6980769075677244,9.4,593.84375,False
1773586225.5917258,922,0,0,0,0,9.294284001953201,0.0,0.023332999262493104,4.698414775208238,9.4,593.84375,False
1773586225.804547,923,0,0,0,0,9.285265001381049,0.0,0.022093001462053508,4.698414775208238,18.8,593.84375,False
1773586226.0174062,924,0,0,0,0,9.37757999781752,0.0,0.023407999833580106,4.698414775208238,9.4,593.84375,False
1773586226.2300868,925,0,0,0,0,9.27524600047036,0.0,0.022462998458649963,4.698414775208238,9.4,593.84375,False
1773586226.4429023,926,0,0,0,0,9.267708999686874,0.0,0.024167002266040072,4.698414775208238,9.4,593.84375,False
1773586226.6557767,927,0,0,0,0,9.282543000153964,0.0,0.02288899850100279,4.699305462966802,9.4,593.84375,False
1773586226.868571,928,0,0,0,0,9.330210003099637,0.0,0.02353699892410077,4.699305462966802,18.8,593.84375,False
1773586227.081364,929,0,0,0,0,9.311080000770744,0.0,0.02292600038344972,4.699305462966802,9.4,593.84375,False
1773586227.294125,930,0,0,0,0,9.30274699931033,0.0,0.023481003154302016,4.699305462966802,9.4,593.84375,False
1773586227.5068192,931,0,0,0,0,9.284747000492644,0.0,0.023906999558676034,4.699305462966802,9.4,593.84375,False
1773586227.719546,932,0,0,0,0,9.283060997404391,0.0,0.022963002265896648,4.699940521039282,9.4,593.84375,False
1773586227.9322577,933,0,0,0,0,9.2830799985677,0.0,0.02240799949504435,4.699940521039282,18.8,593.84375,False
1773586228.145007,934,0,0,0,0,9.30289499956416,0.0,0.02300000051036477,4.699940521039282,9.4,593.84375,False
1773586228.3577504,935,0,0,0,0,9.307283999078209,0.0,0.02268499883939512,4.699940521039282,9.4,593.84375,False
1773586228.5705416,936,0,0,0,0,9.317673000623472,0.0,0.024314002075698227,4.699940521039282,9.4,593.84375,False
1773586228.7833443,937,0,0,0,0,9.384266002598451,0.0,0.02320400017197244,4.700543089671434,9.4,593.84375,False
1773586228.996323,938,0,0,0,0,9.318783999333391,0.0,0.024408000172115862,4.700543089671434,18.8,593.84375,False
1773586229.2090397,939,0,0,0,0,9.285505002480932,0.0,0.022870000975672156,4.700543089671434,9.4,593.84375,False
1773586229.4217963,940,0,0,0,0,9.310784000263084,0.0,0.02355499964323826,4.700543089671434,9.4,593.84375,False
1773586229.6346557,941,0,0,0,0,9.303377002652269,0.0,0.023685999622102827,4.700543089671434,9.4,593.84375,False
1773586229.8474534,942,0,0,0,0,9.266986999136861,0.0,0.02348199996049516,4.698349513497311,9.4,593.84375,False
1773586230.0595822,943,0,0,0,0,8.7038540004869,0.0,0.022371001250576228,4.698349513497311,18.9,593.84375,False
1773586230.2722795,944,0,0,0,0,9.2832090012962,0.0,0.02298099934705533,4.698349513497311,9.4,593.84375,False
1773586230.485063,945,0,0,0,0,9.360692001791904,0.0,0.021203999494900927,4.698349513497311,4.7,593.84375,False
1773586230.6978936,946,0,0,0,0,9.315505998529261,0.0,0.02274100188515149,4.698349513497311,9.4,593.84375,False
1773586230.910609,947,0,0,0,0,9.275856999011012,0.0,0.022815002012066543,4.702927489119242,9.4,593.84375,False
1773586231.1233997,948,0,0,0,0,9.326524999778485,0.0,0.022610998712480068,4.702927489119242,18.8,593.84375,False
1773586231.3365366,949,0,0,0,0,9.287729000789113,0.0,0.02355600008741021,4.702927489119242,9.4,593.84375,False
1773586231.5493793,950,0,0,0,0,9.323987000243505,0.0,0.02377800046815537,4.702927489119242,9.4,593.84375,False
1773586231.762163,951,0,0,0,0,9.364044002722949,0.0,0.022907002858119085,4.702927489119242,9.4,593.84375,False
1773586231.9748914,952,0,0,0,0,9.20993099862244,0.0,0.022648000594926998,4.698064277943952,9.4,593.84375,False
1773586232.187736,953,0,0,0,0,9.263616000680486,0.0,0.02316699828952551,4.698064277943952,18.8,593.84375,False
1773586232.4004471,954,0,0,0,0,9.28152399865212,0.0,0.023352000425802544,4.698064277943952,9.4,593.84375,False
1773586232.6131516,955,0,0,0,0,9.238672999344999,0.0,0.02244400093331933,4.698064277943952,9.4,593.84375,False
1773586232.8258529,956,0,0,0,0,9.24472800033982,0.0,0.022778000129619613,4.698064277943952,9.4,593.84375,False
1773586233.0387278,957,0,0,0,0,9.282284001528751,0.0,0.023092001356417313,4.700334490737628,9.4,593.84375,False
1773586233.2515652,958,0,0,0,0,9.35121000293293,0.0,0.023055999918142334,4.700334490737628,18.8,593.84375,False
1773586233.4642682,959,0,0,0,0,9.286876000260236,0.0,0.022852000256534666,4.700334490737628,9.4,593.859375,False
1773586233.677101,960,0,0,0,0,9.371932002977701,0.0,0.024019002012209967,4.700334490737628,9.4,593.859375,False
1773586233.8899608,961,0,0,0,0,9.32472799831885,0.0,0.022333999368129298,4.700334490737628,9.4,593.859375,False
1773586234.1028316,962,0,0,0,0,9.338321000541328,0.0,0.023092998162610456,4.698654785480619,9.4,593.859375,False
1773586234.3156617,963,0,0,0,0,9.370062001835322,0.0,0.022814998374087736,4.698654785480619,18.8,593.859375,False
1773586234.5285919,964,0,0,0,0,9.346301998448325,0.0,0.023093001800589263,4.698654785480619,9.4,593.859375,False
1773586234.7413323,965,0,0,0,0,9.324672999355244,0.0,0.023074000637279823,4.698654785480619,9.4,593.859375,False
1773586234.9541056,966,0,0,0,0,9.31365399810602,0.0,0.023296997824218124,4.698654785480619,9.4,593.859375,False
1773586235.1668968,967,0,0,0,0,9.35417300206609,0.0,0.02324099841644056,4.699081179986637,9.4,593.859375,False
1773586235.3798177,968,0,0,0,0,9.371525000460679,0.0,0.023075001081451774,4.699081179986637,18.8,593.859375,False
1773586235.5927432,969,0,0,0,0,9.386839999933727,0.0,0.022259002435021102,4.699081179986637,9.4,593.859375,False
1773586235.8055997,970,0,0,0,0,9.387617999891518,0.0,0.02387000131420791,4.699081179986637,9.4,593.875,False
1773586236.0183995,971,0,0,0,0,9.363006000057794,0.0,0.022074000298744068,4.699081179986637,9.4,593.890625,False
1773586236.2311578,972,0,0,0,0,9.309376000601333,0.0,0.022444997739512473,4.697934828215225,9.4,593.890625,False
1773586236.4441674,973,0,0,0,0,9.358784001960885,0.0,0.023167001927504316,4.697934828215225,18.8,593.890625,False
1773586236.6582258,974,0,0,0,0,9.409099999174941,0.0,0.022685002477373928,4.697934828215225,9.4,593.890625,False
1773586236.8711076,975,0,0,0,0,9.360043000924634,0.0,0.024130000383593142,4.697934828215225,9.3,593.890625,False
1773586237.083915,976,0,0,0,0,9.383173000969691,0.0,0.02487099845893681,4.697934828215225,9.4,593.890625,False
1773586237.2968009,977,0,0,0,0,9.433285002160119,0.0,0.02327800029888749,4.6925400733343645,9.4,593.890625,False
1773586237.5096877,978,0,0,0,0,9.39554399883491,0.0,0.025592999008949846,4.6925400733343645,18.8,593.890625,False
1773586237.722454,979,0,0,0,0,9.321060999354813,0.0,0.02296299862791784,4.6925400733343645,9.4,593.890625,False
1773586237.935303,980,0,0,0,0,9.27887599755195,0.0,0.023313998099183664,4.6925400733343645,9.4,593.890625,False
1773586238.1479912,981,0,0,0,0,9.26652400085004,0.0,0.021760002709925175,4.6925400733343645,9.4,593.890625,False
1773586238.3607216,982,0,0,0,0,9.256765002646716,0.0,0.022610998712480068,4.698848495861302,14.1,593.890625,False
1773586238.5730247,983,0,0,0,0,8.861244001309387,0.0,0.02105600287904963,4.698848495861302,18.8,593.890625,False
1773586238.785862,984,0,0,0,0,9.36013599857688,0.0,0.02300000051036477,4.698848495861302,9.4,593.890625,False
1773586238.9985406,985,0,0,0,0,9.243542001058813,0.0,0.022389001969713718,4.698848495861302,9.4,593.890625,False
1773586239.2112477,986,0,0,0,0,9.266967997973552,0.0,0.023685002815909684,4.698848495861302,9.4,593.890625,False
1773586239.4240632,987,0,0,0,0,9.303580001869705,0.0,0.023075001081451774,4.702360158088303,9.4,593.890625,False
1773586239.636919,988,0,0,0,0,9.385524997924222,0.0,0.022778000129619613,4.702360158088303,18.8,593.890625,False
1773586239.849642,989,0,0,0,0,9.30602500011446,0.0,0.022778000129619613,4.702360158088303,9.4,593.890625,False
1773586240.0623622,990,0,0,0,0,9.309134999057278,0.0,0.022648000594926998,4.702360158088303,4.7,593.890625,False
1773586240.275244,991,0,0,0,0,9.276450000470504,0.0,0.022093001462053508,4.702360158088303,14.1,593.890625,False
1773586240.487988,992,0,0,0,0,9.286728000006406,0.0,0.022667001758236438,4.6995245017509335,9.4,593.890625,False
1773586240.7007704,993,0,0,0,0,9.31441300053848,0.0,0.036130000808043405,4.6995245017509335,14.1,593.890625,False
1773586240.9135401,994,0,0,0,0,9.328820997325238,0.0,0.022796000848757103,4.6995245017509335,9.4,593.890625,False
1773586241.1262345,995,0,0,0,0,9.265265001886291,0.0,0.022389001969713718,4.6995245017509335,14.1,593.890625,False
1773586241.3390923,996,0,0,0,0,9.353580000606598,0.0,0.023130000045057386,4.6995245017509335,9.4,593.890625,False
1773586241.5518584,997,0,0,0,0,9.342247001768555,0.0,0.02270400000270456,4.700005826957297,9.4,593.890625,False
1773586241.7646866,998,0,0,0,0,9.275691001676023,0.0,0.02464900171617046,4.700005826957297,18.8,593.890625,False
1773586241.9774306,999,0,0,0,0,9.32006199946045,0.0,0.02318599945283495,4.700005826957297,9.4,593.890625,False
1773586242.1901906,1000,0,0,0,0,9.300708999944618,0.0,0.02385200059507042,4.700005826957297,9.4,593.890625,False
1773586242.4028704,1001,0,0,0,0,9.251671999663813,0.0,0.022796000848757103,4.700005826957297,9.4,593.890625,False
1773586242.6157372,1002,0,0,0,0,9.307653999712784,0.0,0.02292600038344972,4.700178580393451,4.7,593.890625,False
1773586242.828616,1003,0,0,0,0,9.33798799815122,0.0,0.03179699706379324,4.700178580393451,18.8,593.890625,False
1773586243.0413673,1004,0,0,0,0,9.306505999120418,0.0,0.022462998458649963,4.700178580393451,9.4,593.890625,False
1773586243.2541475,1005,0,0,0,0,9.272395000152756,0.0,0.023036998754832894,4.700178580393451,9.4,593.890625,False
1773586243.4669144,1006,0,0,0,0,9.307190997787984,0.0,0.023833999875932932,4.700178580393451,9.4,593.890625,False
1773586243.6796727,1007,0,0,0,0,9.33487699876423,0.0,0.02348199996049516,4.699108556104679,9.4,593.890625,False
1773586243.8924675,1008,0,0,0,0,9.335894999821903,0.0,0.02327800029888749,4.699108556104679,18.8,593.890625,False
1773586244.1051924,1009,0,0,0,0,9.28746899808175,0.0,0.023962998966453597,4.699108556104679,4.7,593.890625,False
1773586244.3180008,1010,0,0,0,0,9.316691001004074,0.0,0.02351900184294209,4.699108556104679,14.1,593.890625,False
1773586244.530762,1011,0,0,0,0,9.332598998298636,0.0,0.022390002413885668,4.699108556104679,9.4,593.890625,False
1773586244.7436259,1012,0,0,0,0,9.388987000420457,0.0,0.023406999389408156,4.699775157717908,9.4,593.890625,False
1773586244.9564083,1013,0,0,0,0,9.35545099855517,0.0,0.02296299862791784,4.699775157717908,14.1,593.890625,False
1773586245.1693537,1014,0,0,0,0,9.334302001661854,0.0,0.02286999733769335,4.699775157717908,14.1,593.890625,False
1773586245.3820415,1015,0,0,0,0,9.290450001572026,0.0,0.02242600021418184,4.699775157717908,9.4,593.890625,False
1773586245.5949652,1016,0,0,0,0,9.367358001327375,0.0,0.024258999474113807,4.699775157717908,9.4,593.890625,False
1773586245.807746,1017,0,0,0,0,9.352708999358583,0.0,0.0228709977818653,4.698531619251606,9.4,593.890625,False
1773586246.0205367,1018,0,0,0,0,9.3106730018917,0.0,0.023296997824218124,4.698531619251606,18.8,593.890625,False
1773586246.2332153,1019,0,0,0,0,9.273356998164672,0.0,0.02268599928356707,4.698531619251606,9.4,593.890625,False
1773586246.4459229,1020,0,0,0,0,9.290209000027971,0.0,0.022370000806404278,4.698531619251606,9.4,593.890625,False
1773586246.6587048,1021,0,0,0,0,9.302968999691075,0.0,0.024130000383593142,4.698531619251606,9.4,593.890625,False
1773586246.8714232,1022,0,0,0,0,9.262579998903675,0.0,0.021667001419700682,4.700281817167134,9.4,593.890625,False
1773586247.0836184,1023,0,0,0,0,8.754334998229751,0.0,0.02179599687224254,4.700281817167134,18.8,593.890625,False
1773586247.2962515,1024,0,0,0,0,9.254727996449219,0.0,0.0230370023928117,4.700281817167134,9.4,593.890625,False
1773586247.5091898,1025,0,0,0,0,9.39270999879227,0.0,0.022313997760647908,4.700281817167134,9.4,593.890625,False
1773586247.722108,1026,0,0,0,0,9.464377002586843,0.0,0.025074001314351335,4.700281817167134,9.4,593.890625,False
1773586247.9349008,1027,0,0,0,0,9.342616998765152,0.0,0.02403699909336865,4.701960577691633,9.4,593.890625,False
1773586248.1477585,1028,0,0,0,0,9.311542999057565,0.0,0.022815002012066543,4.701960577691633,18.8,593.890625,False
1773586248.3604603,1029,0,0,0,0,9.265264998248313,0.0,0.02327800029888749,4.701960577691633,9.4,593.890625,False
1773586248.5732296,1030,0,0,0,0,9.307375999924261,0.0,0.02327800029888749,4.701960577691633,9.4,593.890625,False
1773586248.7859747,1031,0,0,0,0,9.321080000518123,0.0,0.022371001250576228,4.701960577691633,9.4,593.890625,False
1773586248.9988396,1032,0,0,0,0,9.313839000242297,0.0,0.022629999875789508,4.699835192737544,9.4,593.890625,False
1773586249.2115562,1033,0,0,0,0,9.270672002458014,0.0,0.022685002477373928,4.699835192737544,18.8,593.890625,False
1773586249.4242923,1034,0,0,0,0,9.294708997913403,0.0,0.023055999918142334,4.699835192737544,9.4,593.890625,False
1773586249.6370409,1035,0,0,0,0,9.311079997132765,0.0,0.022833999537397176,4.699835192737544,9.4,593.890625,False
1773586249.8497996,1036,0,0,0,0,9.31208000110928,0.0,0.023333999706665054,4.699835192737544,9.4,593.890625,False
1773586250.0626352,1037,0,0,0,0,9.290932001022156,0.0,0.022518997866427526,4.6996066465593955,9.4,593.890625,False
1773586250.2754545,1038,0,0,0,0,9.357042999909027,0.0,0.02298099934705533,4.6996066465593955,18.8,593.890625,False
1773586250.488275,1039,0,0,0,0,9.315246999904048,0.0,0.02292599674547091,4.6996066465593955,4.7,593.890625,False
1773586250.7010527,1040,0,0,0,0,9.291024001868209,0.0,0.024184999347198755,4.6996066465593955,14.1,593.890625,False
1773586250.913806,1041,0,0,0,0,9.32485800149152,0.0,0.021611998818116263,4.6996066465593955,9.4,593.890625,False
1773586251.1265714,1042,0,0,0,0,9.30052400144632,0.0,0.022796997654950246,4.699609806032455,9.4,593.890625,False
1773586251.339309,1043,0,0,0,0,9.28119099989999,0.0,0.022500000341096893,4.699609806032455,18.8,593.890625,False
1773586251.5521986,1044,0,0,0,0,9.36650600124267,0.0,0.023908000002847984,4.699609806032455,9.4,593.890625,False
1773586251.7649264,1045,0,0,0,0,9.292468999774428,0.0,0.022297001123661175,4.699609806032455,9.4,593.890625,False
1773586251.9778266,1046,0,0,0,0,9.44480299949646,0.0,0.03166699752910063,4.699609806032455,9.4,593.890625,False
1773586252.1906526,1047,0,0,0,0,9.337449999293312,0.0,0.023371001589111984,4.699038010602431,9.4,593.890625,False
1773586252.403526,1048,0,0,0,0,9.276247001253068,0.0,0.023389002308249474,4.699038010602431,14.1,593.890625,False
1773586252.6162581,1049,0,0,0,0,9.286136002629064,0.0,0.022759999410482123,4.699038010602431,9.4,593.890625,False
1773586252.8290067,1050,0,0,0,0,9.302376001869561,0.0,0.023407999833580106,4.699038010602431,9.4,593.890625,False
1773586253.041698,1051,0,0,0,0,9.263875999749871,0.0,0.02275900260428898,4.699038010602431,9.4,593.890625,False
1773586253.254446,1052,0,0,0,0,9.295245999965118,0.0,0.02244400093331933,4.699980547031808,9.4,593.890625,False
1773586253.467165,1053,0,0,0,0,9.260171998903388,0.0,0.022778000129619613,4.699980547031808,23.5,593.890625,False
1773586253.6799357,1054,0,0,0,0,9.318061998783378,0.0,0.023426000552717596,4.699980547031808,9.4,593.890625,False
1773586253.8928175,1055,0,0,0,0,9.35963600204559,0.0,0.022722997528035194,4.699980547031808,9.4,593.90625,False
1773586254.1056957,1056,0,0,0,0,9.294653998949798,0.0,0.023741002223687246,4.699980547031808,9.4,593.90625,False
1773586254.3185267,1057,0,0,0,0,9.391561998199904,0.0,0.022852000256534666,4.699309675058558,9.4,593.90625,False
1773586254.5313556,1058,0,0,0,0,9.279080000851536,0.0,0.02346299879718572,4.699309675058558,18.8,593.90625,False
1773586254.744089,1059,0,0,0,0,9.308098000474274,0.0,0.022202999389264733,4.699309675058558,9.4,593.90625,False
1773586254.9568686,1060,0,0,0,0,9.262691000913037,0.0,0.021703999664168805,4.699309675058558,4.7,593.90625,False
