timestamp,frame_index,motion_regions,yolo_detections,confirmed_tracks,new_confirmations,time_mog2_ms,time_yolo_ms,time_tracker_ms,fps,cpu_percent,ram_mb,yolo_ran
1773587732.3131816,0,0,0,0,0,7.608931999129709,0.0,0.027833000785904005,0.0,0.0,456.6875,False
1773587732.523651,1,0,0,0,0,7.098819001839729,0.0,0.025814999389695004,0.0,4.8,461.59375,False
1773587732.7338214,2,0,0,0,0,7.060152001940878,0.0,0.021241001377347857,0.0,14.3,464.21875,False
1773587732.943927,3,0,0,0,0,7.000985002378002,0.0,0.021482002921402454,0.0,14.3,467.203125,False
1773587733.1540296,4,0,0,0,0,7.070374002069002,0.0,0.02075899828923866,4.758056630156088,4.8,469.84375,False
1773587733.3641438,5,0,0,0,0,7.03733599948464,0.0,0.021128998923813924,4.758056630156088,9.5,472.46875,False
1773587733.5742304,6,0,0,0,0,7.030133001535432,0.0,0.02161100201192312,4.758056630156088,9.5,475.09375,False
1773587733.7843404,7,0,0,0,0,6.9932619990140665,0.0,0.020889001461910084,4.758056630156088,4.8,477.71875,False
1773587733.994474,8,0,0,0,0,7.007911000982858,0.0,0.02068599860649556,4.758056630156088,14.3,480.34375,False
1773587734.2046187,9,0,0,0,0,7.076670000969898,0.0,0.02100100027746521,4.759378325451161,4.8,482.96875,False
1773587734.4146962,10,0,0,0,0,7.038503001240315,0.0,0.02107399996020831,4.759378325451161,9.5,482.96875,False
1773587734.6258154,11,0,0,0,0,7.9791010030021425,0.0,0.021944997570244595,4.759378325451161,4.7,482.96875,False
1773587734.8385508,12,0,0,0,0,9.369239000079688,0.0,0.02433299960102886,4.759378325451161,9.4,482.96875,False
1773587735.051455,13,0,0,0,0,9.421367998584174,0.0,0.024037002731347457,4.759378325451161,18.8,482.96875,False
1773587735.2643106,14,0,0,0,0,9.35438699889346,0.0,0.024759003281360492,4.718453395431509,9.4,482.96875,False
1773587735.4771845,15,0,0,0,0,9.392609001224628,0.0,0.02383299943176098,4.718453395431509,9.4,482.96875,False
1773587735.6899762,16,0,0,0,0,9.48570300170104,0.0,0.023982000129763037,4.718453395431509,9.4,482.96875,False
1773587735.9027956,17,0,0,0,0,9.415071999683278,0.0,0.02431499888189137,4.718453395431509,14.1,482.96875,False
1773587736.115418,18,0,0,0,0,9.122367002419196,0.0,0.025722001737449318,4.718453395431509,18.8,482.96875,False
1773587736.3282554,19,0,0,0,0,9.458275999350008,0.0,0.02346399924135767,4.699480271120414,4.7,482.96875,False
1773587736.5411687,20,0,0,0,0,9.481147000769852,0.0,0.024297001800732687,4.699480271120414,9.4,482.96875,False
1773587736.7540004,21,0,0,0,0,9.382016000017757,0.0,0.024536999262636527,4.699480271120414,9.4,482.96875,False
1773587736.966843,22,0,0,0,0,9.372775999509031,0.0,0.025370001822011545,4.699480271120414,9.4,482.96875,False
1773587737.1796327,23,0,0,0,0,9.359276002214756,0.0,0.02433400004520081,4.699480271120414,18.8,482.96875,False
1773587737.3923697,24,0,0,0,0,9.401554001669865,0.0,0.024037002731347457,4.698746374811347,9.4,482.96875,False
1773587737.6052127,25,0,0,0,0,9.426776003238047,0.0,0.02405499981250614,4.698746374811347,9.4,482.96875,False
1773587737.8179853,26,0,0,0,0,9.398572001373395,0.0,0.023962998966453597,4.698746374811347,9.4,482.96875,False
1773587738.0306947,27,0,0,0,0,9.374534998642048,0.0,0.025056000595213845,4.698746374811347,9.4,482.96875,False
1773587738.2435434,28,0,0,0,0,9.39929399828543,0.0,0.026165998860960826,4.698746374811347,18.8,482.96875,False
1773587738.456365,29,0,0,0,0,9.404979999089846,0.0,0.024388999008806422,4.699295985787956,9.4,482.96875,False
1773587738.6692529,30,0,0,0,0,9.45727600264945,0.0,0.023444001271855086,4.699295985787956,9.4,482.96875,False
1773587738.8821151,31,0,0,0,0,9.399368998856517,0.0,0.023722001060377806,4.699295985787956,9.4,482.96875,False
1773587739.094921,32,0,0,0,0,9.383442000398645,0.0,0.025332999939564615,4.699295985787956,9.4,482.96875,False
1773587739.307703,33,0,0,0,0,9.357941999041941,0.0,0.02437000148347579,4.699295985787956,18.8,482.96875,False
1773587739.5205185,34,0,0,0,0,9.388924001541454,0.0,0.023944998247316107,4.698653732750447,9.4,482.96875,False
1773587739.7332377,35,0,0,0,0,9.392534997459734,0.0,0.023352000425802544,4.698653732750447,9.4,482.96875,False
1773587739.9460723,36,0,0,0,0,9.44168300338788,0.0,0.023130000045057386,4.698653732750447,9.4,482.96875,False
1773587740.1588235,37,0,0,0,0,9.39599800040014,0.0,0.02374099858570844,4.698653732750447,9.4,482.96875,False
1773587740.3715837,38,0,0,0,0,9.324237998953322,0.0,0.024481996661052108,4.698653732750447,18.8,482.96875,False
1773587740.5844307,39,0,0,0,0,9.417795001354534,0.0,0.023350999981630594,4.699567680074291,9.4,482.96875,False
1773587740.7972777,40,0,0,0,0,9.418368001206545,0.0,0.023371001589111984,4.699567680074291,9.4,482.96875,False
1773587741.0101604,41,0,0,0,0,9.394405002240092,0.0,0.024426000891253352,4.699567680074291,9.4,482.96875,False
1773587741.2229536,42,0,0,0,0,9.362109001813224,0.0,0.024110999220283702,4.699567680074291,9.4,484.28125,False
1773587741.4356859,43,0,0,0,0,9.368479997647228,0.0,0.023796997993486002,4.699567680074291,18.8,484.28125,False
1773587741.6487734,44,0,0,0,0,9.64775899774395,0.0,0.045296001189853996,4.697642277060165,9.4,484.28125,False
1773587741.8615096,45,0,0,0,0,9.41644300110056,0.0,0.02388900247751735,4.697642277060165,9.4,484.28125,False
1773587742.0742912,46,0,0,0,0,9.40659000116284,0.0,0.02348199996049516,4.697642277060165,9.4,484.28125,False
1773587742.2870731,47,0,0,0,0,9.373016000608914,0.0,0.02494500222383067,4.697642277060165,14.1,484.28125,False
1773587742.4999561,48,0,0,0,0,9.38366400077939,0.0,0.024666998797329143,4.697642277060165,14.1,484.28125,False
1773587742.7129006,49,0,0,0,0,9.434294999664417,0.0,0.025092998839681968,4.698754796998034,9.4,484.28125,False
1773587742.925784,50,0,0,0,0,9.527276000881102,0.0,0.023926000721985474,4.698754796998034,9.4,484.28125,False
1773587743.138535,51,0,0,0,0,9.263108000595821,0.0,0.021480998839251697,4.698754796998034,9.4,484.28125,False
1773587743.3511465,52,0,0,0,0,9.2653120009345,0.0,0.02322199725313112,4.698754796998034,14.1,484.28125,False
1773587743.5639997,53,0,0,0,0,9.361369000544073,0.0,0.022649001039098948,4.698754796998034,18.8,484.28125,False
1773587743.7767377,54,0,0,0,0,9.292293998441892,0.0,0.021944997570244595,4.70000793363003,9.4,484.28125,False
1773587743.9893851,55,0,0,0,0,9.292737999203382,0.0,0.02161100201192312,4.70000793363003,9.4,484.28125,False
1773587744.2021947,56,0,0,0,0,9.300941997935297,0.0,0.02375999974901788,4.70000793363003,9.4,484.28125,False
1773587744.414908,57,0,0,0,0,9.260089998861076,0.0,0.023795997549314052,4.70000793363003,9.4,484.28125,False
1773587744.6274438,58,0,0,0,0,9.079218998522265,0.0,0.023610999051015824,4.70000793363003,14.1,484.28125,False
1773587744.8401034,59,0,0,0,0,9.321978999651037,0.0,0.022184998670127243,4.702023831277515,14.1,484.28125,False
1773587745.0528262,60,0,0,0,0,9.287572000175714,0.0,0.02244400093331933,4.702023831277515,9.4,484.28125,False
1773587745.2655447,61,0,0,0,0,9.299294000811642,0.0,0.021722000383306295,4.702023831277515,9.4,484.28125,False
1773587745.4782708,62,0,0,0,0,9.276052998757223,0.0,0.022315001842798665,4.702023831277515,9.4,484.28125,False
1773587745.6908848,63,0,0,0,0,9.252201998606324,0.0,0.025408000510651618,4.702023831277515,18.8,484.28125,False
1773587745.9036427,64,0,0,0,0,9.259459999157116,0.0,0.022166997950989753,4.701307056941771,9.4,484.28125,False
1773587746.1163511,65,0,0,0,0,9.280422997107962,0.0,0.02318599945283495,4.701307056941771,9.4,484.28125,False
1773587746.3291292,66,0,0,0,0,9.323405000031926,0.0,0.022628999431617558,4.701307056941771,9.4,484.28125,False
1773587746.541891,67,0,0,0,0,9.337941999547184,0.0,0.022536998585565016,4.701307056941771,9.4,484.28125,False
1773587746.7546551,68,0,0,0,0,9.28714499968919,0.0,0.024444998416583985,4.701307056941771,18.8,484.28125,False
1773587746.9674184,69,0,0,0,0,9.323534999566618,0.0,0.022870000975672156,4.7002238776031176,9.4,484.28125,False
1773587747.1801336,70,0,0,0,0,9.277552999265026,0.0,0.022555999748874456,4.7002238776031176,9.4,484.28125,False
1773587747.3927705,71,0,0,0,0,9.246998000890017,0.0,0.03587099854485132,4.7002238776031176,9.4,484.28125,False
1773587747.6055284,72,0,0,0,0,9.331350000138627,0.0,0.02242600021418184,4.7002238776031176,9.4,484.28125,False
1773587747.818266,73,0,0,0,0,9.277533998101717,0.0,0.02216700158896856,4.7002238776031176,18.8,484.28125,False
1773587748.03105,74,0,0,0,0,9.335219998320099,0.0,0.02348199996049516,4.700893956908681,4.7,484.28125,False
1773587748.2440221,75,0,0,0,0,9.439313998882426,0.0,0.025056000595213845,4.700893956908681,14.1,484.28125,False
1773587748.4570694,76,0,0,0,0,9.480497999902582,0.0,0.024500001018168405,4.700893956908681,9.4,484.28125,False
1773587748.6699965,77,0,0,0,0,9.44609100042726,0.0,0.024185999791370705,4.700893956908681,9.4,484.28125,False
1773587748.88289,78,0,0,0,0,9.45746200159192,0.0,0.025444001948926598,4.700893956908681,14.1,484.28125,False
1773587749.0959425,79,0,0,0,0,9.497850001935149,0.0,0.025851997634163126,4.695406201561843,9.4,484.28125,False
1773587749.308826,80,0,0,0,0,9.3808870005887,0.0,0.025203997211065143,4.695406201561843,14.1,484.28125,False
1773587749.5215263,81,0,0,0,0,9.314033999544336,0.0,0.024222001229645684,4.695406201561843,9.4,484.28125,False
1773587749.7342498,82,0,0,0,0,9.272996998333838,0.0,0.02331400173716247,4.695406201561843,9.4,484.28125,False
1773587749.9470408,83,0,0,0,0,9.324867998657282,0.0,0.023982000129763037,4.695406201561843,14.1,484.28125,False
1773587750.159803,84,0,0,0,0,9.303793998697074,0.0,0.023702999897068366,4.699827819933221,9.4,484.28125,False
1773587750.3725097,85,0,0,0,0,9.27188700006809,0.0,0.022759999410482123,4.699827819933221,9.4,484.28125,False
1773587750.5854104,86,0,0,0,0,9.382997999637155,0.0,0.023314998543355614,4.699827819933221,9.4,484.28125,False
1773587750.7983923,87,0,0,0,0,9.42472099995939,0.0,0.024167002266040072,4.699827819933221,14.1,484.28125,False
1773587751.0113313,88,0,0,0,0,9.458831998927053,0.0,0.02492600106052123,4.699827819933221,14.1,484.28125,False
1773587751.2243288,89,0,0,0,0,9.537906000332441,0.0,0.023332999262493104,4.696900539085369,9.4,484.328125,False
1773587752.4479122,90,1,1,0,0,9.586647000105586,1010.5693550030992,0.04262999937054701,0.8172254110234821,132.4,561.9375,True
1773587753.345402,91,1,1,1,1,7.147169999370817,686.9745229996624,0.04727800114778802,0.8172254110234821,134.8,565.53125,True
1773587754.2295218,92,1,1,1,0,7.17380000060075,673.6538000004657,0.04233400250086561,1.1225838862541484,134.6,568.28125,True
1773587755.2293792,93,1,1,1,0,7.129706998966867,789.5619439987058,0.034445001801941544,1.1225838862541484,137.0,597.734375,True
1773587756.2182448,94,1,1,1,0,7.1412809993489645,778.4998079987417,0.03303700214019045,0.9075533300400667,137.5,601.859375,True
1773587757.204456,95,1,1,1,0,7.1683559981465805,775.8061070016993,0.03488900256343186,1.06776779133959,137.9,603.640625,True
1773587758.1912751,96,1,1,1,0,7.1858000010252,776.3882779981941,0.03292600013082847,1.06776779133959,136.8,607.15625,True
1773587759.2497878,97,1,1,1,0,7.209744999272516,848.1653000017104,0.032815001759445295,0.918466696608467,139.8,594.71875,True
1773587760.235349,98,1,1,1,0,7.170300003053853,775.1723639994452,0.03296299837529659,0.944653914387766,137.0,627.5625,True
1773587761.1199195,99,1,1,1,0,7.186910999735119,674.1531009975006,0.03242599996156059,1.1311560472278708,134.5,623.6875,True
1773587762.0047886,100,1,1,1,0,7.159263001085492,674.363361998985,0.03329600076540373,1.1311560472278708,135.6,626.796875,True
1773587762.8877873,101,1,1,1,0,7.180042000982212,672.69859299995,0.03290799941169098,1.1313064617623743,133.6,628.9375,True
1773587763.8248978,102,1,1,1,0,7.4618389990064315,726.2201599987748,0.03405499955988489,1.1313064617623743,135.5,634.890625,True
1773587764.811566,103,1,1,1,0,7.173800997406943,776.3524850015529,0.03281499812146649,0.962419264979748,138.9,639.859375,True
1773587765.8581045,104,1,1,1,0,7.219431001431076,836.099011998158,0.033628999517532066,1.0355889380254573,139.5,614.65625,True
1773587766.9017003,105,1,1,1,0,7.163153000874445,833.3091999993485,0.03292600013082847,0.9582267191086807,138.9,616.34375,True
1773587767.1120274,106,0,0,1,0,7.047374001558637,0.0,0.029221999284345657,0.9582267191086807,9.5,617.65625,False
1773587767.3223386,107,0,0,1,0,7.117411001672735,0.0,0.030332997994264588,0.9582267191086807,4.8,621.59375,False
1773587767.5326974,108,0,0,1,0,7.059169998683501,0.0,0.030889001209288836,0.9582267191086807,14.3,622.90625,False
1773587767.7429128,109,0,0,1,0,7.018966000032378,0.0,0.028723003197228536,0.9582267191086807,4.8,626.84375,False
1773587767.9532347,110,0,0,1,0,7.1127259980130475,0.0,0.02992600275320001,4.755097357926537,9.5,629.46875,False
1773587768.1634421,111,0,0,1,0,7.04124399999273,0.0,0.029667000490007922,4.755097357926537,4.8,632.09375,False
1773587768.3737314,112,0,0,1,0,7.050114996673074,0.0,0.029147999157430604,4.755097357926537,9.5,634.71875,False
1773587768.5840108,113,0,0,1,0,7.013077000010526,0.0,0.02961200152640231,4.755097357926537,14.3,637.34375,False
1773587768.7943037,114,0,0,1,0,7.085429999278858,0.0,0.028925998776685447,4.755097357926537,4.8,639.96875,False
1773587769.0045326,115,0,0,1,0,7.007854997937102,0.0,0.02870399839594029,4.756143416926833,9.5,642.59375,False
1773587769.2147586,116,0,0,1,0,7.029355001577642,0.0,0.030351999157574028,4.756143416926833,9.5,645.21875,False
1773587769.4250276,117,0,0,1,0,7.0690220018150285,0.0,0.031722000130685046,4.756143416926833,4.8,647.84375,False
1773587769.635318,118,0,0,1,0,7.047207000141498,0.0,0.028574999305419624,4.756143416926833,14.3,650.46875,False
1773587769.8455637,119,0,0,1,0,7.046522001473932,0.0,0.02961100108223036,4.756143416926833,9.5,653.09375,False
1773587770.0557506,120,0,0,1,0,7.03080000312184,0.0,0.030499999411404133,4.7563030622747045,4.8,655.71875,False
1773587770.2660022,121,0,0,0,0,7.0593000018561725,0.0,0.031667001167079434,4.7563030622747045,9.5,658.34375,False
1773587770.4762414,122,0,0,0,0,7.04579999728594,0.0,0.0307039990730118,4.7563030622747045,9.5,660.96875,False
1773587770.6864645,123,0,0,0,0,7.028447002085159,0.0,0.027592999686021358,4.7563030622747045,9.5,663.59375,False
1773587770.8966494,124,0,0,0,0,7.009706998360343,0.0,0.028500002372311428,4.7563030622747045,9.5,666.21875,False
1773587771.106878,125,0,0,0,0,7.056225997075671,0.0,0.02909300019382499,4.756790694150774,9.5,668.84375,False
1773587771.3171058,126,0,0,0,0,7.071669999277219,0.0,0.029721999453613535,4.756790694150774,4.8,670.15625,False
1773587771.5273676,127,0,0,0,0,7.130670997867128,0.0,0.028574999305419624,4.756790694150774,14.3,674.09375,False
1773587771.739622,128,0,0,0,0,8.967106998170493,0.0,0.03435200051171705,4.756790694150774,14.1,676.71875,False
1773587771.952491,129,0,0,0,0,9.460887999011902,0.0,0.033906999306054786,4.756790694150774,4.7,679.359375,False
1773587772.165503,130,0,0,0,0,9.500424002908403,0.0,0.033371001336490735,4.723250423811745,14.1,681.984375,False
1773587773.2199504,131,0,0,0,0,9.492738998233108,0.0,0.03377800021553412,0.9483037806859398,81.6,674.890625,False
1773587773.4302533,132,0,0,0,0,7.079244001943152,0.0,0.03198099875589833,0.9483037806859398,9.5,625.1875,False
1773587773.6405606,133,0,0,0,0,6.9900210000923835,0.0,0.02935200245701708,0.9483037806859398,14.3,590.46875,False
1773587773.8507187,134,0,0,0,0,7.031706998532172,0.0,0.030481998692266643,0.9483037806859398,4.8,590.46875,False
1773587774.0609014,135,0,0,0,0,7.015614999545505,0.0,0.0276850005320739,0.9483037806859398,9.5,590.46875,False
1773587774.2711785,136,0,0,0,0,7.0696700022381265,0.0,0.03129600008833222,4.756550102211919,9.5,590.46875,False
1773587774.481381,137,0,0,0,0,7.082744999934221,0.0,0.02083300205413252,4.756550102211919,4.8,590.46875,False
1773587775.4148552,138,1,1,0,0,7.0636519994877744,723.2444069995836,0.03903700053342618,1.7486860789828504,137.1,609.1875,True
1773587776.4021087,139,1,1,1,1,7.092744999681599,776.8237709969981,0.035518998629413545,1.7486860789828504,137.8,616.765625,True
1773587777.3920016,140,1,1,1,0,7.086448997142725,779.5050829990942,0.034110998967662454,0.9180742675692648,137.4,598.625,True
1773587778.3258579,141,1,1,1,0,7.146189000195591,723.3682980004232,0.03266699786763638,1.0978383391857347,134.9,610.3125,True
1773587779.2593923,142,1,1,1,0,7.183708003140055,723.0420009982481,0.032537001970922574,1.0978383391857347,137.1,610.3125,True
1773587780.1920023,143,1,1,1,0,7.1192819996213075,722.1402729992406,0.03246300184400752,0.9656723080957489,136.2,610.3125,True
1773587781.1816006,144,1,1,1,0,7.1392629979527555,779.2002679998404,0.03287000072305091,1.0987862749692807,138.4,599.390625,True
1773587782.169842,145,1,1,1,0,7.182503999501932,777.9006679993472,0.03251899761380628,1.0987862749692807,137.6,602.015625,True
1773587783.22089,146,1,1,1,0,7.173319001594791,840.7096779992571,0.034166998375440016,0.9172679468268088,139.9,594.015625,True
1773587784.2092323,147,1,1,1,0,7.217153000965482,777.9672249998839,0.03350100087118335,0.9514265486838079,137.6,607.90625,True
1773587785.1960537,148,1,1,1,0,7.159338001656579,776.3888650006265,0.03340699913678691,1.0676926362676333,138.8,609.90625,True
1773587786.1847835,149,1,1,1,0,7.1768189991416875,778.3809499997005,0.03264800034230575,1.0676926362676333,136.5,612.53125,True
1773587787.1213548,150,1,1,1,0,7.143004000681685,726.1683180004184,0.03379700137884356,0.9167817478792489,136.7,626.765625,True
1773587788.0002367,151,1,1,1,0,7.188060000771657,668.534043001273,0.03329600076540373,1.1672600875520762,134.3,634.25,True
1773587788.989588,152,1,1,1,0,7.169281998358201,778.8942330007558,0.03444499816396274,1.1672600875520762,137.5,620.40625,True
1773587789.9265628,153,1,1,1,0,7.222189000458457,726.6237289986748,0.0325740002153907,0.9163459105838803,136.6,634.640625,True
1773587790.8676603,154,1,1,1,0,7.229005001136102,730.6216600009066,0.032223000744124874,1.1260408545477585,136.0,637.265625,True
1773587791.9172337,155,1,1,1,0,7.199560001026839,839.2493589999503,0.03270399975008331,0.9527699767912606,139.1,617.390625,True
1773587792.1276793,156,0,0,1,0,7.160893001127988,0.0,0.029962997359689325,0.9527699767912606,9.5,619.09375,False
1773587792.3380525,157,0,0,1,0,7.088706999638816,0.0,0.029445000109262764,0.9527699767912606,9.5,621.71875,False
1773587792.5483694,158,0,0,1,0,7.0631890012009535,0.0,0.029221999284345657,0.9527699767912606,9.5,624.34375,False
1773587792.7587073,159,0,0,1,0,7.040614997094963,0.0,0.02879699968616478,0.9527699767912606,9.5,626.96875,False
1773587792.9690297,160,0,0,1,0,7.056151000142563,0.0,0.029833001462975517,4.753907351542403,4.8,629.59375,False
1773587793.1794157,161,0,0,1,0,7.065615001920378,0.0,0.02874100027838722,4.753907351542403,9.5,632.21875,False
1773587793.3897877,162,0,0,1,0,7.092726002156269,0.0,0.030036997486604378,4.753907351542403,9.5,634.84375,False
1773587793.600142,163,0,0,1,0,7.051541000691941,0.0,0.029999999242136255,4.753907351542403,14.3,637.46875,False
1773587793.8104954,164,0,0,1,0,7.0571699980064295,0.0,0.03038899740204215,4.753907351542403,9.5,640.09375,False
1773587794.0208085,165,0,0,1,0,7.077226000546943,0.0,0.0304810018860735,4.753861013707219,9.5,642.71875,False
1773587794.2311687,166,0,0,1,0,7.064280998747563,0.0,0.03012899833265692,4.753861013707219,4.8,645.34375,False
1773587794.4414854,167,0,0,1,0,7.090893002896337,0.0,0.028851998649770394,4.753861013707219,9.5,647.96875,False
1773587794.6518183,168,0,0,1,0,7.031485001789406,0.0,0.030593000701628625,4.753861013707219,14.3,650.59375,False
1773587794.8621273,169,0,0,1,0,7.061576998239616,0.0,0.030574003176297992,4.753861013707219,4.8,653.21875,False
1773587795.0724747,170,0,0,1,0,7.0946149971859995,0.0,0.03253699833294377,4.754402037284778,9.5,655.84375,False
1773587795.282839,171,0,0,0,0,7.091503997799009,0.0,0.031371000659419224,4.754402037284778,9.5,658.46875,False
1773587795.4931943,172,0,0,0,0,7.0868369984964374,0.0,0.029406997782643884,4.754402037284778,4.8,661.09375,False
1773587795.703464,173,0,0,0,0,7.0092999994813,0.0,0.02857400249922648,4.754402037284778,14.3,663.71875,False
1773587795.9137712,174,0,0,0,0,7.075059998896904,0.0,0.02870299795176834,4.754402037284778,9.5,666.34375,False
1773587796.1240556,175,0,0,0,0,7.046335998893483,0.0,0.029556002118624747,4.754764225452447,4.8,668.96875,False
1773587796.3343866,176,0,0,0,0,7.132744001864921,0.0,0.029538001399487257,4.754764225452447,9.5,671.59375,False
1773587796.5446467,177,0,0,0,0,7.030669999949168,0.0,0.028351998480502516,4.754764225452447,9.5,674.21875,False
1773587796.75495,178,0,0,0,0,7.008761996985413,0.0,0.029241000447655097,4.754764225452447,14.3,676.84375,False
1773587796.9651945,179,0,0,0,0,7.06698499925551,0.0,0.02872199911507778,4.754764225452447,4.8,679.46875,False
1773587797.175468,180,0,0,0,0,7.015152001258684,0.0,0.02872199911507778,4.755500629258835,9.5,682.109375,False
1773587798.2736554,181,0,0,0,0,7.045910999295302,0.0,0.03014899994013831,0.910571986201297,82.0,616.609375,False
1773587798.4843578,182,0,0,0,0,6.693834999168757,0.0,0.027889000193681568,0.910571986201297,9.5,587.734375,False
1773587798.694221,183,0,0,0,0,6.703371996991336,0.0,0.027518999559106305,0.910571986201297,9.5,587.734375,False
1773587798.9040484,184,0,0,0,0,6.646889996773098,0.0,0.02574099926277995,0.910571986201297,9.5,587.734375,False
1773587799.1143003,185,0,0,0,0,7.019669999863254,0.0,0.028611000743694603,0.910571986201297,4.8,587.734375,False
1773587799.324521,186,0,0,0,0,6.979058998695109,0.0,0.031944000511430204,4.758215324381488,9.5,587.734375,False
1773587799.5346935,187,0,0,0,0,6.990670000959653,0.0,0.021148000087123364,4.758215324381488,9.5,587.734375,False
1773587799.7449026,188,0,0,0,0,6.936095000128262,0.0,0.019999999494757503,4.758215324381488,9.5,587.734375,False
1773587799.9551327,189,0,0,0,0,6.991225000092527,0.0,0.02072300048894249,4.758215324381488,9.5,587.734375,False
1773587800.1654375,190,0,0,0,0,7.047021998005221,0.0,0.021962998289382085,4.758215324381488,4.8,587.734375,False
1773587800.3757243,191,0,0,0,0,7.029947999399155,0.0,0.021777999791083857,4.756353762701686,9.5,587.734375,False
1773587800.5856917,192,0,0,0,0,6.75287200283492,0.0,0.018369999452261254,4.756353762701686,9.5,587.734375,False
1773587800.795976,193,0,0,0,0,6.970818001718726,0.0,0.02125899845850654,4.756353762701686,9.5,587.734375,False
1773587801.006189,194,0,0,0,0,7.001651996688452,0.0,0.02022199987550266,4.756353762701686,9.5,587.734375,False
1773587801.2164173,195,0,0,0,0,6.967022000026191,0.0,0.021036998077761382,4.756353762701686,9.5,587.734375,False
1773587801.4263213,196,0,0,0,0,6.673908999800915,0.0,0.01851900015026331,4.759145031751431,4.8,587.734375,False
1773587801.6362321,197,0,0,0,0,6.647483001870569,0.0,0.018869999621529132,4.759145031751431,9.5,587.734375,False
1773587801.8464005,198,0,0,0,0,7.010077002632897,0.0,0.02109300112351775,4.759145031751431,14.3,587.734375,False
1773587802.0562603,199,0,0,0,0,6.690760998026235,0.0,0.018186001398134977,4.759145031751431,4.8,587.734375,False
1773587802.9712856,200,1,1,0,0,6.715445997542702,705.0924440009112,0.030518996936734766,2.589021007111113,134.4,616.125,True
1773587803.8502789,201,1,1,1,1,7.117021999874851,668.5856039985083,0.03231500159017742,2.589021007111113,133.1,614.1875,True
1773587804.7022014,202,1,2,1,0,7.073133001540555,641.6495430021314,0.03927799843950197,1.155458989619667,132.6,592.21875,True
1773587805.6370974,203,1,1,1,0,7.143430000724038,724.4571119990724,0.034629996662260965,1.155458989619667,138.0,609.953125,True
1773587806.519935,204,1,1,1,0,7.224708002468105,672.3141649999889,0.034278000384802,0.9643732005534742,132.5,608.40625,True
1773587807.3610883,205,1,1,1,0,7.16228199962643,630.650869999954,0.03576000017346814,1.2330953020386786,133.2,595.421875,True
1773587808.2008932,206,1,1,1,0,7.231208001030609,629.3065290010418,0.03574100264813751,1.2330953020386786,132.2,597.796875,True
1773587809.040157,207,1,1,1,0,7.18007899922668,628.7898410009802,0.03457499769865535,1.1911354028828556,133.5,600.421875,True
1773587809.881035,208,1,1,1,0,7.175819999247324,630.3756090019306,0.03533400013111532,1.1911354028828556,132.0,603.296875,True
1773587810.718932,209,1,1,1,0,7.195337999291951,627.4429260010947,0.0378339973394759,1.1913444898985202,132.5,605.6875,True
1773587811.6022594,210,1,1,1,0,7.232894000480883,672.8234099973633,0.03207400004612282,1.1913444898985202,134.7,621.4375,True
1773587812.539165,211,1,1,1,0,7.245319000503514,726.3726070013945,0.03312999979243614,1.0987619521651428,135.6,624.125,True
1773587813.5335312,212,1,1,1,0,7.242375002533663,783.8022910000291,0.03348199970787391,1.0987619521651428,137.8,623.625,True
1773587814.5215018,213,1,1,1,0,7.165078000980429,777.4714209990634,0.03300000025774352,0.9120667426159805,138.7,619.46875,True
1773587815.404585,214,1,1,1,0,7.131966998713324,672.5913730006141,0.0331859992002137,1.1305910535595538,133.6,607.140625,True
1773587816.3920512,215,1,1,1,0,7.178133997513214,777.0279010001104,0.03329700120957568,1.1305910535595538,136.7,624.390625,True
1773587816.6025374,216,0,0,1,0,7.185078000475187,0.0,0.02913000207627192,0.9178124997264706,9.5,626.140625,False
1773587816.8129935,217,0,0,1,0,7.085874000040349,0.0,0.029443999665090814,0.9178124997264706,9.5,628.765625,False
1773587817.023405,218,0,0,1,0,7.07057800173061,0.0,0.02874100027838722,0.9178124997264706,14.3,631.390625,False
1773587817.2337623,219,0,0,1,0,7.099800001014955,0.0,0.029647999326698482,0.9178124997264706,4.8,634.015625,False
1773587817.4441335,220,0,0,1,0,7.076244000927545,0.0,0.031444000342162326,0.9178124997264706,9.5,636.640625,False
1773587817.6545649,221,0,0,1,0,7.119578000128968,0.0,0.030000999686308205,4.752791184245356,9.5,639.265625,False
1773587817.864959,222,0,0,1,0,7.079466999130091,0.0,0.029686001653317362,4.752791184245356,4.8,641.890625,False
1773587818.0753155,223,0,0,1,0,7.03048500145087,0.0,0.030852002964820713,4.752791184245356,14.3,644.515625,False
1773587818.2855933,224,0,0,1,0,7.046466998872347,0.0,0.029795999580528587,4.752791184245356,9.5,647.140625,False
1773587818.495913,225,0,0,1,0,7.015614999545505,0.0,0.029834001907147467,4.752791184245356,4.8,649.765625,False
1773587818.7063267,226,0,0,1,0,7.086151999828871,0.0,0.029481001547537744,4.753886876573605,9.5,652.390625,False
1773587818.9166582,227,0,0,1,0,7.04981799935922,0.0,0.029797000024700537,4.753886876573605,4.8,655.015625,False
1773587819.1270423,228,0,0,1,0,7.065040997986216,0.0,0.030870000045979396,4.753886876573605,14.3,657.640625,False
1773587819.3373992,229,0,0,1,0,7.102373998350231,0.0,0.02961100108223036,4.753886876573605,14.3,660.265625,False
1773587819.5477448,230,0,0,1,0,7.111634000466438,0.0,0.030018996767466888,4.753886876573605,4.8,662.890625,False
1773587819.7581089,231,0,0,0,0,7.047966999380151,0.0,0.029203998565208167,4.753405226870818,9.5,665.515625,False
1773587819.9684215,232,0,0,0,0,7.054522000544239,0.0,0.02800000220304355,4.753405226870818,4.8,668.140625,False
1773587820.1787648,233,0,0,0,0,7.130189002054976,0.0,0.028870999813079834,4.753405226870818,14.3,670.765625,False
1773587820.3890529,234,0,0,0,0,7.084818000294035,0.0,0.028851998649770394,4.753405226870818,4.8,673.390625,False
1773587820.5993505,235,0,0,0,0,7.062096003210172,0.0,0.029333998099900782,4.753405226870818,9.5,676.015625,False
1773587820.809602,236,0,0,0,0,7.026262999715982,0.0,0.029704002372454852,4.75496043375156,9.5,678.640625,False
1773587821.0199637,237,0,0,0,0,7.044726000458468,0.0,0.030017999961273745,4.75496043375156,4.8,681.28125,False
1773587821.230348,238,0,0,0,0,7.093356001860229,0.0,0.029037997592240572,4.75496043375156,14.3,683.90625,False
1773587821.4407334,239,0,0,0,0,7.059411000227556,0.0,0.028963000659132376,4.75496043375156,9.5,686.53125,False
1773587821.6512868,240,0,0,0,0,7.317283001611941,0.0,0.02957399919978343,4.75496043375156,9.5,689.15625,False
1773587822.67196,241,0,0,0,0,7.063967001158744,0.0,0.029797000024700537,4.753192987180001,80.3,623.6875,False
1773587822.8857894,242,0,0,0,0,9.491035998507868,0.0,0.034388998756185174,0.9788048338346019,9.4,593.5,False
1773587823.098679,243,0,0,0,0,9.400332000950584,0.0,0.03340799958095886,0.9788048338346019,18.8,593.5,False
1773587823.3118234,244,0,0,0,0,9.416331999091199,0.0,0.033018997783074155,0.9788048338346019,9.4,593.5,False
1773587823.5248206,245,0,0,0,0,9.445091000088723,0.0,0.03227799970773049,0.9788048338346019,9.4,593.5,False
1773587823.7376788,246,0,0,0,0,9.392979998665396,0.0,0.03324100180179812,0.9788048338346019,9.4,593.5,False
1773587823.950538,247,0,0,0,0,9.357016999274492,0.0,0.02301900167367421,4.694931073243452,9.4,593.5,False
1773587824.1634014,248,0,0,0,0,9.406275999936042,0.0,0.024073997337836772,4.694931073243452,18.8,593.5,False
1773587824.376352,249,0,0,0,0,9.44110999989789,0.0,0.022352000087266788,4.694931073243452,9.4,593.5,False
1773587824.5892527,250,0,0,0,0,9.45812899954035,0.0,0.023962998966453597,4.694931073243452,9.4,593.5,False
1773587824.8021667,251,0,0,0,0,9.40992499818094,0.0,0.02353699892410077,4.694931073243452,9.4,593.5,False
1773587825.015057,252,0,0,0,0,9.381220999785,0.0,0.023982000129763037,4.697404474552642,9.4,593.5,False
1773587825.2279875,253,0,0,0,0,9.386777001054725,0.0,0.024666998797329143,4.697404474552642,18.8,593.5,False
1773587825.440927,254,0,0,0,0,9.40131300012581,0.0,0.023962998966453597,4.697404474552642,9.4,593.5,False
1773587825.6539052,255,0,0,0,0,9.524425000563497,0.0,0.02286999733769335,4.697404474552642,9.4,593.5,False
1773587825.866902,256,0,0,0,0,9.3916839978192,0.0,0.023888998839538544,4.697404474552642,9.4,593.5,False
1773587826.0800028,257,0,0,0,0,9.521498999674805,0.0,0.026685000193538144,4.695535511975547,9.4,593.5,False
1773587826.2930322,258,0,0,0,0,9.434554998733802,0.0,0.02431499888189137,4.695535511975547,18.8,593.5,False
1773587826.5059478,259,0,0,0,0,9.378332000778755,0.0,0.02377800046815537,4.695535511975547,9.4,593.5,False
1773587826.7188642,260,0,0,0,0,9.378202001244063,0.0,0.023704000341240317,4.695535511975547,9.4,593.5,False
1773587826.9318552,261,0,0,0,0,9.405851000337861,0.0,0.023445001716027036,4.695535511975547,9.4,593.5,False
1773587827.1448286,262,0,0,0,0,9.409239002707181,0.0,0.0238150023506023,4.69494789030334,9.4,593.5,False
1773587827.357337,263,0,0,0,0,8.892496000044048,0.0,0.022999996872385964,4.69494789030334,18.8,593.5,False
1773587827.5702791,264,0,0,0,0,9.45186899843975,0.0,0.024111999664455652,4.69494789030334,9.4,593.5,False
1773587827.7832894,265,0,0,0,0,9.396350000315579,0.0,0.024574001145083457,4.69494789030334,9.4,593.5,False
1773587827.9963527,266,0,0,0,0,9.403666001162492,0.0,0.024240998754976317,4.69494789030334,14.1,593.5,False
1773587828.2092724,267,0,0,0,0,9.445720999792684,0.0,0.02433299960102886,4.697483388644786,9.4,593.5,False
1773587828.422287,268,0,0,0,0,9.389220998855308,0.0,0.02329600101802498,4.697483388644786,14.1,593.5,False
1773587828.6352534,269,0,0,0,0,9.436518001166405,0.0,0.024463002773700282,4.697483388644786,14.1,593.5,False
1773587828.848137,270,0,0,0,0,9.440183999686269,0.0,0.024296001356560737,4.697483388644786,9.4,593.5,False
1773587829.061103,271,0,0,0,0,9.352590997877996,0.0,0.021445001038955525,4.697483388644786,9.4,593.5,False
1773587829.274063,272,0,0,0,0,9.473258000070928,0.0,0.02314899757038802,4.6958288522430305,9.4,593.5,False
1773587829.487102,273,0,0,0,0,9.500647000095341,0.0,0.024091998056974262,4.6958288522430305,18.8,593.5,False
1773587829.7002099,274,0,0,0,0,9.57009199919412,0.0,0.023629996576346457,4.6958288522430305,9.4,593.5,False
1773587829.913289,275,0,0,0,0,9.530463001283351,0.0,0.023130000045057386,4.6958288522430305,9.4,593.5,False
1773587830.1264071,276,0,0,0,0,9.50118499895325,0.0,0.022554999304702505,4.6958288522430305,9.4,593.5,False
1773587830.339458,277,0,0,0,0,9.497740000369959,0.0,0.02348199996049516,4.693643874712739,14.1,593.5,False
1773587830.5526907,278,0,0,0,0,9.632888999476563,0.0,0.023574997612740844,4.693643874712739,18.8,593.5,False
1773587830.7657368,279,0,0,0,0,9.538629001326626,0.0,0.022833999537397176,4.693643874712739,9.4,593.5,False
1773587830.9787822,280,0,0,0,0,9.49775899789529,0.0,0.022758998966310173,4.693643874712739,9.4,593.5,False
1773587831.1918263,281,0,0,0,0,9.502777000307105,0.0,0.023295997380046174,4.693643874712739,9.4,593.5,False
1773587831.4049227,282,0,0,0,0,9.471721001318656,0.0,0.02351900184294209,4.692624074213718,4.7,593.5,False
1773587831.617971,283,0,0,0,0,9.497776998614427,0.0,0.022055999579606578,4.692624074213718,18.8,593.5,False
1773587831.8308547,284,0,0,0,0,9.373073000460863,0.0,0.02492600106052123,4.692624074213718,9.4,593.5,False
1773587832.0438292,285,0,0,0,0,9.448349999729544,0.0,0.023036998754832894,4.692624074213718,9.4,593.5,False
1773587832.2568161,286,0,0,0,0,9.439499001018703,0.0,0.024278000637423247,4.692624074213718,9.4,593.5,False
1773587832.4697413,287,0,0,0,0,9.431257996766362,0.0,0.023370001144940034,4.695214877267202,14.1,593.5,False
1773587832.6826913,288,0,0,0,0,9.35483099965495,0.0,0.02320400017197244,4.695214877267202,14.1,593.5,False
1773587832.895626,289,0,0,0,0,9.39586900130962,0.0,0.023389002308249474,4.695214877267202,9.4,593.5,False
1773587833.1084826,290,0,0,0,0,9.38384999972186,0.0,0.02300000051036477,4.695214877267202,14.1,593.515625,False
1773587833.321437,291,0,0,0,0,9.438017001230037,0.0,0.02159300129278563,4.695214877267202,9.4,593.515625,False
1773587833.5345283,292,0,0,0,0,9.383184002217604,0.0,0.02355600008741021,4.696095939414229,9.4,593.515625,False
1773587833.7474916,293,0,0,0,0,9.393906999321189,0.0,0.023277996660908684,4.696095939414229,18.8,593.53125,False
1773587833.9605322,294,0,0,0,0,9.43035100135603,0.0,0.023370997951133177,4.696095939414229,9.4,593.53125,False
1773587834.1734095,295,0,0,0,0,9.433275998162571,0.0,0.021296997147146612,4.696095939414229,9.4,593.53125,False
1773587834.3864152,296,0,0,0,0,9.390405997692142,0.0,0.02349999704165384,4.696095939414229,9.4,593.53125,False
1773587834.5994027,297,0,0,0,0,9.497443999862298,0.0,0.024037002731347457,4.695409355389635,9.4,593.53125,False
1773587834.8123446,298,0,0,0,0,9.412369003257481,0.0,0.02270400000270456,4.695409355389635,18.8,593.53125,False
1773587835.025318,299,0,0,0,0,9.440387999347877,0.0,0.023036998754832894,4.695409355389635,9.4,593.53125,False
1773587835.2382333,300,0,0,0,0,9.384775999933481,0.0,0.023926000721985474,4.695409355389635,9.4,593.53125,False
1773587835.451211,301,0,0,0,0,9.429220997844823,0.0,0.0240379995375406,4.695409355389635,9.4,593.53125,False
1773587835.6642914,302,0,0,0,0,9.488888001214946,0.0,0.02409300213912502,4.695444047774975,14.1,593.53125,False
1773587835.8770275,303,0,0,0,0,9.264145999622997,0.0,0.023723001504549757,4.695444047774975,14.1,593.53125,False
1773587836.0899913,304,0,0,0,0,9.380350002174964,0.0,0.022536998585565016,4.695444047774975,9.4,593.53125,False
1773587836.303159,305,0,0,0,0,9.525610999844503,0.0,0.02601900268928148,4.695444047774975,9.4,593.53125,False
1773587836.5161767,306,0,0,0,0,9.512332999292994,0.0,0.027203997888136655,4.695444047774975,9.4,593.53125,False
1773587836.7293887,307,0,0,0,0,9.566019001795212,0.0,0.026130001060664654,4.694953145659263,14.1,593.53125,False
1773587836.942465,308,0,0,0,0,9.511684002063703,0.0,0.02607400165288709,4.694953145659263,14.1,593.53125,False
1773587837.1554544,309,0,0,0,0,9.464332000789,0.0,0.026388999685877934,4.694953145659263,9.4,593.53125,False
1773587837.3683724,310,0,0,0,0,9.463313999731326,0.0,0.02607400165288709,4.694953145659263,9.4,593.53125,False
1773587837.581536,311,0,0,0,0,9.57927699710126,0.0,0.025499997718725353,4.694953145659263,9.4,593.53125,False
1773587837.7944984,312,0,0,0,0,9.356034999655094,0.0,0.02326000321772881,4.693528324073034,9.4,593.53125,False
1773587838.0073602,313,0,0,0,0,9.375813999213278,0.0,0.023628999770153314,4.693528324073034,18.8,593.53125,False
1773587838.2202709,314,0,0,0,0,9.430590998817934,0.0,0.024073997337836772,4.693528324073034,9.4,593.53125,False
1773587838.4332366,315,0,0,0,0,9.462758000154281,0.0,0.023962998966453597,4.693528324073034,9.4,593.53125,False
1773587838.646284,316,0,0,0,0,9.51455500035081,0.0,0.02870399839594029,4.693528324073034,9.4,593.53125,False
1773587838.8591425,317,0,0,0,0,9.443684997677337,0.0,0.024834000214468688,4.696245269105358,14.1,593.53125,False
1773587839.0715933,318,0,0,0,0,8.952866999607068,0.0,0.022202999389264733,4.696245269105358,14.1,593.53125,False
1773587839.2845156,319,0,0,0,0,9.487703002378112,0.0,0.02292600038344972,4.696245269105358,9.4,593.53125,False
1773587839.4974723,320,0,0,0,0,9.531481002341025,0.0,0.022223000996746123,4.696245269105358,9.4,593.53125,False
1773587839.7104745,321,0,0,0,0,9.515852001641179,0.0,0.023407999833580106,4.696245269105358,9.4,593.546875,False
1773587839.923432,322,0,0,0,0,9.46964700051467,0.0,0.023314998543355614,4.6984074068597605,9.4,593.546875,False
1773587840.1363292,323,0,0,0,0,9.468796000874136,0.0,0.023167001927504316,4.6984074068597605,18.8,593.546875,False
1773587840.3494878,324,0,0,0,0,9.524054999928921,0.0,0.02353700256207958,4.6984074068597605,9.4,593.546875,False
1773587840.5625777,325,0,0,0,0,9.53653599935933,0.0,0.022610998712480068,4.6984074068597605,9.4,593.546875,False
1773587840.7756991,326,0,0,0,0,9.630093001760542,0.0,0.026462999812792987,4.6984074068597605,9.4,593.546875,False
1773587840.9886644,327,0,0,0,0,9.453016999032116,0.0,0.023351996787823737,4.6934810549965835,9.4,593.546875,False
1773587841.2016149,328,0,0,0,0,9.4727959985903,0.0,0.023332999262493104,4.6934810549965835,18.8,593.546875,False
1773587841.4146535,329,0,0,0,0,9.618685999157606,0.0,0.02661100006662309,4.6934810549965835,9.4,593.546875,False
1773587841.6277514,330,0,0,0,0,9.618518000934273,0.0,0.02625900015118532,4.6934810549965835,9.4,593.546875,False
1773587841.8407836,331,0,0,0,0,9.56229599978542,0.0,0.026055997295770794,4.6934810549965835,9.4,593.546875,False
1773587842.0537326,332,0,0,0,0,9.456943000259344,0.0,0.02385200059507042,4.69479338809673,9.4,593.546875,False
1773587842.2665236,333,0,0,0,0,9.38061000124435,0.0,0.022480999177787453,4.69479338809673,18.8,593.546875,False
1773587842.4794087,334,0,0,0,0,9.381053998367861,0.0,0.023370001144940034,4.69479338809673,14.1,593.546875,False
1773587842.6921797,335,0,0,0,0,9.35907199891517,0.0,0.023648000933462754,4.69479338809673,9.4,593.546875,False
1773587842.9051409,336,0,0,0,0,9.40883200019016,0.0,0.02353700256207958,4.69479338809673,9.4,593.546875,False
1773587843.1180105,337,0,0,0,0,9.385553999891272,0.0,0.023333999706665054,4.697422361514481,9.4,593.546875,False
1773587843.3308942,338,0,0,0,0,9.381905998452567,0.0,0.024501001462340355,4.697422361514481,18.8,593.546875,False
1773587843.5437565,339,0,0,0,0,9.444888000871288,0.0,0.02418500298517756,4.697422361514481,9.4,593.546875,False
1773587843.7566776,340,0,0,0,0,9.382239000842674,0.0,0.02350000067963265,4.697422361514481,9.4,593.546875,False
1773587843.9696283,341,0,0,0,0,9.397407000506064,0.0,0.0230370023928117,4.697422361514481,9.4,593.546875,False
1773587844.1824136,342,0,0,0,0,9.374591001687804,0.0,0.022036998416297138,4.697396057205971,9.4,593.546875,False
1773587844.3952022,343,0,0,0,0,9.396869001648156,0.0,0.023371001589111984,4.697396057205971,18.8,593.546875,False
1773587844.6081297,344,0,0,0,0,9.442239999771118,0.0,0.023982000129763037,4.697396057205971,9.4,593.546875,False
1773587844.8210976,345,0,0,0,0,9.414518000994576,0.0,0.02298199979122728,4.697396057205971,9.4,593.546875,False
1773587845.0339592,346,0,0,0,0,9.38136900003883,0.0,0.023314998543355614,4.697396057205971,9.4,593.546875,False
1773587845.246859,347,0,0,0,0,9.355350000987528,0.0,0.023167001927504316,4.697568618842448,9.4,593.546875,False
1773587845.4597437,348,0,0,0,0,9.316109000792494,0.0,0.022518001060234383,4.697568618842448,18.8,593.546875,False
1773587845.6724892,349,0,0,0,0,9.357590999570675,0.0,0.02325900277355686,4.697568618842448,9.4,593.546875,False
1773587845.8853965,350,0,0,0,0,9.305072002462111,0.0,0.02288899850100279,4.697568618842448,9.4,593.546875,False
1773587846.0981956,351,0,0,0,0,9.376666002935963,0.0,0.022759999410482123,4.697568618842448,9.4,593.546875,False
1773587846.3111422,352,0,0,0,0,9.338183001091238,0.0,0.02270400000270456,4.697973767627325,9.4,593.546875,False
1773587846.52403,353,0,0,0,0,9.396794997883262,0.0,0.022648000594926998,4.697973767627325,18.8,593.546875,False
1773587846.736861,354,0,0,0,0,9.401220999279758,0.0,0.02351900184294209,4.697973767627325,9.4,593.546875,False
1773587846.9497402,355,0,0,0,0,9.395924997079419,0.0,0.02216700158896856,4.697973767627325,9.4,593.546875,False
1773587847.1626642,356,0,0,0,0,9.424777003005147,0.0,0.025074001314351335,4.697973767627325,9.4,593.546875,False
1773587847.3754854,357,0,0,0,0,9.275961001549149,0.0,0.024166998628061265,4.697425518051299,9.4,593.546875,False
1773587847.5878346,358,0,0,0,0,8.858902998326812,0.0,0.022871001419844106,4.697425518051299,18.8,593.546875,False
1773587847.800658,359,0,0,0,0,9.374331999424612,0.0,0.022814998374087736,4.697425518051299,9.4,593.546875,False
1773587848.0135746,360,0,0,0,0,9.39418399866554,0.0,0.022258998797042295,4.697425518051299,9.4,593.546875,False
1773587848.2264614,361,0,0,0,0,9.432332000869792,0.0,0.02214800042565912,4.697425518051299,9.4,593.546875,False
1773587848.4394977,362,0,0,0,0,9.444961997360224,0.0,0.022796997654950246,4.69994157434614,9.4,593.546875,False
1773587848.6526105,363,0,0,0,0,9.559685000567697,0.0,0.025036999431904405,4.69994157434614,18.8,593.546875,False
1773587848.8656337,364,0,0,0,0,9.453053997276584,0.0,0.02266699812025763,4.69994157434614,9.4,593.546875,False
1773587849.0786493,365,0,0,0,0,9.558926001773216,0.0,0.02661100006662309,4.69994157434614,9.4,593.546875,False
1773587849.2919414,366,0,0,0,0,9.747315001732204,0.0,0.02574099926277995,4.69994157434614,9.4,593.546875,False
1773587849.5049212,367,0,0,0,0,9.476794999500271,0.0,0.02327800029888749,4.692787884578764,9.4,593.546875,False
1773587849.7181187,368,0,0,0,0,9.529462000500644,0.0,0.025851997634163126,4.692787884578764,18.8,593.546875,False
1773587849.9313138,369,0,0,0,0,9.534795997751644,0.0,0.02516699896659702,4.692787884578764,9.4,593.546875,False
1773587850.1444309,370,0,0,0,0,9.537832000205526,0.0,0.02590799704194069,4.692787884578764,9.4,593.546875,False
1773587850.3577209,371,0,0,0,0,9.59020400114241,0.0,0.025407000066479668,4.692787884578764,9.4,593.546875,False
1773587850.5707679,372,0,0,0,0,9.525703000690555,0.0,0.024962999304989353,4.691566932420829,9.4,593.546875,False
1773587850.784009,373,0,0,0,0,9.647667000535876,0.0,0.025352001102874056,4.691566932420829,18.8,593.546875,False
1773587850.997202,374,0,0,0,0,9.537295998597983,0.0,0.025592002202756703,4.691566932420829,9.4,593.546875,False
1773587851.210446,375,0,0,0,0,9.59285200224258,0.0,0.025389002985320985,4.691566932420829,9.4,593.5625,False
1773587851.423395,376,0,0,0,0,9.514517998468364,0.0,0.025888999516610056,4.691566932420829,9.4,593.5625,False
1773587851.6365447,377,0,0,0,0,9.543517997371964,0.0,0.0255190025200136,4.691806243565174,9.4,593.5625,False
1773587851.8494997,378,0,0,0,0,9.534481003356632,0.0,0.024500001018168405,4.691806243565174,18.8,593.5625,False
1773587852.0624266,379,0,0,0,0,9.491148000961402,0.0,0.024758999643381685,4.691806243565174,9.4,593.5625,False
1773587852.275461,380,0,0,0,0,9.479128999373643,0.0,0.024814999051159248,4.691806243565174,9.4,593.5625,False
1773587852.4885998,381,0,0,0,0,9.505424997769296,0.0,0.024870001652743667,4.691806243565174,9.4,593.5625,False
1773587852.701643,382,0,0,0,0,9.521776999463327,0.0,0.024760000087553635,4.694254286582144,14.1,593.5625,False
1773587852.9147036,383,0,0,0,0,9.511129999737022,0.0,0.026388999685877934,4.694254286582144,14.1,593.5625,False
1773587853.1277673,384,0,0,0,0,9.474110000155633,0.0,0.02609200237202458,4.694254286582144,9.4,593.5625,False
1773587853.3409731,385,0,0,0,0,9.51849999910337,0.0,0.024611003027530387,4.694254286582144,14.1,593.5625,False
1773587853.5541284,386,0,0,0,0,9.61014800122939,0.0,0.025056000595213845,4.694254286582144,9.4,593.5625,False
1773587853.7671394,387,0,0,0,0,9.467980002227705,0.0,0.026778001483762637,4.692018285239716,9.4,593.5625,False
1773587853.9801517,388,0,0,0,0,9.462646998144919,0.0,0.02601899905130267,4.692018285239716,18.8,593.5625,False
1773587854.193222,389,0,0,0,0,9.568739998940146,0.0,0.024593002308392897,4.692018285239716,9.4,593.5625,False
1773587854.4061852,390,0,0,0,0,9.551795999868773,0.0,0.02675999712664634,4.692018285239716,9.4,593.5625,False
1773587854.6192026,391,0,0,0,0,9.501444001216441,0.0,0.02627800131449476,4.692018285239716,14.1,593.5625,False
1773587854.8323274,392,0,0,0,0,9.515814999758732,0.0,0.025167002604575828,4.6947439915773845,9.4,593.578125,False
1773587855.0454543,393,0,0,0,0,9.548425001412397,0.0,0.02577800114522688,4.6947439915773845,18.8,593.578125,False
1773587855.2584555,394,0,0,0,0,9.4905359983386,0.0,0.027481000870466232,4.6947439915773845,9.4,593.578125,False
1773587855.4714735,395,0,0,0,0,9.507740000117337,0.0,0.02598200080683455,4.6947439915773845,9.4,593.578125,False
1773587855.684628,396,0,0,0,0,9.521202999167144,0.0,0.02605500048957765,4.6947439915773845,9.4,593.578125,False
1773587855.897678,397,0,0,0,0,9.569925998221152,0.0,0.025000001187436283,4.692985312266781,9.4,593.578125,False
1773587856.1106842,398,0,0,0,0,9.502518001681892,0.0,0.025018001906573772,4.692985312266781,14.1,593.578125,False
1773587856.3236375,399,0,0,0,0,9.52394399791956,0.0,0.025814999389695004,4.692985312266781,9.4,593.578125,False
1773587856.5366802,400,0,0,0,0,9.51114800045616,0.0,0.026092999178217724,4.692985312266781,14.1,593.578125,False
1773587856.7496994,401,0,0,0,0,9.540091999951983,0.0,0.024832999770296738,4.692985312266781,9.4,593.578125,False
1773587856.96275,402,0,0,0,0,9.480220996920252,0.0,0.02520400084904395,4.694495973703774,9.4,593.578125,False
1773587857.1757097,403,0,0,0,0,9.523536002234323,0.0,0.025851997634163126,4.694495973703774,18.8,593.578125,False
1773587857.3887703,404,0,0,0,0,9.49662900166004,0.0,0.025610999728087336,4.694495973703774,9.4,593.578125,False
1773587857.6018846,405,0,0,0,0,9.556555000017397,0.0,0.024629996914882213,4.694495973703774,9.4,593.578125,False
1773587857.814872,406,0,0,0,0,9.526592002657708,0.0,0.02685200161067769,4.694495973703774,9.4,593.59375,False
1773587858.0279067,407,0,0,0,0,9.485462000156986,0.0,0.025556000764481723,4.694376177845986,9.4,593.59375,False
1773587858.2408764,408,0,0,0,0,9.460739998758072,0.0,0.025295998057117686,4.694376177845986,18.8,593.59375,False
1773587858.4538565,409,0,0,0,0,9.499146999587538,0.0,0.024796001525828615,4.694376177845986,9.4,593.59375,False
1773587858.666852,410,0,0,0,0,9.446277003007708,0.0,0.025852001272141933,4.694376177845986,14.1,593.59375,False
1773587858.8798277,411,0,0,0,0,9.501425000053132,0.0,0.025240999093512073,4.694376177845986,9.4,593.59375,False
1773587859.0929096,412,0,0,0,0,9.567258999595651,0.0,0.026073998014908284,4.694931073243452,9.4,593.59375,False
1773587859.30559,413,0,0,0,0,9.197793999192072,0.0,0.025407000066479668,4.694931073243452,18.8,593.59375,False
1773587859.518572,414,0,0,0,0,9.494739999354351,0.0,0.02514899824745953,4.694931073243452,9.4,593.59375,False
1773587859.731596,415,0,0,0,0,9.459648001211463,0.0,0.02601899905130267,4.694931073243452,9.4,593.59375,False
1773587859.9445992,416,0,0,0,0,9.476444000029005,0.0,0.025000001187436283,4.694931073243452,9.4,593.59375,False
1773587860.157652,417,0,0,0,0,9.529907001706306,0.0,0.024999997549457476,4.695501869556456,9.4,593.59375,False
1773587860.3707838,418,0,0,0,0,9.51020299908123,0.0,0.025314999220427126,4.695501869556456,18.8,593.59375,False
1773587860.583712,419,0,0,0,0,9.514129000308458,0.0,0.024388999008806422,4.695501869556456,9.4,593.59375,False
1773587860.796778,420,0,0,0,0,9.507294998911675,0.0,0.02629600203363225,4.695501869556456,9.4,593.59375,False
1773587861.0098374,421,0,0,0,0,9.535591998428572,0.0,0.02518499968573451,4.695501869556456,9.4,593.59375,False
1773587861.2228339,422,0,0,0,0,9.520388997771079,0.0,0.02594499892438762,4.694287911126134,9.4,593.59375,False
1773587861.4358392,423,0,0,0,0,9.477221999986796,0.0,0.025314999220427126,4.694287911126134,18.8,593.59375,False
1773587861.6491587,424,0,0,0,0,9.748296997713624,0.0,0.024241002392955124,4.694287911126134,9.4,593.59375,False
1773587861.8622162,425,0,0,0,0,9.513888999208575,0.0,0.025314999220427126,4.694287911126134,9.4,593.59375,False
1773587862.075143,426,0,0,0,0,9.531962001346983,0.0,0.025739998818608,4.694287911126134,9.4,593.59375,False
1773587862.2881882,427,0,0,0,0,9.54901799923391,0.0,0.024408000172115862,4.693159650524815,9.4,593.59375,False
1773587862.501406,428,0,0,0,0,9.586703999957535,0.0,0.02372299786657095,4.693159650524815,18.8,593.59375,False
1773587862.7144845,429,0,0,0,0,9.5807040015643,0.0,0.024758999643381685,4.693159650524815,9.4,593.59375,False
1773587862.9277067,430,0,0,0,0,9.605925999494502,0.0,0.024797001970000565,4.693159650524815,9.4,593.59375,False
1773587863.1407845,431,0,0,0,0,9.634444002585951,0.0,0.054592997912550345,4.693159650524815,9.4,593.59375,False
1773587863.3538885,432,0,0,0,0,9.568943998601753,0.0,0.02520400084904395,4.692315385763379,14.1,593.59375,False
1773587863.566917,433,0,0,0,0,9.550165999826277,0.0,0.024740998924244195,4.692315385763379,14.1,593.59375,False
1773587863.7800992,434,0,0,0,0,9.594703999027843,0.0,0.02603699977044016,4.692315385763379,9.4,593.59375,False
1773587863.993306,435,0,0,0,0,9.57492599991383,0.0,0.024982000468298793,4.692315385763379,14.1,593.59375,False
1773587864.2064416,436,0,0,0,0,9.615628998290049,0.0,0.025055000151041895,4.692315385763379,9.4,593.59375,False
1773587864.4194198,437,0,0,0,0,9.55542600058834,0.0,0.025130000722128898,4.691938504935016,9.4,593.59375,False
1773587864.6325202,438,0,0,0,0,9.56529699760722,0.0,0.025408000510651618,4.691938504935016,18.8,593.59375,False
1773587864.8455486,439,0,0,0,0,9.62666600025841,0.0,0.024814999051159248,4.691938504935016,9.4,593.59375,False
1773587865.0586033,440,0,0,0,0,9.53877799838665,0.0,0.024852000933606178,4.691938504935016,9.4,593.59375,False
1773587865.2717903,441,0,0,0,0,9.564888998284005,0.0,0.025573997845640406,4.691938504935016,9.4,593.59375,False
1773587865.4848993,442,0,0,0,0,9.602111000276636,0.0,0.025370001822011545,4.692940154468666,9.4,593.59375,False
1773587865.697994,443,0,0,0,0,9.615759998268913,0.0,0.025369998184032738,4.692940154468666,18.8,593.59375,False
1773587865.9111705,444,0,0,0,0,9.57038799970178,0.0,0.025536999601172283,4.692940154468666,9.4,593.59375,False
1773587866.1242485,445,0,0,0,0,9.531462997983908,0.0,0.025369998184032738,4.692940154468666,9.4,593.59375,False
1773587866.3373442,446,0,0,0,0,9.533480999380117,0.0,0.02514899824745953,4.692940154468666,9.4,593.59375,False
1773587866.5503354,447,0,0,0,0,9.578702996805077,0.0,0.025408000510651618,4.692860342811314,9.4,593.59375,False
1773587866.7633247,448,0,0,0,0,9.50642500174581,0.0,0.02876000144169666,4.692860342811314,18.8,593.59375,False
1773587866.9762323,449,0,0,0,0,9.513555000012275,0.0,0.025648001610534266,4.692860342811314,9.4,593.59375,False
1773587867.1892557,450,0,0,0,0,9.52766599948518,0.0,0.025129000277956948,4.692860342811314,9.4,593.59375,False
1773587867.402256,451,0,0,0,0,9.494591999100521,0.0,0.024222001229645684,4.692860342811314,9.4,593.59375,False
1773587867.6152534,452,0,0,0,0,9.514962002867833,0.0,0.0248889991780743,4.695161267212105,9.4,593.59375,False
1773587867.8282435,453,0,0,0,0,9.512295997410547,0.0,0.025629000447224826,4.695161267212105,18.8,593.59375,False
1773587868.0412226,454,0,0,0,0,9.47868399816798,0.0,0.025870998797472566,4.695161267212105,9.4,593.59375,False
1773587868.2543328,455,0,0,0,0,9.514535999187501,0.0,0.025463003112236038,4.695161267212105,9.4,593.59375,False
1773587868.467275,456,0,0,0,0,9.472592002566671,0.0,0.025611003366066143,4.695161267212105,9.4,593.59375,False
1773587868.6801913,457,0,0,0,0,9.519111001281999,0.0,0.0256669991358649,4.694838581567524,9.4,593.59375,False
1773587868.8930852,458,0,0,0,0,9.424202999070985,0.0,0.02574099926277995,4.694838581567524,18.8,593.59375,False
1773587869.106029,459,0,0,0,0,9.52783299726434,0.0,0.02405600025667809,4.694838581567524,9.4,593.59375,False
1773587869.3189733,460,0,0,0,0,9.446665997529635,0.0,0.025371002266183496,4.694838581567524,9.4,593.609375,False
1773587869.5319698,461,0,0,0,0,9.491647997492692,0.0,0.02516699896659702,4.694838581567524,9.4,593.609375,False
1773587869.7451239,462,0,0,0,0,9.491442997386912,0.0,0.02490800034138374,4.695846727207425,9.4,593.609375,False
1773587869.9579723,463,0,0,0,0,9.35064599980251,0.0,0.026165998860960826,4.695846727207425,18.8,593.625,False
1773587870.1710932,464,0,0,0,0,9.488536998105701,0.0,0.02664800194907002,4.695846727207425,9.4,593.625,False
1773587870.3839405,465,0,0,0,0,9.378202001244063,0.0,0.02461099938955158,4.695846727207425,9.4,593.625,False
1773587870.5970366,466,0,0,0,0,9.418665002158377,0.0,0.025018998712766916,4.695846727207425,9.4,593.625,False
1773587870.8100019,467,0,0,0,0,9.42068400036078,0.0,0.025630000891396776,4.6943488568399,9.4,593.625,False
1773587871.0228035,468,0,0,0,0,9.261053000955144,0.0,0.023944998247316107,4.6943488568399,18.8,593.625,False
1773587871.2357194,469,0,0,0,0,9.379721002915176,0.0,0.023592998331878334,4.6943488568399,9.4,593.625,False
1773587871.448611,470,0,0,0,0,9.34097999925143,0.0,0.02375899930484593,4.6943488568399,9.4,593.625,False
1773587871.661518,471,0,0,0,0,9.452999001950957,0.0,0.023130000045057386,4.6943488568399,9.4,593.625,False
1773587871.8745177,472,0,0,0,0,9.410665999894263,0.0,0.023722001060377806,4.697080428480655,14.1,593.625,False
1773587872.0872784,473,0,0,0,0,9.352572997158859,0.0,0.02346299879718572,4.697080428480655,14.1,593.625,False
1773587872.30013,474,0,0,0,0,9.36362900029053,0.0,0.023407999833580106,4.697080428480655,14.1,593.625,False
1773587872.5130465,475,0,0,0,0,9.420591999514727,0.0,0.02316699828952551,4.697080428480655,9.4,593.625,False
1773587872.7258787,476,0,0,0,0,9.398868998687249,0.0,0.024222001229645684,4.697080428480655,9.4,593.625,False
1773587872.938656,477,0,0,0,0,9.346367998659844,0.0,0.02377800046815537,4.6981821570732425,9.4,593.625,False
1773587873.151499,478,0,0,0,0,9.398165999300545,0.0,0.023370997951133177,4.6981821570732425,18.8,593.625,False
1773587873.3642576,479,0,0,0,0,9.361536001961213,0.0,0.022500000341096893,4.6981821570732425,9.4,593.625,False
1773587873.5770628,480,0,0,0,0,9.368406997964485,0.0,0.023036998754832894,4.6981821570732425,9.4,593.625,False
1773587873.7899044,481,0,0,0,0,9.430609999981243,0.0,0.022203999833436683,4.6981821570732425,9.4,593.625,False
1773587874.002806,482,0,0,0,0,9.339683998405235,0.0,0.024258999474113807,4.69877374702847,9.4,593.625,False
1773587874.215695,483,0,0,0,0,9.350703003292438,0.0,0.024203000066336244,4.69877374702847,18.8,593.625,False
1773587874.4285848,484,0,0,0,0,9.408833000634331,0.0,0.02298199979122728,4.69877374702847,9.4,593.625,False
1773587874.641567,485,0,0,0,0,9.500554999249289,0.0,0.022518997866427526,4.69877374702847,9.4,593.625,False
1773587874.8544197,486,0,0,0,0,9.444924999115756,0.0,0.02298099934705533,4.69877374702847,9.4,593.625,False
1773587875.0673506,487,0,0,0,0,9.450683999602916,0.0,0.02348099951632321,4.697059388073738,9.4,593.625,False
1773587875.2802258,488,0,0,0,0,9.450554000068223,0.0,0.02320399653399363,4.697059388073738,18.8,593.625,False
1773587875.4931896,489,0,0,0,0,9.496962000412168,0.0,0.02242600021418184,4.697059388073738,9.4,593.625,False
1773587875.7060318,490,0,0,0,0,9.433536997676129,0.0,0.02377700002398342,4.697059388073738,9.4,593.625,False
1773587875.9190094,491,0,0,0,0,9.423683997738408,0.0,0.023184999008663,4.697059388073738,9.4,593.625,False
1773587876.1318552,492,0,0,0,0,9.421869999641785,0.0,0.023426000552717596,4.696884759971198,14.1,593.625,False
1773587876.3447423,493,0,0,0,0,9.453016999032116,0.0,0.022703003196511418,4.696884759971198,14.1,593.625,False
1773587876.5578275,494,0,0,0,0,9.490018001088174,0.0,0.023610999051015824,4.696884759971198,9.4,593.625,False
1773587876.7709756,495,0,0,0,0,9.542130002955673,0.0,0.03235199983464554,4.696884759971198,9.4,593.625,False
1773587876.9838839,496,0,0,0,0,9.47262900081114,0.0,0.02388900247751735,4.696884759971198,9.4,593.625,False
1773587877.1968777,497,0,0,0,0,9.48183299988159,0.0,0.023925997084006667,4.695038284064377,9.4,593.625,False
1773587877.4098709,498,0,0,0,0,9.475296003074618,0.0,0.0235740008065477,4.695038284064377,18.8,593.625,False
1773587877.6227188,499,0,0,0,0,9.428924997337162,0.0,0.02431499888189137,4.695038284064377,9.4,593.625,False
1773587877.8356788,500,0,0,0,0,9.431462000065949,0.0,0.02322200089110993,4.695038284064377,9.4,593.625,False
1773587878.0484774,501,0,0,0,0,9.361239997815574,0.0,0.023814998712623492,4.695038284064377,9.4,593.625,False
1773587878.2614045,502,0,0,0,0,9.411146998900222,0.0,0.023611999495187774,4.696647034149114,9.4,593.625,False
1773587878.4743001,503,0,0,0,0,9.379480001371121,0.0,0.0238150023506023,4.696647034149114,18.8,593.625,False
1773587878.6871314,504,0,0,0,0,9.389758000907023,0.0,0.02383299943176098,4.696647034149114,9.4,593.625,False
1773587878.899919,505,0,0,0,0,9.347127997898497,0.0,0.025591998564777896,4.696647034149114,9.4,593.625,False
1773587879.1130304,506,0,0,0,0,9.454592000111006,0.0,0.023926000721985474,4.696647034149114,14.1,593.625,False
1773587879.3259509,507,0,0,0,0,9.431962000235217,0.0,0.02288899850100279,4.696910006604761,9.4,593.625,False
1773587879.5388942,508,0,0,0,0,9.412442999746418,0.0,0.025833000108832493,4.696910006604761,14.1,593.625,False
1773587879.7518322,509,0,0,0,0,9.507667000434594,0.0,0.025130000722128898,4.696910006604761,9.4,593.625,False
1773587879.964901,510,0,0,0,0,9.502814002189552,0.0,0.025575001927791163,4.696910006604761,14.1,593.625,False
1773587880.1780002,511,0,0,0,0,9.461073997954372,0.0,0.026092999178217724,4.696910006604761,9.4,593.625,False
1773587880.3910885,512,0,0,0,0,9.421776998351561,0.0,0.02627800131449476,4.69472192112812,9.4,593.625,False
1773587880.604143,513,0,0,0,0,9.524592001980636,0.0,0.026464000256964937,4.69472192112812,18.8,593.625,False
1773587880.817141,514,0,0,0,0,9.409054997377098,0.0,0.024426000891253352,4.69472192112812,9.4,593.625,False
1773587881.0301402,515,0,0,0,0,9.394981003424618,0.0,0.024258999474113807,4.69472192112812,9.4,593.625,False
1773587881.2430522,516,0,0,0,0,9.415869000804378,0.0,0.023723001504549757,4.69472192112812,9.4,593.625,False
1773587881.456063,517,0,0,0,0,9.455221999814967,0.0,0.02359300196985714,4.695178085921128,9.4,593.625,False
1773587881.669179,518,0,0,0,0,9.483517998887692,0.0,0.024684999516466632,4.695178085921128,18.8,593.640625,False
1773587881.882049,519,0,0,0,0,9.459592001803685,0.0,0.023814998712623492,4.695178085921128,9.4,593.640625,False
1773587882.0949845,520,0,0,0,0,9.351035001600394,0.0,0.02429599771858193,4.695178085921128,9.4,593.640625,False
1773587882.3078377,521,0,0,0,0,9.421072998520685,0.0,0.024019002012209967,4.695178085921128,9.4,593.640625,False
1773587882.5208313,522,0,0,0,0,9.387961999891559,0.0,0.024962999304989353,4.695335767178377,9.4,593.640625,False
1773587882.7332094,523,0,0,0,0,8.864124996762257,0.0,0.02346299879718572,4.695335767178377,18.8,593.640625,False
1773587882.9460645,524,0,0,0,0,9.407831999851624,0.0,0.02461099938955158,4.695335767178377,9.4,593.640625,False
1773587883.1589136,525,0,0,0,0,9.390036000695545,0.0,0.023926000721985474,4.695335767178377,9.4,593.640625,False
1773587883.3722506,526,0,0,0,0,9.423257997696055,0.0,0.024796001525828615,4.695335767178377,9.4,593.640625,False
1773587883.5851433,527,0,0,0,0,9.427277000213508,0.0,0.024592001864220947,4.697754873371418,9.4,593.640625,False
1773587883.7979908,528,0,0,0,0,9.42425800167257,0.0,0.023592998331878334,4.697754873371418,18.8,593.640625,False
1773587884.010856,529,0,0,0,0,9.343535002699355,0.0,0.023611999495187774,4.697754873371418,9.4,593.640625,False
1773587884.2237337,530,0,0,0,0,9.379072998854099,0.0,0.02403699909336865,4.697754873371418,9.4,593.640625,False
1773587884.4366815,531,0,0,0,0,9.449331999348942,0.0,0.023130000045057386,4.697754873371418,9.4,593.640625,False
1773587884.650045,532,0,0,0,0,9.779001000424614,0.0,0.024758999643381685,4.697395005039758,9.4,593.640625,False
1773587884.8629243,533,0,0,0,0,9.378368999023223,0.0,0.02401899837423116,4.697395005039758,18.8,593.640625,False
1773587885.0758684,534,0,0,0,0,9.37423999857856,0.0,0.023684999177930877,4.697395005039758,9.4,593.65625,False
1773587885.2887888,535,0,0,0,0,9.392869997100206,0.0,0.04011099736089818,4.697395005039758,9.4,593.65625,False
1773587885.5016735,536,0,0,0,0,9.390072998940013,0.0,0.02373999814153649,4.697395005039758,9.4,593.65625,False
1773587885.7151504,537,0,0,0,0,9.93285399817978,0.0,0.02631499955896288,4.694722972097189,9.4,593.65625,False
1773587885.928103,538,0,0,0,0,9.413479998329422,0.0,0.024240998754976317,4.694722972097189,18.8,593.65625,False
1773587886.1409364,539,0,0,0,0,9.349923999252496,0.0,0.022315001842798665,4.694722972097189,9.4,593.65625,False
1773587886.3538435,540,0,0,0,0,9.426554999663495,0.0,0.02344399763387628,4.694722972097189,9.4,593.65625,False
1773587886.5667815,541,0,0,0,0,9.405183998751454,0.0,0.022575000912183896,4.694722972097189,9.4,593.65625,False
1773587886.7796843,542,0,0,0,0,9.366332000354305,0.0,0.024240998754976317,4.6943425520375035,9.4,593.65625,False
1773587886.9924786,543,0,0,0,0,9.36981300037587,0.0,0.025297002139268443,4.6943425520375035,18.8,593.65625,False
1773587887.205486,544,0,0,0,0,9.45312899784767,0.0,0.02351900184294209,4.6943425520375035,9.4,593.65625,False
1773587887.4184237,545,0,0,0,0,9.354203000839334,0.0,0.02355600008741021,4.6943425520375035,9.4,593.671875,False
1773587887.6313112,546,0,0,0,0,9.473296002397547,0.0,0.02463000055286102,4.6943425520375035,9.4,593.671875,False
1773587887.8441963,547,0,0,0,0,9.38994299940532,0.0,0.02379700163146481,4.697199310321039,9.4,593.671875,False
1773587888.0571074,548,0,0,0,0,9.403572999872267,0.0,0.023110998881747946,4.697199310321039,18.8,593.671875,False
1773587888.2700086,549,0,0,0,0,9.434018000320066,0.0,0.022277999960351735,4.697199310321039,9.4,593.671875,False
1773587888.4828482,550,0,0,0,0,9.352683999168221,0.0,0.023388998670270666,4.697199310321039,9.4,593.671875,False
1773587888.6957355,551,0,0,0,0,9.411072998773307,0.0,0.02490800034138374,4.697199310321039,9.4,593.671875,False
1773587888.9086277,552,0,0,0,0,9.390833001816645,0.0,0.02353699892410077,4.697035191838816,14.1,593.671875,False
1773587889.1215155,553,0,0,0,0,9.401684001204558,0.0,0.023518998204963282,4.697035191838816,18.8,593.671875,False
1773587889.3344765,554,0,0,0,0,9.392480002134107,0.0,0.024981000024126843,4.697035191838816,9.4,593.671875,False
1773587889.5474524,555,0,0,0,0,9.377758000482572,0.0,0.023369997506961226,4.697035191838816,9.4,593.671875,False
1773587889.760372,556,0,0,0,0,9.445368999877246,0.0,0.023962998966453597,4.697035191838816,9.4,593.671875,False
1773587889.9733906,557,0,0,0,0,9.486314000241691,0.0,0.02294500154675916,4.696223184538566,9.4,593.671875,False
1773587890.1862113,558,0,0,0,0,9.376460999192204,0.0,0.024130000383593142,4.696223184538566,18.8,593.671875,False
1773587890.3992038,559,0,0,0,0,9.399832000781316,0.0,0.02298199979122728,4.696223184538566,9.4,593.671875,False
1773587890.6121142,560,0,0,0,0,9.430887999769766,0.0,0.02375899930484593,4.696223184538566,9.4,593.671875,False
1773587890.8250608,561,0,0,0,0,9.410924001713283,0.0,0.02346299879718572,4.696223184538566,9.4,593.671875,False
1773587891.0378983,562,0,0,0,0,9.424239997315453,0.0,0.024110999220283702,4.696773257252763,9.4,593.671875,False
1773587891.250592,563,0,0,0,0,9.153015998890623,0.0,0.024221997591666877,4.696773257252763,18.8,593.671875,False
1773587891.4636295,564,0,0,0,0,9.425962001841981,0.0,0.02361100268899463,4.696773257252763,9.4,593.671875,False
1773587891.6765614,565,0,0,0,0,9.4333330016525,0.0,0.02516699896659702,4.696773257252763,9.4,593.671875,False
1773587891.8894024,566,0,0,0,0,9.415444001206197,0.0,0.02514899824745953,4.696773257252763,9.4,593.671875,False
1773587892.102315,567,0,0,0,0,9.428683999431087,0.0,0.02344499807804823,4.6977580303551285,9.4,593.671875,False
1773587892.3151278,568,0,0,0,0,9.382758998981444,0.0,0.023665998014621437,4.6977580303551285,18.8,593.671875,False
1773587892.527978,569,0,0,0,0,9.432888000446837,0.0,0.02292600038344972,4.6977580303551285,9.4,593.671875,False
1773587892.7410166,570,0,0,0,0,9.513555000012275,0.0,0.025944002118194476,4.6977580303551285,9.4,593.671875,False
1773587892.954068,571,0,0,0,0,9.550499999022577,0.0,0.02551800207584165,4.6977580303551285,9.4,593.671875,False
1773587893.1671429,572,0,0,0,0,9.443314000236569,0.0,0.025388999347342178,4.6959340010466,9.4,593.671875,False
1773587893.3800201,573,0,0,0,0,9.463091999350581,0.0,0.024778000806691125,4.6959340010466,18.8,593.671875,False
1773587893.5930927,574,0,0,0,0,9.580314999766415,0.0,0.025278000975959003,4.6959340010466,9.4,593.671875,False
1773587893.8062084,575,0,0,0,0,9.499092000623932,0.0,0.025277997337980196,4.6959340010466,9.4,593.671875,False
1773587894.019265,576,0,0,0,0,9.462943999096751,0.0,0.025388999347342178,4.6959340010466,9.4,593.671875,False
1773587894.2323396,577,0,0,0,0,9.52814799893531,0.0,0.02520400084904395,4.69389810614827,9.4,593.671875,False
1773587894.4453678,578,0,0,0,0,9.511500000371598,0.0,0.025963003281503916,4.69389810614827,23.5,593.671875,False
1773587894.658351,579,0,0,0,0,9.460091998334974,0.0,0.02518499968573451,4.69389810614827,4.7,593.671875,False
1773587894.8714,580,0,0,0,0,9.441055000934284,0.0,0.025075001758523285,4.69389810614827,14.1,593.671875,False
1773587895.084388,581,0,0,0,0,9.50429599834024,0.0,0.024685999960638583,4.69389810614827,9.4,593.671875,False
1773587895.297313,582,0,0,0,0,9.469277996686287,0.0,0.025869998353300616,4.694621030288296,9.4,593.671875,False
1773587895.5102735,583,0,0,0,0,9.476907001953805,0.0,0.024758999643381685,4.694621030288296,18.8,593.671875,False
1773587895.723323,584,0,0,0,0,9.429314002773026,0.0,0.025869998353300616,4.694621030288296,9.4,593.671875,False
1773587895.9361758,585,0,0,0,0,9.437296001124196,0.0,0.02546299947425723,4.694621030288296,9.4,593.671875,False
1773587896.1491625,586,0,0,0,0,9.473350997723173,0.0,0.024408000172115862,4.694621030288296,9.4,593.671875,False
1773587896.3621104,587,0,0,0,0,9.477889001573203,0.0,0.025667002773843706,4.696026535889082,9.4,593.671875,False
1773587896.5751457,588,0,0,0,0,9.411406001163414,0.0,0.023666001652600244,4.696026535889082,18.8,593.671875,False
1773587896.788039,589,0,0,0,0,9.398461999808205,0.0,0.023406999389408156,4.696026535889082,9.4,593.671875,False
1773587897.0009725,590,0,0,0,0,9.375165001983987,0.0,0.02348099951632321,4.696026535889082,9.4,593.671875,False
1773587897.213771,591,0,0,0,0,9.391424999193987,0.0,0.02383299943176098,4.696026535889082,9.4,593.671875,False
1773587897.426552,592,0,0,0,0,9.346832001028815,0.0,0.024832999770296738,4.696471384953301,9.4,593.671875,False
1773587897.639442,593,0,0,0,0,9.404053998878226,0.0,0.022852000256534666,4.696471384953301,18.8,593.671875,False
1773587897.8522372,594,0,0,0,0,9.383980002894532,0.0,0.024240998754976317,4.696471384953301,9.4,593.671875,False
1773587898.0652094,595,0,0,0,0,9.416444001544733,0.0,0.02294499790878035,4.696471384953301,9.4,593.671875,False
1773587898.2780647,596,0,0,0,0,9.380276998854242,0.0,0.024852000933606178,4.696471384953301,9.4,593.671875,False
1773587898.4908485,597,0,0,0,0,9.35925799785764,0.0,0.02351900184294209,4.698034809085883,9.4,593.671875,False
1773587898.703774,598,0,0,0,0,9.412850999069633,0.0,0.02387000131420791,4.698034809085883,18.8,593.671875,False
1773587898.916701,599,0,0,0,0,9.378647002449725,0.0,0.02351799776079133,4.698034809085883,14.1,593.671875,False
1773587899.129633,600,0,0,0,0,9.401924999110634,0.0,0.02292700082762167,4.698034809085883,9.4,593.671875,False
1773587899.3425353,601,0,0,0,0,9.355146998132113,0.0,0.02405600025667809,4.698034809085883,9.4,593.671875,False
1773587899.555443,602,0,0,0,0,9.408573001564946,0.0,0.02457399750710465,4.696801658386083,9.4,593.671875,False
1773587899.7682595,603,0,0,0,0,9.332739999081241,0.0,0.02387100175837986,4.696801658386083,18.8,593.671875,False
1773587899.9811487,604,0,0,0,0,9.372296000947244,0.0,0.024240998754976317,4.696801658386083,9.4,593.6875,False
1773587900.1940274,605,0,0,0,0,9.445220999623416,0.0,0.024185999791370705,4.696801658386083,9.4,593.6875,False
1773587900.4068933,606,0,0,0,0,9.423906998563325,0.0,0.024464003217872232,4.696801658386083,9.4,593.6875,False
1773587900.6198337,607,0,0,0,0,9.44472199989832,0.0,0.025112000002991408,4.697976924905246,9.4,593.6875,False
1773587900.8326552,608,0,0,0,0,9.366017002321314,0.0,0.023814998712623492,4.697976924905246,18.8,593.6875,False
1773587901.0456157,609,0,0,0,0,9.44455500211916,0.0,0.024778000806691125,4.697976924905246,9.4,593.6875,False
1773587901.2584343,610,0,0,0,0,9.3286840019573,0.0,0.023963999410625547,4.697976924905246,9.4,593.6875,False
1773587901.4714215,611,0,0,0,0,9.36862899834523,0.0,0.02324100205441937,4.697976924905246,9.4,593.6875,False
1773587901.6843655,612,0,0,0,0,9.422146998986136,0.0,0.024092998501146212,4.69691947416232,9.4,593.6875,False
1773587901.8971975,613,0,0,0,0,9.340331998828333,0.0,0.02348199996049516,4.69691947416232,18.8,593.6875,False
1773587902.1100416,614,0,0,0,0,9.34799900278449,0.0,0.023185002646641806,4.69691947416232,9.4,593.6875,False
1773587902.3229582,615,0,0,0,0,9.372444001201075,0.0,0.022147996787680313,4.69691947416232,9.4,593.6875,False
1773587902.5357425,616,0,0,0,0,9.352739998575998,0.0,0.025036999431904405,4.69691947416232,14.1,593.6875,False
1773587902.74873,617,0,0,0,0,9.400016999279615,0.0,0.023908000002847984,4.697543365128118,4.7,593.6875,False
1773587902.9610424,618,0,0,0,0,8.826255001622485,0.0,0.022555999748874456,4.697543365128118,18.8,593.6875,False
1773587903.1739402,619,0,0,0,0,9.404109998286003,0.0,0.023075001081451774,4.697543365128118,9.4,593.6875,False
1773587903.3867702,620,0,0,0,0,9.32351699884748,0.0,0.02383299943176098,4.697543365128118,9.4,593.6875,False
1773587903.5996137,621,0,0,0,0,9.413110001332825,0.0,0.02292700082762167,4.697543365128118,9.4,593.6875,False
1773587903.8125396,622,0,0,0,0,9.40727700071875,0.0,0.02351800139877014,4.700174366743914,9.4,593.6875,False
1773587904.0255773,623,0,0,0,0,9.450370002014097,0.0,0.023091997718438506,4.700174366743914,18.8,593.6875,False
1773587904.2385464,624,0,0,0,0,9.465795999858528,0.0,0.023610999051015824,4.700174366743914,9.4,593.6875,False
1773587904.4513514,625,0,0,0,0,9.386055000504712,0.0,0.02292600038344972,4.700174366743914,9.4,593.6875,False
1773587904.6643295,626,0,0,0,0,9.419073001481593,0.0,0.02540799687267281,4.700174366743914,9.4,593.6875,False
1773587904.87732,627,0,0,0,0,9.438351000426337,0.0,0.024741002562223002,4.695518690705741,9.4,593.6875,False
1773587905.0902598,628,0,0,0,0,9.418831999937538,0.0,0.02348199996049516,4.695518690705741,18.8,593.6875,False
1773587905.3031912,629,0,0,0,0,9.428979999938747,0.0,0.023962998966453597,4.695518690705741,9.4,593.6875,False
1773587905.516061,630,0,0,0,0,9.398313999554375,0.0,0.024204000510508195,4.695518690705741,9.4,593.703125,False
1773587905.7289112,631,0,0,0,0,9.41599900033907,0.0,0.0235740008065477,4.695518690705741,9.4,593.703125,False
1773587905.941872,632,0,0,0,0,9.438314002181869,0.0,0.02399999721092172,4.697188789561484,14.1,593.71875,False
1773587906.154824,633,0,0,0,0,9.44533300207695,0.0,0.023925997084006667,4.697188789561484,14.1,593.71875,False
1773587906.367628,634,0,0,0,0,9.35083199874498,0.0,0.023463002435164526,4.697188789561484,14.1,593.71875,False
1773587906.580632,635,0,0,0,0,9.4211469986476,0.0,0.02490800034138374,4.697188789561484,9.4,593.71875,False
1773587906.7935238,636,0,0,0,0,9.415129003173206,0.0,0.024184999347198755,4.697188789561484,9.4,593.71875,False
1773587907.00652,637,0,0,0,0,9.401813997101272,0.0,0.024426000891253352,4.6961842741405455,9.4,593.71875,False
1773587907.2195284,638,0,0,0,0,9.41194299957715,0.0,0.024426000891253352,4.6961842741405455,18.8,593.71875,False
1773587907.432345,639,0,0,0,0,9.389832001033938,0.0,0.02400099765509367,4.6961842741405455,9.4,593.71875,False
1773587907.6454322,640,0,0,0,0,9.449240002140868,0.0,0.023184999008663,4.6961842741405455,9.4,593.71875,False
1773587907.8582816,641,0,0,0,0,9.382831998664187,0.0,0.023759002942824736,4.6961842741405455,9.4,593.71875,False
1773587908.0710714,642,0,0,0,0,9.34320300075342,0.0,0.024777997168712318,4.696348333163512,9.4,593.71875,False
1773587908.283921,643,0,0,0,0,9.412388000782812,0.0,0.023667002096772194,4.696348333163512,18.8,593.71875,False
1773587908.4969378,644,0,0,0,0,9.385683999425964,0.0,0.02464800127199851,4.696348333163512,9.4,593.71875,False
1773587908.709837,645,0,0,0,0,9.326979998149909,0.0,0.02494400177965872,4.696348333163512,9.4,593.71875,False
1773587908.9227598,646,0,0,0,0,9.465924998949049,0.0,0.024166998628061265,4.696348333163512,9.4,593.71875,False
1773587909.135661,647,0,0,0,0,9.35642500189715,0.0,0.026685000193538144,4.696961552657701,9.4,593.71875,False
1773587909.3485816,648,0,0,0,0,9.363368997583166,0.0,0.025888999516610056,4.696961552657701,18.8,593.71875,False
1773587909.5615895,649,0,0,0,0,9.524666002107551,0.0,0.024703000235604122,4.696961552657701,9.4,593.71875,False
1773587909.774686,650,0,0,0,0,9.513092001725454,0.0,0.02548200063756667,4.696961552657701,9.4,593.71875,False
1773587909.9877365,651,0,0,0,0,9.42131400006474,0.0,0.02627800131449476,4.696961552657701,9.4,593.71875,False
1773587910.2007225,652,0,0,0,0,9.456296000280418,0.0,0.025610999728087336,4.695138141683939,14.1,593.71875,False
1773587910.413667,653,0,0,0,0,9.463648002565606,0.0,0.025148001441266388,4.695138141683939,18.8,593.71875,False
1773587910.6267145,654,0,0,0,0,9.435129002667964,0.0,0.026870999136008322,4.695138141683939,9.4,593.71875,False
1773587910.8396516,655,0,0,0,0,9.407591998751741,0.0,0.02633400072227232,4.695138141683939,9.4,593.71875,False
1773587911.0526578,656,0,0,0,0,9.433703002287075,0.0,0.02649999805726111,4.695138141683939,9.4,593.71875,False
1773587911.2655547,657,0,0,0,0,9.480943997914437,0.0,0.025148001441266388,4.69520751895186,9.4,593.71875,False
1773587911.4779482,658,0,0,0,0,8.958810998592526,0.0,0.024443997972412035,4.69520751895186,14.1,593.71875,False
1773587911.6909668,659,0,0,0,0,9.477130002778722,0.0,0.024647997634019703,4.69520751895186,9.4,593.71875,False
1773587911.9040132,660,0,0,0,0,9.529221999400761,0.0,0.026129997422685847,4.69520751895186,9.4,593.71875,False
1773587912.1170545,661,0,0,0,0,9.455481002078159,0.0,0.02579600186436437,4.69520751895186,14.1,593.71875,False
1773587912.3300364,662,0,0,0,0,9.438499000680167,0.0,0.02653699993970804,4.697457083652802,4.7,593.71875,False
1773587912.5431383,663,0,0,0,0,9.535036999295698,0.0,0.025092002033488825,4.697457083652802,18.8,593.71875,False
1773587912.7560692,664,0,0,0,0,9.426685002836166,0.0,0.02709199907258153,4.697457083652802,9.4,593.71875,False
1773587912.9691372,665,0,0,0,0,9.494295998592861,0.0,0.025056000595213845,4.697457083652802,9.4,593.71875,False
1773587913.1820805,666,0,0,0,0,9.473907000938198,0.0,0.0256669991358649,4.697457083652802,9.4,593.71875,False
1773587913.3952076,667,0,0,0,0,9.431054997548927,0.0,0.025888999516610056,4.693617612704123,14.1,593.71875,False
1773587913.6081467,668,0,0,0,0,9.431110000150511,0.0,0.025795998226385564,4.693617612704123,14.1,593.71875,False
1773587913.8210945,669,0,0,0,0,9.506443999271141,0.0,0.024907996703404933,4.693617612704123,14.1,593.71875,False
1773587914.0341382,670,0,0,0,0,9.553148000122746,0.0,0.025388999347342178,4.693617612704123,9.4,593.71875,False
1773587914.2471635,671,0,0,0,0,9.416535998752806,0.0,0.02568600029917434,4.693617612704123,9.4,593.71875,False
1773587914.4601066,672,0,0,0,0,9.421072998520685,0.0,0.02575899998191744,4.695582822443035,9.4,593.71875,False
1773587914.6730437,673,0,0,0,0,9.423277002497343,0.0,0.025944002118194476,4.695582822443035,18.8,593.71875,False
1773587914.8862247,674,0,0,0,0,9.514647998003056,0.0,0.02627800131449476,4.695582822443035,9.4,593.71875,False
1773587915.0992641,675,0,0,0,0,9.441684000194073,0.0,0.02550100180087611,4.695582822443035,9.4,593.734375,False
1773587915.312184,676,0,0,0,0,9.408924997842405,0.0,0.02625900015118532,4.695582822443035,14.1,593.734375,False
1773587915.5252259,677,0,0,0,0,9.510926000075415,0.0,0.025556000764481723,4.694600011909138,9.4,593.734375,False
1773587915.7382958,678,0,0,0,0,9.486165999987861,0.0,0.02685200161067769,4.694600011909138,18.8,593.734375,False
1773587915.9511702,679,0,0,0,0,9.44575800167513,0.0,0.02577800114522688,4.694600011909138,9.4,593.734375,False
1773587916.1641474,680,0,0,0,0,9.425647000171011,0.0,0.02627800131449476,4.694600011909138,9.4,593.734375,False
1773587916.3770673,681,0,0,0,0,9.405757999047637,0.0,0.025610999728087336,4.694600011909138,9.4,593.734375,False
1773587916.5900812,682,0,0,0,0,9.468943997489987,0.0,0.025536999601172283,4.695543922655645,9.4,593.734375,False
1773587916.8030102,683,0,0,0,0,9.368592000100762,0.0,0.024982000468298793,4.695543922655645,18.8,593.734375,False
1773587917.0159338,684,0,0,0,0,9.419609999895329,0.0,0.026130001060664654,4.695543922655645,9.4,593.734375,False
1773587917.22896,685,0,0,0,0,9.463498998229625,0.0,0.024944998585851863,4.695543922655645,9.4,593.734375,False
1773587917.4419959,686,0,0,0,0,9.470351997151738,0.0,0.025314999220427126,4.695543922655645,9.4,593.734375,False
1773587917.6550558,687,0,0,0,0,9.442555001442088,0.0,0.02516599852242507,4.694680933701449,9.4,593.734375,False
1773587917.8679187,688,0,0,0,0,9.419554000487551,0.0,0.02572299854364246,4.694680933701449,18.8,593.734375,False
1773587918.0809543,689,0,0,0,0,9.492648001469206,0.0,0.024482000299030915,4.694680933701449,9.4,593.734375,False
1773587918.294054,690,0,0,0,0,9.495517999312142,0.0,0.025630000891396776,4.694680933701449,9.4,593.734375,False
1773587918.5070019,691,0,0,0,0,9.472407000430394,0.0,0.026647998311091214,4.694680933701449,9.4,593.734375,False
1773587918.7199714,692,0,0,0,0,9.467888998187846,0.0,0.02564799797255546,4.695270590974629,9.4,593.734375,False
1773587918.933075,693,0,0,0,0,9.537703997921199,0.0,0.025073997676372528,4.695270590974629,18.8,593.734375,False
1773587919.146088,694,0,0,0,0,9.480980999796884,0.0,0.025574001483619213,4.695270590974629,9.4,593.734375,False
1773587919.359178,695,0,0,0,0,9.507351001957431,0.0,0.0254259975918103,4.695270590974629,9.4,593.734375,False
1773587919.5721266,696,0,0,0,0,9.449498997128103,0.0,0.02653699993970804,4.695270590974629,14.1,593.734375,False
1773587919.7851598,697,0,0,0,0,9.513925997453043,0.0,0.024722001398913562,4.694221713264501,9.4,593.734375,False
1773587919.9977953,698,0,0,0,0,9.033275000547292,0.0,0.02468500315444544,4.694221713264501,14.1,593.734375,False
1773587920.2107537,699,0,0,0,0,9.448741002415773,0.0,0.026388999685877934,4.694221713264501,9.4,593.734375,False
1773587920.4236374,700,0,0,0,0,9.432407001440879,0.0,0.025278000975959003,4.694221713264501,14.1,593.734375,False
1773587920.6366494,701,0,0,0,0,9.444518000236712,0.0,0.02626000059535727,4.694221713264501,4.7,593.734375,False
1773587920.8496084,702,0,0,0,0,9.47323999935179,0.0,0.025481996999587864,4.697096208909547,9.4,593.734375,False
1773587921.062594,703,0,0,0,0,9.500684998783981,0.0,0.026204001187579706,4.697096208909547,18.8,593.734375,False
1773587921.2755868,704,0,0,0,0,9.428129000298213,0.0,0.0262039975496009,4.697096208909547,9.4,593.734375,False
1773587921.4887614,705,0,0,0,0,9.502943998086266,0.0,0.025536999601172283,4.697096208909547,14.1,593.734375,False
1773587921.7018135,706,0,0,0,0,9.52253699870198,0.0,0.02607400165288709,4.697096208909547,9.4,593.734375,False
1773587921.9148543,707,0,0,0,0,9.435276999283815,0.0,0.024852000933606178,4.693572442736747,9.4,593.734375,False
1773587922.1277535,708,0,0,0,0,9.459739998419536,0.0,0.02575899998191744,4.693572442736747,18.8,593.734375,False
1773587922.3407733,709,0,0,0,0,9.44860999879893,0.0,0.025593002646928653,4.693572442736747,9.4,593.734375,False
1773587922.553867,710,0,0,0,0,9.44192599854432,0.0,0.0248889991780743,4.693572442736747,9.4,593.734375,False
1773587922.7668526,711,0,0,0,0,9.510519001196371,0.0,0.024760000087553635,4.693572442736747,9.4,593.734375,False
1773587922.9798772,712,0,0,0,0,9.477554998738924,0.0,0.02574099926277995,4.695150755580153,9.4,593.734375,False
1773587923.1929193,713,0,0,0,0,9.530666000500787,0.0,0.025445002393098548,4.695150755580153,18.8,593.734375,False
1773587923.4058678,714,0,0,0,0,9.464963000937132,0.0,0.024426000891253352,4.695150755580153,9.4,593.734375,False
1773587923.6189158,715,0,0,0,0,9.468370000831783,0.0,0.026760000764625147,4.695150755580153,14.1,593.75,False
1773587923.8319564,716,0,0,0,0,9.510944000794552,0.0,0.02601900268928148,4.695150755580153,9.4,593.75,False
1773587924.044957,717,0,0,0,0,9.537092002574354,0.0,0.025314999220427126,4.694301571234725,9.4,593.75,False
1773587924.2581117,718,0,0,0,0,9.540628998365719,0.0,0.02603699977044016,4.694301571234725,18.8,593.75,False
1773587924.4711409,719,0,0,0,0,9.473443999013398,0.0,0.025870001991279423,4.694301571234725,9.4,593.75,False
1773587924.6841054,720,0,0,0,0,9.516165999229997,0.0,0.025888999516610056,4.694301571234725,9.4,593.75,False
1773587924.8971438,721,0,0,0,0,9.4787220004946,0.0,0.024388999008806422,4.694301571234725,9.4,593.75,False
1773587925.1101751,722,0,0,0,0,9.45810999837704,0.0,0.02576000042608939,4.6937594310421,9.4,593.75,False
1773587925.3231568,723,0,0,0,0,9.452870002860436,0.0,0.02494400177965872,4.6937594310421,18.8,593.75,False
1773587925.5361056,724,0,0,0,0,9.420795999176335,0.0,0.02596299964352511,4.6937594310421,9.4,593.75,False
1773587925.7490768,725,0,0,0,0,9.457757998461602,0.0,0.025408000510651618,4.6937594310421,9.4,593.75,False
1773587925.9620614,726,0,0,0,0,9.498370000073919,0.0,0.025888999516610056,4.6937594310421,9.4,593.75,False
1773587926.1750538,727,0,0,0,0,9.487647999776527,0.0,0.027185000362806022,4.6953578433995595,9.4,593.75,False
1773587926.3881342,728,0,0,0,0,9.50335200104746,0.0,0.027185000362806022,4.6953578433995595,18.8,593.75,False
1773587926.6011283,729,0,0,0,0,9.541944000375224,0.0,0.02596400008769706,4.6953578433995595,9.4,593.75,False
1773587926.8140357,730,0,0,0,0,9.368702998472145,0.0,0.02370399670326151,4.6953578433995595,9.4,593.75,False
1773587927.0268097,731,0,0,0,0,9.337665000202833,0.0,0.02409300213912502,4.6953578433995595,9.4,593.75,False
1773587927.2398038,732,0,0,0,0,9.356016998935957,0.0,0.023962998966453597,4.695747890873086,9.4,593.75,False
1773587927.452614,733,0,0,0,0,9.350795000500511,0.0,0.02329700146219693,4.695747890873086,18.8,593.75,False
1773587927.6655447,734,0,0,0,0,9.42818499970599,0.0,0.024556000425945967,4.695747890873086,9.4,593.75,False
1773587927.87857,735,0,0,0,0,9.350591000838904,0.0,0.023833999875932932,4.695747890873086,9.4,593.75,False
1773587928.0914476,736,0,0,0,0,9.348535000754055,0.0,0.025036999431904405,4.695747890873086,9.4,593.75,False
1773587928.3043709,737,0,0,0,0,9.358924999105511,0.0,0.024369997845496982,4.696308369012165,9.4,593.75,False
1773587928.517116,738,0,0,0,0,9.143570998276118,0.0,0.02353699892410077,4.696308369012165,18.8,593.75,False
1773587928.7299623,739,0,0,0,0,9.406257999216905,0.0,0.02379600118729286,4.696308369012165,9.4,593.75,False
1773587928.9429095,740,0,0,0,0,9.432165999896824,0.0,0.023111999325919896,4.696308369012165,9.4,593.75,False
1773587929.155958,741,0,0,0,0,9.438092001801124,0.0,0.023906999558676034,4.696308369012165,9.4,593.75,False
1773587929.3689435,742,0,0,0,0,9.443388000363484,0.0,0.022776999685447663,4.6974097354096305,9.4,593.75,False
1773587929.581894,743,0,0,0,0,9.480925000389107,0.0,0.02407500141998753,4.6974097354096305,18.8,593.75,False
1773587929.7949061,744,0,0,0,0,9.394146996783093,0.0,0.024703997041797265,4.6974097354096305,9.4,593.765625,False
1773587930.0078657,745,0,0,0,0,9.443555001780624,0.0,0.024277000193251297,4.6974097354096305,9.4,593.765625,False
1773587930.220799,746,0,0,0,0,9.370888001285493,0.0,0.024704000679776073,4.6974097354096305,9.4,593.78125,False
1773587930.4335992,747,0,0,0,0,9.381850999488961,0.0,0.02288899850100279,4.695664829511805,9.4,593.78125,False
1773587930.6466575,748,0,0,0,0,9.434202998818364,0.0,0.024019002012209967,4.695664829511805,18.8,593.78125,False
1773587930.859516,749,0,0,0,0,9.350072999950498,0.0,0.02383299943176098,4.695664829511805,9.4,593.78125,False
1773587931.0723677,750,0,0,0,0,9.3466289981734,0.0,0.024574001145083457,4.695664829511805,9.4,593.78125,False
1773587931.2851713,751,0,0,0,0,9.38016599684488,0.0,0.02266699812025763,4.695664829511805,9.4,593.78125,False
1773587931.498173,752,0,0,0,0,9.431036000023596,0.0,0.024111999664455652,4.697298207764562,14.1,593.78125,False
1773587931.7110865,753,0,0,0,0,9.317923999333289,0.0,0.022908003302291036,4.697298207764562,14.1,593.78125,False
1773587931.9238906,754,0,0,0,0,9.357572998851538,0.0,0.023352000425802544,4.697298207764562,14.1,593.78125,False
1773587932.1367736,755,0,0,0,0,9.332164998340886,0.0,0.023649001377634704,4.697298207764562,9.4,593.78125,False
1773587932.3496754,756,0,0,0,0,9.400759001437109,0.0,0.022778000129619613,4.697298207764562,9.4,593.78125,False
1773587932.5627003,757,0,0,0,0,9.40105500194477,0.0,0.02463000055286102,4.696997319971564,9.4,593.78125,False
1773587932.77551,758,0,0,0,0,9.358720999443904,0.0,0.025371002266183496,4.696997319971564,18.8,593.78125,False
1773587932.9883323,759,0,0,0,0,9.372239997901488,0.0,0.024222998035838827,4.696997319971564,9.4,593.78125,False
1773587933.2012796,760,0,0,0,0,9.26710999920033,0.0,0.02320400017197244,4.696997319971564,9.4,593.78125,False
1773587933.4141595,761,0,0,0,0,9.315497998613864,0.0,0.02327800029888749,4.696997319971564,9.4,593.78125,False
1773587933.626989,762,0,0,0,0,9.259794001991395,0.0,0.024148001102730632,4.696957344774235,14.1,593.78125,False
1773587933.8398092,763,0,0,0,0,9.38579599824152,0.0,0.024258999474113807,4.696957344774235,14.1,593.78125,False
1773587934.052718,764,0,0,0,0,9.372591001010733,0.0,0.02485199729562737,4.696957344774235,9.4,593.78125,False
1773587934.2656002,765,0,0,0,0,9.355627997138072,0.0,0.02353699892410077,4.696957344774235,14.1,593.78125,False
1773587934.4784136,766,0,0,0,0,9.367221002321457,0.0,0.02325899913557805,4.696957344774235,9.4,593.78125,False
1773587934.6911502,767,0,0,0,0,9.29684999937308,0.0,0.02466700243530795,4.698600044137201,9.4,593.78125,False
1773587934.9040632,768,0,0,0,0,9.319257998868125,0.0,0.024204000510508195,4.698600044137201,18.8,593.78125,False
1773587935.1170225,769,0,0,0,0,9.391832998517202,0.0,0.022629999875789508,4.698600044137201,9.4,593.78125,False
1773587935.329835,770,0,0,0,0,9.33866600098554,0.0,0.023371001589111984,4.698600044137201,9.4,593.78125,False
1773587935.5427563,771,0,0,0,0,9.355350997793721,0.0,0.02316699828952551,4.698600044137201,9.4,593.78125,False
1773587935.7557163,772,0,0,0,0,9.379146998981014,0.0,0.02490800034138374,4.697147759049529,9.4,593.78125,False
1773587935.968705,773,0,0,0,0,9.397833000548417,0.0,0.023704000341240317,4.697147759049529,14.1,593.78125,False
1773587936.1815586,774,0,0,0,0,9.412016999704065,0.0,0.02322200089110993,4.697147759049529,9.4,593.78125,False
1773587936.39446,775,0,0,0,0,9.376221998536494,0.0,0.02433400004520081,4.697147759049529,9.4,593.78125,False
1773587936.607269,776,0,0,0,0,9.35707299868227,0.0,0.02461099938955158,4.697147759049529,14.1,593.78125,False
1773587936.820127,777,0,0,0,0,9.371258001920069,0.0,0.024239998310804367,4.697362388120947,9.4,593.78125,False
1773587937.0329776,778,0,0,0,0,9.355907001008745,0.0,0.024500001018168405,4.697362388120947,18.8,593.78125,False
1773587937.2460442,779,0,0,0,0,9.557278001011582,0.0,0.027796999347629026,4.697362388120947,9.4,593.78125,False
1773587937.4591005,780,0,0,0,0,9.446444000786869,0.0,0.026091998734045774,4.697362388120947,9.4,593.78125,False
1773587937.671891,781,0,0,0,0,9.366184000100475,0.0,0.025036999431904405,4.697362388120947,9.4,593.78125,False
1773587937.8848484,782,0,0,0,0,9.378795999509748,0.0,0.023833999875932932,4.696429315239917,9.4,593.78125,False
1773587938.0977075,783,0,0,0,0,9.421721999387955,0.0,0.023684999177930877,4.696429315239917,18.8,593.78125,False
1773587938.310503,784,0,0,0,0,9.347794999484904,0.0,0.02399999721092172,4.696429315239917,9.4,593.78125,False
1773587938.5234067,785,0,0,0,0,9.353313998872181,0.0,0.02270400000270456,4.696429315239917,9.4,593.78125,False
1773587938.7363284,786,0,0,0,0,9.436869000637671,0.0,0.02487099845893681,4.696429315239917,9.4,593.78125,False
1773587938.9491477,787,0,0,0,0,9.366610000142828,0.0,0.024000000848900527,4.69758019355226,9.4,593.78125,False
1773587939.162085,788,0,0,0,0,9.414796000783099,0.0,0.024629996914882213,4.69758019355226,18.8,593.78125,False
1773587939.374892,789,0,0,0,0,9.375499001180287,0.0,0.024037002731347457,4.69758019355226,9.4,593.78125,False
1773587939.5878801,790,0,0,0,0,9.433666000404628,0.0,0.02355600008741021,4.69758019355226,9.4,593.78125,False
1773587939.8008156,791,0,0,0,0,9.387776997755282,0.0,0.025426001229789108,4.69758019355226,9.4,593.78125,False
1773587940.0136178,792,0,0,0,0,9.365887999592815,0.0,0.024240998754976317,4.697171956444223,9.4,593.78125,False
1773587940.2259963,793,0,0,0,0,8.8607920006325,0.0,0.02301900167367421,4.697171956444223,18.8,593.78125,False
1773587940.4389372,794,0,0,0,0,9.363573000882752,0.0,0.024480999854858965,4.697171956444223,9.4,593.78125,False
1773587940.6519082,795,0,0,0,0,9.51675900068949,0.0,0.024222998035838827,4.697171956444223,9.4,593.78125,False
1773587940.8649583,796,0,0,0,0,9.49336999838124,0.0,0.025110999558819458,4.697171956444223,9.4,593.78125,False
1773587941.0779111,797,0,0,0,0,9.444814000744373,0.0,0.02377800046815537,4.698558988966692,9.4,593.78125,False
1773587941.2907476,798,0,0,0,0,9.389109996845946,0.0,0.02350000067963265,4.698558988966692,18.8,593.78125,False
1773587941.5035877,799,0,0,0,0,9.373054999741726,0.0,0.024204000510508195,4.698558988966692,9.4,593.78125,False
1773587941.716628,800,0,0,0,0,9.431036000023596,0.0,0.02385200059507042,4.698558988966692,9.4,593.796875,False
1773587941.9295664,801,0,0,0,0,9.38638799925684,0.0,0.023463002435164526,4.698558988966692,9.4,593.796875,False
1773587942.1423993,802,0,0,0,0,9.383147000335157,0.0,0.024129996745614335,4.696685952215972,9.4,593.796875,False
1773587942.3553922,803,0,0,0,0,9.366998998302734,0.0,0.02399999721092172,4.696685952215972,18.8,593.796875,False
1773587942.5683134,804,0,0,0,0,9.398017002240522,0.0,0.024647997634019703,4.696685952215972,9.4,593.796875,False
1773587942.7813277,805,0,0,0,0,9.407814999576658,0.0,0.024019002012209967,4.696685952215972,9.4,593.796875,False
1773587942.9941173,806,0,0,0,0,9.361017000628635,0.0,0.02320400017197244,4.696685952215972,9.4,593.796875,False
1773587943.2069435,807,0,0,0,0,9.361516997159924,0.0,0.024222998035838827,4.696732233999906,9.4,593.796875,False
1773587943.4202676,808,0,0,0,0,9.353127999929711,0.0,0.02353699892410077,4.696732233999906,18.8,593.796875,False
1773587943.6332352,809,0,0,0,0,9.455500003241468,0.0,0.02323999797226861,4.696732233999906,9.4,593.796875,False
1773587943.846028,810,0,0,0,0,9.363776000100188,0.0,0.023943997803144157,4.696732233999906,9.4,593.796875,False
1773587944.0589433,811,0,0,0,0,9.384942997712642,0.0,0.023352000425802544,4.696732233999906,9.4,593.796875,False
1773587944.271809,812,0,0,0,0,9.4266099986271,0.0,0.02375999974901788,4.695633287992521,9.4,593.796875,False
1773587944.4848757,813,0,0,0,0,9.446315001696348,0.0,0.02327800029888749,4.695633287992521,18.8,593.796875,False
1773587944.6977386,814,0,0,0,0,9.411091999936616,0.0,0.023795997549314052,4.695633287992521,9.4,593.796875,False
1773587944.9106855,815,0,0,0,0,9.389129001647234,0.0,0.024110999220283702,4.695633287992521,9.4,593.796875,False
1773587945.1236427,816,0,0,0,0,9.348831998067908,0.0,0.023610999051015824,4.695633287992521,14.1,593.796875,False
1773587945.3365717,817,0,0,0,0,9.401610001077643,0.0,0.023980999685591087,4.695917176921587,9.4,593.8125,False
1773587945.5494413,818,0,0,0,0,9.422944000107236,0.0,0.02355600008741021,4.695917176921587,14.1,593.8125,False
1773587945.7623918,819,0,0,0,0,9.38579599824152,0.0,0.023851996957091615,4.695917176921587,14.1,593.8125,False
1773587945.9754493,820,0,0,0,0,9.438368997507496,0.0,0.026222001906717196,4.695917176921587,9.4,593.8125,False
1773587946.188335,821,0,0,0,0,9.443850998650305,0.0,0.026277997676515952,4.695917176921587,9.4,593.8125,False
1773587946.4013884,822,0,0,0,0,9.522796000965172,0.0,0.025517998437862843,4.696379884289766,9.4,593.8125,False
1773587946.614305,823,0,0,0,0,9.464480997849023,0.0,0.02650099850143306,4.696379884289766,18.8,593.8125,False
1773587946.82721,824,0,0,0,0,9.468796000874136,0.0,0.026704001356847584,4.696379884289766,9.4,593.8125,False
1773587947.0400693,825,0,0,0,0,9.378664999530884,0.0,0.024482000299030915,4.696379884289766,9.4,593.8125,False
1773587947.2532394,826,0,0,0,0,9.52768500064849,0.0,0.025221997930202633,4.696379884289766,9.4,593.8125,False
1773587947.466235,827,0,0,0,0,9.415018001163844,0.0,0.02518600012990646,4.695105556099087,14.1,593.8125,False
1773587947.679144,828,0,0,0,0,9.318387001258088,0.0,0.02374099858570844,4.695105556099087,14.1,593.8125,False
1773587947.8919177,829,0,0,0,0,9.348665000288747,0.0,0.025926001399056986,4.695105556099087,9.4,593.8125,False
1773587948.104802,830,0,0,0,0,9.398313999554375,0.0,0.05442600013338961,4.695105556099087,9.4,593.8125,False
1773587948.317791,831,0,0,0,0,9.44485099898884,0.0,0.02516699896659702,4.695105556099087,14.1,593.8125,False
1773587948.5307224,832,0,0,0,0,9.430073001567507,0.0,0.025888999516610056,4.696801658386083,9.4,593.8125,False
1773587948.7432094,833,0,0,0,0,9.045200997206848,0.0,0.02507499812054448,4.696801658386083,14.1,593.8125,False
1773587948.9561574,834,0,0,0,0,9.440722002182156,0.0,0.02624099943204783,4.696801658386083,9.4,593.8125,False
1773587949.169267,835,0,0,0,0,9.524760000203969,0.0,0.025110999558819458,4.696801658386083,14.1,593.8125,False
1773587949.3822412,836,0,0,0,0,9.488424999290146,0.0,0.025907000235747546,4.696801658386083,9.4,593.8125,False
1773587949.59528,837,0,0,0,0,9.42446300177835,0.0,0.026166999305132776,4.697296103520276,9.4,593.8125,False
1773587949.8082988,838,0,0,0,0,9.39651800217689,0.0,0.026665999030228704,4.697296103520276,18.8,593.8125,False
1773587950.0212767,839,0,0,0,0,9.470962999330368,0.0,0.024871002096915618,4.697296103520276,9.4,593.8125,False
1773587950.2343144,840,0,0,0,0,9.440277000976494,0.0,0.02601800224510953,4.697296103520276,9.4,593.8125,False
1773587950.4471984,841,0,0,0,0,9.392832002049545,0.0,0.02516699896659702,4.697296103520276,9.4,593.8125,False
1773587950.6601222,842,0,0,0,0,9.426648000953719,0.0,0.02575899998191744,4.69531474239882,9.4,593.8125,False
1773587950.8731236,843,0,0,0,0,9.494017998804338,0.0,0.02592599776107818,4.69531474239882,18.8,593.8125,False
1773587951.0860782,844,0,0,0,0,9.463258000323549,0.0,0.024758999643381685,4.69531474239882,9.4,593.8125,False
1773587951.2990143,845,0,0,0,0,9.424998999747913,0.0,0.02518600012990646,4.69531474239882,9.4,593.8125,False
1773587951.5118506,846,0,0,0,0,9.41709200196783,0.0,0.02626000059535727,4.69531474239882,9.4,593.8125,False
1773587951.7247596,847,0,0,0,0,9.417165998456767,0.0,0.025852001272141933,4.696286283851903,9.4,593.8125,False
1773587951.9377394,848,0,0,0,0,9.42566600133432,0.0,0.024832999770296738,4.696286283851903,18.8,593.8125,False
1773587952.1506727,849,0,0,0,0,9.398647001944482,0.0,0.024832999770296738,4.696286283851903,9.4,593.8125,False
1773587952.3636925,850,0,0,0,0,9.369480001623742,0.0,0.0268340008915402,4.696286283851903,9.4,593.8125,False
1773587952.5766768,851,0,0,0,0,9.446370000659954,0.0,0.02496300294296816,4.696286283851903,9.4,593.8125,False
1773587952.789609,852,0,0,0,0,9.390072998940013,0.0,0.02553700323915109,4.695201211842781,9.4,593.8125,False
1773587953.0024927,853,0,0,0,0,9.38327699986985,0.0,0.024536999262636527,4.695201211842781,18.8,593.8125,False
1773587953.215361,854,0,0,0,0,9.394925000378862,0.0,0.026186000468442217,4.695201211842781,9.4,593.8125,False
1773587953.428203,855,0,0,0,0,9.405814002093393,0.0,0.024778000806691125,4.695201211842781,9.4,593.8125,False
1773587953.641199,856,0,0,0,0,9.4352029991569,0.0,0.024648998078191653,4.695201211842781,9.4,593.8125,False
1773587953.854316,857,0,0,0,0,9.4763890010654,0.0,0.025371002266183496,4.696940513315768,9.4,593.828125,False
1773587954.067261,858,0,0,0,0,9.440795998671092,0.0,0.025907000235747546,4.696940513315768,18.8,593.828125,False
1773587954.2802277,859,0,0,0,0,9.476147999521345,0.0,0.025388999347342178,4.696940513315768,9.4,593.828125,False
1773587954.4931881,860,0,0,0,0,9.44737000099849,0.0,0.023926000721985474,4.696940513315768,9.4,593.828125,False
1773587954.7062242,861,0,0,0,0,9.423147999768844,0.0,0.02463000055286102,4.696940513315768,9.4,593.828125,False
1773587954.9191012,862,0,0,0,0,9.437796001293464,0.0,0.026166999305132776,4.6952674373332455,9.4,593.828125,False
1773587955.13214,863,0,0,0,0,9.415054999408312,0.0,0.02570400101831183,4.6952674373332455,18.8,593.828125,False
1773587955.345158,864,0,0,0,0,9.51100000020233,0.0,0.02568499985500239,4.6952674373332455,9.4,593.828125,False
1773587955.5581758,865,0,0,0,0,9.515092999208719,0.0,0.024536999262636527,4.6952674373332455,9.4,593.828125,False
1773587955.77106,866,0,0,0,0,9.39820200073882,0.0,0.02601899905130267,4.6952674373332455,9.4,593.828125,False
1773587955.9840598,867,0,0,0,0,9.419833000720246,0.0,0.025260000256821513,4.69519070003197,9.4,593.828125,False
1773587956.1971264,868,0,0,0,0,9.429574001842411,0.0,0.02485199729562737,4.69519070003197,18.8,593.828125,False
1773587956.4101079,869,0,0,0,0,9.496573999058455,0.0,0.025277997337980196,4.69519070003197,9.4,593.828125,False
1773587956.6230602,870,0,0,0,0,9.417721998033812,0.0,0.025334000383736566,4.69519070003197,9.4,593.828125,False
1773587956.8359008,871,0,0,0,0,9.418091998668388,0.0,0.02464800127199851,4.69519070003197,9.4,593.828125,False
1773587957.0488899,872,0,0,0,0,9.461443998588948,0.0,0.024741002562223002,4.695782588261215,9.4,593.828125,False
1773587957.2619474,873,0,0,0,0,9.471258999838028,0.0,0.025889003154588863,4.695782588261215,18.8,593.828125,False
1773587957.4747927,874,0,0,0,0,9.416887998668244,0.0,0.025889003154588863,4.695782588261215,9.4,593.828125,False
1773587957.687807,875,0,0,0,0,9.453239999857033,0.0,0.02399999721092172,4.695782588261215,9.4,593.828125,False
1773587957.9007874,876,0,0,0,0,9.416499000508338,0.0,0.056556000345153734,4.695782588261215,9.4,593.828125,False
1773587958.1138432,877,0,0,0,0,9.48788800087641,0.0,0.024982000468298793,4.695172830061615,14.1,593.828125,False
1773587958.3267646,878,0,0,0,0,9.402370000316296,0.0,0.025056000595213845,4.695172830061615,14.1,593.828125,False
1773587958.5395825,879,0,0,0,0,9.316405998106347,0.0,0.024556000425945967,4.695172830061615,9.4,593.828125,False
1773587958.7524314,880,0,0,0,0,9.297166001488222,0.0,0.022019001335138455,4.695172830061615,9.4,593.828125,False
1773587958.9652832,881,0,0,0,0,9.331073000794277,0.0,0.02388900247751735,4.695172830061615,14.1,593.828125,False
1773587959.1780713,882,0,0,0,0,9.283016999688698,0.0,0.02346299879718572,4.6972855823271225,9.4,593.828125,False
1773587959.3909004,883,0,0,0,0,9.310405999713112,0.0,0.02486999801476486,4.6972855823271225,14.1,593.828125,False
1773587959.6037092,884,0,0,0,0,9.305907002271852,0.0,0.02405600025667809,4.6972855823271225,14.1,593.828125,False
1773587959.8166146,885,0,0,0,0,9.376851001434261,0.0,0.023684999177930877,4.6972855823271225,9.4,593.84375,False
1773587960.02966,886,0,0,0,0,9.38077699902351,0.0,0.024519002181477845,4.6972855823271225,4.7,593.84375,False
1773587960.242571,887,0,0,0,0,9.313258000474889,0.0,0.023944001441122964,4.697350814484442,9.4,593.84375,False
1773587960.4544473,888,0,0,0,0,8.36734500262537,0.0,0.022519001504406333,4.697350814484442,18.9,593.859375,False
1773587960.6673443,889,0,0,0,0,9.353553999972064,0.0,0.024501001462340355,4.697350814484442,9.4,593.859375,False
1773587960.880278,890,0,0,0,0,9.380998999404255,0.0,0.024148001102730632,4.697350814484442,9.4,593.859375,False
1773587961.0932708,891,0,0,0,0,9.365555000840686,0.0,0.023036998754832894,4.697350814484442,9.4,593.859375,False
1773587961.3061125,892,0,0,0,0,9.368110997456824,0.0,0.024204000510508195,4.701125789824919,9.4,593.859375,False
1773587961.5191793,893,0,0,0,0,9.52442599736969,0.0,0.027018999389838427,4.701125789824919,18.8,593.859375,False
1773587961.7321541,894,0,0,0,0,9.506443999271141,0.0,0.026443998649483547,4.701125789824919,9.4,593.859375,False
1773587961.9452252,895,0,0,0,0,9.439203000511043,0.0,0.025907000235747546,4.701125789824919,9.4,593.859375,False
1773587962.1580706,896,0,0,0,0,9.302368998760357,0.0,0.025352001102874056,4.701125789824919,9.4,593.859375,False
1773587962.3709745,897,0,0,0,0,9.287295000831364,0.0,0.024240998754976317,4.69566272673067,9.4,593.859375,False
1773587962.5838215,898,0,0,0,0,9.16257200151449,0.0,0.024834000214468688,4.69566272673067,18.8,593.859375,False
1773587962.7966547,899,0,0,0,0,9.24586900146096,0.0,0.02427799699944444,4.69566272673067,9.4,593.859375,False
1773587963.0095844,900,0,0,0,0,9.269238998967921,0.0,0.02522200156818144,4.69566272673067,9.4,593.859375,False
1773587963.2224953,901,0,0,0,0,9.227979997376679,0.0,0.023684999177930877,4.69566272673067,14.1,593.859375,False
1773587963.4352458,902,0,0,0,0,9.18425700001535,0.0,0.02403699909336865,4.697385535565053,9.4,593.859375,False
1773587963.6480544,903,0,0,0,0,9.23588699879474,0.0,0.02409300213912502,4.697385535565053,18.8,593.859375,False
1773587963.861001,904,0,0,0,0,9.274905998609029,0.0,0.02327800029888749,4.697385535565053,9.4,593.859375,False
1773587964.0737472,905,0,0,0,0,9.30807199983974,0.0,0.023722001060377806,4.697385535565053,9.4,593.859375,False
1773587964.2864718,906,0,0,0,0,9.213627999997698,0.0,0.02437000148347579,4.697385535565053,9.4,593.859375,False
1773587964.4992971,907,0,0,0,0,9.380388000863604,0.0,0.02401899837423116,4.699490802147402,9.4,593.859375,False
1773587964.7122529,908,0,0,0,0,9.44485100262682,0.0,0.024703997041797265,4.699490802147402,18.8,593.859375,False
1773587964.9251585,909,0,0,0,0,9.340461998363025,0.0,0.0243520007643383,4.699490802147402,9.4,593.859375,False
1773587965.1380987,910,0,0,0,0,9.323646998382173,0.0,0.023760003386996686,4.699490802147402,9.4,593.859375,False
1773587965.35088,911,0,0,0,0,9.27753599899006,0.0,0.023332999262493104,4.699490802147402,9.4,593.859375,False
1773587965.5636263,912,0,0,0,0,9.196979000989813,0.0,0.02346299879718572,4.697474971015298,14.1,593.859375,False
1773587965.7765155,913,0,0,0,0,9.266034998290706,0.0,0.025148001441266388,4.697474971015298,14.1,593.859375,False
1773587965.9893696,914,0,0,0,0,9.340758002508665,0.0,0.024518001737305894,4.697474971015298,9.4,593.859375,False
1773587966.2022033,915,0,0,0,0,9.314701997936936,0.0,0.023573997168568894,4.697474971015298,9.4,593.859375,False
1773587966.4149868,916,0,0,0,0,9.242997999535874,0.0,0.02459299867041409,4.697474971015298,9.4,593.859375,False
1773587966.627812,917,0,0,0,0,9.327147003205027,0.0,0.023333999706665054,4.698457933142003,9.4,593.859375,False
1773587966.8406644,918,0,0,0,0,9.37811000039801,0.0,0.024741002562223002,4.698457933142003,18.8,593.859375,False
1773587967.0534286,919,0,0,0,0,9.323258000222268,0.0,0.024388999008806422,4.698457933142003,9.4,593.859375,False
1773587967.266304,920,0,0,0,0,9.34877600229811,0.0,0.02296299862791784,4.698457933142003,9.4,593.859375,False
1773587967.4789698,921,0,0,0,0,9.258721001970116,0.0,0.02292600038344972,4.698457933142003,9.4,593.859375,False
1773587967.6917653,922,0,0,0,0,9.298201999627054,0.0,0.024370998289668933,4.699420245167813,9.4,593.859375,False
1773587967.9045916,923,0,0,0,0,9.288016997743398,0.0,0.02383299943176098,4.699420245167813,18.8,593.859375,False
1773587968.117453,924,0,0,0,0,9.3172950000735,0.0,0.02288899850100279,4.699420245167813,9.4,593.859375,False
1773587968.3304157,925,0,0,0,0,9.37436899766908,0.0,0.023184999008663,4.699420245167813,9.4,593.859375,False
1773587968.543206,926,0,0,0,0,9.28033200034406,0.0,0.02327800029888749,4.699420245167813,9.4,593.859375,False
1773587968.7559757,927,0,0,0,0,9.317721000115853,0.0,0.024351997126359493,4.698517934513635,9.4,593.859375,False
1773587968.968349,928,0,0,0,0,8.823311000014655,0.0,0.022500000341096893,4.698517934513635,18.8,593.859375,False
1773587969.1811213,929,0,0,0,0,9.304536000854569,0.0,0.023370001144940034,4.698517934513635,9.4,593.859375,False
1773587969.3939853,930,0,0,0,0,9.351073000289034,0.0,0.023370001144940034,4.698517934513635,9.4,593.859375,False
1773587969.606788,931,0,0,0,0,9.235664998413995,0.0,0.02246300209662877,4.698517934513635,9.4,593.859375,False
1773587969.819861,932,0,0,0,0,9.456166000745725,0.0,0.02649999805726111,4.70036714894422,9.4,593.859375,False
1773587970.0327048,933,0,0,0,0,9.33538800018141,0.0,0.023591997887706384,4.70036714894422,23.5,593.859375,False
1773587970.2454493,934,0,0,0,0,9.274035997805186,0.0,0.02276000304846093,4.70036714894422,9.4,593.859375,False
1773587970.4578114,935,0,0,0,0,8.787754999502795,0.0,0.023184999008663,4.70036714894422,9.4,593.859375,False
1773587970.6706624,936,0,0,0,0,9.36642500164453,0.0,0.02300000051036477,4.70036714894422,9.4,593.859375,False
1773587970.8835776,937,0,0,0,0,9.390850998897804,0.0,0.02300100095453672,4.7004914649789455,9.4,593.859375,False
1773587971.0963619,938,0,0,0,0,9.309516997745959,0.0,0.025480996555415913,4.7004914649789455,18.8,593.859375,False
1773587971.3092093,939,0,0,0,0,9.358368999528466,0.0,0.022537002223543823,4.7004914649789455,9.4,593.859375,False
1773587971.5219548,940,0,0,0,0,9.291461999964667,0.0,0.0230370023928117,4.7004914649789455,9.4,593.859375,False
1773587971.7347572,941,0,0,0,0,9.318110001913738,0.0,0.024258999474113807,4.7004914649789455,9.4,593.859375,False
1773587971.947668,942,0,0,0,0,9.276720997149823,0.0,0.023666998458793387,4.698284253599349,9.4,593.859375,False
1773587972.1604726,943,0,0,0,0,9.22777600135305,0.0,0.023111999325919896,4.698284253599349,18.8,593.859375,False
1773587972.3731954,944,0,0,0,0,9.29623900083243,0.0,0.02292600038344972,4.698284253599349,9.4,593.859375,False
1773587972.5859778,945,0,0,0,0,9.31588699677377,0.0,0.02359300196985714,4.698284253599349,9.4,593.859375,False
1773587972.7988532,946,0,0,0,0,9.29033200009144,0.0,0.025260000256821513,4.698284253599349,9.4,593.859375,False
1773587973.011632,947,0,0,0,0,9.291387999837752,0.0,0.022296000679489225,4.6991548856465,9.4,593.859375,False
1773587973.2244625,948,0,0,0,0,9.295110001403373,0.0,0.022093001462053508,4.6991548856465,18.8,593.859375,False
1773587973.437505,949,0,0,0,0,9.291202000895282,0.0,0.02349999704165384,4.6991548856465,9.4,593.859375,False
1773587973.6526082,950,0,0,0,0,10.29530099913245,0.0,0.022889002138981596,4.6991548856465,9.4,593.859375,False
1773587973.8654814,951,0,0,0,0,9.43394400019315,0.0,0.025240999093512073,4.6991548856465,9.3,593.859375,False
1773587974.078452,952,0,0,0,0,9.359461997519247,0.0,0.025538000045344234,4.687532759500507,9.4,593.859375,False
1773587974.2913113,953,0,0,0,0,9.398147998581408,0.0,0.026166999305132776,4.687532759500507,18.8,593.859375,False
1773587974.5042627,954,0,0,0,0,9.421683997061336,0.0,0.02550000135670416,4.687532759500507,9.4,593.859375,False
1773587974.7171824,955,0,0,0,0,9.366185000544647,0.0,0.025499997718725353,4.687532759500507,9.4,593.859375,False
1773587974.9301047,956,0,0,0,0,9.355629001220223,0.0,0.026091998734045774,4.687532759500507,9.4,593.859375,False
1773587975.143089,957,0,0,0,0,9.363221000967314,0.0,0.026110999897355214,4.696672278227093,9.4,593.859375,False
1773587975.3560352,958,0,0,0,0,9.40664699737681,0.0,0.026704001356847584,4.696672278227093,18.8,593.859375,False
1773587975.569164,959,0,0,0,0,9.554240998113528,0.0,0.024556000425945967,4.696672278227093,9.4,593.859375,False
1773587975.7821836,960,0,0,0,0,9.484258996963035,0.0,0.025296998501289636,4.696672278227093,9.4,593.859375,False
1773587975.9950855,961,0,0,0,0,9.400202998222085,0.0,0.026647998311091214,4.696672278227093,9.4,593.859375,False
1773587976.20802,962,0,0,0,0,9.414128999196691,0.0,0.026351997803431004,4.6948596020829605,9.4,593.859375,False
1773587976.4210136,963,0,0,0,0,9.454462000576314,0.0,0.02548100019339472,4.6948596020829605,18.8,593.859375,False
1773587976.633962,964,0,0,0,0,9.452147998672444,0.0,0.025130000722128898,4.6948596020829605,9.4,593.859375,False
1773587976.8469718,965,0,0,0,0,9.503610999672674,0.0,0.025037999876076356,4.6948596020829605,9.4,593.859375,False
1773587977.059905,966,0,0,0,0,9.397740002896171,0.0,0.026204001187579706,4.6948596020829605,9.4,593.859375,False
1773587977.2729352,967,0,0,0,0,9.505111000180477,0.0,0.02485199729562737,4.695860396389667,9.4,593.859375,False
1773587977.4858503,968,0,0,0,0,9.33492500189459,0.0,0.02568499985500239,4.695860396389667,18.8,593.859375,False
1773587977.6987917,969,0,0,0,0,9.403350999491522,0.0,0.026110999897355214,4.695860396389667,9.4,593.859375,False
1773587977.9116874,970,0,0,0,0,9.367462000227533,0.0,0.02546299947425723,4.695860396389667,9.4,593.875,False
1773587978.1246405,971,0,0,0,0,9.424741001566872,0.0,0.024778000806691125,4.695860396389667,9.4,593.890625,False
1773587978.337685,972,0,0,0,0,9.424944000784308,0.0,0.024091998056974262,4.695592284650937,9.4,593.890625,False
1773587978.550696,973,0,0,0,0,9.510610998404445,0.0,0.02542699803598225,4.695592284650937,18.8,593.890625,False
1773587978.76371,974,0,0,0,0,9.528556001896504,0.0,0.025536999601172283,4.695592284650937,9.4,593.890625,False
1773587978.9766917,975,0,0,0,0,9.477944000536809,0.0,0.025388999347342178,4.695592284650937,9.4,593.890625,False
1773587979.189774,976,0,0,0,0,9.41820299703977,0.0,0.02418500298517756,4.695592284650937,9.4,593.890625,False
1773587979.402645,977,0,0,0,0,9.323664999101311,0.0,0.024722001398913562,4.694353060050907,9.4,593.890625,False
1773587979.6155963,978,0,0,0,0,9.373627999593737,0.0,0.02459299867041409,4.694353060050907,18.8,593.890625,False
1773587979.8284285,979,0,0,0,0,9.310109999205451,0.0,0.023332999262493104,4.694353060050907,9.4,593.890625,False
1773587980.0413797,980,0,0,0,0,9.4166100025177,0.0,0.024184999347198755,4.694353060050907,9.4,593.890625,False
1773587980.254365,981,0,0,0,0,9.355036003398709,0.0,0.023370001144940034,4.694353060050907,9.4,593.890625,False
1773587980.467271,982,0,0,0,0,9.30546199742821,0.0,0.0248889991780743,4.696761686519143,9.4,593.890625,False
1773587980.6800923,983,0,0,0,0,9.360628999274923,0.0,0.02490699989721179,4.696761686519143,18.8,593.890625,False
1773587980.8929722,984,0,0,0,0,9.33772100324859,0.0,0.024480999854858965,4.696761686519143,9.4,593.890625,False
1773587981.1058683,985,0,0,0,0,9.36220199946547,0.0,0.024480999854858965,4.696761686519143,9.4,593.890625,False
1773587981.3186111,986,0,0,0,0,9.295294999901671,0.0,0.023629996576346457,4.696761686519143,9.4,593.890625,False
1773587981.5315194,987,0,0,0,0,9.306313000706723,0.0,0.02329600101802498,4.698298989546874,9.4,593.890625,False
1773587981.744469,988,0,0,0,0,9.322629000962479,0.0,0.024796001525828615,4.698298989546874,18.8,593.890625,False
1773587981.9572773,989,0,0,0,0,9.338869000202976,0.0,0.02331500218133442,4.698298989546874,9.4,593.890625,False
1773587982.1700509,990,0,0,0,0,9.33492500189459,0.0,0.02407400097581558,4.698298989546874,9.4,593.890625,False
1773587982.382961,991,0,0,0,0,9.323479996965034,0.0,0.02296299862791784,4.698298989546874,14.1,593.890625,False
1773587982.5959394,992,0,0,0,0,9.345462000055704,0.0,0.023962998966453597,4.697539156202128,9.4,593.890625,False
1773587982.8087778,993,0,0,0,0,9.293258000980131,0.0,0.038334001146722585,4.697539156202128,14.1,593.890625,False
1773587983.0216997,994,0,0,0,0,9.351648001029389,0.0,0.023666998458793387,4.697539156202128,9.4,593.890625,False
1773587983.2345486,995,0,0,0,0,9.332053999969503,0.0,0.02355600008741021,4.697539156202128,14.1,593.890625,False
1773587983.4473977,996,0,0,0,0,9.306257998105139,0.0,0.02320400017197244,4.697539156202128,9.4,593.890625,False
1773587983.6603634,997,0,0,0,0,9.395184999448247,0.0,0.024148001102730632,4.697070960274216,9.4,593.890625,False
1773587983.8731682,998,0,0,0,0,9.321833000285551,0.0,0.02351900184294209,4.697070960274216,18.8,593.890625,False
1773587984.0860732,999,0,0,0,0,9.34255399988615,0.0,0.02374099858570844,4.697070960274216,9.4,593.890625,False
1773587984.2989967,1000,0,0,0,0,9.292016999097541,0.0,0.023686003260081634,4.697070960274216,9.4,593.890625,False
1773587984.5118482,1001,0,0,0,0,9.324851002020296,0.0,0.025573997845640406,4.697070960274216,9.4,593.890625,False
1773587984.7248244,1002,0,0,0,0,9.296092001022771,0.0,0.024832999770296738,4.697164591993359,9.4,593.890625,False
1773587984.9376788,1003,0,0,0,0,9.328036001534201,0.0,0.024556000425945967,4.697164591993359,18.8,593.890625,False
1773587985.1505907,1004,0,0,0,0,9.343461999378633,0.0,0.02461099938955158,4.697164591993359,9.4,593.890625,False
1773587985.363355,1005,0,0,0,0,9.293331997469068,0.0,0.023980999685591087,4.697164591993359,9.4,593.890625,False
1773587985.5763483,1006,0,0,0,0,9.461982001084834,0.0,0.024296001356560737,4.697164591993359,9.4,593.890625,False
1773587985.7893,1007,0,0,0,0,9.343148001789814,0.0,0.024962999304989353,4.697304520508733,9.4,593.890625,False
1773587986.0021274,1008,0,0,0,0,9.226220001437468,0.0,0.022833002731204033,4.697304520508733,18.8,593.890625,False
1773587986.2151048,1009,0,0,0,0,9.46824000129709,0.0,0.025352001102874056,4.697304520508733,9.4,593.890625,False
1773587986.4279547,1010,0,0,0,0,9.384073000546778,0.0,0.02653800038387999,4.697304520508733,9.4,593.890625,False
1773587986.6410182,1011,0,0,0,0,9.462166999583133,0.0,0.025630000891396776,4.697304520508733,9.4,593.890625,False
1773587986.8539495,1012,0,0,0,0,9.429035999346524,0.0,0.02562899680924602,4.696717507878805,9.4,593.890625,False
1773587987.0669365,1013,0,0,0,0,9.417629000381567,0.0,0.02609300281619653,4.696717507878805,18.8,593.890625,False
1773587987.2799404,1014,0,0,0,0,9.410646998730954,0.0,0.026908001018455252,4.696717507878805,9.4,593.890625,False
1773587987.4928303,1015,0,0,0,0,9.424629002751317,0.0,0.025036999431904405,4.696717507878805,9.4,593.890625,False
1773587987.7058911,1016,0,0,0,0,9.425759002624545,0.0,0.02564799797255546,4.696717507878805,9.4,593.890625,False
1773587987.918712,1017,0,0,0,0,9.379221999552101,0.0,0.025944002118194476,4.695432483589567,9.4,593.890625,False
1773587988.131656,1018,0,0,0,0,9.349536001536762,0.0,0.025314999220427126,4.695432483589567,18.8,593.890625,False
1773587988.344578,1019,0,0,0,0,9.387055000843247,0.0,0.02486999801476486,4.695432483589567,9.4,593.890625,False
1773587988.5575635,1020,0,0,0,0,9.411462000571191,0.0,0.026869998691836372,4.695432483589567,9.4,593.890625,False
1773587988.770472,1021,0,0,0,0,9.406240002135746,0.0,0.025833000108832493,4.695432483589567,9.4,593.890625,False
1773587988.9833732,1022,0,0,0,0,9.356739999930141,0.0,0.026110999897355214,4.696645982318421,9.4,593.890625,False
1773587989.1957574,1023,0,0,0,0,8.87577400135342,0.0,0.024870001652743667,4.696645982318421,18.8,593.890625,False
1773587989.408632,1024,0,0,0,0,9.353220997581957,0.0,0.025852001272141933,4.696645982318421,14.1,593.890625,False
1773587989.6216807,1025,0,0,0,0,9.417999997822335,0.0,0.02600000152597204,4.696645982318421,9.4,593.890625,False
1773587989.8345184,1026,0,0,0,0,9.397573001479032,0.0,0.02572300218162127,4.696645982318421,9.4,593.890625,False
1773587990.0473397,1027,0,0,0,0,9.353221001219936,0.0,0.02625900015118532,4.6989969477779185,9.4,593.890625,False
1773587990.2603157,1028,0,0,0,0,9.396535999258049,0.0,0.025370001822011545,4.6989969477779185,18.8,593.890625,False
1773587990.473341,1029,0,0,0,0,9.485221999057103,0.0,0.025036999431904405,4.6989969477779185,9.4,593.890625,False
1773587990.6863031,1030,0,0,0,0,9.366942998894956,0.0,0.02596400008769706,4.6989969477779185,9.4,593.90625,False
1773587990.899292,1031,0,0,0,0,9.415907003130997,0.0,0.025814999389695004,4.6989969477779185,9.4,593.90625,False
1773587991.1122227,1032,0,0,0,0,9.40961000014795,0.0,0.026370998966740444,4.6956248769922775,9.4,593.90625,False
1773587991.3251724,1033,0,0,0,0,9.41866600260255,0.0,0.025648001610534266,4.6956248769922775,18.8,593.90625,False
1773587991.5383012,1034,0,0,0,0,9.541592000459787,0.0,0.025612000172259286,4.6956248769922775,9.4,593.90625,False
1773587991.7511864,1035,0,0,0,0,9.37736999912886,0.0,0.02461199983372353,4.6956248769922775,9.4,593.90625,False
1773587991.964224,1036,0,0,0,0,9.397295998496702,0.0,0.025833996915025637,4.6956248769922775,9.4,593.90625,False
1773587992.177109,1037,0,0,0,0,9.413018000486773,0.0,0.025389002985320985,4.695289512911894,14.1,593.90625,False
1773587992.3899798,1038,0,0,0,0,9.399110000231303,0.0,0.02461099938955158,4.695289512911894,14.1,593.90625,False
1773587992.6029747,1039,0,0,0,0,9.437925997190177,0.0,0.0255190025200136,4.695289512911894,9.4,593.90625,False
1773587992.8160179,1040,0,0,0,0,9.394054999575019,0.0,0.02598200080683455,4.695289512911894,9.4,593.90625,False
1773587993.0289435,1041,0,0,0,0,9.405425000295509,0.0,0.024796998332021758,4.695289512911894,14.1,593.90625,False
1773587993.2418811,1042,0,0,0,0,9.41133300148067,0.0,0.02568499985500239,4.695904558906939,9.4,593.90625,False
1773587993.4549217,1043,0,0,0,0,9.431593000044813,0.0,0.024962999304989353,4.695904558906939,18.8,593.90625,False
1773587993.6680162,1044,0,0,0,0,9.462091999012046,0.0,0.025555000320309773,4.695904558906939,4.7,593.90625,False
1773587993.8810346,1045,0,0,0,0,9.461556001042482,0.0,0.025388999347342178,4.695904558906939,9.4,593.90625,False
1773587994.0940003,1046,0,0,0,0,9.5317220002471,0.0,0.02548200063756667,4.695904558906939,9.4,593.90625,False
1773587994.3069432,1047,0,0,0,0,9.431424998183502,0.0,0.025314999220427126,4.694610521075192,9.4,593.90625,False
1773587994.5199604,1048,0,0,0,0,9.431647999008419,0.0,0.02494400177965872,4.694610521075192,18.8,593.90625,False
1773587994.732883,1049,0,0,0,0,9.45514800332603,0.0,0.02579700230853632,4.694610521075192,9.4,593.90625,False
1773587994.945765,1050,0,0,0,0,9.424369000043953,0.0,0.024518001737305894,4.694610521075192,9.4,593.90625,False
1773587995.1586688,1051,0,0,0,0,9.360351003124379,0.0,0.024278000637423247,4.694610521075192,9.4,593.90625,False
1773587995.3715377,1052,0,0,0,0,9.330517001217231,0.0,0.025833000108832493,4.696227391106702,9.4,593.90625,False
1773587995.5844524,1053,0,0,0,0,9.410277001734357,0.0,0.0243520007643383,4.696227391106702,23.5,593.90625,False
1773587995.7973254,1054,0,0,0,0,9.411499999259831,0.0,0.026519002858549356,4.696227391106702,9.4,593.90625,False
1773587996.01031,1055,0,0,0,0,9.378442999150138,0.0,0.02548200063756667,4.696227391106702,9.4,593.921875,False
1773587996.2232301,1056,0,0,0,0,9.344739999505691,0.0,0.025610999728087336,4.696227391106702,9.4,593.921875,False
1773587996.4361289,1057,0,0,0,0,9.457648000534391,0.0,0.027204001526115462,4.6971908937096245,9.4,593.921875,False
1773587996.6493022,1058,0,0,0,0,9.646426999097457,0.0,0.025408000510651618,4.6971908937096245,18.8,593.921875,False
1773587996.8621902,1059,0,0,0,0,9.383999000419863,0.0,0.025388999347342178,4.6971908937096245,4.7,593.921875,False
1773587997.0751004,1060,0,0,0,0,9.375739999086363,0.0,0.02485199729562737,4.6971908937096245,9.4,593.921875,False
