timestamp,frame_index,motion_regions,yolo_detections,confirmed_tracks,new_confirmations,time_mog2_ms,time_yolo_ms,time_tracker_ms,fps,cpu_percent,ram_mb,yolo_ran
1773600712.2534606,0,1,0,0,0,67.3043669994513,318.38601300114533,0.01966700074262917,0.0,0.0,788.546875,True
1773600712.4384277,1,0,0,0,0,61.234511998918606,0.0,0.027000998670700938,0.0,178.4,841.75,False
1773600712.621162,2,0,0,0,0,58.86231199838221,0.0,0.021963001927360892,0.0,180.6,838.515625,False
1773600712.8060536,3,0,0,0,0,60.935584999242565,0.0,0.021260002540657297,3.757965666922242,173.1,848.078125,False
1773600712.9917216,4,0,0,0,0,61.2972719973186,0.0,0.02161100201192312,3.757965666922242,172.3,846.15625,False
1773600713.1770349,5,0,0,0,0,61.31077199825086,0.0,0.021500000002561137,3.757965666922242,167.3,847.46875,False
1773600713.362744,6,0,0,0,0,61.55634799870313,0.0,0.0213330022234004,3.757965666922242,166.9,850.09375,False
1773600713.5482588,7,0,0,0,0,61.380476003250806,0.0,0.022111002181190997,3.757965666922242,177.9,852.71875,False
1773600713.7347615,8,0,0,0,0,62.29061199701391,0.0,0.022629999875789508,3.757965666922242,160.9,856.65625,False
1773600713.9201589,9,0,0,0,0,61.258567999175284,0.0,0.021888998162467033,5.385541882478976,172.6,865.015625,False
1773600714.104478,10,0,0,0,0,60.489081999548944,0.0,0.021686002583010122,5.385541882478976,168.2,867.515625,False
1773600714.289836,11,0,0,0,0,61.3942540003336,0.0,0.022111002181190997,5.385541882478976,167.2,864.296875,False
1773600714.473158,12,0,0,0,0,59.69603899939102,0.0,0.022758998966310173,5.385541882478976,169.1,868.234375,False
1773600714.657886,13,0,0,0,0,61.21015999815427,0.0,0.021222000214038417,5.385541882478976,173.2,869.546875,False
1773600714.8422267,14,0,0,0,0,60.4911929985974,0.0,0.022723001166014,5.385541882478976,173.6,873.484375,False
1773600715.026479,15,0,0,0,0,60.26676499823225,0.0,0.022000000171829015,5.423365070060729,168.2,876.109375,False
1773600715.211537,16,0,0,0,0,61.108679001335986,0.0,0.0203889976546634,5.423365070060729,172.9,884.34375,False
1773600715.396162,17,0,0,0,0,60.967065997829195,0.0,0.022778000129619613,5.423365070060729,173.3,882.46875,False
1773600715.5811155,18,0,0,0,0,63.65338000250631,0.0,0.02288899850100279,5.423365070060729,189.2,883.828125,False
1773600715.781448,19,0,0,0,0,73.08575700153597,0.0,0.026704001356847584,5.423365070060729,204.7,887.765625,False
1773600715.978463,20,0,0,0,0,72.87690399971325,0.0,0.02494500222383067,5.423365070060729,218.3,887.765625,False
1773600716.1662545,21,0,0,0,0,63.46049000057974,0.0,0.021741001546615735,4.928687275719267,191.7,887.765625,False
1773600716.3512318,22,0,0,0,0,61.118363999412395,0.0,0.02290799966431223,4.928687275719267,173.0,887.765625,False
1773600716.536328,23,0,0,0,0,61.25601199892117,0.0,0.021241001377347857,4.928687275719267,178.3,887.765625,False
1773600716.720331,24,0,0,0,0,59.67670599784469,0.0,0.021501000446733087,4.928687275719267,173.9,891.21875,False
1773600716.9055474,25,0,0,0,0,60.63087900110986,0.0,0.022203999833436683,4.928687275719267,167.4,887.765625,False
1773600717.0903897,26,0,0,0,0,60.69471299997531,0.0,0.02157400012947619,5.717418596757638,167.7,891.21875,False
1773600717.2746613,27,0,0,0,0,60.380802999134175,0.0,0.022500000341096893,5.717418596757638,173.7,887.765625,False
1773600717.460359,28,0,0,0,0,61.68327400155249,0.0,0.023962998966453597,5.717418596757638,177.7,887.765625,False
1773600717.6460204,29,0,0,0,0,61.35112499759998,0.0,0.02657400182215497,5.717418596757638,167.0,887.765625,False
1773600717.8320205,30,0,0,0,0,61.51836599747185,0.0,0.022093001462053508,5.717418596757638,161.3,887.765625,False
1773600718.0171258,31,0,0,0,0,61.25971599976765,0.0,0.022018000890966505,5.717418596757638,167.5,887.765625,False
1773600718.2023907,32,0,0,0,0,61.18086399874301,0.0,0.02211099854321219,5.395622195745863,172.7,887.765625,False
1773600718.3880415,33,0,0,0,0,61.394235999614466,0.0,0.022832999093225226,5.395622195745863,172.4,887.765625,False
1773600718.5723884,34,0,0,0,0,60.35176599834813,0.0,0.022814998374087736,5.395622195745863,168.2,887.765625,False
1773600718.7568514,35,0,0,0,0,60.81393500062404,0.0,0.02261199915665202,5.395622195745863,173.5,887.78125,False
1773600718.94104,36,0,0,0,0,60.43424800009234,0.0,0.022685002477373928,5.395622195745863,168.3,887.78125,False
1773600719.1256115,37,0,0,0,0,60.55591599943,0.0,0.022648000594926998,5.395622195745863,173.4,887.78125,False
1773600719.310308,38,0,0,0,0,63.488138002867345,0.0,0.024480999854858965,5.415634218543007,189.5,889.09375,False
1773600719.512869,39,0,0,0,0,73.76396499967086,0.0,0.027240999770583585,5.415634218543007,207.4,889.09375,False
1773600719.7106266,40,0,0,0,0,73.72435300203506,0.0,0.02462900010868907,5.415634218543007,207.3,889.09375,False
1773600719.902126,41,0,0,0,0,66.4560650002386,0.0,0.021481999283423647,5.415634218543007,182.7,889.09375,False
1773600720.0860057,42,0,0,0,0,59.93580099675455,0.0,0.02324100205441937,5.415634218543007,179.5,889.09375,False
1773600720.2701333,43,0,0,0,0,60.03687500196975,0.0,0.02264799695694819,5.415634218543007,168.4,889.09375,False
1773600720.4547129,44,0,0,0,0,59.55624299895135,0.0,0.022332998923957348,4.887746140894861,173.4,889.09375,False
1773600720.639462,45,0,0,0,0,60.90491799841402,0.0,0.02229699748568237,4.887746140894861,178.6,889.09375,False
1773600720.8249302,46,0,0,0,0,61.52671800009557,0.0,0.022241001715883613,4.887746140894861,172.5,889.09375,False
1773600721.0106041,47,0,0,0,0,61.08008599767345,0.0,0.021222000214038417,4.887746140894861,172.3,889.09375,False
1773600721.1961548,48,0,0,0,0,61.21449299826054,0.0,0.0224069990508724,4.887746140894861,172.5,889.09375,False
1773600721.3807952,49,0,0,0,0,60.727991000021575,0.0,0.021926000044913962,5.727783403332225,178.7,892.546875,False
1773600721.564047,50,0,0,0,0,59.08720200022799,0.0,0.022480999177787453,5.727783403332225,169.2,892.546875,False
1773600721.747489,51,0,0,0,0,59.20351700115134,0.0,0.02242600021418184,5.727783403332225,169.0,889.109375,False
1773600721.9310234,52,0,0,0,0,59.75294700328959,0.0,0.02051800038316287,5.727783403332225,174.4,892.5625,False
1773600722.1144712,53,0,0,0,0,59.75468699762132,0.0,0.021481002477230504,5.727783403332225,174.4,892.59375,False
1773600722.2996843,54,0,0,0,0,60.98817800011602,0.0,0.021758998627774417,5.727783403332225,178.2,889.140625,False
1773600722.4913733,55,0,0,0,0,68.01920499856351,0.0,0.022759999410482123,5.402606948901148,172.2,889.140625,False
1773600722.6780355,56,0,0,0,0,61.64084900228772,0.0,0.022778000129619613,5.402606948901148,171.4,889.140625,False
1773600722.863072,57,0,0,0,0,60.647046000667615,0.0,0.02329600101802498,5.402606948901148,172.9,887.734375,False
1773600723.0475454,58,0,0,0,0,62.83661600173218,0.0,0.02274000144097954,5.402606948901148,184.3,887.703125,False
1773600723.2493742,59,0,0,0,0,72.01478699789732,0.0,0.025036999431904405,5.402606948901148,208.1,885.3125,False
1773600723.4496944,60,0,0,0,0,74.86204599990742,0.0,0.025074001314351335,5.402606948901148,204.7,886.625,False
1773600723.6409879,61,0,0,0,0,65.84889500300051,0.0,0.023110998881747946,4.89459414105632,193.4,886.625,False
1773600723.8267272,62,0,0,0,0,61.47660599890514,0.0,0.021703999664168805,4.89459414105632,177.7,886.625,False
1773600724.01257,63,0,0,0,0,61.24962299873005,0.0,0.023684999177930877,4.89459414105632,166.8,886.625,False
1773600724.1983635,64,0,0,0,0,61.22962299923529,0.0,0.02292600038344972,4.89459414105632,166.8,886.625,False
1773600724.3852088,65,0,0,0,0,62.21375899986015,0.0,0.02318599945283495,4.89459414105632,176.6,887.9375,False
1773600724.5729542,66,0,0,0,0,62.418927998805884,0.0,0.02370399670326151,5.660152325422125,165.1,887.9375,False
1773600724.760662,67,0,0,0,0,62.13720400046441,0.0,0.02183299875468947,5.660152325422125,170.5,887.9375,False
1773600724.94495,68,0,0,0,0,60.06228199839825,0.0,0.023667002096772194,5.660152325422125,173.6,887.9375,False
1773600725.1305876,69,0,0,0,0,61.433383998519275,0.0,0.022203999833436683,5.660152325422125,167.0,887.9375,False
1773600725.3172035,70,0,0,0,0,62.60389200178906,0.0,0.02290699922014028,5.660152325422125,171.5,887.9375,False
1773600725.5029244,71,0,0,0,0,61.56043999726535,0.0,0.022852000256534666,5.660152325422125,166.9,887.9375,False
1773600725.689143,72,0,0,0,0,61.95277599908877,0.0,0.022166997950989753,5.37543141951599,171.8,889.25,False
1773600725.87396,73,0,0,0,0,60.67021299895714,0.0,0.021703999664168805,5.37543141951599,184.0,889.25,False
1773600726.0600064,74,0,0,0,0,61.54440399768646,0.0,0.022314998204819858,5.37543141951599,172.0,889.25,False
1773600726.2454474,75,0,0,0,0,61.39551299929735,0.0,0.021018997358623892,5.37543141951599,167.2,889.25,False
1773600726.430022,76,0,0,0,0,60.478766998130595,0.0,0.02298199979122728,5.37543141951599,178.8,889.25,False
1773600726.614867,77,0,0,0,0,60.74474999695667,0.0,0.02268599928356707,5.37543141951599,178.5,889.25,False
1773600726.7994459,78,0,0,0,0,62.95409800077323,0.0,0.023111002519726753,5.404016514082193,189.6,892.71875,False
1773600727.0018246,79,0,0,0,0,74.03154100029496,0.0,0.024684999516466632,5.404016514082193,202.6,889.25,False
1773600727.200223,80,0,0,0,0,73.50624100217829,0.0,0.025278000975959003,5.404016514082193,206.8,892.71875,False
1773600727.3914802,81,0,0,0,0,66.14941600128077,0.0,0.021518000721698627,5.404016514082193,193.3,892.71875,False
1773600727.5762672,82,0,0,0,0,60.71028699807357,0.0,0.020389001292642206,5.404016514082193,178.6,892.71875,False
1773600727.7605252,83,0,0,0,0,60.16378299682401,0.0,0.020888997823931277,5.404016514082193,173.7,892.71875,False
1773600727.945752,84,0,0,0,0,60.290209999948274,0.0,0.02159300129278563,4.881895555958018,178.2,892.71875,False
1773600728.1305082,85,0,0,0,0,60.65445300191641,0.0,0.022500000341096893,4.881895555958018,173.2,889.25,False
1773600728.316378,86,0,0,0,0,61.37936500090291,0.0,0.02290699922014028,4.881895555958018,166.8,889.25,False
1773600728.501841,87,0,0,0,0,61.28125399845885,0.0,0.021980999008519575,4.881895555958018,172.5,889.25,False
1773600728.6884472,88,0,0,0,0,62.16616700112354,0.0,0.022852000256534666,4.881895555958018,171.5,889.25,False
1773600728.873695,89,0,0,0,0,61.03232600071351,0.0,0.022260002879193053,5.713911016214125,178.1,889.25,False
1773600729.059839,90,0,0,0,0,61.38964300043881,0.0,0.02211099854321219,5.713911016214125,171.9,889.25,False
1773600729.2462878,91,0,0,0,0,62.22157500087633,0.0,0.02246300209662877,5.713911016214125,171.6,887.9375,False
1773600729.433268,92,0,0,0,0,62.50455800181953,0.0,0.023092998162610456,5.713911016214125,176.5,888.0625,False
1773600729.6195436,93,0,0,0,0,61.67068200011272,0.0,0.02353699892410077,5.713911016214125,171.8,889.375,False
1773600729.8048878,94,0,0,0,0,60.921991997020086,0.0,0.022240998077904806,5.713911016214125,178.0,892.828125,False
1773600729.991394,95,0,0,0,0,61.99736900089192,0.0,0.02244500137749128,5.3682086598006755,171.6,889.375,False
1773600730.177612,96,0,0,0,0,61.42834700222011,0.0,0.02294499790878035,5.3682086598006755,166.5,892.828125,False
1773600730.3626707,97,0,0,0,0,60.10918999891146,0.0,0.023371001589111984,5.3682086598006755,172.9,889.375,False
1773600730.549058,98,0,0,0,0,64.50507100089453,0.0,0.02518499968573451,5.3682086598006755,198.5,889.375,False
1773600730.7511694,99,0,0,0,0,74.34000600187574,0.0,0.027703998057404533,5.3682086598006755,202.9,889.390625,False
1773600730.9478037,100,0,0,0,0,72.14523199945688,0.0,0.023184999008663,5.3682086598006755,218.7,892.84375,False
1773600731.139987,101,0,0,0,0,66.82325300062075,0.0,0.021075000404380262,4.905264157514696,187.3,892.84375,False
1773600731.324888,102,0,0,0,0,60.56184199769632,0.0,0.021944000764051452,4.905264157514696,173.1,892.84375,False
1773600731.509613,103,0,0,0,0,59.994170998834306,0.0,0.022277999960351735,4.905264157514696,184.1,892.84375,False
1773600731.6945884,104,0,0,0,0,60.208486996998545,0.0,0.02094499723170884,4.905264157514696,167.6,892.84375,False
1773600731.8790548,105,0,0,0,0,60.07867099833675,0.0,0.020944000425515696,4.905264157514696,173.5,892.84375,False
1773600732.0630858,106,0,0,0,0,59.49366800268763,0.0,0.021796000510221347,5.701428040320339,179.3,892.84375,False
1773600732.2492068,107,0,0,0,0,61.06530800025212,0.0,0.022222000552574173,5.701428040320339,171.9,889.390625,False
1773600732.434839,108,0,0,0,0,61.294252998777665,0.0,0.022685002477373928,5.701428040320339,177.8,889.390625,False
1773600732.6206336,109,0,0,0,0,61.264160998689476,0.0,0.02292600038344972,5.701428040320339,172.3,889.390625,False
1773600732.8049924,110,0,0,0,0,60.34717299917247,0.0,0.0238150023506023,5.701428040320339,173.6,889.390625,False
1773600732.9901118,111,0,0,0,0,60.89334399803192,0.0,0.022277999960351735,5.701428040320339,172.9,889.390625,False
1773600733.1759284,112,0,0,0,0,61.51906999730272,0.0,0.023036998754832894,5.39156244356077,172.2,887.953125,False
1773600733.3610806,113,0,0,0,0,61.071418997016735,0.0,0.023684999177930877,5.39156244356077,183.6,888.078125,False
1773600733.5457563,114,0,0,0,0,60.421230002248194,0.0,0.02153699824702926,5.39156244356077,173.3,888.078125,False
1773600733.7310128,115,0,0,0,0,60.989714998868294,0.0,0.022000000171829015,5.39156244356077,167.3,889.390625,False
1773600733.9163191,116,0,0,0,0,61.30477199985762,0.0,0.022036998416297138,5.39156244356077,178.1,889.390625,False
1773600734.1040616,117,0,0,0,0,60.16519100012374,0.0,0.022537002223543823,5.39156244356077,181.1,889.390625,False
1773600734.2896628,118,0,0,0,0,63.8606600005005,0.0,0.02351800139877014,5.387320804931212,188.6,889.390625,False
1773600734.4861255,119,0,0,0,0,72.09093500205199,0.0,0.03044400000362657,5.387320804931212,213.8,889.390625,False
1773600734.6867385,120,0,0,0,0,73.73063100021682,0.0,0.028038000891683623,5.387320804931212,209.4,889.40625,False
1773600734.876954,121,0,0,0,0,65.37946499884129,0.0,0.022963002265896648,5.387320804931212,184.0,889.40625,False
1773600735.063348,122,0,0,0,0,61.82622099731816,0.0,0.02353699892410077,5.387320804931212,171.7,889.40625,False
1773600735.2491767,123,0,0,0,0,61.23899399972288,0.0,0.021371000912040472,5.387320804931212,177.6,889.40625,False
1773600735.4344275,124,0,0,0,0,60.712564998539165,0.0,0.019074002921115607,4.892731658835442,172.7,892.859375,False
1773600735.6194258,125,0,0,0,0,60.32970999876852,0.0,0.021944997570244595,4.892731658835442,173.0,892.859375,False
1773600735.805222,126,0,0,0,0,61.23386399849551,0.0,0.02292600038344972,4.892731658835442,183.0,889.40625,False
1773600735.9913464,127,0,0,0,0,61.39114300094661,0.0,0.022610998712480068,4.892731658835442,166.6,889.40625,False
1773600736.1774042,128,0,0,0,0,61.3317730021663,0.0,0.02322200089110993,4.892731658835442,172.0,889.40625,False
1773600736.3625603,129,0,0,0,0,60.66049000219209,0.0,0.020593000954249874,5.709028090493016,172.8,892.859375,False
1773600736.547258,130,0,0,0,0,60.780528001487255,0.0,0.021129999367985874,5.709028090493016,184.1,889.40625,False
1773600736.7315774,131,0,0,0,0,60.02781999995932,0.0,0.021723000827478245,5.709028090493016,173.6,892.859375,False
1773600736.9171288,132,0,0,0,0,61.300197998207295,0.0,0.022963002265896648,5.709028090493016,177.8,889.40625,False
1773600737.1025481,133,0,0,0,0,61.22579099974246,0.0,0.023093001800589263,5.709028090493016,178.0,889.40625,False
1773600737.2879863,134,0,0,0,0,61.00504799906048,0.0,0.022203999833436683,5.709028090493016,183.3,887.140625,False
1773600737.473707,135,0,0,0,0,61.24867900143727,0.0,0.021741001546615735,5.399776119931398,161.5,887.140625,False
1773600737.66236,136,0,0,0,0,64.38418100151466,0.0,0.02212999970652163,5.399776119931398,169.6,887.140625,False
1773600737.848165,137,0,0,0,0,61.6114779986674,0.0,0.022852000256534666,5.399776119931398,177.6,887.140625,False
1773600738.0342393,138,0,0,0,0,64.03345600119792,0.0,0.02242600021418184,5.399776119931398,193.5,887.140625,False
1773600738.2326782,139,0,0,0,0,71.82913699944038,0.0,0.02649999805726111,5.399776119931398,206.7,887.140625,False
1773600738.4305537,140,0,0,0,0,73.39259299988043,0.0,0.02677799784578383,5.399776119931398,217.2,887.140625,False
1773600738.619076,141,0,0,0,0,64.10140200023307,0.0,0.023352000425802544,4.905693302939109,185.6,887.140625,False
1773600738.8047526,142,0,0,0,0,61.43904999771621,0.0,0.021371000912040472,4.905693302939109,172.3,887.140625,False
1773600738.9905872,143,0,0,0,0,61.126734002755256,0.0,0.021777999791083857,4.905693302939109,177.6,887.140625,False
1773600739.1755242,144,0,0,0,0,60.11978300011833,0.0,0.021148000087123364,4.905693302939109,167.6,887.140625,False
1773600739.361022,145,0,0,0,0,61.183883000921924,0.0,0.022203999833436683,4.905693302939109,183.3,887.140625,False
1773600739.5469315,146,0,0,0,0,61.154400998930214,0.0,0.02300000051036477,5.692645225561844,172.1,887.140625,False
1773600739.7333822,147,0,0,0,0,61.70890400244389,0.0,0.02236999716842547,5.692645225561844,160.9,887.140625,False
1773600739.9180324,148,0,0,0,0,59.699428999010706,0.0,0.02185199991799891,5.692645225561844,173.3,890.59375,False
1773600740.1032233,149,0,0,0,0,60.25559800036717,0.0,0.021519001165870577,5.692645225561844,178.2,887.140625,False
1773600740.2881129,150,0,0,0,0,60.33922899950994,0.0,0.022371001250576228,5.692645225561844,173.1,887.140625,False
1773600740.4730022,151,0,0,0,0,60.16548600018723,0.0,0.022500000341096893,5.692645225561844,178.5,887.15625,False
1773600740.901169,152,2,0,0,0,61.14069700197433,242.12182799965376,0.014093002391746268,4.430467874834094,186.8,852.4375,True
1773600741.329979,153,1,0,0,0,60.38434099900769,244.6191219969478,0.014036999345989898,4.430467874834094,184.2,854.203125,True
1773600741.7666776,154,3,0,0,0,60.77713899867376,251.93437299822108,0.014352001016959548,4.430467874834094,187.8,854.203125,True
1773600742.1939535,155,1,1,0,0,60.85115799942287,241.94156800149358,0.04390799949760549,2.320563047075688,191.9,855.546875,True
1773600742.6303327,156,1,1,1,1,61.716312000498874,250.6431430010707,0.048333000449929386,2.320563047075688,181.0,855.578125,True
1773600743.06483,157,1,1,1,0,62.592779999249615,248.12642200049595,0.04620400068233721,2.320563047075688,188.7,855.609375,True
1773600743.5244076,158,1,1,1,0,63.23295200127177,274.8844499983534,0.03477800055406988,2.2548772836773017,226.3,858.421875,True
1773600743.9551194,159,1,1,1,0,61.80047899761121,243.20283500128426,0.03444499816396274,2.2548772836773017,190.4,862.734375,True
1773600744.3843803,160,2,1,1,0,61.87996099833981,242.42669999875943,0.03579700205591507,2.2548772836773017,188.7,865.359375,True
1773600744.8155634,161,1,1,1,0,60.792842999944696,246.53768999996828,0.034685999708017334,2.3234970102516734,187.9,869.296875,True
1773600745.244899,162,1,1,1,0,62.03549899873906,242.7592759995605,0.035018001653952524,2.3234970102516734,188.7,870.609375,True
1773600745.6745102,163,1,1,1,0,60.727084000973264,244.82614199951058,0.0381479985662736,2.3234970102516734,186.2,873.171875,True
1773600746.1033075,164,1,1,1,0,61.665273999096826,243.36248400140903,0.03424099850235507,2.329654207875927,191.2,875.796875,True
1773600746.5316355,165,1,1,1,0,61.018528998829424,243.64872599835508,0.036888999602524564,2.329654207875927,189.1,878.421875,True
1773600746.960156,166,1,1,1,0,61.06943799750297,242.9399629982072,0.03751899930648506,2.329654207875927,191.4,882.359375,True
1773600747.3887787,167,1,1,1,0,62.23429700185079,242.7555909998773,0.037185000110184774,2.3337728392048387,189.0,883.671875,True
1773600747.8163028,168,1,1,1,0,61.25414200141677,241.88669700015453,0.03509199814288877,2.3337728392048387,187.1,886.296875,True
1773600748.2447364,169,1,1,1,0,60.35370999961742,244.09672999900067,0.06301899702521041,2.3337728392048387,193.7,887.328125,True
1773600748.6733735,170,1,1,1,0,62.11325900221709,242.61227500028326,0.03563000063877553,2.3353694105856095,184.3,891.28125,True
1773600749.1019742,171,1,1,1,0,62.198536998039344,242.3276999979862,0.03566699888324365,2.3353694105856095,191.3,892.609375,True
1773600749.529856,172,1,1,1,0,61.534291999123525,242.1689389993844,0.03629700222518295,2.3353694105856095,189.3,896.546875,True
1773600749.9583857,173,1,1,1,0,61.69466299979831,242.48544099827996,0.035518998629413545,2.3346107019169433,189.0,897.859375,True
1773600750.395692,174,1,1,1,0,62.0787769985327,250.78760699761915,0.0350560003425926,2.3346107019169433,182.9,900.484375,True
1773600750.835669,175,1,1,1,0,62.060813997959485,253.48784599918872,0.03546300285961479,2.3346107019169433,184.1,904.421875,True
1773600751.2644553,176,1,1,1,0,62.020759000006365,242.23566200089408,0.035351997212274,2.296973370037459,188.9,905.734375,True
1773600751.692764,177,1,1,1,0,61.21354900096776,242.94525900040753,0.03570399712771177,2.296973370037459,189.1,908.359375,True
1773600752.1511073,178,1,1,1,0,63.99914199937484,272.4379159990349,0.03470399678917602,2.296973370037459,220.4,912.328125,True
1773600752.5800583,179,1,1,1,0,60.47841499821516,243.2252979997429,0.03538900273269974,2.2803218967887524,191.2,913.640625,True
1773600753.0090525,180,1,1,1,0,61.426994998328155,243.03788899851497,0.03566700252122246,2.2803218967887524,191.1,917.5625,True
1773600753.4400666,181,1,1,1,0,62.38394599859021,243.51466999723925,0.035574001230997965,2.2803218967887524,187.9,918.875,True
1773600753.8692555,182,1,1,1,0,61.50336599966977,243.10292700101854,0.03687000207719393,2.3270291232977134,188.7,922.8125,True
1773600754.2987707,183,1,1,1,0,62.233779000962386,243.12694599939277,0.03548099994077347,2.3270291232977134,193.2,924.125,True
1773600754.7295403,184,1,0,1,0,63.338599997223355,243.032703998324,0.022221996914595366,2.3270291232977134,192.7,928.078125,True
1773600755.157596,185,1,0,1,0,61.312365000048885,242.10321700229542,0.02099999983329326,2.3285802796758657,191.6,929.390625,True
1773600755.5853019,186,2,0,1,0,61.963165000634035,241.49199000021326,0.021815001673530787,2.3285802796758657,191.7,933.328125,True
1773600756.0175133,187,2,0,1,0,62.01237000277615,245.52053500156035,0.021463001758093014,2.3285802796758657,185.1,934.640625,True
1773600756.4454534,188,1,0,1,0,61.53171800178825,242.01958599951467,0.02098199911415577,2.3294506416077265,191.6,940.609375,True
1773600756.8743272,189,1,0,1,0,61.07115900158533,243.33831799958716,0.021797000954393297,2.3294506416077265,193.5,939.890625,True
1773600757.3022816,190,1,0,1,0,61.46919899765635,242.3230890017294,0.021722000383306295,2.3294506416077265,191.6,943.828125,True
1773600757.487734,191,0,0,1,0,61.387384001136525,0.0,0.03066699719056487,2.878388329166584,178.0,977.578125,False
1773600757.6726856,192,0,0,1,0,60.19200599985197,0.0,0.03227799970773049,2.878388329166584,173.0,980.203125,False
1773600757.8590417,193,0,0,1,0,61.58786600281019,0.0,0.03266700150561519,2.878388329166584,187.8,984.140625,False
1773600758.0468202,194,0,0,1,0,62.77917000261368,0.0,0.03235199983464554,2.878388329166584,181.1,985.453125,False
1773600758.2333138,195,0,0,1,0,61.74849699891638,0.0,0.0327220004692208,2.878388329166584,187.7,989.390625,False
1773600758.4187934,196,0,0,1,0,60.80730599933304,0.0,0.03242599996156059,2.878388329166584,177.9,992.015625,False
1773600758.605639,197,0,0,1,0,61.94190599853755,0.0,0.03227799970773049,5.367157653627592,182.0,993.34375,False
1773600758.791474,198,0,0,1,0,63.192913999955636,0.0,0.03288900188636035,5.367157653627592,193.7,997.28125,False
1773600758.9895704,199,0,0,0,0,72.7988290018402,0.0,0.038908001442905515,5.367157653627592,207.0,998.59375,False
1773600759.188985,200,0,0,0,0,74.15080099963234,0.0,0.03855600152746774,5.367157653627592,210.6,1001.21875,False
1773600759.380625,201,0,0,0,0,63.45130499903462,0.0,0.030926003091735765,5.367157653627592,187.9,1003.84375,False
1773600759.5675511,202,0,0,0,0,61.91418399976101,0.0,0.030982002499513328,5.367157653627592,181.9,1007.78125,False
1773600759.7546287,203,0,0,0,0,62.18024100235198,0.0,0.031703999411547557,4.880091553841636,181.7,1009.09375,False
1773600759.9411592,204,0,0,0,0,61.10739999712678,0.0,0.031592997402185574,4.880091553841636,182.3,1011.71875,False
1773600760.1259856,205,0,0,0,0,60.04889399991953,0.0,0.03103700146311894,4.880091553841636,173.1,1014.359375,False
1773600760.3111377,206,0,0,0,0,60.165561000758316,0.0,0.03040799856535159,4.880091553841636,172.8,1016.984375,False
1773600760.4971414,207,0,0,0,0,60.99912200079416,0.0,0.030573999538319185,4.880091553841636,182.8,1019.609375,False
1773600760.6834388,208,0,0,0,0,61.57581099978415,0.0,0.030815001082373783,5.696814008564975,177.1,1023.546875,False
1773600760.870429,209,0,0,0,0,61.920424002892105,0.0,0.031906998628983274,5.696814008564975,165.8,1024.859375,False
1773600762.3610742,210,0,0,0,0,59.882225999899674,0.0,0.03237000055378303,1.1921429433251585,110.0,887.953125,False
1773600762.5459023,211,0,0,0,0,60.33339599889587,0.0,0.03131500125164166,1.1921429433251585,173.1,887.953125,False
1773600762.7316692,212,0,0,0,0,60.745471997506684,0.0,0.03218600249965675,1.1921429433251585,177.6,887.953125,False
1773600762.9168878,213,0,0,0,0,60.85441699906369,0.0,0.031722000130685046,1.1921429433251585,178.2,887.953125,False
1773600763.0996373,214,0,0,0,0,57.89375000313157,0.0,0.03327800004626624,1.1921429433251585,180.6,887.953125,False
1773600763.285213,215,0,0,0,0,60.89708400031668,0.0,0.022093001462053508,1.1921429433251585,172.4,887.953125,False
1773600763.4699113,216,0,0,0,0,60.37265499981004,0.0,0.021759999071946368,5.411238278274111,173.3,887.953125,False
1773600763.6537216,217,0,0,0,0,58.750533000420546,0.0,0.022221996914595366,5.411238278274111,174.1,887.953125,False
1773600763.8371542,218,0,0,0,0,60.97354799931054,0.0,0.02248100281576626,5.411238278274111,196.3,887.953125,False
1773600764.0391595,219,0,0,0,0,72.82458800182212,0.0,0.027463996957521886,5.411238278274111,207.9,887.953125,False
1773600764.2358677,220,0,0,0,0,70.97622500077705,0.0,0.02681499972823076,5.411238278274111,208.4,887.953125,False
1773600764.4280045,221,0,0,0,0,66.54813900240697,0.0,0.021610998373944312,5.411238278274111,208.1,887.953125,False
1773600764.6127462,222,0,0,0,0,59.77798399908352,0.0,0.019741000869544223,4.898144889096707,173.2,887.953125,False
1773600764.7971733,223,0,0,0,0,59.450333999848226,0.0,0.02212999970652163,4.898144889096707,178.9,887.953125,False
1773600764.9806588,224,0,0,0,0,58.30836400127737,0.0,0.02129600034095347,4.898144889096707,179.9,887.953125,False
1773600765.1640573,225,0,0,0,0,58.60153200046625,0.0,0.02159300129278563,4.898144889096707,185.4,887.953125,False
1773600765.3501163,226,0,0,0,0,60.763213001337135,0.0,0.023314998543355614,4.898144889096707,172.0,890.09375,False
1773600765.5356493,227,0,0,0,0,60.44700699931127,0.0,0.021425999875646085,5.74192375184841,177.9,890.09375,False
1773600765.7211256,228,0,0,0,0,60.782232001656666,0.0,0.021222000214038417,5.74192375184841,172.5,886.640625,False
1773600765.9064682,229,0,0,0,0,60.41004399958183,0.0,0.022315001842798665,5.74192375184841,172.7,889.265625,False
1773600766.0928133,230,0,0,0,0,61.51034800132038,0.0,0.024130000383593142,5.74192375184841,166.4,891.890625,False
1773600766.278863,231,0,0,0,0,61.40210599915008,0.0,0.022649001039098948,5.74192375184841,182.8,891.890625,False
1773600766.4656894,232,0,0,0,0,61.83992399746785,0.0,0.021037998521933332,5.74192375184841,171.3,891.890625,False
1773600766.652009,233,0,0,0,0,61.46512499981327,0.0,0.022352000087266788,5.374578446307551,182.5,891.890625,False
1773600766.8379061,234,0,0,0,0,61.32773499848554,0.0,0.02331500218133442,5.374578446307551,177.5,891.890625,False
1773600767.0242198,235,0,0,0,0,61.490922002121806,0.0,0.022260002879193053,5.374578446307551,182.5,891.890625,False
1773600767.21057,236,0,0,0,0,61.49836599797709,0.0,0.02301900167367421,5.374578446307551,166.4,891.890625,False
1773600767.3962545,237,0,0,0,0,60.971140999754425,0.0,0.021480998839251697,5.374578446307551,172.3,895.359375,False
1773600767.581995,238,0,0,0,0,63.025875999301206,0.0,0.02300000051036477,5.374578446307551,188.4,895.359375,False
1773600767.7848759,239,0,0,0,0,75.58710699959192,0.0,0.027166999643668532,5.296421302260328,216.9,895.359375,False
1773600767.9812307,240,0,0,0,0,70.83748299919534,0.0,0.02877800216083415,5.296421302260328,213.9,895.359375,False
1773600768.1714928,241,0,0,0,0,63.99158599742805,0.0,0.02418500298517756,5.296421302260328,189.2,895.359375,False
1773600768.3574946,242,0,0,0,0,60.957232999498956,0.0,0.02218500230810605,5.296421302260328,182.8,891.90625,False
1773600768.5440161,243,0,0,0,0,61.535847999039106,0.0,0.023110998881747946,5.296421302260328,171.6,891.90625,False
1773600768.7312446,244,0,0,0,0,61.43192099989392,0.0,0.02322200089110993,5.296421302260328,170.9,891.90625,False
1773600768.9167776,245,0,0,0,0,60.62387899874011,0.0,0.023130000045057386,4.954656484329465,177.9,895.359375,False
1773600769.1020505,246,0,0,0,0,60.37569199907011,0.0,0.021186002413742244,4.954656484329465,183.5,895.359375,False
1773600769.288099,247,0,0,0,0,60.71480600076029,0.0,0.022019001335138455,4.954656484329465,172.0,895.359375,False
1773600769.473874,248,0,0,0,0,60.68145300014294,0.0,0.021184998331591487,4.954656484329465,183.0,895.359375,False
1773600769.6600673,249,0,0,0,0,61.256974997377256,0.0,0.0215559994103387,4.954656484329465,171.9,891.90625,False
1773600769.846434,250,0,0,0,0,61.193383000500035,0.0,0.02325899913557805,5.7011219277475265,171.7,890.59375,False
1773600770.032349,251,0,0,0,0,61.24069799989229,0.0,0.022314998204819858,5.7011219277475265,172.1,890.59375,False
1773600770.2186146,252,0,0,0,0,61.41834700247273,0.0,0.02211099854321219,5.7011219277475265,177.2,890.59375,False
1773600770.4051464,253,0,0,0,0,61.58896000124514,0.0,0.02290799966431223,5.7011219277475265,182.3,890.59375,False
1773600770.8334131,254,3,0,0,0,60.31322800117778,242.8353320028691,0.013703000149689615,5.7011219277475265,189.1,861.609375,True
1773600771.260625,255,1,0,0,0,60.802212999988114,241.8474559999595,0.014667002687929198,3.812095664487186,194.3,858.15625,True
1773600771.6887689,256,1,1,0,0,60.341025000525406,243.15103800108773,0.04279700078768656,3.812095664487186,189.2,858.171875,True
1773600772.1322048,257,1,1,1,1,59.749612999439705,258.7245110007643,0.03740700049092993,2.4261650513329442,182.7,858.171875,True
1773600772.5841644,258,1,1,1,0,61.994072999368655,267.7262729994254,0.03655600085039623,2.4261650513329442,225.7,858.109375,True
1773600773.015118,259,2,1,1,0,60.92610400082776,244.20532300064224,0.03561199991963804,2.4261650513329442,194.9,860.75,True
1773600773.4454992,260,2,1,1,0,61.96216599710169,242.68542400022852,0.03483299951767549,2.2843693976233896,190.5,863.375,True
1773600773.8763938,261,1,1,1,0,61.953480002557626,244.3851200005156,0.034426000638632104,2.2843693976233896,185.7,865.96875,True
1773600774.305237,262,1,1,1,0,61.4043280002079,242.49532999965595,0.03538899909472093,2.2843693976233896,191.2,868.5625,True
1773600774.7333882,263,1,1,1,0,61.442717000318225,242.20195800080546,0.03724099951796234,2.3293885437267403,186.8,869.875,True
1773600775.1778004,264,1,1,1,0,62.13744500200846,257.7293929971347,0.0359069999831263,2.3293885437267403,189.0,873.8125,True
1773600775.610969,265,1,1,1,0,63.803658998949686,245.09869900066406,0.03483399996184744,2.3293885437267403,191.6,875.125,True
1773600776.038559,266,1,1,1,0,60.58832300186623,242.77135000011185,0.034962999052368104,2.2985493628025147,189.4,879.0625,True
1773600776.4655123,267,1,1,1,0,60.121801998320734,242.47140400257194,0.03405600000405684,2.2985493628025147,194.4,880.3125,True
1773600776.893901,268,1,1,1,0,60.85778800115804,243.25837300057174,0.03646299956017174,2.2985493628025147,191.4,884.25,True
1773600777.3239503,269,1,1,1,0,62.02090599981602,243.67559699749108,0.03557499803719111,2.333929108007345,190.7,885.5625,True
1773600777.7536743,270,1,1,1,0,61.944943001435604,243.5080220020609,0.0359820005542133,2.333929108007345,193.1,889.609375,True
1773600778.1826906,271,1,1,1,0,61.71984899992822,242.8860549989622,0.03527799708535895,2.333929108007345,193.5,890.96875,True
1773600778.6116834,272,1,1,1,0,61.71966399779194,242.73646099754842,0.035832999856211245,2.3296731862053797,193.5,894.90625,True
1773600779.0407364,273,1,1,1,0,61.06354800067493,243.2403160019021,0.06764900172129273,2.3296731862053797,186.5,896.21875,True
1773600779.4706233,274,1,1,1,0,62.61050299872295,242.6529969998228,0.03451899829087779,2.3296731862053797,190.7,900.15625,True
1773600779.901792,275,1,1,1,0,62.39364900102373,244.27634200037573,0.03542599733918905,2.3253829063664155,190.2,901.46875,True
1773600780.3310862,276,1,1,1,0,61.344457000814145,243.12681599985808,0.03755600118893199,2.3253829063664155,186.4,905.40625,True
1773600780.7661986,277,1,1,1,0,62.161555000784574,248.20297899714205,0.03531499896780588,2.3253829063664155,188.5,908.046875,True
1773600781.2296453,278,1,1,1,0,64.82938800036209,275.81827100220835,0.03577800089260563,2.2592875087800945,220.1,910.6875,True
1773600781.6604078,279,1,1,1,0,61.32632799926796,244.8561230012274,0.03540800025803037,2.2592875087800945,188.0,912.0,True
1773600782.0890448,280,1,1,1,0,61.00225200134446,242.5916270003654,0.03548099994077347,2.2592875087800945,189.0,915.9375,True
1773600782.5186434,281,1,1,1,0,61.32366200108663,242.97829599890974,0.03533400013111532,2.3273928264453456,188.5,918.5625,True
1773600782.9464855,282,1,1,1,0,60.51737799862167,242.08521699983976,0.03600000127335079,2.3273928264453456,191.7,921.203125,True
1773600783.373857,283,1,1,1,0,59.94618899785564,242.53903399949195,0.03429600110393949,2.3273928264453456,189.5,922.515625,True
1773600783.8039727,284,1,1,1,0,61.74818300132756,243.4924110020802,0.036592999094864354,2.3340360408254193,188.3,926.453125,True
1773600784.2328398,285,1,1,1,0,61.569532997964416,242.88386999978684,0.03588899926398881,2.3340360408254193,193.5,927.765625,True
1773600784.66289,286,1,1,1,0,62.48905800021021,243.18190900157788,0.040797000110615045,2.3340360408254193,188.4,931.703125,True
1773600785.0924613,287,1,1,1,0,61.6210520020104,243.28996500116773,0.04264900053385645,2.3283101213087107,195.5,933.015625,True
1773600785.5205233,288,1,1,1,0,60.95175099835615,242.34521800099174,0.03907400241587311,2.3283101213087107,191.6,936.890625,True
1773600785.9558554,289,1,0,1,0,63.23080400034087,247.43521500204224,0.02577800114522688,2.3283101213087107,192.9,939.640625,True
1773600786.3861432,290,2,0,1,0,60.376117999112466,245.05530999886105,0.021981999452691525,2.318973400638031,190.6,942.21875,True
1773600786.8151622,291,2,0,1,0,60.07765300091705,244.17613799960236,0.021906998881604522,2.318973400638031,191.1,943.53125,True
1773600787.0021164,292,0,0,1,0,62.17174099947442,0.0,0.03199999991920777,2.318973400638031,165.8,979.90625,False
1773600787.1890132,293,0,0,1,0,61.79118200088851,0.0,0.03212999945390038,2.318973400638031,181.9,981.21875,False
1773600787.37744,294,0,0,1,0,62.944024000898935,0.0,0.030277999030658975,2.318973400638031,180.4,985.15625,False
1773600787.5678358,295,0,0,1,0,64.42697799866437,0.0,0.03287000072305091,3.793875605356991,183.8,986.46875,False
1773600787.7579832,296,0,0,1,0,64.13967900152784,0.0,0.031963001674739644,3.793875605356991,178.8,990.40625,False
1773600787.945279,297,0,0,1,0,62.422482998954365,0.0,0.03146299786749296,3.793875605356991,181.5,993.046875,False
1773600788.1328166,298,0,0,1,0,64.6507940000447,0.0,0.08457500007352792,3.793875605356991,192.0,995.671875,False
1773600788.3288968,299,0,0,1,0,70.43451799836475,0.0,0.036129000363871455,3.793875605356991,209.1,998.296875,False
1773600788.5278027,300,0,0,1,0,73.45012899895664,0.0,0.03538899909472093,5.518397491420615,216.2,1000.921875,False
1773600788.7250452,301,0,0,1,0,69.17219399838359,0.0,0.032796000596135855,5.518397491420615,187.6,1003.546875,False
1773600788.912434,302,0,0,1,0,61.926368998683756,0.0,0.03161100175930187,5.518397491420615,181.4,1006.171875,False
1773600789.0977356,303,0,0,1,0,60.319821001030505,0.0,0.03103700146311894,5.518397491420615,172.7,1008.796875,False
1773600789.2830367,304,0,0,0,0,60.44306300100288,0.0,0.034092998248524964,5.518397491420615,172.7,1011.421875,False
1773600789.4690566,305,0,0,0,0,60.96786199850612,0.0,0.03237000055378303,5.518397491420615,172.0,1014.046875,False
1773600789.6555812,306,0,0,0,0,61.781016000168165,0.0,0.03262900281697512,4.980096493359047,176.9,1016.671875,False
1773600789.8415782,307,0,0,0,0,60.89417600014713,0.0,0.031482002668781206,4.980096493359047,182.8,1017.984375,False
1773600790.0263498,308,0,0,0,0,59.73518800237798,0.0,0.031092000426724553,4.980096493359047,173.2,1021.921875,False
1773600790.2143612,309,0,0,0,0,63.112451000051806,0.0,0.031888997909845784,4.980096493359047,186.2,1024.546875,False
1773600790.399441,310,0,0,0,0,60.0789119998808,0.0,0.03199999991920777,4.980096493359047,178.3,1027.171875,False
1773600790.5847318,311,0,0,0,0,60.36065499938559,0.0,0.03274100163253024,5.698378715457895,178.1,1029.796875,False
1773600790.7729278,312,0,0,0,0,63.33469200035324,0.0,0.03246300184400752,5.698378715457895,180.7,1032.421875,False
1773600790.959102,313,0,0,0,0,61.29180900097708,0.0,0.03075900167459622,5.698378715457895,177.3,1035.046875,False
1773600791.1453753,314,0,0,0,0,61.53294099931372,0.0,0.031667001167079434,5.698378715457895,182.5,1037.671875,False
1773600792.6866071,315,0,0,0,0,60.82982400039327,0.0,0.03151800046907738,1.9030123854713674,109.7,889.359375,False
1773600792.871457,316,0,0,0,0,60.224875996937044,0.0,0.031944000511430204,1.9030123854713674,178.5,889.359375,False
1773600793.0563307,317,0,0,0,0,60.20526500287815,0.0,0.031110997952055186,1.9030123854713674,183.9,889.359375,False
1773600793.2407048,318,0,0,0,0,61.81153500074288,0.0,0.03281499812146649,1.9030123854713674,189.8,889.359375,False
1773600793.4371102,319,0,0,0,0,69.84749500043108,0.0,0.040777998947305605,1.9030123854713674,208.8,889.359375,False
1773600793.633631,320,0,0,0,0,71.62369200159446,0.0,0.02598200080683455,1.9030123854713674,213.7,889.359375,False
1773600793.823989,321,0,0,0,0,64.36407000001054,0.0,0.03542600097716786,4.94922865360294,189.1,889.359375,False
1773600794.0091615,322,0,0,0,0,60.26543199914158,0.0,0.023445001716027036,4.94922865360294,178.2,889.359375,False
1773600794.193532,323,0,0,0,0,59.484796998731326,0.0,0.021223000658210367,4.94922865360294,179.0,889.359375,False
1773600794.3781857,324,0,0,0,0,59.73316899689962,0.0,0.022037998860469088,4.94922865360294,178.7,889.359375,False
1773600794.5630958,325,0,0,0,0,59.65487300272798,0.0,0.021777999791083857,4.94922865360294,173.1,889.359375,False
1773600794.7487202,326,0,0,0,0,60.2203019989247,0.0,0.021592997654806823,5.704545284536757,167.0,889.359375,False
1773600794.934666,327,0,0,0,0,60.450507000496145,0.0,0.021148000087123364,5.704545284536757,172.1,889.359375,False
1773600795.1199334,328,0,0,0,0,60.11976399895502,0.0,0.022648000594926998,5.704545284536757,167.3,889.359375,False
1773600795.305695,329,0,0,0,0,60.65760099954787,0.0,0.02268499883939512,5.704545284536757,166.9,889.359375,False
1773600795.491271,330,0,0,0,0,60.51197099804995,0.0,0.022833999537397176,5.704545284536757,177.8,889.359375,False
1773600795.6774044,331,0,0,0,0,60.87852899872814,0.0,0.02153699824702926,5.704545284536757,182.7,890.1875,False
1773600795.8630946,332,0,0,0,0,60.52245200044126,0.0,0.020945000869687647,5.384107379954275,172.3,890.1875,False
1773600796.0489745,333,0,0,0,0,61.13899399861111,0.0,0.022778000129619613,5.384107379954275,182.9,888.046875,False
1773600796.2357903,334,0,0,0,0,61.360401999991154,0.0,0.02327800029888749,5.384107379954275,171.3,889.359375,False
1773600796.4220314,335,0,0,0,0,61.068790000717854,0.0,0.023704000341240317,5.384107379954275,187.9,891.984375,False
1773600796.6069994,336,0,0,0,0,60.22209900038433,0.0,0.022797001292929053,5.384107379954275,178.4,891.984375,False
1773600796.793917,337,0,0,0,0,61.79083099777927,0.0,0.022758998966310173,5.384107379954275,171.2,891.984375,False
1773600796.9793231,338,0,0,0,0,62.59642899749451,0.0,0.02409200169495307,5.3752373816349115,194.2,891.984375,False
1773600797.177821,339,0,0,0,0,71.36089399864431,0.0,0.02598200080683455,5.3752373816349115,206.6,891.984375,False
1773600797.3772142,340,0,0,0,0,73.7827990014921,0.0,0.02633400072227232,5.3752373816349115,210.6,891.984375,False
1773600797.569132,341,0,0,0,0,66.98766099725617,0.0,0.02155499896616675,5.3752373816349115,187.6,895.4375,False
1773600797.753078,342,0,0,0,0,58.88712700107135,0.0,0.02294500154675916,5.3752373816349115,184.8,895.4375,False
1773600797.9371016,343,0,0,0,0,59.08749799709767,0.0,0.024574001145083457,5.3752373816349115,179.3,895.4375,False
1773600798.1211216,344,0,0,0,0,58.81490400133771,0.0,0.0215559994103387,4.899012209266334,173.9,895.4375,False
1773600798.3052197,345,0,0,0,0,59.07286900037434,0.0,0.02327800029888749,4.899012209266334,173.8,895.4375,False
1773600798.4900374,346,0,0,0,0,59.69933600135846,0.0,0.020612002117559314,4.899012209266334,178.6,895.4375,False
1773600798.6753247,347,0,0,0,0,60.086949000833556,0.0,0.022796000848757103,4.899012209266334,172.7,891.984375,False
1773600798.8599956,348,0,0,0,0,59.446148999995785,0.0,0.02348199996049516,4.899012209266334,173.3,891.984375,False
1773600799.0464346,349,0,0,0,0,61.13075200119056,0.0,0.02359300196985714,5.7333802347134615,171.6,891.984375,False
1773600799.2311761,350,0,0,0,0,59.762428998510586,0.0,0.02327800029888749,5.7333802347134615,173.2,891.984375,False
1773600799.4171708,351,0,0,0,0,60.90813900300418,0.0,0.022186002752278,5.7333802347134615,177.4,891.984375,False
1773600799.6024265,352,0,0,0,0,60.274895000475226,0.0,0.02344499807804823,5.7333802347134615,178.1,891.984375,False
1773600799.7878978,353,0,0,0,0,60.42634099867428,0.0,0.02122299702023156,5.7333802347134615,172.5,895.4375,False
1773600799.9736521,354,0,0,0,0,60.728657997970004,0.0,0.02290799966431223,5.7333802347134615,188.4,891.984375,False
1773600800.1590617,355,0,0,0,0,60.5338790010137,0.0,0.023110998881747946,5.392655385996698,167.2,891.859375,False
1773600800.3440256,356,0,0,0,0,60.08705999920494,0.0,0.02298199979122728,5.392655385996698,183.8,891.859375,False
1773600800.5301707,357,0,0,0,0,61.207529997773236,0.0,0.022574000468011945,5.392655385996698,171.9,891.859375,False
1773600800.7163997,358,0,0,0,0,63.01006099965889,0.0,0.023537999368272722,5.392655385996698,193.3,891.859375,False
1773600800.9191108,359,0,0,0,0,70.65003700336092,0.0,0.02537099862820469,5.392655385996698,202.3,891.859375,False
1773600801.1174765,360,0,0,0,0,72.90231099977973,0.0,0.025945002562366426,5.392655385996698,221.8,891.859375,False
1773600801.5494175,361,1,0,0,0,63.63447200055816,243.30359500163468,0.014352001016959548,4.895889921664435,196.8,862.890625,True
1773600801.9771655,362,3,0,0,0,61.1889190004149,242.26119900049525,0.01440699998056516,4.895889921664435,194.0,859.4375,True
1773600802.40507,363,1,0,0,0,60.871159002999775,242.51633099993342,0.01446300302632153,2.4494536529682143,189.3,859.4375,True
1773600802.832523,364,1,1,0,0,59.836540996911936,242.93422200207715,0.03333300264785066,2.4494536529682143,191.8,862.84375,True
1773600803.2714472,365,1,1,1,1,60.99084499874152,253.26986400250462,0.036388999433256686,2.4494536529682143,191.4,859.34375,True
1773600803.7018886,366,1,1,1,0,61.507328999141464,244.17819299924304,0.035278000723337755,2.3133610357634917,188.2,860.65625,True
1773600804.131036,367,1,1,1,0,61.48873699930846,242.5584600023285,0.03485200068098493,2.3133610357634917,193.4,861.96875,True
1773600804.5602586,368,1,1,1,0,61.541162998764776,243.0447959995945,0.03575899972929619,2.3133610357634917,188.7,865.90625,True
1773600804.9900267,369,1,1,1,0,61.80720200063661,242.98168500172324,0.03672199818538502,2.3289341225198568,193.1,867.21875,True
1773600805.4203248,370,1,1,1,0,61.69316399973468,243.71500499910326,0.035240998840890825,2.3289341225198568,190.6,871.15625,True
1773600805.8590124,371,1,1,1,0,61.64868199994089,252.01657800062094,0.036869998439215124,2.3289341225198568,184.6,872.40625,True
1773600806.289294,372,1,1,1,0,60.50191499889479,244.15124799998011,0.03709200245793909,2.3089962484741764,185.9,876.34375,True
1773600806.7213497,373,1,1,1,0,61.681682000198634,245.42909000228974,0.035575001675169915,2.3089962484741764,189.8,877.65625,True
1773600807.1594503,374,1,1,1,0,61.74575699697016,251.58922300033737,0.035240998840890825,2.3089962484741764,184.9,881.59375,True
1773600807.5889392,375,1,1,1,0,62.066591999609955,242.7077760003158,0.03609300256357528,2.3083282563698693,190.9,882.90625,True
1773600808.0294883,376,1,1,1,0,61.02256699887221,253.69938599760644,0.03490800008876249,2.3083282563698693,179.3,885.53125,True
1773600808.4577281,377,1,1,1,0,60.59880500106374,243.17657600113307,0.03453699901001528,2.3083282563698693,191.5,888.21875,True
1773600808.9130754,378,1,1,1,0,64.36405200292938,268.6660200015467,0.03813000148511492,2.2656270481354137,232.8,892.265625,True
1773600809.343015,379,1,1,1,0,61.99568399824784,243.00575899906107,0.0350560003425926,2.2656270481354137,190.7,893.578125,True
1773600809.7925282,380,1,1,1,0,61.16914199810708,264.16239800164476,0.03640799695858732,2.2656270481354137,184.7,897.515625,True
1773600810.2212243,381,1,1,1,0,61.8896460000542,242.21697599932668,0.035260000004200265,2.2933169837139276,186.6,898.78125,True
1773600810.6553278,382,1,1,1,0,61.953201999131124,247.07306400159723,0.03522300175973214,2.2933169837139276,191.2,902.71875,True
1773600811.0853748,383,1,1,1,0,62.32483499843511,243.6698380006419,0.03650000144261867,2.2933169837139276,188.3,904.03125,True
1773600811.5141478,384,1,1,1,0,61.87375800072914,242.54905300040264,0.03546300285961479,2.320323412896353,188.9,906.65625,True
1773600811.9435778,385,1,1,1,0,62.23285200030659,242.92946299829055,0.03766699956031516,2.320323412896353,193.3,909.28125,True
1773600812.3720129,386,1,1,1,0,61.66718200256582,241.9750680019206,0.03533299968694337,2.320323412896353,189.1,913.21875,True
1773600812.8009677,387,1,1,1,0,61.557552002341254,242.74594300004537,0.03631499930634163,2.331325485365795,191.2,914.53125,True
1773600813.228963,388,1,0,1,0,61.60560699936468,241.67562200091197,0.022758998966310173,2.331325485365795,191.6,918.5,True
1773600813.6578057,389,1,0,1,0,61.61799600158702,242.76753599770018,0.021926000044913962,2.331325485365795,188.9,919.8125,True
1773600814.0848694,390,2,0,1,0,59.92039299962926,242.3438849982631,0.02272200072184205,2.3366353107562854,189.7,923.75,True
1773600814.5132415,391,2,0,1,0,60.62499000108801,243.30705699685495,0.022203999833436683,2.3366353107562854,186.8,925.078125,True
1773600814.9413984,392,2,0,1,0,61.99635099983425,242.23753199839848,0.022260002879193053,2.3366353107562854,189.2,929.015625,True
1773600815.127328,393,0,0,1,0,61.586718999024015,0.0,0.031445000786334276,2.877892607631832,177.5,962.765625,False
1773600815.3123164,394,0,0,1,0,59.91346699738642,0.0,0.033851996704470366,2.877892607631832,183.8,966.703125,False
1773600815.4986486,395,0,0,1,0,61.60273699788377,0.0,0.03240699879825115,2.877892607631832,182.5,969.328125,False
1773600815.685889,396,0,0,1,0,62.33881599837332,0.0,0.0332589988829568,2.877892607631832,176.2,971.96875,False
1773600815.8718586,397,0,0,1,0,61.09102999835159,0.0,0.030017999961273745,2.877892607631832,188.2,979.015625,False
1773600816.0579052,398,0,0,1,0,63.68926899813232,0.0,0.034130000130971894,2.877892607631832,193.5,975.796875,False
1773600816.2569423,399,0,0,1,0,72.02008300009766,0.0,0.03518499943311326,5.3116604701082455,206.0,979.734375,False
1773600816.455987,400,0,0,1,0,73.63342699682107,0.0,0.03883300087181851,5.3116604701082455,211.0,981.046875,False
1773600816.6447878,401,0,0,1,0,63.63376900117146,0.0,0.06872299854876474,5.3116604701082455,190.7,984.984375,False
1773600816.8301635,402,0,0,1,0,60.07159799992223,0.0,0.031351999496109784,5.3116604701082455,172.6,986.296875,False
1773600817.016341,403,0,0,0,0,60.79497300015646,0.0,0.03218600249965675,5.3116604701082455,182.6,990.234375,False
1773600817.2025356,404,0,0,0,0,60.57737900118809,0.0,0.032037001801654696,5.3116604701082455,171.9,992.859375,False
1773600817.388942,405,0,0,0,0,60.63989800168201,0.0,0.03185199966537766,4.956271225696061,171.7,995.484375,False
1773600817.5747647,406,0,0,0,0,60.46128600064549,0.0,0.033314998290734366,4.956271225696061,172.2,998.109375,False
1773600817.7608168,407,0,0,0,0,60.58437799947569,0.0,0.03272300091339275,4.956271225696061,172.0,1000.734375,False
1773600817.9459765,408,0,0,0,0,60.144228002172895,0.0,0.0324079992424231,4.956271225696061,172.8,1002.046875,False
1773600818.130896,409,0,0,0,0,59.83829899923876,0.0,0.031167000997811556,4.956271225696061,178.5,1005.984375,False
1773600818.3173904,410,0,0,0,0,61.346513000898995,0.0,0.030795999919064343,5.7052953790774295,176.9,1008.609375,False
1773600818.5016267,411,0,0,0,0,59.60181599948555,0.0,0.030759998480789363,5.7052953790774295,173.7,1011.234375,False
1773600818.6871948,412,0,0,0,0,60.60502699983772,0.0,0.03201900108251721,5.7052953790774295,172.4,1012.546875,False
1773600818.8721242,413,0,0,0,0,60.191283002495766,0.0,0.031741001293994486,5.7052953790774295,178.4,1016.484375,False
1773600820.2748823,414,0,0,0,0,60.590304998186184,0.0,0.031481002224609256,2.043424246292238,109.8,891.921875,False
1773600820.4603627,415,0,0,0,0,60.514008000609465,0.0,0.03149999974993989,2.043424246292238,172.5,891.921875,False
1773600820.6454818,416,0,0,0,0,60.54339700131095,0.0,0.03011099761351943,2.043424246292238,178.3,891.921875,False
1773600820.830503,417,0,0,0,0,60.33500599733088,0.0,0.029000002541579306,2.043424246292238,178.3,891.921875,False
1773600821.016061,418,0,0,0,0,62.92131900045206,0.0,0.032481999369338155,2.043424246292238,194.0,891.921875,False
1773600821.2198696,419,0,0,0,0,70.89244699818664,0.0,0.025148001441266388,2.043424246292238,201.2,891.921875,False
1773600821.4166365,420,0,0,0,0,71.673415000987,0.0,0.029555001674452797,4.959807657605563,218.6,891.921875,False
1773600821.60441,421,0,0,0,0,62.742540998442564,0.0,0.022019001335138455,4.959807657605563,197.0,891.921875,False
1773600821.789227,422,0,0,0,0,59.893891997489845,0.0,0.02099999983329326,4.959807657605563,173.1,891.921875,False
1773600821.9732928,423,0,0,0,0,59.280517998558935,0.0,0.022092001017881557,4.959807657605563,173.9,891.921875,False
1773600822.1581743,424,0,0,0,0,59.02051700104494,0.0,0.022203999833436683,4.959807657605563,173.1,891.921875,False
1773600822.3437874,425,0,0,0,0,60.28156200045487,0.0,0.021444000594783574,5.656279815867317,167.0,891.921875,False
1773600822.5282438,426,0,0,0,0,58.955626998795196,0.0,0.020963001588825136,5.656279815867317,168.1,891.921875,False
1773600822.7122622,427,0,0,0,0,58.34229000174673,0.0,0.02242600021418184,5.656279815867317,173.9,891.921875,False
1773600822.8964818,428,0,0,0,0,58.94364500272786,0.0,0.023093001800589263,5.656279815867317,173.7,891.921875,False
1773600823.0805862,429,0,0,0,0,58.97549699875526,0.0,0.022037998860469088,5.656279815867317,179.3,891.921875,False
1773600823.264891,430,0,0,0,0,59.0351089995238,0.0,0.022241001715883613,5.656279815867317,173.6,891.921875,False
1773600823.449515,431,0,0,0,0,59.63374299972202,0.0,0.021628999093081802,5.426279192922112,173.3,891.921875,False
1773600823.6349304,432,0,0,0,0,60.25150599816698,0.0,0.022795997210778296,5.426279192922112,167.2,888.109375,False
1773600823.8198423,433,0,0,0,0,59.94404100056272,0.0,0.02350000067963265,5.426279192922112,183.9,889.421875,False
1773600824.004878,434,0,0,0,0,60.205690999282524,0.0,0.024149001546902582,5.426279192922112,172.9,892.046875,False
1773600824.1907816,435,0,0,0,0,60.89843699737685,0.0,0.023332999262493104,5.426279192922112,177.5,892.046875,False
1773600824.3769176,436,0,0,0,0,61.063288998411736,0.0,0.023184999008663,5.426279192922112,171.9,892.046875,False
1773600824.5632246,437,0,0,0,0,61.402827999700094,0.0,0.02163000317523256,5.387376162909435,177.1,892.046875,False
1773600824.749491,438,0,0,0,0,63.84445499861613,0.0,0.024222001229645684,5.387376162909435,193.3,892.046875,False
1773600824.9540203,439,0,0,0,0,73.750260999077,0.0,0.027851998311234638,5.387376162909435,200.5,892.046875,False
1773600825.15184,440,0,0,0,0,72.71797700013849,0.0,0.02624099943204783,5.387376162909435,217.4,892.046875,False
1773600825.3419156,441,0,0,0,0,64.71736799721839,0.0,0.023610999051015824,5.387376162909435,184.1,892.046875,False
1773600825.5267556,442,0,0,0,0,59.97824500082061,0.0,0.02290799966431223,5.387376162909435,173.1,892.046875,False
1773600825.7136066,443,0,0,0,0,61.1824389998219,0.0,0.022258998797042295,4.8699988017466636,176.6,892.046875,False
1773600825.8990793,444,0,0,0,0,60.24641299882205,0.0,0.022814998374087736,4.8699988017466636,183.3,892.046875,False
1773600826.0853925,445,0,0,0,0,61.12386300083017,0.0,0.022241001715883613,4.8699988017466636,166.4,892.046875,False
1773600826.271693,446,0,0,0,0,61.004139999568,0.0,0.022518001060234383,4.8699988017466636,166.4,892.046875,False
1773600826.4582443,447,0,0,0,0,61.10988199725398,0.0,0.022685002477373928,4.8699988017466636,176.9,893.359375,False
1773600826.644275,448,0,0,0,0,61.15778999810573,0.0,0.021944000764051452,5.69070145181062,177.4,893.359375,False
1773600826.828739,449,0,0,0,0,59.23844299832126,0.0,0.02218500230810605,5.69070145181062,168.1,896.8125,False
1773600827.0140522,450,0,0,0,0,60.33350699726725,0.0,0.022037002054275945,5.69070145181062,178.1,893.359375,False
1773600827.1989577,451,0,0,0,0,59.98489299963694,0.0,0.02244500137749128,5.69070145181062,173.1,893.359375,False
1773600827.3844528,452,0,0,0,0,60.426506999647245,0.0,0.021686002583010122,5.69070145181062,177.9,896.8125,False
1773600827.5703964,453,0,0,0,0,60.90289900021162,0.0,0.02298099934705533,5.69070145181062,177.5,893.359375,False
1773600827.7590961,454,0,0,0,0,61.922627999592805,0.0,0.023370997951133177,5.382035902019144,174.9,893.375,False
1773600827.945497,455,0,0,0,0,61.32275399795617,0.0,0.021963001927360892,5.382035902019144,177.0,893.375,False
1773600828.131864,456,0,0,0,0,61.39629099925514,0.0,0.02292600038344972,5.382035902019144,177.1,893.375,False
1773600828.3180728,457,0,0,0,0,61.39084700043895,0.0,0.02327800029888749,5.382035902019144,177.2,893.375,False
1773600828.5045755,458,0,0,0,0,63.736453997989884,0.0,0.023573997168568894,5.382035902019144,198.4,893.390625,False
1773600828.7065864,459,0,0,0,0,73.23657300003106,0.0,0.02794499960145913,5.382035902019144,207.9,893.390625,False
1773600828.9081562,460,0,0,0,0,70.22714599952451,0.0,0.02490699989721179,4.9180386304219965,203.4,893.390625,False
1773600829.0990844,461,0,0,0,0,64.77422099851537,0.0,0.02322200089110993,4.9180386304219965,188.5,896.84375,False
1773600829.2840068,462,0,0,0,0,59.742298999481136,0.0,0.022258998797042295,4.9180386304219965,178.5,896.84375,False
1773600829.4698038,463,0,0,0,0,60.087005000241334,0.0,0.022834003175375983,4.9180386304219965,177.6,896.84375,False
1773600829.655783,464,0,0,0,0,59.928022001258796,0.0,0.022574000468011945,4.9180386304219965,166.7,893.390625,False
1773600829.8417776,465,0,0,0,0,60.58582400146406,0.0,0.021703999664168805,5.628481397544305,172.0,896.84375,False
1773600830.0275311,466,0,0,0,0,60.0353379995795,0.0,0.022500000341096893,5.628481397544305,177.7,892.078125,False
1773600830.2140236,467,0,0,0,0,61.0316589991271,0.0,0.023926000721985474,5.628481397544305,171.6,892.078125,False
1773600830.3998497,468,0,0,0,0,60.472655997728,0.0,0.023889999283710495,5.628481397544305,172.2,892.078125,False
1773600830.5865543,469,0,0,0,0,61.330734999501146,0.0,0.02374099858570844,5.628481397544305,176.7,892.078125,False
1773600830.7739482,470,0,0,0,0,61.55756999942241,0.0,0.02383299943176098,5.628481397544305,170.8,892.078125,False
1773600830.9595375,471,0,0,0,0,60.282542999630095,0.0,0.023814998712623492,5.36787774309515,177.8,892.078125,False
1773600831.144629,472,0,0,0,0,59.55839099988225,0.0,0.023112002963898703,5.36787774309515,172.9,892.078125,False
1773600831.3309438,473,0,0,0,0,61.20288200327195,0.0,0.024537002900615335,5.36787774309515,166.4,892.078125,False
1773600831.5169044,474,0,0,0,0,60.969546997512225,0.0,0.024204000510508195,5.36787774309515,177.5,890.765625,False
1773600831.7024527,475,0,0,0,0,60.49985999925411,0.0,0.023980999685591087,5.36787774309515,172.5,890.765625,False
1773600831.886711,476,0,0,0,0,59.23318400164135,0.0,0.021945001208223403,5.36787774309515,179.1,894.21875,False
1773600832.0731614,477,0,0,0,0,61.13495599856833,0.0,0.022037998860469088,5.38780176535987,182.3,890.765625,False
1773600832.2584243,478,0,0,0,0,62.494576999597484,0.0,0.023833999875932932,5.38780176535987,188.9,890.765625,False
1773600832.4536614,479,0,0,0,0,69.6609200022067,0.0,0.025258999812649563,5.38780176535987,204.9,890.765625,False
1773600832.652229,480,0,0,0,0,72.4754570001096,0.0,0.026870999136008322,5.38780176535987,211.5,889.453125,False
1773600832.842407,481,0,0,0,0,64.3717920029303,0.0,0.02325900277355686,5.38780176535987,189.3,889.453125,False
1773600833.0285423,482,0,0,0,0,60.796139001467964,0.0,0.02268499883939512,5.38780176535987,177.3,889.453125,False
1773600833.2125578,483,0,0,0,0,58.805348999158014,0.0,0.02268499883939512,4.909822210360215,179.3,889.453125,False
1773600833.3985384,484,0,0,0,0,60.48924900096608,0.0,0.02266699812025763,4.909822210360215,172.0,889.453125,False
1773600833.5844145,485,0,0,0,0,60.571120000531664,0.0,0.022759999410482123,4.909822210360215,177.5,889.453125,False
1773600833.770571,486,0,0,0,0,59.84665100186248,0.0,0.021980999008519575,4.909822210360215,166.5,889.453125,False
1773600833.9560084,487,0,0,0,0,60.04824499905226,0.0,0.02324099841644056,4.909822210360215,167.2,889.453125,False
1773600834.14303,488,0,0,0,0,61.33503199816914,0.0,0.023610999051015824,5.706191871420001,187.2,889.453125,False
1773600834.3296554,489,0,0,0,0,61.37947699971846,0.0,0.022796997654950246,5.706191871420001,171.5,890.765625,False
1773600834.5159357,490,0,0,0,0,61.125197000365006,0.0,0.02351799776079133,5.706191871420001,177.2,890.765625,False
1773600834.7025769,491,0,0,0,0,61.11908599996241,0.0,0.023296997824218124,5.706191871420001,176.8,890.765625,False
1773600834.8893158,492,0,0,0,0,61.49080999966827,0.0,0.022833999537397176,5.706191871420001,171.4,890.765625,False
1773600835.075765,493,0,0,0,0,61.1205120003433,0.0,0.022203999833436683,5.706191871420001,171.6,890.765625,False
1773600835.2624516,494,0,0,0,0,61.38832800206728,0.0,0.02266699812025763,5.3598897430212435,176.8,890.765625,False
1773600835.448931,495,0,0,0,0,61.21047499982524,0.0,0.023518998204963282,5.3598897430212435,177.0,890.765625,False
1773600835.636017,496,0,0,0,0,61.80775699976948,0.0,0.023333999706665054,5.3598897430212435,181.7,890.765625,False
1773600835.8223107,497,0,0,0,0,60.89732499822276,0.0,0.023445001716027036,5.3598897430212435,171.8,890.765625,False
1773600836.0087638,498,0,0,0,0,63.44435999926645,0.0,0.024185999791370705,5.3598897430212435,198.4,890.765625,False
1773600836.2100563,499,0,0,0,0,71.74817399936728,0.0,0.025926001399056986,5.3598897430212435,198.7,890.765625,False
1773600836.4094625,500,0,0,0,0,74.10298600007081,0.0,0.02607400165288709,4.94787530464859,215.6,890.765625,False
1773600836.5982652,501,0,0,0,0,63.52095300098881,0.0,0.02185199991799891,4.94787530464859,190.7,890.765625,False
1773600836.7836556,502,0,0,0,0,60.030374999769265,0.0,0.023741002223687246,4.94787530464859,183.4,890.765625,False
1773600836.9699528,503,0,0,0,0,60.86767699889606,0.0,0.023277996660908684,4.94787530464859,171.8,890.765625,False
1773600837.1567178,504,0,0,0,0,60.78413900104351,0.0,0.0228709977818653,4.94787530464859,176.7,890.765625,False
1773600837.3432786,505,0,0,0,0,61.26414199752617,0.0,0.022333002561936155,5.605990517019578,171.5,890.765625,False
1773600837.5290685,506,0,0,0,0,60.5418599989207,0.0,0.02342599691473879,5.605990517019578,166.8,890.765625,False
1773600837.7159796,507,0,0,0,0,60.958326001127716,0.0,0.022611002350458875,5.605990517019578,171.2,890.765625,False
1773600837.9028137,508,0,0,0,0,60.781509997468675,0.0,0.022185999114299193,5.605990517019578,182.0,889.453125,False
1773600838.0877728,509,0,0,0,0,59.75474399747327,0.0,0.022555999748874456,5.605990517019578,173.0,890.78125,False
1773600838.2729528,510,0,0,0,0,60.103691001131665,0.0,0.023149001208366826,5.605990517019578,172.8,890.78125,False
1773600838.7132545,511,1,0,0,0,60.31976500162273,254.96593000207213,0.0144260011438746,4.3795540258121575,186.2,858.34375,True
1773600838.9001305,512,0,0,0,0,61.53510700096376,0.0,0.023074000637279823,4.3795540258121575,165.9,892.09375,False
1773600839.340242,513,1,1,0,0,61.10365999848,253.72442200023215,0.03346300218254328,4.3795540258121575,184.0,859.65625,True
1773600839.769341,514,1,1,1,1,60.06322699977318,244.3556760008505,0.035852001019520685,2.840605753310978,191.1,859.71875,True
1773600840.1973665,515,1,1,1,0,61.261382998054614,242.33879199891817,0.03572300192900002,2.840605753310978,186.9,861.03125,True
1773600840.6260061,516,1,1,1,0,61.062030003085965,242.99379600051907,0.0365370033250656,2.840605753310978,189.0,862.296875,True
1773600841.0539768,517,1,1,1,0,61.202401000628015,242.17277299976558,0.03529599780449644,2.335336036103586,191.6,864.921875,True
1773600841.5057337,518,1,1,1,0,63.39658299839357,266.20516999901156,0.03561099947546609,2.335336036103586,232.4,867.546875,True
1773600841.933973,519,1,1,1,0,60.83208400013973,242.3948850009765,0.03575899972929619,2.335336036103586,189.1,870.171875,True
1773600842.3623514,520,1,1,1,0,60.620083000685554,242.7968689989939,0.03603699951781891,2.2929183079044733,191.4,872.796875,True
1773600842.7925553,521,1,1,1,0,61.524330001702765,244.0351549994375,0.036388999433256686,2.2929183079044733,192.9,875.421875,True
1773600843.2213306,522,1,1,1,0,61.63295899750665,242.6252020013635,0.035278000723337755,2.2929183079044733,188.9,878.046875,True
1773600843.6528528,523,1,1,1,0,60.708416000125,246.2184289979632,0.03664800169644877,2.3246774840765037,187.7,880.671875,True
1773600844.078888,524,1,1,1,0,58.777181002369616,243.04192600175156,0.035814999137073755,2.3246774840765037,190.1,883.296875,True
1773600844.5076628,525,1,1,1,0,59.215648001554655,244.93423500098288,0.03511199975037016,2.3246774840765037,186.6,885.921875,True
1773600844.9368453,526,1,1,1,0,62.369613002374535,242.14942099933978,0.03533400013111532,2.336465230005006,191.1,888.53125,True
1773600845.3653574,527,1,1,1,0,61.31216100038728,242.4967930019193,0.0350560003425926,2.336465230005006,186.7,891.15625,True
1773600845.7949674,528,1,1,1,0,60.58702700102003,244.32736100061447,0.03548200038494542,2.336465230005006,186.2,893.78125,True
1773600846.2247145,529,1,1,1,0,62.80950399741414,242.12812400219264,0.034704000427154824,2.3294286482295625,190.8,896.40625,True
1773600846.6537602,530,1,1,1,0,61.30066200057627,242.95635200178367,0.03566700252122246,2.3294286482295625,191.1,899.03125,True
1773600847.0809364,531,1,1,1,0,60.669656999380095,241.86175200156868,0.03533299968694337,2.3294286482295625,187.3,901.65625,True
1773600847.511358,532,1,1,1,0,61.41056900014519,244.29460099781863,0.034629996662260965,2.3316568313779498,185.9,904.28125,True
1773600847.9432611,533,1,1,1,0,61.33303200113005,246.90335899867932,0.03577800089260563,2.3316568313779498,185.2,906.90625,True
1773600848.3711789,534,1,1,1,0,61.37121700157877,242.19947600067826,0.036371002352098,2.3316568313779498,194.0,909.53125,True
1773600848.8035624,535,1,1,1,0,61.38938399817562,247.21497200152953,0.034185999538749456,2.3216128855490163,185.0,912.171875,True
1773600849.2327597,536,1,1,1,0,61.620366999704856,242.95561100007035,0.07464800000889227,2.3216128855490163,188.7,914.796875,True
1773600849.6632795,537,1,1,1,0,62.97728299978189,243.5203730019566,0.037444999179570004,2.3216128855490163,192.8,917.421875,True
1773600850.116351,538,1,1,1,0,64.13301300199237,266.8144339986611,0.03568499960238114,2.2852149030543054,231.8,920.046875,True
1773600850.5445411,539,1,1,1,0,61.29862399757258,242.7449990027526,0.03542600097716786,2.2852149030543054,191.5,922.6875,True
1773600850.972734,540,1,1,1,0,61.33623500136309,241.89332600144553,0.06292600301094353,2.2852149030543054,186.8,925.3125,True
1773600851.4000998,541,1,1,1,0,61.24466099936399,242.2657539973443,0.03487000140012242,2.3369121788092975,189.5,927.9375,True
1773600851.8292496,542,1,1,1,0,61.47466199763585,242.89983299968299,0.03592600114643574,2.3369121788092975,188.7,930.5625,True
1773600852.2566872,543,1,1,1,0,61.331216002145084,242.09445700034848,0.0378339973394759,2.3369121788092975,191.8,933.1875,True
1773600852.6878343,544,1,1,1,0,61.46790300044813,245.07962500138092,0.03963000199291855,2.3296762055135747,187.9,935.8125,True
1773600853.1165316,545,1,1,1,0,60.990158999629784,243.15955699785263,0.03936999928555451,2.3296762055135747,191.3,938.453125,True
1773600853.5450435,546,1,1,1,0,61.751534001814434,242.14236500120023,0.03898200156982057,2.3296762055135747,189.0,941.0625,True
1773600853.9721088,547,1,0,1,0,60.17387500105542,242.0056980008667,0.02274000144097954,2.335953835303614,189.7,943.6875,True
1773600854.4035673,548,1,0,1,0,60.13837600039551,246.5190420007275,0.02248100281576626,2.335953835303614,187.7,946.25,True
1773600854.8333166,549,1,0,1,0,61.310643002798315,243.7393760010309,0.022018997697159648,2.335953835303614,190.8,948.875,True
1773600855.2613425,550,1,0,1,0,60.263580999162514,243.03124099969864,0.021500000002561137,2.326961990530828,191.6,951.5,True
1773600855.4460547,551,0,0,1,0,59.977523000270594,0.0,0.0323329986713361,2.326961990530828,167.8,986.5625,False
1773600855.6314588,552,0,0,1,0,60.24000600154977,0.0,0.032796000596135855,2.326961990530828,172.6,989.1875,False
1773600855.8174224,553,0,0,1,0,60.8542510017287,0.0,0.03177799953846261,2.326961990530828,177.5,991.8125,False
1773600856.0039005,554,0,0,1,0,61.43414400139591,0.0,0.03325900252093561,2.326961990530828,171.6,994.4375,False
1773600856.1892898,555,0,0,1,0,60.73171299794922,0.0,0.03320399991935119,2.326961990530828,178.0,997.0625,False
1773600856.3752801,556,0,0,1,0,61.19404900164227,0.0,0.03205599932698533,5.3864087154012426,177.4,999.6875,False
1773600856.5617046,557,0,0,1,0,61.444773000403075,0.0,0.03227799970773049,5.3864087154012426,182.4,1002.3125,False
1773600856.7478223,558,0,0,1,0,63.687991998449434,0.0,0.034259002859471366,5.3864087154012426,188.1,1004.9375,False
1773600856.9447956,559,0,0,1,0,71.52682100058882,0.0,0.04042599903186783,5.3864087154012426,213.2,1007.5625,False
1773600857.143403,560,0,0,1,0,73.65876000039862,0.0,0.03594499867176637,5.3864087154012426,216.5,1010.1875,False
1773600857.3341258,561,0,0,1,0,65.62081900119665,0.0,0.030816001526545733,5.3864087154012426,188.7,1012.8125,False
1773600857.5204546,562,0,0,0,0,61.33688300178619,0.0,0.0321850020554848,4.893409799083736,182.5,1015.4375,False
1773600857.7056725,563,0,0,0,0,60.474191999674076,0.0,0.03251899761380628,4.893409799083736,167.4,1018.0625,False
1773600857.8920138,564,0,0,0,0,61.3949020007567,0.0,0.03261199890403077,4.893409799083736,187.8,1020.6875,False
1773600858.077555,565,0,0,0,0,60.28776499806554,0.0,0.03340799958095886,4.893409799083736,172.5,1023.3125,False
1773600858.2629964,566,0,0,0,0,60.39643300027819,0.0,0.031741001293994486,4.893409799083736,178.0,1025.9375,False
1773600858.4486568,567,0,0,0,0,60.40895199839724,0.0,0.03285200000391342,5.705850317308804,167.0,1028.5625,False
1773600858.6347394,568,0,0,0,0,60.94262199985678,0.0,0.031685001886216924,5.705850317308804,177.3,1031.1875,False
1773600858.819913,569,0,0,0,0,60.07648700324353,0.0,0.031741001293994486,5.705850317308804,167.4,1033.8125,False
1773600859.00645,570,0,0,0,0,61.25147500279127,0.0,0.03222199666197412,5.705850317308804,182.3,1036.4375,False
1773600859.190769,571,0,0,0,0,59.57033400045475,0.0,0.0312590018438641,5.705850317308804,173.6,1039.0625,False
1773600859.376899,572,0,0,0,0,61.28154999896651,0.0,0.032481999369338155,5.705850317308804,171.9,1041.6875,False
1773600860.9510922,573,0,0,0,0,60.73954600287834,0.0,0.03233400275348686,2.3976130787916654,109.3,886.8125,False
1773600861.134738,574,0,0,0,0,58.549512999888975,0.0,0.031073999707587063,2.3976130787916654,179.7,886.8125,False
1773600861.3191004,575,0,0,0,0,59.675076001440175,0.0,0.03127799936919473,2.3976130787916654,179.0,886.8125,False
1773600861.5028193,576,0,0,0,0,58.87449700094294,0.0,0.030852999771013856,2.3976130787916654,179.6,886.8125,False
1773600861.6873984,577,0,0,0,0,59.69500200080802,0.0,0.03198199920007028,2.3976130787916654,173.4,886.8125,False
1773600861.871157,578,0,0,0,0,61.30406900047092,0.0,0.022722997528035194,2.3976130787916654,195.9,886.8125,False
1773600862.0677211,579,0,0,0,0,67.64577700232621,0.0,0.02633300027810037,5.37356166112246,203.5,886.8125,False
1773600862.2647598,580,0,0,0,0,71.43630199789186,0.0,0.025703000574139878,5.37356166112246,208.1,886.8125,False
1773600862.4537365,581,0,0,0,0,63.84195599821396,0.0,0.022185999114299193,5.37356166112246,190.5,886.8125,False
1773600862.638891,582,0,0,0,0,59.956281998893246,0.0,0.023445001716027036,5.37356166112246,178.2,886.8125,False
1773600862.8225083,583,0,0,0,0,58.68888500117464,0.0,0.02270400000270456,5.37356166112246,185.2,886.8125,False
1773600863.007369,584,0,0,0,0,60.04618999941158,0.0,0.02246300209662877,5.37356166112246,167.7,886.8125,False
1773600863.191608,585,0,0,0,0,58.95123899972532,0.0,0.02183399919886142,4.98620274803788,173.7,886.8125,False
1773600863.376675,586,0,0,0,0,60.01502299841377,0.0,0.021945001208223403,4.98620274803788,172.9,886.8125,False
1773600863.5606463,587,0,0,0,0,59.1662400001951,0.0,0.020870000298600644,4.98620274803788,179.4,886.8125,False
1773600863.7463036,588,0,0,0,0,60.24928400074714,0.0,0.021740001102443784,4.98620274803788,172.3,886.8125,False
1773600863.9311888,589,0,0,0,0,59.4644819975656,0.0,0.022019001335138455,4.98620274803788,173.1,890.265625,False
1773600864.1162581,590,0,0,0,0,60.17443200107664,0.0,0.023036998754832894,5.737270129145336,178.3,886.8125,False
1773600864.302361,591,0,0,0,0,60.98002900034771,0.0,0.023388998670270666,5.737270129145336,177.3,888.125,False
1773600864.4870899,592,0,0,0,0,59.93578199922922,0.0,0.022815002012066543,5.737270129145336,178.6,890.75,False
1773600864.67337,593,0,0,0,0,61.54814399997122,0.0,0.022444997739512473,5.737270129145336,171.8,892.0625,False
1773600864.859403,594,0,0,0,0,61.225031000503805,0.0,0.021556003048317507,5.737270129145336,182.8,892.0625,False
1773600865.0457368,595,0,0,0,0,61.05949300035718,0.0,0.023592998331878334,5.737270129145336,171.7,892.078125,False
1773600865.2315795,596,0,0,0,0,60.82439900274039,0.0,0.022852000256534666,5.379614099877768,177.6,892.078125,False
1773600865.4166803,597,0,0,0,0,60.0830240000505,0.0,0.022852000256534666,5.379614099877768,178.3,892.078125,False
1773600865.6025546,598,0,0,0,0,63.17783999838866,0.0,0.0248889991780743,5.379614099877768,193.6,892.078125,False
1773600865.7995453,599,0,0,0,0,71.4185240030929,0.0,0.02855600178008899,5.379614099877768,208.2,895.53125,False
1773600865.9960737,600,0,0,0,0,71.54343200090807,0.0,0.0295369973173365,5.379614099877768,218.8,895.53125,False
1773600866.1856656,601,0,0,0,0,64.30319900027825,0.0,0.023332999262493104,5.379614099877768,184.6,892.078125,False
1773600866.3712986,602,0,0,0,0,60.543600000528386,0.0,0.02161200245609507,4.916408360992476,177.8,895.53125,False
1773600866.5549505,603,0,0,0,0,58.38527200103272,0.0,0.022018000890966505,4.916408360992476,179.7,895.53125,False
1773600866.7404165,604,0,0,0,0,60.14598700130591,0.0,0.02290699922014028,4.916408360992476,177.9,892.078125,False
1773600866.9264994,605,0,0,0,0,60.71989799966104,0.0,0.02374099858570844,4.916408360992476,172.0,892.078125,False
1773600867.1123931,606,0,0,0,0,60.694601001159754,0.0,0.02212999970652163,4.916408360992476,182.9,892.078125,False
1773600867.29819,607,0,0,0,0,60.22724700233084,0.0,0.02401799793005921,5.71647831943539,172.2,892.078125,False
1773600867.484462,608,0,0,0,0,61.09164100053022,0.0,0.023667002096772194,5.71647831943539,171.8,892.078125,False
1773600867.6709406,609,0,0,0,0,61.44484700052999,0.0,0.02351800139877014,5.71647831943539,177.0,892.078125,False
1773600867.8559716,610,0,0,0,0,59.12666499716579,0.0,0.02274100188515149,5.71647831943539,167.5,895.53125,False
1773600868.0414624,611,0,0,0,0,60.05478299994138,0.0,0.023407999833580106,5.71647831943539,167.1,892.078125,False
1773600868.2267816,612,0,0,0,0,60.07515300007071,0.0,0.02298099934705533,5.71647831943539,178.1,892.078125,False
1773600868.4120748,613,0,0,0,0,59.9483930018323,0.0,0.023426000552717596,5.386551677417656,178.1,890.640625,False
1773600868.843457,614,1,0,0,0,60.97623299865518,244.96469799851184,0.014740999176865444,5.386551677417656,190.1,857.0,True
1773600869.0295947,615,0,0,0,0,61.57407099817647,0.0,0.021962998289382085,5.386551677417656,177.3,890.75,False
1773600869.492143,616,1,1,0,0,60.75549000161118,276.9064630010689,0.03375900269020349,2.7775314828099993,175.1,861.765625,True
1773600869.9217887,617,1,1,1,1,60.4885259999719,244.59510399901774,0.038000998756615445,2.7775314828099993,190.8,858.359375,True
1773600870.3809571,618,1,1,1,0,63.53723099891795,273.3047539986728,0.03618600021582097,2.7775314828099993,222.1,858.75,True
1773600870.8110952,619,1,1,1,0,60.97917700026301,244.8320129988133,0.03646299956017174,2.2745383150222347,186.0,861.015625,True
1773600871.2401576,620,1,1,1,0,59.96620799851371,244.72604900074657,0.036112000088905916,2.2745383150222347,188.8,865.34375,True
1773600871.6696825,621,1,1,1,0,61.9215910010098,243.0446860016673,0.03599999763537198,2.2745383150222347,193.2,869.296875,True
1773600872.0985553,622,1,1,1,0,61.776015998475486,242.87098099739524,0.035834000300383195,2.3301671628391385,186.5,870.609375,True
1773600872.5278008,623,1,1,1,0,61.64227500266861,242.9952409984253,0.03674099934869446,2.3301671628391385,191.0,873.234375,True
1773600872.9687955,624,1,1,1,0,59.91641100263223,256.5959599996859,0.036704001104226336,2.3301671628391385,181.4,875.859375,True
1773600873.3986084,625,1,1,1,0,61.93825800073682,243.2791499995801,0.035555000067688525,2.307592514787273,190.8,878.484375,True
1773600873.8398077,626,1,1,1,0,61.20058599844924,255.79334299982293,0.03546299922163598,2.307592514787273,183.6,881.109375,True
1773600874.2689002,627,1,1,1,0,61.36936500115553,242.89960999885807,0.03592600114643574,2.307592514787273,188.8,883.734375,True
1773600874.7002087,628,1,1,1,0,61.423291997925844,245.38377499993658,0.035574001230997965,2.3048644648520824,187.8,886.359375,True
1773600875.1272438,629,1,1,1,0,60.12367199946311,242.38136599888094,0.03537100201356225,2.3048644648520824,194.4,888.984375,True
1773600875.5554328,630,1,1,1,0,60.404191997804446,243.0539820015838,0.03394499799469486,2.3048644648520824,189.2,891.625,True
1773600875.9842908,631,1,1,1,0,61.64497799909441,242.6157760019123,0.03516700235195458,2.3362995118672516,191.2,894.25,True
1773600876.4120586,632,1,1,1,0,60.00831900018966,242.91329600237077,0.03781499981414527,2.3362995118672516,189.4,898.15625,True
1773600876.8417506,633,1,1,1,0,61.49058799928753,243.20620499929646,0.03538900273269974,2.3362995118672516,195.5,899.40625,True
1773600877.269928,634,1,1,1,0,61.788219998561544,241.80925200198544,0.03540800025803037,2.3334685863194697,189.2,902.0625,True
1773600877.6994479,635,1,1,1,0,61.676219000219135,243.18566799775,0.03538999953889288,2.3334685863194697,188.6,906.0,True
1773600878.1280205,636,1,1,1,0,61.46058800004539,242.6134050001565,0.035258999560028315,2.3334685863194697,191.3,907.3125,True
1773600878.5573044,637,1,1,1,0,61.83033100023749,242.93507400216185,0.03431499862927012,2.3303160440316693,191.0,910.3125,True
1773600879.017523,638,1,1,1,0,64.15067999841995,274.02160999918124,0.03629700222518295,2.3303160440316693,221.6,912.21875,True
1773600879.4455888,639,1,1,1,0,60.66813800134696,242.0841429993743,0.03618499977164902,2.3303160440316693,191.6,913.53125,True
1773600879.8746202,640,1,1,1,0,61.41656899853842,243.01055599789834,0.03790800110436976,2.27736604838482,186.5,916.15625,True
1773600880.3030965,641,1,1,1,0,61.62707099792897,242.21442099951673,0.03631499930634163,2.27736604838482,191.4,918.78125,True
1773600880.7318013,642,1,1,1,0,61.450402998161735,242.8946289983287,0.03507400106173009,2.27736604838482,191.3,921.40625,True
1773600881.160474,643,1,1,1,0,61.84412800212158,242.06751300152973,0.03531499896780588,2.3330917343672213,189.0,924.03125,True
1773600881.5890448,644,1,0,1,0,61.52393999946071,242.68105299779563,0.021666997781721875,2.3330917343672213,189.0,926.6875,True
1773600882.016992,645,1,0,1,0,60.00506000054884,241.88876999687636,0.022258998797042295,2.3330917343672213,189.3,929.3125,True
1773600882.443641,646,1,0,1,0,60.091671999543905,241.84938100006548,0.021611998818116263,2.3379690463591123,189.9,931.9375,True
1773600882.8717139,647,1,0,1,0,60.62023000049521,242.16303199864342,0.02188900180044584,2.3379690463591123,191.6,934.578125,True
1773600883.058073,648,0,0,1,0,61.59966300037922,0.0,0.0331109986291267,2.3379690463591123,177.1,969.640625,False
1773600883.2438278,649,0,0,1,0,60.36574800236849,0.0,0.033093001547968015,2.3379690463591123,177.7,972.265625,False
1773600883.4293947,650,0,0,1,0,60.15495000247029,0.0,0.03214900061720982,2.3379690463591123,177.8,974.890625,False
1773600883.615242,651,0,0,1,0,60.4971739994653,0.0,0.03259200093452819,3.813511526762428,172.2,977.515625,False
1773600883.8020535,652,0,0,1,0,61.39940199864213,0.0,0.030982002499513328,3.813511526762428,165.9,980.140625,False
1773600883.988701,653,0,0,1,0,61.502014999859966,0.0,0.031333998776972294,3.813511526762428,182.2,982.765625,False
1773600884.1743476,654,0,0,1,0,60.441155001171865,0.0,0.03324099816381931,3.813511526762428,172.4,985.390625,False
1773600884.3591807,655,0,0,1,0,59.722021000197856,0.0,0.032202999136643484,3.813511526762428,173.1,988.03125,False
1773600884.5455031,656,0,0,1,0,61.32806900131982,0.0,0.032222000299952924,5.698332264954604,171.7,990.65625,False
1773600884.7323701,657,0,0,1,0,61.60706999799004,0.0,0.032797001040307805,5.698332264954604,182.0,994.59375,False
1773600884.9194176,658,0,0,1,0,64.17160599812632,0.0,0.032202999136643484,5.698332264954604,192.5,995.90625,False
1773600885.118516,659,0,0,0,0,73.30109100075788,0.0,0.03759299943340011,5.698332264954604,211.0,998.53125,False
1773600885.317932,660,0,0,0,0,73.54861099884147,0.0,0.0359820005542133,5.698332264954604,210.6,1001.15625,False
1773600885.5083964,661,0,0,0,0,65.190741999686,0.0,0.0321850020554848,5.698332264954604,194.2,1003.78125,False
1773600885.6953063,662,0,0,0,0,61.87451599907945,0.0,0.03259299774072133,4.8744394045572825,171.2,1006.40625,False
1773600885.8815958,663,0,0,0,0,61.39123600223684,0.0,0.03255599949625321,4.8744394045572825,177.1,1009.03125,False
1773600886.0682395,664,0,0,0,0,61.36925399914617,0.0,0.03342600030009635,4.8744394045572825,176.8,1011.65625,False
1773600886.253803,665,0,0,0,0,60.34304400236579,0.0,0.033370000892318785,4.8744394045572825,172.4,1014.28125,False
1773600886.440748,666,0,0,0,0,60.5713229997491,0.0,0.032500000088475645,4.8744394045572825,171.2,1016.90625,False
1773600886.6265228,667,0,0,0,0,60.61278600100195,0.0,0.03237000055378303,5.6858760820094965,177.6,1019.53125,False
1773600886.813068,668,0,0,0,0,61.28417999934754,0.0,0.03231500159017742,5.6858760820094965,176.9,1022.15625,False
1773600886.9987614,669,0,0,0,0,60.503248998429626,0.0,0.03185199966537766,5.6858760820094965,172.3,1024.78125,False
1773600888.4719875,670,0,0,0,0,61.07969700315152,0.0,0.03198199920007028,1.6255872819093982,108.6,893.53125,False
1773600888.6583104,671,0,0,0,0,60.54697099898476,0.0,0.030334002076415345,1.6255872819093982,166.4,893.53125,False
1773600888.844151,672,0,0,0,0,60.40230299913674,0.0,0.029666996852029115,1.6255872819093982,172.2,893.53125,False
1773600889.0295367,673,0,0,0,0,60.342894998029806,0.0,0.029463000828400254,1.6255872819093982,178.0,893.53125,False
1773600889.2152493,674,0,0,0,0,60.21078399862745,0.0,0.03166699752910063,1.6255872819093982,166.9,893.53125,False
1773600889.4006486,675,0,0,0,0,60.10406000132207,0.0,0.022852000256534666,1.6255872819093982,178.0,893.53125,False
1773600889.5858495,676,0,0,0,0,60.43963699994492,0.0,0.021685998945031315,5.386801879207733,172.8,893.53125,False
1773600889.7720056,677,0,0,0,0,60.70698999974411,0.0,0.02159300129278563,5.386801879207733,166.5,893.53125,False
1773600889.9581375,678,0,0,0,0,62.899412001570454,0.0,0.02383299943176098,5.386801879207733,198.8,893.53125,False
1773600890.154922,679,0,0,0,0,69.88780999745359,0.0,0.025814999389695004,5.386801879207733,198.2,893.53125,False
1773600890.3531642,680,0,0,0,0,70.7255189990974,0.0,0.024092998501146212,5.386801879207733,211.9,893.53125,False
1773600890.5442054,681,0,0,0,0,64.68955400123377,0.0,0.021129999367985874,5.386801879207733,188.4,893.53125,False
1773600890.7295237,682,0,0,0,0,60.13467199954903,0.0,0.022352000087266788,4.894932303348035,167.3,893.53125,False
1773600890.9140024,683,0,0,0,0,59.15098100012983,0.0,0.021686002583010122,4.894932303348035,173.5,893.53125,False
1773600891.0997596,684,0,0,0,0,60.04774600296514,0.0,0.02342599691473879,4.894932303348035,177.7,893.53125,False
1773600891.285651,685,0,0,0,0,60.65941600172664,0.0,0.021685998945031315,4.894932303348035,177.5,893.53125,False
1773600891.4705958,686,0,0,0,0,59.288444001140306,0.0,0.021425999875646085,4.894932303348035,173.0,893.53125,False
1773600891.655457,687,0,0,0,0,59.700076999433804,0.0,0.02292600038344972,5.724389399501302,178.5,886.96875,False
1773600891.8416638,688,0,0,0,0,61.019437001959886,0.0,0.023036998754832894,5.724389399501302,171.9,888.28125,False
1773600892.029151,689,0,0,0,0,61.908314000902465,0.0,0.02359300196985714,5.724389399501302,176.0,892.21875,False
1773600892.215727,690,0,0,0,0,61.15473399768234,0.0,0.023075001081451774,5.724389399501302,171.5,893.53125,False
1773600892.4011955,691,0,0,0,0,60.50221099940245,0.0,0.022574000468011945,5.724389399501302,177.9,893.53125,False
1773600892.5868843,692,0,0,0,0,60.63508200168144,0.0,0.02290699922014028,5.724389399501302,166.9,893.53125,False
1773600892.7738767,693,0,0,0,0,60.98519599981955,0.0,0.022352000087266788,5.364726347159869,176.5,893.53125,False
1773600892.9609418,694,0,0,0,0,61.46795799941174,0.0,0.02409300213912502,5.364726347159869,176.4,893.53125,False
1773600893.147088,695,0,0,0,0,61.49882899990189,0.0,0.02320400017197244,5.364726347159869,171.9,893.53125,False
1773600893.3339574,696,0,0,0,0,61.551606999273645,0.0,0.02350000067963265,5.364726347159869,176.6,894.84375,False
1773600893.5202217,697,0,0,0,0,61.15241899897228,0.0,0.022833999537397176,5.364726347159869,177.2,894.84375,False
1773600893.7071452,698,0,0,0,0,64.45566300317296,0.0,0.024167002266040072,5.364726347159869,197.9,894.84375,False
1773600893.9083781,699,0,0,0,0,72.33110400193254,0.0,0.026223002350889146,5.288773330576074,203.8,894.84375,False
1773600894.1063676,700,0,0,0,0,72.77271799830487,0.0,0.0259810003626626,5.288773330576074,217.2,898.296875,False
1773600894.2953987,701,0,0,0,0,64.21362399851205,0.0,0.022481999621959403,5.288773330576074,179.8,894.84375,False
1773600894.482295,702,0,0,0,0,61.635330002900446,0.0,0.021980999008519575,5.288773330576074,176.6,894.84375,False
1773600894.668226,703,0,0,0,0,61.02562199885142,0.0,0.02183399919886142,5.288773330576074,182.9,898.296875,False
1773600894.8521035,704,0,0,0,0,58.67979200047557,0.0,0.021777999791083857,5.288773330576074,163.2,898.296875,False
1773600895.037613,705,0,0,0,0,60.05091200131574,0.0,0.02268499883939512,4.965784271846683,177.9,894.84375,False
1773600895.222603,706,0,0,0,0,59.887837000133004,0.0,0.02298099934705533,4.965784271846683,167.6,894.84375,False
1773600895.4073577,707,0,0,0,0,59.42314899948542,0.0,0.021203999494900927,4.965784271846683,178.6,898.296875,False
1773600895.5939376,708,0,0,0,0,60.825324999314034,0.0,0.022370000806404278,4.965784271846683,166.1,894.84375,False
1773600895.7804742,709,0,0,0,0,60.887713996635284,0.0,0.022241001715883613,4.965784271846683,182.3,898.296875,False
1773600895.9666529,710,0,0,0,0,60.675878998154076,0.0,0.022815002012066543,5.706708161493306,166.5,894.84375,False
1773600896.1529365,711,0,0,0,0,61.20667800132651,0.0,0.02405600025667809,5.706708161493306,177.1,894.84375,False
1773600896.3390543,712,0,0,0,0,60.628785999142565,0.0,0.021203999494900927,5.706708161493306,171.9,898.296875,False
1773600896.5250955,713,0,0,0,0,60.902954999619396,0.0,0.02409200169495307,5.706708161493306,166.6,894.84375,False
1773600896.7114573,714,0,0,0,0,61.12099399979343,0.0,0.023870998120401055,5.706708161493306,177.1,894.84375,False
1773600896.8978918,715,0,0,0,0,61.40812400190043,0.0,0.023980999685591087,5.706708161493306,182.4,893.546875,False
1773600897.0848522,716,0,0,0,0,61.63375600226573,0.0,0.02411100285826251,5.3657340708586325,171.2,893.546875,False
1773600897.2704136,717,0,0,0,0,60.3538950017537,0.0,0.021055999241070822,5.3657340708586325,172.5,897.0,False
1773600897.4567258,718,0,0,0,0,63.457268002821365,0.0,0.025314999220427126,5.3657340708586325,198.6,893.546875,False
1773600897.6621256,719,0,0,0,0,72.62329099830822,0.0,0.02601899905130267,5.3657340708586325,204.5,893.546875,False
1773600897.86126,720,0,0,0,0,73.91066999844043,0.0,0.0276850005320739,5.3657340708586325,210.9,893.546875,False
1773600898.0526788,721,0,0,0,0,65.70343099883758,0.0,0.023111002519726753,5.3657340708586325,188.1,893.546875,False
1773600898.2385054,722,0,0,0,0,60.857899003167404,0.0,0.02214900086983107,4.851603064454786,182.9,897.0,False
1773600898.4237146,723,0,0,0,0,60.314709997328464,0.0,0.02327800029888749,4.851603064454786,167.4,893.546875,False
1773600898.6103,724,0,0,0,0,61.21680900105275,0.0,0.024406999727943912,4.851603064454786,176.9,893.546875,False
1773600898.7965443,725,0,0,0,0,60.936917001527036,0.0,0.02329600101802498,4.851603064454786,182.6,893.546875,False
1773600898.9828184,726,0,0,0,0,60.76645400025882,0.0,0.021537001885008067,4.851603064454786,161.0,897.0,False
1773600899.168604,727,0,0,0,0,60.25708000015584,0.0,0.02324099841644056,5.697393095026417,177.7,893.546875,False
1773600899.3540003,728,0,0,0,0,60.2102279990504,0.0,0.023148000764194876,5.697393095026417,167.2,893.546875,False
1773600899.5392535,729,0,0,0,0,60.040059997845674,0.0,0.023869997676229104,5.697393095026417,178.1,893.546875,False
1773600899.7258,730,0,0,0,0,61.24599399845465,0.0,0.02325899913557805,5.697393095026417,176.9,893.546875,False
1773600899.912217,731,0,0,0,0,61.28449500101851,0.0,0.023055999918142334,5.697393095026417,177.0,893.421875,False
1773600900.0986457,732,0,0,0,0,61.179623000498395,0.0,0.022815002012066543,5.697393095026417,171.6,893.421875,False
1773600900.285191,733,0,0,0,0,61.4174219990673,0.0,0.023018998035695404,5.373289742039294,171.5,893.421875,False
1773600900.7274458,734,1,0,0,0,61.67112600087421,255.41898899973603,0.014834000467089936,5.373289742039294,187.7,861.0,True
1773600901.1553595,735,2,0,0,0,61.50055100079044,241.61699100295664,0.014482000551652163,5.373289742039294,191.6,861.0,True
1773600901.5842128,736,1,0,0,0,61.49349599945708,242.82412899992778,0.014778001059312373,2.309403926252727,188.9,861.015625,True
1773600902.0087423,737,1,0,0,0,58.62010700002429,241.7433059999894,0.014592998923035339,2.309403926252727,190.8,861.015625,True
1773600902.4698353,738,1,1,0,0,64.11641999875428,274.8661909972725,0.03483399996184744,2.309403926252727,219.0,860.96875,True
1773600902.8989127,739,1,1,1,1,61.964573000295786,242.3884590025409,0.036704001104226336,2.2818527693250688,191.1,860.96875,True
1773600903.3257997,740,1,1,1,0,59.344907000195235,242.46236699764268,0.03516699871397577,2.2818527693250688,187.4,860.96875,True
1773600903.7545803,741,1,1,1,0,61.70107099751476,242.32745799963595,0.03596299939090386,2.2818527693250688,191.2,863.59375,True
1773600904.183423,742,1,1,1,0,61.72757099921,242.50749700149754,0.034519001928856596,2.3355514700081947,191.2,866.28125,True
1773600904.6128128,743,1,1,1,0,61.72399699789821,243.1434829995851,0.03607400140026584,2.3355514700081947,188.6,868.84375,True
1773600905.041993,744,1,1,1,0,61.66897900038748,242.70499799968093,0.03533400013111532,2.3355514700081947,188.7,871.46875,True
1773600905.4709187,745,1,1,1,0,61.452107001969125,242.99811100354418,0.03546299922163598,2.330106752708817,191.2,874.09375,True
1773600905.901164,746,1,0,1,0,62.073778000922175,243.4128540007805,0.021389001631177962,2.330106752708817,188.3,876.71875,True
1773600906.3281157,747,1,1,1,0,59.474833997228416,242.8530370016233,0.035796998417936265,2.330106752708817,187.4,879.40625,True
1773600906.7574415,748,1,1,1,0,60.515600998769514,243.93680299908738,0.03672299862955697,2.3318676976893906,188.7,882.03125,True
1773600907.1863902,749,1,1,1,0,61.09849299900816,242.84238799737068,0.03561199991963804,2.3318676976893906,191.2,884.65625,True
1773600907.615461,750,1,1,1,0,61.384753997117514,242.81001800045487,0.03507399742375128,2.3318676976893906,188.8,887.28125,True
1773600908.04472,751,1,1,1,0,61.778996998327784,242.62170200017863,0.03503699917928316,2.3305012010971935,193.4,889.90625,True
1773600908.4733577,752,1,1,1,0,61.673590000282275,242.25756899977569,0.03561099947546609,2.3305012010971935,186.6,892.53125,True
1773600908.902368,753,1,1,1,0,62.084703000437,242.2038650001923,0.0360550002369564,2.3305012010971935,188.8,895.15625,True
1773600909.330706,754,1,1,1,0,61.629588999494445,241.91584499931196,0.03531499896780588,2.3328395581756745,191.4,897.71875,True
1773600909.7598484,755,1,1,1,0,61.759367999911774,242.80564699802198,0.0357409990101587,2.3328395581756745,188.8,900.34375,True
1773600910.1882553,756,1,1,1,0,61.481272998207714,242.37823600196862,0.034723001590464264,2.3328395581756745,189.1,902.96875,True
1773600910.6184385,757,1,1,1,0,60.15169099919149,245.75948200072162,0.03518499943311326,2.3296826754860605,186.0,905.59375,True
1773600911.0815916,758,1,1,1,0,62.61002200335497,278.41719500065665,0.03524100247886963,2.3296826754860605,222.4,908.21875,True
1773600911.5134137,759,1,0,1,0,64.42771799993352,242.6835160003975,0.021926000044913962,2.3296826754860605,192.2,910.859375,True
1773600911.9421337,760,1,1,1,0,60.6231010024203,243.47292899983586,0.03772200216189958,2.2663807629163264,191.3,913.59375,True
1773600912.3697178,761,1,1,1,0,60.79789900104515,242.18184600249515,0.03572200148482807,2.2663807629163264,189.4,916.265625,True
1773600912.8626611,762,1,0,1,0,61.14995700045256,307.37460700038355,0.02183399919886142,2.2663807629163264,176.5,918.890625,True
1773600913.0478647,763,0,0,1,0,61.07214100120473,0.0,0.0325740002153907,2.713203949062221,172.8,953.953125,False
1773600913.2335944,764,0,0,1,0,60.630193998804316,0.0,0.031722000130685046,2.713203949062221,183.1,956.578125,False
1773600913.4193609,765,0,0,1,0,60.396729000785854,0.0,0.03201900108251721,2.713203949062221,166.9,959.203125,False
1773600913.6063313,766,0,0,1,0,61.34875399948214,0.0,0.03281499812146649,2.713203949062221,181.9,961.828125,False
1773600913.792306,767,0,0,1,0,60.59258300228976,0.0,0.032037001801654696,2.713203949062221,177.4,964.453125,False
1773600913.9787211,768,0,0,1,0,60.80965799992555,0.0,0.03272300091339275,2.713203949062221,166.3,967.078125,False
1773600914.1647716,769,0,0,1,0,60.94578799820738,0.0,0.07092599844327196,5.371962667095869,177.4,969.703125,False
1773600914.351191,770,0,0,1,0,60.75334300112445,0.0,0.031703999411547557,5.371962667095869,177.0,972.328125,False
1773600914.5370936,771,0,0,1,0,60.733231002814136,0.0,0.03150100019411184,5.371962667095869,177.5,974.953125,False
1773600914.7231095,772,0,0,1,0,60.784935998526635,0.0,0.03346399898873642,5.371962667095869,177.4,977.578125,False
1773600914.909465,773,0,0,1,0,61.32662399977562,0.0,0.031629999284632504,5.371962667095869,182.4,980.203125,False
1773600915.0954764,774,0,0,1,0,60.96106599943596,0.0,0.03287100116722286,5.371962667095869,177.4,982.828125,False
1773600915.2824621,775,0,0,1,0,61.619422001967905,0.0,0.03255499905208126,5.368237287730657,181.8,985.453125,False
1773600915.4697518,776,0,0,1,0,61.99738800205523,0.0,0.032815001759445295,5.368237287730657,176.2,988.078125,False
1773600915.6562073,777,0,0,0,0,61.38473499959218,0.0,0.032203999580815434,5.368237287730657,182.4,990.703125,False
1773600915.8419268,778,0,0,0,0,62.87683799746446,0.0,0.031723000574857,5.368237287730657,193.8,993.328125,False
1773600916.0403707,779,0,0,0,0,72.96638600018923,0.0,0.036092998925596476,5.368237287730657,196.5,995.953125,False
1773600916.2388105,780,0,0,0,0,73.23573900066549,0.0,0.036574998375726864,5.368237287730657,216.7,998.578125,False
1773600916.4292037,781,0,0,0,0,64.98003700107802,0.0,0.03183399894624017,4.905346767910177,189.1,1001.203125,False
1773600916.6146176,782,0,0,0,0,60.665768000035314,0.0,0.032740997994551435,4.905346767910177,167.2,1003.828125,False
1773600916.800175,783,0,0,0,0,60.80997300159652,0.0,0.031906998628983274,4.905346767910177,183.2,1006.453125,False
1773600916.9858296,784,0,0,0,0,60.10144899846637,0.0,0.031610998121323064,4.905346767910177,167.0,1009.078125,False
1773600917.171096,785,0,0,0,0,59.99302300187992,0.0,0.0310180002998095,4.905346767910177,172.7,1011.703125,False
1773600917.3573291,786,0,0,0,0,60.844935000204714,0.0,0.031889998354017735,5.68410125477537,171.8,1014.328125,False
1773600917.5440826,787,0,0,0,0,61.68001599871786,0.0,0.03268500222475268,5.68410125477537,176.7,1016.953125,False
1773600918.945462,788,0,0,0,0,61.08943700019154,0.0,0.03183300214004703,1.2593329201915824,109.9,894.890625,False
1773600919.1287096,789,0,0,0,0,58.34590100130299,0.0,0.03129700053250417,1.2593329201915824,174.6,894.890625,False
1773600919.3119917,790,0,0,0,0,58.27999300163356,0.0,0.030871000490151346,1.2593329201915824,163.7,894.890625,False
1773600919.4961295,791,0,0,0,0,59.12531399735599,0.0,0.029759001336060464,1.2593329201915824,179.2,894.890625,False
1773600919.6817865,792,0,0,0,0,60.60471199816675,0.0,0.031167000997811556,1.2593329201915824,167.0,894.890625,False
1773600919.866701,793,0,0,0,0,59.65596500027459,0.0,0.02324100205441937,1.2593329201915824,178.5,894.890625,False
1773600920.051546,794,0,0,0,0,59.8149290017318,0.0,0.022778000129619613,5.424709480913365,167.7,894.890625,False
1773600920.2346392,795,0,0,0,0,58.24269599906984,0.0,0.02181499803555198,5.424709480913365,174.8,894.890625,False
1773600920.4185612,796,0,0,0,0,59.013054000388365,0.0,0.022758998966310173,5.424709480913365,174.0,894.890625,False
1773600920.6038146,797,0,0,0,0,59.98176299908664,0.0,0.022036998416297138,5.424709480913365,183.5,894.890625,False
1773600920.788176,798,0,0,0,0,61.49845799882314,0.0,0.020315001165727153,5.424709480913365,195.3,894.90625,False
1773600920.9853718,799,0,0,0,0,71.54384000023128,0.0,0.023184999008663,5.424709480913365,213.0,894.90625,False
1773600921.182901,800,0,0,0,0,71.90919399727136,0.0,0.022555999748874456,5.303448698795683,212.6,894.90625,False
1773600921.3754215,801,0,0,0,0,66.54050999713945,0.0,0.021926000044913962,5.303448698795683,192.2,894.90625,False
1773600921.5594096,802,0,0,0,0,59.071683001093334,0.0,0.022852000256534666,5.303448698795683,173.9,894.90625,False
1773600921.7453194,803,0,0,0,0,60.647212998446776,0.0,0.022019001335138455,5.303448698795683,188.3,894.90625,False
1773600921.9290526,804,0,0,0,0,58.37538299965672,0.0,0.02238899833173491,5.303448698795683,168.7,894.90625,False
1773600922.1150088,805,0,0,0,0,60.38821100082714,0.0,0.021427000319818035,5.303448698795683,172.1,894.90625,False
1773600922.299735,806,0,0,0,0,58.79045999972732,0.0,0.02098199911415577,5.372237892367061,173.2,894.90625,False
1773600922.485222,807,0,0,0,0,60.42863699985901,0.0,0.023611999495187774,5.372237892367061,172.5,888.46875,False
1773600922.672346,808,0,0,0,0,61.69831200168119,0.0,0.023130000045057386,5.372237892367061,171.0,891.09375,False
1773600922.8586931,809,0,0,0,0,61.12803000360145,0.0,0.022666001314064488,5.372237892367061,171.7,891.09375,False
1773600923.0436192,810,0,0,0,0,59.8088180013292,0.0,0.022815002012066543,5.372237892367061,178.4,891.09375,False
1773600923.2299967,811,0,0,0,0,61.01458500052104,0.0,0.02211099854321219,5.372237892367061,171.7,891.09375,False
1773600923.415599,812,0,0,0,0,60.50084099842934,0.0,0.022852000256534666,5.37699112018939,183.2,891.109375,False
1773600923.6018424,813,0,0,0,0,60.95551099861041,0.0,0.023185002646641806,5.37699112018939,177.2,891.109375,False
1773600923.7869003,814,0,0,0,0,59.49396399955731,0.0,0.02351900184294209,5.37699112018939,178.3,891.109375,False
1773600923.972546,815,0,0,0,0,60.43406300159404,0.0,0.023760003386996686,5.37699112018939,172.4,891.109375,False
1773600924.1592822,816,0,0,0,0,61.431494999851566,0.0,0.02161100201192312,5.37699112018939,182.0,891.109375,False
1773600924.345206,817,0,0,0,0,61.24540199743933,0.0,0.02350000067963265,5.37699112018939,177.5,891.109375,False
1773600924.5317693,818,0,0,0,0,63.87978900238522,0.0,0.023389002308249474,5.3755692063984375,193.0,891.109375,False
1773600924.7297304,819,0,0,0,0,71.75813699723221,0.0,0.02625900015118532,5.3755692063984375,212.2,891.109375,False
1773600924.9287405,820,0,0,0,0,73.93061400216538,0.0,0.02429599771858193,5.3755692063984375,211.0,891.109375,False
1773600925.11982,821,0,0,0,0,65.66109699997469,0.0,0.023814998712623492,5.3755692063984375,193.6,891.109375,False
1773600925.3054452,822,0,0,0,0,60.45291500049643,0.0,0.02292599674547091,5.3755692063984375,177.8,891.109375,False
1773600925.4916556,823,0,0,0,0,60.931010000786046,0.0,0.023684999177930877,5.3755692063984375,177.2,891.109375,False
1773600925.678545,824,0,0,0,0,61.38840299900039,0.0,0.021666000975528732,4.887599192777225,165.9,891.109375,False
1773600925.8640785,825,0,0,0,0,60.71436099955463,0.0,0.022443997295340523,4.887599192777225,177.9,891.109375,False
1773600926.050275,826,0,0,0,0,60.93771399901016,0.0,0.022889002138981596,4.887599192777225,177.2,891.109375,False
1773600926.236759,827,0,0,0,0,60.9545099978277,0.0,0.05807400157209486,4.887599192777225,171.6,891.109375,False
1773600926.4223585,828,0,0,0,0,60.35187700035749,0.0,0.021981999452691525,4.887599192777225,177.8,889.796875,False
1773600926.608084,829,0,0,0,0,60.723156999301864,0.0,0.023036998754832894,5.696268562629401,172.3,891.109375,False
1773600926.7941942,830,0,0,0,0,60.759767999115866,0.0,0.02292600038344972,5.696268562629401,177.3,891.109375,False
1773600926.980465,831,0,0,0,0,61.09858499985421,0.0,0.02320400017197244,5.696268562629401,177.2,891.109375,False
1773600927.1664503,832,0,0,0,0,60.82604699986405,0.0,0.02237099761259742,5.696268562629401,172.1,891.109375,False
1773600927.3521178,833,0,0,0,0,60.446192997915205,0.0,0.022555999748874456,5.696268562629401,177.7,891.109375,False
1773600927.5368457,834,0,0,0,0,59.48463100139634,0.0,0.022222000552574173,5.696268562629401,173.2,894.5625,False
1773600927.722679,835,0,0,0,0,60.48167400149396,0.0,0.02429599771858193,5.383182559958006,177.6,891.109375,False
1773600927.908068,836,0,0,0,0,60.364729000866646,0.0,0.02209199737990275,5.383182559958006,178.0,894.5625,False
1773600928.0944633,837,0,0,0,0,61.24703100067563,0.0,0.02300100095453672,5.383182559958006,182.4,891.109375,False
1773600928.2800653,838,0,0,0,0,62.615261998871574,0.0,0.024110999220283702,5.383182559958006,188.6,891.109375,False
1773600928.4801388,839,0,0,0,0,71.08903999687755,0.0,0.026962999982060865,5.383182559958006,209.9,891.109375,False
1773600928.6791363,840,0,0,0,0,73.49451900154236,0.0,0.02711200068006292,5.383182559958006,211.1,891.109375,False
1773600928.8698447,841,0,0,0,0,64.65942399881897,0.0,0.022480999177787453,4.902815793731023,183.5,891.109375,False
1773600929.056243,842,0,0,0,0,61.124271000153385,0.0,0.02329600101802498,4.902815793731023,171.7,891.109375,False
1773600929.2427049,843,0,0,0,0,60.893899000802776,0.0,0.02355600008741021,4.902815793731023,171.6,891.109375,False
1773600929.4294782,844,0,0,0,0,61.31414199990104,0.0,0.02324100205441937,4.902815793731023,176.7,891.109375,False
1773600929.6153822,845,0,0,0,0,60.35080299989204,0.0,0.02211099854321219,4.902815793731023,166.8,891.109375,False
1773600929.8015256,846,0,0,0,0,60.71945299845538,0.0,0.022054999135434628,5.665552654145151,177.3,891.109375,False
1773600929.9871547,847,0,0,0,0,60.400154998205835,0.0,0.022778000129619613,5.665552654145151,177.8,891.109375,False
1773600930.1730542,848,0,0,0,0,60.53343399980804,0.0,0.023426000552717596,5.665552654145151,172.1,889.71875,False
1773600930.3590965,849,0,0,0,0,60.664027001621434,0.0,0.02320400017197244,5.665552654145151,172.0,891.03125,False
1773600930.5447085,850,0,0,0,0,59.89055900136009,0.0,0.02322300133528188,5.665552654145151,172.4,891.03125,False
1773600930.7296786,851,0,0,0,0,59.609612999338424,0.0,0.023684999177930877,5.665552654145151,173.0,892.34375,False
1773600930.9160976,852,0,0,0,0,60.645787001703866,0.0,0.021425999875646085,5.383275833744045,166.3,895.796875,False
1773600931.10134,853,0,0,0,0,59.902152002905495,0.0,0.02212899926234968,5.383275833744045,167.3,892.34375,False
1773600931.286867,854,0,0,0,0,60.304266000457574,0.0,0.02183299875468947,5.383275833744045,172.5,892.34375,False
1773600931.471287,855,0,0,0,0,59.221870000328636,0.0,0.021888998162467033,5.383275833744045,173.5,895.796875,False
1773600931.6567512,856,0,0,0,0,60.02498599991668,0.0,0.02272200072184205,5.383275833744045,172.5,892.34375,False
1773600931.8420975,857,0,0,0,0,60.11689400111209,0.0,0.021758998627774417,5.383275833744045,167.3,892.34375,False
1773600932.027778,858,0,0,0,0,62.73541199698229,0.0,0.025167002604575828,5.397292027153505,193.9,892.34375,False
1773600932.2275748,859,0,0,0,0,73.83126100103254,0.0,0.026851997972698882,5.397292027153505,210.2,892.34375,False
1773600932.4258318,860,0,0,0,0,72.63449499805574,0.0,0.029685001209145412,5.397292027153505,211.8,895.796875,False
1773600932.6165738,861,0,0,0,0,64.2441809977754,0.0,0.020332998246885836,5.397292027153505,183.5,895.796875,False
1773600932.8020153,862,0,0,0,0,59.88854099996388,0.0,0.02066599699901417,5.397292027153505,183.3,895.796875,False
1773600932.986989,863,0,0,0,0,59.828115001437254,0.0,0.02359200152568519,5.397292027153505,167.6,892.34375,False
1773600933.1726813,864,0,0,0,0,60.26070999723743,0.0,0.02463000055286102,4.891155766072766,177.7,892.34375,False
1773600933.3581862,865,0,0,0,0,60.25774699810427,0.0,0.02385200059507042,4.891155766072766,177.9,892.34375,False
1773600933.5437374,866,0,0,0,0,60.24774700199487,0.0,0.024110999220283702,4.891155766072766,177.8,892.34375,False
1773600933.729321,867,0,0,0,0,60.08024599941564,0.0,0.021722000383306295,4.891155766072766,172.4,892.34375,False
1773600933.9148812,868,0,0,0,0,60.245728000154486,0.0,0.02257499727420509,4.891155766072766,172.5,892.34375,False
1773600934.1002493,869,0,0,0,0,60.011503999703564,0.0,0.023314998543355614,5.713027660227983,172.6,892.34375,False
1773600934.2863946,870,0,0,0,0,60.53282199718524,0.0,0.02270299955853261,5.713027660227983,182.7,891.03125,False
1773600934.4714823,871,0,0,0,0,59.9393369993777,0.0,0.022202999389264733,5.713027660227983,172.9,891.0,False
1773600934.657992,872,0,0,0,0,61.20847599959234,0.0,0.022740998247172683,5.713027660227983,176.9,891.0,False
1773600934.8436043,873,0,0,0,0,59.9298560009629,0.0,0.022518001060234383,5.713027660227983,172.4,891.0,False
1773600935.0295098,874,0,0,0,0,60.63821199859376,0.0,0.022944001102587208,5.713027660227983,166.7,891.0,False
1773600935.2138276,875,0,0,0,0,59.45105600039824,0.0,0.023093001800589263,5.388070540840515,173.6,891.0,False
1773600935.3994195,876,0,0,0,0,59.74711400267552,0.0,0.022944001102587208,5.388070540840515,172.4,891.0,False
1773600935.584553,877,0,0,0,0,60.06676399920252,0.0,0.023036998754832894,5.388070540840515,178.3,891.0,False
1773600935.771226,878,0,0,0,0,62.91404199873796,0.0,0.024258999474113807,5.388070540840515,192.8,891.0,False
1773600935.969753,879,0,0,0,0,69.1847689995484,0.0,0.025926001399056986,5.388070540840515,201.5,891.0,False
1773600936.4139216,880,1,0,0,0,70.62903699988965,247.6802340024733,0.014796998584643006,4.166268347039105,216.1,858.515625,True
1773600936.8428175,881,1,1,0,0,61.356476002401905,243.113167998672,0.033074000384658575,4.166268347039105,191.2,858.515625,True
1773600937.2715943,882,1,1,1,1,61.47358900125255,242.76653600099962,0.036130000808043405,4.166268347039105,188.9,858.53125,True
1773600937.7014613,883,1,1,1,0,61.51347699778853,243.586503998813,0.037148998671909794,2.330005788483695,190.8,859.84375,True
1773600938.1309485,884,1,1,1,0,61.35392099895398,243.23255700073787,0.03592600114643574,2.330005788483695,188.6,862.40625,True
1773600938.5596206,885,1,1,1,0,61.289586999919266,242.81388700183015,0.036944999010302126,2.330005788483695,193.6,863.734375,True
1773600938.989298,886,1,1,1,0,61.34453100094106,243.41852200086578,0.0361299971700646,2.329494629609985,190.8,867.609375,True
1773600939.4185581,887,1,1,1,0,61.37173599927337,242.8992040004232,0.0360550002369564,2.329494629609985,188.7,868.921875,True
1773600939.8483858,888,1,1,1,0,61.606496001331834,243.11879800006864,0.036926001484971493,2.329494629609985,190.8,872.859375,True
1773600940.2760525,889,1,1,1,0,60.13100500058499,242.63296100252774,0.036092998925596476,2.3314628507710666,189.4,875.421875,True
1773600940.704012,890,1,1,1,0,60.09870799971395,243.0676299991319,0.034759003028739244,2.3314628507710666,189.3,878.046875,True
1773600941.1320982,891,1,1,1,0,60.798490998422494,242.1911800011003,0.035499997466104105,2.3314628507710666,189.2,879.359375,True
1773600941.561203,892,1,1,1,0,61.26625400065677,243.1158340004913,0.036407000152394176,2.3343439061937072,191.1,883.296875,True
1773600941.989259,893,1,1,1,0,60.68239699743572,242.9159260027518,0.03576000017346814,2.3343439061937072,189.2,885.921875,True
1773600942.4181426,894,1,1,1,0,61.53832999916631,242.79851699975552,0.03629699858720414,2.3343439061937072,191.2,888.546875,True
1773600942.8465705,895,1,1,1,0,60.72525000126916,243.29381700226804,0.035258999560028315,2.333964606884752,189.1,891.171875,True
1773600943.2739258,896,1,1,1,0,59.94176399690332,242.88785099997767,0.03631499930634163,2.333964606884752,191.9,893.796875,True
1773600943.701905,897,1,1,1,0,60.47647000013967,243.04250099885394,0.03596299939090386,2.333964606884752,189.3,896.546875,True
1773600944.1861923,898,1,1,1,0,63.958401002309984,298.00569399958476,0.03576000017346814,2.2394416431205966,227.1,899.28125,True
1773600944.6140263,899,1,1,1,0,60.268802000791766,242.86551800105372,0.03535200085025281,2.2394416431205966,187.0,900.59375,True
1773600945.0417254,900,1,1,1,0,60.7039349997649,242.1789030013315,0.03557399759301916,2.2394416431205966,187.0,904.53125,True
1773600945.470685,901,1,1,1,0,61.6745709994575,242.85129499912728,0.03444499816396274,2.3355497359750492,191.2,905.78125,True
1773600945.89817,902,1,1,1,0,60.52045300020836,242.40125600044848,0.03650000144261867,2.3355497359750492,189.5,909.734375,True
1773600946.3269546,903,1,1,1,0,60.983621999184834,243.50467000112985,0.03600100171752274,2.3355497359750492,191.2,912.359375,True
1773600946.7546859,904,1,1,1,0,60.51909999951022,242.65603499952704,0.03544499850249849,2.336450479270008,189.4,914.984375,True
1773600947.1811764,905,1,1,1,0,60.66156400265754,241.59525000141002,0.03629599814303219,2.336450479270008,189.9,917.609375,True
1773600947.6092002,906,1,1,1,0,60.0713009989704,242.6804050010105,0.03575899972929619,2.336450479270008,191.6,920.234375,True
1773600948.0381548,907,1,1,1,0,61.53501500011771,242.7610539998568,0.035536999348551035,2.3374183486115827,186.5,922.859375,True
1773600948.465748,908,1,1,1,0,60.509767001349246,242.28949499956798,0.034759003028739244,2.3374183486115827,191.8,925.484375,True
1773600948.8940074,909,1,1,1,0,61.31579000066267,242.27375400005258,0.03531499896780588,2.3374183486115827,189.1,928.109375,True
1773600949.3212986,910,1,0,1,0,60.78274999890709,241.75525100145023,0.022222000552574173,2.3380094468654233,191.9,930.75,True
1773600949.7527778,911,1,0,1,0,60.39717399835354,246.44463400181849,0.021797000954393297,2.3380094468654233,187.7,933.375,True
1773600950.1794894,912,1,0,1,0,60.21078399862745,241.87508599788998,0.02274100188515149,2.3380094468654233,187.5,936.0,True
1773600950.3639882,913,0,0,1,0,59.80466999972123,0.0,0.032555002690060064,2.8772529645082203,173.5,969.75,False
1773600950.5498435,914,0,0,1,0,60.229375998460455,0.0,0.030851999326841906,2.8772529645082203,177.6,973.6875,False
1773600950.7343,915,0,0,1,0,59.64572399898316,0.0,0.032740997994551435,2.8772529645082203,168.1,975.0,False
1773600950.9198637,916,0,0,1,0,60.59493499924429,0.0,0.032241001463262364,2.8772529645082203,177.8,978.9375,False
1773600951.1053927,917,0,0,1,0,60.28715399952489,0.0,0.032500000088475645,2.8772529645082203,172.5,980.25,False
1773600951.2906234,918,0,0,1,0,62.580595000326866,0.0,0.033592998079257086,2.8772529645082203,194.4,984.1875,False
1773600951.4930875,919,0,0,1,0,71.60189600108424,0.0,0.03925899727619253,5.3140966447641125,207.5,985.5,False
1773600951.6920028,920,0,0,1,0,73.56551900011254,0.0,0.03646299956017174,5.3140966447641125,216.2,989.4375,False
1773600951.8805397,921,0,0,1,0,63.164061997667886,0.0,0.03270399975008331,5.3140966447641125,196.3,990.75,False
1773600952.0660152,922,0,0,1,0,60.233764997974504,0.0,0.03238899807911366,5.3140966447641125,177.9,994.6875,False
1773600952.2508903,923,0,0,1,0,59.51687199922162,0.0,0.03213000309187919,5.3140966447641125,167.7,996.0,False
1773600952.4371724,924,0,0,1,0,60.56324900055188,0.0,0.03242700040573254,5.3140966447641125,166.4,999.9375,False
1773600952.6233943,925,0,0,0,0,60.94782600121107,0.0,0.032500000088475645,4.963279834616664,171.8,1001.25,False
1773600952.809376,926,0,0,0,0,60.63336100123706,0.0,0.03368499892530963,4.963279834616664,177.4,1005.1875,False
1773600952.9953578,927,0,0,0,0,60.67517599876737,0.0,0.03227799970773049,4.963279834616664,177.4,1006.5,False
1773600953.1809015,928,0,0,0,0,59.93135500102653,0.0,0.031907999073155224,4.963279834616664,172.5,1010.4375,False
1773600953.365972,929,0,0,0,0,59.977226999762934,0.0,0.03298099909443408,4.963279834616664,178.3,1011.75,False
1773600953.5517895,930,0,0,0,0,60.86369499826105,0.0,0.03233399911550805,5.707069231864746,177.6,1015.6875,False
1773600953.7365334,931,0,0,0,0,59.86403999850154,0.0,0.03183300214004703,5.707069231864746,178.7,1017.0,False
1773600953.9218776,932,0,0,0,0,60.08254200060037,0.0,0.02981499710585922,5.707069231864746,172.6,1020.9375,False
1773600954.1074145,933,0,0,0,0,60.65447199944174,0.0,0.03355499939061701,5.707069231864746,177.9,1022.25,False
1773600954.2928245,934,0,0,0,0,60.350376999849686,0.0,0.033352000173181295,5.707069231864746,172.6,1026.203125,False
1773600954.4791915,935,0,0,0,0,61.32930899912026,0.0,0.03187000038451515,5.707069231864746,177.1,1028.828125,False
1773600955.9648302,936,0,0,0,0,61.35549399914453,0.0,0.03188900154782459,2.486475409795572,108.4,891.015625,False
1773600956.1488466,937,0,0,0,0,58.31127099736477,0.0,0.03162900247843936,2.486475409795572,179.3,891.015625,False
1773600956.3326814,938,0,0,0,0,60.90471399875241,0.0,0.0324079992424231,2.486475409795572,195.9,891.015625,False
1773600956.5316064,939,0,0,0,0,71.58206200256245,0.0,0.03788899994106032,2.486475409795572,206.1,891.015625,False
1773600956.7294633,940,0,0,0,0,72.43036299769301,0.0,0.03703699985635467,2.486475409795572,217.3,891.015625,False
1773600956.9199286,941,0,0,0,0,64.94410999948741,0.0,0.021926000044913962,2.486475409795572,194.2,891.015625,False
1773600957.1051667,942,0,0,0,0,60.12598600136698,0.0,0.021945001208223403,4.910871910467033,172.7,891.015625,False
1773600957.2872164,943,0,0,0,0,57.18291100129136,0.0,0.021500000002561137,4.910871910467033,181.3,891.015625,False
1773600957.471006,944,0,0,0,0,58.21828900297987,0.0,0.021981999452691525,4.910871910467033,174.1,891.015625,False
1773600957.6564088,945,0,0,0,0,60.22539499826962,0.0,0.021444000594783574,4.910871910467033,172.6,891.015625,False
1773600957.840117,946,0,0,0,0,58.07865899987519,0.0,0.02242600021418184,4.910871910467033,168.7,891.015625,False
1773600958.0249014,947,0,0,0,0,59.68255799962208,0.0,0.021610998373944312,5.758721036000382,178.6,891.015625,False
1773600958.2105436,948,0,0,0,0,60.41569300214178,0.0,0.022111002181190997,5.758721036000382,172.4,891.015625,False
1773600958.3951123,949,0,0,0,0,59.28983299963875,0.0,0.023444001271855086,5.758721036000382,184.2,891.015625,False
1773600958.581126,950,0,0,0,0,60.526970999490004,0.0,0.02161100201192312,5.758721036000382,172.0,891.015625,False
1773600958.7647367,951,0,0,0,0,58.521014001598815,0.0,0.022480999177787453,5.758721036000382,179.7,891.015625,False
1773600958.9477668,952,0,0,0,0,57.772377997025615,0.0,0.02159300129278563,5.758721036000382,174.8,891.015625,False
1773600959.1337013,953,0,0,0,0,60.7787869994354,0.0,0.023075001081451774,5.411268530541971,172.1,888.515625,False
1773600959.3200085,954,0,0,0,0,61.19102999946335,0.0,0.02292600038344972,5.411268530541971,171.8,889.828125,False
1773600959.5058258,955,0,0,0,0,60.96969599821023,0.0,0.02298199979122728,5.411268530541971,172.2,892.453125,False
1773600959.6922731,956,0,0,0,0,61.08571499862592,0.0,0.023055999918142334,5.411268530541971,177.0,893.765625,False
1773600959.8776875,957,0,0,0,0,60.26185800146777,0.0,0.021889998606638983,5.411268530541971,167.2,895.078125,False
1773600960.0635083,958,0,0,0,0,63.029320001078304,0.0,0.024797001970000565,5.411268530541971,193.7,895.078125,False
1773600960.2594326,959,0,0,0,0,69.95214400012628,0.0,0.02666700311237946,5.330002217496364,209.3,895.078125,False
1773600960.4572496,960,0,0,0,0,72.18237999768462,0.0,0.02635200144140981,5.330002217496364,207.3,898.53125,False
1773600960.648104,961,0,0,0,0,64.56238600003417,0.0,0.02374099858570844,5.330002217496364,188.6,895.09375,False
1773600960.8331108,962,0,0,0,0,59.836522003024584,0.0,0.022500000341096893,5.330002217496364,173.0,898.546875,False
1773600961.0184379,963,0,0,0,0,60.20702399837319,0.0,0.02161100201192312,5.330002217496364,183.5,898.546875,False
1773600961.203604,964,0,0,0,0,59.9674490003963,0.0,0.02333300290047191,5.330002217496364,178.2,895.09375,False
1773600961.3898551,965,0,0,0,0,60.72958300137543,0.0,0.02181499803555198,4.961734479615185,171.8,895.09375,False
1773600961.5757642,966,0,0,0,0,60.78560199966887,0.0,0.02216700158896856,4.961734479615185,166.7,895.09375,False
1773600961.762174,967,0,0,0,0,61.03839999923366,0.0,0.023128999600885436,4.961734479615185,171.7,895.09375,False
1773600961.9462123,968,0,0,0,0,58.73282900211052,0.0,0.021722000383306295,4.961734479615185,173.9,898.546875,False
1773600962.1307058,969,0,0,0,0,59.29014800130972,0.0,0.02294500154675916,4.961734479615185,173.5,895.109375,False
1773600962.3160307,970,0,0,0,0,60.15754300096887,0.0,0.02377800046815537,5.720241285583555,178.1,895.109375,False
1773600962.5022697,971,0,0,0,0,61.24760500097182,0.0,0.0224069990508724,5.720241285583555,182.6,895.109375,False
1773600962.689726,972,0,0,0,0,61.893127000075765,0.0,0.02359300196985714,5.720241285583555,176.0,895.109375,False
1773600962.8749714,973,0,0,0,0,60.03357900044648,0.0,0.02292600038344972,5.720241285583555,172.7,898.5625,False
1773600963.0600228,974,0,0,0,0,59.81392899775528,0.0,0.021703999664168805,5.720241285583555,172.9,898.5625,False
1773600963.2455533,975,0,0,0,0,60.58600799951819,0.0,0.023333999706665054,5.720241285583555,172.5,895.109375,False
1773600963.4310796,976,0,0,0,0,60.67595300191897,0.0,0.0235740008065477,5.380944958359714,177.9,891.171875,False
1773600963.617153,977,0,0,0,0,61.09673399987514,0.0,0.0238150023506023,5.380944958359714,182.7,893.796875,False
1773600963.8032773,978,0,0,0,0,63.02252399837016,0.0,0.024019002012209967,5.380944958359714,188.1,893.796875,False
1773600964.0064857,979,0,0,0,0,73.85281800088705,0.0,0.02599999788799323,5.380944958359714,206.7,893.796875,False
1773600964.2044063,980,0,0,0,0,72.12458399953903,0.0,0.027721998776542023,5.380944958359714,217.3,893.796875,False
1773600964.3945882,981,0,0,0,0,64.85710999913863,0.0,0.0224069990508724,5.380944958359714,189.3,893.796875,False
1773600964.5806787,982,0,0,0,0,60.73962099981145,0.0,0.02322200089110993,4.870951213654584,182.7,893.796875,False
1773600964.7664616,983,0,0,0,0,60.26995000138413,0.0,0.022556003386853263,4.870951213654584,183.0,893.796875,False
1773600964.9533546,984,0,0,0,0,61.392217001412064,0.0,0.022500000341096893,4.870951213654584,176.6,893.796875,False
1773600965.1389153,985,0,0,0,0,60.45715599975665,0.0,0.01996300125028938,4.870951213654584,177.8,897.25,False
1773600965.3247626,986,0,0,0,0,60.64991599851055,0.0,0.06333399869618006,4.870951213654584,177.6,893.796875,False
1773600965.5116267,987,0,0,0,0,61.51186600254732,0.0,0.022240998077904806,5.6923155916387564,171.2,893.796875,False
1773600965.6984625,988,0,0,0,0,61.68188599986024,0.0,0.0224069990508724,5.6923155916387564,176.6,893.796875,False
1773600966.130147,989,1,0,0,0,60.39761799911503,246.0761119982635,0.014574998203897849,5.6923155916387564,187.6,861.359375,True
1773600966.569281,990,1,0,0,0,59.33951800034265,254.1170170006808,0.014703997294418514,2.836412916803232,186.7,861.3125,True
1773600966.9983218,991,1,1,0,0,60.76691699854564,243.63107799945283,0.03372200080775656,2.836412916803232,188.8,864.765625,True
1773600967.433323,992,1,0,0,0,61.230494000483304,248.8870750021306,0.021351999748731032,2.836412916803232,190.8,861.328125,True
1773600967.8660526,993,1,1,1,1,60.93875099759316,247.02617499860935,0.03514800118864514,2.31339591171565,187.2,864.828125,True
1773600968.3012269,994,1,1,1,0,61.23121699783951,249.54258000070695,0.03625899989856407,2.31339591171565,186.1,861.3125,True
1773600968.7287977,995,1,1,1,0,61.28547600019374,242.32942099843058,0.03851899964502081,2.31339591171565,189.4,862.640625,True
1773600969.1536884,996,1,1,1,0,58.24723299883772,243.19342699891422,0.03796300006797537,2.3298905964009853,188.3,865.265625,True
1773600969.581513,997,1,1,1,0,60.8532690021093,242.99846299982164,0.03564800135791302,2.3298905964009853,189.3,867.890625,True
1773600970.0435443,998,1,1,1,0,63.89982600012445,275.7827149980585,0.0351290000253357,2.3298905964009853,218.6,870.515625,True
1773600970.4729571,999,1,1,1,0,61.66321899945615,242.91981399801443,0.035278000723337755,2.2739850352919233,191.0,873.140625,True
1773600970.9011412,1000,1,1,1,0,61.37284700162127,241.94558599992888,0.03705500057549216,2.2739850352919233,191.5,875.71875,True
1773600971.328799,1001,1,1,1,0,61.070011997799156,242.17410599885625,0.036370998714119196,2.2739850352919233,189.4,878.34375,True
1773600971.7582073,1002,1,1,1,0,61.44242200025474,243.38205800086143,0.03798200123128481,2.3341802208239346,191.0,880.96875,True
1773600972.1953025,1003,1,1,1,0,59.830448000866454,252.7797869988717,0.03529599780449644,2.3341802208239346,183.0,883.59375,True
1773600972.62443,1004,1,1,1,0,61.70481200024369,242.25131000275724,0.0352040005964227,2.3341802208239346,193.4,886.21875,True
1773600973.0533695,1005,1,1,1,0,61.70275600015884,242.49007099933806,0.03538899909472093,2.3163057986837665,191.2,888.84375,True
1773600973.4823675,1006,1,1,1,0,61.83910999970976,242.4898489989573,0.03538899909472093,2.3163057986837665,188.8,891.46875,True
1773600973.91174,1007,1,1,1,0,62.20264800140285,242.44399600138422,0.03511099930619821,2.3163057986837665,191.0,894.09375,True
1773600974.3407037,1008,1,1,1,0,62.29390799853718,241.93908600136638,0.035574001230997965,2.33045415373993,186.5,896.734375,True
1773600974.7692688,1009,1,1,1,0,61.45932900108164,242.4393670007703,0.03787099922192283,2.33045415373993,191.3,899.359375,True
1773600975.1971562,1010,1,1,1,0,60.90830600078334,242.32105100236367,0.03507399742375128,2.33045415373993,189.3,901.984375,True
1773600975.6254745,1011,1,1,1,0,61.184493999462575,242.46438599948306,0.03740700049092993,2.334998010700649,186.8,904.609375,True
1773600976.0543365,1012,1,1,1,0,61.706885000603506,242.58277600165457,0.03516699871397577,2.334998010700649,191.2,907.28125,True
1773600976.4824324,1013,1,1,1,0,61.188029998447746,242.31610700007877,0.03635200118878856,2.334998010700649,191.5,909.921875,True
1773600976.9117317,1014,1,1,1,0,61.91860900071333,242.71631299779983,0.035500997910276055,2.3323543913370677,188.7,912.546875,True
1773600977.3403168,1015,1,1,1,0,61.14432599861175,242.83855400062748,0.03477800055406988,2.3323543913370677,193.7,915.171875,True
1773600977.7700698,1016,1,1,1,0,61.30031000066083,243.9003209983639,0.03490800008876249,2.3323543913370677,188.5,917.734375,True
1773600978.1994386,1017,1,1,1,0,60.5991010015714,244.0448400011519,0.03479700171737932,2.3297262409031174,193.3,920.359375,True
1773600978.66468,1018,1,1,1,0,63.692640000226675,279.08693999779643,0.03503699917928316,2.3297262409031174,221.4,923.015625,True
1773600979.0927937,1019,1,0,1,0,61.0243260016432,241.92534499889007,0.02298099934705533,2.3297262409031174,189.2,925.640625,True
1773600979.5210173,1020,1,0,1,0,61.18071599848918,242.231754000386,0.022852000256534666,2.2700028828498575,191.5,928.265625,True
1773600979.706868,1021,0,0,1,0,61.29762400087202,0.0,0.031685001886216924,2.2700028828498575,166.8,963.328125,False
1773600979.8929167,1022,0,0,1,0,60.71904599957634,0.0,0.03157400351483375,2.2700028828498575,177.4,965.953125,False
1773600980.0794783,1023,0,0,1,0,61.34847599969362,0.0,0.03181500142090954,2.2700028828498575,182.2,968.578125,False
1773600980.266241,1024,0,0,1,0,61.199437997856876,0.0,0.031388997740577906,2.2700028828498575,171.3,971.203125,False
1773600980.452881,1025,0,0,1,0,61.13023400030215,0.0,0.03090799873461947,2.2700028828498575,176.8,973.828125,False
1773600980.6373234,1026,0,0,1,0,58.611069998733,0.0,0.031592997402185574,5.374980216918684,173.5,976.453125,False
1773600980.8244412,1027,0,0,1,0,61.270567999599734,0.0,0.03218600249965675,5.374980216918684,171.0,979.078125,False
1773600981.011104,1028,0,0,1,0,61.24536399875069,0.0,0.03259300137870014,5.374980216918684,166.1,981.703125,False
1773600981.1968234,1029,0,0,1,0,60.58191499687382,0.0,0.03205499888281338,5.374980216918684,183.1,984.328125,False
1773600981.3837035,1030,0,0,1,0,61.56729199938127,0.0,0.03246300184400752,5.374980216918684,176.6,986.953125,False
1773600981.5703156,1031,0,0,1,0,61.40730999686639,0.0,0.031945000955602154,5.374980216918684,176.8,989.578125,False
1773600981.7566235,1032,0,0,1,0,61.15279000005103,0.0,0.03255499905208126,5.36070951188573,177.2,992.203125,False
1773600981.942905,1033,0,0,1,0,61.17004900079337,0.0,0.03127799936919473,5.36070951188573,177.1,994.828125,False
1773600982.1295812,1034,0,0,0,0,61.473959001887124,0.0,0.03296299837529659,5.36070951188573,176.8,997.453125,False
1773600982.3154418,1035,0,0,0,0,61.04052899900125,0.0,0.03248100256314501,5.36070951188573,182.9,1000.078125,False
1773600982.5011418,1036,0,0,0,0,60.71208300272701,0.0,0.031723000574857,5.36070951188573,166.9,1002.703125,False
1773600982.688085,1037,0,0,0,0,61.931665000884095,0.0,0.03237099735997617,5.36070951188573,187.2,1005.328125,False
1773600982.874741,1038,0,0,0,0,63.89014100204804,0.0,0.03400100104045123,5.366010946602423,198.2,1007.953125,False
1773600983.0740237,1039,0,0,0,0,72.03832399682142,0.0,0.03759299943340011,5.366010946602423,200.7,1010.578125,False
1773600983.2701988,1040,0,0,0,0,70.77414900049916,0.0,0.03624100281740539,5.366010946602423,203.9,1013.203125,False
1773600983.463527,1041,0,0,0,0,67.24482999925385,0.0,0.03153700163238682,5.366010946602423,196.5,1015.828125,False
1773600983.648636,1042,0,0,0,0,60.261949998675846,0.0,0.03227799970773049,5.366010946602423,178.3,1018.453125,False
1773600983.833717,1043,0,0,0,0,60.21950599824777,0.0,0.03125999865005724,5.366010946602423,178.3,1021.078125,False
1773600984.0191422,1044,0,0,0,0,60.59441500110552,0.0,0.03159300104016438,4.894186352067428,167.2,1023.703125,False
1773600985.4907334,1045,0,0,0,0,61.30542000028072,0.0,0.031388997740577906,1.2543941736208122,110.8,893.765625,False
1773600985.6748736,1046,0,0,0,0,58.964719999494264,0.0,0.031444000342162326,1.2543941736208122,173.8,893.765625,False
1773600985.8606231,1047,0,0,0,0,60.43108200174174,0.0,0.03233399911550805,1.2543941736208122,172.3,893.765625,False
1773600986.0458498,1048,0,0,0,0,59.864726001251256,0.0,0.031073999707587063,1.2543941736208122,172.7,893.765625,False
1773600986.2317288,1049,0,0,0,0,60.48947100134683,0.0,0.03320399991935119,1.2543941736208122,172.2,893.765625,False
1773600986.4175782,1050,0,0,0,0,60.37748800008558,0.0,0.023444001271855086,1.2543941736208122,172.2,893.765625,False
1773600986.6050076,1051,0,0,0,0,62.24852000013925,0.0,0.021704003302147612,5.384826263996559,181.4,893.765625,False
1773600986.7906702,1052,0,0,0,0,60.56928600082756,0.0,0.022536998585565016,5.384826263996559,172.4,893.765625,False
1773600986.9765716,1053,0,0,0,0,60.67374900158029,0.0,0.02211099854321219,5.384826263996559,177.5,893.765625,False
1773600987.1619377,1054,0,0,0,0,60.203617002116516,0.0,0.021482002921402454,5.384826263996559,178.0,893.765625,False
1773600987.3473794,1055,0,0,0,0,60.37122899942915,0.0,0.022852000256534666,5.384826263996559,167.2,893.765625,False
1773600987.532886,1056,0,0,0,0,60.29215500166174,0.0,0.02237099761259742,5.384826263996559,177.9,893.765625,False
1773600987.7189133,1057,0,0,0,0,60.80730599933304,0.0,0.022203999833436683,5.386475583786865,166.6,893.765625,False
1773600987.904113,1058,0,0,0,0,62.31707500046468,0.0,0.022371001250576228,5.386475583786865,194.4,893.765625,False
1773600988.1008024,1059,0,0,0,0,70.80998300079955,0.0,0.06148100146674551,5.386475583786865,203.4,893.765625,False
1773600988.2988596,1060,0,0,0,0,72.01089800219052,0.0,0.025481996999587864,5.386475583786865,207.0,893.765625,False
1773600988.4915953,1061,0,0,0,0,66.43012100175838,0.0,0.02275900260428898,5.386475583786865,202.3,893.765625,False
1773600988.6777973,1062,0,0,0,0,60.7496020020335,0.0,0.0224069990508724,5.386475583786865,182.6,893.765625,False
1773600988.862434,1063,0,0,0,0,59.63059400164639,0.0,0.02259299799334258,4.893479450392651,173.3,887.203125,False
1773600989.048853,1064,0,0,0,0,61.131567003030796,0.0,0.022517997422255576,4.893479450392651,182.4,888.515625,False
1773600989.2346857,1065,0,0,0,0,60.725453000486596,0.0,0.022759999410482123,4.893479450392651,177.6,891.140625,False
1773600989.4204822,1066,0,0,0,0,60.69845399906626,0.0,0.022871001419844106,4.893479450392651,177.6,894.59375,False
1773600989.6067138,1067,0,0,0,0,60.903898996912176,0.0,0.022574000468011945,4.893479450392651,171.8,891.140625,False
1773600989.7931266,1068,0,0,0,0,61.093530002835905,0.0,0.02270400000270456,5.700964363626478,182.4,891.140625,False
1773600989.979006,1069,0,0,0,0,60.72123099875171,0.0,0.022018997697159648,5.700964363626478,177.5,891.140625,False
1773600990.164969,1070,0,0,0,0,61.00530700132367,0.0,0.023148000764194876,5.700964363626478,172.1,891.140625,False
1773600990.3516126,1071,0,0,0,0,61.52244099939708,0.0,0.021702999219996855,5.700964363626478,182.2,891.140625,False
1773600990.5382085,1072,0,0,0,0,61.491865999414586,0.0,0.02292699718964286,5.700964363626478,182.2,891.140625,False
1773600990.7246256,1073,0,0,0,0,61.14164100290509,0.0,0.022074000298744068,5.700964363626478,171.7,891.140625,False
1773600990.9116306,1074,0,0,0,0,61.46314400029951,0.0,0.02268599928356707,5.364353551015432,176.4,891.15625,False
1773600991.0978143,1075,0,0,0,0,61.01397399834241,0.0,0.023074000637279823,5.364353551015432,171.9,891.15625,False
1773600991.2845342,1076,0,0,0,0,61.315161001402885,0.0,0.023092998162610456,5.364353551015432,187.5,891.15625,False
1773600991.4711409,1077,0,0,0,0,61.49269899833598,0.0,0.022055999579606578,5.364353551015432,182.2,891.15625,False
1773600991.658871,1078,0,0,0,0,64.70031299977563,0.0,0.02355499964323826,5.364353551015432,197.1,891.15625,False
1773600991.8546357,1079,0,0,0,0,69.73247499990975,0.0,0.028277998353587463,5.364353551015432,204.3,891.15625,False
1773600992.05307,1080,0,0,0,0,72.99970099847997,0.0,0.024259999918285757,4.968813890062358,226.8,891.15625,False
1773600992.2435455,1081,0,0,0,0,65.21322399930796,0.0,0.02212999970652163,4.968813890062358,189.0,891.15625,False
1773600992.4294634,1082,0,0,0,0,60.88469599853852,0.0,0.02298099934705533,4.968813890062358,172.1,891.15625,False
1773600992.6161704,1083,0,0,0,0,61.410328999045305,0.0,0.022758998966310173,4.968813890062358,182.1,891.15625,False
1773600992.8032193,1084,0,0,0,0,61.33660599880386,0.0,0.022500000341096893,4.968813890062358,171.1,891.15625,False
1773600992.9905546,1085,0,0,0,0,61.85690500205965,0.0,0.02403699909336865,5.593633446632283,176.2,891.15625,False
1773600993.1766484,1086,0,0,0,0,60.48611900041578,0.0,0.023518998204963282,5.593633446632283,172.0,891.15625,False
1773600993.3622367,1087,0,0,0,0,59.892021999985445,0.0,0.02244400093331933,5.593633446632283,177.8,891.15625,False
1773600993.5481822,1088,0,0,0,0,60.73898999966332,0.0,0.02342599691473879,5.593633446632283,177.5,891.15625,False
1773600993.7343125,1089,0,0,0,0,61.043956000503385,0.0,0.022593001631321386,5.593633446632283,171.9,891.15625,False
1773600993.9207716,1090,0,0,0,0,61.23616100012441,0.0,0.057351997384103015,5.593633446632283,177.0,891.15625,False
1773600994.107268,1091,0,0,0,0,61.24366099902545,0.0,0.022648000594926998,5.372943285866238,176.9,891.171875,False
1773600994.292732,1092,0,0,0,0,60.3955259975919,0.0,0.02292600038344972,5.372943285866238,177.9,891.171875,False
1773600994.4791608,1093,0,0,0,0,61.27510499936761,0.0,0.021980999008519575,5.372943285866238,166.3,891.171875,False
1773600994.666152,1094,0,0,0,0,61.666069999773754,0.0,0.02322200089110993,5.372943285866238,176.5,891.171875,False
1773600994.8514569,1095,0,0,0,0,60.03959699955885,0.0,0.02185199991799891,5.372943285866238,183.5,891.171875,False
1773600995.2802992,1096,1,0,0,0,61.260883001523325,242.39368200142053,0.014556000678567216,4.262381045099918,193.5,858.6875,True
1773600995.7095604,1097,1,0,0,0,61.29362399951788,243.38350300240563,0.014758999896002933,4.262381045099918,191.0,858.6875,True
1773600996.1626837,1098,1,0,0,0,63.51021299997228,267.30127100017853,0.014630000805482268,4.262381045099918,229.5,858.6875,True
1773600996.6001732,1099,1,1,0,0,61.33212399799959,250.43243799882475,0.03379600093467161,2.272935940980926,187.4,858.6875,True
1773600997.029485,1100,1,1,1,1,60.502452000946505,243.0332410003757,0.03594500230974518,2.272935940980926,191.0,858.734375,True
1773600997.4584527,1101,1,1,1,0,60.68360200151801,243.4646330002579,0.035240998840890825,2.272935940980926,191.2,859.984375,True
1773600997.8883495,1102,1,1,1,0,60.774305999075295,243.99758100116742,0.03563000063877553,2.328875500439663,193.1,862.609375,True
1773600998.3151796,1103,1,1,1,0,59.93150300128036,242.13114300073357,0.03557499803719111,2.328875500439663,187.4,865.296875,True
1773600998.7432272,1104,1,1,1,0,59.866448002139805,243.30355799975223,0.03487099820631556,2.328875500439663,193.9,867.921875,True
1773600998.9296758,1105,0,0,1,0,61.398457997711375,0.0,0.03188900154782459,2.8810093379882846,177.0,902.984375,False
1773600999.116745,1106,0,0,1,0,60.831862003396964,0.0,0.032538002415094525,2.8810093379882846,165.7,905.609375,False
1773600999.3026843,1107,0,0,1,0,60.30833999830065,0.0,0.03190800271113403,2.8810093379882846,172.1,908.234375,False
1773600999.7315152,1108,1,1,1,0,60.16131999786012,243.00374100130284,0.035316003049956635,2.8810093379882846,188.9,878.421875,True
1773601000.1600652,1109,1,0,1,0,61.41103300251416,242.27036600132124,0.021926000044913962,3.2509492389908137,193.7,881.09375,True
1773601000.5895395,1110,1,1,1,0,61.27380899852142,243.1540200013842,0.03605600068112835,3.2509492389908137,188.6,883.734375,True
1773601001.0173054,1111,1,1,1,0,60.163245998410275,242.20816200249828,0.03679600195027888,3.2509492389908137,189.4,886.296875,True
1773601001.4459486,1112,1,1,1,0,61.34631000168156,242.54446000122698,0.03601899879868142,2.333015599960767,189.0,888.9375,True
1773601001.8741689,1113,1,1,1,0,60.42654399789171,243.24076100310776,0.034723001590464264,2.333015599960767,191.5,891.5625,True
1773601002.3015769,1114,1,1,1,0,60.19937599921832,242.59457100197324,0.03453799945418723,2.333015599960767,189.5,894.125,True
1773601002.7306175,1115,1,1,1,0,60.65400900115492,243.80006100182072,0.03563000063877553,2.335238085340066,191.1,896.75,True
1773601003.1603386,1116,1,1,1,0,61.27578999803518,243.77609699877212,0.0359820005542133,2.335238085340066,186.2,899.375,True
1773601003.590633,1117,1,1,1,0,61.916238999401685,243.51559600108885,0.036592999094864354,2.335238085340066,188.2,902.0,True
1773601004.05513,1118,1,1,1,0,63.1344879984681,278.42960199996014,0.03483299951767549,2.264999403280177,219.6,904.625,True
1773601004.489936,1119,1,1,1,0,60.4587289999472,249.4619690005493,0.03735200152732432,2.264999403280177,184.0,907.25,True
1773601004.9201891,1120,1,1,1,0,62.32324200027506,242.9614809989289,0.03616599860833958,2.264999403280177,192.9,909.875,True
1773601005.3683507,1121,1,1,1,0,59.6882989993901,264.2994550005824,0.03816700336756185,2.2844540029603886,176.3,912.5,True
1773601005.7979486,1122,1,1,1,0,59.94685599944205,244.77291899893316,0.036074998206458986,2.2844540029603886,190.9,915.0625,True
1773601006.2266927,1123,1,1,1,0,61.39006900048116,243.15763100094046,0.03483299951767549,2.2844540029603886,193.6,917.6875,True
1773601006.657241,1124,1,1,1,0,61.3231800016365,244.2473789997166,0.036110999644733965,2.3275792414661614,192.8,920.3125,True
1773601007.0867589,1125,1,0,1,0,61.816552999516716,243.0052039999282,0.021110998204676434,2.3275792414661614,188.6,922.96875,True
1773601007.5160916,1126,1,0,1,0,61.362438998912694,242.97979600305553,0.021981002646498382,2.3275792414661614,188.7,925.59375,True
1773601007.7030718,1127,0,0,1,0,62.08290699942154,0.0,0.03203699816367589,2.86860432748962,171.2,960.65625,False
1773601007.88995,1128,0,0,1,0,61.41210600253544,0.0,0.03270399975008331,2.86860432748962,176.6,963.28125,False
1773601008.0769868,1129,0,0,1,0,61.46662500032107,0.0,0.03288899824838154,2.86860432748962,181.8,965.90625,False
1773601008.2636187,1130,0,0,1,0,60.968770001636585,0.0,0.031963001674739644,2.86860432748962,182.2,968.53125,False
1773601008.4497223,1131,0,0,1,0,60.55930399816134,0.0,0.033055999665521085,2.86860432748962,171.9,971.15625,False
1773601008.635948,1132,0,0,1,0,60.86249200234306,0.0,0.03238900171709247,2.86860432748962,177.2,973.78125,False
1773601008.8218362,1133,0,0,1,0,60.441785000875825,0.0,0.033833999623311684,5.363054886986349,166.8,976.40625,False
1773601009.008679,1134,0,0,1,0,61.460051001631655,0.0,0.03237099735997617,5.363054886986349,176.6,979.03125,False
1773601009.195552,1135,0,0,1,0,61.53995899876463,0.0,0.03311199907329865,5.363054886986349,182.0,981.65625,False
1773601009.3820782,1136,0,0,1,0,61.36575400159927,0.0,0.03287000072305091,5.363054886986349,176.9,984.28125,False
1773601009.5683115,1137,0,0,1,0,60.891936998814344,0.0,0.03407400072319433,5.363054886986349,177.2,986.90625,False
1773601009.7550845,1138,0,0,1,0,63.6949170002481,0.0,0.03370400008861907,5.363054886986349,198.1,989.53125,False
1773601009.9536743,1139,0,0,1,0,72.56684599997243,0.0,0.03507399742375128,5.301286928737364,211.5,992.15625,False
1773601010.1497135,1140,0,0,0,0,70.06138599899714,0.0,0.04029699994134717,5.301286928737364,198.9,994.78125,False
1773601010.3443606,1141,0,0,0,0,68.92495200008852,0.0,0.03196299803676084,5.301286928737364,200.3,997.40625,False
1773601010.5300958,1142,0,0,0,0,60.62202699831687,0.0,0.03233399911550805,5.301286928737364,177.7,1000.03125,False
1773601010.7160702,1143,0,0,0,0,60.25774699810427,0.0,0.033054999221349135,5.301286928737364,177.4,1002.65625,False
1773601010.9029238,1144,0,0,0,0,61.24862399883568,0.0,0.03262999962316826,5.301286928737364,171.3,1005.28125,False
1773601011.089884,1145,0,0,0,0,61.70549699891126,0.0,0.03257399657741189,4.93895289070303,176.5,1007.90625,False
1773601011.2767878,1146,0,0,0,0,61.54392200187431,0.0,0.08772300134296529,4.93895289070303,171.2,1010.53125,False
1773601011.4628541,1147,0,0,0,0,61.369605999061605,0.0,0.032480998925166205,4.93895289070303,177.4,1013.15625,False
1773601011.6483214,1148,0,0,0,0,60.76825000127428,0.0,0.031186002161120996,4.93895289070303,172.5,1015.78125,False
1773601011.8341305,1149,0,0,0,0,60.76123200182337,0.0,0.032833002478582785,4.93895289070303,166.8,1018.40625,False
1773601012.0203087,1150,0,0,0,0,61.56573699990986,0.0,0.032166997698368505,5.6909614029089095,166.5,1021.03125,False
1773601013.4507232,1151,0,0,0,0,59.71015100294608,0.0,0.032777999876998365,0.6990899322178595,109.1,892.4375,False
1773601013.6351926,1152,0,0,0,0,59.432260000903625,0.0,0.031648000003769994,0.6990899322178595,184.3,892.4375,False
1773601013.8189516,1153,0,0,0,0,59.76455800191616,0.0,0.030277999030658975,0.6990899322178595,168.7,892.4375,False
1773601014.003085,1154,0,0,0,0,59.37357400034671,0.0,0.030462997528957203,0.6990899322178595,179.2,892.4375,False
1773601014.1875021,1155,0,0,0,0,59.87848500080872,0.0,0.029963000997668132,0.6990899322178595,168.1,892.4375,False
1773601014.3724391,1156,0,0,0,0,60.89319499733392,0.0,0.02211099854321219,0.6990899322178595,183.8,892.4375,False
1773601014.5574756,1157,0,0,0,0,59.67411299934611,0.0,0.021425999875646085,5.421409266051607,178.3,892.4375,False
1773601014.7415147,1158,0,0,0,0,61.835738000809215,0.0,0.024444998416583985,5.421409266051607,190.2,892.4375,False
1773601014.9409328,1159,0,0,0,0,72.06449100340251,0.0,0.02598200080683455,5.421409266051607,215.6,892.4375,False
1773601015.1365807,1160,0,0,0,0,70.02588500108686,0.0,0.030056002287892625,5.421409266051607,204.5,892.4375,False
1773601015.3313456,1161,0,0,0,0,67.24821899842937,0.0,0.022833999537397176,5.421409266051607,195.1,892.4375,False
1773601015.5169983,1162,0,0,0,0,60.32719099675887,0.0,0.02294499790878035,5.421409266051607,177.7,892.4375,False
1773601015.70231,1163,0,0,0,0,59.771947999252006,0.0,0.02157400012947619,4.889152277312574,172.7,892.4375,False
1773601015.8878744,1164,0,0,0,0,60.00111600224045,0.0,0.021241001377347857,4.889152277312574,177.8,892.4375,False
1773601016.07364,1165,0,0,0,0,60.283487000560854,0.0,0.02125899845850654,4.889152277312574,177.6,892.4375,False
1773601016.2594867,1166,0,0,0,0,60.046560000046156,0.0,0.021427000319818035,4.889152277312574,166.8,892.4375,False
1773601016.444659,1167,0,0,0,0,59.645168999850284,0.0,0.022518997866427526,4.889152277312574,172.8,892.4375,False
1773601016.6302888,1168,0,0,0,0,60.10730200068792,0.0,0.02301900167367421,5.7135503768118046,177.7,892.4375,False
1773601016.8165236,1169,0,0,0,0,60.1421350002056,0.0,0.023074000637279823,5.7135503768118046,171.9,887.1875,False
1773601017.0020413,1170,0,0,0,0,60.02539299879572,0.0,0.023704000341240317,5.7135503768118046,177.9,888.5,False
1773601017.1877904,1171,0,0,0,0,61.24066000120365,0.0,0.023591997887706384,5.7135503768118046,177.7,891.125,False
1773601017.3738503,1172,0,0,0,0,60.992047998297494,0.0,0.02298199979122728,5.7135503768118046,172.0,891.125,False
1773601017.5608659,1173,0,0,0,0,61.687125999014825,0.0,0.02322200089110993,5.7135503768118046,181.8,891.125,False
1773601017.7469926,1174,0,0,0,0,61.195419999421574,0.0,0.022907002858119085,5.372914607721756,177.3,891.125,False
1773601017.9322317,1175,0,0,0,0,59.96585599859827,0.0,0.02320400017197244,5.372914607721756,183.6,891.125,False
1773601018.1191573,1176,0,0,0,0,61.32445799812558,0.0,0.022776999685447663,5.372914607721756,165.8,891.125,False
1773601018.3048308,1177,0,0,0,0,60.75454600068042,0.0,0.023314998543355614,5.372914607721756,177.7,891.125,False
1773601018.4907103,1178,0,0,0,0,63.02111599870841,0.0,0.024704000679776073,5.372914607721756,188.3,891.125,False
1773601018.6907153,1179,0,0,0,0,72.4210860025778,0.0,0.028315000236034393,5.372914607721756,215.0,891.125,False
1773601018.8903728,1180,0,0,0,0,73.55157400161261,0.0,0.026425997930346057,4.965531480537451,200.3,891.125,False
1773601019.0798533,1181,0,0,0,0,64.08740200276952,0.0,0.023426000552717596,4.965531480537451,184.7,891.125,False
1773601019.266434,1182,0,0,0,0,61.09715899947332,0.0,0.02238899833173491,4.965531480537451,182.2,891.125,False
1773601019.4508111,1183,0,0,0,0,58.492735002801055,0.0,0.024166998628061265,4.965531480537451,173.6,891.125,False
1773601019.638192,1184,0,0,0,0,61.51718100227299,0.0,0.024110999220283702,4.965531480537451,170.8,891.125,False
1773601019.8249912,1185,0,0,0,0,61.34338400079287,0.0,0.022536998585565016,5.601966022010899,171.3,891.125,False
1773601020.0115209,1186,0,0,0,0,60.97606600087602,0.0,0.02374099858570844,5.601966022010899,171.6,891.125,False
1773601020.1973321,1187,0,0,0,0,60.3662660032569,0.0,0.022628999431617558,5.601966022010899,166.8,891.125,False
1773601020.3827837,1188,0,0,0,0,60.262284001510125,0.0,0.02240799949504435,5.601966022010899,177.9,891.125,False
1773601020.5680633,1189,0,0,0,0,60.13693099885131,0.0,0.02355600008741021,5.601966022010899,172.7,891.125,False
1773601020.754634,1190,0,0,0,0,60.90691799909109,0.0,0.023906999558676034,5.601966022010899,176.9,891.125,False
1773601020.9402692,1191,0,0,0,0,59.56268700174405,0.0,0.022629999875789508,5.37988780954987,172.4,894.578125,False
1773601021.124213,1192,0,0,0,0,58.7837370003399,0.0,0.023166001483332366,5.37988780954987,179.4,891.125,False
1773601021.3106425,1193,0,0,0,0,61.151733996666735,0.0,0.02246300209662877,5.37988780954987,171.6,891.125,False
1773601021.497534,1194,0,0,0,0,61.37888400189695,0.0,0.02214800042565912,5.37988780954987,176.6,891.125,False
1773601021.6829872,1195,0,0,0,0,60.30069200278376,0.0,0.024000000848900527,5.37988780954987,178.0,891.125,False
1773601021.868986,1196,0,0,0,0,61.17967899990617,0.0,0.023888998839538544,5.37988780954987,166.7,891.125,False
1773601022.0553427,1197,0,0,0,0,61.250920000020415,0.0,0.022871001419844106,5.380765478361436,182.4,891.125,False
1773601022.2413392,1198,0,0,0,0,63.55536099727033,0.0,0.024148997908923775,5.380765478361436,193.6,891.125,False
1773601022.4424427,1199,0,0,0,0,69.43589900038205,0.0,0.030666000384371728,5.380765478361436,194.0,891.125,False
1773601022.6415684,1200,0,0,0,0,73.04034899789258,0.0,0.027425998268881813,5.380765478361436,210.9,891.125,False
1773601022.8360355,1201,0,0,0,0,68.78245099869673,0.0,0.023980999685591087,5.380765478361436,200.5,891.125,False
1773601023.0215898,1202,0,0,0,0,60.407155000575585,0.0,0.02244500137749128,5.380765478361436,167.1,891.125,False
1773601023.2079709,1203,0,0,0,0,61.050233998685144,0.0,0.023704000341240317,4.8577626493619,177.1,891.125,False
1773601023.3936934,1204,0,0,0,0,60.400025999115314,0.0,0.022055999579606578,4.8577626493619,172.3,891.125,False
1773601023.5795338,1205,0,0,0,0,60.10611600140692,0.0,0.020315001165727153,4.8577626493619,177.6,894.578125,False
1773601023.7650397,1206,0,0,0,0,59.92578099903767,0.0,0.02261199915665202,4.8577626493619,167.1,891.125,False
1773601023.9503272,1207,0,0,0,0,60.02368900226429,0.0,0.022000000171829015,4.8577626493619,167.3,891.125,False
1773601024.135572,1208,0,0,0,0,59.74998400051845,0.0,0.022963002265896648,5.70918091986832,172.7,891.125,False
1773601024.3209977,1209,0,0,0,0,60.33095100065111,0.0,0.02298099934705533,5.70918091986832,183.4,891.125,False
1773601024.5072646,1210,0,0,0,0,61.09256700074184,0.0,0.022203999833436683,5.70918091986832,171.8,892.4375,False
1773601024.6932337,1211,0,0,0,0,60.950547998800175,0.0,0.023684999177930877,5.70918091986832,177.4,892.4375,False
1773601024.88009,1212,0,0,0,0,61.24945699775708,0.0,0.022592001187149435,5.70918091986832,176.6,892.4375,False
1773601025.066647,1213,0,0,0,0,61.33288300043205,0.0,0.0235740008065477,5.70918091986832,176.9,892.4375,False
1773601025.2529366,1214,0,0,0,0,61.3063639975735,0.0,0.021833002392668277,5.369745838929969,171.8,892.4375,False
1773601025.4398162,1215,0,0,0,0,61.668088997976156,0.0,0.02298099934705533,5.369745838929969,165.9,892.4375,False
1773601025.6249797,1216,0,0,0,0,59.934467000857694,0.0,0.02270400000270456,5.369745838929969,183.6,892.4375,False
1773601025.8111022,1217,0,0,0,0,61.22778999997536,0.0,0.023704000341240317,5.369745838929969,177.3,892.4375,False
1773601025.9978817,1218,0,0,0,0,63.78652900093584,0.0,0.024462999135721475,5.369745838929969,192.7,892.4375,False
1773601026.1945817,1219,0,0,0,0,70.93889099996886,0.0,0.026944999262923375,5.369745838929969,208.5,892.4375,False
1773601026.3928034,1220,0,0,0,0,72.71745899925008,0.0,0.07307499981834553,4.9761673807277536,216.9,892.4375,False
1773601026.5853026,1221,0,0,0,0,64.56170099772862,0.0,0.02353699892410077,4.9761673807277536,187.0,892.453125,False
1773601026.7714107,1222,0,0,0,0,60.51661899982719,0.0,0.023389002308249474,4.9761673807277536,177.3,892.453125,False
1773601026.957508,1223,0,0,0,0,61.01877100081765,0.0,0.023666998458793387,4.9761673807277536,172.0,892.453125,False
1773601027.1434739,1224,0,0,0,0,60.313285001029726,0.0,0.02329600101802498,4.9761673807277536,177.4,892.453125,False
1773601027.3295598,1225,0,0,0,0,60.893918001966085,0.0,0.02385200059507042,5.5979298681209615,177.3,892.453125,False
1773601027.5152738,1226,0,0,0,0,59.835411000676686,0.0,0.02294500154675916,5.5979298681209615,172.3,895.90625,False
1773601027.701631,1227,0,0,0,0,60.93908399998327,0.0,0.0228709977818653,5.5979298681209615,171.7,892.453125,False
1773601027.8881478,1228,0,0,0,0,61.18751200119732,0.0,0.021684998500859365,5.5979298681209615,176.9,892.453125,False
1773601028.0750577,1229,0,0,0,0,60.9981779998634,0.0,0.023389002308249474,5.5979298681209615,176.6,891.140625,False
1773601028.260134,1230,0,0,0,0,59.629408999171574,0.0,0.022832999093225226,5.5979298681209615,178.3,891.140625,False
1773601028.4468045,1231,0,0,0,0,61.43577300099423,0.0,0.022185999114299193,5.370371500596772,166.1,891.140625,False
1773601028.6331139,1232,0,0,0,0,60.995140000159154,0.0,0.024221997591666877,5.370371500596772,177.1,889.828125,False
1773601028.819458,1233,0,0,0,0,61.141252001107205,0.0,0.023333999706665054,5.370371500596772,177.1,891.140625,False
1773601029.0054305,1234,0,0,0,0,60.71656499989331,0.0,0.02292600038344972,5.370371500596772,177.4,891.140625,False
1773601029.1914403,1235,0,0,0,0,60.6621940023615,0.0,0.023017997591523454,5.370371500596772,166.7,891.15625,False
1773601029.3776586,1236,0,0,0,0,61.086697001883294,0.0,0.024241002392955124,5.370371500596772,177.3,892.46875,False
1773601029.5713718,1237,0,0,0,0,68.22868800009019,0.0,0.024723001843085513,5.335498699614156,180.6,892.46875,False
1773601029.7576263,1238,0,0,0,0,63.13252499967348,0.0,0.02346299879718572,5.335498699614156,187.9,892.46875,False
1773601029.9572067,1239,0,0,0,0,69.50021499869763,0.0,0.029129998438293114,5.335498699614156,200.4,892.46875,False
1773601030.1566803,1240,0,0,0,0,73.04734900026233,0.0,0.027574002160690725,5.335498699614156,220.6,892.46875,False
1773601030.350689,1241,0,0,0,0,68.25518799814745,0.0,0.022758998966310173,5.335498699614156,190.6,892.46875,False
1773601030.5366964,1242,0,0,0,0,60.80650999865611,0.0,0.023889999283710495,5.335498699614156,188.2,892.46875,False
1773601030.7228,1243,0,0,0,0,60.92888000057428,0.0,0.02353699892410077,4.861561029843695,171.9,892.46875,False
1773601030.9088283,1244,0,0,0,0,60.73865700091119,0.0,0.022000000171829015,4.861561029843695,172.0,892.46875,False
1773601031.3488212,1245,1,0,0,0,59.77463300223462,254.5400580020214,0.014962999557610601,4.861561029843695,186.4,859.984375,True
1773601031.776933,1246,1,0,0,0,60.7899910028209,242.5442009989638,0.014536999515257776,3.398091284474931,184.5,860.140625,True
1773601032.2085588,1247,1,1,0,0,61.75892300234409,244.87415999828954,0.034167002013418823,3.398091284474931,187.7,860.203125,True
1773601032.6394312,1248,1,1,1,1,60.41458199979388,245.5705169995781,0.03487000140012242,3.398091284474931,185.7,860.203125,True
1773601033.0680358,1249,1,1,1,0,60.23672800074564,243.47615200167638,0.03648200072348118,2.323597411173437,191.3,861.453125,True
1773601033.4974864,1250,1,1,1,0,60.65454500276246,243.88407999867923,0.03649999780463986,2.323597411173437,188.6,864.078125,True
1773601033.9278948,1251,1,1,1,0,61.60447699949145,243.85946899928967,0.03631499930634163,2.323597411173437,190.5,866.703125,True
1773601034.355462,1252,1,1,1,0,59.447703999467194,244.34193500201218,0.03572299829102121,2.330230596847287,184.8,869.328125,True
1773601034.783681,1253,1,1,1,0,61.192105000372976,242.5178679986857,0.03503799962345511,2.330230596847287,189.2,871.953125,True
1773601035.2122138,1254,1,1,1,0,60.48302600174793,243.562263000058,0.034925997169921175,2.330230596847287,191.4,874.546875,True
1773601035.6390593,1255,1,1,1,0,60.05552300121053,242.2828290000325,0.036926001484971493,2.337181732520747,189.8,877.1875,True
1773601036.066318,1256,1,1,1,0,60.955843997362535,241.7178989999229,0.035832999856211245,2.337181732520747,189.6,879.8125,True
1773601036.4937809,1257,1,1,1,0,60.63013899984071,242.2523099994578,0.03574100264813751,2.337181732520747,189.5,882.4375,True
1773601036.9470417,1258,1,1,1,0,64.30449500112445,266.7887489988061,0.03600000127335079,2.2936204714213217,233.9,885.0625,True
1773601037.3736076,1259,1,1,1,0,59.390278001956176,242.19721800182015,0.036073997762287036,2.2936204714213217,189.9,887.6875,True
1773601037.8024826,1260,1,1,1,0,60.5969530006405,243.71213399717817,0.034889999369625,2.2936204714213217,186.5,890.3125,True
1773601038.2295053,1261,1,1,1,0,60.217227997782174,242.1509949999745,0.0355929987563286,2.339239506672261,192.0,892.9375,True
1773601038.6574214,1262,1,1,1,0,61.27038299746346,242.36745899906964,0.036388999433256686,2.339239506672261,187.0,895.5625,True
1773601039.0854115,1263,1,1,1,0,61.039140997309005,242.44331099907868,0.03535200085025281,2.339239506672261,191.6,898.1875,True
1773601039.513026,1264,1,1,1,0,60.764361998735694,242.46153399872128,0.03629699858720414,2.337315447287066,191.8,900.8125,True
1773601039.942644,1265,1,1,1,0,61.95968399697449,242.93942499934928,0.03627800106187351,2.337315447287066,186.2,903.546875,True
1773601040.372219,1266,1,1,1,0,61.171029999968596,243.24576100116246,0.03529699824866839,2.337315447287066,190.9,906.109375,True
1773601040.8010948,1267,1,1,1,0,61.541754999780096,242.4421629984863,0.034684999263845384,2.3290716373619538,188.9,908.734375,True
1773601041.2296522,1268,1,1,1,0,61.41990299875033,242.73240599723067,0.03616599860833958,2.3290716373619538,191.3,911.359375,True
1773601041.6666446,1269,1,1,1,0,60.75669399797334,251.4579259986931,0.03546299922163598,2.3290716373619538,189.9,914.0,True
1773601042.0946205,1270,1,1,1,0,61.42499500128906,242.04108599951724,0.03735200152732432,2.319248236129617,189.3,916.5625,True
1773601042.521791,1271,1,1,1,0,60.45050799730234,242.1094199999061,0.036149001971352845,2.319248236129617,187.3,919.1875,True
1773601042.9500887,1272,1,1,1,0,61.148900000262074,242.3486440020497,0.03512999683152884,2.319248236129617,189.1,921.828125,True
1773601043.3760908,1273,1,1,1,0,59.20855500153266,242.24047700045048,0.03600000127335079,2.341065247021972,190.1,924.453125,True
1773601043.8035831,1274,1,1,1,0,60.316210001474246,242.7655360006611,0.03764899884117767,2.341065247021972,191.8,927.078125,True
1773601044.232548,1275,1,1,1,0,61.52581099740928,242.536644997017,0.0352040005964227,2.341065247021972,188.8,929.703125,True
1773601044.6598415,1276,1,1,1,0,59.85278099979041,242.73718400218058,0.03648100027930923,2.336904800596534,187.2,932.328125,True
1773601045.0898392,1277,1,1,1,0,62.80513299861923,242.53140400105622,0.039129998185671866,2.336904800596534,190.7,934.953125,True
1773601045.5407104,1278,1,0,1,0,64.19990200083703,264.2701760014461,0.022814998374087736,2.336904800596534,232.9,937.578125,True
1773601045.9691305,1279,1,0,1,0,61.65301500004716,241.99491900071735,0.022000000171829015,2.291318731165412,191.4,940.203125,True
1773601046.1571817,1280,0,0,1,0,62.990615999297006,0.0,0.029278002330102026,2.291318731165412,175.5,975.265625,False
1773601046.3434517,1281,0,0,1,0,61.17784500020207,0.0,0.03231499795219861,2.291318731165412,177.2,977.890625,False
1773601046.5296164,1282,0,0,1,0,61.23532700075884,0.0,0.03207500049029477,2.291318731165412,177.3,980.515625,False
1773601046.716632,1283,0,0,1,0,61.12715999915963,0.0,0.03127799936919473,2.291318731165412,171.1,983.140625,False
1773601046.902898,1284,0,0,1,0,61.08260399923893,0.0,0.03146399831166491,2.291318731165412,182.5,985.765625,False
1773601047.0893784,1285,0,0,1,0,61.15727100041113,0.0,0.03059299706364982,5.356049988730636,177.0,988.390625,False
1773601047.2758129,1286,0,0,1,0,61.296457999560516,0.0,0.03255599949625321,5.356049988730636,171.6,991.015625,False
1773601047.4630933,1287,0,0,1,0,61.327512998104794,0.0,0.03324099816381931,5.356049988730636,170.9,993.640625,False
1773601047.6517727,1288,0,0,1,0,61.983665997104254,0.0,0.03209300120943226,5.356049988730636,180.2,996.265625,False
1773601047.837952,1289,0,0,1,0,60.99930699929246,0.0,0.031667001167079434,5.356049988730636,171.9,998.90625,False
1773601048.0245287,1290,0,0,1,0,61.134401003073435,0.0,0.03212999945390038,5.356049988730636,166.2,1001.53125,False
1773601048.2110844,1291,0,0,1,0,61.32512399926782,0.0,0.031592997402185574,5.349022435188933,166.1,1004.15625,False
1773601048.3976402,1292,0,0,1,0,61.37729100009892,0.0,0.030092000088188797,5.349022435188933,187.6,1006.78125,False
1773601048.5836473,1293,0,0,0,0,61.092289000953315,0.0,0.03216600089217536,5.349022435188933,166.7,1009.40625,False
1773601048.7700279,1294,0,0,0,0,61.051732998748776,0.0,0.03246300184400752,5.349022435188933,177.1,1012.03125,False
1773601048.9563406,1295,0,0,0,0,61.325179998675594,0.0,0.031629999284632504,5.349022435188933,177.1,1014.65625,False
1773601049.1427467,1296,0,0,0,0,61.29730900283903,0.0,0.030963001336203888,5.349022435188933,166.3,1017.28125,False
1773601049.3298073,1297,0,0,0,0,61.941165000462206,0.0,0.03185199966537766,5.363252618296181,181.8,1019.90625,False
1773601049.5163224,1298,0,0,0,0,63.90867799927946,0.0,0.03379600093467161,5.363252618296181,187.7,1022.53125,False
1773601049.718531,1299,0,0,0,0,72.91449599870248,0.0,0.03764800203498453,5.363252618296181,212.7,1025.15625,False
1773601049.9168468,1300,0,0,0,0,72.87105100112967,0.0,0.03516699871397577,5.363252618296181,211.8,1027.796875,False
1773601050.1088605,1301,0,0,0,0,66.26319400311331,0.0,0.03129600008833222,5.363252618296181,187.5,1030.421875,False
1773601050.29544,1302,0,0,0,0,61.34721700072987,0.0,0.03264799670432694,5.363252618296181,176.9,1033.046875,False
1773601050.4818916,1303,0,0,0,0,61.31386500055669,0.0,0.03201900108251721,4.861377336774917,171.6,1035.671875,False
1773601051.9900284,1304,0,0,0,0,61.271328002476366,0.0,0.03242599996156059,1.2257115420694846,109.4,889.984375,False
1773601052.1746767,1305,0,0,0,0,58.88134899942088,0.0,0.03181499778293073,1.2257115420694846,173.3,889.984375,False
1773601052.3611526,1306,0,0,0,0,60.244821001106175,0.0,0.0301670006592758,1.2257115420694846,171.6,889.984375,False
1773601052.5471385,1307,0,0,0,0,60.252949999267,0.0,0.03155599915771745,1.2257115420694846,166.7,889.984375,False
1773601052.7329793,1308,0,0,0,0,60.35143200278981,0.0,0.03207400004612282,1.2257115420694846,166.8,889.984375,False
1773601052.918667,1309,0,0,0,0,60.49430400162237,0.0,0.02181499803555198,1.2257115420694846,177.7,890.0,False
1773601053.1032486,1310,0,0,0,0,59.490260999155,0.0,0.022054999135434628,5.38988345682291,173.4,890.0,False
1773601053.2886744,1311,0,0,0,0,60.17358000099193,0.0,0.021684998500859365,5.38988345682291,178.0,890.0,False
1773601053.474042,1312,0,0,0,0,60.35172900010366,0.0,0.02246300209662877,5.38988345682291,172.6,890.0,False
1773601053.6595929,1313,0,0,0,0,60.23350599934929,0.0,0.022093001462053508,5.38988345682291,172.5,890.0,False
1773601053.8448682,1314,0,0,0,0,59.89728200074751,0.0,0.023111999325919896,5.38988345682291,183.5,890.0,False
1773601054.0304816,1315,0,0,0,0,60.64465700183064,0.0,0.022462998458649963,5.38988345682291,177.8,890.0,False
1773601054.2162054,1316,0,0,0,0,60.73052799911238,0.0,0.021964002371532843,5.391056558932612,183.1,890.0,False
1773601054.4018672,1317,0,0,0,0,60.62632300017867,0.0,0.021980999008519575,5.391056558932612,183.1,890.0,False
1773601054.587175,1318,0,0,0,0,62.68542999896454,0.0,0.02322300133528188,5.391056558932612,194.3,890.0,False
1773601054.7899563,1319,0,0,0,0,71.9053979992168,0.0,0.024962999304989353,5.391056558932612,212.1,890.0,False
1773601054.988096,1320,0,0,0,0,72.79742100217845,0.0,0.025278000975959003,5.391056558932612,206.9,890.828125,False
1773601055.178062,1321,0,0,0,0,64.66223900133627,0.0,0.02326000321772881,5.391056558932612,194.7,887.375,False
1773601055.3652205,1322,0,0,0,0,61.86986799730221,0.0,0.023573997168568894,4.878773476377816,176.3,888.6875,False
1773601055.5512984,1323,0,0,0,0,60.850398000184214,0.0,0.023666998458793387,4.878773476377816,182.7,890.0,False
1773601055.7383292,1324,0,0,0,0,61.479570002120454,0.0,0.02355600008741021,4.878773476377816,176.4,893.9375,False
1773601055.9245675,1325,0,0,0,0,61.08367900014855,0.0,0.023370001144940034,4.878773476377816,177.2,893.9375,False
1773601056.1110697,1326,0,0,0,0,61.23730900071678,0.0,0.023074000637279823,4.878773476377816,171.5,893.9375,False
1773601056.2979748,1327,0,0,0,0,61.172937999799615,0.0,0.022555999748874456,5.676810677513573,171.2,893.9375,False
1773601056.4837608,1328,0,0,0,0,60.33865499921376,0.0,0.021351999748731032,5.676810677513573,177.6,897.390625,False
1773601056.6691272,1329,0,0,0,0,59.96617099663126,0.0,0.023167001927504316,5.676810677513573,172.6,893.9375,False
1773601056.8548803,1330,0,0,0,0,60.627675000432646,0.0,0.022296000679489225,5.676810677513573,172.3,897.390625,False
1773601057.0404859,1331,0,0,0,0,60.66858300255262,0.0,0.023352000425802544,5.676810677513573,172.4,893.9375,False
1773601057.2271683,1332,0,0,0,0,61.46962600178085,0.0,0.02379700163146481,5.676810677513573,171.4,893.9375,False
1773601057.413744,1333,0,0,0,0,61.40758800029289,0.0,0.023075001081451774,5.377508157347596,176.9,893.9375,False
1773601057.6001272,1334,0,0,0,0,61.38973500128486,0.0,0.023963002604432404,5.377508157347596,177.1,893.9375,False
1773601057.786942,1335,0,0,0,0,61.39236599847209,0.0,0.0235740008065477,5.377508157347596,171.3,893.9375,False
1773601057.9735596,1336,0,0,0,0,61.49369899867452,0.0,0.022203999833436683,5.377508157347596,182.2,893.9375,False
1773601058.1604803,1337,0,0,0,0,61.723479000647785,0.0,0.024167002266040072,5.377508157347596,176.5,893.9375,False
1773601058.346608,1338,0,0,0,0,63.18454400025075,0.0,0.02327800029888749,5.377508157347596,193.4,897.390625,False
1773601058.5435064,1339,0,0,0,0,70.21697899835999,0.0,0.028091999411117285,5.31102935838366,208.2,897.390625,False
1773601058.7420244,1340,0,0,0,0,72.31793699975242,0.0,0.024480999854858965,5.31102935838366,216.6,897.390625,False
1773601058.9328465,1341,0,0,0,0,64.74814700050047,0.0,0.022740998247172683,5.31102935838366,193.9,897.390625,False
1773601059.1178925,1342,0,0,0,0,59.600538999802666,0.0,0.022075000742916018,5.31102935838366,178.3,897.390625,False
1773601059.3031833,1343,0,0,0,0,59.78563299868256,0.0,0.02099999983329326,5.31102935838366,172.7,897.390625,False
1773601059.4901547,1344,0,0,0,0,60.90801000027568,0.0,0.021129999367985874,5.31102935838366,176.5,890.0,False
1773601059.6772459,1345,0,0,0,0,61.343549998127855,0.0,0.022499996703118086,4.950545346730233,176.4,890.0,False
1773601059.8641634,1346,0,0,0,0,61.355735997494776,0.0,0.02292600038344972,4.950545346730233,171.2,890.0,False
1773601060.0504258,1347,0,0,0,0,60.66956499853404,0.0,0.023648997739655897,4.950545346730233,166.4,891.3125,False
1773601060.2367332,1348,0,0,0,0,61.062492000928614,0.0,0.023351996787823737,4.950545346730233,182.6,891.3125,False
1773601060.4229176,1349,0,0,0,0,60.887992000061786,0.0,0.02353699892410077,4.950545346730233,177.2,891.3125,False
1773601060.609308,1350,0,0,0,0,60.84565799756092,0.0,0.02257499727420509,5.682590571295604,171.7,891.3125,False
1773601060.7948754,1351,0,0,0,0,60.37291499887942,0.0,0.023537999368272722,5.682590571295604,172.5,891.3125,False
1773601060.9807575,1352,0,0,0,0,60.571711997909006,0.0,0.05557500116992742,5.682590571295604,177.5,891.3125,False
1773601061.1676583,1353,0,0,0,0,61.49975500011351,0.0,0.022982003429206088,5.682590571295604,181.9,891.3125,False
1773601061.3542407,1354,0,0,0,0,61.39382900073542,0.0,0.023111999325919896,5.682590571295604,171.5,891.3125,False
1773601061.5401647,1355,0,0,0,0,60.751065000658855,0.0,0.023721997422399,5.682590571295604,172.1,891.3125,False
1773601061.7274804,1356,0,0,0,0,61.798794002243085,0.0,0.02312999640707858,5.365931999779954,176.2,891.3125,False
1773601061.913902,1357,0,0,0,0,61.54368100033025,0.0,0.02272200072184205,5.365931999779954,171.7,891.3125,False
1773601062.100964,1358,0,0,0,0,64.15034599922365,0.0,0.024482000299030915,5.365931999779954,197.8,891.3125,False
1773601062.3022373,1359,0,0,0,0,71.85508199836477,0.0,0.02546299947425723,5.365931999779954,203.7,891.3125,False
1773601062.5009832,1360,0,0,0,0,73.23186900248402,0.0,0.027259000489721075,5.365931999779954,216.3,891.3125,False
1773601062.6915462,1361,0,0,0,0,65.16509399807546,0.0,0.023722001060377806,5.365931999779954,188.9,891.3125,False
1773601062.878088,1362,0,0,0,0,61.16053000005195,0.0,0.023888998839538544,4.868395700150846,182.3,891.3125,False
1773601063.0639656,1363,0,0,0,0,60.57958199744462,0.0,0.02323999797226861,4.868395700150846,182.9,891.3125,False
1773601063.2517664,1364,0,0,0,0,61.37853199834353,0.0,0.023370001144940034,4.868395700150846,165.1,891.3125,False
1773601063.4385705,1365,0,0,0,0,61.2955869983125,0.0,0.02322200089110993,4.868395700150846,171.3,891.3125,False
1773601063.624919,1366,0,0,0,0,61.173864000011235,0.0,0.024037002731347457,4.868395700150846,171.7,890.0,False
1773601063.811221,1367,0,0,0,0,60.92615899979137,0.0,0.02344499807804823,5.678046680521565,182.5,890.0,False
1773601063.9977548,1368,0,0,0,0,61.5108109996072,0.0,0.02294499790878035,5.678046680521565,176.9,891.3125,False
1773601064.1863296,1369,0,0,0,0,63.25769199975184,0.0,0.022871001419844106,5.678046680521565,169.7,891.3125,False
1773601064.3728848,1370,0,0,0,0,61.22654999853694,0.0,0.02322300133528188,5.678046680521565,182.3,891.3125,False
1773601064.5662265,1371,0,0,0,0,67.99281599887763,0.0,0.024130000383593142,5.678046680521565,170.7,891.3125,False
1773601064.752949,1372,0,0,0,0,61.44595899968408,0.0,0.02383299943176098,5.678046680521565,176.7,891.328125,False
1773601064.938962,1373,0,0,0,0,60.47258100079489,0.0,0.021610998373944312,4.97642834142231,166.7,891.328125,False
1773601065.124938,1374,0,0,0,0,60.76343600216205,0.0,0.02437000148347579,4.97642834142231,177.4,891.328125,False
1773601065.3111567,1375,0,0,0,0,61.30845799998497,0.0,0.02214800042565912,4.97642834142231,177.2,892.640625,False
1773601065.497447,1376,0,0,0,0,61.26832799782278,0.0,0.022074000298744068,4.97642834142231,166.4,892.640625,False
1773601065.6846821,1377,0,0,0,0,61.810183000488905,0.0,0.0228709977818653,4.97642834142231,187.0,892.640625,False
1773601065.8713496,1378,0,0,0,0,63.8934739981778,0.0,0.024536999262636527,5.685154202358206,187.5,892.640625,False
1773601066.077461,1379,0,0,0,0,72.3862150007335,0.0,0.02635200144140981,5.685154202358206,208.6,892.640625,False
1773601066.274956,1380,0,0,0,0,71.71956299862359,0.0,0.03290799941169098,5.685154202358206,212.7,892.640625,False
1773601066.4643822,1381,0,0,0,0,64.13082699873485,0.0,0.02207499710493721,5.685154202358206,190.0,892.640625,False
1773601066.6513577,1382,0,0,0,0,61.44605100053013,0.0,0.02214900086983107,5.685154202358206,171.1,892.640625,False
1773601066.8380315,1383,0,0,0,0,61.0059739992721,0.0,0.023352000425802544,5.685154202358206,176.8,892.640625,False
1773601067.0245824,1384,0,0,0,0,61.223456999869086,0.0,0.02359300196985714,4.85563126735062,176.9,892.640625,False
1773601067.210989,1385,0,0,0,0,61.25577200145926,0.0,0.023332999262493104,4.85563126735062,171.6,892.640625,False
1773601067.3979776,1386,0,0,0,0,61.26314300126978,0.0,0.023647997295483947,4.85563126735062,171.1,892.640625,False
1773601067.5872433,1387,0,0,0,0,64.10647499797051,0.0,0.02288899850100279,4.85563126735062,174.4,892.640625,False
1773601067.775567,1388,0,0,0,0,62.13544499769341,0.0,0.022723001166014,4.85563126735062,175.2,892.640625,False
1773601067.9627223,1389,0,0,0,0,61.71933099903981,0.0,0.024647997634019703,5.651659847018294,171.0,892.640625,False
1773601068.1496603,1390,0,0,0,0,61.41555100111873,0.0,0.02355499964323826,5.651659847018294,171.2,892.640625,False
1773601068.3354907,1391,0,0,0,0,60.59145199833438,0.0,0.022612002794630826,5.651659847018294,177.6,892.640625,False
1773601068.5206184,1392,0,0,0,0,60.02285700014909,0.0,0.023426000552717596,5.651659847018294,183.7,892.640625,False
1773601068.7076735,1393,0,0,0,0,60.826695000287145,0.0,0.022555999748874456,5.651659847018294,165.7,892.640625,False
1773601068.8936117,1394,0,0,0,0,60.64032399808639,0.0,0.022315001842798665,5.651659847018294,182.9,891.25,False
1773601069.0799212,1395,0,0,0,0,61.31612399985897,0.0,0.022315001842798665,5.370518196956372,177.1,892.5625,False
1773601069.267239,1396,0,0,0,0,61.779756000760244,0.0,0.02359300196985714,5.370518196956372,170.8,892.5625,False
1773601069.4534457,1397,0,0,0,0,61.155140996561386,0.0,0.022297001123661175,5.370518196956372,177.2,892.5625,False
1773601069.641019,1398,0,0,0,0,64.80042499970295,0.0,0.025390003429492936,5.370518196956372,191.9,892.5625,False
1773601069.8696122,1399,0,0,0,0,72.30984399939189,0.0,0.02820399822667241,5.370518196956372,196.9,892.5625,False
1773601070.072552,1400,0,0,0,0,76.75622600072529,0.0,0.025018998712766916,5.370518196956372,207.0,892.5625,False
1773601070.2601144,1401,0,0,0,0,61.780997002642835,0.0,0.023184999008663,4.735492142746336,191.9,892.5625,False
1773601070.4470615,1402,0,0,0,0,61.67860799905611,0.0,0.024110999220283702,4.735492142746336,176.5,892.5625,False
1773601070.6325262,1403,0,0,0,0,59.95465199885075,0.0,0.02268499883939512,4.735492142746336,172.6,892.5625,False
1773601070.8192217,1404,0,0,0,0,60.65104599838378,0.0,0.022574000468011945,4.735492142746336,171.4,892.5625,False
1773601071.0066564,1405,0,0,0,0,61.45316200127127,0.0,0.02350000067963265,4.735492142746336,176.1,892.5625,False
1773601071.1936305,1406,0,0,0,0,61.42743999953382,0.0,0.02431499888189137,5.671898886865718,165.8,892.5625,False
1773601071.3799932,1407,0,0,0,0,60.809399001300335,0.0,0.021777999791083857,5.671898886865718,161.0,892.5625,False
1773601071.5668075,1408,0,0,0,0,61.508847000368405,0.0,0.023426000552717596,5.671898886865718,176.7,892.5625,False
1773601071.7534776,1409,0,0,0,0,61.24221599748125,0.0,0.023592998331878334,5.671898886865718,182.1,892.5625,False
1773601071.9400506,1410,0,0,0,0,61.19634499918902,0.0,0.024241002392955124,5.671898886865718,171.5,892.5625,False
1773601072.1257055,1411,0,0,0,0,60.34189499769127,0.0,0.024185999791370705,5.671898886865718,172.4,892.5625,False
1773601072.3112223,1412,0,0,0,0,59.89339199732058,0.0,0.023945001885294914,5.3687194279413015,167.1,892.578125,False
1773601072.496151,1413,0,0,0,0,59.76329899931443,0.0,0.02246300209662877,5.3687194279413015,167.6,892.578125,False
1773601072.6828244,1414,0,0,0,0,60.71847200291813,0.0,0.023648997739655897,5.3687194279413015,182.1,891.265625,False
1773601072.8689132,1415,0,0,0,0,60.9397150001314,0.0,0.02324099841644056,5.3687194279413015,166.6,891.234375,False
1773601073.0555549,1416,0,0,0,0,61.250604998349445,0.0,0.023167001927504316,5.3687194279413015,176.8,890.046875,False
1773601073.2414854,1417,0,0,0,0,60.90414000209421,0.0,0.023704000341240317,5.3687194279413015,182.9,891.359375,False
1773601073.4272232,1418,0,0,0,0,62.789022998913424,0.0,0.02327800029888749,5.376378847007988,199.2,891.359375,False
1773601073.628965,1419,0,0,0,0,72.0146570020006,0.0,0.027592999686021358,5.376378847007988,203.2,891.359375,False
1773601073.8272438,1420,0,0,0,0,72.34236300064367,0.0,0.02653699993970804,5.376378847007988,196.7,891.359375,False
1773601074.0213041,1421,0,0,0,0,64.73959099821514,0.0,0.022481999621959403,5.376378847007988,185.5,891.359375,False
1773601074.2067974,1422,0,0,0,0,60.24520899882191,0.0,0.022075000742916018,5.376378847007988,177.9,891.359375,False
1773601074.3921182,1423,0,0,0,0,60.114597999927355,0.0,0.02298199979122728,5.376378847007988,178.1,891.359375,False
1773601074.5791528,1424,0,0,0,0,61.2248819998058,0.0,0.023111002519726753,4.863606256876275,171.1,891.359375,False
1773601074.7660398,1425,0,0,0,0,61.55088499872363,0.0,0.023036998754832894,4.863606256876275,176.6,891.359375,False
1773601074.9529047,1426,0,0,0,0,61.418549998052185,0.0,0.021815001673530787,4.863606256876275,171.2,891.359375,False
1773601075.1383846,1427,0,0,0,0,60.11935700007598,0.0,0.022203999833436683,4.863606256876275,172.5,891.359375,False
1773601075.3240705,1428,0,0,0,0,60.36993300222093,0.0,0.021628999093081802,4.863606256876275,177.7,891.359375,False
1773601075.509057,1429,0,0,0,0,59.81833700207062,0.0,0.022648000594926998,5.693706494006589,173.0,891.359375,False
1773601075.6942663,1430,0,0,0,0,59.67624299955787,0.0,0.02322200089110993,5.693706494006589,167.4,891.359375,False
1773601076.1246343,1431,1,1,0,0,59.849966997717274,245.16364399823942,0.03442699744482525,5.693706494006589,195.2,858.859375,True
1773601076.5529833,1432,1,1,1,1,60.68826800037641,242.84748100035358,0.037019002775195986,2.873634340433161,186.7,858.859375,True
1773601076.9819827,1433,1,1,1,0,60.74534299841616,243.48724399897037,0.036370998714119196,2.873634340433161,193.5,860.171875,True
1773601077.4100018,1434,1,1,1,0,60.038486000848934,243.32354000216583,0.03583399666240439,2.873634340433161,191.6,861.484375,True
1773601077.8387127,1435,1,1,1,0,60.169320000568405,244.10928599900217,0.03618499977164902,2.3333556477596717,188.9,865.53125,True
1773601078.2657113,1436,1,1,1,0,59.47757499961881,243.1105750001734,0.03870400178129785,2.3333556477596717,192.0,868.203125,True
1773601078.694334,1437,1,1,1,0,60.06668999907561,244.10639599955175,0.036408000596566126,2.3333556477596717,189.0,870.828125,True
1773601079.1594515,1438,1,1,1,0,62.419539000984514,280.4619119997369,0.03550000110408291,2.2714575989209282,219.3,873.453125,True
1773601079.586242,1439,1,1,1,0,59.62705700221704,242.1966429974418,0.03564899816410616,2.2714575989209282,189.8,876.078125,True
1773601080.0156472,1440,1,1,1,0,61.11441899702186,242.6920909965702,0.03657500201370567,2.2714575989209282,193.3,877.390625,True
1773601080.441815,1441,1,0,1,0,59.91946699941764,241.66669500118587,0.022000000171829015,2.3394291291919402,190.1,881.328125,True
1773601080.8713746,1442,1,1,1,0,61.72633000096539,242.7911650011083,0.03581500277505256,2.3394291291919402,188.6,882.578125,True
1773601081.2991529,1443,1,1,1,0,60.47837799997069,243.50979999871925,0.03588899926398881,2.3394291291919402,189.4,886.515625,True
1773601081.7290227,1444,1,1,1,0,61.57008800073527,243.66609699791297,0.03550000110408291,2.3306216337210692,190.8,887.828125,True
1773601082.1573396,1445,1,1,1,0,60.06361600157106,243.52893000104814,0.03522200131556019,2.3306216337210692,186.8,891.765625,True
1773601082.5859637,1446,1,1,1,0,60.43702500028303,243.09759300012956,0.03596299939090386,2.3306216337210692,189.0,893.015625,True
1773601083.0140984,1447,1,1,1,0,59.58377899878542,243.2487059995765,0.035536999348551035,2.334495054075209,191.5,896.96875,True
1773601083.441616,1448,1,1,1,0,60.03291200249805,243.17374200109043,0.03566700252122246,2.334495054075209,189.5,898.28125,True
1773601083.8698504,1449,1,1,1,0,60.355747998983134,243.242464002833,0.03649999780463986,2.334495054075209,189.1,902.21875,True
1773601084.297004,1450,1,0,1,0,60.49128599988762,242.22993899820722,0.02259299799334258,2.338447860406528,187.3,903.625,True
1773601084.7227888,1451,1,0,1,0,59.095701999467565,242.4494599981699,0.02099999983329326,2.338447860406528,190.2,907.5625,True
1773601085.150335,1452,1,0,1,0,61.117733999708435,242.09312400125782,0.022147996787680313,2.338447860406528,191.8,908.875,True
1773601085.577346,1453,1,0,1,0,59.99720800173236,242.5981820015295,0.022407002688851207,2.343116778643467,189.7,912.8125,True
1773601086.005017,1454,1,0,1,0,60.582934002013644,242.7189609989,0.021723000827478245,2.343116778643467,191.7,914.171875,True
1773601086.4329228,1455,1,0,1,0,60.919491999811726,242.6286279987835,0.021463001758093014,2.343116778643467,189.3,918.046875,True
1773601086.8610492,1456,1,0,1,0,61.205844998767134,242.36981099966215,0.022240998077904806,2.3369924741369847,186.9,919.375,True
1773601087.2888198,1457,1,0,1,0,61.07897399851936,242.36995899991598,0.02074099757010117,2.3369924741369847,189.4,923.3125,True
1773601087.4750147,1458,0,0,1,0,63.925622998795006,0.0,0.033906999306054786,2.3369924741369847,193.4,957.0625,False
1773601087.9330697,1459,1,0,1,0,71.5929319994757,260.57800499984296,0.021389001631177962,2.7984600911401865,224.9,928.5625,True
1773601088.3611033,1460,1,0,1,0,60.957252000662265,242.0540870007244,0.021462998120114207,2.7984600911401865,191.6,929.875,True
1773601088.5456846,1461,0,0,1,0,60.11252399912337,0.0,0.031112002034205943,2.7984600911401865,173.4,966.25,False
1773601088.7318146,1462,0,0,1,0,60.73475000084727,0.0,0.031406998459715396,2.7984600911401865,171.9,968.875,False
1773601088.917129,1463,0,0,1,0,60.07048599713016,0.0,0.0313340024149511,2.7984600911401865,172.7,971.5,False
1773601089.1028588,1464,0,0,1,0,59.94604100123979,0.0,0.031333998776972294,3.8185500803553527,172.3,974.125,False
1773601089.2889779,1465,0,0,0,0,60.92239899953711,0.0,0.032222000299952924,3.8185500803553527,177.3,976.75,False
1773601089.4738047,1466,0,0,0,0,59.482963999471394,0.0,0.03314800051157363,3.8185500803553527,173.1,978.0625,False
1773601089.659783,1467,0,0,0,0,60.573249000299256,0.0,0.031666000722907484,3.8185500803553527,177.4,982.0,False
1773601089.8454864,1468,0,0,0,0,60.144393999507884,0.0,0.03142600326100364,3.8185500803553527,166.9,983.3125,False
1773601090.0315115,1469,0,0,0,0,60.776973001338774,0.0,0.03196299803676084,5.7093933403859936,177.4,987.25,False
1773601090.2169635,1470,0,0,0,0,60.31358099789941,0.0,0.03148099858663045,5.7093933403859936,177.9,988.5625,False
1773601090.4022572,1471,0,0,0,0,60.00357800076017,0.0,0.031073999707587063,5.7093933403859936,161.9,992.5,False
1773601090.5876765,1472,0,0,0,0,60.2833949997148,0.0,0.03214900061720982,5.7093933403859936,172.6,993.8125,False
1773601090.7746444,1473,0,0,0,0,61.49069999810308,0.0,0.030351999157574028,5.7093933403859936,181.9,997.75,False
1773601090.9617271,1474,0,0,0,0,62.09270299950731,0.0,0.030963001336203888,5.7093933403859936,176.4,999.0625,False
1773601091.148486,1475,0,0,0,0,61.27929099966423,0.0,0.03242599996156059,5.371678297273223,171.3,1003.0,False
1773601092.4523807,1476,0,0,0,0,61.35631000142894,0.0,0.03209300120943226,0.766924087515165,111.2,894.0625,False
1773601092.637189,1477,0,0,0,0,59.480611998878885,0.0,0.03120399924227968,0.766924087515165,178.6,894.078125,False
1773601092.822248,1478,0,0,0,0,62.511410000297474,0.0,0.03199999991920777,0.766924087515165,189.1,894.078125,False
1773601093.021496,1479,0,0,0,0,68.42363399846363,0.0,0.03327800004626624,0.766924087515165,200.8,894.078125,False
1773601093.2190716,1480,0,0,0,0,71.47711699872161,0.0,0.03624100281740539,0.766924087515165,202.5,894.078125,False
1773601093.414936,1481,0,0,0,0,67.41718199918978,0.0,0.021425999875646085,0.766924087515165,194.0,894.078125,False
1773601093.6000779,1482,0,0,0,0,59.92006000087713,0.0,0.02183299875468947,4.875517099805319,178.2,894.078125,False
1773601093.7849283,1483,0,0,0,0,59.399666999524925,0.0,0.021926000044913962,4.875517099805319,178.5,894.078125,False
1773601093.9731367,1484,0,0,0,0,62.88576399674639,0.0,0.02157400012947619,4.875517099805319,170.0,894.078125,False
1773601094.1578875,1485,0,0,0,0,59.64085400046315,0.0,0.021556003048317507,4.875517099805319,167.8,894.078125,False
1773601094.3426716,1486,0,0,0,0,59.66137200084631,0.0,0.022407002688851207,4.875517099805319,173.2,894.078125,False
1773601094.5273745,1487,0,0,0,0,59.48553800044465,0.0,0.021833002392668277,5.717417297818728,184.1,894.078125,False
1773601094.711795,1488,0,0,0,0,57.975102001364576,0.0,0.021166997612453997,5.717417297818728,168.1,894.078125,False
1773601094.8977044,1489,0,0,0,0,61.10273399826838,0.0,0.02103700171574019,5.717417297818728,193.6,894.078125,False
1773601095.0834105,1490,0,0,0,0,60.42798899943591,0.0,0.02190800296375528,5.717417297818728,172.3,894.078125,False
1773601095.2678013,1491,0,0,0,0,59.76729900066857,0.0,0.022852000256534666,5.717417297818728,179.0,894.078125,False
1773601095.452693,1492,0,0,0,0,60.37343299976783,0.0,0.022443997295340523,5.717417297818728,178.5,894.078125,False
1773601095.637716,1493,0,0,0,0,60.45106300007319,0.0,0.022297001123661175,5.403703213815162,183.8,887.515625,False
1773601095.8231351,1494,0,0,0,0,60.79749199852813,0.0,0.022833002731204033,5.403703213815162,178.0,888.828125,False
1773601096.009651,1495,0,0,0,0,61.31040199761628,0.0,0.021610998373944312,5.403703213815162,166.2,890.140625,False
1773601096.1957712,1496,0,0,0,0,61.414476000209106,0.0,0.022371001250576228,5.403703213815162,177.3,892.765625,False
1773601096.382303,1497,0,0,0,0,61.317661002249224,0.0,0.022444997739512473,5.403703213815162,176.9,892.765625,False
1773601096.566721,1498,0,0,0,0,61.83490600233199,0.0,0.02375899930484593,5.403703213815162,195.2,892.765625,False
1773601096.7640696,1499,0,0,0,0,71.71539599949028,0.0,0.026462999812792987,5.327018030196101,207.8,892.765625,False
1773601096.961944,1500,0,0,0,0,72.4383820015646,0.0,0.02664800194907002,5.327018030196101,212.3,892.765625,False
1773601097.1513271,1501,0,0,0,0,64.5151819990133,0.0,0.02316699828952551,5.327018030196101,190.1,892.765625,False
1773601097.33701,1502,0,0,0,0,60.66702699899906,0.0,0.02379600118729286,5.327018030196101,183.1,892.765625,False
1773601097.5224898,1503,0,0,0,0,60.390470000129426,0.0,0.02270400000270456,5.327018030196101,172.5,892.765625,False
1773601097.7122934,1504,0,0,0,0,64.18323499747203,0.0,0.022833999537397176,5.327018030196101,179.1,892.765625,False
1773601097.8989873,1505,0,0,0,0,61.24143800116144,0.0,0.021129999367985874,4.942087271359605,171.4,892.765625,False
1773601098.0855565,1506,0,0,0,0,61.21182700007921,0.0,0.022944001102587208,4.942087271359605,171.5,892.765625,False
1773601098.2707572,1507,0,0,0,0,60.6299709979794,0.0,0.021796000510221347,4.942087271359605,183.6,896.21875,False
1773601098.4545395,1508,0,0,0,0,58.764903998962836,0.0,0.02375999974901788,4.942087271359605,168.7,892.765625,False
1773601098.6406226,1509,0,0,0,0,61.10021499989671,0.0,0.022795997210778296,4.942087271359605,177.4,892.765625,False
1773601098.8267312,1510,0,0,0,0,61.64623800214031,0.0,0.022332998923957348,5.70910968481937,177.3,892.765625,False
1773601099.0128765,1511,0,0,0,0,61.03962199995294,0.0,0.022203999833436683,5.70910968481937,177.3,892.765625,False
1773601099.1988227,1512,0,0,0,0,60.94791799841914,0.0,0.02268499883939512,5.70910968481937,172.1,892.765625,False
1773601099.3847241,1513,0,0,0,0,61.161068002547836,0.0,0.02324099841644056,5.70910968481937,177.5,892.765625,False
1773601099.5713654,1514,0,0,0,0,61.24691999866627,0.0,0.022593001631321386,5.70910968481937,176.8,892.765625,False
1773601099.7564523,1515,0,0,0,0,60.58106399723329,0.0,0.022259999241214246,5.70910968481937,172.9,892.765625,False
1773601099.9424539,1516,0,0,0,0,61.257309000211535,0.0,0.023111002519726753,5.377656393004596,177.4,891.453125,False
1773601100.1290355,1517,0,0,0,0,61.46251400059555,0.0,0.02353699892410077,5.377656393004596,176.9,891.453125,False
1773601100.3154318,1518,0,0,0,0,64.01058600022225,0.0,0.024130000383593142,5.377656393004596,198.5,891.453125,False
1773601100.512433,1519,0,0,0,0,71.47491300202091,0.0,0.026815003366209567,5.377656393004596,208.1,891.453125,False
1773601100.7102613,1520,0,0,0,0,71.8772859981982,0.0,0.025833000108832493,5.377656393004596,217.4,891.453125,False
1773601100.8998275,1521,0,0,0,0,64.67196099765715,0.0,0.023167001927504316,5.377656393004596,184.6,891.453125,False
1773601101.0857456,1522,0,0,0,0,61.149049000960076,0.0,0.02377800046815537,4.899953106852124,177.5,891.46875,False
1773601101.270537,1523,0,0,0,0,59.59031599923037,0.0,0.02266699812025763,4.899953106852124,184.0,891.46875,False
1773601101.4564495,1524,0,0,0,0,60.6888060028723,0.0,0.02103700171574019,4.899953106852124,172.1,891.484375,False
1773601101.6421494,1525,0,0,0,0,60.09937500130036,0.0,0.022574000468011945,4.899953106852124,166.9,891.484375,False
1773601101.8290267,1526,0,0,0,0,61.177586001576856,0.0,0.024185999791370705,4.899953106852124,176.6,891.484375,False
1773601102.0151591,1527,0,0,0,0,61.05293699874892,0.0,0.0238150023506023,5.701938300998107,177.3,891.484375,False
1773601102.2014263,1528,0,0,0,0,61.20560399722308,0.0,0.02296299862791784,5.701938300998107,171.8,891.484375,False
1773601102.3879933,1529,0,0,0,0,61.200846001156606,0.0,0.023352000425802544,5.701938300998107,176.9,891.484375,False
1773601102.5748436,1530,0,0,0,0,61.671682000451256,0.0,0.024166998628061265,5.701938300998107,171.3,891.484375,False
1773601102.7618117,1531,0,0,0,0,61.743737998767756,0.0,0.023370001144940034,5.701938300998107,181.8,891.484375,False
1773601102.9473684,1532,0,0,0,0,60.35804299972369,0.0,0.023036998754832894,5.701938300998107,172.5,891.484375,False
1773601103.1330488,1533,0,0,0,0,60.85326899847132,0.0,0.02327800029888749,5.367213742688437,183.1,891.484375,False
1773601103.3189096,1534,0,0,0,0,60.687769000651315,0.0,0.023611999495187774,5.367213742688437,172.2,891.484375,False
1773601103.505471,1535,0,0,0,0,61.49484699926688,0.0,0.022722997528035194,5.367213742688437,182.2,892.796875,False
1773601103.6918898,1536,0,0,0,0,61.68021900157328,0.0,0.02329600101802498,5.367213742688437,177.0,892.796875,False
1773601103.8785183,1537,0,0,0,0,61.46590199932689,0.0,0.022036998416297138,5.367213742688437,182.2,892.796875,False
1773601104.0655096,1538,0,0,0,0,64.01882700083661,0.0,0.022833999537397176,5.367213742688437,192.5,892.796875,False
1773601104.26257,1539,0,0,0,0,71.49507999929483,0.0,0.025574001483619213,5.312073071805942,213.1,892.796875,False
1773601104.4608939,1540,0,0,0,0,73.11933099845191,0.0,0.030073999369051307,5.312073071805942,216.8,892.796875,False
1773601104.6512914,1541,0,0,0,0,65.18966799922055,0.0,0.021723000827478245,5.312073071805942,183.8,892.796875,False
1773601104.8393934,1542,0,0,0,0,62.928412000474054,0.0,0.02325899913557805,5.312073071805942,170.1,892.796875,False
1773601105.0255187,1543,0,0,0,0,61.113381998438854,0.0,0.022352000087266788,5.312073071805942,182.7,892.796875,False
1773601105.210876,1544,0,0,0,0,60.020226999768056,0.0,0.02353699892410077,5.312073071805942,183.4,892.796875,False
1773601105.3977113,1545,0,0,0,0,61.214401001052465,0.0,0.02270400000270456,4.942925952935065,171.3,892.796875,False
1773601105.5846717,1546,0,0,0,0,61.370365001494065,0.0,0.022500000341096893,4.942925952935065,171.2,892.796875,False
1773601105.770625,1547,0,0,0,0,59.97378200117964,0.0,0.02109300112351775,4.942925952935065,172.1,892.796875,False
1773601105.957099,1548,0,0,0,0,61.34310500056017,0.0,0.02290699922014028,4.942925952935065,171.6,892.796875,False
1773601106.1427195,1549,0,0,0,0,60.539711001183605,0.0,0.02237099761259742,4.942925952935065,172.4,896.25,False
1773601106.328555,1550,0,0,0,0,60.45156300024246,0.0,0.022536998585565016,5.690356602847369,177.6,892.796875,False
1773601106.5140715,1551,0,0,0,0,60.43309999949997,0.0,0.020611001673387364,5.690356602847369,172.5,896.25,False
1773601106.6998422,1552,0,0,0,0,60.66926800122019,0.0,0.023130000045057386,5.690356602847369,177.6,892.796875,False
1773601106.8861187,1553,0,0,0,0,61.19982699965476,0.0,0.02083300205413252,5.690356602847369,171.8,892.796875,False
1773601107.071318,1554,0,0,0,0,59.829374000401,0.0,0.023074000637279823,5.690356602847369,162.0,891.484375,False
1773601107.2576263,1555,0,0,0,0,61.41649500204949,0.0,0.02244500137749128,5.690356602847369,182.5,891.484375,False
1773601107.4428756,1556,0,0,0,0,60.24115400214214,0.0,0.02212999970652163,5.384305514726177,172.7,890.171875,False
1773601107.6286561,1557,0,0,0,0,60.50943399895914,0.0,0.021926000044913962,5.384305514726177,188.4,891.484375,False
1773601107.814491,1558,0,0,0,0,62.939171999460086,0.0,0.024278000637423247,5.384305514726177,182.9,891.484375,False
1773601108.0155694,1559,0,0,0,0,73.54551899697981,0.0,0.0282219989458099,5.384305514726177,203.9,891.484375,False
1773601108.214227,1560,0,0,0,0,73.18697899972904,0.0,0.027000001864507794,5.384305514726177,221.5,891.484375,False
1773601108.4019935,1561,0,0,0,0,62.80387399965548,0.0,0.021501000446733087,5.384305514726177,181.0,891.484375,False
1773601108.5871558,1562,0,0,0,0,59.99018900183728,0.0,0.021574996935669333,4.892257985501583,172.8,894.953125,False
1773601108.7739203,1563,0,0,0,0,60.41756299964618,0.0,0.02292600038344972,4.892257985501583,171.3,891.5,False
1773601108.961033,1564,0,0,0,0,61.2760129988601,0.0,0.023167001927504316,4.892257985501583,171.0,891.5,False
1773601109.1476874,1565,0,0,0,0,61.492218002968,0.0,0.02377800046815537,4.892257985501583,171.4,891.5,False
1773601109.5802279,1566,1,0,0,0,60.44946999827516,246.80245099807507,0.013926000974606723,4.482915920102571,189.6,859.0625,True
1773601109.7664678,1567,0,0,0,0,61.517144000390545,0.0,0.02294499790878035,4.482915920102571,171.8,891.5,False
1773601110.1950822,1568,1,0,0,0,61.279919998924015,242.03869699704228,0.014537003153236583,4.482915920102571,189.0,859.0,True
1773601110.6234848,1569,1,1,0,0,61.51973699888913,242.33821799862199,0.03433399979257956,2.8756005540534644,189.1,859.0,True
1773601111.0523257,1570,1,1,1,1,61.20904900308233,242.70325800171122,0.03681499947560951,2.8756005540534644,191.2,859.0,True
1773601111.4801762,1571,1,1,1,0,60.58363799820654,242.43888499768218,0.03594499867176637,2.8756005540534644,191.7,859.0,True
1773601111.6668222,1572,0,0,1,0,61.87877599950298,0.0,0.03150100019411184,2.875444156738054,171.5,895.375,False
1773601112.0946753,1573,1,1,1,0,60.334359000989934,242.24018000313663,0.0357409990101587,2.875444156738054,191.6,864.265625,True
1773601112.522615,1574,1,1,1,0,61.39379100204678,242.26355100108776,0.03564799771993421,2.875444156738054,189.3,868.203125,True
1773601112.9518616,1575,1,1,1,0,61.22493899965775,242.55829400135553,0.03657400156953372,2.3345236401160907,191.0,869.515625,True
1773601113.380167,1576,1,1,1,0,61.47031100044842,241.95504900126252,0.035834000300383195,2.3345236401160907,186.8,873.453125,True
1773601113.5659392,1577,0,0,1,0,61.21853099830332,0.0,0.03138900137855671,2.3345236401160907,177.7,907.203125,False
1773601114.0302474,1578,1,0,1,0,63.362156000948744,278.59086399985244,0.022555999748874456,2.781943659885498,219.7,878.703125,True
1773601114.4587538,1579,1,0,1,0,61.16160500096157,242.80062799880398,0.022462998458649963,2.781943659885498,191.4,879.953125,True
1773601114.8886666,1580,1,1,1,0,61.27254999955767,243.96196999805397,0.036686000385088846,2.781943659885498,186.1,883.890625,True
1773601115.3173926,1581,1,0,1,0,61.33360600142623,242.8030539995234,0.022389001969713718,2.3307334443231804,193.6,885.203125,True
1773601115.7495513,1582,1,1,1,0,60.957436999160564,246.6979140008334,0.03642599767772481,2.3307334443231804,187.4,889.140625,True
1773601115.9357944,1583,0,0,1,0,61.44918000063626,0.0,0.030982002499513328,2.3307334443231804,177.2,922.890625,False
1773601116.1226704,1584,0,0,1,0,61.37738399775117,0.0,0.03194499731762335,2.3307334443231804,176.6,926.828125,False
1773601116.5527875,1585,1,0,1,0,61.505903002398554,243.3900399992126,0.022370000806404278,3.2378446811795585,190.6,895.8125,True
1773601116.9827416,1586,1,0,1,0,61.90107200018247,243.46524399879854,0.022240998077904806,3.2378446811795585,186.1,899.6875,True
1773601117.4104075,1587,1,0,1,0,60.54821200086735,242.31403199883061,0.022518001060234383,3.2378446811795585,191.7,901.0,True
1773601117.8388772,1588,1,0,1,0,61.264791002031416,242.39551500068046,0.022295997041510418,2.3326484077519436,186.7,904.9375,True
1773601118.266831,1589,1,0,1,0,61.26062299881596,242.11336500229663,0.022074000298744068,2.3326484077519436,191.6,906.25,True
1773601118.694271,1590,1,0,1,0,60.49861899737152,242.30725499728578,0.022314998204819858,2.3326484077519436,189.5,910.21875,True
1773601119.121779,1591,1,0,1,0,61.14880799941602,241.84901100306888,0.022740998247172683,2.3384495987457807,189.5,911.578125,True
1773601119.550002,1592,1,1,1,0,61.324697999225464,242.38203300046735,0.037444999179570004,2.3384495987457807,189.2,915.453125,True
1773601119.9776595,1593,1,1,1,0,60.43200699787121,242.68392399972072,0.03522200131556019,2.3384495987457807,189.4,916.78125,True
1773601120.4055617,1594,1,1,1,0,61.170586002845084,242.06808699818794,0.035500997910276055,2.3368423046630014,187.0,920.71875,True
1773601120.835054,1595,1,1,1,0,61.418754998157965,243.67096700007096,0.036092998925596476,2.3368423046630014,190.9,922.03125,True
1773601121.2634244,1596,1,0,1,0,61.53533000178868,242.48621899823775,0.02162900273106061,2.3368423046630014,189.1,925.96875,True
1773601121.6912556,1597,1,1,1,0,60.637693997705355,242.37786599769606,0.03812999784713611,2.333381609679253,189.3,927.328125,True
1773601122.1543164,1598,1,1,1,0,64.35456999679445,276.5734610002255,0.03533299968694337,2.333381609679253,218.1,931.265625,True
1773601122.5833232,1599,1,1,1,0,61.52744000064558,242.68694300189964,0.03451899829087779,2.333381609679253,193.5,932.578125,True
1773601123.0121074,1600,1,1,1,0,61.56821799959289,242.889778000972,0.03605600068112835,2.2712550563440534,188.9,936.515625,True
1773601123.4401782,1601,1,1,1,0,61.266494001756655,242.25019799996517,0.03568499960238114,2.2712550563440534,189.2,937.828125,True
1773601123.8684802,1602,1,1,1,0,61.007325999526074,242.5630719990295,0.03540800025803037,2.2712550563440534,189.1,941.765625,True
1773601124.2981274,1603,1,1,1,0,60.45358099800069,244.50464000256034,0.03590800042729825,2.332781171804797,190.9,943.078125,True
1773601124.7336621,1604,1,0,1,0,61.41560699688853,249.57970999821555,0.022389001969713718,2.332781171804797,188.3,947.0,True
1773601125.1622987,1605,1,0,1,0,61.31491999985883,242.7442019979935,0.02331500218133442,2.332781171804797,191.3,948.375,True
1773601125.5904865,1606,1,1,1,0,61.30786400171928,242.24227300146595,0.035260000004200265,2.3213340633942816,186.8,952.265625,True
1773601126.0187643,1607,1,1,1,0,60.70095299946843,242.02908699953696,0.03514900163281709,2.3213340633942816,191.5,953.484375,True
1773601126.4462147,1608,1,1,1,0,60.80762100100401,241.74214000231586,0.033926000469364226,2.3213340633942816,189.5,957.421875,True
1773601126.632587,1609,0,0,1,0,61.759015999996336,0.0,0.031018997106002644,2.8789935647191207,182.5,991.171875,False
1773601127.061842,1610,1,1,1,0,61.243400999956066,242.6404419966275,0.03655500040622428,2.8789935647191207,186.3,962.671875,True
1773601127.4948611,1611,1,0,1,0,61.07449300179724,247.29606599794351,0.022537002223543823,2.8789935647191207,189.4,963.984375,True
1773601127.6814911,1612,0,0,1,0,61.961498999153264,0.0,0.0312409974867478,2.860010128184264,171.5,1000.359375,False
1773601127.8683288,1613,0,0,1,0,61.502959000790725,0.0,0.03209299757145345,2.860010128184264,171.3,1001.671875,False
1773601128.3112264,1614,1,0,1,0,61.2218460009899,256.8092389992671,0.02216700158896856,2.860010128184264,182.9,973.078125,True
1773601128.7485406,1615,1,0,1,0,60.62498999745003,252.05018899941933,0.02211199898738414,2.811513544650043,182.9,974.390625,True
1773601129.1823332,1616,1,0,1,0,61.544883999886224,247.94592200123589,0.02272200072184205,2.811513544650043,184.4,978.328125,True
1773601129.611255,1617,1,0,1,0,61.500883999542566,242.875592000928,0.022184998670127243,2.811513544650043,191.2,979.640625,True
1773601129.7974699,1618,0,0,1,0,63.935160000255564,0.0,0.03288999869255349,2.8600575834105952,182.6,1016.015625,False
1773601130.266446,1619,1,0,1,0,72.00532400020165,270.4880509991199,0.021443996956804767,2.8600575834105952,213.2,984.890625,True
1773601130.4525514,1620,0,0,1,0,61.30882799698156,0.0,0.031611998565495014,2.8600575834105952,182.7,1021.265625,False
1773601130.6382878,1621,0,0,1,0,60.94921499970951,0.0,0.03129600008833222,2.8600575834105952,177.6,1022.578125,False
1773601130.8241663,1622,0,0,1,0,61.23434599794564,0.0,0.03144499714835547,3.8959691856189336,166.8,1026.515625,False
1773601131.010599,1623,0,0,1,0,61.20656799976132,0.0,0.030795999919064343,3.8959691856189336,182.4,1027.828125,False
1773601131.1968079,1624,0,0,1,0,61.30288299755193,0.0,0.03296299837529659,3.8959691856189336,166.5,1031.765625,False
1773601131.3830867,1625,0,0,1,0,61.35210600041319,0.0,0.031629999284632504,3.8959691856189336,171.8,1033.078125,False
1773601131.5695956,1626,0,0,0,0,61.09017800190486,0.0,0.03477800055406988,3.8959691856189336,171.6,1037.015625,False
1773601131.7558312,1627,0,0,0,0,61.20466100037447,0.0,0.031314997613662854,3.8959691856189336,171.8,1038.328125,False
1773601131.9418736,1628,0,0,0,0,61.17488200106891,0.0,0.030851999326841906,5.368152549943622,177.4,1042.265625,False
1773601132.128072,1629,0,0,0,0,61.00834400058375,0.0,0.03201900108251721,5.368152549943622,171.9,1043.578125,False
1773601132.313933,1630,0,0,0,0,60.83006599874352,0.0,0.03155599915771745,5.368152549943622,177.5,1047.515625,False
1773601132.4997103,1631,0,0,0,0,61.15121599941631,0.0,0.031723000574857,5.368152549943622,166.9,1048.828125,False
1773601132.6861107,1632,0,0,0,0,61.48553300226922,0.0,0.032184998417505994,5.368152549943622,177.0,1052.765625,False
1773601132.872039,1633,0,0,0,0,61.05165899862186,0.0,0.030554998375009745,5.368152549943622,177.5,1054.078125,False
1773601133.0580888,1634,0,0,0,0,61.11810400034301,0.0,0.031130002753343433,5.375341861830149,166.6,1058.015625,False
1773601133.24434,1635,0,0,0,0,61.23456799832638,0.0,0.03120399924227968,5.375341861830149,182.6,1059.328125,False
1773601133.430031,1636,0,0,0,0,61.175122998974985,0.0,0.030316001357277855,5.375341861830149,177.7,1063.265625,False
1773601135.1317358,1637,0,0,0,0,60.85432399777346,0.0,0.03229599678888917,1.4467178028591474,109.3,893.953125,False
1773601135.3163989,1638,0,0,0,0,61.598699998285156,0.0,0.03312999979243614,1.4467178028591474,189.6,893.96875,False
1773601135.5201516,1639,0,0,0,0,71.17394799934118,0.0,0.03533299968694337,1.4467178028591474,206.1,893.96875,False
1773601135.7172103,1640,0,0,0,0,71.70011800189968,0.0,0.033018997783074155,1.4467178028591474,213.1,893.96875,False
1773601135.903671,1641,0,0,0,0,61.60181199811632,0.0,0.031055998988449574,1.4467178028591474,187.7,893.96875,False
1773601136.0887887,1642,0,0,0,0,60.072189997299574,0.0,0.023741002223687246,1.4467178028591474,167.5,893.96875,False
1773601136.2742183,1643,0,0,0,0,60.3017479988921,0.0,0.022315001842798665,4.901641217921644,172.6,893.96875,False
1773601136.4602005,1644,0,0,0,0,60.43948899969109,0.0,0.022074000298744068,4.901641217921644,177.4,893.96875,False
1773601136.6460218,1645,0,0,0,0,60.265560998232104,0.0,0.026740999601315707,4.901641217921644,172.2,893.96875,False
1773601136.8321738,1646,0,0,0,0,60.46163700011675,0.0,0.021722000383306295,4.901641217921644,182.6,893.96875,False
1773601137.0170617,1647,0,0,0,0,59.41485299990745,0.0,0.021740997908636928,4.901641217921644,167.7,893.96875,False
1773601137.202589,1648,0,0,0,0,60.263543000473874,0.0,0.02288899850100279,5.710148597411968,172.5,893.984375,False
1773601137.387692,1649,0,0,0,0,59.65866900078254,0.0,0.021314997866284102,5.710148597411968,167.5,893.984375,False
1773601137.574091,1650,0,0,0,0,60.841844002425205,0.0,0.021538002329180017,5.710148597411968,171.7,893.984375,False
1773601137.7604318,1651,0,0,0,0,61.111678998713614,0.0,0.02099999983329326,5.710148597411968,177.1,893.984375,False
1773601137.9458392,1652,0,0,0,0,60.31050599995069,0.0,0.02048099850071594,5.710148597411968,178.0,893.984375,False
1773601138.1301758,1653,0,0,0,0,59.21207299979869,0.0,0.022480999177787453,5.710148597411968,173.6,893.984375,False
1773601138.3150682,1654,0,0,0,0,59.606779999739956,0.0,0.020982002752134576,5.393354593148853,173.1,893.984375,False
1773601138.5010166,1655,0,0,0,0,60.76191700049094,0.0,0.024092998501146212,5.393354593148853,177.5,887.421875,False
1773601138.6885443,1656,0,0,0,0,61.793663997377735,0.0,0.022833999537397176,5.393354593148853,181.3,888.734375,False
1773601138.8755398,1657,0,0,0,0,61.588792999828,0.0,0.022258998797042295,5.393354593148853,171.1,891.359375,False
1773601139.0624099,1658,0,0,0,0,63.94875199839589,0.0,0.023427000996889547,5.393354593148853,187.3,891.359375,False
1773601139.2647262,1659,0,0,0,0,71.36972699663602,0.0,0.0255190025200136,5.393354593148853,202.7,891.359375,False
1773601139.4636228,1660,0,0,0,0,73.30255499982741,0.0,0.02544399831094779,4.938172532941134,211.1,891.375,False
1773601139.6541545,1661,0,0,0,0,65.05770399962785,0.0,0.02327800029888749,4.938172532941134,183.7,891.375,False
1773601139.840867,1662,0,0,0,0,61.32371700005024,0.0,0.022740998247172683,4.938172532941134,176.7,892.6875,False
1773601140.0274878,1663,0,0,0,0,61.57992299995385,0.0,0.02351900184294209,4.938172532941134,166.1,892.6875,False
1773601140.214483,1664,0,0,0,0,61.51725499876193,0.0,0.022537002223543823,4.938172532941134,176.5,892.6875,False
1773601140.4007995,1665,0,0,0,0,60.85267600064981,0.0,0.022295997041510418,5.590647385322171,177.1,896.140625,False
1773601140.5862184,1666,0,0,0,0,60.088837999501266,0.0,0.02012999902945012,5.590647385322171,167.2,896.140625,False
1773601140.77263,1667,0,0,0,0,60.97871499878238,0.0,0.02327800029888749,5.590647385322171,177.1,892.6875,False
1773601140.9585106,1668,0,0,0,0,60.27920999986236,0.0,0.02159300129278563,5.590647385322171,177.5,896.140625,False
1773601141.1451,1669,0,0,0,0,60.82147299821372,0.0,0.02242600021418184,5.590647385322171,166.1,892.6875,False
1773601141.3317575,1670,0,0,0,0,60.737916002835846,0.0,0.022593001631321386,5.590647385322171,166.1,896.140625,False
1773601141.5178509,1671,0,0,0,0,60.14380199849256,0.0,0.021703999664168805,5.37133778109223,172.0,896.140625,False
1773601141.7043273,1672,0,0,0,0,61.21373499991023,0.0,0.022628999431617558,5.37133778109223,182.3,892.6875,False
1773601141.891258,1673,0,0,0,0,61.62012600179878,0.0,0.022648000594926998,5.37133778109223,171.2,892.6875,False
1773601142.0779068,1674,0,0,0,0,61.419513996952446,0.0,0.022834003175375983,5.37133778109223,182.2,892.6875,False
1773601142.2642217,1675,0,0,0,0,61.20623500100919,0.0,0.02216700158896856,5.37133778109223,171.8,892.6875,False
1773601142.4507153,1676,0,0,0,0,61.35392000214779,0.0,0.022037998860469088,5.37133778109223,177.0,892.6875,False
1773601142.6376708,1677,0,0,0,0,61.57818099745782,0.0,0.022036998416297138,5.3579589112404875,176.5,892.6875,False
1773601142.8241038,1678,0,0,0,0,63.462082001933595,0.0,0.02322200089110993,5.3579589112404875,187.7,892.6875,False
1773601143.021086,1679,0,0,0,0,70.79650100058643,0.0,0.02601799860713072,5.3579589112404875,208.1,892.6875,False
1773601143.2201378,1680,0,0,0,0,73.30453699978534,0.0,0.026685000193538144,5.3579589112404875,206.0,892.6875,False
1773601143.4097846,1681,0,0,0,0,64.29792199924123,0.0,0.02099999983329326,5.3579589112404875,195.1,891.375,False
1773601143.5965557,1682,0,0,0,0,61.307531999773346,0.0,0.02296399907208979,5.3579589112404875,166.0,891.375,False
1773601143.7831383,1683,0,0,0,0,61.3048279992654,0.0,0.023074000637279823,4.89352284073496,176.8,891.375,False
1773601143.9698637,1684,0,0,0,0,61.2163830010104,0.0,0.022314998204819858,4.89352284073496,182.1,891.375,False
1773601144.156332,1685,0,0,0,0,60.87762099923566,0.0,0.022000000171829015,4.89352284073496,171.6,891.375,False
1773601144.3437064,1686,0,0,0,0,61.38390200067079,0.0,0.02346299879718572,4.89352284073496,176.1,891.375,False
1773601144.5303965,1687,0,0,0,0,60.85930600238498,0.0,0.02387100175837986,4.89352284073496,176.8,894.828125,False
1773601144.7162895,1688,0,0,0,0,59.908726001594914,0.0,0.02085200321744196,5.6772256071150125,172.1,891.375,False
1773601144.9026487,1689,0,0,0,0,60.7787869994354,0.0,0.021741001546615735,5.6772256071150125,177.1,891.375,False
1773601145.0896618,1690,0,0,0,0,61.464718000934226,0.0,0.022575000912183896,5.6772256071150125,181.8,891.375,False
1773601145.27657,1691,0,0,0,0,61.185234000731725,0.0,0.023092998162610456,5.6772256071150125,165.9,891.375,False
1773601145.463542,1692,0,0,0,0,61.46090299807838,0.0,0.022240998077904806,5.6772256071150125,171.1,891.375,False
1773601145.650396,1693,0,0,0,0,61.43705100112129,0.0,0.02324099841644056,5.6772256071150125,176.6,891.375,False
1773601145.83694,1694,0,0,0,0,60.47439600297366,0.0,0.024110999220283702,5.354076357926103,171.5,891.375,False
1773601146.0233,1695,0,0,0,0,61.26738300008583,0.0,0.020833998860325664,5.354076357926103,182.4,891.375,False
1773601146.210229,1696,0,0,0,0,61.732645001029596,0.0,0.02348199996049516,5.354076357926103,171.2,891.375,False
1773601146.397207,1697,0,0,0,0,61.725979001494125,0.0,0.023667002096772194,5.354076357926103,181.8,891.375,False
1773601146.5832114,1698,0,0,0,0,63.212877001205925,0.0,0.024518998543499038,5.354076357926103,188.2,891.375,False
1773601146.7809403,1699,0,0,0,0,70.93066900051781,0.0,0.02794499960145913,5.354076357926103,207.4,891.375,False
1773601146.9812315,1700,0,0,0,0,73.61418599975877,0.0,0.025018001906573772,4.964587561922645,214.7,891.375,False
1773601147.171558,1701,0,0,0,0,65.01716699858662,0.0,0.02270400000270456,4.964587561922645,183.9,891.375,False
1773601147.3583553,1702,0,0,0,0,61.39716200050316,0.0,0.022314998204819858,4.964587561922645,171.3,891.375,False
1773601147.5440047,1703,0,0,0,0,60.25280199901317,0.0,0.021926000044913962,4.964587561922645,172.4,891.375,False
1773601147.7309804,1704,0,0,0,0,61.339661999227246,0.0,0.023314998543355614,4.964587561922645,171.1,891.375,False
1773601147.9176643,1705,0,0,0,0,61.19358599971747,0.0,0.022019001335138455,5.588710574675631,176.8,891.375,False
1773601148.1042368,1706,0,0,0,0,61.11671500184457,0.0,0.022462998458649963,5.588710574675631,166.2,891.375,False
1773601148.291224,1707,0,0,0,0,61.37293899882934,0.0,0.02301800122950226,5.588710574675631,171.1,891.375,False
1773601148.4771671,1708,0,0,0,0,60.4239519998373,0.0,0.0210190009966027,5.588710574675631,166.7,894.828125,False
1773601148.6641548,1709,0,0,0,0,61.35140300102648,0.0,0.02277700332342647,5.588710574675631,176.5,891.375,False
1773601148.8511791,1710,0,0,0,0,61.221624000609154,0.0,0.021870997443329543,5.588710574675631,171.1,891.375,False
1773601149.0381067,1711,0,0,0,0,61.59314400065341,0.0,0.023592998331878334,5.355083502733418,171.2,891.375,False
1773601149.22497,1712,0,0,0,0,61.34838300204137,0.0,0.023352000425802544,5.355083502733418,165.9,891.375,False
1773601149.4119494,1713,0,0,0,0,61.54668199815205,0.0,0.022258998797042295,5.355083502733418,165.8,891.375,False
1773601149.5979009,1714,0,0,0,0,60.52463699961663,0.0,0.021943997126072645,5.355083502733418,177.5,891.375,False
1773601149.784392,1715,0,0,0,0,61.079363000317244,0.0,0.022907002858119085,5.355083502733418,182.3,891.375,False
1773601149.971036,1716,0,0,0,0,61.32677300047362,0.0,0.023925997084006667,5.355083502733418,176.8,892.6875,False
1773601150.15792,1717,0,0,0,0,61.66297800155007,0.0,0.022018000890966505,5.358018230504553,181.9,892.6875,False
1773601150.3448873,1718,0,0,0,0,64.01006799933384,0.0,0.02487099845893681,5.358018230504553,187.2,892.6875,False
1773601150.5421636,1719,0,0,0,0,71.30882000274141,0.0,0.027777001378126442,5.358018230504553,207.9,892.6875,False
1773601150.7402916,1720,0,0,0,0,72.76895799805061,0.0,0.027000001864507794,5.358018230504553,212.0,892.6875,False
1773601150.9305243,1721,0,0,0,0,65.03940700349631,0.0,0.022555999748874456,5.358018230504553,189.2,892.6875,False
1773601151.1161067,1722,0,0,0,0,60.49237800107221,0.0,0.023500997485825792,5.358018230504553,177.8,892.6875,False
1773601151.3027217,1723,0,0,0,0,60.9845850012789,0.0,0.02212899926234968,4.894886603010522,176.8,892.6875,False
1773601151.4895885,1724,0,0,0,0,61.18501200035098,0.0,0.022556003386853263,4.894886603010522,171.2,892.6875,False
1773601151.6761143,1725,0,0,0,0,61.05729000046267,0.0,0.022444997739512473,4.894886603010522,171.6,892.6875,False
1773601151.862975,1726,0,0,0,0,61.37293899882934,0.0,0.02374099858570844,4.894886603010522,171.3,892.6875,False
1773601152.0498824,1727,0,0,0,0,61.526977999164956,0.0,0.02248200325993821,4.894886603010522,176.6,892.6875,False
1773601152.2363176,1728,0,0,0,0,61.206457001389936,0.0,0.022370000806404278,5.676878547650945,171.6,892.6875,False
1773601152.423347,1729,0,0,0,0,61.449292003089795,0.0,0.022259999241214246,5.676878547650945,176.4,892.6875,False
1773601152.6100411,1730,0,0,0,0,61.43219799923827,0.0,0.021815001673530787,5.676878547650945,176.8,892.6875,False
1773601153.0422366,1731,1,0,0,0,61.34377300259075,245.72318399805226,0.01440699998056516,5.676878547650945,192.0,860.28125,True
1773601153.4712636,1732,1,0,0,0,61.81097900116583,242.64614600178902,0.014314999134512618,3.2389473334677006,186.5,860.3125,True
1773601153.6570096,1733,0,0,0,0,61.66284900245955,0.0,0.02185199991799891,3.2389473334677006,172.3,892.75,False
1773601153.8442056,1734,0,0,0,0,61.63556999672437,0.0,0.02290799966431223,3.2389473334677006,171.0,892.75,False
1773601154.0308542,1735,0,0,0,0,61.490459000197006,0.0,0.022648000594926998,3.2389473334677006,171.4,891.4375,False
1773601154.2175422,1736,0,0,0,0,61.71657099912409,0.0,0.022389001969713718,3.2389473334677006,176.8,891.4375,False
1773601154.6490633,1737,1,0,0,0,61.3094580003235,245.06629099778365,0.013463002687785774,4.2451902464461,187.7,859.0625,True
1773601154.8354576,1738,0,0,0,0,64.20893899849034,0.0,0.023777996830176562,4.2451902464461,193.2,891.5,False
1773601155.0327725,1739,0,0,0,0,71.27285599926836,0.0,0.028277998353587463,4.2451902464461,207.8,892.8125,False
1773601155.230093,1740,0,0,0,0,71.47137599895359,0.0,0.027758997021010146,4.2451902464461,223.0,892.8125,False
1773601155.4205995,1741,0,0,0,0,65.27681700026733,0.0,0.021556003048317507,4.2451902464461,183.7,892.8125,False
1773601155.8513758,1742,1,1,0,0,61.04202999995323,244.53684300169698,0.03370400008861907,4.158671669402228,185.7,860.40625,True
1773601156.0374618,1743,0,0,0,0,61.582774000271456,0.0,0.03098199886153452,4.158671669402228,182.7,892.84375,False
1773601156.2231722,1744,0,0,0,0,60.584175000258256,0.0,0.03163000292261131,4.158671669402228,166.9,892.84375,False
1773601156.4095078,1745,0,0,0,0,60.7715090009151,0.0,0.03181500142090954,4.158671669402228,171.7,892.84375,False
1773601156.5970345,1746,0,0,0,0,61.48290299825021,0.0,0.032740997994551435,4.158671669402228,170.6,892.84375,False
1773601157.0257177,1747,1,0,0,0,61.08582600063528,242.42564500309527,0.022574000468011945,4.2577080857294485,193.6,860.40625,True
1773601157.4532785,1748,1,0,0,0,61.200197000289336,241.7880659995717,0.021406998712336645,4.2577080857294485,187.1,860.40625,True
1773601157.8808625,1749,1,1,1,1,59.803742999065435,242.75190600019414,0.0980929980869405,4.2577080857294485,191.8,860.421875,True
1773601158.066864,1750,0,0,1,0,60.80184299935354,0.0,0.03259299774072133,2.881516031994372,172.1,892.859375,False
1773601158.2520869,1751,0,0,1,0,60.27530199935427,0.0,0.03201799700036645,2.881516031994372,167.4,895.484375,False
1773601158.4390862,1752,0,0,1,0,62.001553997106384,0.0,0.032222000299952924,2.881516031994372,176.5,898.109375,False
1773601158.8678086,1753,1,0,1,0,60.489859999506734,242.94903699774295,0.02244400093331933,2.881516031994372,193.6,868.34375,True
1773601159.2990162,1754,1,0,1,0,60.42208199869492,246.2033359988709,0.021945001208223403,3.246281781060975,183.2,870.96875,True
1773601159.7314231,1755,1,0,1,0,59.948837999399984,247.60969700218993,0.021870997443329543,3.246281781060975,187.3,873.59375,True
1773601159.9168792,1756,0,0,1,0,60.90960300207371,0.0,0.03285200000391342,3.246281781060975,172.6,908.65625,False
1773601160.102598,1757,0,0,1,0,60.607120001805015,0.0,0.03205599932698533,3.246281781060975,172.3,911.28125,False
1773601160.2884803,1758,0,0,1,0,63.24761799987755,0.0,0.03346399898873642,3.246281781060975,193.7,913.90625,False
1773601160.7497637,1759,2,0,1,0,75.00536199950147,260.65941200067755,0.022112002625362948,3.7986206771632864,223.3,884.109375,True
1773601161.1774693,1760,2,0,1,0,60.01952299993718,242.87814799754415,0.02188900180044584,3.7986206771632864,189.4,886.734375,True
1773601161.6049988,1761,2,0,1,0,60.393932999431854,242.48271899705287,0.022000000171829015,2.3943211777029543,191.8,889.359375,True
1773601162.0361066,1762,2,1,1,0,61.57258799794363,244.91419799960568,0.06275899795582518,2.3943211777029543,185.6,891.984375,True
1773601162.4657583,1763,2,1,1,0,61.45153199759079,243.83009799930733,0.03561199991963804,2.3943211777029543,188.5,894.609375,True
1773601162.8948207,1764,1,0,1,0,62.20500000199536,242.2125880002568,0.022629999875789508,2.3259008608093037,188.8,897.234375,True
1773601163.3235219,1765,1,0,1,0,61.830460999772185,242.10230899916496,0.022055999579606578,2.3259008608093037,195.9,899.859375,True
1773601163.7518542,1766,1,0,1,0,60.82241699914448,242.9138139996212,0.022277999960351735,2.3259008608093037,189.1,902.484375,True
1773601164.178831,1767,1,0,1,0,60.80574999941746,241.65510199964046,0.021702999219996855,2.336435728721259,189.7,905.109375,True
1773601164.6066294,1768,2,0,1,0,61.63177400230779,241.72060300043086,0.021796000510221347,2.336435728721259,189.3,907.734375,True
1773601165.035197,1769,1,0,1,0,61.55716300054337,242.21223600034136,0.021777999791083857,2.336435728721259,191.3,910.359375,True
1773601165.221275,1770,0,0,1,0,61.66242299877922,0.0,0.03235199983464554,2.8779005062377436,172.0,945.421875,False
1773601165.408449,1771,0,0,1,0,61.44936500277254,0.0,0.031888997909845784,2.8779005062377436,181.7,948.046875,False
1773601165.5952678,1772,0,0,1,0,61.52688399743056,0.0,0.03075900167459622,2.8779005062377436,182.0,950.671875,False
1773601165.7816777,1773,0,0,1,0,61.280548998183804,0.0,0.031610998121323064,2.8779005062377436,177.0,953.296875,False
1773601165.9688148,1774,0,0,1,0,61.53962499956833,0.0,0.032500000088475645,2.8779005062377436,176.3,955.921875,False
1773601166.1560848,1775,0,0,1,0,61.61301499741967,0.0,0.032223000744124874,2.8779005062377436,170.9,958.546875,False
1773601166.3426912,1776,0,0,1,0,61.33449499975541,0.0,0.03149999974993989,5.350423512603327,171.5,961.171875,False
1773601166.529467,1777,0,0,1,0,61.47586600127397,0.0,0.031054998544277623,5.350423512603327,182.0,963.796875,False
1773601166.9918828,1778,1,1,1,0,64.01162399924942,274.6554479999759,0.058777997764991596,5.350423512603327,222.7,933.984375,True
1773601167.1788514,1779,0,0,1,0,61.729403998469934,0.0,0.03142600326100364,5.350423512603327,181.9,969.046875,False
1773601167.3653543,1780,0,0,1,0,61.40566099929856,0.0,0.03211100192856975,3.9113582965096407,171.6,971.671875,False
1773601167.5518827,1781,0,0,1,0,61.2474019981164,0.0,0.0318710008286871,3.9113582965096407,171.6,974.296875,False
1773601167.737812,1782,0,0,1,0,60.817825000412995,0.0,0.031741001293994486,3.9113582965096407,177.5,976.921875,False
1773601167.9244406,1783,0,0,1,0,61.32990200057975,0.0,0.03185199966537766,3.9113582965096407,182.2,979.546875,False
1773601168.3536851,1784,1,1,1,0,60.74752700078534,243.4164839978621,0.035852001019520685,3.9113582965096407,186.4,949.734375,True
1773601168.806607,1785,1,0,1,0,61.88386799840373,266.17552200332284,0.022480999177787453,3.8053039497580237,187.7,952.296875,True
1773601169.2334087,1786,1,0,1,0,61.28217999867047,241.67493600180023,0.021722000383306295,3.8053039497580237,185.1,954.921875,True
1773601169.662315,1787,1,1,1,0,61.731867997878,242.23623600119026,0.03499999729683623,2.4080575090180787,188.9,957.546875,True
1773601170.091006,1788,1,0,1,0,61.615070000698324,242.61014600051567,0.021648000256391242,2.4080575090180787,191.3,962.25,True
1773601170.5182283,1789,1,0,1,0,59.98646800071583,242.7079799999774,0.021629999537253752,2.4080575090180787,191.9,962.84375,True
1773601170.9468074,1790,1,0,1,0,61.2700869969558,243.0083149993152,0.021649000700563192,2.335561440748751,189.0,965.46875,True
1773601171.3745244,1791,1,0,1,0,60.50289699851419,242.7241650002543,0.02183299875468947,2.335561440748751,191.7,968.09375,True
1773601171.802836,1792,1,0,1,0,60.95358400125406,243.14435300038895,0.022814001567894593,2.335561440748751,193.8,970.71875,True
1773601172.2312922,1793,1,1,1,0,61.09358600224368,243.08472299890127,0.03542700142133981,2.335557105633701,191.4,973.359375,True
1773601172.660101,1794,1,1,1,0,61.248863999935566,243.14387100093882,0.03461099913693033,2.335557105633701,188.9,975.984375,True
1773601173.0887287,1795,1,1,1,0,61.013233000267064,242.874555002345,0.06377799945767038,2.335557105633701,191.3,978.625,True
1773601173.2738903,1796,0,0,1,0,60.90075099928072,0.0,0.03264800034230575,2.8775102353226627,178.2,1013.6875,False
1773601173.461176,1797,0,0,1,0,61.75690399686573,0.0,0.031723000574857,2.8775102353226627,176.2,1016.3125,False
1773601173.9240675,1798,1,1,1,0,63.778102998185204,276.3684040000953,0.03477800055406988,2.8775102353226627,222.5,986.5,True
1773601174.10961,1799,0,0,1,0,60.67112000164343,0.0,0.031945000955602154,2.8775102353226627,172.5,1021.5625,False
1773601174.5388567,1800,1,0,1,0,60.47471100100665,243.12861200087355,0.022759999410482123,3.162078912426224,191.0,991.75,True
1773601174.7245705,1801,0,0,1,0,61.034436999761965,0.0,0.03294500129413791,3.162078912426224,183.1,1026.8125,False
1773601174.911453,1802,0,0,1,0,61.528532998636365,0.0,0.032443997042719275,3.162078912426224,176.5,1029.4375,False
1773601175.0978842,1803,0,0,1,0,61.0039550010697,0.0,0.03285200000391342,3.162078912426224,177.0,1032.0625,False
1773601175.2845461,1804,0,0,1,0,61.16467800165992,0.0,0.032184998417505994,3.162078912426224,176.8,1034.6875,False
1773601175.4708505,1805,0,0,1,0,60.93639900063863,0.0,0.03159300104016438,3.162078912426224,171.7,1037.3125,False
1773601175.9021308,1806,1,0,1,0,62.23709300320479,243.3423729999049,0.02218500230810605,4.40116691375237,194.8,1007.5,True
1773601176.0872524,1807,0,0,1,0,60.42550799975288,0.0,0.03257500065956265,4.40116691375237,172.9,1042.5625,False
1773601176.2745867,1808,0,0,1,0,61.58401500215405,0.0,0.03294400084996596,4.40116691375237,176.2,1045.1875,False
1773601176.7038598,1809,1,0,1,0,61.637052000151016,242.28162500003236,0.021944000764051452,4.40116691375237,188.7,1015.3125,True
1773601177.133274,1810,1,1,1,0,61.46292099947459,242.83527700026752,0.036092998925596476,3.249012692036797,188.6,1017.9375,True
1773601177.5619814,1811,1,1,1,0,61.37732799834339,242.6096269991831,0.03527799708535895,3.249012692036797,191.3,1020.5625,True
1773601177.9904811,1812,1,1,1,0,60.674935000861296,242.98083300163853,0.03522300175973214,3.249012692036797,191.4,1023.203125,True
1773601178.4201531,1813,1,1,1,0,61.549589001515415,243.52872600138653,0.03470399678917602,2.3312248474031017,193.2,1025.765625,True
1773601178.8496566,1814,1,1,1,0,60.64354500267655,243.80148699856363,0.035296001442475244,2.3312248474031017,193.2,1028.390625,True
1773601179.2783556,1815,1,1,1,0,60.82987999980105,243.68404200140503,0.03624099917942658,2.3312248474031017,191.3,1031.015625,True
1773601179.7069833,1816,1,1,1,0,60.40660000144271,243.6404109976138,0.03518599987728521,2.3313138230108565,191.3,1033.578125,True
1773601180.1372411,1817,1,1,1,0,61.918127998069394,243.80680200192728,0.03475899939076044,2.3313138230108565,190.6,1036.171875,True
1773601180.6017556,1818,1,1,1,0,64.19014299899573,278.1658419989981,0.0359820005542133,2.3313138230108565,219.6,1039.015625,True
1773601181.0299618,1819,2,1,1,0,61.29569800032186,242.12182799965376,0.034722001146292314,2.2676093269083655,191.5,1041.640625,True
1773601181.4569435,1820,1,1,1,0,60.65025000134483,242.00817899691174,0.035018001653952524,2.2676093269083655,189.7,1044.265625,True
1773601181.8856246,1821,1,0,1,0,61.13636400186806,243.22455700166756,0.0220929978240747,2.2676093269083655,189.0,1046.890625,True
1773601182.0708418,1822,0,0,1,0,60.978492998401634,0.0,0.03072199979214929,2.88224933841573,172.8,1081.953125,False
1773601182.4978752,1823,1,0,1,0,60.18822800251655,241.91967799924896,0.021610998373944312,2.88224933841573,194.4,1052.09375,True
1773601182.9255404,1824,1,1,1,0,60.64743399838335,242.2541249979986,0.036130000808043405,2.88224933841573,194.1,1054.71875,True
1773601183.3589919,1825,1,0,1,0,61.730329998681555,247.0690830014064,0.021944000764051452,2.3288867073738846,184.6,1057.34375,True
1773601183.7864244,1826,1,0,1,0,61.04456699904404,241.47065699798986,0.0220929978240747,2.3288867073738846,189.5,1059.96875,True
1773601184.2145944,1827,1,0,1,0,60.69999000101234,243.05364899919368,0.021370000467868522,2.3288867073738846,191.5,1062.59375,True
1773601184.6421607,1828,1,0,1,0,60.99445599829778,242.1636610015412,0.021926000044913962,2.337959489454304,191.8,1065.15625,True
1773601184.8274617,1829,0,0,1,0,60.97886199859204,0.0,0.03129600008833222,2.337959489454304,172.7,1100.21875,False
1773601185.2548501,1830,1,0,1,0,61.0532710015832,241.29500799972448,0.022277999960351735,2.337959489454304,187.2,1070.40625,True
1773601185.6827173,1831,1,0,1,0,61.35766100123874,242.19217999780085,0.02181499803555198,2.883076818736304,191.6,1073.03125,True
1773601186.1097438,1832,1,0,1,0,60.844306000944925,241.61660199752077,0.0224069990508724,2.883076818736304,192.0,1075.65625,True
1773601186.5372071,1833,1,0,1,0,61.111160001019016,242.01095700118458,0.021777999791083857,2.883076818736304,189.5,1078.28125,True
1773601186.7235234,1834,0,0,1,0,61.77257200033637,0.0,0.031425999623024836,2.882436189888885,171.8,1113.34375,False
1773601186.9089367,1835,0,0,1,0,60.245597996981815,0.0,0.03296399881946854,2.882436189888885,178.0,1115.96875,False
1773601187.0941036,1836,0,0,1,0,60.495470999740064,0.0,0.03177799953846261,2.882436189888885,172.8,1118.59375,False
1773601187.280638,1837,0,0,1,0,61.305660998186795,0.0,0.03209299757145345,2.882436189888885,176.9,1121.21875,False
1773601187.4665906,1838,0,0,1,0,63.659360999736236,0.0,0.03320399991935119,2.882436189888885,188.2,1123.84375,False
1773601187.9249072,1839,1,0,1,0,72.54817899956834,260.29922499947133,0.02216700158896856,4.1617978616220155,226.9,1094.03125,True
1773601188.1099274,1840,0,0,0,0,60.76658299934934,0.0,0.03105500218225643,4.1617978616220155,178.4,1129.09375,False
1773601188.2957516,1841,0,0,0,0,60.725472001649905,0.0,0.03183400258421898,4.1617978616220155,172.2,1131.71875,False
1773601188.4816132,1842,0,0,0,0,60.90801100071985,0.0,0.03074100095545873,4.1617978616220155,177.6,1134.34375,False
1773601188.6663234,1843,0,0,0,0,60.0865230007912,0.0,0.03133300197077915,4.1617978616220155,184.1,1136.96875,False
1773601189.0956085,1844,1,0,0,0,61.22029099788051,242.705073000252,0.022222000552574173,4.270948737666671,193.3,1107.15625,True
1773601189.5227153,1845,1,1,0,0,60.70336100310669,242.3215140006505,0.03501799801597372,4.270948737666671,189.6,1109.78125,True
1773601189.7077625,1846,0,0,0,0,60.450860000855755,0.0,0.03344400101923384,4.270948737666671,178.4,1144.859375,False
1773601189.8933773,1847,0,0,0,0,60.06165300277644,0.0,0.03259300137870014,4.270948737666671,177.8,1147.484375,False
1773601190.079608,1848,0,0,0,0,60.558138000487816,0.0,0.03368599936948158,4.270948737666671,161.1,1150.109375,False
1773601192.3660445,1849,0,0,0,0,61.44468099955702,0.0,0.03300100070191547,0.44977076650439346,105.8,895.484375,False
1773601192.5520604,1850,0,0,0,0,60.64276699908078,0.0,0.031963001674739644,0.44977076650439346,182.8,895.484375,False
1773601192.7371216,1851,0,0,0,0,59.717353997257305,0.0,0.03149999974993989,0.44977076650439346,172.9,895.484375,False
1773601192.9220874,1852,0,0,0,0,59.58815000121831,0.0,0.038370002584997565,0.44977076650439346,173.0,895.484375,False
1773601193.1058645,1853,0,0,0,0,58.47158700271393,0.0,0.03072300023632124,0.44977076650439346,174.1,895.484375,False
1773601193.2907517,1854,0,0,0,0,59.67629799852148,0.0,0.030223000067053363,0.44977076650439346,173.1,895.484375,False
1773601193.4753067,1855,0,0,0,0,59.44098199688597,0.0,0.030130002414807677,5.409122622396065,173.4,895.484375,False
1773601193.660929,1856,0,0,0,0,60.69045399999595,0.0,0.022500000341096893,5.409122622396065,183.2,895.484375,False
1773601193.8449554,1857,0,0,0,0,59.22870300128125,0.0,0.02300000051036477,5.409122622396065,173.9,895.484375,False
1773601194.0298457,1858,0,0,0,0,62.07083299887017,0.0,0.02294499790878035,5.409122622396065,194.7,895.484375,False
1773601194.2276862,1859,0,0,0,0,69.20097200054443,0.0,0.026073998014908284,5.409122622396065,202.2,895.484375,False
1773601194.4260182,1860,0,0,0,0,72.14984300298966,0.0,0.026166999305132776,5.409122622396065,206.7,895.484375,False
1773601194.6130228,1861,0,0,0,0,61.549570000352105,0.0,0.021185998775763437,4.931610318617255,197.8,895.484375,False
1773601194.798014,1862,0,0,0,0,59.6087610028917,0.0,0.02159300129278563,4.931610318617255,173.0,895.484375,False
1773601194.9835896,1863,0,0,0,0,60.02250500023365,0.0,0.02024000059464015,4.931610318617255,177.8,895.5,False
1773601195.1697621,1864,0,0,0,0,60.521156003233045,0.0,0.021463001758093014,4.931610318617255,177.3,895.5,False
1773601195.355059,1865,0,0,0,0,59.67814999894472,0.0,0.022815002012066543,4.931610318617255,172.7,895.5,False
1773601195.5402818,1866,0,0,0,0,59.336204001738224,0.0,0.021500000002561137,5.708271835040995,172.8,895.5,False
1773601195.7256935,1867,0,0,0,0,59.460519998538075,0.0,0.021389001631177962,5.708271835040995,172.6,895.5,False
1773601195.9115276,1868,0,0,0,0,60.19213500258047,0.0,0.022555999748874456,5.708271835040995,177.6,891.5625,False
1773601196.097983,1869,0,0,0,0,60.838898996735225,0.0,0.023092998162610456,5.708271835040995,177.0,892.875,False
1773601196.2837672,1870,0,0,0,0,60.191486998519395,0.0,0.022315001842798665,5.708271835040995,177.6,892.875,False
1773601196.469647,1871,0,0,0,0,60.635637997620506,0.0,0.022554999304702505,5.708271835040995,177.5,892.875,False
1773601196.656679,1872,0,0,0,0,61.77694199868711,0.0,0.022555999748874456,5.3747242247003255,176.5,892.875,False
1773601196.8425784,1873,0,0,0,0,60.83599100020365,0.0,0.023648000933462754,5.3747242247003255,172.1,892.875,False
1773601197.028438,1874,0,0,0,0,60.56761999934679,0.0,0.02507499812054448,5.3747242247003255,172.2,892.875,False
1773601197.2151973,1875,0,0,0,0,61.554125997645315,0.0,0.023370997951133177,5.3747242247003255,182.1,892.875,False
1773601197.4016418,1876,0,0,0,0,61.44366199805518,0.0,0.02244400093331933,5.3747242247003255,177.0,892.875,False
1773601197.5868645,1877,0,0,0,0,59.92709700149135,0.0,0.02266699812025763,5.3747242247003255,172.8,892.875,False
1773601197.7720344,1878,0,0,0,0,62.00962900038576,0.0,0.02290799966431223,5.379194389148512,194.4,892.875,False
1773601197.9741042,1879,0,0,0,0,72.81692200194811,0.0,0.026944999262923375,5.379194389148512,212.8,892.875,False
1773601198.1727989,1880,0,0,0,0,69.33060300070792,0.0,0.06451900117099285,5.379194389148512,196.3,892.875,False
1773601198.3672547,1881,0,0,0,0,68.776006999542,0.0,0.02270400000270456,5.379194389148512,200.5,892.875,False
1773601198.553448,1882,0,0,0,0,60.826971999631496,0.0,0.023352000425802544,5.379194389148512,177.2,892.875,False
1773601198.7402792,1883,0,0,0,0,61.304254002607195,0.0,0.023054999473970383,5.379194389148512,171.3,892.875,False
1773601198.9274683,1884,0,0,0,0,61.4253470012045,0.0,0.022036998416297138,4.845788247700959,171.0,892.875,False
1773601199.1141043,1885,0,0,0,0,61.163438000221504,0.0,0.02329600101802498,4.845788247700959,176.8,892.875,False
1773601199.2993698,1886,0,0,0,0,59.75361399760004,0.0,0.021704003302147612,4.845788247700959,178.1,892.875,False
1773601199.4858403,1887,0,0,0,0,60.915751000720775,0.0,0.023351996787823737,4.845788247700959,166.2,892.875,False
1773601199.6710277,1888,0,0,0,0,59.78826299906359,0.0,0.02107399996020831,4.845788247700959,172.8,896.328125,False
1773601199.85649,1889,0,0,0,0,60.03954200059525,0.0,0.02266699812025763,5.699975266563928,172.5,892.875,False
1773601200.0448165,1890,0,0,0,0,62.76504099878366,0.0,0.02344499807804823,5.699975266563928,185.9,892.875,False
1773601200.2311246,1891,0,0,0,0,60.63091599935433,0.0,0.0204820025828667,5.699975266563928,171.8,896.328125,False
1773601200.4165537,1892,0,0,0,0,60.19689500317327,0.0,0.022038002498447895,5.699975266563928,178.0,892.875,False
1773601200.6032605,1893,0,0,0,0,61.26703100017039,0.0,0.022518997866427526,5.699975266563928,176.7,892.875,False
1773601200.790432,1894,0,0,0,0,61.49966299926746,0.0,0.023630000214325264,5.699975266563928,176.3,892.875,False
1773601200.9762104,1895,0,0,0,0,60.68471200342174,0.0,0.022649001039098948,5.358460884942185,172.2,892.875,False
1773601201.1625073,1896,0,0,0,0,61.15447500269511,0.0,0.02211099854321219,5.358460884942185,177.1,892.875,False
1773601201.3492427,1897,0,0,0,0,61.5136070009612,0.0,0.022777996491640806,5.358460884942185,171.4,892.875,False
1773601201.5350668,1898,0,0,0,0,62.801929998386186,0.0,0.025388999347342178,5.358460884942185,188.4,892.875,False
1773601201.7360637,1899,0,0,0,0,74.87949099959224,0.0,0.027203997888136655,5.358460884942185,209.0,892.875,False
1773601201.932283,1900,0,0,0,0,69.99903299947619,0.0,0.025610999728087336,5.358460884942185,224.2,892.875,False
1773601202.1216424,1901,0,0,0,0,63.56702799894265,0.0,0.022537002223543823,4.904853441579992,195.4,892.875,False
1773601202.3076472,1902,0,0,0,0,60.58863799989922,0.0,0.023037999199004844,4.904853441579992,166.7,892.890625,False
1773601202.4935713,1903,0,0,0,0,60.49804500071332,0.0,0.02161100201192312,4.904853441579992,182.9,892.890625,False
1773601202.6805675,1904,0,0,0,0,61.48064300214173,0.0,0.021723000827478245,4.904853441579992,171.2,892.890625,False
1773601202.867357,1905,0,0,0,0,61.285846000828315,0.0,0.022778000129619613,4.904853441579992,171.3,892.890625,False
1773601203.0535908,1906,0,0,0,0,60.780990999774076,0.0,0.021166997612453997,5.6712163363542025,166.5,892.890625,False
1773601203.2411945,1907,0,0,0,0,61.91335000039544,0.0,0.024258999474113807,5.6712163363542025,170.6,892.890625,False
1773601203.428486,1908,0,0,0,0,61.733292997814715,0.0,0.02348199996049516,5.6712163363542025,170.9,892.890625,False
1773601203.6154063,1909,0,0,0,0,61.246846002177335,0.0,0.022018997697159648,5.6712163363542025,171.2,892.890625,False
1773601203.8011417,1910,0,0,0,0,60.17935700219823,0.0,0.02292600038344972,5.6712163363542025,183.1,892.890625,False
1773601203.987902,1911,0,0,0,0,61.19973500244669,0.0,0.022833999537397176,5.6712163363542025,166.0,892.890625,False
1773601204.1733294,1912,0,0,0,0,59.93448499793885,0.0,0.02187100108130835,5.358412965210102,183.4,892.890625,False
1773601204.3600445,1913,0,0,0,0,61.166512001364026,0.0,0.022203999833436683,5.358412965210102,171.4,892.890625,False
1773601204.5470455,1914,0,0,0,0,61.36234699806664,0.0,0.023075001081451774,5.358412965210102,171.1,892.890625,False
1773601204.7336416,1915,0,0,0,0,61.439920998964226,0.0,0.0224069990508724,5.358412965210102,176.8,892.890625,False
1773601204.9206553,1916,0,0,0,0,61.641108000912936,0.0,0.022202999389264733,5.358412965210102,171.1,892.890625,False
1773601205.1073918,1917,0,0,0,0,61.313179998251144,0.0,0.02188900180044584,5.358412965210102,176.7,892.890625,False
1773601205.2937827,1918,0,0,0,0,63.186710998706985,0.0,0.023704000341240317,5.355042480385525,193.1,892.890625,False
1773601205.4889908,1919,0,0,0,0,69.22389800092787,0.0,0.029556002118624747,5.355042480385525,210.0,896.34375,False
1773601205.6872125,1920,0,0,0,0,72.35547399977804,0.0,0.025167002604575828,5.355042480385525,211.9,896.34375,False
1773601205.8799322,1921,0,0,0,0,66.16247100100736,0.0,0.02264899740112014,5.355042480385525,197.2,892.890625,False
1773601206.0637665,1922,0,0,0,0,58.54825499773142,0.0,0.02298099934705533,5.355042480385525,174.1,892.890625,False
1773601206.2505505,1923,0,0,0,0,61.37893999766675,0.0,0.02316699828952551,5.355042480385525,176.7,892.890625,False
1773601206.436605,1924,0,0,0,0,60.3554509980313,0.0,0.023445001716027036,4.901826820749423,177.4,892.890625,False
1773601206.623293,1925,0,0,0,0,61.352458000328625,0.0,0.023833999875932932,4.901826820749423,171.4,892.890625,False
1773601206.8104568,1926,0,0,0,0,61.49105099757435,0.0,0.02290799966431223,4.901826820749423,176.3,892.890625,False
1773601206.9967299,1927,0,0,0,0,60.56911999985459,0.0,0.02272200072184205,4.901826820749423,177.2,892.890625,False
1773601207.1833854,1928,0,0,0,0,61.14277199958451,0.0,0.023036998754832894,4.901826820749423,166.1,892.890625,False
1773601207.369324,1929,0,0,0,0,60.4537849976623,0.0,0.022667001758236438,5.6844106781653725,182.9,895.03125,False
1773601207.5559673,1930,0,0,0,0,61.243381998792756,0.0,0.02383299943176098,5.6844106781653725,171.5,891.578125,False
1773601207.7427948,1931,0,0,0,0,61.26082699847757,0.0,0.023167001927504316,5.6844106781653725,165.9,891.578125,False
1773601207.9296637,1932,0,0,0,0,61.20241900134715,0.0,0.023093001800589263,5.6844106781653725,176.6,891.578125,False
1773601208.1166887,1933,0,0,0,0,61.41288399885525,0.0,0.02181499803555198,5.6844106781653725,181.8,891.578125,False
1773601208.3029284,1934,0,0,0,0,60.99010299658403,0.0,0.022185999114299193,5.6844106781653725,177.2,891.578125,False
1773601208.4894948,1935,0,0,0,0,61.50221699863323,0.0,0.021722000383306295,5.356319025665005,171.5,891.578125,False
1773601208.677286,1936,0,0,0,0,62.150795998604735,0.0,0.022296000679489225,5.356319025665005,181.1,891.578125,False
1773601208.864552,1937,0,0,0,0,61.582015001476975,0.0,0.022389001969713718,5.356319025665005,176.3,891.578125,False
1773601209.0510142,1938,0,0,0,0,63.26663599975291,0.0,0.02320299972780049,5.356319025665005,193.0,891.578125,False
1773601209.2478254,1939,0,0,0,0,70.44655400022748,0.0,0.027204001526115462,5.356319025665005,203.3,891.578125,False
1773601209.4480984,1940,0,0,0,0,74.73928699982935,0.0,0.028611000743694603,5.356319025665005,209.7,891.578125,False
1773601209.6377342,1941,0,0,0,0,63.79891800315818,0.0,0.02261199915665202,4.892165544295033,189.8,891.578125,False
1773601209.8229418,1942,0,0,0,0,60.020875000191154,0.0,0.023869997676229104,4.892165544295033,178.2,891.578125,False
1773601210.0097456,1943,0,0,0,0,61.58118099847343,0.0,0.022908003302291036,4.892165544295033,171.3,891.578125,False
1773601210.1951053,1944,0,0,0,0,60.01761500010616,0.0,0.02346299879718572,4.892165544295033,183.4,891.578125,False
1773601210.3823278,1945,0,0,0,0,61.53764400005457,0.0,0.023592998331878334,4.892165544295033,170.9,891.578125,False
1773601210.5685978,1946,0,0,0,0,60.75937900095596,0.0,0.02298199979122728,5.676343314032368,177.2,891.59375,False
1773601210.7554278,1947,0,0,0,0,61.33168000087608,0.0,0.02274100188515149,5.676343314032368,182.0,891.59375,False
1773601210.9419513,1948,0,0,0,0,61.178677999123465,0.0,0.022314998204819858,5.676343314032368,171.6,890.28125,False
1773601211.1283553,1949,0,0,0,0,61.318272000789875,0.0,0.021777999791083857,5.676343314032368,171.7,891.59375,False
1773601211.314985,1950,0,0,0,0,61.166400999354664,0.0,0.021481999283423647,5.676343314032368,182.2,891.59375,False
1773601211.5013046,1951,0,0,0,0,61.02225200083922,0.0,0.021445001038955525,5.676343314032368,177.1,891.59375,False
1773601211.6876764,1952,0,0,0,0,61.079363000317244,0.0,0.02292600038344972,5.361425587596413,171.7,891.59375,False
1773601211.8741882,1953,0,0,0,0,61.17579000056139,0.0,0.022871001419844106,5.361425587596413,182.3,891.59375,False
1773601212.060398,1954,0,0,0,0,60.647155998594826,0.0,0.022203999833436683,5.361425587596413,166.5,891.59375,False
1773601212.246914,1955,0,0,0,0,61.28501300190692,0.0,0.022370000806404278,5.361425587596413,176.9,891.59375,False
1773601212.434138,1956,0,0,0,0,62.02974000188988,0.0,0.021370000467868522,5.361425587596413,181.6,891.59375,False
1773601212.6202147,1957,0,0,0,0,60.80852900049649,0.0,0.02342599691473879,5.361425587596413,177.4,891.59375,False
1773601212.8059068,1958,0,0,0,0,62.54183599958196,0.0,0.024240998754976317,5.3656356838802735,193.8,891.59375,False
1773601213.003598,1959,0,0,0,0,71.83485900168307,0.0,0.026815003366209567,5.3656356838802735,207.4,891.59375,False
1773601213.2036495,1960,0,0,0,0,74.56163700044272,0.0,0.025167002604575828,5.3656356838802735,205.0,891.59375,False
1773601213.3926692,1961,0,0,0,0,63.231932999769924,0.0,0.02238899833173491,5.3656356838802735,185.2,891.59375,False
1773601213.5790126,1962,0,0,0,0,61.2769940016733,0.0,0.022944001102587208,5.3656356838802735,182.4,891.59375,False
1773601213.765499,1963,0,0,0,0,61.35373600045568,0.0,0.022000000171829015,5.3656356838802735,177.0,891.59375,False
1773601213.951845,1964,0,0,0,0,60.47948900231859,0.0,0.022537999029736966,4.886919245609432,177.1,891.59375,False
1773601214.1383204,1965,0,0,0,0,61.066901002050145,0.0,0.021110998204676434,4.886919245609432,171.6,891.59375,False
1773601214.3249888,1966,0,0,0,0,61.31610500233364,0.0,0.022889002138981596,4.886919245609432,171.4,891.59375,False
1773601214.5111408,1967,0,0,0,0,61.01327000214951,0.0,0.022722997528035194,4.886919245609432,177.3,891.59375,False
1773601214.69822,1968,0,0,0,0,61.478755000280216,0.0,0.02411100285826251,4.886919245609432,171.1,890.28125,False
1773601214.8844724,1969,0,0,0,0,60.574045000976184,0.0,0.021962998289382085,5.684911476187518,171.8,891.59375,False
1773601215.0696962,1970,0,0,0,0,59.84437300139689,0.0,0.023389002308249474,5.684911476187518,172.8,891.59375,False
1773601215.256356,1971,0,0,0,0,61.615718997927615,0.0,0.02264899740112014,5.684911476187518,176.8,891.59375,False
1773601215.4420228,1972,0,0,0,0,60.526008001033915,0.0,0.022481999621959403,5.684911476187518,177.7,891.59375,False
1773601215.6270797,1973,0,0,0,0,59.83063299936475,0.0,0.02325899913557805,5.684911476187518,167.5,891.59375,False
1773601215.8130608,1974,0,0,0,0,60.7537690011668,0.0,0.024185999791370705,5.684911476187518,177.4,891.59375,False
1773601215.9983017,1975,0,0,0,0,60.211432002688525,0.0,0.02244500137749128,5.386801879207733,178.1,891.59375,False
1773601216.1841881,1976,0,0,0,0,60.63341600020067,0.0,0.021500000002561137,5.386801879207733,172.1,891.609375,False
1773601216.3705246,1977,0,0,0,0,60.85034299758263,0.0,0.022575000912183896,5.386801879207733,171.7,891.609375,False
1773601216.5574794,1978,0,0,0,0,63.95375200008857,0.0,0.021388997993199155,5.386801879207733,197.9,891.609375,False
1773601216.7530987,1979,0,0,0,0,69.2945470000268,0.0,0.025260000256821513,5.386801879207733,209.6,891.609375,False
1773601217.1992736,1980,1,0,0,0,72.47349400131498,247.90660700091394,0.014240999007597566,4.163245356987799,217.4,859.1875,True
1773601217.6265957,1981,1,0,0,0,60.73197200021241,242.45079300089856,0.01411099947290495,4.163245356987799,187.2,859.25,True
1773601218.0582988,1982,1,1,0,0,63.57078699875274,243.67072700260906,0.03320399991935119,4.163245356987799,192.3,859.296875,True
1773601218.4864516,1983,1,1,1,1,60.70119400101248,243.3207060021232,0.03503699917928316,2.3306181802825323,193.8,859.296875,True
1773601218.9154994,1984,1,1,1,0,61.557699998957105,242.64251700151362,0.03557399759301916,2.3306181802825323,191.1,859.296875,True
1773601219.3457692,1985,1,1,1,0,61.648145001527155,243.8042649991985,0.0365189989679493,2.3306181802825323,190.6,863.234375,True
1773601219.775098,1986,1,1,1,0,61.27532800019253,243.39689100088435,0.03496300269034691,2.328061131320181,188.7,864.546875,True
1773601220.202946,1987,1,1,1,0,60.419766003178665,242.82816499908222,0.0359820005542133,2.328061131320181,191.7,868.484375,True
1773601220.6310604,1988,1,1,1,0,60.247616998822195,242.78118399888626,0.03635200118878856,2.328061131320181,189.2,869.796875,True
1773601221.0589173,1989,1,1,1,0,61.055010999552906,242.1074010017037,0.034519001928856596,2.3367950009359872,191.7,873.671875,True
1773601221.4874344,1990,1,1,1,0,61.100105001969496,242.8461290000996,0.03805599772022106,2.3367950009359872,191.4,874.984375,True
1773601221.91503,1991,1,1,1,0,60.48228600047878,242.41818100199453,0.035852001019520685,2.3367950009359872,191.8,878.921875,True
1773601222.3434412,1992,1,1,1,0,61.3725319999503,242.26816199734458,0.037259000237099826,2.3354925143257104,193.7,880.234375,True
1773601222.7721808,1993,1,1,1,0,61.286493997613434,243.14694500208134,0.0360550002369564,2.3354925143257104,191.3,884.171875,True
1773601223.2019296,1994,1,1,1,0,61.52186599865672,243.34872499821358,0.03564899816410616,2.3354925143257104,188.5,885.5,True
1773601223.6296492,1995,1,1,1,0,60.97991899878252,242.09753099785303,0.03701899913721718,2.3324374002270356,189.4,889.4375,True
1773601224.0582926,1996,1,1,1,0,61.2132530004601,242.637294002634,0.03511199975037016,2.3324374002270356,193.6,890.75,True
1773601224.4862702,1997,1,1,1,0,61.07349299782072,242.2809400013648,0.03544499850249849,2.3324374002270356,193.9,894.6875,True
1773601224.9473314,1998,1,1,1,0,64.50247799875797,274.16811199873337,0.03488900256343186,2.2767265281839837,221.2,896.0,True
1773601225.3756032,1999,1,1,1,0,60.07587500062073,243.38091000026907,0.03570400076569058,2.2767265281839837,193.8,899.9375,True
1773601225.8044813,2000,1,1,1,0,60.9153810000862,243.11305599985644,0.03603799996199086,2.2767265281839837,188.9,901.296875,True
1773601226.2324462,2001,1,1,1,0,60.60222999803955,242.82579500140855,0.037426998460432515,2.3344305214964653,191.6,905.21875,True
1773601226.6603923,2002,1,1,1,0,60.09409800026333,243.16777899730369,0.035019002098124474,2.3344305214964653,186.9,906.53125,True
1773601227.0886323,2003,1,1,1,0,60.60199000057764,242.8093689995876,0.03607500184443779,2.3344305214964653,191.5,910.46875,True
1773601227.5172865,2004,1,1,1,0,60.35859899930074,243.4199470008025,0.046334000217029825,2.334903554429816,186.6,911.796875,True
1773601227.9451807,2005,1,1,1,0,60.13241300024674,242.6753679974354,0.036962999729439616,2.334903554429816,191.6,915.734375,True
1773601228.3746164,2006,1,1,1,0,61.152215999754844,243.08655600179918,0.0352040005964227,2.334903554429816,188.6,917.046875,True
1773601228.802119,2007,1,1,1,0,59.734854999987874,243.08405600095284,0.035536999348551035,2.334929984084213,191.8,920.984375,True
1773601229.2295942,2008,1,1,1,0,59.71231699732016,243.0247589982173,0.035832999856211245,2.334929984084213,189.5,922.296875,True
1773601229.6651378,2009,1,1,1,0,59.73346600148943,251.02683099976275,0.03550000110408291,2.334929984084213,188.3,926.25,True
1773601230.093049,2010,1,1,1,0,60.55147100050817,242.76564700267045,0.035593002394307405,2.323921842691018,189.3,927.5625,True
1773601230.5218508,2011,1,1,1,0,61.28934599837521,242.8269990014087,0.03500099774100818,2.323921842691018,188.9,931.5,True
1773601230.9509666,2012,1,1,1,0,61.77159000071697,242.45295899891062,0.03957500302931294,2.323921842691018,188.8,932.8125,True
1773601231.3801441,2013,1,0,1,0,61.937925001984695,242.66201600039494,0.02183399919886142,2.330831449310128,193.4,936.71875,True
1773601231.8085845,2014,1,0,1,0,61.18436399992788,243.03477799912798,0.022241001715883613,2.330831449310128,191.4,938.03125,True
1773601231.9941308,2015,0,0,1,0,61.213455999677535,0.0,0.031130002753343433,2.330831449310128,172.4,974.40625,False
1773601232.180462,2016,0,0,1,0,61.46395899850177,0.0,0.030554998375009745,2.330831449310128,177.1,975.71875,False
1773601232.3655527,2017,0,0,1,0,59.94861499857507,0.0,0.03074100095545873,2.330831449310128,178.3,979.65625,False
1773601232.5500977,2018,0,0,1,0,62.38840899823117,0.0,0.03198099875589833,3.8204169818616216,195.1,982.28125,False
1773601232.753498,2019,0,0,1,0,72.2543810006755,0.0,0.03813000148511492,3.8204169818616216,201.6,984.90625,False
1773601232.9524164,2020,0,0,1,0,73.73479900343227,0.0,0.03620400093495846,3.8204169818616216,211.1,987.53125,False
1773601233.1402276,2021,0,0,1,0,62.815837998641655,0.0,0.031167000997811556,3.8204169818616216,191.7,990.15625,False
1773601233.3271604,2022,0,0,1,0,61.388142999931006,0.0,0.03205599932698533,3.8204169818616216,176.5,991.46875,False
1773601233.5127368,2023,0,0,1,0,60.623638000834035,0.0,0.0327220004692208,5.527274388505578,177.8,995.40625,False
1773601233.6976109,2024,0,0,1,0,58.83255200023996,0.0,0.031425999623024836,5.527274388505578,173.1,996.71875,False
1773601233.8830884,2025,0,0,1,0,60.09935700058122,0.0,0.032500000088475645,5.527274388505578,167.1,1000.65625,False
1773601234.067889,2026,0,0,1,0,59.7338170009607,0.0,0.0323329986713361,5.527274388505578,178.6,1001.96875,False
1773601234.2525632,2027,0,0,1,0,59.17711099755252,0.0,0.03137000021524727,5.527274388505578,178.7,1005.90625,False
1773601234.4372783,2028,0,0,0,0,59.69011400156887,0.0,0.03266699786763638,5.527274388505578,173.2,1007.21875,False
1773601234.622162,2029,0,0,0,0,59.66755800182,0.0,0.03177799953846261,5.4080508875231015,178.5,1011.15625,False
1773601234.807998,2030,0,0,0,0,60.630526997556444,0.0,0.031906998628983274,5.4080508875231015,172.2,1012.46875,False
1773601234.9939368,2031,0,0,0,0,60.9716959988873,0.0,0.031963001674739644,5.4080508875231015,172.1,1016.40625,False
1773601235.1799445,2032,0,0,0,0,61.186642000393476,0.0,0.0312409974867478,5.4080508875231015,172.0,1017.71875,False
1773601235.3660643,2033,0,0,0,0,61.17199399886886,0.0,0.030925999453756958,5.4080508875231015,171.9,1021.65625,False
1773601235.5516813,2034,0,0,0,0,60.58974900224712,0.0,0.03127799936919473,5.4080508875231015,177.8,1022.96875,False
1773601235.737909,2035,0,0,0,0,61.26066100114258,0.0,0.031684998248238117,5.377573655816212,187.9,1026.90625,False
1773601235.9241626,2036,0,0,0,0,61.35314300263417,0.0,0.03103700146311894,5.377573655816212,171.8,1028.21875,False
1773601236.110352,2037,0,0,0,0,61.33692100047483,0.0,0.03159300104016438,5.377573655816212,182.6,1032.15625,False
1773601236.2964137,2038,0,0,0,0,63.73515900122584,0.0,0.031686002330388874,5.377573655816212,188.1,1033.46875,False
1773601237.831236,2039,0,0,0,0,72.81201499790768,0.0,0.03709299926413223,1.910815484137258,119.2,896.96875,False
1773601238.0159395,2040,0,0,0,0,59.30694400012726,0.0,0.03161100175930187,1.910815484137258,178.7,896.96875,False
1773601238.1995714,2041,0,0,0,0,58.82706999909715,0.0,0.030038001568755135,1.910815484137258,179.7,896.96875,False
1773601238.3839056,2042,0,0,0,0,59.02096099816845,0.0,0.02857400249922648,1.910815484137258,184.4,896.96875,False
1773601238.5676324,2043,0,0,0,0,58.535366002615774,0.0,0.031130002753343433,1.910815484137258,179.6,896.96875,False
1773601238.751769,2044,0,0,0,0,58.96225700053037,0.0,0.02212999970652163,1.910815484137258,179.2,896.96875,False
1773601238.9362953,2045,0,0,0,0,59.157961997698294,0.0,0.02107399996020831,5.429722403878289,168.0,896.96875,False
1773601239.119657,2046,0,0,0,0,58.16752900136635,0.0,0.022185999114299193,5.429722403878289,174.5,896.96875,False
1773601239.3043056,2047,0,0,0,0,58.98314600199228,0.0,0.020649000362027436,5.429722403878289,173.3,896.96875,False
1773601239.4887004,2048,0,0,0,0,58.998034000978805,0.0,0.022500000341096893,5.429722403878289,162.7,896.96875,False
1773601239.6739306,2049,0,0,0,0,60.00622700230451,0.0,0.02127799962181598,5.429722403878289,167.4,896.96875,False
1773601239.858643,2050,0,0,0,0,59.51794599968707,0.0,0.0220929978240747,5.429722403878289,173.2,896.96875,False
1773601240.0432827,2051,0,0,0,0,59.4659269991098,0.0,0.021425999875646085,5.420154042346246,173.3,896.96875,False
1773601240.2264712,2052,0,0,0,0,57.99915700117708,0.0,0.021592997654806823,5.420154042346246,180.1,896.96875,False
1773601240.4107702,2053,0,0,0,0,59.19133200222859,0.0,0.021445001038955525,5.420154042346246,168.2,896.96875,False
1773601240.595438,2054,0,0,0,0,59.36700000165729,0.0,0.022184998670127243,5.420154042346246,178.7,896.96875,False
1773601240.7797244,2055,0,0,0,0,59.19714699848555,0.0,0.02298099934705533,5.420154042346246,179.1,896.96875,False
1773601240.9626403,2056,0,0,0,0,58.07458400158794,0.0,0.02211099854321219,5.420154042346246,180.4,896.96875,False
1773601241.148215,2057,0,0,0,0,60.56961899957969,0.0,0.021222000214038417,5.430160582057904,183.2,896.96875,False
1773601241.3328738,2058,0,0,0,0,61.83677599983639,0.0,0.02379600118729286,5.430160582057904,195.0,890.40625,False
1773601241.5282614,2059,0,0,0,0,69.83355000193114,0.0,0.024259999918285757,5.430160582057904,199.6,891.71875,False
1773601241.7290564,2060,0,0,0,0,74.67543399980059,0.0,0.02598200080683455,5.430160582057904,214.1,891.71875,False
1773601241.921612,2061,0,0,0,0,67.32144199850154,0.0,0.02214900086983107,5.430160582057904,187.0,891.71875,False
1773601242.108125,2062,0,0,0,0,61.370235998765565,0.0,0.022667001758236438,5.430160582057904,171.5,891.71875,False
1773601242.2939622,2063,0,0,0,0,60.642489999736426,0.0,0.022500000341096893,4.887533125960335,172.2,891.71875,False
1773601242.480159,2064,0,0,0,0,60.65321200003382,0.0,0.022759999410482123,4.887533125960335,177.2,891.71875,False
1773601242.6669593,2065,0,0,0,0,61.50312500176369,0.0,0.02292599674547091,4.887533125960335,176.7,891.71875,False
1773601242.852978,2066,0,0,0,0,60.599119002290536,0.0,0.021943997126072645,4.887533125960335,177.4,891.71875,False
1773601243.039239,2067,0,0,0,0,60.852806996990694,0.0,0.020685001800302416,4.887533125960335,166.4,895.171875,False
1773601243.2244742,2068,0,0,0,0,59.602724002616014,0.0,0.024500001018168405,5.696705684748088,172.8,891.71875,False
1773601243.410738,2069,0,0,0,0,60.74523200004478,0.0,0.02327800029888749,5.696705684748088,177.2,891.71875,False
1773601243.5964417,2070,0,0,0,0,60.66976799775148,0.0,0.0224069990508724,5.696705684748088,172.3,891.71875,False
1773601243.7823205,2071,0,0,0,0,60.61497100017732,0.0,0.021463001758093014,5.696705684748088,172.2,891.71875,False
1773601243.9688735,2072,0,0,0,0,61.17632699897513,0.0,0.02320400017197244,5.696705684748088,187.6,891.71875,False
1773601244.154933,2073,0,0,0,0,61.17919700045604,0.0,0.022314998204819858,5.696705684748088,172.0,891.71875,False
1773601244.3417485,2074,0,0,0,0,61.229865001223516,0.0,0.02320400017197244,5.370250023740145,176.6,891.734375,False
1773601244.529224,2075,0,0,0,0,62.27037099961308,0.0,0.02322199725313112,5.370250023740145,170.7,891.734375,False
1773601244.7167797,2076,0,0,0,0,61.605106999195414,0.0,0.022778000129619613,5.370250023740145,170.6,891.734375,False
1773601244.9030952,2077,0,0,0,0,60.923862001800444,0.0,0.021926000044913962,5.370250023740145,182.5,891.734375,False
1773601245.0897987,2078,0,0,0,0,63.76662199909333,0.0,0.02288899850100279,5.370250023740145,192.8,891.734375,False
1773601245.2869205,2079,0,0,0,0,71.00463199822116,0.0,0.02709299951675348,5.370250023740145,208.0,891.75,False
1773601245.4857426,2080,0,0,0,0,72.88990400047624,0.0,0.027592999686021358,4.956123642186719,211.3,891.75,False
1773601245.6783445,2081,0,0,0,0,66.68312300098478,0.0,0.02377800046815537,4.956123642186719,192.1,891.75,False
1773601245.8654878,2082,0,0,0,0,61.80201600000146,0.0,0.022685002477373928,4.956123642186719,176.3,891.75,False
1773601246.0514648,2083,0,0,0,0,60.753526999178575,0.0,0.02296299862791784,4.956123642186719,182.8,891.75,False
1773601246.2389288,2084,0,0,0,0,61.68375600100262,0.0,0.024184999347198755,4.956123642186719,176.0,891.75,False
1773601246.4256701,2085,0,0,0,0,61.22778999997536,0.0,0.022518001060234383,5.5810126262256645,171.4,891.75,False
1773601246.6117735,2086,0,0,0,0,60.30185800045729,0.0,0.023371001589111984,5.5810126262256645,172.0,891.75,False
1773601246.7984135,2087,0,0,0,0,61.28277199968579,0.0,0.022852000256534666,5.5810126262256645,171.5,891.75,False
1773601246.984906,2088,0,0,0,0,61.44964300256106,0.0,0.022852000256534666,5.5810126262256645,171.6,893.0625,False
1773601247.170967,2089,0,0,0,0,60.91430699962075,0.0,0.022667001758236438,5.5810126262256645,177.4,893.0625,False
1773601247.3577738,2090,0,0,0,0,61.52693999683834,0.0,0.02290699922014028,5.5810126262256645,182.0,893.0625,False
1773601247.5438666,2091,0,0,0,0,61.14743799844291,0.0,0.022371001250576228,5.365802715073372,166.6,893.0625,False
1773601247.7311957,2092,0,0,0,0,61.74959000054514,0.0,0.02290699922014028,5.365802715073372,186.8,893.0625,False
1773601247.918358,2093,0,0,0,0,62.05125899941777,0.0,0.022203999833436683,5.365802715073372,171.0,893.0625,False
1773601248.104491,2094,0,0,0,0,60.88139900020906,0.0,0.022223000996746123,5.365802715073372,177.3,893.0625,False
1773601248.2900991,2095,0,0,0,0,60.34389500200632,0.0,0.023130000045057386,5.365802715073372,177.8,893.0625,False
1773601248.4763334,2096,0,0,0,0,61.34890199973597,0.0,0.023795997549314052,5.365802715073372,177.2,893.0625,False
1773601248.663809,2097,0,0,0,0,62.22370400064392,0.0,0.023130000045057386,5.357425096963771,181.4,893.0625,False
1773601248.85013,2098,0,0,0,0,63.17065500115859,0.0,0.023444001271855086,5.357425096963771,193.2,893.0625,False
1773601249.047786,2099,0,0,0,0,70.60246300170547,0.0,0.028925998776685447,5.357425096963771,202.4,893.0625,False
1773601249.2462277,2100,0,0,0,0,73.29023899728782,0.0,0.027296002372168005,5.357425096963771,216.7,893.0625,False
1773601249.4403079,2101,0,0,0,0,67.56516500172438,0.0,0.02327800029888749,5.357425096963771,195.8,893.0625,False
1773601249.6265862,2102,0,0,0,0,60.92210299902945,0.0,0.02240799949504435,5.357425096963771,182.5,893.0625,False
1773601249.8125656,2103,0,0,0,0,60.548618999746395,0.0,0.022591997549170628,4.87397606277282,177.5,893.0625,False
1773601249.9980218,2104,0,0,0,0,59.821707000082824,0.0,0.023073996999301016,4.87397606277282,183.3,893.0625,False
1773601250.1849976,2105,0,0,0,0,61.55412500083912,0.0,0.023963002604432404,4.87397606277282,171.1,893.0625,False
1773601250.372271,2106,0,0,0,0,61.569995999889215,0.0,0.023352000425802544,4.87397606277282,170.9,893.0625,False
1773601250.557794,2107,0,0,0,0,60.099746002379106,0.0,0.02329600101802498,4.87397606277282,167.1,891.75,False
1773601250.745091,2108,0,0,0,0,61.525569999503205,0.0,0.022814998374087736,5.684923034106614,170.8,891.75,False
1773601250.931175,2109,0,0,0,0,60.42954399890732,0.0,0.023017997591523454,5.684923034106614,177.3,891.75,False
1773601251.1160371,2110,0,0,0,0,59.543446001043776,0.0,0.022593001631321386,5.684923034106614,167.7,893.0625,False
1773601251.3027885,2111,0,0,0,0,61.21030899885227,0.0,0.0230370023928117,5.684923034106614,176.7,893.0625,False
1773601251.488335,2112,0,0,0,0,60.07861600301112,0.0,0.022814998374087736,5.684923034106614,172.5,893.0625,False
1773601251.6750324,2113,0,0,0,0,61.29732800036436,0.0,0.02296399907208979,5.684923034106614,176.8,893.0625,False
1773601251.8612385,2114,0,0,0,0,60.71304599754512,0.0,0.022518997866427526,5.375625471406518,177.2,893.0625,False
1773601252.047891,2115,0,0,0,0,61.25899499966181,0.0,0.024184999347198755,5.375625471406518,176.8,893.0625,False
1773601252.2334535,2116,0,0,0,0,60.4405259982741,0.0,0.02240799949504435,5.375625471406518,172.4,893.0625,False
1773601252.4193943,2117,0,0,0,0,60.674823998851934,0.0,0.02374099858570844,5.375625471406518,172.1,893.0625,False
1773601252.6060872,2118,0,0,0,0,63.75245399976848,0.0,0.024982000468298793,5.375625471406518,198.2,893.0625,False
1773601252.8056407,2119,0,0,0,0,70.04747799874167,0.0,0.03244400068069808,5.375625471406518,200.5,893.0625,False
1773601253.0034409,2120,0,0,0,0,71.88128499910817,0.0,0.028832997486460954,4.961538443339647,217.4,893.0625,False
1773601253.1942904,2121,0,0,0,0,65.34713200016995,0.0,0.023426000552717596,4.961538443339647,183.4,893.0625,False
1773601253.3806586,2122,0,0,0,0,61.09475300036138,0.0,0.022277999960351735,4.961538443339647,171.7,893.0625,False
1773601253.5670915,2123,0,0,0,0,60.823416999483015,0.0,0.02300000051036477,4.961538443339647,187.7,893.0625,False
1773601253.7516842,2124,0,0,0,0,59.0884429984726,0.0,0.02270400000270456,4.961538443339647,167.9,893.0625,False
1773601253.938432,2125,0,0,0,0,61.00467699798173,0.0,0.02185199991799891,5.61045228819369,171.4,893.0625,False
1773601254.1255972,2126,0,0,0,0,61.36982800308033,0.0,0.022536998585565016,5.61045228819369,171.0,893.0625,False
1773601254.3125942,2127,0,0,0,0,61.76862699794583,0.0,0.02285199661855586,5.61045228819369,171.2,893.0625,False
1773601254.4997013,2128,0,0,0,0,61.75131199779571,0.0,0.02288899850100279,5.61045228819369,181.7,893.0625,False
1773601254.6866972,2129,0,0,0,0,61.60514399743988,0.0,0.023055999918142334,5.61045228819369,171.1,891.75,False
1773601254.8731186,2130,0,0,0,0,61.154696999437874,0.0,0.023906999558676034,5.61045228819369,171.7,891.75,False
1773601255.0642762,2131,0,0,0,0,66.02798899984919,0.0,0.023148000764194876,5.32942994226234,172.6,891.75,False
1773601255.2505853,2132,0,0,0,0,60.954640997806564,0.0,0.021406998712336645,5.32942994226234,177.1,891.75,False
1773601255.43702,2133,0,0,0,0,61.28093900042586,0.0,0.023445001716027036,5.32942994226234,166.3,891.75,False
1773601255.6229324,2134,0,0,0,0,60.75612100175931,0.0,0.022462998458649963,5.32942994226234,177.5,891.75,False
1773601255.8100994,2135,0,0,0,0,61.869924000347964,0.0,0.022667001758236438,5.32942994226234,176.3,891.75,False
1773601255.9964101,2136,0,0,0,0,61.368679998849984,0.0,0.02292600038344972,5.32942994226234,177.1,891.75,False
1773601256.1828175,2137,0,0,0,0,61.099308000848396,0.0,0.02275900260428898,5.364032256036177,182.4,891.75,False
1773601256.3695455,2138,0,0,0,0,63.76578799972776,0.0,0.023184999008663,5.364032256036177,192.8,891.75,False
1773601256.5666487,2139,0,0,0,0,69.19860199923278,0.0,0.024128999939421192,5.364032256036177,197.9,891.75,False
1773601256.7658155,2140,0,0,0,0,73.78263200007495,0.0,0.02353699892410077,5.364032256036177,220.9,891.75,False
1773601256.9579973,2141,0,0,0,0,66.33969500035164,0.0,0.024018001568038017,5.364032256036177,192.5,891.75,False
1773601257.144588,2142,0,0,0,0,61.467551000532694,0.0,0.024110999220283702,5.364032256036177,171.5,891.75,False
1773601257.3316317,2143,0,0,0,0,61.52614399979939,0.0,0.022519001504406333,4.8785453543888835,176.4,891.75,False
1773601257.519011,2144,0,0,0,0,61.977683999430155,0.0,0.023091997718438506,4.8785453543888835,186.8,891.75,False
1773601257.7057686,2145,0,0,0,0,61.38429100246867,0.0,0.022593001631321386,4.8785453543888835,171.3,891.75,False
1773601257.8923666,2146,0,0,0,0,61.043936999340076,0.0,0.022907002858119085,4.8785453543888835,176.9,891.75,False
1773601258.0782833,2147,0,0,0,0,60.50941500143381,0.0,0.022297001123661175,4.8785453543888835,177.5,891.75,False
1773601258.2650049,2148,0,0,0,0,61.15201200009324,0.0,0.02325899913557805,5.674931447539327,176.7,891.75,False
1773601258.4511807,2149,0,0,0,0,60.85408400031156,0.0,0.022186002752278,5.674931447539327,177.3,891.75,False
1773601258.637572,2150,0,0,0,0,61.14395599797717,0.0,0.022037002054275945,5.674931447539327,182.4,891.765625,False
1773601258.8233514,2151,0,0,0,0,60.52985999849625,0.0,0.022795997210778296,5.674931447539327,172.2,891.765625,False
1773601259.0095465,2152,0,0,0,0,60.969696001848206,0.0,0.02270400000270456,5.674931447539327,177.2,891.765625,False
1773601259.1962528,2153,0,0,0,0,61.47031000000425,0.0,0.023092001356417313,5.674931447539327,176.7,891.765625,False
1773601259.3820255,2154,0,0,0,0,60.63450900182943,0.0,0.021703999664168805,5.371411154667244,177.6,891.765625,False
1773601259.5679197,2155,0,0,0,0,60.822638999525225,0.0,0.02294500154675916,5.371411154667244,182.9,891.765625,False
1773601259.7552216,2156,0,0,0,0,61.91603499974008,0.0,0.022166997950989753,5.371411154667244,181.5,891.765625,False
1773601259.9419792,2157,0,0,0,0,61.39123600223684,0.0,0.02325900277355686,5.371411154667244,176.7,891.765625,False
1773601260.1286447,2158,0,0,0,0,63.69719499707571,0.0,0.024426000891253352,5.371411154667244,198.3,891.765625,False
1773601260.330561,2159,0,0,0,0,72.68575399939436,0.0,0.028037000447511673,5.371411154667244,208.0,891.78125,False
1773601260.5273669,2160,0,0,0,0,71.03840999843669,0.0,0.027740999939851463,4.942267796825065,203.2,891.78125,False
1773601260.7230463,2161,0,0,0,0,68.49793099900126,0.0,0.02298099934705533,4.942267796825065,194.2,891.78125,False
1773601260.908906,2162,0,0,0,0,60.47758100248757,0.0,0.022277999960351735,4.942267796825065,182.9,891.78125,False
1773601261.09494,2163,0,0,0,0,60.73801000093226,0.0,0.023130000045057386,4.942267796825065,172.0,891.78125,False
1773601261.2828336,2164,0,0,0,0,61.35732799884863,0.0,0.023630000214325264,4.942267796825065,170.3,891.78125,False
1773601261.4696925,2165,0,0,0,0,60.80886099880445,0.0,0.02292600038344972,5.576336809021648,165.9,891.78125,False
1773601261.6565828,2166,0,0,0,0,61.179955999250524,0.0,0.022944001102587208,5.576336809021648,171.3,891.78125,False
1773601261.8426201,2167,0,0,0,0,60.552025999641046,0.0,0.021796000510221347,5.576336809021648,172.0,891.78125,False
1773601262.029187,2168,0,0,0,0,60.90675099767395,0.0,0.022240001271711662,5.576336809021648,166.2,891.78125,False
1773601262.215481,2169,0,0,0,0,60.63434200041229,0.0,0.022758998966310173,5.576336809021648,171.8,891.78125,False
1773601262.4016294,2170,0,0,0,0,60.64171300022281,0.0,0.023073996999301016,5.576336809021648,177.3,891.78125,False
1773601262.5872939,2171,0,0,0,0,60.43856299947947,0.0,0.022277999960351735,5.368632384347786,172.4,891.78125,False
1773601262.7741072,2172,0,0,0,0,60.602230001677526,0.0,0.023314998543355614,5.368632384347786,176.7,891.78125,False
1773601262.9602475,2173,0,0,0,0,60.76499100163346,0.0,0.022796000848757103,5.368632384347786,171.9,891.78125,False
1773601263.1460407,2174,0,0,0,0,60.188839001057204,0.0,0.02314899757038802,5.368632384347786,177.6,891.78125,False
1773601263.3331552,2175,0,0,0,0,61.732368001685245,0.0,0.023630000214325264,5.368632384347786,176.4,891.78125,False
1773601263.5179405,2176,0,0,0,0,59.70716899901163,0.0,0.02131500150426291,5.368632384347786,173.2,895.234375,False
1773601263.7023382,2177,0,0,0,0,59.095849999721395,0.0,0.02272200072184205,5.380981776249575,179.0,891.78125,False
1773601263.8884265,2178,0,0,0,0,62.91307900028187,0.0,0.024499997380189598,5.380981776249575,193.5,891.78125,False
1773601264.0900433,2179,0,0,0,0,69.85780999821145,0.0,0.029278002330102026,5.380981776249575,203.4,891.78125,False
1773601264.2888865,2180,0,0,0,0,73.14481299908948,0.0,0.025074001314351335,5.380981776249575,211.2,891.78125,False
1773601264.4785345,2181,0,0,0,0,64.05266000001575,0.0,0.023649001377634704,5.380981776249575,179.3,891.78125,False
1773601264.664735,2182,0,0,0,0,60.28791399876354,0.0,0.022575000912183896,5.380981776249575,177.2,891.78125,False
1773601264.8521316,2183,0,0,0,0,61.88797999857343,0.0,0.022055999579606578,4.875922917176234,176.1,891.78125,False
1773601265.0376945,2184,0,0,0,0,59.554520001256606,0.0,0.02259299799334258,4.875922917176234,177.8,891.78125,False
1773601265.2245634,2185,0,0,0,0,60.902973000338534,0.0,0.022944001102587208,4.875922917176234,176.6,891.78125,False
1773601265.4090455,2186,0,0,0,0,58.55831000008038,0.0,0.021870997443329543,4.875922917176234,173.4,895.234375,False
1773601265.5948627,2187,0,0,0,0,59.703483999328455,0.0,0.022277999960351735,4.875922917176234,166.8,891.78125,False
1773601265.781608,2188,0,0,0,0,60.86156599849346,0.0,0.02388900247751735,5.693585406980177,166.0,891.78125,False
1773601265.9666967,2189,0,0,0,0,59.580742999969516,0.0,0.02188900180044584,5.693585406980177,178.3,891.78125,False
1773601266.1540368,2190,0,0,0,0,61.35782800265588,0.0,0.022591997549170628,5.693585406980177,176.1,891.78125,False
1773601266.3406441,2191,0,0,0,0,61.28623499898822,0.0,0.02294500154675916,5.693585406980177,171.5,891.78125,False
1773601266.527135,2192,0,0,0,0,61.20686500071315,0.0,0.022611002350458875,5.693585406980177,182.3,891.78125,False
1773601266.7132416,2193,0,0,0,0,60.12935800026753,0.0,0.022241001715883613,5.693585406980177,171.9,891.78125,False
1773601266.8997693,2194,0,0,0,0,61.029288997815456,0.0,0.022166997950989753,5.365949161935056,171.6,891.78125,False
1773601267.084894,2195,0,0,0,0,60.04902299901005,0.0,0.02327800029888749,5.365949161935056,167.5,891.78125,False
1773601267.2709463,2196,0,0,0,0,61.18771600085893,0.0,0.021944000764051452,5.365949161935056,177.4,891.78125,False
1773601267.456028,2197,0,0,0,0,59.82796599710127,0.0,0.022555999748874456,5.365949161935056,172.9,891.78125,False
1773601267.6415582,2198,0,0,0,0,62.509224997484125,0.0,0.023055999918142334,5.365949161935056,194.0,891.78125,False
1773601267.8451376,2199,0,0,0,0,73.77142800032743,0.0,0.026592999347485602,5.365949161935056,201.4,891.78125,False
1773601268.0427122,2200,0,0,0,0,71.61761699899216,0.0,0.026110999897355214,4.9562723970289095,207.5,891.78125,False
1773601268.2323513,2201,0,0,0,0,64.13251199774095,0.0,0.022629999875789508,4.9562723970289095,195.1,891.78125,False
1773601268.4180043,2202,0,0,0,0,60.28657999922871,0.0,0.02327800029888749,4.9562723970289095,172.4,891.78125,False
1773601268.6041093,2203,0,0,0,0,60.57960099860793,0.0,0.02179699731641449,4.9562723970289095,171.9,891.78125,False
1773601268.7897022,2204,0,0,0,0,59.57794600180932,0.0,0.023054999473970383,4.9562723970289095,172.4,891.78125,False
1773601268.9763215,2205,0,0,0,0,61.077788999682525,0.0,0.02268599928356707,5.619427286009324,160.8,891.78125,False
1773601269.1627467,2206,0,0,0,0,60.48134099910385,0.0,0.022314998204819858,5.619427286009324,171.7,891.78125,False
1773601269.3491504,2207,0,0,0,0,60.74823200106039,0.0,0.022740998247172683,5.619427286009324,177.0,891.78125,False
1773601269.5355208,2208,0,0,0,0,60.94495499928598,0.0,0.024388999008806422,5.619427286009324,171.7,891.78125,False
1773601269.7223094,2209,0,0,0,0,61.27655000091181,0.0,0.02296299862791784,5.619427286009324,176.7,893.09375,False
1773601269.909278,2210,0,0,0,0,61.459774002287304,0.0,0.02351799776079133,5.619427286009324,176.5,893.09375,False
1773601270.0965238,2211,0,0,0,0,61.7305519990623,0.0,0.02355499964323826,5.356321305754521,170.9,893.09375,False
1773601270.2827945,2212,0,0,0,0,60.98947400096222,0.0,0.02292700082762167,5.356321305754521,177.1,893.09375,False
1773601270.4685974,2213,0,0,0,0,60.662471998512046,0.0,0.022593001631321386,5.356321305754521,177.6,893.09375,False
1773601270.6550238,2214,0,0,0,0,61.15252999734366,0.0,0.022554999304702505,5.356321305754521,166.3,893.09375,False
1773601270.8415465,2215,0,0,0,0,61.30492000011145,0.0,0.02272200072184205,5.356321305754521,176.9,893.09375,False
1773601271.0281045,2216,0,0,0,0,61.251530998561066,0.0,0.02270400000270456,5.356321305754521,176.9,893.09375,False
1773601271.2135997,2217,0,0,0,0,60.320599000988295,0.0,0.02294500154675916,5.371040867875441,167.1,893.09375,False
1773601271.399707,2218,0,0,0,0,63.376674999744864,0.0,0.022963002265896648,5.371040867875441,198.8,893.09375,False
1773601271.6003413,2219,0,0,0,0,71.17028200082132,0.0,0.026407997211208567,5.371040867875441,204.4,893.09375,False
1773601271.798092,2220,0,0,0,0,72.3042509998777,0.0,0.024832999770296738,5.371040867875441,217.5,893.09375,False
1773601271.987031,2221,0,0,0,0,63.40252699737903,0.0,0.022944001102587208,5.371040867875441,190.5,893.109375,False
1773601272.172109,2222,0,0,0,0,59.754317000624724,0.0,0.023313998099183664,5.371040867875441,178.3,893.109375,False
1773601272.3583398,2223,0,0,0,0,60.72541600224213,0.0,0.023110998881747946,4.894703810193549,171.8,893.109375,False
1773601272.5437477,2224,0,0,0,0,59.36622299850569,0.0,0.022610998712480068,4.894703810193549,156.4,893.109375,False
1773601272.7303066,2225,0,0,0,0,60.422099002607865,0.0,0.02268499883939512,4.894703810193549,176.9,893.109375,False
1773601272.916601,2226,0,0,0,0,60.63680499937618,0.0,0.023906999558676034,4.894703810193549,177.2,893.109375,False
1773601273.1018913,2227,0,0,0,0,59.04431300223223,0.0,0.023927001166157424,4.894703810193549,161.9,893.109375,False
1773601273.2880995,2228,0,0,0,0,60.45204399924842,0.0,0.02290699922014028,5.698115505951862,166.5,891.796875,False
1773601273.475719,2229,0,0,0,0,62.06868499793927,0.0,0.021926000044913962,5.698115505951862,181.2,891.796875,False
1773601273.6625896,2230,0,0,0,0,61.71492300200043,0.0,0.0230370023928117,5.698115505951862,171.2,891.796875,False
1773601273.8487067,2231,0,0,0,0,61.05480800033547,0.0,0.023982000129763037,5.698115505951862,177.3,891.796875,False
1773601274.034775,2232,0,0,0,0,60.75656499888282,0.0,0.021833002392668277,5.698115505951862,166.6,891.796875,False
1773601274.223665,2233,0,0,0,0,63.68391700016218,0.0,0.022501000785268843,5.698115505951862,180.0,891.796875,False
1773601274.4102077,2234,0,0,0,0,61.19864200081793,0.0,0.02238899833173491,5.347071020758874,176.9,891.796875,False
1773601274.5960295,2235,0,0,0,0,60.81526900015888,0.0,0.022444997739512473,5.347071020758874,177.6,891.796875,False
1773601274.7824528,2236,0,0,0,0,60.82504699952551,0.0,0.022796000848757103,5.347071020758874,171.7,891.796875,False
1773601274.9692483,2237,0,0,0,0,61.47184799920069,0.0,0.02342699735891074,5.347071020758874,171.3,891.796875,False
1773601275.155242,2238,0,0,0,0,63.00537599963718,0.0,0.024000000848900527,5.347071020758874,198.9,891.796875,False
1773601275.3581905,2239,0,0,0,0,72.16484300079173,0.0,0.026092999178217724,5.347071020758874,207.0,891.796875,False
1773601275.5583453,2240,0,0,0,0,74.53365499895881,0.0,0.025667002773843706,4.944910801170753,214.8,891.796875,False
1773601275.7471309,2241,0,0,0,0,63.77814000006765,0.0,0.022721997083863243,4.944910801170753,196.0,891.796875,False
1773601275.9325995,2242,0,0,0,0,60.06007800169755,0.0,0.02274100188515149,4.944910801170753,178.0,891.796875,False
1773601276.1183097,2243,0,0,0,0,60.1801910015638,0.0,0.02246300209662877,4.944910801170753,172.3,891.796875,False
1773601276.3025572,2244,0,0,0,0,58.66907000017818,0.0,0.02244500137749128,4.944910801170753,173.7,891.8125,False
1773601276.48917,2245,0,0,0,0,60.773804998461856,0.0,0.023093001800589263,5.618905339560331,160.8,891.8125,False
1773601276.6764784,2246,0,0,0,0,61.37292100174818,0.0,0.022759999410482123,5.618905339560331,176.2,891.8125,False
1773601276.861425,2247,0,0,0,0,59.33724100032123,0.0,0.02272200072184205,5.618905339560331,173.0,895.265625,False
1773601277.0468898,2248,0,0,0,0,59.653686999809,0.0,0.023611999495187774,5.618905339560331,172.5,891.8125,False
1773601277.232869,2249,0,0,0,0,60.344932000589324,0.0,0.024073997337836772,5.618905339560331,172.1,891.8125,False
1773601277.4188015,2250,0,0,0,0,60.57750800027861,0.0,0.023463002435164526,5.618905339560331,166.7,891.8125,False
1773601277.604894,2251,0,0,0,0,60.6203050010663,0.0,0.02344499807804823,5.377688569265417,177.3,891.8125,False
1773601277.791017,2252,0,0,0,0,60.40776699956041,0.0,0.02359200152568519,5.377688569265417,171.9,891.8125,False
1773601277.9768965,2253,0,0,0,0,60.808936003013514,0.0,0.022202999389264733,5.377688569265417,182.9,891.8125,False
1773601278.162465,2254,0,0,0,0,60.19322800057125,0.0,0.02212899926234968,5.377688569265417,167.1,891.8125,False
1773601278.3480625,2255,0,0,0,0,60.26717300119344,0.0,0.02288899850100279,5.377688569265417,183.2,891.8125,False
1773601278.5336115,2256,0,0,0,0,60.261210001044674,0.0,0.022258998797042295,5.377688569265417,177.9,891.8125,False
1773601278.7198417,2257,0,0,0,0,61.05088100230205,0.0,0.02346299879718572,5.381446645446663,171.8,891.8125,False
1773601278.9002576,2258,0,0,0,0,59.267702999932226,0.0,0.02238899833173491,5.381446645446663,94.2,891.8125,False
