timestamp,frame_index,motion_regions,yolo_detections,confirmed_tracks,new_confirmations,time_mog2_ms,time_yolo_ms,time_tracker_ms,fps,cpu_percent,ram_mb,yolo_ran
1773587030.9429564,0,0,0,0,0,7.62778900025296,0.0,0.028408001526258886,0.0,0.0,456.6875,False
1773587031.1535783,1,0,0,0,0,7.103619002009509,0.0,0.02661100006662309,0.0,9.5,461.59375,False
1773587031.363745,2,0,0,0,0,7.056618000206072,0.0,0.022352000087266788,0.0,9.5,464.21875,False
1773587031.5739133,3,0,0,0,0,7.044784000754589,0.0,0.021704003302147612,0.0,14.3,467.203125,False
1773587031.7840858,4,0,0,0,0,7.05150700014201,0.0,0.021649000700563192,4.756659066846062,9.5,469.84375,False
1773587031.9942672,5,0,0,0,0,7.065265999699477,0.0,0.0210190009966027,4.756659066846062,4.8,472.46875,False
1773587032.2043722,6,0,0,0,0,7.003396000072826,0.0,0.0228709977818653,4.756659066846062,9.5,475.09375,False
1773587032.4145434,7,0,0,0,0,7.036266000795877,0.0,0.022241001715883613,4.756659066846062,4.8,477.71875,False
1773587032.6247587,8,0,0,0,0,7.048543997370871,0.0,0.06375999873853289,4.756659066846062,14.3,480.34375,False
1773587032.8349352,9,0,0,0,0,7.036896000499837,0.0,0.022723001166014,4.7581192429398556,4.8,482.96875,False
1773587033.0450394,10,0,0,0,0,7.013190999714425,0.0,0.02113000300596468,4.7581192429398556,9.5,482.96875,False
1773587033.2552445,11,0,0,0,0,7.049599000310991,0.0,0.0224069990508724,4.7581192429398556,9.5,482.96875,False
1773587033.4655063,12,0,0,0,0,7.032524998066947,0.0,0.021500000002561137,4.7581192429398556,4.8,482.96875,False
1773587033.6757271,13,0,0,0,0,6.992432001425186,0.0,0.021760002709925175,4.7581192429398556,14.3,482.96875,False
1773587033.8859465,14,0,0,0,0,6.9837650007684715,0.0,0.02111100184265524,4.757256842853131,9.5,482.96875,False
1773587034.095944,15,0,0,0,0,6.763394001609413,0.0,0.020518997189356014,4.757256842853131,4.8,482.96875,False
1773587034.306029,16,0,0,0,0,6.998339998972369,0.0,0.02242600021418184,4.757256842853131,9.5,482.96875,False
1773587034.5161788,17,0,0,0,0,6.9803759979549795,0.0,0.023036998754832894,4.757256842853131,9.5,482.96875,False
1773587034.7261271,18,0,0,0,0,6.6961900010937825,0.0,0.018906997865997255,4.757256842853131,9.5,482.96875,False
1773587034.9359674,19,0,0,0,0,6.725856997945812,0.0,0.01937100023496896,4.761797935477659,9.5,482.96875,False
1773587035.1458569,20,0,0,0,0,6.752301000233274,0.0,0.020536997908493504,4.761797935477659,9.5,482.96875,False
1773587035.3563032,21,0,0,0,0,6.772578999516554,0.0,0.019703998987097293,4.761797935477659,4.8,482.96875,False
1773587035.5663211,22,0,0,0,0,6.773060998966685,0.0,0.019815000996459275,4.761797935477659,9.5,482.96875,False
1773587035.7762117,23,0,0,0,0,6.739430002198787,0.0,0.01964799957931973,4.761797935477659,14.3,482.96875,False
1773587035.9860942,24,0,0,0,0,6.770967996999389,0.0,0.02042599953711033,4.761341706511917,4.8,482.96875,False
1773587036.19597,25,0,0,0,0,6.73081900094985,0.0,0.020073999621672556,4.761341706511917,9.5,482.96875,False
1773587036.4057748,26,0,0,0,0,6.729320000886219,0.0,0.01962899841601029,4.761341706511917,9.5,482.96875,False
1773587036.6155653,27,0,0,0,0,6.694449002679903,0.0,0.019296003301860765,4.761341706511917,4.8,482.96875,False
1773587036.825427,28,0,0,0,0,6.721726997056976,0.0,0.01962999886018224,4.761341706511917,14.3,482.96875,False
1773587037.0353107,29,0,0,0,0,6.7316159984329715,0.0,0.02044400025624782,4.765471491843499,9.5,482.96875,False
1773587037.2452548,30,0,0,0,0,6.78983899706509,0.0,0.02051900082733482,4.765471491843499,4.8,482.96875,False
1773587037.4552789,31,0,0,0,0,6.797875001211651,0.0,0.01981499735848047,4.765471491843499,9.5,482.96875,False
1773587037.6651666,32,0,0,0,0,6.713115999446018,0.0,0.019777999114012346,4.765471491843499,9.5,482.96875,False
1773587037.8750606,33,0,0,0,0,6.746800998371327,0.0,0.020536997908493504,4.765471491843499,9.5,482.96875,False
1773587038.0849438,34,0,0,0,0,6.719727000017883,0.0,0.019611001334851608,4.763532836011424,9.5,482.96875,False
1773587038.2974558,35,0,0,0,0,9.344854999653762,0.0,0.022518997866427526,4.763532836011424,4.7,482.96875,False
1773587038.5102358,36,0,0,0,0,9.256706001906423,0.0,0.02274000144097954,4.763532836011424,9.4,482.96875,False
1773587038.7229655,37,0,0,0,0,9.251390998542774,0.0,0.024647997634019703,4.763532836011424,9.4,482.96875,False
1773587038.935655,38,0,0,0,0,9.148465000180295,0.0,0.024258999474113807,4.763532836011424,18.8,482.96875,False
1773587039.1484113,39,0,0,0,0,9.261725001124432,0.0,0.02351900184294209,4.701824588244631,9.4,482.96875,False
1773587039.361222,40,0,0,0,0,9.340816999610979,0.0,0.023518998204963282,4.701824588244631,9.4,482.96875,False
1773587039.5741131,41,0,0,0,0,9.33553999857395,0.0,0.025166002160403877,4.701824588244631,9.4,482.96875,False
1773587039.7869089,42,0,0,0,0,9.317632000602316,0.0,0.02466700243530795,4.701824588244631,9.4,484.28125,False
1773587039.9996,43,0,0,0,0,9.283965002396144,0.0,0.02403699909336865,4.701824588244631,18.8,484.28125,False
1773587040.21236,44,0,0,0,0,9.288650002417853,0.0,0.02461099938955158,4.699492908358463,9.4,484.28125,False
1773587040.4250987,45,0,0,0,0,9.33191000149236,0.0,0.024444998416583985,4.699492908358463,9.4,484.28125,False
1773587040.6378071,46,0,0,0,0,9.309428001870401,0.0,0.024185999791370705,4.699492908358463,9.4,484.28125,False
1773587040.8505945,47,0,0,0,0,9.329892000096152,0.0,0.022574000468011945,4.699492908358463,9.4,484.28125,False
1773587041.063489,48,0,0,0,0,9.337151001091115,0.0,0.023944998247316107,4.699492908358463,18.8,484.28125,False
1773587041.2763999,49,0,0,0,0,9.344947000499815,0.0,0.02405499981250614,4.699078021224311,9.4,484.28125,False
1773587041.4891949,50,0,0,0,0,9.361039999930654,0.0,0.02383299943176098,4.699078021224311,14.1,484.28125,False
1773587041.7020347,51,0,0,0,0,9.28513200051384,0.0,0.023389002308249474,4.699078021224311,9.4,484.28125,False
1773587041.9147723,52,0,0,0,0,9.321706998889567,0.0,0.02405600025667809,4.699078021224311,9.4,484.28125,False
1773587042.127613,53,0,0,0,0,9.289466001064284,0.0,0.023666001652600244,4.699078021224311,18.8,484.28125,False
1773587042.3403666,54,0,0,0,0,9.259372000087751,0.0,0.02403699909336865,4.699403396053236,9.4,484.28125,False
1773587042.5531628,55,0,0,0,0,9.372188000270398,0.0,0.023111999325919896,4.699403396053236,9.4,484.28125,False
1773587042.7660205,56,0,0,0,0,9.313966002082452,0.0,0.024000000848900527,4.699403396053236,9.4,484.28125,False
1773587042.978842,57,0,0,0,0,9.325947001343593,0.0,0.024315002519870177,4.699403396053236,9.4,484.28125,False
1773587043.1916192,58,0,0,0,0,9.279945999878692,0.0,0.02433400004520081,4.699403396053236,18.8,484.28125,False
1773587043.4043274,59,0,0,0,0,9.308372998930281,0.0,0.02324099841644056,4.699426563616929,9.4,484.28125,False
1773587043.6171908,60,0,0,0,0,9.368947001348715,0.0,0.02401899837423116,4.699426563616929,9.4,484.28125,False
1773587043.8299985,61,0,0,0,0,9.32989099965198,0.0,0.02294499790878035,4.699426563616929,14.1,484.28125,False
1773587044.0427155,62,0,0,0,0,9.217650000209687,0.0,0.02290799966431223,4.699426563616929,9.4,484.28125,False
1773587044.2552412,63,0,0,0,0,9.060111999133369,0.0,0.02385200059507042,4.699426563616929,18.8,484.28125,False
1773587044.4681787,64,0,0,0,0,9.374187997309491,0.0,0.024777997168712318,4.69993525451207,9.4,484.28125,False
1773587044.6810665,65,0,0,0,0,9.37578099910752,0.0,0.02387100175837986,4.69993525451207,9.4,484.28125,False
1773587044.8939064,66,0,0,0,0,9.350410000479314,0.0,0.023592998331878334,4.69993525451207,9.4,484.28125,False
1773587045.106725,67,0,0,0,0,9.280651000153739,0.0,0.02463000055286102,4.69993525451207,9.4,484.28125,False
1773587045.3194704,68,0,0,0,0,9.163131002424052,0.0,0.023926000721985474,4.69993525451207,18.8,484.28125,False
1773587045.5323167,69,0,0,0,0,9.300057998189004,0.0,0.025649002054706216,4.69871479188017,9.4,484.28125,False
1773587045.7453141,70,0,0,0,0,9.397909998369869,0.0,0.02518600012990646,4.69871479188017,9.4,484.28125,False
1773587045.9579976,71,0,0,0,0,9.225557998433942,0.0,0.023333999706665054,4.69871479188017,9.4,484.28125,False
1773587046.1708617,72,0,0,0,0,9.333614001661772,0.0,0.025278000975959003,4.69871479188017,9.4,484.28125,False
1773587046.383694,73,0,0,0,0,9.334873000625521,0.0,0.025869998353300616,4.69871479188017,18.8,484.28125,False
1773587046.5965552,74,0,0,0,0,9.343687997898087,0.0,0.024666998797329143,4.698284253599349,9.4,484.28125,False
1773587046.8094537,75,0,0,0,0,9.345706999738468,0.0,0.025056000595213845,4.698284253599349,9.4,484.28125,False
1773587047.0224018,76,0,0,0,0,9.368039998662425,0.0,0.0248889991780743,4.698284253599349,9.4,484.28125,False
1773587047.2352114,77,0,0,0,0,9.312725000199862,0.0,0.023962998966453597,4.698284253599349,9.4,484.28125,False
1773587047.4479938,78,0,0,0,0,9.349632000521524,0.0,0.02544399831094779,4.698284253599349,18.8,484.28125,False
1773587047.661036,79,0,0,0,0,9.46609699894907,0.0,0.024704000679776073,4.696974176353334,9.4,484.28125,False
1773587047.8739345,80,0,0,0,0,9.401448001881363,0.0,0.024554999981774017,4.696974176353334,9.4,484.28125,False
1773587048.0867136,81,0,0,0,0,9.363650999148376,0.0,0.024852000933606178,4.696974176353334,9.4,484.28125,False
1773587048.2995677,82,0,0,0,0,9.355725000204984,0.0,0.02605500048957765,4.696974176353334,9.4,484.28125,False
1773587048.5124218,83,0,0,0,0,9.343780999188311,0.0,0.025591998564777896,4.696974176353334,18.8,484.28125,False
1773587048.7253075,84,0,0,0,0,9.374854998895898,0.0,0.024814999051159248,4.698060068084451,9.4,484.28125,False
1773587048.9381063,85,0,0,0,0,9.377483998832759,0.0,0.02535199746489525,4.698060068084451,9.4,484.28125,False
1773587049.150991,86,0,0,0,0,9.322705998783931,0.0,0.024981000024126843,4.698060068084451,9.4,484.28125,False
1773587049.3639455,87,0,0,0,0,9.397318000992527,0.0,0.024462999135721475,4.698060068084451,14.1,484.28125,False
1773587049.5768647,88,0,0,0,0,9.398187998158392,0.0,0.025518998882034793,4.698060068084451,14.1,484.28125,False
1773587049.7898805,89,0,0,0,0,9.530095998343313,0.0,0.024499997380189598,4.696716456016546,9.4,484.328125,False
1773587051.000837,90,1,1,0,0,9.514225999737391,997.9992219996348,0.043297000956954435,0.8257449967693149,133.8,562.484375,True
1773587051.9123368,91,1,1,1,1,7.0617479977954645,701.0480930002814,0.04724199970951304,0.8257449967693149,132.7,566.078125,True
1773587052.7944388,92,1,1,1,0,7.073469998431392,671.6720760014141,0.041925999539671466,0.9865949018333952,133.8,569.3125,True
1773587053.7971387,93,1,1,1,0,7.116359000065131,792.3786440005642,0.03355599983478896,1.1218851654279525,137.6,599.140625,True
1773587054.7813826,94,1,1,1,0,7.127766999474261,773.935788001836,0.03403700247872621,1.1218851654279525,136.1,601.96875,True
1773587055.7643435,95,1,1,1,0,7.138933000533143,772.6399829989532,0.03457400089246221,0.9206347046225726,137.3,603.734375,True
1773587056.7476249,96,1,1,1,0,7.153026002924889,772.8227070001594,0.03268499858677387,1.0728086006719786,137.3,607.234375,True
1773587057.804953,97,1,1,1,0,7.129526002245257,847.0260390022304,0.033926000469364226,0.9457752009739381,138.1,595.265625,True
1773587058.7889795,98,1,1,1,0,7.143636998080183,773.6336740017578,0.0332589988829568,0.9457752009739381,138.2,628.5625,True
1773587059.6722515,99,1,1,1,0,7.134526000299957,672.8697310027201,0.032500000088475645,0.9207521257646584,133.6,624.71875,True
1773587060.6194997,100,1,1,1,0,7.149173998186598,736.8024069983221,0.03312999979243614,1.1570931094499295,133.0,625.359375,True
1773587061.502493,101,1,1,1,0,7.141915000829613,672.6989339986176,0.03479699807940051,1.1570931094499295,134.8,629.484375,True
1773587062.4379053,102,1,1,1,0,7.1090259989432525,724.8469439982728,0.03513000046950765,1.0998624484902966,136.8,635.421875,True
1773587063.423754,103,1,1,1,0,7.376600999123184,775.2872210003261,0.03201900108251721,1.0998624484902966,138.0,640.40625,True
1773587064.4708781,104,1,1,1,0,7.202044998848578,836.6522520009312,0.03281499812146649,0.9192128741839125,139.4,615.203125,True
1773587065.5130858,105,1,1,1,0,7.088692000252195,831.8694249974214,0.03262899917899631,0.9550168220145251,138.2,616.890625,True
1773587065.7234275,106,0,0,1,0,6.988543998886598,0.0,0.02961100108223036,0.9594981140846127,9.5,618.203125,False
1773587065.9336827,107,0,0,1,0,7.060304000333417,0.0,0.03075900167459622,0.9594981140846127,9.5,622.140625,False
1773587066.1439779,108,0,0,1,0,6.987599001149647,0.0,0.030351999157574028,0.9594981140846127,14.3,623.453125,False
1773587066.354214,109,0,0,1,0,6.988986999203917,0.0,0.029999999242136255,0.9594981140846127,4.8,627.390625,False
1773587066.564446,110,0,0,1,0,6.992988001002232,0.0,0.03207500049029477,0.9594981140846127,9.5,630.015625,False
1773587066.7746556,111,0,0,1,0,6.990877001953777,0.0,0.03077800283790566,4.756050654958453,9.5,632.640625,False
1773587066.9849303,112,0,0,1,0,7.010265999269905,0.0,0.029963000997668132,4.756050654958453,9.5,635.265625,False
1773587067.195187,113,0,0,1,0,6.992246999288909,0.0,0.02955599848064594,4.756050654958453,9.5,637.890625,False
1773587067.4054039,114,0,0,1,0,7.038525000098161,0.0,0.029110997274983674,4.756050654958453,9.5,640.515625,False
1773587067.6156487,115,0,0,1,0,7.022062000032747,0.0,0.03014899994013831,4.756050654958453,9.5,643.140625,False
1773587067.8258703,116,0,0,1,0,7.00021100055892,0.0,0.030202998459571972,4.756481057898985,4.8,645.765625,False
1773587068.036141,117,0,0,1,0,7.049358999211108,0.0,0.03242599996156059,4.756481057898985,9.5,648.390625,False
1773587068.2464433,118,0,0,1,0,7.002654998359503,0.0,0.02853700061677955,4.756481057898985,14.3,651.015625,False
1773587068.456652,119,0,0,1,0,6.970618000195827,0.0,0.029906997951911762,4.756481057898985,4.8,653.640625,False
1773587068.6668613,120,0,0,1,0,7.001320998824667,0.0,0.031944000511430204,4.756481057898985,9.5,656.265625,False
1773587068.8771312,121,0,0,0,0,7.047877999866614,0.0,0.033833999623311684,4.756296589957571,9.5,658.890625,False
1773587069.087363,122,0,0,0,0,7.041100001515588,0.0,0.030963001336203888,4.756296589957571,9.5,661.515625,False
1773587069.2976,123,0,0,0,0,7.066285001201322,0.0,0.0286859976768028,4.756296589957571,9.5,664.140625,False
1773587069.5077672,124,0,0,0,0,6.976155000302242,0.0,0.02877799852285534,4.756296589957571,9.5,666.765625,False
1773587069.7180002,125,0,0,0,0,7.025153998256428,0.0,0.030223000067053363,4.756296589957571,9.5,669.390625,False
1773587069.9282246,126,0,0,0,0,7.046877999528078,0.0,0.030093000532360747,4.75699893910961,9.5,670.703125,False
1773587070.1404424,127,0,0,0,0,8.978147998277564,0.0,0.03381500209798105,4.75699893910961,9.4,674.640625,False
1773587070.3535926,128,0,0,0,0,9.629263997339876,0.0,0.03370400008861907,4.75699893910961,18.8,677.265625,False
1773587070.5660844,129,0,0,0,0,8.989667003334034,0.0,0.03242599996156059,4.75699893910961,9.4,679.890625,False
1773587070.7791262,130,0,0,0,0,9.51172600252903,0.0,0.034462998883100227,4.75699893910961,9.4,682.515625,False
1773587071.8313582,131,0,0,0,0,9.505800000624731,0.0,0.03511199975037016,4.710886638270114,82.7,675.4375,False
1773587072.0413702,132,0,0,0,0,6.722171998262638,0.0,0.02824100010911934,0.9505627608107345,4.8,625.734375,False
1773587072.2512925,133,0,0,0,0,6.759505002264632,0.0,0.0270549971901346,0.9505627608107345,14.3,591.0,False
1773587072.4612088,134,0,0,0,0,6.7217449977761135,0.0,0.027870002668350935,0.9505627608107345,9.5,591.0,False
1773587072.6713874,135,0,0,0,0,6.97369200133835,0.0,0.03042599928448908,0.9505627608107345,4.8,591.0,False
1773587072.881569,136,0,0,0,0,7.041357999696629,0.0,0.03137000021524727,0.9505627608107345,9.5,591.0,False
1773587073.0917823,137,0,0,0,0,6.981692000408657,0.0,0.022722997528035194,4.760935282307313,9.5,591.0,False
1773587074.0247238,138,1,1,0,0,7.018487998720957,722.7076889976161,0.061296999774640426,1.9208620079292786,136.1,607.515625,True
1773587075.0166383,139,1,1,1,1,7.092415002261987,781.4980170005583,0.035814999137073755,1.9208620079292786,137.1,612.796875,True
1773587076.0027883,140,1,1,1,0,7.085432996973395,775.8288709992485,0.03401800131541677,0.9141677448152966,136.9,590.046875,True
1773587076.9600928,141,1,1,1,0,9.773653000593185,744.1426540026441,0.03359200127306394,1.0860912198711803,135.8,614.484375,True
1773587077.8924067,142,1,1,1,0,7.0767659999546595,722.0111280003039,0.032777999876998365,1.0860912198711803,136.2,614.484375,True
1773587078.824414,143,1,1,1,0,7.097877998603508,721.5113659985946,0.03314800051157363,0.9667536005734642,135.2,614.6875,True
1773587079.8110125,144,1,1,1,0,7.081100000505103,776.3034849995165,0.034407999919494614,1.1010024328447694,136.8,590.828125,True
1773587080.8000562,145,1,1,1,0,6.922821001353441,778.8261659989075,0.0338890022248961,1.1010024328447694,137.5,593.5625,True
1773587081.8464181,146,1,1,1,0,7.240453000122216,835.8994480004185,0.03516700235195458,0.9165455511319522,140.5,597.171875,True
1773587082.8348634,147,1,1,1,0,7.2182299991254695,777.9151600007026,0.03387000106158666,0.9556291224752509,136.6,596.578125,True
1773587083.824433,148,1,1,1,0,7.217877999210032,779.0293149992067,0.03477800055406988,1.0661366025141614,139.5,599.203125,True
1773587084.813873,149,1,1,1,0,7.207637001556577,778.8805359996331,0.040777998947305605,1.0661366025141614,137.5,601.9375,True
1773587085.745335,150,1,1,1,0,7.163915001001442,720.9934170023189,0.034110998967662454,0.9161675691886826,135.3,628.1875,True
1773587086.6234608,151,1,1,1,0,7.153803999244701,667.6633069982927,0.033129002986242995,1.1712878778676008,133.2,628.546875,True
1773587087.611911,152,1,1,1,0,7.157284999266267,777.9926059993159,0.03550000110408291,1.1712878778676008,138.6,609.703125,True
1773587088.545493,153,1,1,1,0,7.142785001633456,723.1227629999921,0.03296299837529659,0.9169793731761217,136.0,634.390625,True
1773587089.4764311,154,1,1,1,0,7.1776930017222185,720.422561000305,0.035258999560028315,1.1347984086376954,135.3,639.515625,True
1773587090.5226352,155,1,1,1,0,7.126119002350606,835.7201680009894,0.033741001971066,0.9558320902035907,139.6,621.796875,True
1773587090.7331412,156,0,0,1,0,7.129100002202904,0.0,0.03199999991920777,0.9558320902035907,4.8,623.5,False
1773587090.9434834,157,0,0,1,0,7.065246998536168,0.0,0.030295999749796465,0.9558320902035907,9.5,626.125,False
1773587091.1538494,158,0,0,1,0,7.059062998450827,0.0,0.030851999326841906,0.9558320902035907,14.3,628.75,False
1773587091.364221,159,0,0,1,0,7.079119000991341,0.0,0.032480998925166205,0.9558320902035907,4.8,631.375,False
1773587091.574681,160,0,0,1,0,7.108265999704599,0.0,0.03088999801548198,4.7528116497769375,9.5,634.0,False
1773587091.7852328,161,0,0,1,0,7.062933000270277,0.0,0.0301670006592758,4.7528116497769375,9.5,636.625,False
1773587091.995581,162,0,0,1,0,7.040081000013743,0.0,0.03211099829059094,4.7528116497769375,9.5,639.25,False
1773587092.2059743,163,0,0,1,0,7.050969998090295,0.0,0.03270399975008331,4.7528116497769375,9.5,641.875,False
1773587092.4162912,164,0,0,1,0,7.016302999545587,0.0,0.03203699816367589,4.7528116497769375,9.5,644.5,False
1773587092.6267126,165,0,0,1,0,7.093988002452534,0.0,0.03103700146311894,4.752717940629099,9.5,647.125,False
1773587092.83717,166,0,0,1,0,7.090506998792989,0.0,0.03076000211876817,4.752717940629099,9.5,649.75,False
1773587093.047561,167,0,0,1,0,7.082988999172812,0.0,0.030352002795552835,4.752717940629099,9.5,652.375,False
1773587093.2579446,168,0,0,1,0,7.051692002278287,0.0,0.030777999199926853,4.752717940629099,9.5,655.0,False
1773587093.4683535,169,0,0,1,0,7.077747999574058,0.0,0.03072199979214929,4.752717940629099,9.5,657.625,False
1773587093.6787655,170,0,0,1,0,7.083061998855555,0.0,0.03264800034230575,4.752627466337429,9.5,660.25,False
1773587093.8891742,171,0,0,0,0,7.051229000353487,0.0,0.03209300120943226,4.752627466337429,9.5,662.875,False
1773587094.0994349,172,0,0,0,0,6.988357999944128,0.0,0.03211099829059094,4.752627466337429,4.8,665.5,False
1773587094.309773,173,0,0,0,0,7.035876998997992,0.0,0.029517999792005867,4.752627466337429,19.0,668.125,False
1773587094.5200868,174,0,0,0,0,7.070006999128964,0.0,0.030519000574713573,4.752627466337429,4.8,670.75,False
1773587094.7304785,175,0,0,0,0,7.008025000686757,0.0,0.029925999115221202,4.754146598458562,4.8,673.375,False
1773587094.940775,176,0,0,0,0,7.062543998472393,0.0,0.031388997740577906,4.754146598458562,9.5,676.0,False
1773587095.1510813,177,0,0,0,0,7.08345100065344,0.0,0.029778002499369904,4.754146598458562,9.5,678.625,False
1773587095.3614695,178,0,0,0,0,7.070766001561424,0.0,0.031351999496109784,4.754146598458562,14.3,681.25,False
1773587095.57182,179,0,0,0,0,7.116155997209717,0.0,0.030333001632243395,4.754146598458562,9.5,683.890625,False
1773587095.7821932,180,0,0,0,0,7.062988999678055,0.0,0.030610997782787308,4.754130432367818,4.8,686.515625,False
1773587096.8810215,181,0,0,0,0,7.004099003097508,0.0,0.031351999496109784,0.910052377377486,82.8,692.15625,False
1773587097.0909548,182,0,0,0,0,6.737004998285556,0.0,0.028833997930632904,0.910052377377486,4.8,692.15625,False
1773587097.3009338,183,0,0,0,0,6.7207460015197285,0.0,0.02631499955896288,0.910052377377486,14.3,692.15625,False
1773587097.5109515,184,0,0,0,0,6.757948998711072,0.0,0.027778001822298393,0.910052377377486,9.5,592.140625,False
1773587097.7211504,185,0,0,0,0,7.004858998698182,0.0,0.02870399839594029,0.910052377377486,4.8,592.140625,False
1773587097.9314804,186,0,0,0,0,7.064581001031911,0.0,0.034980999771505594,4.759910882405812,9.5,592.140625,False
1773587098.141812,187,0,0,0,0,7.043302997772116,0.0,0.021148000087123364,4.759910882405812,4.8,592.140625,False
1773587098.3521383,188,0,0,0,0,7.0049329988250975,0.0,0.022223000996746123,4.759910882405812,14.3,592.140625,False
1773587098.5625756,189,0,0,0,0,7.077341000695014,0.0,0.02113000300596468,4.759910882405812,9.5,592.140625,False
1773587098.7728665,190,0,0,0,0,7.001376998232445,0.0,0.022833999537397176,4.759910882405812,4.8,592.140625,False
1773587098.983187,191,0,0,0,0,6.998394997935975,0.0,0.022055999579606578,4.754208030606085,9.5,592.140625,False
1773587099.193517,192,0,0,0,0,7.002690999797778,0.0,0.02325999957975,4.754208030606085,9.5,592.140625,False
1773587099.403789,193,0,0,0,0,7.001265999861062,0.0,0.0230370023928117,4.754208030606085,14.3,592.140625,False
1773587099.614197,194,0,0,0,0,7.09189600092941,0.0,0.022277999960351735,4.754208030606085,4.8,592.140625,False
1773587099.8245153,195,0,0,0,0,6.981043003179366,0.0,0.02344499807804823,4.754208030606085,9.5,592.140625,False
1773587100.0348089,196,0,0,0,0,7.039154999802122,0.0,0.022629999875789508,4.754554020242911,9.5,592.140625,False
1773587100.2450476,197,0,0,0,0,7.06615500166663,0.0,0.021148000087123364,4.754554020242911,4.8,592.140625,False
1773587100.4554355,198,0,0,0,0,7.036414001049707,0.0,0.022093001462053508,4.754554020242911,14.3,592.140625,False
1773587100.6658998,199,0,0,0,0,7.132562997867353,0.0,0.022481999621959403,4.754554020242911,9.5,592.140625,False
1773587101.575418,200,1,1,0,0,7.081987998390105,699.130722998234,0.030574999982491136,2.5963181874877552,134.1,605.140625,True
1773587102.457639,201,1,1,1,1,7.049544001347385,671.811942000204,0.03518499943311326,2.5963181874877552,132.6,609.125,True
1773587103.3084805,202,1,2,1,0,7.015172999672359,640.4756180018012,0.040556002204539254,1.154033134638859,132.8,612.046875,True
1773587104.2462168,203,1,1,1,0,7.160582001233706,727.1464530022058,0.03627800106187351,1.154033134638859,137.6,612.6875,True
1773587105.1274703,204,1,1,1,0,7.106191998900613,670.938177001517,0.03453799945418723,0.9617964707333752,133.9,610.9375,True
1773587105.967794,205,1,1,1,0,7.1686930023133755,629.8507729989069,0.03568499960238114,1.2348763998630958,133.3,597.96875,True
1773587106.8187149,206,1,1,1,0,7.147934000386158,640.5957099996158,0.034388998756185174,1.2348763998630958,131.6,601.09375,True
1773587107.6573105,207,1,1,1,0,7.176562998211011,628.0894470000931,0.03542599733918905,1.1837664158424672,133.6,603.21875,True
1773587108.49475,208,1,1,1,0,7.098229998518946,626.9829769989883,0.035296001442475244,1.1837664158424672,133.7,605.6875,True
1773587109.3333273,209,1,1,1,0,7.104988999344641,628.0881509992469,0.03781600025831722,1.1933081715485194,132.4,609.09375,True
1773587110.2134483,210,1,1,1,0,7.14415599941276,669.6882430005644,0.03400000059627928,1.1933081715485194,134.1,624.109375,True
1773587111.146347,211,1,1,1,0,7.195526999566937,722.4215530004585,0.0335000004270114,1.1031320868107815,135.1,626.796875,True
1773587112.1356897,212,1,1,1,0,7.154581999202492,778.7871440013987,0.033629999961704016,1.1031320868107815,137.5,624.203125,True
1773587113.1231318,213,1,1,1,0,7.207396000012523,776.8970210017869,0.03288899824838154,0.9162366157013311,137.7,619.140625,True
1773587114.0054739,214,1,1,1,0,7.154119000915671,671.8784040022001,0.03300100070191547,1.1314112874238615,133.7,607.6875,True
1773587115.0028863,215,1,1,1,0,7.129359000828117,786.9606940002996,0.03309299790998921,1.1314112874238615,136.4,623.734375,True
1773587115.2133024,216,0,0,1,0,7.082746997184586,0.0,0.029999999242136255,0.9095041718365579,9.5,626.359375,False
1773587115.423665,217,0,0,1,0,7.010673001786927,0.0,0.031314997613662854,0.9095041718365579,9.5,628.984375,False
1773587115.6340346,218,0,0,1,0,7.0593039999948815,0.0,0.031111001590033993,0.9095041718365579,14.3,631.609375,False
1773587115.844409,219,0,0,1,0,7.0365809988288675,0.0,0.030130002414807677,0.9095041718365579,4.8,634.234375,False
1773587116.054796,220,0,0,1,0,7.019857999694068,0.0,0.03088899757131003,0.9095041718365579,9.5,636.859375,False
1773587116.2651227,221,0,0,1,0,7.036172999505652,0.0,0.03014799949596636,4.753594858057564,9.5,639.484375,False
1773587116.4754376,222,0,0,1,0,7.007191998127382,0.0,0.030851999326841906,4.753594858057564,9.5,642.109375,False
1773587116.6858573,223,0,0,1,0,7.035877999442164,0.0,0.031685001886216924,4.753594858057564,14.3,644.734375,False
1773587116.8961456,224,0,0,1,0,7.021599001745926,0.0,0.03133300197077915,4.753594858057564,9.5,647.359375,False
1773587117.1065311,225,0,0,1,0,7.07537800190039,0.0,0.03074100095545873,4.753594858057564,4.8,649.984375,False
1773587117.3168766,226,0,0,1,0,7.0430989981105085,0.0,0.030017999961273745,4.754095945075016,9.5,652.609375,False
1773587117.5271928,227,0,0,1,0,7.028228999843122,0.0,0.03129600008833222,4.754095945075016,9.5,655.234375,False
1773587117.7375722,228,0,0,1,0,7.0194140025705565,0.0,0.031129999115364626,4.754095945075016,14.3,657.859375,False
1773587117.9479263,229,0,0,1,0,7.018229000095744,0.0,0.03153699799440801,4.754095945075016,4.8,660.484375,False
1773587118.158289,230,0,0,1,0,7.069543997204164,0.0,0.03074100095545873,4.754095945075016,9.5,663.109375,False
1773587118.3686411,231,0,0,0,0,7.016839997959323,0.0,0.02942600258393213,4.753790969857211,4.8,665.734375,False
1773587118.5789685,232,0,0,0,0,7.0554880003328435,0.0,0.029777998861391097,4.753790969857211,9.5,668.359375,False
1773587118.7892768,233,0,0,0,0,7.007432999671437,0.0,0.03044500044779852,4.753790969857211,14.3,670.984375,False
1773587118.9995048,234,0,0,0,0,6.991654998273589,0.0,0.02879599924199283,4.753790969857211,4.8,673.609375,False
1773587119.2098455,235,0,0,0,0,7.059544001094764,0.0,0.02987100015161559,4.753790969857211,9.5,676.234375,False
1773587119.4201448,236,0,0,0,0,7.018748001428321,0.0,0.03014799949596636,4.755074716377064,9.5,677.546875,False
1773587119.6303842,237,0,0,0,0,7.0496180014743,0.0,0.03042599928448908,4.755074716377064,9.5,681.5,False
1773587119.8406956,238,0,0,0,0,7.024784001259832,0.0,0.03042599928448908,4.755074716377064,9.5,684.125,False
1773587120.0509388,239,0,0,0,0,7.047302999126259,0.0,0.029556002118624747,4.755074716377064,9.5,686.75,False
1773587120.2611468,240,0,0,0,0,7.023284000752028,0.0,0.028870999813079834,4.755074716377064,9.5,689.375,False
1773587121.2790961,241,0,0,0,0,6.99972900110879,0.0,0.029445000109262764,4.756183327259074,80.6,680.328125,False
1773587121.4899292,242,0,0,0,0,6.967099001485622,0.0,0.03118499807897024,0.9817529831985881,9.5,593.703125,False
1773587121.7021232,243,0,0,0,0,8.894241000234615,0.0,0.032519001251785085,0.9817529831985881,14.1,593.703125,False
1773587121.915325,244,0,0,0,0,9.493447996646864,0.0,0.03516600190778263,0.9817529831985881,9.4,593.703125,False
1773587122.128334,245,0,0,0,0,9.498614999756683,0.0,0.03540699981385842,0.9817529831985881,9.4,593.703125,False
1773587122.3413854,246,0,0,0,0,9.466152001550654,0.0,0.036148001527180895,0.9817529831985881,9.4,593.703125,False
1773587122.554541,247,0,0,0,0,9.57070799995563,0.0,0.02624099943204783,4.7087309755909175,14.1,593.703125,False
1773587122.7674847,248,0,0,0,0,9.435854997718707,0.0,0.02635200144140981,4.7087309755909175,14.1,593.703125,False
1773587122.9805355,249,0,0,0,0,9.478429001319455,0.0,0.0259810003626626,4.7087309755909175,9.4,593.703125,False
1773587123.1936097,250,0,0,0,0,9.517447997495765,0.0,0.02570400101831183,4.7087309755909175,9.4,593.703125,False
1773587123.4066353,251,0,0,0,0,9.489799998846138,0.0,0.0285380010609515,4.7087309755909175,14.1,593.703125,False
1773587123.6198592,252,0,0,0,0,9.52141100060544,0.0,0.02677799784578383,4.693205862837181,9.4,593.703125,False
1773587123.8331,253,0,0,0,0,9.557559998938814,0.0,0.026204001187579706,4.693205862837181,14.1,593.703125,False
1773587124.0462995,254,0,0,0,0,9.54328199804877,0.0,0.024722001398913562,4.693205862837181,14.1,593.703125,False
1773587124.2593117,255,0,0,0,0,9.48663300005137,0.0,0.02570400101831183,4.693205862837181,9.4,593.703125,False
1773587124.4724076,256,0,0,0,0,9.485503000178142,0.0,0.026628997147781774,4.693205862837181,9.4,593.703125,False
1773587124.6856186,257,0,0,0,0,9.524375000182772,0.0,0.02631499955896288,4.691482969383861,9.4,593.703125,False
1773587124.898185,258,0,0,0,0,8.918963001633529,0.0,0.024981996830319986,4.691482969383861,18.8,593.703125,False
1773587125.1112201,259,0,0,0,0,9.496206999756396,0.0,0.026370998966740444,4.691482969383861,9.4,593.703125,False
1773587125.3242714,260,0,0,0,0,9.4551140027761,0.0,0.027537000278243795,4.691482969383861,9.4,593.703125,False
1773587125.5374415,261,0,0,0,0,9.550411999953212,0.0,0.026110999897355214,4.691482969383861,9.4,593.703125,False
1773587125.750415,262,0,0,0,0,9.457373998884577,0.0,0.026444999093655497,4.695126579005283,9.4,593.703125,False
1773587125.9634862,263,0,0,0,0,9.40509599968209,0.0,0.02635200144140981,4.695126579005283,18.8,593.703125,False
1773587126.176484,264,0,0,0,0,9.492003002378624,0.0,0.026185000024270266,4.695126579005283,9.4,593.703125,False
1773587126.3896549,265,0,0,0,0,9.488632997090463,0.0,0.02548200063756667,4.695126579005283,9.4,593.703125,False
1773587126.6027918,266,0,0,0,0,9.556615001201862,0.0,0.02518499968573451,4.695126579005283,9.4,593.703125,False
1773587126.8157792,267,0,0,0,0,9.471318000578322,0.0,0.02577700070105493,4.693329800349882,14.1,593.703125,False
1773587127.028922,268,0,0,0,0,9.549558999424335,0.0,0.025741002900758758,4.693329800349882,14.1,593.703125,False
1773587127.24205,269,0,0,0,0,9.55509599953075,0.0,0.0262970024778042,4.693329800349882,14.1,593.703125,False
1773587127.4551523,270,0,0,0,0,9.536023000691785,0.0,0.02492600106052123,4.693329800349882,9.4,593.703125,False
1773587127.6683311,271,0,0,0,0,9.590003999619512,0.0,0.027129997761221603,4.693329800349882,9.4,593.703125,False
1773587127.8814416,272,0,0,0,0,9.584708001057152,0.0,0.025574001483619213,4.692350032443559,9.4,593.703125,False
1773587128.094607,273,0,0,0,0,9.567318997142138,0.0,0.024981000024126843,4.692350032443559,18.8,593.703125,False
1773587128.307851,274,0,0,0,0,9.583652001310838,0.0,0.02633300027810037,4.692350032443559,9.4,593.703125,False
1773587128.5212386,275,0,0,0,0,9.700189999421127,0.0,0.025314999220427126,4.692350032443559,9.4,593.703125,False
1773587128.7343059,276,0,0,0,0,9.556744000292383,0.0,0.02546299947425723,4.692350032443559,9.4,593.703125,False
1773587128.947576,277,0,0,0,0,9.685393997642677,0.0,0.025036999431904405,4.690329831310211,9.4,593.703125,False
1773587129.1607647,278,0,0,0,0,9.628967000026023,0.0,0.024703000235604122,4.690329831310211,18.8,593.703125,False
1773587129.3739758,279,0,0,0,0,9.63982000030228,0.0,0.025314999220427126,4.690329831310211,9.4,593.703125,False
1773587129.5872808,280,0,0,0,0,9.726616000989452,0.0,0.025260000256821513,4.690329831310211,9.4,593.703125,False
1773587129.8006043,281,0,0,0,0,9.61013400228694,0.0,0.0268340008915402,4.690329831310211,9.4,593.703125,False
1773587130.0136886,282,0,0,0,0,9.57272599771386,0.0,0.0260560009337496,4.689432056351395,14.1,593.703125,False
1773587130.2268374,283,0,0,0,0,9.622651999961818,0.0,0.025203000404872,4.689432056351395,14.1,593.703125,False
1773587130.4399502,284,0,0,0,0,9.52855900322902,0.0,0.027259997295914218,4.689432056351395,9.4,593.703125,False
1773587130.6531193,285,0,0,0,0,9.627096998883644,0.0,0.025575001927791163,4.689432056351395,9.4,593.703125,False
1773587130.8662484,286,0,0,0,0,9.47661400277866,0.0,0.025314999220427126,4.689432056351395,14.1,593.703125,False
1773587131.0793219,287,0,0,0,0,9.479817999817897,0.0,0.02609300281619653,4.691659295232752,9.4,593.703125,False
1773587131.2924812,288,0,0,0,0,9.48866999897291,0.0,0.025518998882034793,4.691659295232752,14.1,593.703125,False
1773587131.5056834,289,0,0,0,0,9.653411998442607,0.0,0.02735199814196676,4.691659295232752,14.1,593.703125,False
1773587131.7187886,290,0,0,0,0,9.51361500119674,0.0,0.02677799784578383,4.691659295232752,9.4,593.71875,False
1773587131.931762,291,0,0,0,0,9.475541002757382,0.0,0.025388999347342178,4.691659295232752,14.1,593.71875,False
1773587132.1447997,292,0,0,0,0,9.480429001996526,0.0,0.056593002227600664,4.692887646493859,9.4,593.71875,False
1773587132.3578455,293,0,0,0,0,9.530781000648858,0.0,0.027352001779945567,4.692887646493859,14.1,593.734375,False
1773587132.570986,294,0,0,0,0,9.609597000235226,0.0,0.025296001695096493,4.692887646493859,14.1,593.734375,False
1773587132.784192,295,0,0,0,0,9.558003999700304,0.0,0.025556000764481723,4.692887646493859,9.4,593.734375,False
1773587132.9973185,296,0,0,0,0,9.540465998725267,0.0,0.02564799797255546,4.692887646493859,9.4,593.734375,False
1773587133.2103965,297,0,0,0,0,9.505613998044282,0.0,0.024593002308392897,4.69250857377993,9.4,593.734375,False
1773587133.4235833,298,0,0,0,0,9.493670000665588,0.0,0.025852001272141933,4.69250857377993,18.8,593.734375,False
1773587133.636772,299,0,0,0,0,9.601096997357672,0.0,0.028334001399343833,4.69250857377993,9.4,593.734375,False
1773587133.8498857,300,0,0,0,0,9.531169998808764,0.0,0.02596299964352511,4.69250857377993,9.4,593.734375,False
1773587134.0629272,301,0,0,0,0,9.429818001081003,0.0,0.02570400101831183,4.69250857377993,9.4,593.734375,False
1773587134.2759182,302,0,0,0,0,9.475465998548316,0.0,0.025148001441266388,4.6921201140435915,9.4,593.734375,False
1773587134.4889667,303,0,0,0,0,9.513725999568123,0.0,0.02598200080683455,4.6921201140435915,18.8,593.734375,False
1773587134.701986,304,0,0,0,0,9.534132997941924,0.0,0.02433299960102886,4.6921201140435915,9.4,593.734375,False
1773587134.914995,305,0,0,0,0,9.491669999988517,0.0,0.02455599678796716,4.6921201140435915,9.4,593.734375,False
1773587135.1280122,306,0,0,0,0,9.443558999919333,0.0,0.025018998712766916,4.6921201140435915,9.4,593.734375,False
1773587135.3411767,307,0,0,0,0,9.571299997332972,0.0,0.02505599695723504,4.694075664268765,9.4,593.734375,False
1773587135.5542676,308,0,0,0,0,9.596985000825953,0.0,0.025593002646928653,4.694075664268765,18.8,593.734375,False
1773587135.7674022,309,0,0,0,0,9.50442999965162,0.0,0.02544499875511974,4.694075664268765,9.4,593.734375,False
1773587135.9803126,310,0,0,0,0,9.437540000362787,0.0,0.025074001314351335,4.694075664268765,9.4,593.734375,False
1773587136.1933553,311,0,0,0,0,9.505410998826846,0.0,0.024740002118051052,4.694075664268765,9.4,593.734375,False
1773587136.4063482,312,0,0,0,0,9.506726000836352,0.0,0.025130000722128898,4.6938844483876885,14.1,593.734375,False
1773587136.6189985,313,0,0,0,0,9.021740999742178,0.0,0.02375899930484593,4.6938844483876885,14.1,593.734375,False
1773587136.8320096,314,0,0,0,0,9.47448499937309,0.0,0.024519002181477845,4.6938844483876885,9.4,593.734375,False
1773587137.0451725,315,0,0,0,0,9.640374999435153,0.0,0.027425998268881813,4.6938844483876885,9.4,593.734375,False
1773587137.2582688,316,0,0,0,0,9.628060000977712,0.0,0.025889003154588863,4.6938844483876885,9.4,593.734375,False
1773587137.4713755,317,0,0,0,0,9.611227000277722,0.0,0.025888999516610056,4.695227491575734,9.4,593.734375,False
1773587137.6846635,318,0,0,0,0,9.632393001083983,0.0,0.026222001906717196,4.695227491575734,18.8,593.734375,False
1773587137.8978112,319,0,0,0,0,9.696023000287823,0.0,0.025741002900758758,4.695227491575734,9.4,593.734375,False
1773587138.110986,320,0,0,0,0,9.601801000826526,0.0,0.027296002372168005,4.695227491575734,9.4,593.734375,False
1773587138.324041,321,0,0,0,0,9.59439299913356,0.0,0.0260560009337496,4.695227491575734,9.4,593.75,False
1773587138.5373232,322,0,0,0,0,9.645411002566107,0.0,0.026740999601315707,4.691064248606148,9.4,593.75,False
1773587138.750496,323,0,0,0,0,9.673746000771644,0.0,0.026351997803431004,4.691064248606148,18.8,593.75,False
1773587138.9636285,324,0,0,0,0,9.683578999101883,0.0,0.025369998184032738,4.691064248606148,9.4,593.75,False
1773587139.1767578,325,0,0,0,0,9.604448001482524,0.0,0.02679599856492132,4.691064248606148,14.1,593.75,False
1773587139.3899438,326,0,0,0,0,9.632855999370804,0.0,0.02603699977044016,4.691064248606148,9.4,593.75,False
1773587139.6031058,327,0,0,0,0,9.617060000891797,0.0,0.02570400101831183,4.6912772726438945,9.4,593.75,False
1773587139.8161378,328,0,0,0,0,9.556077999150148,0.0,0.025629000447224826,4.6912772726438945,18.8,593.75,False
1773587140.0292668,329,0,0,0,0,9.627373998227995,0.0,0.02631499955896288,4.6912772726438945,9.4,593.75,False
1773587140.2423677,330,0,0,0,0,9.62639399949694,0.0,0.025852001272141933,4.6912772726438945,9.4,593.75,False
1773587140.4554238,331,0,0,0,0,9.5165780003299,0.0,0.02651899922057055,4.6912772726438945,9.4,593.75,False
1773587140.6683443,332,0,0,0,0,9.455318002437707,0.0,0.027481997676659375,4.692781583968633,9.4,593.75,False
1773587140.8815055,333,0,0,0,0,9.521317999315215,0.0,0.02507499812054448,4.692781583968633,18.8,593.75,False
1773587141.0945158,334,0,0,0,0,9.457020998524968,0.0,0.026129000616492704,4.692781583968633,9.4,593.75,False
1773587141.3074465,335,0,0,0,0,9.455835999688134,0.0,0.02618599683046341,4.692781583968633,9.4,593.75,False
1773587141.5203996,336,0,0,0,0,9.438318000320578,0.0,0.026907997380476445,4.692781583968633,14.1,593.75,False
1773587141.7333925,337,0,0,0,0,9.49165199926938,0.0,0.02429699816275388,4.6948070511473015,9.4,593.75,False
1773587141.9464464,338,0,0,0,0,9.486430000833934,0.0,0.025278000975959003,4.6948070511473015,18.8,593.75,False
1773587142.1595232,339,0,0,0,0,9.53776300229947,0.0,0.02601800224510953,4.6948070511473015,9.4,593.75,False
1773587142.3725886,340,0,0,0,0,9.505206999165239,0.0,0.025001001631608233,4.6948070511473015,9.4,593.75,False
1773587142.5856364,341,0,0,0,0,9.571763999701943,0.0,0.025463003112236038,4.6948070511473015,9.4,593.75,False
1773587142.7986057,342,0,0,0,0,9.516541002085432,0.0,0.025110999558819458,4.693951687361158,9.4,593.75,False
1773587143.0116265,343,0,0,0,0,9.44967000032193,0.0,0.025869998353300616,4.693951687361158,18.8,593.75,False
1773587143.2247002,344,0,0,0,0,9.462578000238864,0.0,0.025426001229789108,4.693951687361158,9.4,593.75,False
1773587143.4378242,345,0,0,0,0,9.543669999402482,0.0,0.025869998353300616,4.693951687361158,9.4,593.75,False
1773587143.6509671,346,0,0,0,0,9.689245001936797,0.0,0.025592999008949846,4.693951687361158,9.4,593.75,False
1773587143.8638372,347,0,0,0,0,9.401522002008278,0.0,0.025130000722128898,4.6933213975997985,9.4,593.75,False
1773587144.0767877,348,0,0,0,0,9.349317999294726,0.0,0.026055997295770794,4.6933213975997985,18.8,593.75,False
1773587144.28982,349,0,0,0,0,9.503207002126146,0.0,0.026186000468442217,4.6933213975997985,9.4,593.75,False
1773587144.502935,350,0,0,0,0,9.469559001445305,0.0,0.026223002350889146,4.6933213975997985,9.4,593.75,False
1773587144.715884,351,0,0,0,0,9.480281001742696,0.0,0.02624099943204783,4.6933213975997985,9.4,593.75,False
1773587144.9289029,352,0,0,0,0,9.470502998738084,0.0,0.026112000341527164,4.694841734632839,9.4,593.75,False
1773587145.1419272,353,0,0,0,0,9.491021999565419,0.0,0.024740998924244195,4.694841734632839,18.8,593.75,False
1773587145.3547933,354,0,0,0,0,9.410577000380727,0.0,0.02570400101831183,4.694841734632839,9.4,593.75,False
1773587145.5678651,355,0,0,0,0,9.478577998379478,0.0,0.026925998099613935,4.694841734632839,9.4,593.75,False
1773587145.7809546,356,0,0,0,0,9.474522001255536,0.0,0.025592999008949846,4.694841734632839,9.4,593.75,False
1773587145.9938676,357,0,0,0,0,9.392891999596031,0.0,0.0273709993052762,4.694704054725939,9.4,593.75,False
1773587146.2067719,358,0,0,0,0,9.468467000260716,0.0,0.02546299947425723,4.694704054725939,18.8,593.75,False
1773587146.4197004,359,0,0,0,0,9.468465999816544,0.0,0.024722001398913562,4.694704054725939,9.4,593.75,False
1773587146.632633,360,0,0,0,0,9.471892000874504,0.0,0.02518499968573451,4.694704054725939,14.1,593.75,False
1773587146.8455923,361,0,0,0,0,9.52968899946427,0.0,0.02537099862820469,4.694704054725939,9.4,593.75,False
1773587147.0587053,362,0,0,0,0,9.520985000563087,0.0,0.02564899841672741,4.696444039553868,9.4,593.75,False
1773587147.2718575,363,0,0,0,0,9.5057810030994,0.0,0.02540799687267281,4.696444039553868,18.8,593.75,False
1773587147.4849205,364,0,0,0,0,9.532133997709025,0.0,0.024536999262636527,4.696444039553868,9.4,593.75,False
1773587147.6979213,365,0,0,0,0,9.558170997479465,0.0,0.02577800114522688,4.696444039553868,9.4,593.75,False
1773587147.91097,366,0,0,0,0,9.525522000330966,0.0,0.02562999725341797,4.696444039553868,9.4,593.75,False
1773587148.1240823,367,0,0,0,0,9.526744001050247,0.0,0.025610999728087336,4.693121841127969,9.4,593.75,False
1773587148.3367014,368,0,0,0,0,8.97463000001153,0.0,0.02401899837423116,4.693121841127969,18.8,593.75,False
1773587148.5497231,369,0,0,0,0,9.61731899951701,0.0,0.02466700243530795,4.693121841127969,9.4,593.75,False
1773587148.76277,370,0,0,0,0,9.534614000585862,0.0,0.025074001314351335,4.693121841127969,9.4,593.75,False
1773587148.9759097,371,0,0,0,0,9.589319000951946,0.0,0.025019002350745723,4.693121841127969,14.1,593.75,False
1773587149.1890783,372,0,0,0,0,9.631077999074478,0.0,0.025296001695096493,4.695006750961713,9.4,593.75,False
1773587149.4021823,373,0,0,0,0,9.50113299768418,0.0,0.02522200156818144,4.695006750961713,14.1,593.75,False
1773587149.6152568,374,0,0,0,0,9.465446997637628,0.0,0.02574099926277995,4.695006750961713,14.1,593.75,False
1773587149.828334,375,0,0,0,0,9.50596700204187,0.0,0.025352001102874056,4.695006750961713,9.4,593.765625,False
1773587150.041404,376,0,0,0,0,9.517040998616721,0.0,0.024962999304989353,4.695006750961713,9.4,593.765625,False
1773587150.2542913,377,0,0,0,0,9.427077002328588,0.0,0.026462999812792987,4.693160700794534,9.4,593.765625,False
1773587150.467358,378,0,0,0,0,9.470837001572363,0.0,0.0268340008915402,4.693160700794534,18.8,593.765625,False
1773587150.6803896,379,0,0,0,0,9.494578000158072,0.0,0.02572199809947051,4.693160700794534,9.4,593.765625,False
1773587150.8934288,380,0,0,0,0,9.489781001320807,0.0,0.025518998882034793,4.693160700794534,9.4,593.765625,False
1773587151.1063735,381,0,0,0,0,9.446187999856193,0.0,0.02537099862820469,4.693160700794534,9.4,593.765625,False
1773587151.3192956,382,0,0,0,0,9.48024399986025,0.0,0.02629599839565344,4.694926868997304,9.4,593.765625,False
1773587151.5322587,383,0,0,0,0,9.444022001844132,0.0,0.025574001483619213,4.694926868997304,18.8,593.765625,False
1773587151.7452269,384,0,0,0,0,9.43985499907285,0.0,0.024204000510508195,4.694926868997304,9.4,593.765625,False
1773587151.9584012,385,0,0,0,0,9.461706998990849,0.0,0.024722998205106705,4.694926868997304,9.4,593.765625,False
1773587152.1714768,386,0,0,0,0,9.45215100000496,0.0,0.0256669991358649,4.694926868997304,9.4,593.765625,False
1773587152.3844068,387,0,0,0,0,9.407558998645982,0.0,0.025018998712766916,4.694375127032179,9.4,593.765625,False
1773587152.59738,388,0,0,0,0,9.490058997471351,0.0,0.024760000087553635,4.694375127032179,18.8,593.765625,False
1773587152.8102489,389,0,0,0,0,9.434837000299012,0.0,0.024482000299030915,4.694375127032179,9.4,593.765625,False
1773587153.0231411,390,0,0,0,0,9.428689001651946,0.0,0.02570400101831183,4.694375127032179,9.4,593.765625,False
1773587153.2361462,391,0,0,0,0,9.48289199732244,0.0,0.026926001737592742,4.694375127032179,9.4,593.765625,False
1773587153.4491444,392,0,0,0,0,9.460244000365492,0.0,0.024278000637423247,4.69616429337591,14.1,593.78125,False
1773587153.6621563,393,0,0,0,0,9.497188999375794,0.0,0.025332999939564615,4.69616429337591,14.1,593.78125,False
1773587153.8751044,394,0,0,0,0,9.497891998762498,0.0,0.026147998141823336,4.69616429337591,9.4,593.78125,False
1773587154.08806,395,0,0,0,0,9.423206000064965,0.0,0.0263700021605473,4.69616429337591,14.1,593.78125,False
1773587154.301137,396,0,0,0,0,9.482669996941695,0.0,0.025148001441266388,4.69616429337591,9.4,593.78125,False
1773587154.5142696,397,0,0,0,0,9.542226001940435,0.0,0.025481996999587864,4.694716666289833,9.4,593.78125,False
1773587154.7272618,398,0,0,0,0,9.452448000956792,0.0,0.027000001864507794,4.694716666289833,18.8,593.78125,False
1773587154.94023,399,0,0,0,0,9.529023001960013,0.0,0.02492600106052123,4.694716666289833,9.4,593.78125,False
1773587155.1533277,400,0,0,0,0,9.481689001404447,0.0,0.02488999962224625,4.694716666289833,9.4,593.78125,False
1773587155.3663058,401,0,0,0,0,9.548003999952925,0.0,0.025352001102874056,4.694716666289833,9.4,593.78125,False
1773587155.5793338,402,0,0,0,0,9.48822599821142,0.0,0.0256669991358649,4.694104032786958,9.4,593.78125,False
1773587155.7922099,403,0,0,0,0,9.42111400217982,0.0,0.02577800114522688,4.694104032786958,18.8,593.78125,False
1773587156.0052693,404,0,0,0,0,9.463632999541005,0.0,0.025518998882034793,4.694104032786958,9.4,593.78125,False
1773587156.218215,405,0,0,0,0,9.513540997431846,0.0,0.02490699989721179,4.694104032786958,9.4,593.78125,False
1773587156.431284,406,0,0,0,0,9.497595998254837,0.0,0.029703998734476045,4.694104032786958,9.4,593.796875,False
1773587156.644286,407,0,0,0,0,9.44168800197076,0.0,0.026906996936304495,4.6951528579027775,9.4,593.796875,False
1773587156.857056,408,0,0,0,0,9.149335000984138,0.0,0.02546399991842918,4.6951528579027775,18.8,593.796875,False
1773587157.0701334,409,0,0,0,0,9.524726003292017,0.0,0.02594499892438762,4.6951528579027775,9.4,593.796875,False
1773587157.2831545,410,0,0,0,0,9.475687998929061,0.0,0.026907000574283302,4.6951528579027775,9.4,593.796875,False
1773587157.4960911,411,0,0,0,0,9.46013299835613,0.0,0.02687000232981518,4.6951528579027775,9.4,593.796875,False
1773587157.7092776,412,0,0,0,0,9.620171000278788,0.0,0.025667002773843706,4.695253771602871,9.4,593.796875,False
1773587157.9224172,413,0,0,0,0,9.507299997494556,0.0,0.025926001399056986,4.695253771602871,18.8,593.796875,False
1773587158.1354306,414,0,0,0,0,9.528373997454764,0.0,0.02603800021461211,4.695253771602871,9.4,593.796875,False
1773587158.3484766,415,0,0,0,0,9.508262999588624,0.0,0.0262039975496009,4.695253771602871,9.4,593.796875,False
1773587158.5616345,416,0,0,0,0,9.605430001101922,0.0,0.02544499875511974,4.695253771602871,9.4,593.796875,False
1773587158.7745442,417,0,0,0,0,9.465781000471907,0.0,0.02627800131449476,4.693009466794609,14.1,593.796875,False
1773587158.9875956,418,0,0,0,0,9.50068900056067,0.0,0.026648998755263165,4.693009466794609,18.8,593.796875,False
1773587159.2007437,419,0,0,0,0,9.511633001238806,0.0,0.026462999812792987,4.693009466794609,9.4,593.796875,False
1773587159.4137836,420,0,0,0,0,9.564504001900787,0.0,0.027165999199496582,4.693009466794609,9.4,593.796875,False
1773587159.6269114,421,0,0,0,0,9.598763001122279,0.0,0.025555000320309773,4.693009466794609,9.4,593.796875,False
1773587159.8399713,422,0,0,0,0,9.523893000732642,0.0,0.025907000235747546,4.693586098681706,14.1,593.796875,False
1773587160.0531015,423,0,0,0,0,9.537855999951717,0.0,0.02579600186436437,4.693586098681706,14.1,593.796875,False
1773587160.2662024,424,0,0,0,0,9.553651998430723,0.0,0.024593002308392897,4.693586098681706,14.1,593.796875,False
1773587160.4793594,425,0,0,0,0,9.586059000866953,0.0,0.026685000193538144,4.693586098681706,9.4,593.796875,False
1773587160.692334,426,0,0,0,0,9.502392000285909,0.0,0.02685200161067769,4.693586098681706,9.4,593.796875,False
1773587160.9055119,427,0,0,0,0,9.551781000482151,0.0,0.02577800114522688,4.692577873357912,9.4,593.796875,False
1773587161.1185532,428,0,0,0,0,9.558318997733295,0.0,0.025426001229789108,4.692577873357912,18.8,593.796875,False
1773587161.3317816,429,0,0,0,0,9.621003999200184,0.0,0.026721998438006267,4.692577873357912,9.4,593.796875,False
1773587161.5450487,430,0,0,0,0,9.61920799818472,0.0,0.025221997930202633,4.692577873357912,9.4,593.796875,False
1773587161.758101,431,0,0,0,0,9.611115001462167,0.0,0.02550000135670416,4.692577873357912,9.4,593.796875,False
1773587161.9712908,432,0,0,0,0,9.601522000593832,0.0,0.025538000045344234,4.691600518477124,9.4,593.796875,False
1773587162.184316,433,0,0,0,0,9.555504002491944,0.0,0.024574001145083457,4.691600518477124,18.8,593.796875,False
1773587162.397489,434,0,0,0,0,9.607708001567516,0.0,0.025888999516610056,4.691600518477124,9.4,593.796875,False
1773587162.6106987,435,0,0,0,0,9.633671001211042,0.0,0.025870998797472566,4.691600518477124,9.4,593.796875,False
1773587162.8239315,436,0,0,0,0,9.586021998984506,0.0,0.02627800131449476,4.691600518477124,9.4,593.796875,False
1773587163.036962,437,0,0,0,0,9.55679999970016,0.0,0.02601899905130267,4.6913161017697975,9.4,593.796875,False
1773587163.250109,438,0,0,0,0,9.634652000386268,0.0,0.02594399848021567,4.6913161017697975,18.8,593.796875,False
1773587163.463108,439,0,0,0,0,9.536300000036135,0.0,0.0262039975496009,4.6913161017697975,9.4,593.796875,False
1773587163.6762273,440,0,0,0,0,9.599929999239976,0.0,0.027851998311234638,4.6913161017697975,14.1,593.796875,False
1773587163.8893118,441,0,0,0,0,9.62543000059668,0.0,0.02622299871291034,4.6913161017697975,9.4,593.796875,False
1773587164.1024413,442,0,0,0,0,9.537374000501586,0.0,0.027000001864507794,4.693063027721528,9.4,593.796875,False
1773587164.315545,443,0,0,0,0,9.485762999247527,0.0,0.025278000975959003,4.693063027721528,18.8,593.796875,False
1773587164.5287654,444,0,0,0,0,9.605873998225434,0.0,0.02716700328164734,4.693063027721528,4.7,593.796875,False
1773587164.7418797,445,0,0,0,0,9.571818998665549,0.0,0.02681499972823076,4.693063027721528,9.4,593.796875,False
1773587164.9549458,446,0,0,0,0,9.521503998257685,0.0,0.02794499960145913,4.693063027721528,14.1,593.796875,False
1773587165.167991,447,0,0,0,0,9.49392900292878,0.0,0.025629000447224826,4.692262891768282,9.4,593.796875,False
1773587165.3810494,448,0,0,0,0,9.521577001578407,0.0,0.025536999601172283,4.692262891768282,18.8,593.796875,False
1773587165.5940933,449,0,0,0,0,9.528892001981148,0.0,0.026149002223974094,4.692262891768282,9.4,593.796875,False
1773587165.8070958,450,0,0,0,0,9.522763000859413,0.0,0.026462999812792987,4.692262891768282,9.4,593.796875,False
1773587166.020139,451,0,0,0,0,9.522373999061529,0.0,0.02709299951675348,4.692262891768282,9.4,593.796875,False
1773587166.2331707,452,0,0,0,0,9.542134001094382,0.0,0.02592599776107818,4.693857133104962,9.4,593.796875,False
1773587166.4462256,453,0,0,0,0,9.540338000078918,0.0,0.02653699993970804,4.693857133104962,18.8,593.796875,False
1773587166.6593306,454,0,0,0,0,9.523707001790171,0.0,0.027297002816339955,4.693857133104962,9.4,593.796875,False
1773587166.8724651,455,0,0,0,0,9.50879999800236,0.0,0.027074001991422847,4.693857133104962,9.4,593.796875,False
1773587167.0855887,456,0,0,0,0,9.631966997403651,0.0,0.02622199826873839,4.693857133104962,9.4,593.796875,False
1773587167.2985873,457,0,0,0,0,9.4599849981023,0.0,0.02603800021461211,4.692686026789111,14.1,593.796875,False
1773587167.5116255,458,0,0,0,0,9.467411000514403,0.0,0.027203001081943512,4.692686026789111,18.8,593.796875,False
1773587167.7246451,459,0,0,0,0,9.53857800050173,0.0,0.02596299964352511,4.692686026789111,4.7,593.796875,False
1773587167.9377742,460,0,0,0,0,9.567688997776713,0.0,0.02548200063756667,4.692686026789111,14.1,593.8125,False
1773587168.150763,461,0,0,0,0,9.541947998513933,0.0,0.02653699993970804,4.692686026789111,9.4,593.8125,False
1773587168.3637962,462,0,0,0,0,9.501800002908567,0.0,0.026665999030228704,4.694274251097042,9.4,593.8125,False
1773587168.5764482,463,0,0,0,0,9.048629999597324,0.0,0.02490699989721179,4.694274251097042,14.1,593.828125,False
1773587168.7895634,464,0,0,0,0,9.542521998810116,0.0,0.02596299964352511,4.694274251097042,14.1,593.828125,False
1773587169.0027168,465,0,0,0,0,9.55307800177252,0.0,0.026907997380476445,4.694274251097042,9.4,593.828125,False
1773587169.2158172,466,0,0,0,0,9.467965999647276,0.0,0.025888999516610056,4.694274251097042,9.4,593.828125,False
1773587169.4289296,467,0,0,0,0,9.497355000348762,0.0,0.02487099845893681,4.694308926710741,9.4,593.828125,False
1773587169.642073,468,0,0,0,0,9.568688998115249,0.0,0.02514799780328758,4.694308926710741,18.8,593.828125,False
1773587169.8551219,469,0,0,0,0,9.52935499662999,0.0,0.025833000108832493,4.694308926710741,9.4,593.828125,False
1773587170.068082,470,0,0,0,0,9.490133001236245,0.0,0.0268340008915402,4.694308926710741,9.4,593.828125,False
1773587170.2811491,471,0,0,0,0,9.567171000526287,0.0,0.02572300218162127,4.694308926710741,9.4,593.828125,False
1773587170.4940958,472,0,0,0,0,9.485948001383804,0.0,0.025555997126502916,4.693779391348002,9.4,593.828125,False
1773587170.7072413,473,0,0,0,0,9.602319001714932,0.0,0.03594499867176637,4.693779391348002,18.8,593.828125,False
1773587170.92022,474,0,0,0,0,9.500947999185883,0.0,0.026462999812792987,4.693779391348002,9.4,593.828125,False
1773587171.1334355,475,0,0,0,0,9.539558999676956,0.0,0.027537000278243795,4.693779391348002,9.4,593.828125,False
1773587171.3465488,476,0,0,0,0,9.495874001004267,0.0,0.02594499892438762,4.693779391348002,9.4,593.828125,False
1773587171.5594735,477,0,0,0,0,9.450781002669828,0.0,0.025536999601172283,4.693033621571083,9.4,593.828125,False
1773587171.7725437,478,0,0,0,0,9.549300000799121,0.0,0.027517999114934355,4.693033621571083,18.8,593.828125,False
1773587171.985609,479,0,0,0,0,9.537245001411065,0.0,0.025834000553004444,4.693033621571083,9.4,593.828125,False
1773587172.198661,480,0,0,0,0,9.511262000160059,0.0,0.025314999220427126,4.693033621571083,9.4,593.828125,False
1773587172.4117455,481,0,0,0,0,9.46152200049255,0.0,0.02655600110301748,4.693033621571083,9.4,593.828125,False
1773587172.6248183,482,0,0,0,0,9.50922500123852,0.0,0.027740999939851463,4.693756279430371,9.4,593.828125,False
1773587172.8378088,483,0,0,0,0,9.53265199859743,0.0,0.0262039975496009,4.693756279430371,18.8,593.828125,False
1773587173.0508442,484,0,0,0,0,9.505504000117071,0.0,0.026277997676515952,4.693756279430371,9.4,593.828125,False
1773587173.2639368,485,0,0,0,0,9.587984997779131,0.0,0.026444999093655497,4.693756279430371,14.1,593.828125,False
1773587173.4772284,486,0,0,0,0,9.724726998683764,0.0,0.02516699896659702,4.693756279430371,9.4,593.828125,False
1773587173.6903617,487,0,0,0,0,9.510355001111748,0.0,0.02403699909336865,4.6927269793895245,9.4,593.828125,False
1773587173.9034128,488,0,0,0,0,9.516374000668293,0.0,0.02609200237202458,4.6927269793895245,18.8,593.828125,False
1773587174.1164067,489,0,0,0,0,9.514392000710359,0.0,0.02574099926277995,4.6927269793895245,9.4,593.828125,False
1773587174.329498,490,0,0,0,0,9.53233699692646,0.0,0.025073997676372528,4.6927269793895245,9.4,593.828125,False
1773587174.5425913,491,0,0,0,0,9.603856000467204,0.0,0.025334000383736566,4.6927269793895245,9.4,593.828125,False
1773587174.755646,492,0,0,0,0,9.492891997069819,0.0,0.02625900015118532,4.693105037147139,9.4,593.828125,False
1773587174.9688146,493,0,0,0,0,9.5480400013912,0.0,0.052741001127287745,4.693105037147139,18.8,593.828125,False
1773587175.181855,494,0,0,0,0,9.578282002621563,0.0,0.02601899905130267,4.693105037147139,9.4,593.828125,False
1773587175.3948596,495,0,0,0,0,9.530317998724058,0.0,0.02550000135670416,4.693105037147139,14.1,593.828125,False
1773587175.6079457,496,0,0,0,0,9.535393000987824,0.0,0.026277997676515952,4.693105037147139,9.4,593.828125,False
1773587175.8210454,497,0,0,0,0,9.591688998625614,0.0,0.02466700243530795,4.693529374507769,9.4,593.828125,False
1773587176.0342305,498,0,0,0,0,9.564207000948954,0.0,0.026426001568324864,4.693529374507769,18.8,593.828125,False
1773587176.2472625,499,0,0,0,0,9.509169998636935,0.0,0.027018999389838427,4.693529374507769,9.4,593.828125,False
1773587176.4602692,500,0,0,0,0,9.47617000201717,0.0,0.027018999389838427,4.693529374507769,9.4,593.828125,False
1773587176.6733446,501,0,0,0,0,9.529188999295002,0.0,0.025536999601172283,4.693529374507769,9.4,593.828125,False
1773587176.886209,502,0,0,0,0,9.429502999410033,0.0,0.02520400084904395,4.693303541855773,9.4,593.828125,False
1773587177.099201,503,0,0,0,0,9.450985002331436,0.0,0.0256669991358649,4.693303541855773,18.8,593.828125,False
1773587177.3121216,504,0,0,0,0,9.451891997741768,0.0,0.02594399848021567,4.693303541855773,9.4,593.828125,False
1773587177.525221,505,0,0,0,0,9.552986000926467,0.0,0.025630000891396776,4.693303541855773,9.4,593.828125,False
1773587177.7381659,506,0,0,0,0,9.493707002548035,0.0,0.02596299964352511,4.693303541855773,9.4,593.828125,False
1773587177.9511302,507,0,0,0,0,9.430652000446571,0.0,0.024925997422542423,4.695623825619365,9.4,593.828125,False
1773587178.1640315,508,0,0,0,0,9.42442899759044,0.0,0.02522300201235339,4.695623825619365,18.8,593.828125,False
1773587178.3771257,509,0,0,0,0,9.538782000163337,0.0,0.02546299947425723,4.695623825619365,9.4,593.828125,False
1773587178.5901139,510,0,0,0,0,9.532725998724345,0.0,0.02379700163146481,4.695623825619365,9.4,593.828125,False
1773587178.8030584,511,0,0,0,0,9.48366999728023,0.0,0.025036999431904405,4.695623825619365,9.4,593.828125,False
1773587179.0160193,512,0,0,0,0,9.44750299822772,0.0,0.026166999305132776,4.695364150929456,14.1,593.828125,False
1773587179.229058,513,0,0,0,0,9.491373999480857,0.0,0.024704000679776073,4.695364150929456,14.1,593.828125,False
1773587179.442001,514,0,0,0,0,9.49800299713388,0.0,0.02546299947425723,4.695364150929456,14.1,593.828125,False
1773587179.6550364,515,0,0,0,0,9.511189000477316,0.0,0.025036999431904405,4.695364150929456,9.4,593.828125,False
1773587179.8680518,516,0,0,0,0,9.474170001340099,0.0,0.025444001948926598,4.695364150929456,9.4,593.828125,False
1773587180.0810218,517,0,0,0,0,9.4867810003052,0.0,0.024796998332021758,4.694697748969402,9.4,593.828125,False
1773587180.2935085,518,0,0,0,0,9.035611001309007,0.0,0.02492600106052123,4.694697748969402,18.8,593.828125,False
1773587180.5065396,519,0,0,0,0,9.517188998870552,0.0,0.024723001843085513,4.694697748969402,9.4,593.84375,False
1773587180.7194831,520,0,0,0,0,9.380761999636889,0.0,0.026204001187579706,4.694697748969402,9.4,593.84375,False
1773587180.9324062,521,0,0,0,0,9.448040000279434,0.0,0.0262970024778042,4.694697748969402,9.4,593.84375,False
1773587181.1453812,522,0,0,0,0,9.47211399761727,0.0,0.026148001779802144,4.697623336154988,9.4,593.84375,False
1773587181.3583796,523,0,0,0,0,9.496966998995049,0.0,0.025278000975959003,4.697623336154988,18.8,593.84375,False
1773587181.5714314,524,0,0,0,0,9.461133002332645,0.0,0.02483399657648988,4.697623336154988,9.4,593.84375,False
1773587181.7843351,525,0,0,0,0,9.444187999179121,0.0,0.02599999788799323,4.697623336154988,9.4,593.84375,False
1773587181.9976149,526,0,0,0,0,9.566577999066794,0.0,0.025610999728087336,4.697623336154988,9.4,593.84375,False
1773587182.2104678,527,0,0,0,0,9.398428999702446,0.0,0.02516699896659702,4.694255337341851,9.4,593.84375,False
1773587182.42345,528,0,0,0,0,9.42689200019231,0.0,0.025221997930202633,4.694255337341851,18.8,593.84375,False
1773587182.6364853,529,0,0,0,0,9.513021999737248,0.0,0.025148001441266388,4.694255337341851,9.4,593.84375,False
1773587182.8495347,530,0,0,0,0,9.46826299696113,0.0,0.02522200156818144,4.694255337341851,9.4,593.84375,False
1773587183.0625029,531,0,0,0,0,9.492503002547892,0.0,0.024834000214468688,4.694255337341851,9.4,593.84375,False
1773587183.2754767,532,0,0,0,0,9.418298999662511,0.0,0.02625900015118532,4.694740838643356,9.4,593.84375,False
1773587183.4885201,533,0,0,0,0,9.44578099733917,0.0,0.025556000764481723,4.694740838643356,18.8,593.859375,False
1773587183.701378,534,0,0,0,0,9.386947000166401,0.0,0.024204000510508195,4.694740838643356,9.4,593.859375,False
1773587183.9143405,535,0,0,0,0,9.475818002101732,0.0,0.025000001187436283,4.694740838643356,9.4,593.859375,False
1773587184.1273565,536,0,0,0,0,9.485169997788034,0.0,0.025093002477660775,4.694740838643356,14.1,593.859375,False
1773587184.3402772,537,0,0,0,0,9.44122500004596,0.0,0.0268340008915402,4.695894043946531,9.4,593.859375,False
1773587184.5533192,538,0,0,0,0,9.468799999012845,0.0,0.025278000975959003,4.695894043946531,18.8,593.859375,False
1773587184.766328,539,0,0,0,0,9.47507700038841,0.0,0.025055000151041895,4.695894043946531,9.4,593.859375,False
1773587184.97938,540,0,0,0,0,9.442021000722889,0.0,0.02574099926277995,4.695894043946531,9.4,593.859375,False
1773587185.1923194,541,0,0,0,0,9.491409997281153,0.0,0.02546299947425723,4.695894043946531,9.4,593.859375,False
1773587185.4053628,542,0,0,0,0,9.508299001026899,0.0,0.02631499955896288,4.694608419238217,9.4,593.859375,False
1773587185.6183693,543,0,0,0,0,9.45213199884165,0.0,0.025260000256821513,4.694608419238217,18.8,593.859375,False
1773587185.8313153,544,0,0,0,0,9.4192619981186,0.0,0.024760000087553635,4.694608419238217,14.1,593.859375,False
1773587186.044259,545,0,0,0,0,9.426520999113563,0.0,0.02592599776107818,4.694608419238217,9.4,593.875,False
1773587186.2571888,546,0,0,0,0,9.435855001356686,0.0,0.024500001018168405,4.694608419238217,9.4,593.875,False
1773587186.4702177,547,0,0,0,0,9.44309500118834,0.0,0.0262039975496009,4.695579668382209,9.4,593.875,False
1773587186.683088,548,0,0,0,0,9.415391999937128,0.0,0.02627800131449476,4.695579668382209,18.8,593.875,False
1773587186.89606,549,0,0,0,0,9.440726000320865,0.0,0.025260000256821513,4.695579668382209,9.4,593.875,False
1773587187.1090863,550,0,0,0,0,9.527428999717813,0.0,0.025444001948926598,4.695579668382209,9.4,593.875,False
1773587187.3220148,551,0,0,0,0,9.47994799935259,0.0,0.026574998628348112,4.695579668382209,9.4,593.875,False
1773587187.535103,552,0,0,0,0,9.499595998931909,0.0,0.02572299854364246,4.6956227742469245,9.4,593.875,False
1773587187.7482166,553,0,0,0,0,9.477521998633165,0.0,0.024665998353157192,4.6956227742469245,18.8,593.875,False
1773587187.9612274,554,0,0,0,0,9.529781000310322,0.0,0.025610999728087336,4.6956227742469245,9.4,593.875,False
1773587188.1742854,555,0,0,0,0,9.48072599931038,0.0,0.025834000553004444,4.6956227742469245,9.4,593.875,False
1773587188.3872502,556,0,0,0,0,9.424335999938194,0.0,0.02514799780328758,4.6956227742469245,9.4,593.875,False
1773587188.6001716,557,0,0,0,0,9.437465996597894,0.0,0.025426001229789108,4.693975851837792,9.4,593.875,False
1773587188.8132062,558,0,0,0,0,9.483948000706732,0.0,0.025093002477660775,4.693975851837792,18.8,593.875,False
1773587189.0262442,559,0,0,0,0,9.512115000688937,0.0,0.024739998480072245,4.693975851837792,9.4,593.875,False
1773587189.2392387,560,0,0,0,0,9.455131999857258,0.0,0.02631499955896288,4.693975851837792,14.1,593.875,False
1773587189.4522855,561,0,0,0,0,9.498261999397073,0.0,0.02516599852242507,4.693975851837792,4.7,593.875,False
1773587189.6653595,562,0,0,0,0,9.534559001622256,0.0,0.02568499985500239,4.694349907641946,9.4,593.875,False
1773587189.8784568,563,0,0,0,0,9.526244000880979,0.0,0.024852000933606178,4.694349907641946,18.8,593.875,False
1773587190.0915673,564,0,0,0,0,9.51472599990666,0.0,0.026148998585995287,4.694349907641946,9.4,593.875,False
1773587190.304638,565,0,0,0,0,9.488113999395864,0.0,0.025795998226385564,4.694349907641946,14.1,593.875,False
1773587190.517718,566,0,0,0,0,9.538614001940005,0.0,0.02631499955896288,4.694349907641946,9.4,593.875,False
1773587190.7305918,567,0,0,0,0,9.431835998839233,0.0,0.02568499985500239,4.693406476834335,9.4,593.875,False
1773587190.943487,568,0,0,0,0,9.424132000276586,0.0,0.025667002773843706,4.693406476834335,14.1,593.875,False
1773587191.1564603,569,0,0,0,0,9.510077001323225,0.0,0.025888999516610056,4.693406476834335,9.4,593.875,False
1773587191.369505,570,0,0,0,0,9.490632997767534,0.0,0.025908000679919496,4.693406476834335,14.1,593.875,False
1773587191.5824888,571,0,0,0,0,9.411077000549994,0.0,0.025369998184032738,4.693406476834335,9.4,593.875,False
1773587191.7954197,572,0,0,0,0,9.421373000805033,0.0,0.025610999728087336,4.695602798259999,9.4,593.875,False
1773587192.0084534,573,0,0,0,0,9.488670002610888,0.0,0.025037999876076356,4.695602798259999,18.8,593.875,False
1773587192.221428,574,0,0,0,0,9.487780997005757,0.0,0.02624099943204783,4.695602798259999,9.4,593.875,False
1773587192.4344845,575,0,0,0,0,9.424761999980547,0.0,0.02548200063756667,4.695602798259999,9.4,593.875,False
1773587192.6475604,576,0,0,0,0,9.46868800019729,0.0,0.02407400097581558,4.695602798259999,9.4,593.875,False
1773587192.8604476,577,0,0,0,0,9.42281700190506,0.0,0.026149002223974094,4.694788133098454,9.4,593.875,False
1773587193.0735688,578,0,0,0,0,9.536743997159647,0.0,0.025017998268594965,4.694788133098454,18.8,593.875,False
1773587193.2865424,579,0,0,0,0,9.490465999988373,0.0,0.02603699977044016,4.694788133098454,9.4,593.875,False
1773587193.4994442,580,0,0,0,0,9.416076998604694,0.0,0.02679699900909327,4.694788133098454,9.4,593.875,False
1773587193.7125537,581,0,0,0,0,9.575670999765862,0.0,0.024482000299030915,4.694788133098454,9.4,593.875,False
1773587193.9255252,582,0,0,0,0,9.525540997856297,0.0,0.025945002562366426,4.694849091801713,9.4,593.875,False
1773587194.1385505,583,0,0,0,0,9.470262997638201,0.0,0.024740998924244195,4.694849091801713,18.8,593.875,False
1773587194.351448,584,0,0,0,0,9.444688999792561,0.0,0.026482000976102427,4.694849091801713,9.4,593.875,False
1773587194.5644042,585,0,0,0,0,9.4220579994726,0.0,0.025612000172259286,4.694849091801713,9.4,593.875,False
1773587194.77744,586,0,0,0,0,9.48900399816921,0.0,0.02655600110301748,4.694849091801713,14.1,593.875,False
1773587194.9904451,587,0,0,0,0,9.403707001183648,0.0,0.02494500222383067,4.695048795192726,9.4,593.875,False
1773587195.2034419,588,0,0,0,0,9.473502999753691,0.0,0.02574099926277995,4.695048795192726,18.8,593.875,False
1773587195.4164593,589,0,0,0,0,9.487837000051513,0.0,0.02546299947425723,4.695048795192726,9.4,593.875,False
1773587195.6295395,590,0,0,0,0,9.430540001631016,0.0,0.02546299947425723,4.695048795192726,9.4,593.875,False
1773587195.8424385,591,0,0,0,0,9.439428999030497,0.0,0.024740998924244195,4.695048795192726,9.4,593.875,False
1773587196.055454,592,0,0,0,0,9.47024400011287,0.0,0.026351997803431004,4.694782878111943,14.1,593.875,False
1773587196.2683778,593,0,0,0,0,9.43950300279539,0.0,0.02568499985500239,4.694782878111943,18.8,593.875,False
1773587196.4814,594,0,0,0,0,9.495447997323936,0.0,0.02533399674575776,4.694782878111943,9.4,593.875,False
1773587196.6943743,595,0,0,0,0,9.446947002288653,0.0,0.025574998289812356,4.694782878111943,9.4,593.875,False
1773587196.9073217,596,0,0,0,0,9.411705999809783,0.0,0.024999997549457476,4.694782878111943,9.4,593.875,False
1773587197.1201675,597,0,0,0,0,9.37996599895996,0.0,0.025314999220427126,4.69575419945097,9.4,593.875,False
1773587197.333242,598,0,0,0,0,9.414316999027506,0.0,0.026982001145370305,4.69575419945097,18.8,593.875,False
1773587197.5462215,599,0,0,0,0,9.447761996852932,0.0,0.02518600012990646,4.69575419945097,9.4,593.875,False
1773587197.7591636,600,0,0,0,0,9.414039999683155,0.0,0.025573997845640406,4.69575419945097,9.4,593.875,False
1773587197.9721649,601,0,0,0,0,9.475466998992488,0.0,0.024943998141679913,4.69575419945097,9.4,593.875,False
1773587198.1852186,602,0,0,0,0,9.485448001214536,0.0,0.02596299964352511,4.695365202186086,9.4,593.875,False
1773587198.3982368,603,0,0,0,0,9.382373002154054,0.0,0.02494400177965872,4.695365202186086,18.8,593.875,False
1773587198.611177,604,0,0,0,0,9.441280999453738,0.0,0.02486999801476486,4.695365202186086,9.4,593.890625,False
1773587198.824086,605,0,0,0,0,9.438170000066748,0.0,0.02577800114522688,4.695365202186086,9.4,593.890625,False
1773587199.0370755,606,0,0,0,0,9.435243999178056,0.0,0.02548100019339472,4.695365202186086,9.4,593.890625,False
1773587199.249936,607,0,0,0,0,9.405966000485932,0.0,0.025000001187436283,4.695341023402687,14.1,593.890625,False
1773587199.4628866,608,0,0,0,0,9.407262001332128,0.0,0.02631499955896288,4.695341023402687,14.1,593.890625,False
1773587199.675927,609,0,0,0,0,9.482781002589036,0.0,0.025203000404872,4.695341023402687,9.4,593.890625,False
1773587199.8889534,610,0,0,0,0,9.45403999867267,0.0,0.025870998797472566,4.695341023402687,14.1,593.890625,False
1773587200.1019495,611,0,0,0,0,9.459244000026956,0.0,0.02598200080683455,4.695341023402687,9.4,593.890625,False
1773587200.314939,612,0,0,0,0,9.425743999599945,0.0,0.02601899905130267,4.695347330887392,9.4,593.890625,False
1773587200.5273767,613,0,0,0,0,8.872406997397775,0.0,0.024647997634019703,4.695347330887392,18.8,593.890625,False
1773587200.7405128,614,0,0,0,0,9.389373000885826,0.0,0.026721998438006267,4.695347330887392,9.4,593.890625,False
1773587200.953514,615,0,0,0,0,9.44750299822772,0.0,0.024832999770296738,4.695347330887392,9.4,593.890625,False
1773587201.1664748,616,0,0,0,0,9.453929000301287,0.0,0.026444999093655497,4.695347330887392,9.4,593.890625,False
1773587201.3793983,617,0,0,0,0,9.430374000658048,0.0,0.02600000152597204,4.696917370257342,9.4,593.890625,False
1773587201.5923555,618,0,0,0,0,9.426411001186352,0.0,0.027204001526115462,4.696917370257342,14.1,593.890625,False
1773587201.8055167,619,0,0,0,0,9.531040999718243,0.0,0.02537099862820469,4.696917370257342,14.1,593.890625,False
1773587202.018511,620,0,0,0,0,9.438650999072706,0.0,0.027649002731777728,4.696917370257342,9.4,593.890625,False
1773587202.2315269,621,0,0,0,0,9.484874000918353,0.0,0.025722001737449318,4.696917370257342,9.4,593.890625,False
1773587202.4446564,622,0,0,0,0,9.485280999797396,0.0,0.0260560009337496,4.694590553699918,9.4,593.890625,False
1773587202.65765,623,0,0,0,0,9.47022500258754,0.0,0.025036999431904405,4.694590553699918,18.8,593.890625,False
1773587202.8708062,624,0,0,0,0,9.527096997771878,0.0,0.025463003112236038,4.694590553699918,9.4,593.890625,False
1773587203.0838134,625,0,0,0,0,9.452651000174228,0.0,0.027296002372168005,4.694590553699918,9.4,593.890625,False
1773587203.296995,626,0,0,0,0,9.529132999887224,0.0,0.02518499968573451,4.694590553699918,9.4,593.890625,False
1773587203.509969,627,0,0,0,0,9.48381800117204,0.0,0.0273709993052762,4.692819387883199,9.4,593.890625,False
1773587203.7229073,628,0,0,0,0,9.462873000302352,0.0,0.027222999051446095,4.692819387883199,18.8,593.890625,False
1773587203.9360404,629,0,0,0,0,9.532837000733707,0.0,0.025908000679919496,4.692819387883199,9.4,593.890625,False
1773587204.1491773,630,0,0,0,0,9.504540998023003,0.0,0.02603800021461211,4.692819387883199,14.1,593.90625,False
1773587204.3621366,631,0,0,0,0,9.50642899988452,0.0,0.024741002562223002,4.692819387883199,9.4,593.90625,False
1773587204.575172,632,0,0,0,0,9.430705998966005,0.0,0.02548200063756667,4.6940105230431906,9.4,593.921875,False
1773587204.788147,633,0,0,0,0,9.396298999490682,0.0,0.026148001779802144,4.6940105230431906,18.8,593.921875,False
1773587205.001267,634,0,0,0,0,9.501391999947373,0.0,0.02548200063756667,4.6940105230431906,9.4,593.921875,False
1773587205.2142584,635,0,0,0,0,9.469428998272633,0.0,0.026888999855145812,4.6940105230431906,9.4,593.921875,False
1773587205.4272344,636,0,0,0,0,9.441651000088314,0.0,0.0263700021605473,4.6940105230431906,14.1,593.921875,False
1773587205.6402576,637,0,0,0,0,9.394946999236709,0.0,0.02624099943204783,4.6943183837852045,4.7,593.921875,False
1773587205.8532858,638,0,0,0,0,9.486744002060732,0.0,0.025370001822011545,4.6943183837852045,18.8,593.921875,False
1773587206.0662193,639,0,0,0,0,9.482410998316482,0.0,0.025260000256821513,4.6943183837852045,9.4,593.921875,False
1773587206.2791083,640,0,0,0,0,9.421022001333768,0.0,0.025888999516610056,4.6943183837852045,9.4,593.921875,False
1773587206.4920373,641,0,0,0,0,9.40537299902644,0.0,0.02574099926277995,4.6943183837852045,9.4,593.921875,False
1773587206.7050586,642,0,0,0,0,9.466466002777452,0.0,0.025092998839681968,4.695963443555454,9.4,593.921875,False
1773587206.918087,643,0,0,0,0,9.44467000226723,0.0,0.025426001229789108,4.695963443555454,18.8,593.921875,False
1773587207.1311624,644,0,0,0,0,9.457688000111375,0.0,0.027612000849330798,4.695963443555454,9.4,593.921875,False
1773587207.3440688,645,0,0,0,0,9.3770029998268,0.0,0.025517998437862843,4.695963443555454,9.4,593.921875,False
1773587207.5570564,646,0,0,0,0,9.487965999142034,0.0,0.0256669991358649,4.695963443555454,9.4,593.921875,False
1773587207.7700057,647,0,0,0,0,9.364279998408165,0.0,0.024351997126359493,4.69459580825589,9.4,593.921875,False
1773587207.9829412,648,0,0,0,0,9.392151001520688,0.0,0.025166002160403877,4.69459580825589,18.8,593.921875,False
1773587208.1957958,649,0,0,0,0,9.39354000001913,0.0,0.024814999051159248,4.69459580825589,9.4,593.921875,False
1773587208.4088335,650,0,0,0,0,9.459966997383162,0.0,0.02631399911479093,4.69459580825589,9.4,593.921875,False
1773587208.6217291,651,0,0,0,0,9.435316998860799,0.0,0.026130001060664654,4.69459580825589,9.4,593.921875,False
1773587208.8347092,652,0,0,0,0,9.383132997754728,0.0,0.025593002646928653,4.696282077178261,9.4,593.921875,False
1773587209.0472295,653,0,0,0,0,9.030834000441246,0.0,0.024814999051159248,4.696282077178261,18.8,593.921875,False
1773587209.2602196,654,0,0,0,0,9.399892001965782,0.0,0.025612000172259286,4.696282077178261,9.4,593.921875,False
1773587209.4732897,655,0,0,0,0,9.430206999240909,0.0,0.02653800038387999,4.696282077178261,9.4,593.921875,False
1773587209.6861937,656,0,0,0,0,9.347965999040753,0.0,0.025574998289812356,4.696282077178261,14.1,593.921875,False
1773587209.8991609,657,0,0,0,0,9.356799000670435,0.0,0.025574998289812356,4.697147759049529,9.4,593.921875,False
1773587210.1121776,658,0,0,0,0,9.43857700258377,0.0,0.026166999305132776,4.697147759049529,18.8,593.921875,False
1773587210.3252254,659,0,0,0,0,9.44233599875588,0.0,0.02572199809947051,4.697147759049529,9.4,593.921875,False
1773587210.538205,660,0,0,0,0,9.357576000184054,0.0,0.026388999685877934,4.697147759049529,9.4,593.921875,False
1773587210.751119,661,0,0,0,0,9.344484002212994,0.0,0.026277997676515952,4.697147759049529,9.4,593.921875,False
1773587210.9639986,662,0,0,0,0,9.401633000379661,0.0,0.025221997930202633,4.695505023512767,9.4,593.921875,False
1773587211.1769695,663,0,0,0,0,9.37950299703516,0.0,0.025129000277956948,4.695505023512767,18.8,593.921875,False
1773587211.3898852,664,0,0,0,0,9.394540000357665,0.0,0.024406999727943912,4.695505023512767,9.4,593.921875,False
1773587211.6029053,665,0,0,0,0,9.472484998696018,0.0,0.025389002985320985,4.695505023512767,9.4,593.921875,False
1773587211.8158753,666,0,0,0,0,9.371206000651,0.0,0.026444002287462354,4.695505023512767,14.1,593.921875,False
1773587212.0290754,667,0,0,0,0,9.378206999826944,0.0,0.025536999601172283,4.6946746280070215,9.4,593.921875,False
1773587212.2420897,668,0,0,0,0,9.440761998121161,0.0,0.025814999389695004,4.6946746280070215,18.8,593.921875,False
1773587212.4549417,669,0,0,0,0,9.386446999997133,0.0,0.02596299964352511,4.6946746280070215,4.7,593.921875,False
1773587212.6678586,670,0,0,0,0,9.3652799987467,0.0,0.02661100006662309,4.6946746280070215,9.4,593.921875,False
1773587212.8809423,671,0,0,0,0,9.485558999585919,0.0,0.026388999685877934,4.6946746280070215,9.4,593.921875,False
1773587213.0938516,672,0,0,0,0,9.384836001117947,0.0,0.024388999008806422,4.695546025330377,9.4,593.921875,False
1773587213.3068092,673,0,0,0,0,9.410225000465289,0.0,0.025834000553004444,4.695546025330377,18.8,593.921875,False
1773587213.5197682,674,0,0,0,0,9.454095998080447,0.0,0.02492600106052123,4.695546025330377,14.1,593.921875,False
1773587213.7328532,675,0,0,0,0,9.459577002417063,0.0,0.02575899998191744,4.695546025330377,9.4,593.9375,False
1773587213.945756,676,0,0,0,0,9.43672499852255,0.0,0.02600099833216518,4.695546025330377,9.4,593.9375,False
1773587214.1588216,677,0,0,0,0,9.458595999603858,0.0,0.025518998882034793,4.695636442125382,9.4,593.9375,False
1773587214.3718264,678,0,0,0,0,9.390373001224361,0.0,0.025833000108832493,4.695636442125382,18.8,593.9375,False
1773587214.5847769,679,0,0,0,0,9.43842900232994,0.0,0.02605500048957765,4.695636442125382,9.4,593.9375,False
1773587214.7975721,680,0,0,0,0,9.342927998659434,0.0,0.025538000045344234,4.695636442125382,9.4,593.9375,False
1773587215.0104656,681,0,0,0,0,9.385131997987628,0.0,0.025610999728087336,4.695636442125382,9.4,593.9375,False
1773587215.2232332,682,0,0,0,0,9.313725000538398,0.0,0.025314999220427126,4.696437729122298,14.1,593.9375,False
1773587215.4361305,683,0,0,0,0,9.356168997328496,0.0,0.026277997676515952,4.696437729122298,14.1,593.9375,False
1773587215.6493485,684,0,0,0,0,9.659578998252982,0.0,0.025092998839681968,4.696437729122298,9.4,593.9375,False
1773587215.862264,685,0,0,0,0,9.435891999601154,0.0,0.02601799860713072,4.696437729122298,9.4,593.9375,False
1773587216.0752153,686,0,0,0,0,9.334632002719445,0.0,0.02570400101831183,4.696437729122298,9.4,593.9375,False
1773587216.2881205,687,0,0,0,0,9.30931699986104,0.0,0.024999997549457476,4.695465073712563,14.1,593.9375,False
1773587216.50111,688,0,0,0,0,9.370984000270255,0.0,0.025574001483619213,4.695465073712563,18.8,593.9375,False
1773587216.7141125,689,0,0,0,0,9.4577810014016,0.0,0.02514899824745953,4.695465073712563,9.4,593.9375,False
1773587216.926935,690,0,0,0,0,9.350317999633262,0.0,0.025814999389695004,4.695465073712563,9.4,593.9375,False
1773587217.1399255,691,0,0,0,0,9.402651001437334,0.0,0.025851997634163126,4.695465073712563,9.4,593.9375,False
1773587217.3529117,692,0,0,0,0,9.43109500076389,0.0,0.026686000637710094,4.696369367200578,9.4,593.9375,False
1773587217.565732,693,0,0,0,0,9.275668999180198,0.0,0.023666998458793387,4.696369367200578,18.8,593.9375,False
1773587217.7786536,694,0,0,0,0,9.391243002028205,0.0,0.025092998839681968,4.696369367200578,9.4,593.9375,False
1773587217.9916277,695,0,0,0,0,9.386076999362558,0.0,0.025352001102874056,4.696369367200578,9.4,593.9375,False
1773587218.2046075,696,0,0,0,0,9.378909999213647,0.0,0.024629996914882213,4.696369367200578,9.4,593.9375,False
1773587218.4174879,697,0,0,0,0,9.367909999127733,0.0,0.025869998353300616,4.69628943886208,9.4,593.9375,False
1773587218.6306224,698,0,0,0,0,9.393910000653705,0.0,0.02562999725341797,4.69628943886208,18.8,593.9375,False
1773587218.843535,699,0,0,0,0,9.38916899758624,0.0,0.0243520007643383,4.69628943886208,9.4,593.9375,False
1773587219.05643,700,0,0,0,0,9.407632001966704,0.0,0.024518998543499038,4.69628943886208,9.4,593.9375,False
1773587219.2695496,701,0,0,0,0,9.548132999043446,0.0,0.024889002816053107,4.69628943886208,9.4,593.9375,False
1773587219.4825344,702,0,0,0,0,9.388909998961026,0.0,0.025907000235747546,4.695066664218931,9.4,593.9375,False
1773587219.6953084,703,0,0,0,0,9.181297999020899,0.0,0.026073998014908284,4.695066664218931,18.8,593.9375,False
1773587219.9081964,704,0,0,0,0,9.356780999951297,0.0,0.025926001399056986,4.695066664218931,9.4,593.9375,False
1773587220.1212306,705,0,0,0,0,9.45746599973063,0.0,0.026592999347485602,4.695066664218931,14.1,593.9375,False
1773587220.3343725,706,0,0,0,0,9.491151999100111,0.0,0.026407000405015424,4.695066664218931,9.4,593.9375,False
1773587220.547377,707,0,0,0,0,9.382354000990745,0.0,0.025371002266183496,4.695608055082185,9.4,593.9375,False
1773587220.7601736,708,0,0,0,0,9.251298000890529,0.0,0.02485199729562737,4.695608055082185,18.8,593.9375,False
1773587220.973198,709,0,0,0,0,9.420687998499488,0.0,0.025074001314351335,4.695608055082185,9.4,593.9375,False
1773587221.1861155,710,0,0,0,0,9.428818000742467,0.0,0.025018998712766916,4.695608055082185,4.7,593.9375,False
1773587221.3990722,711,0,0,0,0,9.403095999005018,0.0,0.024721997760934755,4.695608055082185,14.1,593.9375,False
1773587221.6120095,712,0,0,0,0,9.438632001547376,0.0,0.024852000933606178,4.6963094206916445,9.4,593.9375,False
1773587221.8249876,713,0,0,0,0,9.452041002077749,0.0,0.024852000933606178,4.6963094206916445,18.8,593.9375,False
1773587222.0379663,714,0,0,0,0,9.433539999008644,0.0,0.025148001441266388,4.6963094206916445,9.4,593.9375,False
1773587222.2509449,715,0,0,0,0,9.460484998271568,0.0,0.02679599856492132,4.6963094206916445,9.4,593.953125,False
1773587222.4639382,716,0,0,0,0,9.498577001068043,0.0,0.025630000891396776,4.6963094206916445,9.4,593.953125,False
1773587222.6770134,717,0,0,0,0,9.543743999529397,0.0,0.025851997634163126,4.69533261344944,9.4,593.953125,False
1773587222.890168,718,0,0,0,0,9.580614998412784,0.0,0.025555997126502916,4.69533261344944,18.8,593.953125,False
1773587223.1032212,719,0,0,0,0,9.491169999819249,0.0,0.02518499968573451,4.69533261344944,9.4,593.953125,False
1773587223.3163075,720,0,0,0,0,9.427780998521484,0.0,0.026110999897355214,4.69533261344944,9.4,593.953125,False
1773587223.5293505,721,0,0,0,0,9.467652002058458,0.0,0.026148001779802144,4.69533261344944,9.4,593.953125,False
1773587223.7424963,722,0,0,0,0,9.523189000901766,0.0,0.027221998607274145,4.692812037074332,14.1,593.953125,False
1773587223.9554029,723,0,0,0,0,9.39863200255786,0.0,0.026276997232344,4.692812037074332,14.1,593.953125,False
1773587224.1686208,724,0,0,0,0,9.697708999738097,0.0,0.02607500209705904,4.692812037074332,14.1,593.953125,False
1773587224.3816674,725,0,0,0,0,9.530243998597143,0.0,0.028685000870609656,4.692812037074332,9.4,593.953125,False
1773587224.594681,726,0,0,0,0,9.537967001961078,0.0,0.027259000489721075,4.692812037074332,14.1,593.953125,False
1773587224.8076787,727,0,0,0,0,9.460687997489003,0.0,0.026445002731634304,4.693538828441545,9.4,593.953125,False
1773587225.020671,728,0,0,0,0,9.46915099848411,0.0,0.027056001272285357,4.693538828441545,18.8,593.953125,False
1773587225.233796,729,0,0,0,0,9.511021999060176,0.0,0.02624099943204783,4.693538828441545,9.4,593.953125,False
1773587225.4469228,730,0,0,0,0,9.472022000409197,0.0,0.02651899922057055,4.693538828441545,9.4,593.953125,False
1773587225.6599076,731,0,0,0,0,9.477392002736451,0.0,0.027611000405158848,4.693538828441545,9.4,593.953125,False
1773587225.8729727,732,0,0,0,0,9.477855997829465,0.0,0.025407000066479668,4.693526223204974,9.4,593.953125,False
1773587226.0860736,733,0,0,0,0,9.454930001083994,0.0,0.02653800038387999,4.693526223204974,18.8,593.953125,False
1773587226.2990367,734,0,0,0,0,9.479058997385437,0.0,0.02629600203363225,4.693526223204974,9.4,593.953125,False
1773587226.512073,735,0,0,0,0,9.53341100102989,0.0,0.027185000362806022,4.693526223204974,9.4,593.953125,False
1773587226.7250943,736,0,0,0,0,9.496540002146503,0.0,0.026686000637710094,4.693526223204974,9.4,593.953125,False
1773587226.9381187,737,0,0,0,0,9.483856003498659,0.0,0.025593002646928653,4.694236423739072,9.4,593.953125,False
1773587227.1510663,738,0,0,0,0,9.445280997169903,0.0,0.026962999982060865,4.694236423739072,18.8,593.953125,False
1773587227.3641684,739,0,0,0,0,9.547336998366518,0.0,0.0259810003626626,4.694236423739072,9.4,593.953125,False
1773587227.5773532,740,0,0,0,0,9.590688998287078,0.0,0.024556000425945967,4.694236423739072,9.4,593.953125,False
1773587227.7903566,741,0,0,0,0,9.48009599960642,0.0,0.02622199826873839,4.694236423739072,14.1,593.953125,False
1773587228.003541,742,0,0,0,0,9.56989199767122,0.0,0.02627800131449476,4.693752077287982,9.4,593.953125,False
1773587228.2167618,743,0,0,0,0,9.534004002489382,0.0,0.02631499955896288,4.693752077287982,18.8,593.953125,False
1773587228.4298544,744,0,0,0,0,9.529744002065854,0.0,0.026185000024270266,4.693752077287982,9.4,593.953125,False
1773587228.6429331,745,0,0,0,0,9.455521998461336,0.0,0.02827800199156627,4.693752077287982,9.4,593.96875,False
1773587228.8559642,746,0,0,0,0,9.507484999630833,0.0,0.027166999643668532,4.693752077287982,9.4,593.984375,False
1773587229.0689409,747,0,0,0,0,9.464874001423595,0.0,0.0256669991358649,4.692275490219989,9.4,593.984375,False
1773587229.2817812,748,0,0,0,0,9.287539000069955,0.0,0.02661100006662309,4.692275490219989,18.8,593.984375,False
1773587229.494783,749,0,0,0,0,9.462781003094278,0.0,0.026592999347485602,4.692275490219989,9.4,593.984375,False
1773587229.7078443,750,0,0,0,0,9.445577001315542,0.0,0.0265179987763986,4.692275490219989,14.1,593.984375,False
1773587229.9209664,751,0,0,0,0,9.519948001980083,0.0,0.026832996809389442,4.692275490219989,9.4,593.984375,False
1773587230.133945,752,0,0,0,0,9.423021001566667,0.0,0.02603699977044016,4.694636794196175,9.4,593.984375,False
1773587230.3469572,753,0,0,0,0,9.427576998859877,0.0,0.02598200080683455,4.694636794196175,18.8,593.984375,False
1773587230.5600832,754,0,0,0,0,9.482522000325844,0.0,0.026426001568324864,4.694636794196175,9.4,593.984375,False
1773587230.773298,755,0,0,0,0,9.601411002222449,0.0,0.025630000891396776,4.694636794196175,9.4,593.984375,False
1773587230.9864025,756,0,0,0,0,9.442465998290572,0.0,0.025592999008949846,4.694636794196175,9.4,593.984375,False
1773587231.1992993,757,0,0,0,0,9.429022000404075,0.0,0.026686000637710094,4.693277283655487,9.4,593.984375,False
1773587231.4122899,758,0,0,0,0,9.455244002310792,0.0,0.02657400182215497,4.693277283655487,18.8,593.984375,False
1773587231.6254528,759,0,0,0,0,9.63042999865138,0.0,0.026666999474400654,4.693277283655487,9.4,593.984375,False
1773587231.8385546,760,0,0,0,0,9.512317999906372,0.0,0.026869998691836372,4.693277283655487,9.4,593.984375,False
1773587232.0516708,761,0,0,0,0,9.48928099751356,0.0,0.026370998966740444,4.693277283655487,9.4,593.984375,False
1773587232.2647011,762,0,0,0,0,9.456762996705947,0.0,0.02707499879761599,4.693368663460398,14.1,593.984375,False
1773587232.4772458,763,0,0,0,0,8.972093000920722,0.0,0.025074001314351335,4.693368663460398,14.1,593.984375,False
1773587232.6902425,764,0,0,0,0,9.514836998278042,0.0,0.025426001229789108,4.693368663460398,9.4,593.984375,False
1773587232.9033349,765,0,0,0,0,9.446854997804621,0.0,0.025222998374374583,4.693368663460398,14.1,593.984375,False
1773587233.116431,766,0,0,0,0,9.43985499907285,0.0,0.02599999788799323,4.693368663460398,9.4,593.984375,False
1773587233.329485,767,0,0,0,0,9.467967000091448,0.0,0.0260560009337496,4.696059134259041,9.4,593.984375,False
1773587233.5425472,768,0,0,0,0,9.4808549984009,0.0,0.028073998691979796,4.696059134259041,18.8,593.984375,False
1773587233.7554834,769,0,0,0,0,9.3928730020707,0.0,0.025388999347342178,4.696059134259041,9.4,593.984375,False
1773587233.9684598,770,0,0,0,0,9.392649997607805,0.0,0.02603699977044016,4.696059134259041,9.4,593.984375,False
1773587234.181451,771,0,0,0,0,9.471874000155367,0.0,0.024852000933606178,4.696059134259041,9.4,593.984375,False
1773587234.394448,772,0,0,0,0,9.426521999557735,0.0,0.02631499955896288,4.69458740097198,9.4,593.984375,False
1773587234.6074095,773,0,0,0,0,9.42704000044614,0.0,0.025536999601172283,4.69458740097198,18.8,593.984375,False
1773587234.820266,774,0,0,0,0,9.394984001119155,0.0,0.026592999347485602,4.69458740097198,9.4,593.984375,False
1773587235.0333173,775,0,0,0,0,9.475170001678634,0.0,0.024741002562223002,4.69458740097198,9.4,593.984375,False
1773587235.246347,776,0,0,0,0,9.472133002418559,0.0,0.02550000135670416,4.69458740097198,14.1,593.984375,False
1773587235.459304,777,0,0,0,0,9.345614002086222,0.0,0.026500001695239916,4.695342074648961,9.4,593.984375,False
1773587235.6723197,778,0,0,0,0,9.465410003031138,0.0,0.027295998734189197,4.695342074648961,14.1,593.984375,False
1773587235.8854213,779,0,0,0,0,9.523947999696247,0.0,0.025260000256821513,4.695342074648961,14.1,593.984375,False
1773587236.098443,780,0,0,0,0,9.480466000240995,0.0,0.024722001398913562,4.695342074648961,9.4,593.984375,False
1773587236.3112748,781,0,0,0,0,9.369390998472227,0.0,0.02635200144140981,4.695342074648961,9.4,593.984375,False
1773587236.5242383,782,0,0,0,0,9.461131998250494,0.0,0.026204001187579706,4.695383073620823,9.4,593.984375,False
1773587236.7373247,783,0,0,0,0,9.507726001174888,0.0,0.02537099862820469,4.695383073620823,18.8,593.984375,False
1773587236.9501975,784,0,0,0,0,9.395114000653848,0.0,0.02577800114522688,4.695383073620823,9.4,593.984375,False
1773587237.1631584,785,0,0,0,0,9.427039996808162,0.0,0.02596299964352511,4.695383073620823,9.4,593.984375,False
1773587237.3761058,786,0,0,0,0,9.40661400090903,0.0,0.0260560009337496,4.695383073620823,9.4,593.984375,False
1773587237.5890396,787,0,0,0,0,9.44154000171693,0.0,0.024648998078191653,4.695562846796031,9.4,593.984375,False
1773587237.8020968,788,0,0,0,0,9.487985000305343,0.0,0.025389002985320985,4.695562846796031,18.8,593.984375,False
1773587238.0151167,789,0,0,0,0,9.493688998190919,0.0,0.02546399991842918,4.695562846796031,9.4,593.984375,False
1773587238.2281563,790,0,0,0,0,9.504151999863097,0.0,0.025408000510651618,4.695562846796031,9.4,593.984375,False
1773587238.441238,791,0,0,0,0,9.546725999825867,0.0,0.025332999939564615,4.695562846796031,9.4,593.984375,False
1773587238.6542258,792,0,0,0,0,9.449855002458207,0.0,0.027074001991422847,4.694404549996597,9.4,593.984375,False
1773587238.8672101,793,0,0,0,0,9.417242999916198,0.0,0.025648001610534266,4.694404549996597,18.8,593.984375,False
1773587239.0800996,794,0,0,0,0,9.414668998942943,0.0,0.02624099943204783,4.694404549996597,9.4,593.984375,False
1773587239.2931266,795,0,0,0,0,9.445984000194585,0.0,0.02681399928405881,4.694404549996597,14.1,593.984375,False
1773587239.506212,796,0,0,0,0,9.55228100065142,0.0,0.024834000214468688,4.694404549996597,9.4,593.984375,False
1773587239.719133,797,0,0,0,0,9.466595998674165,0.0,0.025500998162897304,4.694945788164266,9.4,593.984375,False
1773587239.932157,798,0,0,0,0,9.470928998780437,0.0,0.026962999982060865,4.694945788164266,18.8,593.984375,False
1773587240.1452358,799,0,0,0,0,9.513318997051101,0.0,0.025871002435451373,4.694945788164266,9.4,593.984375,False
1773587240.3582487,800,0,0,0,0,9.47120699856896,0.0,0.024944998585851863,4.694945788164266,9.4,594.0,False
1773587240.5712464,801,0,0,0,0,9.478391999437008,0.0,0.025240999093512073,4.694945788164266,9.4,594.0,False
1773587240.7841992,802,0,0,0,0,9.410651000507642,0.0,0.02649999805726111,4.694679882751201,9.4,594.0,False
1773587240.9967113,803,0,0,0,0,8.901832999981707,0.0,0.02512999708415009,4.694679882751201,18.8,594.0,False
1773587241.209771,804,0,0,0,0,9.450724999624072,0.0,0.024870001652743667,4.694679882751201,9.4,594.0,False
1773587241.4227574,805,0,0,0,0,9.490133001236245,0.0,0.02663000122993253,4.694679882751201,9.4,594.0,False
1773587241.6357975,806,0,0,0,0,9.453151000343496,0.0,0.02570400101831183,4.694679882751201,9.4,594.0,False
1773587241.8487878,807,0,0,0,0,9.436706997803412,0.0,0.027500998839968815,4.6965902359658385,9.4,594.0,False
1773587242.062053,808,0,0,0,0,9.551225997711299,0.0,0.023926000721985474,4.6965902359658385,18.8,594.0,False
1773587242.27515,809,0,0,0,0,9.490243999607628,0.0,0.025833000108832493,4.6965902359658385,9.4,594.0,False
1773587242.4881713,810,0,0,0,0,9.444687999348389,0.0,0.026462999812792987,4.6965902359658385,9.4,594.0,False
1773587242.701128,811,0,0,0,0,9.470373999647563,0.0,0.026482000976102427,4.6965902359658385,9.4,594.0,False
1773587242.914113,812,0,0,0,0,9.439928999199765,0.0,0.02570400101831183,4.693497861670241,14.1,594.0,False
1773587243.1271234,813,0,0,0,0,9.453391998249572,0.0,0.025612000172259286,4.693497861670241,14.1,594.0,False
1773587243.3401716,814,0,0,0,0,9.400873001141008,0.0,0.026943998818751425,4.693497861670241,14.1,594.0,False
1773587243.5532813,815,0,0,0,0,9.520096999040106,0.0,0.0255190025200136,4.693497861670241,9.4,594.0,False
1773587243.7663293,816,0,0,0,0,9.445743999094702,0.0,0.026444999093655497,4.693497861670241,9.4,594.0,False
1773587243.9791715,817,0,0,0,0,9.390355000505224,0.0,0.025037999876076356,4.694107184865701,9.4,594.015625,False
1773587244.1922054,818,0,0,0,0,9.462280999287032,0.0,0.026629997591953725,4.694107184865701,18.8,594.015625,False
1773587244.4053693,819,0,0,0,0,9.609467000700533,0.0,0.02629600203363225,4.694107184865701,9.4,594.015625,False
1773587244.6184387,820,0,0,0,0,9.515077999822097,0.0,0.02548200063756667,4.694107184865701,9.4,594.015625,False
1773587244.8312552,821,0,0,0,0,9.385835997818504,0.0,0.025592999008949846,4.694107184865701,9.4,594.015625,False
1773587245.0442646,822,0,0,0,0,9.398799000337021,0.0,0.026204001187579706,4.694873265518935,9.4,594.015625,False
1773587245.257286,823,0,0,0,0,9.451521000301,0.0,0.025314999220427126,4.694873265518935,18.8,594.015625,False
1773587245.4703808,824,0,0,0,0,9.484687998337904,0.0,0.025166002160403877,4.694873265518935,9.4,594.015625,False
1773587245.6833336,825,0,0,0,0,9.417669996764744,0.0,0.02564799797255546,4.694873265518935,9.4,594.015625,False
1773587245.8963282,826,0,0,0,0,9.461613997700624,0.0,0.025000001187436283,4.694873265518935,14.1,594.015625,False
1773587246.109388,827,0,0,0,0,9.40087299750303,0.0,0.025018001906573772,4.6942710987939265,9.4,594.015625,False
1773587246.3222926,828,0,0,0,0,9.405818000232102,0.0,0.026147998141823336,4.6942710987939265,18.8,594.015625,False
1773587246.535244,829,0,0,0,0,9.487465998972766,0.0,0.025908000679919496,4.6942710987939265,9.4,594.015625,False
1773587246.7481937,830,0,0,0,0,9.395836001203861,0.0,0.026704001356847584,4.6942710987939265,9.4,594.015625,False
1773587246.961157,831,0,0,0,0,9.470854998653522,0.0,0.025092998839681968,4.6942710987939265,9.4,594.015625,False
1773587247.1740668,832,0,0,0,0,9.447743999771774,0.0,0.025629000447224826,4.696115919597216,9.4,594.015625,False
1773587247.3869972,833,0,0,0,0,9.38602099995478,0.0,0.02792599843814969,4.696115919597216,18.8,594.015625,False
1773587247.6000075,834,0,0,0,0,9.386613997776294,0.0,0.02629599839565344,4.696115919597216,9.4,594.015625,False
1773587247.8130808,835,0,0,0,0,9.508410999842454,0.0,0.024999997549457476,4.696115919597216,9.4,594.015625,False
1773587248.026055,836,0,0,0,0,9.445762003451819,0.0,0.026925998099613935,4.696115919597216,9.4,594.015625,False
1773587248.2390397,837,0,0,0,0,9.355113998026354,0.0,0.025369998184032738,4.694883775908417,9.4,594.015625,False
1773587248.452022,838,0,0,0,0,9.42833699809853,0.0,0.026388999685877934,4.694883775908417,18.8,594.015625,False
1773587248.6649785,839,0,0,0,0,9.45687399871531,0.0,0.02661100006662309,4.694883775908417,9.4,594.015625,False
1773587248.877958,840,0,0,0,0,9.442151000257581,0.0,0.024518001737305894,4.694883775908417,14.1,594.015625,False
1773587249.0909548,841,0,0,0,0,9.469225999055197,0.0,0.027740999939851463,4.694883775908417,9.4,594.015625,False
1773587249.3038008,842,0,0,0,0,9.391687999595888,0.0,0.02546299947425723,4.695670086472883,9.4,594.015625,False
1773587249.5163958,843,0,0,0,0,9.021814999869093,0.0,0.025833996915025637,4.695670086472883,18.8,594.015625,False
1773587249.729394,844,0,0,0,0,9.447391999856336,0.0,0.025407000066479668,4.695670086472883,4.7,594.015625,False
1773587249.9424076,845,0,0,0,0,9.384188000694849,0.0,0.02568499985500239,4.695670086472883,14.1,594.015625,False
1773587250.155381,846,0,0,0,0,9.42266900165123,0.0,0.02685200161067769,4.695670086472883,9.4,594.015625,False
1773587250.3683534,847,0,0,0,0,9.370058000058634,0.0,0.02590799704194069,4.6970583360583404,9.4,594.015625,False
1773587250.581345,848,0,0,0,0,9.42189200213761,0.0,0.02518499968573451,4.6970583360583404,18.8,594.015625,False
1773587250.7942865,849,0,0,0,0,9.41876200158731,0.0,0.025166002160403877,4.6970583360583404,9.4,594.015625,False
1773587251.0071955,850,0,0,0,0,9.357779999845661,0.0,0.02579600186436437,4.6970583360583404,9.4,594.015625,False
1773587251.220163,851,0,0,0,0,9.42407700131298,0.0,0.02570400101831183,4.6970583360583404,9.4,594.015625,False
1773587251.4330752,852,0,0,0,0,9.413112999027362,0.0,0.025536999601172283,4.696012865739594,9.4,594.015625,False
1773587251.6461368,853,0,0,0,0,9.48539199816878,0.0,0.031371000659419224,4.696012865739594,18.8,594.015625,False
1773587251.8590262,854,0,0,0,0,9.360002997709671,0.0,0.025592999008949846,4.696012865739594,9.4,594.015625,False
1773587252.0719151,855,0,0,0,0,9.414539999852423,0.0,0.026445002731634304,4.696012865739594,9.4,594.015625,False
1773587252.2850137,856,0,0,0,0,9.514836998278042,0.0,0.025536999601172283,4.696012865739594,9.4,594.015625,False
1773587252.498013,857,0,0,0,0,9.381539999594679,0.0,0.02548100019339472,4.695245361962179,14.1,594.015625,False
1773587252.7109652,858,0,0,0,0,9.371262000058778,0.0,0.026647998311091214,4.695245361962179,14.1,594.03125,False
1773587252.923845,859,0,0,0,0,9.409761998540489,0.0,0.027037000108975917,4.695245361962179,9.4,594.03125,False
1773587253.1368697,860,0,0,0,0,9.456855001189979,0.0,0.026130001060664654,4.695245361962179,14.1,594.03125,False
1773587253.3499455,861,0,0,0,0,9.460762001253897,0.0,0.02631499955896288,4.695245361962179,9.4,594.03125,False
1773587253.5629034,862,0,0,0,0,9.41722499919706,0.0,0.025926001399056986,4.695234849953678,9.4,594.03125,False
1773587253.7758236,863,0,0,0,0,9.363854998809984,0.0,0.02626000059535727,4.695234849953678,18.8,594.03125,False
1773587253.9888453,864,0,0,0,0,9.440874000574695,0.0,0.02590799704194069,4.695234849953678,9.4,594.03125,False
1773587254.2017748,865,0,0,0,0,9.451724999962607,0.0,0.02546299947425723,4.695234849953678,9.4,594.03125,False
1773587254.4147232,866,0,0,0,0,9.40272500156425,0.0,0.02624099943204783,4.695234849953678,9.4,594.03125,False
1773587254.6275756,867,0,0,0,0,9.314669001469156,0.0,0.025444001948926598,4.695889837975553,9.4,594.03125,False
1773587254.8406553,868,0,0,0,0,9.411817001819145,0.0,0.025221997930202633,4.695889837975553,18.8,594.03125,False
1773587255.0535774,869,0,0,0,0,9.443800001463387,0.0,0.025408000510651618,4.695889837975553,9.4,594.03125,False
1773587255.2664766,870,0,0,0,0,9.419854002771899,0.0,0.02463000055286102,4.695889837975553,9.4,594.03125,False
1773587255.4793372,871,0,0,0,0,9.33146600073087,0.0,0.02601899905130267,4.695889837975553,14.1,594.03125,False
1773587255.6922839,872,0,0,0,0,9.464929000387201,0.0,0.02624099943204783,4.696708041135433,9.4,594.03125,False
1773587255.905281,873,0,0,0,0,9.357279999676393,0.0,0.025000001187436283,4.696708041135433,18.8,594.03125,False
1773587256.1182833,874,0,0,0,0,9.449614000914153,0.0,0.025870998797472566,4.696708041135433,9.4,594.03125,False
1773587256.3312504,875,0,0,0,0,9.415411001100438,0.0,0.02533399674575776,4.696708041135433,9.4,594.03125,False
1773587256.544206,876,0,0,0,0,9.376002999488264,0.0,0.025556000764481723,4.696708041135433,9.4,594.03125,False
1773587256.7572582,877,0,0,0,0,9.383149998029694,0.0,0.02744400262599811,4.6949153073592225,9.4,594.03125,False
1773587256.9702535,878,0,0,0,0,9.49489199774689,0.0,0.02631499955896288,4.6949153073592225,18.8,594.03125,False
1773587257.1832876,879,0,0,0,0,9.501411001110682,0.0,0.025112000002991408,4.6949153073592225,9.4,594.03125,False
1773587257.3961582,880,0,0,0,0,9.383910000906326,0.0,0.026055997295770794,4.6949153073592225,9.4,594.03125,False
1773587257.6091425,881,0,0,0,0,9.418261997780064,0.0,0.02649999805726111,4.6949153073592225,9.4,594.03125,False
1773587257.8220708,882,0,0,0,0,9.460799999942537,0.0,0.025074001314351335,4.695691114434901,9.4,594.03125,False
1773587258.034835,883,0,0,0,0,9.281594997446518,0.0,0.026204001187579706,4.695691114434901,18.8,594.03125,False
1773587258.2476678,884,0,0,0,0,9.353077002742793,0.0,0.025260000256821513,4.695691114434901,9.4,594.03125,False
1773587258.460692,885,0,0,0,0,9.420169997611083,0.0,0.026926001737592742,4.695691114434901,9.4,594.046875,False
1773587258.673724,886,0,0,0,0,9.47524399816757,0.0,0.02520400084904395,4.695691114434901,14.1,594.046875,False
1773587258.886682,887,0,0,0,0,9.354780002468033,0.0,0.02550000135670416,4.696580769735519,9.4,594.046875,False
1773587259.0995812,888,0,0,0,0,9.385188001033384,0.0,0.025630000891396776,4.696580769735519,18.8,594.0625,False
1773587259.3125618,889,0,0,0,0,9.40911400175537,0.0,0.026388999685877934,4.696580769735519,9.4,594.0625,False
1773587259.525677,890,0,0,0,0,9.488873998634517,0.0,0.02633300027810037,4.696580769735519,9.4,594.0625,False
1773587259.738652,891,0,0,0,0,9.504613997705746,0.0,0.026962999982060865,4.696580769735519,9.4,594.0625,False
1773587259.9515471,892,0,0,0,0,9.343984002043726,0.0,0.025334000383736566,4.694921613700208,9.4,594.0625,False
1773587260.1643898,893,0,0,0,0,9.345873000711435,0.0,0.026091998734045774,4.694921613700208,14.1,594.0625,False
1773587260.3773396,894,0,0,0,0,9.423040002729977,0.0,0.025130000722128898,4.694921613700208,14.1,594.0625,False
1773587260.5902133,895,0,0,0,0,9.37029899796471,0.0,0.02603699977044016,4.694921613700208,9.4,594.0625,False
1773587260.8030765,896,0,0,0,0,9.391948002303252,0.0,0.025888999516610056,4.694921613700208,9.4,594.0625,False
1773587261.0160372,897,0,0,0,0,9.392891999596031,0.0,0.02518600012990646,4.697690682289556,9.4,594.0625,False
1773587261.2285583,898,0,0,0,0,8.901277000404662,0.0,0.025833000108832493,4.697690682289556,18.8,594.0625,False
1773587261.4414856,899,0,0,0,0,9.435559000849025,0.0,0.025499997718725353,4.697690682289556,9.4,594.0625,False
1773587261.6543682,900,0,0,0,0,9.40785500279162,0.0,0.02635200144140981,4.697690682289556,9.4,594.0625,False
1773587261.8672743,901,0,0,0,0,9.371187999931863,0.0,0.025018001906573772,4.697690682289556,9.4,594.0625,False
1773587262.080095,902,0,0,0,0,9.273815998312784,0.0,0.025888999516610056,4.698388459784082,9.4,594.0625,False
1773587262.2929356,903,0,0,0,0,9.341816999949515,0.0,0.02490699989721179,4.698388459784082,18.8,594.0625,False
1773587262.5059636,904,0,0,0,0,9.401391002029413,0.0,0.026888999855145812,4.698388459784082,9.4,594.0625,False
1773587262.7187726,905,0,0,0,0,9.31944699914311,0.0,0.02733299697865732,4.698388459784082,9.4,594.0625,False
1773587262.9316518,906,0,0,0,0,9.33926200013957,0.0,0.025630000891396776,4.698388459784082,9.4,594.0625,False
1773587263.1446612,907,0,0,0,0,9.35090900020441,0.0,0.025888999516610056,4.697275061181101,9.4,594.0625,False
1773587263.3575263,908,0,0,0,0,9.391890998813324,0.0,0.02516599852242507,4.697275061181101,18.8,594.0625,False
1773587263.5704992,909,0,0,0,0,9.389335999003379,0.0,0.025240999093512073,4.697275061181101,14.1,594.0625,False
1773587263.7835014,910,0,0,0,0,9.365724999952363,0.0,0.02522200156818144,4.697275061181101,9.4,594.0625,False
1773587263.996404,911,0,0,0,0,9.345909998955904,0.0,0.026740999601315707,4.697275061181101,9.4,594.0625,False
1773587264.2093265,912,0,0,0,0,9.342020999611123,0.0,0.02496300294296816,4.695774176726098,9.4,594.0625,False
1773587264.4220881,913,0,0,0,0,9.283002000302076,0.0,0.024740998924244195,4.695774176726098,18.8,594.0625,False
1773587264.6349878,914,0,0,0,0,9.385336001287214,0.0,0.025297002139268443,4.695774176726098,9.4,594.0625,False
1773587264.847869,915,0,0,0,0,9.33333600187325,0.0,0.02594499892438762,4.695774176726098,9.4,594.0625,False
1773587265.060828,916,0,0,0,0,9.37807700029225,0.0,0.026462999812792987,4.695774176726098,9.4,594.0625,False
1773587265.2737322,917,0,0,0,0,9.42268799917656,0.0,0.026573998184176162,4.697836956326948,9.4,594.0625,False
1773587265.4867904,918,0,0,0,0,9.444466002605623,0.0,0.02663000122993253,4.697836956326948,18.8,594.0625,False
1773587265.699601,919,0,0,0,0,9.328391002782155,0.0,0.02607400165288709,4.697836956326948,9.4,594.0625,False
1773587265.9125636,920,0,0,0,0,9.384781002154341,0.0,0.025908000679919496,4.697836956326948,9.4,594.0625,False
1773587266.1254807,921,0,0,0,0,9.463558002607897,0.0,0.026166999305132776,4.697836956326948,14.1,594.0625,False
1773587266.3384027,922,0,0,0,0,9.376021000207402,0.0,0.025036999431904405,4.696140106361991,9.4,594.0625,False
1773587266.5514066,923,0,0,0,0,9.433743001864059,0.0,0.025129000277956948,4.696140106361991,14.1,594.0625,False
1773587266.764308,924,0,0,0,0,9.412780997081427,0.0,0.025888999516610056,4.696140106361991,14.1,594.0625,False
1773587266.9772875,925,0,0,0,0,9.40537299902644,0.0,0.0260560009337496,4.696140106361991,9.4,594.0625,False
1773587267.190189,926,0,0,0,0,9.41457700173487,0.0,0.02522300201235339,4.696140106361991,9.4,594.0625,False
1773587267.4029822,927,0,0,0,0,9.305502000643173,0.0,0.02651899922057055,4.696434573912872,9.4,594.0625,False
1773587267.6159327,928,0,0,0,0,9.393798998644343,0.0,0.025130000722128898,4.696434573912872,18.8,594.0625,False
1773587267.828899,929,0,0,0,0,9.475058999669272,0.0,0.02518600012990646,4.696434573912872,9.4,594.0625,False
1773587268.041772,930,0,0,0,0,9.399946997291408,0.0,0.024519002181477845,4.696434573912872,9.4,594.0625,False
1773587268.2546039,931,0,0,0,0,9.320576999016339,0.0,0.025630000891396776,4.696434573912872,9.4,594.0625,False
1773587268.467488,932,0,0,0,0,9.381706000567647,0.0,0.026165998860960826,4.697283478094148,9.4,594.0625,False
1773587268.6804721,933,0,0,0,0,9.412595001776936,0.0,0.025332999939564615,4.697283478094148,18.8,594.0625,False
1773587268.8934476,934,0,0,0,0,9.41472499835072,0.0,0.025296001695096493,4.697283478094148,9.4,594.0625,False
1773587269.1064944,935,0,0,0,0,9.470929002418416,0.0,0.025759996788110584,4.697283478094148,9.4,594.0625,False
1773587269.3193448,936,0,0,0,0,9.342594999907305,0.0,0.02601900268928148,4.697283478094148,9.4,594.0625,False
1773587269.5322785,937,0,0,0,0,9.385632001794875,0.0,0.02544399831094779,4.695772073847028,14.1,594.0625,False
1773587269.7448874,938,0,0,0,0,9.095592999074142,0.0,0.026147998141823336,4.695772073847028,18.8,594.0625,False
1773587269.9579265,939,0,0,0,0,9.513078002783004,0.0,0.025278000975959003,4.695772073847028,9.4,594.0625,False
1773587270.1709526,940,0,0,0,0,9.392502000991954,0.0,0.025927001843228936,4.695772073847028,9.4,594.0625,False
1773587270.383793,941,0,0,0,0,9.355761998449452,0.0,0.024684999516466632,4.695772073847028,9.4,594.0625,False
1773587270.5968506,942,0,0,0,0,9.459576998779085,0.0,0.0259810003626626,4.697156175506364,9.4,594.0625,False
1773587270.8097026,943,0,0,0,0,9.366521000629291,0.0,0.025332999939564615,4.697156175506364,18.8,594.0625,False
1773587271.0226135,944,0,0,0,0,9.43987400023616,0.0,0.025481996999587864,4.697156175506364,9.4,594.0625,False
1773587271.2355282,945,0,0,0,0,9.340410000731936,0.0,0.026981997507391497,4.697156175506364,9.4,594.0625,False
1773587271.4486709,946,0,0,0,0,9.469688000535825,0.0,0.025074001314351335,4.697156175506364,9.4,594.0625,False
1773587271.6616094,947,0,0,0,0,9.443540002394002,0.0,0.025945002562366426,4.695785742594653,9.4,594.0625,False
1773587271.8745327,948,0,0,0,0,9.364502999233082,0.0,0.024704000679776073,4.695785742594653,18.8,594.0625,False
1773587272.0876582,949,0,0,0,0,9.428391997062135,0.0,0.02601899905130267,4.695785742594653,9.4,594.0625,False
1773587272.3016021,950,0,0,0,0,9.37685499957297,0.0,0.026500001695239916,4.695785742594653,9.4,594.0625,False
1773587272.514613,951,0,0,0,0,9.456132997001987,0.0,0.027240999770583585,4.695785742594653,9.3,594.0625,False
1773587272.7275066,952,0,0,0,0,9.307410000474192,0.0,0.0268340008915402,4.690609931920631,9.4,594.0625,False
1773587272.9400284,953,0,0,0,0,8.860739999363432,0.0,0.02566599869169295,4.690609931920631,18.8,594.0625,False
1773587273.152906,954,0,0,0,0,9.39381699936348,0.0,0.025499997718725353,4.690609931920631,9.4,594.0625,False
1773587273.365753,955,0,0,0,0,9.346983999421354,0.0,0.026944999262923375,4.690609931920631,9.4,594.0625,False
1773587273.578699,956,0,0,0,0,9.385022000060417,0.0,0.02600000152597204,4.690609931920631,9.4,594.0625,False
1773587273.7915988,957,0,0,0,0,9.320891000243137,0.0,0.025888999516610056,4.698935881314871,9.4,594.0625,False
1773587274.0045938,958,0,0,0,0,9.372985001391498,0.0,0.025926001399056986,4.698935881314871,18.8,594.0625,False
1773587274.217557,959,0,0,0,0,9.460540000873152,0.0,0.026408000849187374,4.698935881314871,9.4,594.0625,False
1773587274.4304588,960,0,0,0,0,9.400724997249199,0.0,0.02659300298546441,4.698935881314871,9.4,594.0625,False
1773587274.6434233,961,0,0,0,0,9.422577000805177,0.0,0.02663000122993253,4.698935881314871,9.4,594.0625,False
1773587274.8562899,962,0,0,0,0,9.374094999657245,0.0,0.026258996513206512,4.696099094168661,14.1,594.0625,False
1773587275.069191,963,0,0,0,0,9.38135500109638,0.0,0.024665998353157192,4.696099094168661,14.1,594.0625,False
1773587275.2822776,964,0,0,0,0,9.44967000032193,0.0,0.026186000468442217,4.696099094168661,14.1,594.0625,False
1773587275.4952393,965,0,0,0,0,9.377335998578928,0.0,0.02733299697865732,4.696099094168661,9.4,594.0625,False
1773587275.7081597,966,0,0,0,0,9.426633001567097,0.0,0.026351997803431004,4.696099094168661,9.4,594.0625,False
1773587275.9211247,967,0,0,0,0,9.450354998989496,0.0,0.025000001187436283,4.695869859716297,9.4,594.0625,False
1773587276.134165,968,0,0,0,0,9.473502999753691,0.0,0.027481997676659375,4.695869859716297,18.8,594.0625,False
1773587276.3471394,969,0,0,0,0,9.415873999387259,0.0,0.025945002562366426,4.695869859716297,9.4,594.0625,False
1773587276.5602386,970,0,0,0,0,9.481022003456019,0.0,0.02622199826873839,4.695869859716297,9.4,594.078125,False
1773587276.773312,971,0,0,0,0,9.482354998908704,0.0,0.026722002075985074,4.695869859716297,9.4,594.09375,False
1773587276.9863007,972,0,0,0,0,9.459670000069309,0.0,0.026166999305132776,4.694210155099161,9.4,594.09375,False
1773587277.1992517,973,0,0,0,0,9.432781000214163,0.0,0.02685200161067769,4.694210155099161,18.8,594.09375,False
1773587277.4122593,974,0,0,0,0,9.506504000455607,0.0,0.026185000024270266,4.694210155099161,9.4,594.09375,False
1773587277.6253605,975,0,0,0,0,9.504300000116928,0.0,0.02653800038387999,4.694210155099161,9.4,594.09375,False
1773587277.8386006,976,0,0,0,0,9.551724997436395,0.0,0.02627800131449476,4.694210155099161,14.1,594.09375,False
1773587278.051537,977,0,0,0,0,9.40272500156425,0.0,0.027592999686021358,4.693574543646184,9.4,594.09375,False
1773587278.2645757,978,0,0,0,0,9.479262000240851,0.0,0.026982001145370305,4.693574543646184,18.8,594.09375,False
1773587278.4777253,979,0,0,0,0,9.562985000229673,0.0,0.02661100006662309,4.693574543646184,9.4,594.09375,False
1773587278.6907408,980,0,0,0,0,9.506874001090182,0.0,0.026407000405015424,4.693574543646184,9.4,594.09375,False
1773587278.903653,981,0,0,0,0,9.414650998223806,0.0,0.025610999728087336,4.693574543646184,14.1,594.09375,False
1773587279.1168616,982,0,0,0,0,9.555003998684697,0.0,0.026370998966740444,4.694396143397699,9.4,594.09375,False
1773587279.3298743,983,0,0,0,0,9.414854997885413,0.0,0.02568600029917434,4.694396143397699,18.8,594.09375,False
1773587279.5429003,984,0,0,0,0,9.52076199973817,0.0,0.026721998438006267,4.694396143397699,9.4,594.09375,False
1773587279.7557948,985,0,0,0,0,9.369354000227759,0.0,0.026388999685877934,4.694396143397699,9.4,594.09375,False
1773587279.968698,986,0,0,0,0,9.367095000925474,0.0,0.026444002287462354,4.694396143397699,9.4,594.09375,False
1773587280.1817865,987,0,0,0,0,9.432022001419682,0.0,0.02562999725341797,4.694600011909138,9.4,594.09375,False
1773587280.3948188,988,0,0,0,0,9.418706998985726,0.0,0.026925998099613935,4.694600011909138,18.8,594.09375,False
1773587280.6077738,989,0,0,0,0,9.46996599668637,0.0,0.02622199826873839,4.694600011909138,9.4,594.09375,False
1773587280.820849,990,0,0,0,0,9.446447002119385,0.0,0.02651899922057055,4.694600011909138,9.4,594.09375,False
1773587281.0339286,991,0,0,0,0,9.457836000365205,0.0,0.02651899922057055,4.694600011909138,9.4,594.09375,False
1773587281.2468915,992,0,0,0,0,9.398280999448616,0.0,0.02577800114522688,4.693883397794012,9.4,594.09375,False
1773587281.4594467,993,0,0,0,0,8.905148002668284,0.0,0.025444001948926598,4.693883397794012,18.8,594.09375,False
1773587281.6724787,994,0,0,0,0,9.383021002577152,0.0,0.025112000002991408,4.693883397794012,9.4,594.09375,False
1773587281.8854938,995,0,0,0,0,9.465317998547107,0.0,0.02598200080683455,4.693883397794012,9.4,594.09375,False
1773587282.09845,996,0,0,0,0,9.456299001612933,0.0,0.026110999897355214,4.693883397794012,9.4,594.09375,False
1773587282.3114076,997,0,0,0,0,9.448002998396987,0.0,0.026666999474400654,4.697232977068324,9.4,594.09375,False
1773587282.5245368,998,0,0,0,0,9.498911000264343,0.0,0.02574099926277995,4.697232977068324,18.8,594.09375,False
1773587282.73758,999,0,0,0,0,9.535670000332175,0.0,0.026869998691836372,4.697232977068324,14.1,594.09375,False
1773587282.950512,1000,0,0,0,0,9.431262002181029,0.0,0.026444002287462354,4.697232977068324,9.4,594.09375,False
1773587283.1635392,1001,0,0,0,0,9.50629999715602,0.0,0.025612000172259286,4.697232977068324,9.4,594.09375,False
1773587283.3764744,1002,0,0,0,0,9.416244000021834,0.0,0.025833996915025637,4.694480210741589,9.4,594.09375,False
1773587283.5896144,1003,0,0,0,0,9.515466997982003,0.0,0.02576000042608939,4.694480210741589,18.8,594.09375,False
1773587283.8026717,1004,0,0,0,0,9.492522000073222,0.0,0.025575001927791163,4.694480210741589,9.4,594.09375,False
1773587284.015793,1005,0,0,0,0,9.448039996641455,0.0,0.02649999805726111,4.694480210741589,9.4,594.09375,False
1773587284.2287738,1006,0,0,0,0,9.41537399921799,0.0,0.02572300218162127,4.694480210741589,9.4,594.09375,False
1773587284.4417615,1007,0,0,0,0,9.396075998665765,0.0,0.024574001145083457,4.693465298849345,9.4,594.09375,False
1773587284.654847,1008,0,0,0,0,9.591206999175483,0.0,0.026518002414377406,4.693465298849345,18.8,594.09375,False
1773587284.8678076,1009,0,0,0,0,9.412187999259913,0.0,0.026462999812792987,4.693465298849345,9.4,594.09375,False
1773587285.0808113,1010,0,0,0,0,9.468262000154937,0.0,0.05726000017602928,4.693465298849345,9.4,594.09375,False
1773587285.2937758,1011,0,0,0,0,9.428522000234807,0.0,0.025334000383736566,4.693465298849345,9.4,594.09375,False
1773587285.50663,1012,0,0,0,0,9.370984000270255,0.0,0.02603699977044016,4.69521172370066,9.4,594.09375,False
1773587285.7199018,1013,0,0,0,0,9.734671999467537,0.0,0.026186000468442217,4.69521172370066,18.8,594.09375,False
1773587285.9328825,1014,0,0,0,0,9.447521002584836,0.0,0.026185000024270266,4.69521172370066,9.4,594.09375,False
1773587286.145855,1015,0,0,0,0,9.405594999407185,0.0,0.025907000235747546,4.69521172370066,14.1,594.09375,False
1773587286.3588307,1016,0,0,0,0,9.467984000366414,0.0,0.02713000139920041,4.69521172370066,9.4,594.09375,False
1773587286.5717165,1017,0,0,0,0,9.38276200031396,0.0,0.026740999601315707,4.6945474667846225,9.4,594.09375,False
1773587286.78471,1018,0,0,0,0,9.449021999898832,0.0,0.02572199809947051,4.6945474667846225,18.8,594.09375,False
1773587286.9976554,1019,0,0,0,0,9.463891998166218,0.0,0.027074001991422847,4.6945474667846225,9.4,594.09375,False
1773587287.2106512,1020,0,0,0,0,9.430910002265591,0.0,0.026778001483762637,4.6945474667846225,9.4,594.09375,False
1773587287.4236054,1021,0,0,0,0,9.463243000936927,0.0,0.02601800224510953,4.6945474667846225,9.4,594.09375,False
1773587287.6365786,1022,0,0,0,0,9.427169999980833,0.0,0.025814999389695004,4.695804668684276,9.4,594.09375,False
1773587287.8495052,1023,0,0,0,0,9.438188000785885,0.0,0.02633400072227232,4.695804668684276,18.8,594.09375,False
1773587288.0624502,1024,0,0,0,0,9.456021998630604,0.0,0.0259810003626626,4.695804668684276,9.4,594.09375,False
1773587288.2754366,1025,0,0,0,0,9.48242899903562,0.0,0.02666700311237946,4.695804668684276,9.4,594.09375,False
1773587288.4884427,1026,0,0,0,0,9.413503001269419,0.0,0.026186000468442217,4.695804668684276,14.1,594.09375,False
1773587288.701451,1027,0,0,0,0,9.41737299945089,0.0,0.02574099926277995,4.695159164881949,9.4,594.09375,False
1773587288.9144764,1028,0,0,0,0,9.435336000024108,0.0,0.025814999389695004,4.695159164881949,18.8,594.09375,False
1773587289.1275244,1029,0,0,0,0,9.458262000407558,0.0,0.0263700021605473,4.695159164881949,9.4,594.09375,False
1773587289.340535,1030,0,0,0,0,9.405133001564536,0.0,0.027926002076128498,4.695159164881949,9.4,594.109375,False
1773587289.5535595,1031,0,0,0,0,9.528671002044575,0.0,0.025591998564777896,4.695159164881949,9.4,594.109375,False
1773587289.7663803,1032,0,0,0,0,9.345151000161422,0.0,0.025426001229789108,4.6948617041448575,9.4,594.109375,False
1773587289.979104,1033,0,0,0,0,9.210298001562478,0.0,0.026778001483762637,4.6948617041448575,18.8,594.109375,False
1773587290.191984,1034,0,0,0,0,9.39194700185908,0.0,0.025518998882034793,4.6948617041448575,9.4,594.109375,False
1773587290.4049704,1035,0,0,0,0,9.473502999753691,0.0,0.025369998184032738,4.6948617041448575,9.4,594.109375,False
1773587290.6179516,1036,0,0,0,0,9.479336000367766,0.0,0.026204001187579706,4.6948617041448575,9.4,594.109375,False
1773587290.8309305,1037,0,0,0,0,9.489837000728585,0.0,0.026462999812792987,4.697471814412017,9.4,594.109375,False
1773587291.043969,1038,0,0,0,0,9.446781001315685,0.0,0.02626000059535727,4.697471814412017,18.8,594.109375,False
1773587291.2575023,1039,0,0,0,0,9.848042998783058,0.0,0.02574099926277995,4.697471814412017,9.4,594.109375,False
1773587291.4705024,1040,0,0,0,0,9.430503003386548,0.0,0.02631499955896288,4.697471814412017,9.4,594.109375,False
1773587291.6834219,1041,0,0,0,0,9.368077000544872,0.0,0.025870998797472566,4.697471814412017,9.4,594.109375,False
1773587291.8963652,1042,0,0,0,0,9.349780000775354,0.0,0.026277997676515952,4.692689176963766,14.1,594.109375,False
1773587292.1094449,1043,0,0,0,0,9.474577000219142,0.0,0.02485199729562737,4.692689176963766,18.8,594.109375,False
1773587292.3225043,1044,0,0,0,0,9.408447000168962,0.0,0.02711100023589097,4.692689176963766,9.4,594.109375,False
1773587292.5354838,1045,0,0,0,0,9.44516999879852,0.0,0.026462999812792987,4.692689176963766,4.7,594.109375,False
1773587292.748391,1046,0,0,0,0,9.425706997717498,0.0,0.025110999558819458,4.692689176963766,9.4,594.109375,False
1773587292.9613853,1047,0,0,0,0,9.413984000275377,0.0,0.02600000152597204,4.694953145659263,9.4,594.109375,False
1773587293.1738007,1048,0,0,0,0,8.88166599906981,0.0,0.02568499985500239,4.694953145659263,18.8,594.109375,False
1773587293.3867736,1049,0,0,0,0,9.434558000066318,0.0,0.02766699981293641,4.694953145659263,9.4,594.109375,False
1773587293.5998776,1050,0,0,0,0,9.504318000836065,0.0,0.025869998353300616,4.694953145659263,9.4,594.109375,False
1773587293.8128974,1051,0,0,0,0,9.49831799880485,0.0,0.025926001399056986,4.694953145659263,14.1,594.109375,False
1773587294.02603,1052,0,0,0,0,9.497096001723548,0.0,0.02568499985500239,4.696831111776031,9.4,594.109375,False
1773587294.2389793,1053,0,0,0,0,9.370687999762595,0.0,0.02627800131449476,4.696831111776031,18.8,594.109375,False
1773587294.4519982,1054,0,0,0,0,9.433577000891091,0.0,0.02633400072227232,4.696831111776031,9.4,594.109375,False
1773587294.665153,1055,0,0,0,0,9.442336999200052,0.0,0.02659199890331365,4.696831111776031,9.4,594.125,False
1773587294.8782315,1056,0,0,0,0,9.472557998378761,0.0,0.02520400084904395,4.696831111776031,9.4,594.125,False
1773587295.0911064,1057,0,0,0,0,9.388724996824749,0.0,0.024815002689138055,4.69367223801214,9.4,594.125,False
1773587295.3040733,1058,0,0,0,0,9.465057999477722,0.0,0.026721998438006267,4.69367223801214,18.8,594.125,False
1773587295.516999,1059,0,0,0,0,9.442539998417487,0.0,0.027037000108975917,4.69367223801214,9.4,594.125,False
1773587295.7298732,1060,0,0,0,0,9.430280999367824,0.0,0.026425997930346057,4.69367223801214,4.7,594.125,False
