timestamp,frame_index,motion_regions,yolo_detections,confirmed_tracks,new_confirmations,time_mog2_ms,time_yolo_ms,time_tracker_ms,fps,cpu_percent,ram_mb,yolo_ran
1773586335.5139205,0,0,0,0,0,7.661976000235882,0.0,0.02687000232981518,0.0,0.0,430.859375,False
1773586335.7243898,1,0,0,0,0,7.043656998575898,0.0,0.02794499960145913,0.0,9.5,435.640625,False
1773586335.9345462,2,0,0,0,0,7.034305999695789,0.0,0.022370000806404278,0.0,4.8,438.265625,False
1773586336.144729,3,0,0,0,0,6.986822998442221,0.0,0.02157500057364814,0.0,14.3,441.25,False
1773586336.3548393,4,0,0,0,0,7.005249000940239,0.0,0.02127799962181598,4.757606514340524,14.3,443.890625,False
1773586336.56505,5,0,0,0,0,7.147750002332032,0.0,0.021425999875646085,4.757606514340524,4.8,446.515625,False
1773586336.7751415,6,0,0,0,0,6.991527003265219,0.0,0.021500000002561137,4.757606514340524,9.5,449.140625,False
1773586336.985215,7,0,0,0,0,7.013582999206847,0.0,0.021685002138838172,4.757606514340524,4.8,451.765625,False
1773586337.195307,8,0,0,0,0,6.9598980007867794,0.0,0.021758998627774417,4.757606514340524,14.3,454.390625,False
1773586337.405415,9,0,0,0,0,7.06593499853625,0.0,0.022259999241214246,4.759242234680129,9.5,457.015625,False
1773586337.6163857,10,0,0,0,0,7.8608660005556885,0.0,0.02327699985471554,4.759242234680129,4.7,457.015625,False
1773586337.82906,11,0,0,0,0,9.351782999146963,0.0,0.02607400165288709,4.759242234680129,9.4,457.015625,False
1773586338.0418963,12,0,0,0,0,9.338356998341624,0.0,0.024427001335425302,4.759242234680129,14.1,457.015625,False
1773586338.254731,13,0,0,0,0,9.324800998001592,0.0,0.025073997676372528,4.759242234680129,14.1,457.015625,False
1773586338.4675784,14,0,0,0,0,9.332265002740314,0.0,0.025240999093512073,4.7075957624383085,14.1,457.015625,False
1773586338.6804636,15,0,0,0,0,9.39172800281085,0.0,0.024500001018168405,4.7075957624383085,9.4,457.015625,False
1773586338.8931882,16,0,0,0,0,9.37770900054602,0.0,0.02385200059507042,4.7075957624383085,9.4,457.015625,False
1773586339.105953,17,0,0,0,0,9.34982100079651,0.0,0.024259999918285757,4.7075957624383085,9.4,457.015625,False
1773586339.3182914,18,0,0,0,0,8.816964000288863,0.0,0.02377800046815537,4.7075957624383085,18.8,457.015625,False
1773586339.5311234,19,0,0,0,0,9.452320999116637,0.0,0.024834000214468688,4.70133762079791,9.4,457.015625,False
1773586339.7439346,20,0,0,0,0,9.326005001639714,0.0,0.027129997761221603,4.70133762079791,9.4,457.015625,False
1773586339.956887,21,0,0,0,0,9.405247001268435,0.0,0.024184999347198755,4.70133762079791,9.4,457.015625,False
1773586340.169798,22,0,0,0,0,9.380357001646189,0.0,0.024944998585851863,4.70133762079791,9.4,457.015625,False
1773586340.3826666,23,0,0,0,0,9.434876999875996,0.0,0.02626000059535727,4.70133762079791,18.8,457.015625,False
1773586340.5953925,24,0,0,0,0,9.362356999190524,0.0,0.024981000024126843,4.697999025969517,9.4,457.015625,False
1773586340.8081481,25,0,0,0,0,9.316782998212148,0.0,0.02518600012990646,4.697999025969517,9.4,457.015625,False
1773586341.0209267,26,0,0,0,0,9.36946900037583,0.0,0.025517998437862843,4.697999025969517,9.4,457.015625,False
1773586341.233712,27,0,0,0,0,9.419523998076329,0.0,0.02492600106052123,4.697999025969517,9.4,457.015625,False
1773586341.4464855,28,0,0,0,0,9.335023001767695,0.0,0.024148001102730632,4.697999025969517,18.8,457.015625,False
1773586341.6593301,29,0,0,0,0,9.404673000972252,0.0,0.02516699896659702,4.699535032976154,9.4,457.015625,False
1773586341.8721604,30,0,0,0,0,9.368616996653145,0.0,0.025833000108832493,4.699535032976154,4.7,457.015625,False
1773586342.0850313,31,0,0,0,0,9.332745998108294,0.0,0.024184999347198755,4.699535032976154,9.4,457.015625,False
1773586342.2978437,32,0,0,0,0,9.381171999848448,0.0,0.024740998924244195,4.699535032976154,14.1,457.015625,False
1773586342.5106864,33,0,0,0,0,9.384782999404706,0.0,0.024574001145083457,4.699535032976154,18.8,457.015625,False
1773586342.7235172,34,0,0,0,0,9.37694999811356,0.0,0.02463000055286102,4.698482144037359,9.4,457.015625,False
1773586342.93626,35,0,0,0,0,9.358339000755223,0.0,0.025055000151041895,4.698482144037359,9.4,457.015625,False
1773586343.149161,36,0,0,0,0,9.416264998435508,0.0,0.023943997803144157,4.698482144037359,9.4,457.015625,False
1773586343.361945,37,0,0,0,0,9.392931002366822,0.0,0.025036999431904405,4.698482144037359,9.4,457.015625,False
1773586343.5747697,38,0,0,0,0,9.35681999908411,0.0,0.025388999347342178,4.698482144037359,14.1,457.015625,False
1773586343.7875779,39,0,0,0,0,9.351282998977695,0.0,0.02537099862820469,4.698955885671061,14.1,457.015625,False
1773586344.0003383,40,0,0,0,0,9.304819999670144,0.0,0.02464800127199851,4.698955885671061,9.4,457.015625,False
1773586344.2132552,41,0,0,0,0,9.381413001392502,0.0,0.025610999728087336,4.698955885671061,9.4,457.015625,False
1773586344.4260828,42,0,0,0,0,9.38319099805085,0.0,0.0248889991780743,4.698955885671061,9.4,457.015625,False
1773586344.6389437,43,0,0,0,0,9.404765001818305,0.0,0.024204000510508195,4.698955885671061,18.8,457.015625,False
1773586344.8518665,44,0,0,0,0,9.39937600196572,0.0,0.024388999008806422,4.697967453084215,9.4,457.015625,False
1773586345.0647857,45,0,0,0,0,9.361598000396043,0.0,0.024536999262636527,4.697967453084215,9.4,457.015625,False
1773586345.277638,46,0,0,0,0,9.346171998913633,0.0,0.02385200059507042,4.697967453084215,9.4,457.015625,False
1773586345.4905078,47,0,0,0,0,9.3579319982382,0.0,0.024778000806691125,4.697967453084215,14.1,457.015625,False
1773586345.703358,48,0,0,0,0,9.305078998295357,0.0,0.02548200063756667,4.697967453084215,14.1,457.015625,False
1773586345.9161968,49,0,0,0,0,9.39002399900346,0.0,0.024962999304989353,4.697816961496597,9.4,457.015625,False
1773586346.1291087,50,0,0,0,0,9.422561000974383,0.0,0.025000001187436283,4.697816961496597,9.4,457.015625,False
1773586346.342055,51,0,0,0,0,9.485692000453128,0.0,0.024982000468298793,4.697816961496597,9.4,457.03125,False
1773586346.5550656,52,0,0,0,0,9.467801999562653,0.0,0.025592999008949846,4.697816961496597,9.4,457.03125,False
1773586346.7678316,53,0,0,0,0,9.31100599700585,0.0,0.025426001229789108,4.697816961496597,18.8,457.03125,False
1773586346.980718,54,0,0,0,0,9.327709001809126,0.0,0.024092998501146212,4.697077272407601,14.1,457.03125,False
1773586347.1935475,55,0,0,0,0,9.374506000312977,0.0,0.024741002562223002,4.697077272407601,9.4,457.03125,False
1773586347.4064074,56,0,0,0,0,9.332597997854464,0.0,0.02492600106052123,4.697077272407601,9.4,457.03125,False
1773586347.6192749,57,0,0,0,0,9.331949000625173,0.0,0.02546399991842918,4.697077272407601,9.4,457.03125,False
1773586347.8317869,58,0,0,0,0,8.96722499965108,0.0,0.025574998289812356,4.697077272407601,18.8,457.03125,False
1773586348.044551,59,0,0,0,0,9.364839002955705,0.0,0.024723001843085513,4.699968960490177,9.4,457.03125,False
1773586348.257355,60,0,0,0,0,9.350913001981098,0.0,0.025019002350745723,4.699968960490177,9.4,457.03125,False
1773586348.4703186,61,0,0,0,0,9.419136000360595,0.0,0.025518998882034793,4.699968960490177,9.4,457.03125,False
1773586348.683027,62,0,0,0,0,9.251744999346556,0.0,0.024832999770296738,4.699968960490177,9.4,457.03125,False
1773586348.895855,63,0,0,0,0,9.276505003072089,0.0,0.0255190025200136,4.699968960490177,18.8,457.03125,False
1773586349.1088338,64,0,0,0,0,9.452580001379829,0.0,0.0243520007643383,4.697858003700667,9.4,457.03125,False
1773586349.321646,65,0,0,0,0,9.369691000756575,0.0,0.025574998289812356,4.697858003700667,9.4,457.03125,False
1773586349.5345044,66,0,0,0,0,9.393191001436207,0.0,0.023869997676229104,4.697858003700667,9.4,457.03125,False
1773586349.7473712,67,0,0,0,0,9.3290610020631,0.0,0.024852000933606178,4.697858003700667,9.4,457.046875,False
1773586349.9603379,68,0,0,0,0,9.417913999641314,0.0,0.024536999262636527,4.697858003700667,18.8,457.046875,False
1773586350.1731045,69,0,0,0,0,9.382468000694644,0.0,0.024758999643381685,4.698075855096483,9.4,457.046875,False
1773586350.3858247,70,0,0,0,0,9.354375000839354,0.0,0.02409200169495307,4.698075855096483,9.4,457.046875,False
1773586350.5985737,71,0,0,0,0,9.374968998599797,0.0,0.02575899998191744,4.698075855096483,9.4,457.046875,False
1773586350.81139,72,0,0,0,0,9.33483900007559,0.0,0.02568499985500239,4.698075855096483,9.4,457.046875,False
1773586351.02432,73,0,0,0,0,9.366135000163922,0.0,0.025593002646928653,4.698075855096483,18.8,457.046875,False
1773586351.2371914,74,0,0,0,0,9.38983800006099,0.0,0.022648000594926998,4.698877974928139,9.4,457.046875,False
1773586351.4500241,75,0,0,0,0,9.326320003310684,0.0,0.02288899850100279,4.698877974928139,9.4,457.046875,False
1773586351.6627479,76,0,0,0,0,9.257318997697439,0.0,0.02385200059507042,4.698877974928139,9.4,457.046875,False
1773586351.8756454,77,0,0,0,0,9.345801998279057,0.0,0.024740998924244195,4.698877974928139,9.4,457.046875,False
1773586352.088447,78,0,0,0,0,9.315209001215408,0.0,0.024315002519870177,4.698877974928139,18.8,457.046875,False
1773586352.3014717,79,0,0,0,0,9.526062000077218,0.0,0.02522300201235339,4.698109534410094,9.4,457.046875,False
1773586352.5142918,80,0,0,0,0,9.365858000819571,0.0,0.024889002816053107,4.698109534410094,9.4,457.046875,False
1773586352.727041,81,0,0,0,0,9.349561001727125,0.0,0.026370998966740444,4.698109534410094,14.1,457.046875,False
1773586352.9398017,82,0,0,0,0,9.302579001086997,0.0,0.024240998754976317,4.698109534410094,9.4,457.046875,False
1773586353.1527636,83,0,0,0,0,9.48345100186998,0.0,0.02550100180087611,4.698109534410094,14.1,457.046875,False
1773586353.365664,84,0,0,0,0,9.392894000484375,0.0,0.025352001102874056,4.698323198804199,14.1,457.046875,False
1773586353.578569,85,0,0,0,0,9.432191000087187,0.0,0.02433299960102886,4.698323198804199,9.4,457.046875,False
1773586353.7914555,86,0,0,0,0,9.330597000371199,0.0,0.024721997760934755,4.698323198804199,9.4,457.046875,False
1773586354.0043344,87,0,0,0,0,9.33793100193725,0.0,0.026648998755263165,4.698323198804199,9.4,457.046875,False
1773586354.2172265,88,0,0,0,0,9.39796800230397,0.0,0.025148001441266388,4.698323198804199,18.8,457.046875,False
1773586354.4301784,89,0,0,0,0,9.49984000180848,0.0,0.02385200059507042,4.696972072399349,9.4,457.09375,False
1773586355.032422,90,1,1,0,0,9.546061999571975,389.2651259993727,0.04105500192963518,4.696972072399349,111.2,498.765625,True
1773586355.5253384,91,1,1,1,1,7.102212999598123,282.51946800082806,0.047481000365223736,1.82608080453187,105.5,502.578125,True
1773586356.0079057,92,1,1,1,0,7.110398000804707,272.16640100232325,0.04238900146447122,1.82608080453187,105.7,506.046875,True
1773586356.5417764,93,1,1,1,0,7.152324000344379,323.5641419996682,0.033741001971066,1.9676842775875707,112.4,509.90625,True
1773586357.0639546,94,1,1,1,0,7.079954000801081,311.84191799911787,0.034278000384802,1.9676842775875707,109.2,517.90625,True
1773586357.585733,95,1,1,1,0,7.1601579984417185,311.35391499992693,0.03405600000405684,1.9157947288403727,111.2,519.25,True
1773586358.1075928,96,1,1,1,0,7.129675999749452,311.484952999308,0.03353799911565147,1.9157947288403727,111.1,522.75,True
1773586358.6630404,97,1,1,1,0,7.179750999057433,345.10557900284766,0.03266600106144324,1.8564752940478697,111.6,524.125,True
1773586359.1860263,98,1,1,1,0,7.243102001666557,312.541441002395,0.03488899892545305,1.8564752940478697,110.9,529.890625,True
1773586359.6681972,99,1,1,1,0,7.150861001719022,271.77239800221287,0.03272300091339275,1.9897516714671362,105.8,529.625,True
1773586360.1496634,100,1,1,1,0,7.2042690007947385,271.0708380000142,0.03375899905222468,1.9897516714671362,103.8,533.0,True
1773586360.6313934,101,1,1,1,0,7.162953999795718,271.2961899997026,0.03214900061720982,1.9897516714671362,105.9,534.875,True
1773586361.1336575,102,1,1,1,0,7.205213001725497,291.90197299976717,0.034445001801941544,1.8776474970095909,107.5,538.828125,True
1773586361.656099,103,1,1,1,0,7.180158001574455,311.96689900025376,0.03235199983464554,1.8776474970095909,112.9,543.203125,True
1773586362.2013836,104,1,1,1,0,7.172712997999042,334.918196000217,0.034278000384802,1.9517477672162713,111.9,544.578125,True
1773586362.7454116,105,1,0,1,0,7.1808979992056265,333.587520999572,0.020315001165727153,1.9517477672162713,112.1,547.5625,True
1773586362.955697,106,0,0,1,0,7.0885460008867085,0.0,0.02876000144169666,1.8360753909530594,9.5,549.25,False
1773586363.166068,107,0,0,1,0,7.135084000765346,0.0,0.029537000955315307,1.8360753909530594,4.8,551.875,False
1773586363.3764083,108,0,0,1,0,7.0754349981143605,0.0,0.029481998353730887,1.8360753909530594,19.0,554.5,False
1773586363.5867012,109,0,0,1,0,7.074991000990849,0.0,0.029889997676946223,1.8360753909530594,4.8,557.125,False
1773586363.7970304,110,0,0,1,0,7.070528001349885,0.0,0.02820399822667241,1.8360753909530594,9.5,559.75,False
1773586364.0073075,111,0,0,1,0,7.068250000884291,0.0,0.029888997232774273,4.754838610209488,9.5,563.6875,False
1773586364.2177107,112,0,0,1,0,7.0678049996786285,0.0,0.031629999284632504,4.754838610209488,4.8,565.0,False
1773586364.4280689,113,0,0,1,0,7.040989999950398,0.0,0.030945000617066398,4.754838610209488,14.3,567.625,False
1773586364.6384537,114,0,0,1,0,7.090065002557822,0.0,0.030925999453756958,4.754838610209488,9.5,570.25,False
1773586364.8497531,115,0,0,1,0,8.027959000173723,0.0,0.031110997952055186,4.754838610209488,9.5,572.875,False
1773586365.0626993,116,0,0,1,0,9.486376999120694,0.0,0.03485200068098493,4.748611296030114,9.4,575.5,False
1773586365.275847,117,0,0,1,0,9.508802999334875,0.0,0.036612000258173794,4.748611296030114,9.4,578.140625,False
1773586365.489071,118,0,0,1,0,9.546784000121988,0.0,0.033963002351811156,4.748611296030114,18.8,580.765625,False
1773586365.7024121,119,0,0,1,0,9.566487999109086,0.0,0.03488900256343186,4.748611296030114,9.4,583.390625,False
1773586365.915488,120,0,0,0,0,9.428376997675514,0.0,0.039352999010588974,4.748611296030114,9.4,586.015625,False
1773586366.1285896,121,0,0,0,0,9.47176599947852,0.0,0.036870998883387074,4.691128258722137,9.4,588.640625,False
1773586366.3417442,122,0,0,0,0,9.50074700085679,0.0,0.034500000765547156,4.691128258722137,9.4,591.265625,False
1773586366.5548267,123,0,0,0,0,9.406838998984313,0.0,0.03531499896780588,4.691128258722137,18.8,593.890625,False
1773586366.7678745,124,0,0,0,0,9.476117997110123,0.0,0.035795997973764315,4.691128258722137,9.4,596.515625,False
1773586366.9810233,125,0,0,0,0,9.528116999717895,0.0,0.034463002521079034,4.691128258722137,9.4,599.140625,False
1773586367.194108,126,0,0,0,0,9.514432000287343,0.0,0.03346299854456447,4.692509623758265,9.4,601.765625,False
1773586367.4071717,127,0,0,0,0,9.491007000178797,0.0,0.034519001928856596,4.692509623758265,9.4,604.390625,False
1773586367.6203315,128,0,0,0,0,9.559692000038922,0.0,0.03531499896780588,4.692509623758265,18.8,607.015625,False
1773586367.8334165,129,0,0,0,0,9.501968997938093,0.0,0.03475899939076044,4.692509623758265,14.1,609.640625,False
1773586368.8792496,130,0,0,0,0,9.48328400045284,0.0,0.034943997889058664,2.783962141921068,82.2,563.1875,False
1773586369.089917,131,0,0,0,0,6.743784000718733,0.0,0.029667000490007922,2.783962141921068,4.7,521.640625,False
1773586369.300204,132,0,0,0,0,7.04063800003496,0.0,0.02875999780371785,2.783962141921068,9.5,521.640625,False
1773586369.5104887,133,0,0,0,0,7.037305000267224,0.0,0.030851999326841906,2.783962141921068,14.3,521.640625,False
1773586369.7207665,134,0,0,0,0,7.009508000919595,0.0,0.06764900172129273,2.783962141921068,4.8,521.640625,False
1773586369.9310694,135,0,0,0,0,7.0347119981306605,0.0,0.03224099782528356,4.753824375128216,9.5,521.640625,False
1773586370.141432,136,0,0,0,0,7.099156999174738,0.0,0.022000000171829015,4.753824375128216,4.8,521.640625,False
1773586370.3517437,137,0,0,0,0,7.065323999995599,0.0,0.022259002435021102,4.753824375128216,9.5,521.640625,False
1773586370.8553565,138,1,1,0,0,7.100509999872884,293.2950719987275,0.03881500015268102,4.753824375128216,109.2,520.90625,True
1773586371.377544,139,1,1,1,1,7.131473001209088,311.80784100070014,0.03596299939090386,2.923462278987564,111.1,522.59375,True
1773586371.9008949,140,1,1,1,0,7.145102001231862,312.83799599987105,0.03346299854456447,2.923462278987564,110.8,522.59375,True
1773586372.40375,141,1,1,1,0,7.150453999202,292.50567800045246,0.03424099850235507,1.9127403948651613,107.4,520.90625,True
1773586372.9072917,142,1,1,1,0,7.16747299884446,293.019255001127,0.03383400326129049,1.9127403948651613,109.2,520.90625,True
1773586373.4265316,143,1,1,1,0,7.147194999561179,308.89698800092447,0.0332589988829568,1.9872858930459036,111.7,521.328125,True
1773586373.95038,144,1,1,1,0,7.221028001367813,313.41077700199094,0.033629999961704016,1.9872858930459036,108.8,525.703125,True
1773586374.4735606,145,1,1,1,0,7.178362000558991,312.838162000844,0.0340369988407474,1.9173755161944546,110.9,528.328125,True
1773586375.018325,146,1,1,1,0,7.158788001106586,334.4139310029277,0.0337229976139497,1.9173755161944546,112.0,531.109375,True
1773586375.541824,147,1,1,1,0,7.178028001362691,313.1653849995928,0.033611999242566526,1.872760630405731,110.8,532.90625,True
1773586376.0634081,148,1,1,1,0,7.134694998967461,311.27950299924123,0.033314998290734366,1.872760630405731,111.2,535.53125,True
1773586376.5861902,149,1,1,1,0,7.22841699825949,312.3952130008547,0.03513000046950765,1.9137077979081232,109.0,538.15625,True
1773586377.0879254,150,1,1,1,0,7.170805998612195,291.3820030007628,0.033574997360119596,1.9137077979081232,109.6,538.265625,True
1773586377.5691683,151,1,1,1,0,7.1848610023153014,270.87901800041436,0.03431499862927012,1.952102942928631,103.9,540.046875,True
1773586378.0935943,152,1,1,1,0,7.20954700227594,314.05548300244845,0.03344400101923384,1.952102942928631,110.6,546.3125,True
1773586378.596242,153,1,1,1,0,7.145119998313021,292.3217130010016,0.03453699901001528,1.988764343290659,109.4,545.59375,True
1773586379.0978317,154,1,1,1,0,7.174731999839423,291.1775749998924,0.03496300269034691,1.988764343290659,107.7,548.765625,True
1773586379.645509,155,1,2,1,0,7.1299170012935065,337.28922699810937,0.04466700193006545,1.9914734648509518,113.2,554.578125,True
1773586379.855885,156,0,0,1,0,7.154842998716049,0.0,0.03246400228817947,1.9914734648509518,9.5,556.28125,False
1773586380.0662048,157,0,0,1,0,7.079898001393303,0.0,0.03209200076526031,1.9914734648509518,9.5,558.90625,False
1773586380.2765362,158,0,0,1,0,7.04173100166372,0.0,0.03200100036337972,3.7152709021435,9.5,561.53125,False
1773586380.486836,159,0,0,1,0,7.0922499980952125,0.0,0.03281499812146649,3.7152709021435,9.5,564.15625,False
1773586380.6971917,160,0,0,1,0,7.073861001117621,0.0,0.03122300040558912,3.7152709021435,9.5,566.78125,False
1773586380.9074454,161,0,0,1,0,7.0278050006891135,0.0,0.03099999958067201,3.7152709021435,9.5,569.40625,False
1773586381.1177695,162,0,0,1,0,7.104676002199994,0.0,0.037721998523920774,3.7152709021435,9.5,572.03125,False
1773586381.3280659,163,0,0,1,0,7.050415999401594,0.0,0.031464001949643716,4.754879576721688,9.5,574.65625,False
1773586381.538431,164,0,0,1,0,7.070342999213608,0.0,0.03072300023632124,4.754879576721688,9.5,577.28125,False
1773586381.7486243,165,0,0,1,0,6.974101001105737,0.0,0.030203998903743923,4.754879576721688,4.8,579.90625,False
1773586381.9589596,166,0,0,1,0,7.083213000441901,0.0,0.030795999919064343,4.754879576721688,9.5,582.53125,False
1773586382.1692677,167,0,0,1,0,7.079490002070088,0.0,0.030130002414807677,4.754879576721688,9.5,585.15625,False
1773586382.3795707,168,0,0,1,0,7.0674530034011696,0.0,0.030647999665234238,4.755089810719422,14.3,587.78125,False
1773586382.5899298,169,0,0,1,0,7.120972000848269,0.0,0.029982002160977572,4.755089810719422,9.5,590.40625,False
1773586382.8002043,170,0,0,1,0,7.0069899993541185,0.0,0.030037001124583185,4.755089810719422,9.5,593.03125,False
1773586383.0104806,171,0,0,0,0,7.036250000965083,0.0,0.03222299710614607,4.755089810719422,4.8,595.65625,False
1773586383.220769,172,0,0,0,0,7.035768001514953,0.0,0.06546300210175104,4.755089810719422,9.5,598.28125,False
1773586383.4337008,173,0,0,0,0,9.602802998415427,0.0,0.035000000934815034,4.74343216840791,14.1,600.90625,False
1773586383.6468468,174,0,0,0,0,9.612672998628113,0.0,0.033332999009871855,4.74343216840791,9.4,604.84375,False
1773586383.8598707,175,0,0,0,0,9.528784001304302,0.0,0.034814998798538,4.74343216840791,9.4,606.15625,False
1773586384.073049,176,0,0,0,0,9.629322001273977,0.0,0.03479700171737932,4.74343216840791,9.4,608.78125,False
1773586384.286116,177,0,0,0,0,9.559006000927184,0.0,0.03535200085025281,4.74343216840791,9.4,611.40625,False
1773586384.4992614,178,0,0,0,0,9.624376998544903,0.0,0.03518599987728521,4.692387829405468,18.8,614.03125,False
1773586384.7123203,179,0,0,0,0,9.543543001200305,0.0,0.03524100247886963,4.692387829405468,9.4,616.65625,False
1773586384.9255316,180,0,0,0,0,9.618248001061147,0.0,0.03290799941169098,4.692387829405468,14.1,619.296875,False
1773586385.9959447,181,0,0,0,0,9.54472800003714,0.0,0.03587099854485132,2.0043215149801106,81.3,602.359375,False
1773586386.2060232,182,0,0,0,0,6.895119000546401,0.0,0.029925999115221202,2.0043215149801106,9.5,522.296875,False
1773586386.4163783,183,0,0,0,0,7.040342003165279,0.0,0.030814997444394976,2.0043215149801106,14.3,522.296875,False
1773586386.6266253,184,0,0,0,0,7.050935000734171,0.0,0.029445000109262764,2.0043215149801106,4.8,522.296875,False
1773586386.8368976,185,0,0,0,0,7.059767998725874,0.0,0.029759001336060464,2.0043215149801106,9.5,522.296875,False
1773586387.0471396,186,0,0,0,0,7.044324000162305,0.0,0.03227799970773049,4.756725958500404,9.5,522.296875,False
1773586387.2574131,187,0,0,0,0,7.063026998366695,0.0,0.022055999579606578,4.756725958500404,4.8,522.296875,False
1773586387.4676867,188,0,0,0,0,7.035823997284751,0.0,0.022722997528035194,4.756725958500404,14.3,522.296875,False
1773586387.6779156,189,0,0,0,0,7.036304999928689,0.0,0.021500000002561137,4.756725958500404,9.5,522.296875,False
1773586387.8880715,190,0,0,0,0,6.990322999627097,0.0,0.021519001165870577,4.756725958500404,4.8,522.296875,False
1773586388.0983536,191,0,0,0,0,7.0424529985757545,0.0,0.02244400093331933,4.7563774951878335,9.5,522.296875,False
1773586388.3085783,192,0,0,0,0,7.0179709982767235,0.0,0.021926000044913962,4.7563774951878335,9.5,522.296875,False
1773586388.5187562,193,0,0,0,0,7.029656997474376,0.0,0.02212999970652163,4.7563774951878335,9.5,522.296875,False
1773586388.728954,194,0,0,0,0,7.036582999717211,0.0,0.021592997654806823,4.7563774951878335,9.5,522.296875,False
1773586388.9391973,195,0,0,0,0,7.023489997664001,0.0,0.022240998077904806,4.7563774951878335,9.5,522.296875,False
1773586389.149568,196,0,0,0,0,7.050064999930328,0.0,0.021314997866284102,4.756463797133945,4.8,522.296875,False
1773586389.3599048,197,0,0,0,0,7.056304999423446,0.0,0.021538002329180017,4.756463797133945,9.5,522.3125,False
1773586389.5702553,198,0,0,0,0,7.034564001514809,0.0,0.023388998670270666,4.756463797133945,14.3,522.3125,False
1773586389.7805476,199,0,0,0,0,7.003971000813181,0.0,0.02248100281576626,4.756463797133945,4.8,522.3125,False
1773586390.288734,200,1,1,0,0,7.135861000278965,297.7628189983079,0.05525899905478582,3.511201503160815,108.2,518.5,True
1773586390.7688906,201,1,1,1,1,7.078841998009011,269.7646930027986,0.03601899879868142,3.511201503160815,104.1,518.5,True
1773586391.2433972,202,1,1,1,0,7.108101999619976,264.1093610000098,0.03374099833308719,3.511201503160815,105.4,514.921875,True
1773586391.745994,203,1,1,1,0,7.1376199994119816,292.17191300267586,0.03479699807940051,1.8928150446679195,109.4,520.953125,True
1773586392.226576,204,1,1,1,0,7.137398999475408,270.2342709999357,0.03338999886182137,1.8928150446679195,104.0,521.203125,True
1773586392.6907094,205,1,1,1,0,7.155990999308415,253.6720329990203,0.03394499799469486,2.22992231812883,103.4,518.15625,True
1773586393.1546614,206,1,1,1,0,7.170176002546214,253.53443899803096,0.03455600017332472,2.22992231812883,101.3,520.78125,True
1773586393.6189375,207,1,1,1,0,7.120602000213694,253.8753490007366,0.03385200034244917,2.22992231812883,103.4,523.40625,True
1773586394.0836127,208,1,1,1,0,7.181491000665119,254.14988799821003,0.03340699913678691,1.9412542398219397,105.5,528.796875,True
1773586394.5487235,209,1,1,1,0,7.186841998191085,254.63709499672404,0.057130000641336665,1.9412542398219397,103.2,531.421875,True
1773586395.031543,210,1,1,1,0,7.200509000540478,272.33048700145446,0.03377800021553412,2.2890799046012957,105.6,535.390625,True
1773586395.5333076,211,1,1,1,0,7.178584000939736,291.30777600221336,0.03357400055392645,2.2890799046012957,107.6,538.25,True
1773586396.056668,212,1,1,1,0,7.141398000385379,312.7353050003876,0.033741001971066,1.9510178374483615,110.8,542.65625,True
1773586396.5808957,213,1,1,1,0,7.1881020012369845,313.7553289998323,0.03325999932712875,1.9510178374483615,112.5,544.3125,True
1773586397.0640235,214,1,1,1,0,7.192324999778066,272.6411179974093,0.034445001801941544,1.9853612702740442,105.6,546.34375,True
1773586397.5874777,215,1,1,1,0,7.1149719988170546,313.0288060019666,0.03312999979243614,1.9853612702740442,108.9,549.5625,True
1773586397.7979584,216,0,0,1,0,7.112824001524132,0.0,0.031407998903887346,1.9853612702740442,9.5,551.296875,False
1773586398.0082726,217,0,0,1,0,7.039915999484947,0.0,0.03159200059599243,1.9853612702740442,9.5,553.921875,False
1773586398.218747,218,0,0,1,0,7.086378998792497,0.0,0.03074100095545873,2.867132988232892,14.3,556.546875,False
1773586398.429114,219,0,0,1,0,7.060859999910463,0.0,0.029721999453613535,2.867132988232892,4.8,559.171875,False
1773586398.6394396,220,0,0,1,0,7.027970998024102,0.0,0.030814997444394976,2.867132988232892,9.5,561.796875,False
1773586398.849794,221,0,0,1,0,7.042527002340648,0.0,0.030369999876711518,2.867132988232892,9.5,564.421875,False
1773586399.0601442,222,0,0,1,0,7.052397999359528,0.0,0.031055998988449574,2.867132988232892,9.5,567.046875,False
1773586399.2705462,223,0,0,1,0,7.085361001372803,0.0,0.030334002076415345,4.753655198426353,9.5,569.671875,False
1773586399.4809413,224,0,0,1,0,7.090380000590812,0.0,0.029758997698081657,4.753655198426353,9.5,572.296875,False
1773586399.6912496,225,0,0,1,0,6.994803999987198,0.0,0.03174099765601568,4.753655198426353,9.5,574.921875,False
1773586399.9016018,226,0,0,1,0,7.100823997461703,0.0,0.030036997486604378,4.753655198426353,9.5,577.546875,False
1773586400.1120107,227,0,0,1,0,7.071583000652026,0.0,0.03012999877682887,4.753655198426353,9.5,580.171875,False
1773586400.3236508,228,0,0,1,0,8.23470199975418,0.0,0.03357400055392645,4.753497885674082,14.2,582.796875,False
1773586400.5367026,229,0,0,1,0,9.533746000670362,0.0,0.03638900307123549,4.753497885674082,4.7,585.421875,False
1773586400.7499485,230,0,0,1,0,9.553932002745569,0.0,0.035574001230997965,4.753497885674082,14.1,588.046875,False
1773586400.96312,231,0,0,0,0,9.523968998109922,0.0,0.036408000596566126,4.753497885674082,4.7,590.671875,False
1773586401.1762745,232,0,0,0,0,9.574765997967916,0.0,0.03566699888324365,4.753497885674082,9.4,593.296875,False
1773586401.3894725,233,0,0,0,0,9.538024001813028,0.0,0.03574100264813751,4.696852150137872,18.8,595.921875,False
1773586401.6025145,234,0,0,0,0,9.414764001121512,0.0,0.03357400055392645,4.696852150137872,14.1,598.546875,False
1773586401.8155015,235,0,0,0,0,9.454913000809029,0.0,0.03564800135791302,4.696852150137872,9.4,601.171875,False
1773586402.028628,236,0,0,0,0,9.471635999943828,0.0,0.03464800101937726,4.696852150137872,9.4,603.796875,False
1773586402.2417293,237,0,0,0,0,9.519913997792173,0.0,0.03444499816396274,4.696852150137872,9.4,606.421875,False
1773586402.454851,238,0,0,0,0,9.505635000095936,0.0,0.03570400076569058,4.69303887264235,18.8,609.046875,False
1773586402.6679718,239,0,0,0,0,9.518672999547562,0.0,0.03509299858706072,4.69303887264235,9.4,611.671875,False
1773586402.8811812,240,0,0,0,0,9.56000600126572,0.0,0.034111999411834404,4.69303887264235,14.1,614.296875,False
1773586403.936285,241,0,0,0,0,9.505801997875096,0.0,0.03540800025803037,2.512124885602986,82.5,548.796875,False
1773586404.1469727,242,0,0,0,0,6.818673999077873,0.0,0.028685000870609656,2.512124885602986,4.7,519.921875,False
1773586404.3568697,243,0,0,0,0,6.752340003004065,0.0,0.027166999643668532,2.512124885602986,14.3,519.921875,False
1773586404.567009,244,0,0,0,0,6.972359999053879,0.0,0.030537001293851063,2.512124885602986,9.5,519.921875,False
1773586404.7772348,245,0,0,0,0,7.0703599994885735,0.0,0.028630001907004043,2.512124885602986,4.8,519.921875,False
1773586404.987496,246,0,0,0,0,7.084008997480851,0.0,0.030297000193968415,4.756582467423628,9.5,519.921875,False
1773586405.1976955,247,0,0,0,0,7.045378999464447,0.0,0.02272200072184205,4.756582467423628,9.5,519.921875,False
1773586405.407899,248,0,0,0,0,7.009860000835033,0.0,0.022480999177787453,4.756582467423628,9.5,519.921875,False
1773586405.6181128,249,0,0,0,0,7.060563999402802,0.0,0.02185199991799891,4.756582467423628,9.5,519.921875,False
1773586405.828274,250,0,0,0,0,6.980173999181716,0.0,0.022332998923957348,4.756582467423628,9.5,519.921875,False
1773586406.0384629,251,0,0,0,0,7.0031750001362525,0.0,0.021481999283423647,4.757501823349996,4.8,519.921875,False
1773586406.2486556,252,0,0,0,0,6.998916000156896,0.0,0.021111998648848385,4.757501823349996,9.5,519.921875,False
1773586406.45897,253,0,0,0,0,7.053100998746231,0.0,0.024297001800732687,4.757501823349996,9.5,519.921875,False
1773586406.669364,254,0,0,0,0,7.049489999189973,0.0,0.02109300112351775,4.757501823349996,9.5,519.921875,False
1773586406.8796337,255,0,0,0,0,6.988285997067578,0.0,0.021777999791083857,4.757501823349996,9.5,519.921875,False
1773586407.0898466,256,0,0,0,0,7.044304998998996,0.0,0.022758998966310173,4.755636506128136,4.8,519.921875,False
1773586407.300127,257,0,0,0,0,6.9994710029277485,0.0,0.021962998289382085,4.755636506128136,9.5,519.921875,False
1773586407.510543,258,0,0,0,0,7.0678420015610754,0.0,0.022796000848757103,4.755636506128136,14.3,519.921875,False
1773586407.7207801,259,0,0,0,0,6.96547099869349,0.0,0.022185999114299193,4.755636506128136,9.5,519.921875,False
1773586407.9311442,260,0,0,0,0,7.056600999931106,0.0,0.022500000341096893,4.755636506128136,4.8,519.921875,False
1773586408.1413908,261,0,0,0,0,7.0401940029114485,0.0,0.022371001250576228,4.754898982158064,9.5,519.921875,False
1773586408.354187,262,0,0,0,0,9.502154996880563,0.0,0.026166999305132776,4.754898982158064,9.4,519.921875,False
1773586408.5672498,263,0,0,0,0,9.588302000338444,0.0,0.025426001229789108,4.754898982158064,18.8,519.921875,False
1773586408.780215,264,0,0,0,0,9.493375997408293,0.0,0.02633400072227232,4.754898982158064,9.4,519.921875,False
1773586408.9932513,265,0,0,0,0,9.472024998103734,0.0,0.025056000595213845,4.754898982158064,9.4,519.921875,False
1773586409.2062445,266,0,0,0,0,9.522024000034435,0.0,0.028389000362949446,4.695704782711207,9.4,519.921875,False
1773586409.4193242,267,0,0,0,0,9.444986997550586,0.0,0.02735199814196676,4.695704782711207,9.4,519.921875,False
1773586409.632663,268,0,0,0,0,9.675451001385227,0.0,0.026926001737592742,4.695704782711207,18.8,519.921875,False
1773586409.845769,269,0,0,0,0,9.659766001277603,0.0,0.02594399848021567,4.695704782711207,9.4,519.921875,False
1773586410.058812,270,0,0,0,0,9.499469000729732,0.0,0.026462999812792987,4.695704782711207,9.4,519.921875,False
1773586410.2719038,271,0,0,0,0,9.539802998915548,0.0,0.02607400165288709,4.691960549221632,9.4,519.921875,False
1773586410.4851234,272,0,0,0,0,9.650895997765474,0.0,0.025110999558819458,4.691960549221632,9.4,519.921875,False
1773586410.6982777,273,0,0,0,0,9.606636998796603,0.0,0.02570399738033302,4.691960549221632,18.8,519.921875,False
1773586410.9115174,274,0,0,0,0,9.701877999759745,0.0,0.023370001144940034,4.691960549221632,9.4,519.921875,False
1773586411.1246169,275,0,0,0,0,9.571024998876965,0.0,0.02520400084904395,4.691960549221632,9.4,519.921875,False
1773586411.3377724,276,0,0,0,0,9.611394998501055,0.0,0.025666002329671755,4.690984500741623,9.4,519.9375,False
1773586411.5509508,277,0,0,0,0,9.692506999272155,0.0,0.026648998755263165,4.690984500741623,9.4,519.9375,False
1773586411.763947,278,0,0,0,0,9.551080998789985,0.0,0.024778000806691125,4.690984500741623,18.8,519.9375,False
1773586411.9771106,279,0,0,0,0,9.612042998924153,0.0,0.025371002266183496,4.690984500741623,9.4,519.9375,False
1773586412.1902487,280,0,0,0,0,9.627080002246657,0.0,0.02494400177965872,4.690984500741623,14.1,519.9375,False
1773586412.4033058,281,0,0,0,0,9.594118000677554,0.0,0.025944002118194476,4.692509623758265,9.4,519.9375,False
1773586412.616577,282,0,0,0,0,9.633284997107694,0.0,0.025592002202756703,4.692509623758265,9.4,519.9375,False
1773586412.829593,283,0,0,0,0,9.525006000330904,0.0,0.02607500209705904,4.692509623758265,18.8,519.9375,False
1773586413.0426092,284,0,0,0,0,9.478636002313579,0.0,0.02564799797255546,4.692509623758265,9.4,519.9375,False
1773586413.255703,285,0,0,0,0,9.49589500305592,0.0,0.02874100027838722,4.692509623758265,9.4,519.9375,False
1773586413.4686866,286,0,0,0,0,9.494136000284925,0.0,0.02574099926277995,4.693288837227414,9.4,519.9375,False
1773586413.6817293,287,0,0,0,0,9.507431997917593,0.0,0.025869998353300616,4.693288837227414,9.4,519.9375,False
1773586413.8947392,288,0,0,0,0,9.535506000247551,0.0,0.026870999136008322,4.693288837227414,18.8,519.9375,False
1773586414.1077762,289,0,0,0,0,9.426117001567036,0.0,0.02596299964352511,4.693288837227414,9.4,519.9375,False
1773586414.3207603,290,0,0,0,0,9.4655060020159,0.0,0.026666999474400654,4.693288837227414,9.4,519.953125,False
1773586414.533923,291,0,0,0,0,9.63004399818601,0.0,0.026444999093655497,4.6936732885112935,9.4,519.953125,False
1773586414.7470405,292,0,0,0,0,9.514895002212143,0.0,0.02544499875511974,4.6936732885112935,9.4,519.953125,False
1773586414.9601324,293,0,0,0,0,9.587505999661516,0.0,0.02592599776107818,4.6936732885112935,18.8,519.96875,False
1773586415.1732693,294,0,0,0,0,9.521079999103677,0.0,0.025648001610534266,4.6936732885112935,9.4,519.96875,False
1773586415.3862545,295,0,0,0,0,9.52600600066944,0.0,0.026388999685877934,4.6936732885112935,14.1,519.96875,False
1773586415.599361,296,0,0,0,0,9.561784001562046,0.0,0.02633400072227232,4.692927552447553,9.4,519.96875,False
1773586415.8123605,297,0,0,0,0,9.468283999012783,0.0,0.02600000152597204,4.692927552447553,9.4,519.96875,False
1773586416.0248759,298,0,0,0,0,9.022947000630666,0.0,0.024149001546902582,4.692927552447553,18.8,519.96875,False
1773586416.2378874,299,0,0,0,0,9.520136001810897,0.0,0.02548100019339472,4.692927552447553,9.4,519.96875,False
1773586416.4509003,300,0,0,0,0,9.476616996835219,0.0,0.02494500222383067,4.692927552447553,9.4,519.96875,False
1773586416.6639113,301,0,0,0,0,9.552247000101488,0.0,0.027147998480359092,4.696823748393912,9.4,519.96875,False
1773586416.876959,302,0,0,0,0,9.522653999738395,0.0,0.025296998501289636,4.696823748393912,9.4,519.96875,False
1773586417.090086,303,0,0,0,0,9.579118002875475,0.0,0.025944002118194476,4.696823748393912,18.8,519.96875,False
1773586417.3030875,304,0,0,0,0,9.4673759995203,0.0,0.025074001314351335,4.696823748393912,9.4,519.96875,False
1773586417.516073,305,0,0,0,0,9.461580000788672,0.0,0.026296998839825392,4.696823748393912,9.4,519.96875,False
1773586417.7292829,306,0,0,0,0,9.55830300154048,0.0,0.02512999708415009,4.6931691029692155,9.4,519.96875,False
1773586417.9422603,307,0,0,0,0,9.47906099827378,0.0,0.025611003366066143,4.6931691029692155,9.4,519.96875,False
1773586418.155333,308,0,0,0,0,9.480468997935532,0.0,0.02635200144140981,4.6931691029692155,18.8,519.96875,False
1773586418.36831,309,0,0,0,0,9.48733899713261,0.0,0.026500001695239916,4.6931691029692155,9.4,519.96875,False
1773586418.581504,310,0,0,0,0,9.612543999537593,0.0,0.02624099943204783,4.6931691029692155,14.1,519.96875,False
1773586418.7944977,311,0,0,0,0,9.460615998250432,0.0,0.02592599776107818,4.693926472520362,9.4,519.96875,False
1773586419.0075297,312,0,0,0,0,9.422561000974383,0.0,0.02627800131449476,4.693926472520362,9.4,519.96875,False
1773586419.220626,313,0,0,0,0,9.530210001685191,0.0,0.025852001272141933,4.693926472520362,18.8,519.96875,False
1773586419.4337163,314,0,0,0,0,9.55798799986951,0.0,0.025130000722128898,4.693926472520362,9.4,519.96875,False
1773586419.6467662,315,0,0,0,0,9.474820999457734,0.0,0.025369998184032738,4.693926472520362,9.4,519.96875,False
1773586419.8597653,316,0,0,0,0,9.532265001325868,0.0,0.024999997549457476,4.693682743024835,14.1,519.96875,False
1773586420.0729601,317,0,0,0,0,9.613210000679828,0.0,0.025536999601172283,4.693682743024835,9.4,519.96875,False
1773586420.286037,318,0,0,0,0,9.632637000322575,0.0,0.025352001102874056,4.693682743024835,18.8,519.96875,False
1773586420.4991577,319,0,0,0,0,9.602692000044044,0.0,0.025167002604575828,4.693682743024835,4.7,519.96875,False
1773586420.7123327,320,0,0,0,0,9.653933000663528,0.0,0.025388999347342178,4.693682743024835,9.4,519.96875,False
1773586420.9253905,321,0,0,0,0,9.595875999366399,0.0,0.02538999979151413,4.692070773761927,14.1,519.96875,False
1773586421.1384592,322,0,0,0,0,9.612876998289721,0.0,0.024943998141679913,4.692070773761927,9.4,519.96875,False
1773586421.3515341,323,0,0,0,0,9.54456099862,0.0,0.026204001187579706,4.692070773761927,18.8,519.96875,False
1773586421.5646644,324,0,0,0,0,9.603359001630452,0.0,0.0262970024778042,4.692070773761927,4.7,519.96875,False
1773586421.7776935,325,0,0,0,0,9.612655001546955,0.0,0.026296998839825392,4.692070773761927,9.4,519.96875,False
1773586421.9907737,326,0,0,0,0,9.566172997438116,0.0,0.02581500302767381,4.693182756567238,14.1,519.96875,False
1773586422.2038338,327,0,0,0,0,9.535098997730529,0.0,0.02600000152597204,4.693182756567238,9.4,519.96875,False
1773586422.4170563,328,0,0,0,0,9.664414999861037,0.0,0.0476850000268314,4.693182756567238,14.1,519.96875,False
1773586422.6301122,329,0,0,0,0,9.560414000588935,0.0,0.02459199822624214,4.693182756567238,14.1,519.96875,False
1773586422.8431447,330,0,0,0,0,9.513246001006337,0.0,0.025630000891396776,4.693182756567238,9.4,519.96875,False
1773586423.0562236,331,0,0,0,0,9.495061000052374,0.0,0.02685200161067769,4.6928561422729675,14.1,519.96875,False
1773586423.2693489,332,0,0,0,0,9.519634997559479,0.0,0.025926001399056986,4.6928561422729675,9.4,519.96875,False
1773586423.4822745,333,0,0,0,0,9.496023998508463,0.0,0.02570400101831183,4.6928561422729675,18.8,519.96875,False
1773586423.6952298,334,0,0,0,0,9.444152998185018,0.0,0.026222001906717196,4.6928561422729675,9.4,519.96875,False
1773586423.9080896,335,0,0,0,0,9.407524001289858,0.0,0.025610999728087336,4.6928561422729675,9.4,519.96875,False
1773586424.1211274,336,0,0,0,0,9.503951001534006,0.0,0.025445002393098548,4.695250617984081,9.4,519.96875,False
1773586424.334022,337,0,0,0,0,9.468023999943398,0.0,0.02568499985500239,4.695250617984081,9.4,519.96875,False
1773586424.5469558,338,0,0,0,0,9.344041998701869,0.0,0.02518499968573451,4.695250617984081,14.1,519.96875,False
1773586424.7598164,339,0,0,0,0,9.430431000509998,0.0,0.02631499955896288,4.695250617984081,14.1,519.96875,False
1773586424.9729316,340,0,0,0,0,9.50511699920753,0.0,0.024574001145083457,4.695250617984081,9.4,519.96875,False
1773586425.1858847,341,0,0,0,0,9.46206099979463,0.0,0.02546299947425723,4.695905610405569,9.4,519.96875,False
1773586425.398904,342,0,0,0,0,9.56624700120301,0.0,0.025555000320309773,4.695905610405569,9.4,519.96875,False
1773586425.6120358,343,0,0,0,0,9.534320997772738,0.0,0.02596299964352511,4.695905610405569,18.8,519.96875,False
1773586425.8251517,344,0,0,0,0,9.498134997556917,0.0,0.02537099862820469,4.695905610405569,9.4,519.96875,False
1773586426.0380304,345,0,0,0,0,9.452024001802783,0.0,0.02459299867041409,4.695905610405569,9.4,519.96875,False
1773586426.2510586,346,0,0,0,0,9.46098699932918,0.0,0.02551800207584165,4.694195444789227,9.4,519.96875,False
1773586426.464004,347,0,0,0,0,9.427708999282913,0.0,0.025927001843228936,4.694195444789227,9.4,519.984375,False
1773586426.6769772,348,0,0,0,0,9.479135998844868,0.0,0.02592699820525013,4.694195444789227,18.8,519.984375,False
1773586426.8899848,349,0,0,0,0,9.508932002063375,0.0,0.025869998353300616,4.694195444789227,9.4,519.984375,False
1773586427.1029198,350,0,0,0,0,9.403209001902724,0.0,0.025130000722128898,4.694195444789227,9.4,519.984375,False
1773586427.315969,351,0,0,0,0,9.468782998737879,0.0,0.025795998226385564,4.695159164881949,9.4,519.984375,False
1773586427.5289018,352,0,0,0,0,9.481764998781728,0.0,0.02544399831094779,4.695159164881949,9.4,519.984375,False
1773586427.741285,353,0,0,0,0,8.958650003478397,0.0,0.02600000152597204,4.695159164881949,18.8,519.984375,False
1773586427.9542158,354,0,0,0,0,9.513376997347223,0.0,0.026647998311091214,4.695159164881949,9.4,519.984375,False
1773586428.1672454,355,0,0,0,0,9.438617002160754,0.0,0.027926002076128498,4.695159164881949,14.1,519.984375,False
1773586428.3801217,356,0,0,0,0,9.441523998248158,0.0,0.026148998585995287,4.6985758320267745,9.4,519.984375,False
1773586428.593084,357,0,0,0,0,9.428745997865917,0.0,0.02540799687267281,4.6985758320267745,9.4,519.984375,False
1773586428.8060088,358,0,0,0,0,9.476154002186377,0.0,0.025295998057117686,4.6985758320267745,18.8,519.984375,False
1773586429.018947,359,0,0,0,0,9.443913000723114,0.0,0.025370001822011545,4.6985758320267745,9.4,519.984375,False
1773586429.2318764,360,0,0,0,0,9.481302000494907,0.0,0.025110999558819458,4.6985758320267745,9.4,519.984375,False
1773586429.4449608,361,0,0,0,0,9.536654000839917,0.0,0.025277000531787053,4.695542871318985,9.4,519.984375,False
1773586429.658049,362,0,0,0,0,9.6064879980986,0.0,0.02596400008769706,4.695542871318985,9.4,519.984375,False
1773586429.8710532,363,0,0,0,0,9.48843200239935,0.0,0.025610999728087336,4.695542871318985,18.8,519.984375,False
1773586430.0841737,364,0,0,0,0,9.535728000628296,0.0,0.02594399848021567,4.695542871318985,9.4,519.984375,False
1773586430.2971737,365,0,0,0,0,9.545191001961939,0.0,0.023721997422399,4.695542871318985,9.4,519.984375,False
1773586430.5103102,366,0,0,0,0,9.624914000596618,0.0,0.02603800021461211,4.693295139199714,9.4,519.984375,False
1773586430.7233021,367,0,0,0,0,9.491487002378562,0.0,0.024556000425945967,4.693295139199714,9.4,519.984375,False
1773586430.9362147,368,0,0,0,0,9.457191001274623,0.0,0.02622199826873839,4.693295139199714,18.8,519.984375,False
1773586431.149309,369,0,0,0,0,9.552006999001605,0.0,0.025612000172259286,4.693295139199714,9.4,519.984375,False
1773586431.3624058,370,0,0,0,0,9.507523998763645,0.0,0.024370998289668933,4.693295139199714,9.4,519.984375,False
1773586431.5753598,371,0,0,0,0,9.514986999420216,0.0,0.02522200156818144,4.69464835446257,9.4,519.984375,False
1773586431.7882931,372,0,0,0,0,9.5163580008375,0.0,0.025258999812649563,4.69464835446257,14.1,519.984375,False
1773586432.0014133,373,0,0,0,0,9.58232099947054,0.0,0.024241002392955124,4.69464835446257,14.1,519.984375,False
1773586432.2144713,374,0,0,0,0,9.510672000033082,0.0,0.02507499812054448,4.69464835446257,14.1,519.984375,False
1773586432.4274514,375,0,0,0,0,9.449301000131527,0.0,0.025908000679919496,4.69464835446257,9.4,520.0,False
1773586432.6405914,376,0,0,0,0,9.570562000590144,0.0,0.024852000933606178,4.693945383625563,9.4,520.0,False
1773586432.8535786,377,0,0,0,0,9.49982100064517,0.0,0.025388999347342178,4.693945383625563,14.1,520.0,False
1773586433.0665674,378,0,0,0,0,9.460801997192902,0.0,0.027444999432191253,4.693945383625563,14.1,520.0,False
1773586433.279469,379,0,0,0,0,9.43789399752859,0.0,0.026666999474400654,4.693945383625563,9.4,520.0,False
1773586433.4924595,380,0,0,0,0,9.477560997765977,0.0,0.025573997845640406,4.693945383625563,14.1,520.0,False
1773586433.7054486,381,0,0,0,0,9.50374699823442,0.0,0.026665999030228704,4.695415663057929,9.4,520.0,False
1773586433.9184446,382,0,0,0,0,9.472615998674883,0.0,0.02622199826873839,4.695415663057929,9.4,520.0,False
1773586434.1314359,383,0,0,0,0,9.487652998359408,0.0,0.024982000468298793,4.695415663057929,18.8,520.0,False
1773586434.3444543,384,0,0,0,0,9.505006000836147,0.0,0.025018998712766916,4.695415663057929,9.4,520.0,False
1773586434.5573463,385,0,0,0,0,9.451820002141176,0.0,0.02535199746489525,4.695415663057929,9.4,520.0,False
1773586434.7703092,386,0,0,0,0,9.475449998717522,0.0,0.026074998459080234,4.695371509735753,9.4,520.0,False
1773586434.9833155,387,0,0,0,0,9.438930999749573,0.0,0.026482000976102427,4.695371509735753,9.4,520.0,False
1773586435.1962144,388,0,0,0,0,9.442339000088396,0.0,0.025889003154588863,4.695371509735753,18.8,520.0,False
1773586435.409217,389,0,0,0,0,9.479708998696879,0.0,0.024741002562223002,4.695371509735753,9.4,520.0,False
1773586435.6222227,390,0,0,0,0,9.501541997451568,0.0,0.025907000235747546,4.695371509735753,9.4,520.0,False
1773586435.8352342,391,0,0,0,0,9.516412999801105,0.0,0.025018001906573772,4.695198058294595,9.4,520.0,False
1773586436.04814,392,0,0,0,0,9.462412999710068,0.0,0.02483399657648988,4.695198058294595,9.4,520.0,False
1773586436.2605863,393,0,0,0,0,8.970520000730176,0.0,0.02655600110301748,4.695198058294595,18.8,520.0,False
1773586436.4734938,394,0,0,0,0,9.50652399842511,0.0,0.0254259975918103,4.695198058294595,9.4,520.0,False
1773586436.6865392,395,0,0,0,0,9.455116000026464,0.0,0.0248889991780743,4.695198058294595,9.4,520.0,False
1773586436.8994555,396,0,0,0,0,9.473967998928856,0.0,0.02512999708415009,4.698289516427139,9.4,520.0,False
1773586437.1124268,397,0,0,0,0,9.46018999820808,0.0,0.02568600029917434,4.698289516427139,14.1,520.0,False
1773586437.3255453,398,0,0,0,0,9.573450999596389,0.0,0.025092998839681968,4.698289516427139,14.1,520.0,False
1773586437.5386014,399,0,0,0,0,9.533988002658589,0.0,0.02546299947425723,4.698289516427139,14.1,520.0,False
1773586437.751627,400,0,0,0,0,9.484949998295633,0.0,0.02518499968573451,4.698289516427139,9.4,520.0,False
1773586437.9646008,401,0,0,0,0,9.445617000892526,0.0,0.02548200063756667,4.694295266559342,9.4,520.0,False
1773586438.1775758,402,0,0,0,0,9.463709000556264,0.0,0.025278000975959003,4.694295266559342,9.4,520.0,False
1773586438.390561,403,0,0,0,0,9.458561002247734,0.0,0.02518600012990646,4.694295266559342,18.8,520.0,False
1773586438.603492,404,0,0,0,0,9.464339000260225,0.0,0.026129000616492704,4.694295266559342,9.4,520.0,False
1773586438.8163114,405,0,0,0,0,9.399135000421666,0.0,0.025518998882034793,4.694295266559342,9.4,520.015625,False
1773586439.0294118,406,0,0,0,0,9.563024999806657,0.0,0.025834000553004444,4.695569154876724,9.4,520.015625,False
1773586439.2424133,407,0,0,0,0,9.469098000408849,0.0,0.025814999389695004,4.695569154876724,9.4,520.015625,False
1773586439.455422,408,0,0,0,0,9.566135999193648,0.0,0.024647997634019703,4.695569154876724,18.8,520.015625,False
1773586439.668375,409,0,0,0,0,9.450837998883799,0.0,0.02575899998191744,4.695569154876724,9.4,520.015625,False
1773586439.8814585,410,0,0,0,0,9.484283000347205,0.0,0.025517998437862843,4.695569154876724,9.4,520.015625,False
1773586440.0944495,411,0,0,0,0,9.468561001995113,0.0,0.02522300201235339,4.694678831801424,9.4,520.015625,False
1773586440.307334,412,0,0,0,0,9.449116998439422,0.0,0.025278000975959003,4.694678831801424,14.1,520.015625,False
1773586440.5204477,413,0,0,0,0,9.511282998573733,0.0,0.025870998797472566,4.694678831801424,14.1,520.015625,False
1773586440.7333796,414,0,0,0,0,9.479320000536973,0.0,0.025796998670557514,4.694678831801424,9.4,520.015625,False
1773586440.9464085,415,0,0,0,0,9.510597999906167,0.0,0.02463000055286102,4.694678831801424,14.1,520.015625,False
1773586441.1593506,416,0,0,0,0,9.504708999884315,0.0,0.025556000764481723,4.695323152288048,9.4,520.015625,False
1773586441.3723004,417,0,0,0,0,9.504968002147507,0.0,0.02570400101831183,4.695323152288048,9.4,520.015625,False
1773586441.5854938,418,0,0,0,0,9.56637600029353,0.0,0.025037999876076356,4.695323152288048,18.8,520.03125,False
1773586441.798448,419,0,0,0,0,9.515820998785784,0.0,0.025112000002991408,4.695323152288048,9.4,520.03125,False
1773586442.0114777,420,0,0,0,0,9.511987002042588,0.0,0.025110999558819458,4.695323152288048,9.4,520.03125,False
1773586442.2244358,421,0,0,0,0,9.454152997932397,0.0,0.02603699977044016,4.694447634288518,9.4,520.03125,False
1773586442.4374402,422,0,0,0,0,9.544246997393202,0.0,0.025556000764481723,4.694447634288518,9.4,520.03125,False
1773586442.6506083,423,0,0,0,0,9.64422900142381,0.0,0.02572300218162127,4.694447634288518,18.8,520.03125,False
1773586442.8635259,424,0,0,0,0,9.454226998059312,0.0,0.025796998670557514,4.694447634288518,9.4,520.03125,False
1773586443.0765393,425,0,0,0,0,9.461541998462053,0.0,0.0256669991358649,4.694447634288518,9.4,520.03125,False
1773586443.2895958,426,0,0,0,0,9.533320997434203,0.0,0.025870998797472566,4.694120843922505,9.4,520.03125,False
1773586443.5025496,427,0,0,0,0,9.513932000118075,0.0,0.02551800207584165,4.694120843922505,9.4,520.03125,False
1773586443.7154741,428,0,0,0,0,9.476134997385088,0.0,0.02538999979151413,4.694120843922505,18.8,520.03125,False
1773586443.9285614,429,0,0,0,0,9.579005996783962,0.0,0.02592599776107818,4.694120843922505,9.4,520.03125,False
1773586444.1417384,430,0,0,0,0,9.651506999944104,0.0,0.025000997993629426,4.694120843922505,9.4,520.03125,False
1773586444.3546903,431,0,0,0,0,9.538562000670936,0.0,0.026574998628348112,4.694446583442721,9.4,520.03125,False
1773586444.5677269,432,0,0,0,0,9.572764996846672,0.0,0.023962998966453597,4.694446583442721,14.1,520.03125,False
1773586444.780652,433,0,0,0,0,9.401745002833195,0.0,0.02570400101831183,4.694446583442721,14.1,520.03125,False
1773586444.9937744,434,0,0,0,0,9.546395001962082,0.0,0.02553700323915109,4.694446583442721,9.4,520.03125,False
1773586445.2067256,435,0,0,0,0,9.50522700077272,0.0,0.024519002181477845,4.694446583442721,9.4,520.03125,False
1773586445.4198263,436,0,0,0,0,9.561691000271821,0.0,0.025499997718725353,4.694240626748741,9.4,520.03125,False
1773586445.632934,437,0,0,0,0,9.630839998862939,0.0,0.024481996661052108,4.694240626748741,9.4,520.03125,False
1773586445.8460991,438,0,0,0,0,9.636692000640323,0.0,0.02544499875511974,4.694240626748741,18.8,520.03125,False
1773586446.0590315,439,0,0,0,0,9.514560999377863,0.0,0.027926002076128498,4.694240626748741,9.4,520.03125,False
1773586446.2720883,440,0,0,0,0,9.601932997611584,0.0,0.026445002731634304,4.694240626748741,14.1,520.03125,False
1773586446.485249,441,0,0,0,0,9.558654001011746,0.0,0.026481000531930476,4.69295905762724,9.4,520.03125,False
1773586446.6983576,442,0,0,0,0,9.530931998597225,0.0,0.025240999093512073,4.69295905762724,9.4,520.03125,False
1773586446.9114366,443,0,0,0,0,9.50572800138616,0.0,0.025648001610534266,4.69295905762724,18.8,520.03125,False
1773586447.124391,444,0,0,0,0,9.495949998381548,0.0,0.02577800114522688,4.69295905762724,9.4,520.03125,False
1773586447.3374715,445,0,0,0,0,9.485802002018318,0.0,0.025612000172259286,4.69295905762724,9.4,520.03125,False
1773586447.550487,446,0,0,0,0,9.487395000178367,0.0,0.02577800114522688,4.693793048497223,9.4,520.03125,False
1773586447.7635524,447,0,0,0,0,9.554506003041752,0.0,0.02577800114522688,4.693793048497223,9.4,520.03125,False
1773586447.976078,448,0,0,0,0,9.010076999402372,0.0,0.0262039975496009,4.693793048497223,18.8,520.03125,False
1773586448.1891055,449,0,0,0,0,9.532301999570336,0.0,0.024795997887849808,4.693793048497223,9.4,520.03125,False
1773586448.402047,450,0,0,0,0,9.511691001534928,0.0,0.025555997126502916,4.693793048497223,9.4,520.03125,False
1773586448.6150248,451,0,0,0,0,9.465597999223974,0.0,0.025574001483619213,4.696910006604761,9.4,520.03125,False
1773586448.8279192,452,0,0,0,0,9.468616000958718,0.0,0.026186000468442217,4.696910006604761,9.4,520.03125,False
1773586449.0409133,453,0,0,0,0,9.522061001916882,0.0,0.026130001060664654,4.696910006604761,18.8,520.03125,False
1773586449.2540066,454,0,0,0,0,9.518524999293732,0.0,0.02651899922057055,4.696910006604761,9.4,520.03125,False
1773586449.4669473,455,0,0,0,0,9.434319999854779,0.0,0.02486999801476486,4.696910006604761,9.4,520.03125,False
1773586449.6799133,456,0,0,0,0,9.553043000778416,0.0,0.024518998543499038,4.695277949487665,9.4,520.03125,False
1773586449.8929484,457,0,0,0,0,9.491950000665383,0.0,0.026999998226528987,4.695277949487665,9.4,520.03125,False
1773586450.1058555,458,0,0,0,0,9.452115999010857,0.0,0.025926001399056986,4.695277949487665,18.8,520.03125,False
1773586450.3188336,459,0,0,0,0,9.458726999582723,0.0,0.02577800114522688,4.695277949487665,9.4,520.03125,False
1773586450.5318322,460,0,0,0,0,9.451060999708716,0.0,0.02462900010868907,4.695277949487665,9.4,520.046875,False
1773586450.7447383,461,0,0,0,0,9.430985999642871,0.0,0.025870998797472566,4.695782588261215,14.1,520.046875,False
1773586450.9576747,462,0,0,0,0,9.498191000602674,0.0,0.025833000108832493,4.695782588261215,9.4,520.046875,False
1773586451.170773,463,0,0,0,0,9.515636000287486,0.0,0.02507499812054448,4.695782588261215,18.8,520.046875,False
1773586451.3838015,464,0,0,0,0,9.43304199972772,0.0,0.02524100273149088,4.695782588261215,9.4,520.046875,False
1773586451.5967515,465,0,0,0,0,9.464042999752564,0.0,0.024758999643381685,4.695782588261215,9.4,520.046875,False
1773586451.8097386,466,0,0,0,0,9.485801998380339,0.0,0.02459299867041409,4.694705105687009,9.4,520.046875,False
1773586452.0226724,467,0,0,0,0,9.519041999737965,0.0,0.024574001145083457,4.694705105687009,9.4,520.046875,False
1773586452.2356834,468,0,0,0,0,9.450745998037746,0.0,0.026092999178217724,4.694705105687009,18.8,520.046875,False
1773586452.448684,469,0,0,0,0,9.477486997639062,0.0,0.025056000595213845,4.694705105687009,9.4,520.046875,False
1773586452.6616154,470,0,0,0,0,9.480912998697022,0.0,0.026406996767036617,4.694705105687009,9.4,520.046875,False
1773586452.874522,471,0,0,0,0,9.467116997257108,0.0,0.024666998797329143,4.695801514325411,9.4,520.046875,False
1773586453.087422,472,0,0,0,0,9.449208999285474,0.0,0.02520400084904395,4.695801514325411,9.4,520.046875,False
1773586453.3004332,473,0,0,0,0,9.476839000853943,0.0,0.025555000320309773,4.695801514325411,18.8,520.046875,False
1773586453.513467,474,0,0,0,0,9.517488000710728,0.0,0.024796001525828615,4.695801514325411,9.4,520.046875,False
1773586453.7264588,475,0,0,0,0,9.414375999767799,0.0,0.024981996830319986,4.695801514325411,9.4,520.046875,False
1773586453.939405,476,0,0,0,0,9.428504999959841,0.0,0.025536999601172283,4.695389381218505,9.4,520.046875,False
1773586454.1523879,477,0,0,0,0,9.464450002269587,0.0,0.02655600110301748,4.695389381218505,9.4,520.046875,False
1773586454.3655841,478,0,0,0,0,9.572580001986353,0.0,0.025130000722128898,4.695389381218505,18.8,520.046875,False
1773586454.5784824,479,0,0,0,0,9.4584489997942,0.0,0.0248889991780743,4.695389381218505,9.4,520.046875,False
1773586454.7915735,480,0,0,0,0,9.51696900301613,0.0,0.025591998564777896,4.695389381218505,14.1,520.046875,False
1773586455.0044632,481,0,0,0,0,9.45159800176043,0.0,0.026130001060664654,4.6945863500636085,9.4,520.046875,False
1773586455.2174697,482,0,0,0,0,9.487986997555709,0.0,0.02603699977044016,4.6945863500636085,9.4,520.046875,False
1773586455.4304469,483,0,0,0,0,9.444931001780787,0.0,0.02537099862820469,4.6945863500636085,18.8,520.046875,False
1773586455.6434114,484,0,0,0,0,9.447950000321725,0.0,0.026130001060664654,4.6945863500636085,9.4,520.046875,False
1773586455.856488,485,0,0,0,0,9.457265001401538,0.0,0.025517998437862843,4.6945863500636085,9.4,520.046875,False
1773586456.0696585,486,0,0,0,0,9.556061999319354,0.0,0.02575899998191744,4.6939600923682905,9.4,520.046875,False
1773586456.2827172,487,0,0,0,0,9.486413000558969,0.0,0.0265179987763986,4.6939600923682905,9.4,520.046875,False
1773586456.4953334,488,0,0,0,0,9.058113999344641,0.0,0.02626000059535727,4.6939600923682905,18.8,520.046875,False
1773586456.7083592,489,0,0,0,0,9.531004998279968,0.0,0.025260000256821513,4.6939600923682905,9.4,520.0625,False
1773586456.92145,490,0,0,0,0,9.542931999021675,0.0,0.02553700323915109,4.6939600923682905,9.4,520.0625,False
1773586457.1343627,491,0,0,0,0,9.461690999160055,0.0,0.02518499968573451,4.696142209570702,9.4,520.0625,False
1773586457.3474264,492,0,0,0,0,9.475894999923185,0.0,0.02459299867041409,4.696142209570702,9.4,520.0625,False
1773586457.560485,493,0,0,0,0,9.534931003145175,0.0,0.026425997930346057,4.696142209570702,18.8,520.0625,False
1773586457.7735972,494,0,0,0,0,9.55470999906538,0.0,0.02603699977044016,4.696142209570702,9.4,520.0625,False
1773586457.9866052,495,0,0,0,0,9.48704300026293,0.0,0.02492600106052123,4.696142209570702,9.4,520.0625,False
1773586458.1997223,496,0,0,0,0,9.584227998857386,0.0,0.024204000510508195,4.693245774202984,9.4,520.0625,False
1773586458.412743,497,0,0,0,0,9.507116999884602,0.0,0.025332999939564615,4.693245774202984,14.1,520.0625,False
1773586458.6258957,498,0,0,0,0,9.539153998048278,0.0,0.026796002202900127,4.693245774202984,18.8,520.0625,False
1773586458.838903,499,0,0,0,0,9.516377002000809,0.0,0.025370001822011545,4.693245774202984,9.4,520.0625,False
1773586459.0518892,500,0,0,0,0,9.466357001656434,0.0,0.02551800207584165,4.693245774202984,9.4,520.0625,False
1773586459.265036,501,0,0,0,0,9.544839002046501,0.0,0.026685000193538144,4.6934663492558695,9.4,520.0625,False
1773586459.4780154,502,0,0,0,0,9.47967200045241,0.0,0.02600000152597204,4.6934663492558695,9.4,520.0625,False
1773586459.690909,503,0,0,0,0,9.45300500097801,0.0,0.026740999601315707,4.6934663492558695,18.8,520.0625,False
1773586459.9039042,504,0,0,0,0,9.477783998590894,0.0,0.0265179987763986,4.6934663492558695,9.4,520.0625,False
1773586460.116931,505,0,0,0,0,9.418431000085548,0.0,0.025314999220427126,4.6934663492558695,9.4,520.0625,False
1773586460.3299556,506,0,0,0,0,9.501894001004985,0.0,0.025834000553004444,4.6952022630264505,9.4,520.0625,False
1773586460.5428813,507,0,0,0,0,9.414133997779572,0.0,0.0255190025200136,4.6952022630264505,9.4,520.0625,False
1773586460.755786,508,0,0,0,0,9.430783000425436,0.0,0.02601900268928148,4.6952022630264505,18.8,520.0625,False
1773586460.9688842,509,0,0,0,0,9.493153997027548,0.0,0.02633400072227232,4.6952022630264505,9.4,520.0625,False
1773586461.1819236,510,0,0,0,0,9.457412001211196,0.0,0.02622199826873839,4.6952022630264505,9.4,520.0625,False
1773586461.3949358,511,0,0,0,0,9.498709001491079,0.0,0.02574099926277995,4.6949636564064035,14.1,520.0625,False
1773586461.6078005,512,0,0,0,0,9.415098000317812,0.0,0.025240999093512073,4.6949636564064035,9.4,520.0625,False
1773586461.8207633,513,0,0,0,0,9.493801000644453,0.0,0.0263700021605473,4.6949636564064035,18.8,520.0625,False
1773586462.0338233,514,0,0,0,0,9.47969100161572,0.0,0.026908001018455252,4.6949636564064035,9.4,520.0625,False
1773586462.2467694,515,0,0,0,0,9.45033799871453,0.0,0.025092998839681968,4.6949636564064035,9.4,520.0625,False
1773586462.4598122,516,0,0,0,0,9.459708999202121,0.0,0.026796002202900127,4.695392535023702,9.4,520.0625,False
1773586462.6728244,517,0,0,0,0,9.483302001171978,0.0,0.02607400165288709,4.695392535023702,9.4,520.0625,False
1773586462.8858397,518,0,0,0,0,9.491173001151765,0.0,0.026592999347485602,4.695392535023702,18.8,520.078125,False
1773586463.0987413,519,0,0,0,0,9.398300997418119,0.0,0.025685003492981195,4.695392535023702,9.4,520.078125,False
1773586463.3117082,520,0,0,0,0,9.423005001735874,0.0,0.024943998141679913,4.695392535023702,9.4,520.078125,False
1773586463.5246124,521,0,0,0,0,9.427968001546105,0.0,0.02600000152597204,4.695845675735165,9.4,520.078125,False
1773586463.7374947,522,0,0,0,0,9.450857000047108,0.0,0.02653699993970804,4.695845675735165,9.4,520.078125,False
1773586463.9505143,523,0,0,0,0,9.441264999622945,0.0,0.025444001948926598,4.695845675735165,18.8,520.078125,False
1773586464.163459,524,0,0,0,0,9.440116002224386,0.0,0.025926001399056986,4.695845675735165,9.4,520.078125,False
1773586464.3763888,525,0,0,0,0,9.40359800006263,0.0,0.025277997337980196,4.695845675735165,9.4,520.078125,False
1773586464.58941,526,0,0,0,0,9.47643199833692,0.0,0.02579600186436437,4.695611209181147,9.4,520.078125,False
1773586464.8023853,527,0,0,0,0,9.475265000219224,0.0,0.025648001610534266,4.695611209181147,9.4,520.078125,False
1773586465.0151346,528,0,0,0,0,9.149836001597578,0.0,0.026204001187579706,4.695611209181147,23.5,520.078125,False
1773586465.228102,529,0,0,0,0,9.451986999920337,0.0,0.026592999347485602,4.695611209181147,9.4,520.078125,False
1773586465.4411576,530,0,0,0,0,9.502283999609062,0.0,0.026685000193538144,4.695611209181147,9.4,520.078125,False
1773586465.6540844,531,0,0,0,0,9.505654001259245,0.0,0.025852001272141933,4.696258940607939,4.7,520.078125,False
1773586465.86706,532,0,0,0,0,9.455617000639904,0.0,0.025573997845640406,4.696258940607939,9.4,520.078125,False
1773586466.0800018,533,0,0,0,0,9.404264001204865,0.0,0.027018999389838427,4.696258940607939,18.8,520.078125,False
1773586466.29301,534,0,0,0,0,9.480411998083582,0.0,0.026833997253561392,4.696258940607939,9.4,520.078125,False
1773586466.5059848,535,0,0,0,0,9.455949999392033,0.0,0.027277998015051708,4.696258940607939,14.1,520.078125,False
1773586466.718954,536,0,0,0,0,9.456727999349823,0.0,0.025258999812649563,4.695462971110331,9.4,520.078125,False
1773586466.9319677,537,0,0,0,0,9.43261700012954,0.0,0.026147998141823336,4.695462971110331,9.4,520.078125,False
1773586467.1449995,538,0,0,0,0,9.48496799901477,0.0,0.026130001060664654,4.695462971110331,18.8,520.078125,False
1773586467.3580081,539,0,0,0,0,9.512987002381124,0.0,0.026778001483762637,4.695462971110331,9.4,520.078125,False
1773586467.5709941,540,0,0,0,0,9.462838999752421,0.0,0.02546399991842918,4.695462971110331,9.4,520.078125,False
1773586467.7838728,541,0,0,0,0,9.444467999855988,0.0,0.026388999685877934,4.695169676551555,9.4,520.078125,False
1773586467.9968112,542,0,0,0,0,9.433153998543276,0.0,0.02683300044736825,4.695169676551555,9.4,520.078125,False
1773586468.209299,543,0,0,0,0,8.993020997877466,0.0,0.024832999770296738,4.695169676551555,18.8,520.078125,False
1773586468.4221292,544,0,0,0,0,9.454450002522208,0.0,0.02518600012990646,4.695169676551555,9.4,520.078125,False
1773586468.635047,545,0,0,0,0,9.388171001774026,0.0,0.026481000531930476,4.695169676551555,9.4,520.09375,False
1773586468.8480868,546,0,0,0,0,9.459097997023491,0.0,0.02709299951675348,4.698330566888557,9.4,520.09375,False
1773586469.0610447,547,0,0,0,0,9.425394000572851,0.0,0.024944998585851863,4.698330566888557,9.4,520.09375,False
1773586469.2740571,548,0,0,0,0,9.478579002461629,0.0,0.02463000055286102,4.698330566888557,18.8,520.09375,False
1773586469.486955,549,0,0,0,0,9.408357000211254,0.0,0.0248889991780743,4.698330566888557,9.4,520.09375,False
1773586469.6999173,550,0,0,0,0,9.43945000108215,0.0,0.026592999347485602,4.698330566888557,9.4,520.09375,False
1773586469.9129443,551,0,0,0,0,9.457672000280581,0.0,0.02592599776107818,4.695449304241719,9.4,520.09375,False
1773586470.1259127,552,0,0,0,0,9.524098997644614,0.0,0.026110999897355214,4.695449304241719,9.4,520.09375,False
1773586470.3389144,553,0,0,0,0,9.466374998737592,0.0,0.025908000679919496,4.695449304241719,18.8,520.09375,False
1773586470.5518773,554,0,0,0,0,9.518265000224346,0.0,0.025888999516610056,4.695449304241719,9.4,520.09375,False
1773586470.7650478,555,0,0,0,0,9.581061000062618,0.0,0.025037003069883212,4.695449304241719,9.4,520.09375,False
1773586470.9780707,556,0,0,0,0,9.495820999291027,0.0,0.025610999728087336,4.694300520454318,9.4,520.09375,False
1773586471.1910646,557,0,0,0,0,9.497357998043299,0.0,0.025795998226385564,4.694300520454318,9.4,520.09375,False
1773586471.4040565,558,0,0,0,0,9.455375002289657,0.0,0.026665999030228704,4.694300520454318,18.8,520.09375,False
1773586471.6171484,559,0,0,0,0,9.498691000771942,0.0,0.025426001229789108,4.694300520454318,9.4,520.109375,False
1773586471.830309,560,0,0,0,0,9.577986998920096,0.0,0.026130001060664654,4.694300520454318,9.4,520.109375,False
1773586472.0432718,561,0,0,0,0,9.449060002225451,0.0,0.026703997718868777,4.693975851837792,14.1,520.109375,False
1773586472.2563157,562,0,0,0,0,9.529505998216337,0.0,0.026574998628348112,4.693975851837792,9.4,520.109375,False
1773586472.4692955,563,0,0,0,0,9.506338999926811,0.0,0.02653699993970804,4.693975851837792,18.8,520.109375,False
1773586472.6823266,564,0,0,0,0,9.48950499878265,0.0,0.026573998184176162,4.693975851837792,9.4,520.109375,False
1773586472.8952675,565,0,0,0,0,9.4141910012695,0.0,0.02568600029917434,4.693975851837792,9.4,520.109375,False
1773586473.1082652,566,0,0,0,0,9.48341300318134,0.0,0.027555000997381285,4.694869061376319,14.1,520.109375,False
1773586473.3213618,567,0,0,0,0,9.528932001558132,0.0,0.025260000256821513,4.694869061376319,9.4,520.109375,False
1773586473.5343778,568,0,0,0,0,9.521579999272944,0.0,0.025315002858405933,4.694869061376319,14.1,520.109375,False
1773586473.7474167,569,0,0,0,0,9.463413000048604,0.0,0.02572300218162127,4.694869061376319,14.1,520.109375,False
1773586473.9604073,570,0,0,0,0,9.469227999943541,0.0,0.026443998649483547,4.694869061376319,9.4,520.109375,False
1773586474.1734126,571,0,0,0,0,9.477856998273637,0.0,0.025814999389695004,4.694170227329551,4.7,520.109375,False
1773586474.386376,572,0,0,0,0,9.509986997727538,0.0,0.025222998374374583,4.694170227329551,14.1,520.109375,False
1773586474.5994117,573,0,0,0,0,9.450485998968361,0.0,0.0256669991358649,4.694170227329551,14.1,520.109375,False
1773586474.8123226,574,0,0,0,0,9.462541998800589,0.0,0.026185000024270266,4.694170227329551,14.1,520.109375,False
1773586475.0252378,575,0,0,0,0,9.455596999032423,0.0,0.024684999516466632,4.694170227329551,9.4,520.109375,False
1773586475.2383316,576,0,0,0,0,9.529505001410143,0.0,0.024297001800732687,4.6952022630264505,9.4,520.109375,False
1773586475.451187,577,0,0,0,0,9.411893999640597,0.0,0.02581500302767381,4.6952022630264505,9.4,520.109375,False
1773586475.664349,578,0,0,0,0,9.540394999930868,0.0,0.026110999897355214,4.6952022630264505,18.8,520.109375,False
1773586475.8773386,579,0,0,0,0,9.483376001298893,0.0,0.025907000235747546,4.6952022630264505,9.4,520.109375,False
1773586476.090347,580,0,0,0,0,9.500765001575928,0.0,0.02486999801476486,4.6952022630264505,9.4,520.109375,False
1773586476.303173,581,0,0,0,0,9.394172000611434,0.0,0.025426001229789108,4.695571257574055,9.4,520.109375,False
1773586476.516018,582,0,0,0,0,9.407060999365058,0.0,0.027110996597912163,4.695571257574055,9.4,520.109375,False
1773586476.728637,583,0,0,0,0,9.123725001700222,0.0,0.02570400101831183,4.695571257574055,18.8,520.109375,False
1773586476.9416225,584,0,0,0,0,9.488376002991572,0.0,0.025593002646928653,4.695571257574055,9.4,520.109375,False
1773586477.1545537,585,0,0,0,0,9.488449999480508,0.0,0.027703998057404533,4.695571257574055,9.4,520.109375,False
1773586477.3674664,586,0,0,0,0,9.432763999939198,0.0,0.027074001991422847,4.697962190977923,9.4,520.109375,False
1773586477.5804496,587,0,0,0,0,9.453504997509299,0.0,0.027056001272285357,4.697962190977923,9.4,520.109375,False
1773586477.793438,588,0,0,0,0,9.449171997403027,0.0,0.02601899905130267,4.697962190977923,18.8,520.109375,False
1773586478.0063915,589,0,0,0,0,9.43289399947389,0.0,0.02575899998191744,4.697962190977923,9.4,520.109375,False
1773586478.2193284,590,0,0,0,0,9.424523999769008,0.0,0.026759000320453197,4.697962190977923,9.4,520.109375,False
1773586478.4322069,591,0,0,0,0,9.438468001462752,0.0,0.025388999347342178,4.695970804240353,14.1,520.109375,False
1773586478.6451979,592,0,0,0,0,9.464893999393098,0.0,0.02622199826873839,4.695970804240353,9.4,520.109375,False
1773586478.8580828,593,0,0,0,0,9.442653001315193,0.0,0.02572199809947051,4.695970804240353,18.8,520.109375,False
1773586479.071077,594,0,0,0,0,9.41809800133342,0.0,0.024554999981774017,4.695970804240353,9.4,520.109375,False
1773586479.2841196,595,0,0,0,0,9.437820001039654,0.0,0.02598200080683455,4.695970804240353,9.4,520.109375,False
1773586479.4970064,596,0,0,0,0,9.420189999218564,0.0,0.025869998353300616,4.695720553898129,9.4,520.109375,False
1773586479.709907,597,0,0,0,0,9.461227000429062,0.0,0.02594499892438762,4.695720553898129,9.4,520.109375,False
1773586479.9228818,598,0,0,0,0,9.48841300123604,0.0,0.02683300044736825,4.695720553898129,18.8,520.109375,False
1773586480.1359305,599,0,0,0,0,9.42635699902894,0.0,0.024834000214468688,4.695720553898129,9.4,520.109375,False
1773586480.3488727,600,0,0,0,0,9.46798700169893,0.0,0.02662900078576058,4.695720553898129,9.4,520.109375,False
1773586480.5619454,601,0,0,0,0,9.489635001955321,0.0,0.025371002266183496,4.695116067528652,9.4,520.109375,False
1773586480.7747953,602,0,0,0,0,9.421467999345623,0.0,0.02520400084904395,4.695116067528652,9.4,520.109375,False
1773586480.9876804,603,0,0,0,0,9.42430100258207,0.0,0.026647998311091214,4.695116067528652,18.8,520.109375,False
1773586481.2006269,604,0,0,0,0,9.40889399862499,0.0,0.02548200063756667,4.695116067528652,4.7,520.109375,False
1773586481.4135792,605,0,0,0,0,9.438893997867126,0.0,0.025408000510651618,4.695116067528652,14.1,520.109375,False
1773586481.6266012,606,0,0,0,0,9.42713499898673,0.0,0.02575899998191744,4.696364108673648,9.4,520.109375,False
1773586481.839579,607,0,0,0,0,9.439579000172671,0.0,0.026685000193538144,4.696364108673648,9.4,520.109375,False
1773586482.0524013,608,0,0,0,0,9.372504999191733,0.0,0.0273709993052762,4.696364108673648,18.8,520.109375,False
1773586482.2653117,609,0,0,0,0,9.421635000762763,0.0,0.02577800114522688,4.696364108673648,9.4,520.109375,False
1773586482.4782999,610,0,0,0,0,9.432154001842719,0.0,0.026351997803431004,4.696364108673648,9.4,520.109375,False
1773586482.6911123,611,0,0,0,0,9.381875999679323,0.0,0.026592999347485602,4.69700783987343,9.4,520.109375,False
1773586482.9040139,612,0,0,0,0,9.370929998112842,0.0,0.025092998839681968,4.69700783987343,9.4,520.109375,False
1773586483.1170337,613,0,0,0,0,9.463987000344787,0.0,0.02550000135670416,4.69700783987343,18.8,520.109375,False
1773586483.329918,614,0,0,0,0,9.443893999559805,0.0,0.027147998480359092,4.69700783987343,9.4,520.109375,False
1773586483.5428805,615,0,0,0,0,9.451041998545406,0.0,0.024944998585851863,4.69700783987343,9.4,520.109375,False
1773586483.755759,616,0,0,0,0,9.418319998076186,0.0,0.025130000722128898,4.696417746200869,9.4,520.109375,False
1773586483.9687643,617,0,0,0,0,9.407264002220472,0.0,0.027518002752913162,4.696417746200869,14.1,520.109375,False
1773586484.1818166,618,0,0,0,0,9.440154000913026,0.0,0.026444999093655497,4.696417746200869,18.8,520.109375,False
1773586484.3946695,619,0,0,0,0,9.421615999599453,0.0,0.02544499875511974,4.696417746200869,9.4,520.109375,False
1773586484.607626,620,0,0,0,0,9.467765001318185,0.0,0.025814999389695004,4.696417746200869,9.4,520.109375,False
1773586484.8206034,621,0,0,0,0,9.45659799981513,0.0,0.026444999093655497,4.695636442125382,9.4,520.109375,False
1773586485.0335157,622,0,0,0,0,9.482560999458656,0.0,0.025852001272141933,4.695636442125382,9.4,520.109375,False
1773586485.2462595,623,0,0,0,0,9.280318998207804,0.0,0.024722001398913562,4.695636442125382,18.8,520.109375,False
1773586485.4593265,624,0,0,0,0,9.463338999921689,0.0,0.025555000320309773,4.695636442125382,9.4,520.109375,False
1773586485.672204,625,0,0,0,0,9.436356998776319,0.0,0.026130001060664654,4.695636442125382,9.4,520.109375,False
1773586485.8853266,626,0,0,0,0,9.474024001974612,0.0,0.027223002689424902,4.695928743494584,9.4,520.109375,False
1773586486.0982873,627,0,0,0,0,9.439708999707364,0.0,0.027425998268881813,4.695928743494584,14.1,520.109375,False
1773586486.311363,628,0,0,0,0,9.55513500230154,0.0,0.026073998014908284,4.695928743494584,14.1,520.109375,False
1773586486.5244617,629,0,0,0,0,9.488191000855295,0.0,0.025389002985320985,4.695928743494584,14.1,520.109375,False
1773586486.7375355,630,0,0,0,0,9.497449998889351,0.0,0.026703997718868777,4.695928743494584,9.4,520.140625,False
1773586486.9504042,631,0,0,0,0,9.425708998605842,0.0,0.02626000059535727,4.694511736771815,9.4,520.140625,False
1773586487.1633346,632,0,0,0,0,9.466190000239294,0.0,0.026426001568324864,4.694511736771815,9.4,520.15625,False
1773586487.3762438,633,0,0,0,0,9.450468001887202,0.0,0.025907000235747546,4.694511736771815,18.8,520.15625,False
1773586487.5892227,634,0,0,0,0,9.515041998383822,0.0,0.026573998184176162,4.694511736771815,9.4,520.15625,False
1773586487.8022587,635,0,0,0,0,9.52800500090234,0.0,0.02600000152597204,4.694511736771815,9.4,520.15625,False
1773586488.0152826,636,0,0,0,0,9.492893997958163,0.0,0.026907000574283302,4.695408304113234,9.4,520.15625,False
1773586488.2281415,637,0,0,0,0,9.410987000592286,0.0,0.02624099943204783,4.695408304113234,9.4,520.15625,False
1773586488.4406562,638,0,0,0,0,8.92279899926507,0.0,0.025352001102874056,4.695408304113234,18.8,520.15625,False
1773586488.6536536,639,0,0,0,0,9.532877000310691,0.0,0.025739998818608,4.695408304113234,9.4,520.15625,False
1773586488.8666534,640,0,0,0,0,9.411893999640597,0.0,0.02522200156818144,4.695408304113234,9.4,520.15625,False
1773586489.0795984,641,0,0,0,0,9.398542002600152,0.0,0.02609300281619653,4.697850637098413,9.4,520.15625,False
1773586489.292555,642,0,0,0,0,9.410189999471186,0.0,0.024629996914882213,4.697850637098413,9.4,520.15625,False
1773586489.5054843,643,0,0,0,0,9.4611159984197,0.0,0.02550100180087611,4.697850637098413,18.8,520.15625,False
1773586489.7185135,644,0,0,0,0,9.424133997526951,0.0,0.025073997676372528,4.697850637098413,9.4,520.15625,False
1773586489.931271,645,0,0,0,0,9.308819000580115,0.0,0.026500001695239916,4.697850637098413,9.4,520.15625,False
1773586490.1441176,646,0,0,0,0,9.40093099779915,0.0,0.025148001441266388,4.69698574813394,14.1,520.15625,False
1773586490.3571782,647,0,0,0,0,9.434597999643302,0.0,0.02623999898787588,4.69698574813394,9.4,520.15625,False
1773586490.570071,648,0,0,0,0,9.429968002223177,0.0,0.026370998966740444,4.69698574813394,18.8,520.15625,False
1773586490.7828984,649,0,0,0,0,9.387098001752747,0.0,0.025795998226385564,4.69698574813394,9.4,520.15625,False
1773586490.99583,650,0,0,0,0,9.402708001289284,0.0,0.026760000764625147,4.69698574813394,9.4,520.15625,False
1773586491.2087252,651,0,0,0,0,9.397263998835115,0.0,0.02540799687267281,4.696671226385093,4.7,520.15625,False
1773586491.4217498,652,0,0,0,0,9.420207999937702,0.0,0.025314999220427126,4.696671226385093,14.1,520.15625,False
1773586491.634637,653,0,0,0,0,9.290707999753067,0.0,0.02564799797255546,4.696671226385093,18.8,520.15625,False
1773586491.8475,654,0,0,0,0,9.34789299935801,0.0,0.025258999812649563,4.696671226385093,9.4,520.15625,False
1773586492.0602531,655,0,0,0,0,9.30781900024158,0.0,0.02577800114522688,4.696671226385093,9.4,520.15625,False
1773586492.2733064,656,0,0,0,0,9.486765000474406,0.0,0.027166999643668532,4.6965628891823625,9.4,520.15625,False
1773586492.4861612,657,0,0,0,0,9.415652999450685,0.0,0.025258999812649563,4.6965628891823625,4.7,520.15625,False
1773586492.699094,658,0,0,0,0,9.404005002579652,0.0,0.025408000510651618,4.6965628891823625,18.8,520.15625,False
1773586492.9120433,659,0,0,0,0,9.437283002625918,0.0,0.02651899922057055,4.6965628891823625,9.4,520.15625,False
1773586493.1249588,660,0,0,0,0,9.445079002034618,0.0,0.026704001356847584,4.6965628891823625,9.4,520.15625,False
1773586493.3379796,661,0,0,0,0,9.51367200104869,0.0,0.025759996788110584,4.69628838719155,14.1,520.15625,False
1773586493.5509334,662,0,0,0,0,9.4801160012139,0.0,0.026573998184176162,4.69628838719155,9.4,520.15625,False
1773586493.7638,663,0,0,0,0,9.412727002199972,0.0,0.02570400101831183,4.69628838719155,14.1,520.15625,False
1773586493.9768302,664,0,0,0,0,9.425745000044117,0.0,0.025888999516610056,4.69628838719155,9.4,520.15625,False
1773586494.1896534,665,0,0,0,0,9.390818999236217,0.0,0.025536999601172283,4.69628838719155,14.1,520.15625,False
1773586494.40254,666,0,0,0,0,9.431985999981407,0.0,0.02627800131449476,4.696799554586651,9.4,520.15625,False
1773586494.6154761,667,0,0,0,0,9.389005001139594,0.0,0.02624099943204783,4.696799554586651,9.4,520.15625,False
1773586494.828289,668,0,0,0,0,9.356836999359075,0.0,0.025573997845640406,4.696799554586651,18.8,520.15625,False
1773586495.041216,669,0,0,0,0,9.412968000106048,0.0,0.025407000066479668,4.696799554586651,9.4,520.15625,False
1773586495.2542832,670,0,0,0,0,9.431561000383226,0.0,0.025370001822011545,4.696799554586651,9.4,520.15625,False
1773586495.467084,671,0,0,0,0,9.346893999463646,0.0,0.02574099926277995,4.696884759971198,9.4,520.15625,False
1773586495.6798995,672,0,0,0,0,9.365319001517491,0.0,0.02485199729562737,4.696884759971198,9.4,520.15625,False
1773586495.8930037,673,0,0,0,0,9.467449999647215,0.0,0.026444002287462354,4.696884759971198,18.8,520.15625,False
1773586496.106012,674,0,0,0,0,9.422301001904998,0.0,0.02629600203363225,4.696884759971198,9.4,520.15625,False
1773586496.3190043,675,0,0,0,0,9.456338000745745,0.0,0.02633300027810037,4.696884759971198,9.4,520.15625,False
1773586496.5319285,676,0,0,0,0,9.395337998284958,0.0,0.026851997972698882,4.695531306646796,9.4,520.15625,False
1773586496.7448735,677,0,0,0,0,9.46282000222709,0.0,0.02574099926277995,4.695531306646796,9.4,520.15625,False
1773586496.9572852,678,0,0,0,0,8.91729800059693,0.0,0.02520400084904395,4.695531306646796,18.8,520.15625,False
1773586497.1702325,679,0,0,0,0,9.41230099851964,0.0,0.02600000152597204,4.695531306646796,14.1,520.15625,False
1773586497.3830771,680,0,0,0,0,9.30611600051634,0.0,0.02653699993970804,4.695531306646796,9.4,520.15625,False
1773586497.5954494,681,0,0,0,0,8.829352998873219,0.0,0.02627800131449476,4.70136502321369,9.4,520.15625,False
1773586497.808297,682,0,0,0,0,9.296819000155665,0.0,0.02570399738033302,4.70136502321369,9.4,520.15625,False
1773586498.0211465,683,0,0,0,0,9.268688998417929,0.0,0.02570400101831183,4.70136502321369,18.8,520.15625,False
1773586498.2340777,684,0,0,0,0,9.36583799921209,0.0,0.02631499955896288,4.70136502321369,9.4,520.15625,False
1773586498.4470627,685,0,0,0,0,9.313727001426741,0.0,0.02629600203363225,4.70136502321369,9.4,520.15625,False
1773586498.6600196,686,0,0,0,0,9.408041998540284,0.0,0.024333003239007667,4.696692263314617,9.4,520.15625,False
1773586498.873034,687,0,0,0,0,9.421393999218708,0.0,0.02603800021461211,4.696692263314617,14.1,520.15625,False
1773586499.0859947,688,0,0,0,0,9.499431002041092,0.0,0.026703997718868777,4.696692263314617,18.8,520.15625,False
1773586499.2988293,689,0,0,0,0,9.391801002493594,0.0,0.025019002350745723,4.696692263314617,9.4,520.15625,False
1773586499.511788,690,0,0,0,0,9.41541200154461,0.0,0.02661100006662309,4.696692263314617,9.4,520.15625,False
1773586499.7247558,691,0,0,0,0,9.473837999394163,0.0,0.02574099926277995,4.696159035308212,4.7,520.15625,False
1773586499.9377756,692,0,0,0,0,9.438152999791782,0.0,0.025870998797472566,4.696159035308212,9.4,520.15625,False
1773586500.1506999,693,0,0,0,0,9.461874997214181,0.0,0.026129000616492704,4.696159035308212,18.8,520.15625,False
1773586500.3635595,694,0,0,0,0,9.402709001733456,0.0,0.025370001822011545,4.696159035308212,9.4,520.15625,False
1773586500.5764766,695,0,0,0,0,9.39841199942748,0.0,0.02603700340841897,4.696159035308212,9.4,520.15625,False
1773586500.7896042,696,0,0,0,0,9.50200599982054,0.0,0.02553700323915109,4.695370458476298,14.1,520.15625,False
1773586501.0026302,697,0,0,0,0,9.438393997697858,0.0,0.02525900345062837,4.695370458476298,9.4,520.15625,False
1773586501.21559,698,0,0,0,0,9.398246002092492,0.0,0.026573998184176162,4.695370458476298,14.1,520.15625,False
1773586501.4285407,699,0,0,0,0,9.411338000063552,0.0,0.02524100273149088,4.695370458476298,14.1,520.15625,False
1773586501.6414518,700,0,0,0,0,9.425374999409541,0.0,0.025297002139268443,4.695370458476298,9.4,520.15625,False
1773586501.854481,701,0,0,0,0,9.497413000644883,0.0,0.024962999304989353,4.695406201561843,9.4,520.171875,False
1773586502.0673192,702,0,0,0,0,9.382762997120153,0.0,0.025574001483619213,4.695406201561843,9.4,520.171875,False
1773586502.2802234,703,0,0,0,0,9.416782999323914,0.0,0.02594499892438762,4.695406201561843,18.8,520.171875,False
1773586502.493239,704,0,0,0,0,9.46019100229023,0.0,0.026686000637710094,4.695406201561843,9.4,520.171875,False
1773586502.7061567,705,0,0,0,0,9.454783001274336,0.0,0.026443998649483547,4.695406201561843,9.4,520.171875,False
1773586502.9191327,706,0,0,0,0,9.442061000299873,0.0,0.026204001187579706,4.696395660011869,14.1,520.171875,False
1773586503.1321056,707,0,0,0,0,9.445912000956014,0.0,0.026944999262923375,4.696395660011869,9.4,520.171875,False
1773586503.3452477,708,0,0,0,0,9.497467999608489,0.0,0.025129000277956948,4.696395660011869,18.8,520.171875,False
1773586503.5582001,709,0,0,0,0,9.449486999073997,0.0,0.026425997930346057,4.696395660011869,9.4,520.171875,False
1773586503.7713811,710,0,0,0,0,9.570357000484364,0.0,0.027371002943255007,4.696395660011869,9.4,520.171875,False
1773586503.9843814,711,0,0,0,0,9.470450000662822,0.0,0.025388999347342178,4.693754178358236,9.4,520.171875,False
1773586504.1973348,712,0,0,0,0,9.46706099784933,0.0,0.026426001568324864,4.693754178358236,9.4,520.171875,False
1773586504.4103818,713,0,0,0,0,9.492820001469227,0.0,0.02662900078576058,4.693754178358236,18.8,520.171875,False
1773586504.6233816,714,0,0,0,0,9.463709000556264,0.0,0.02622199826873839,4.693754178358236,9.4,520.171875,False
1773586504.8363051,715,0,0,0,0,9.377042002597591,0.0,0.025666002329671755,4.693754178358236,9.4,520.1875,False
1773586505.0492601,716,0,0,0,0,9.4940429989947,0.0,0.025833000108832493,4.695362048417608,9.4,520.1875,False
1773586505.262187,717,0,0,0,0,9.484263999183895,0.0,0.02596299964352511,4.695362048417608,9.4,520.1875,False
1773586505.4748633,718,0,0,0,0,9.147094999207184,0.0,0.026444002287462354,4.695362048417608,18.8,520.1875,False
1773586505.6878703,719,0,0,0,0,9.403172000020277,0.0,0.02544499875511974,4.695362048417608,9.4,520.1875,False
1773586505.900935,720,0,0,0,0,9.469263997743838,0.0,0.024408000172115862,4.695362048417608,9.4,520.1875,False
1773586506.1138873,721,0,0,0,0,9.443892999115633,0.0,0.02596400008769706,4.696497678906908,9.4,520.1875,False
1773586506.3267734,722,0,0,0,0,9.439876001124503,0.0,0.025444001948926598,4.696497678906908,9.4,520.1875,False
1773586506.5397425,723,0,0,0,0,9.477486997639062,0.0,0.026130001060664654,4.696497678906908,18.8,520.1875,False
1773586506.7527409,724,0,0,0,0,9.426300999621162,0.0,0.02709299951675348,4.696497678906908,9.4,520.1875,False
1773586506.9656746,725,0,0,0,0,9.397985999385128,0.0,0.025260000256821513,4.696497678906908,9.4,520.1875,False
1773586507.1786654,726,0,0,0,0,9.469800999795552,0.0,0.025777997507248074,4.695796257070054,9.4,520.1875,False
1773586507.391596,727,0,0,0,0,9.388374997797655,0.0,0.02653699993970804,4.695796257070054,9.4,520.1875,False
1773586507.6046374,728,0,0,0,0,9.557171997585101,0.0,0.02629599839565344,4.695796257070054,18.8,520.1875,False
1773586507.8175879,729,0,0,0,0,9.442283000680618,0.0,0.026981000701198354,4.695796257070054,14.1,520.1875,False
1773586508.0305178,730,0,0,0,0,9.3917269987287,0.0,0.026204001187579706,4.695796257070054,9.4,520.1875,False
1773586508.243342,731,0,0,0,0,9.370374998979969,0.0,0.02679699900909327,4.696291542204553,9.4,520.1875,False
1773586508.4561653,732,0,0,0,0,9.381672000017716,0.0,0.02663000122993253,4.696291542204553,9.4,520.1875,False
1773586508.6692257,733,0,0,0,0,9.504356999968877,0.0,0.025926001399056986,4.696291542204553,18.8,520.1875,False
1773586508.8821256,734,0,0,0,0,9.449487002711976,0.0,0.025777997507248074,4.696291542204553,9.4,520.1875,False
1773586509.094959,735,0,0,0,0,9.379708000778919,0.0,0.025278000975959003,4.696291542204553,9.4,520.1875,False
1773586509.3079772,736,0,0,0,0,9.399004997248994,0.0,0.02570400101831183,4.6964703332012805,9.4,520.1875,False
1773586509.520966,737,0,0,0,0,9.434616000362439,0.0,0.024518998543499038,4.6964703332012805,9.4,520.1875,False
1773586509.733967,738,0,0,0,0,9.46422699780669,0.0,0.0259810003626626,4.6964703332012805,18.8,520.1875,False
1773586509.9468517,739,0,0,0,0,9.44146799884038,0.0,0.025592999008949846,4.6964703332012805,9.4,520.1875,False
1773586510.159742,740,0,0,0,0,9.438782999495743,0.0,0.025888999516610056,4.6964703332012805,9.4,520.1875,False
1773586510.3727345,741,0,0,0,0,9.521543001028476,0.0,0.025574001483619213,4.696009711101015,9.4,520.1875,False
1773586510.585738,742,0,0,0,0,9.470302000408992,0.0,0.02492600106052123,4.696009711101015,9.4,520.1875,False
1773586510.7986276,743,0,0,0,0,9.441745998628903,0.0,0.025297002139268443,4.696009711101015,18.8,520.1875,False
1773586511.0115807,744,0,0,0,0,9.409800997673301,0.0,0.02546399991842918,4.696009711101015,9.4,520.1875,False
1773586511.2246392,745,0,0,0,0,9.413597999810008,0.0,0.026149002223974094,4.696009711101015,9.4,520.203125,False
1773586511.4375682,746,0,0,0,0,9.474967999267392,0.0,0.026723002520157024,4.695451406831712,9.4,520.203125,False
1773586511.6507194,747,0,0,0,0,9.607173000404146,0.0,0.026408000849187374,4.695451406831712,9.4,520.203125,False
1773586511.863711,748,0,0,0,0,9.42180100173573,0.0,0.026351997803431004,4.695451406831712,18.8,520.203125,False
1773586512.0766933,749,0,0,0,0,9.432487000594847,0.0,0.02633400072227232,4.695451406831712,9.4,520.203125,False
1773586512.2896438,750,0,0,0,0,9.432652997929836,0.0,0.026147998141823336,4.695451406831712,9.4,520.203125,False
1773586512.5025682,751,0,0,0,0,9.425634001672734,0.0,0.02633300027810037,4.694857500022946,14.1,520.203125,False
1773586512.7155766,752,0,0,0,0,9.469134998653317,0.0,0.025796998670557514,4.694857500022946,9.4,520.203125,False
1773586512.9286385,753,0,0,0,0,9.426523000001907,0.0,0.025055000151041895,4.694857500022946,14.1,520.203125,False
1773586513.141512,754,0,0,0,0,9.428301000298234,0.0,0.02633300027810037,4.694857500022946,9.4,520.203125,False
1773586513.3544261,755,0,0,0,0,9.378522998304106,0.0,0.02609300281619653,4.694857500022946,14.1,520.203125,False
1773586513.5673692,756,0,0,0,0,9.408357000211254,0.0,0.025927001843228936,4.695752096589792,9.4,520.203125,False
1773586513.780312,757,0,0,0,0,9.42133799981093,0.0,0.02624099943204783,4.695752096589792,9.4,520.203125,False
1773586513.9932601,758,0,0,0,0,9.45580099869403,0.0,0.025573997845640406,4.695752096589792,14.1,520.203125,False
1773586514.20633,759,0,0,0,0,9.455357001570519,0.0,0.024796001525828615,4.695752096589792,14.1,520.203125,False
1773586514.4192984,760,0,0,0,0,9.436505002668127,0.0,0.025314999220427126,4.695752096589792,9.4,520.203125,False
1773586514.632225,761,0,0,0,0,9.392393003508914,0.0,0.025870998797472566,4.6954703302263825,9.4,520.203125,False
1773586514.8452194,762,0,0,0,0,9.448746000998653,0.0,0.025870998797472566,4.6954703302263825,9.4,520.203125,False
1773586515.0580933,763,0,0,0,0,9.427523000340443,0.0,0.025796998670557514,4.6954703302263825,18.8,520.203125,False
1773586515.2711034,764,0,0,0,0,9.408597001311136,0.0,0.027499998395796865,4.6954703302263825,9.4,520.203125,False
1773586515.4839785,765,0,0,0,0,9.347653001896106,0.0,0.025833000108832493,4.6954703302263825,9.4,520.203125,False
1773586515.696894,766,0,0,0,0,9.436856998945586,0.0,0.02633300027810037,4.696259992265281,9.4,520.203125,False
1773586515.909988,767,0,0,0,0,9.425005002412945,0.0,0.02570400101831183,4.696259992265281,9.4,520.203125,False
1773586516.122987,768,0,0,0,0,9.388319002027856,0.0,0.02568499985500239,4.696259992265281,18.8,520.203125,False
1773586516.3358603,769,0,0,0,0,9.417190001840936,0.0,0.02596299964352511,4.696259992265281,9.4,520.203125,False
1773586516.5488892,770,0,0,0,0,9.463375001359964,0.0,0.025277997337980196,4.696259992265281,9.4,520.203125,False
1773586516.7617571,771,0,0,0,0,9.41200499801198,0.0,0.025334000383736566,4.695538665977052,9.4,520.203125,False
1773586516.974754,772,0,0,0,0,9.40794899725006,0.0,0.024684999516466632,4.695538665977052,14.1,520.21875,False
1773586517.1871395,773,0,0,0,0,8.901723998860689,0.0,0.024556000425945967,4.695538665977052,14.1,520.21875,False
1773586517.3999841,774,0,0,0,0,9.436116000870243,0.0,0.026925998099613935,4.695538665977052,9.4,520.21875,False
1773586517.612975,775,0,0,0,0,9.44976499886252,0.0,0.02520400084904395,4.695538665977052,9.4,520.21875,False
1773586517.826004,776,0,0,0,0,9.436264001124073,0.0,0.02522300201235339,4.698091642214615,14.1,520.21875,False
1773586518.0389419,777,0,0,0,0,9.496153998043155,0.0,0.02518600012990646,4.698091642214615,9.4,520.21875,False
1773586518.25193,778,0,0,0,0,9.432486000150675,0.0,0.026444999093655497,4.698091642214615,18.8,520.21875,False
1773586518.4649088,779,0,0,0,0,9.423431001778226,0.0,0.02655600110301748,4.698091642214615,9.4,520.21875,False
1773586518.6779258,780,0,0,0,0,9.477968000283,0.0,0.02601899905130267,4.698091642214615,9.4,520.21875,False
1773586518.8908162,781,0,0,0,0,9.435375002794899,0.0,0.02546299947425723,4.695694268645448,9.4,520.21875,False
1773586519.1037922,782,0,0,0,0,9.432559996639611,0.0,0.02598199716885574,4.695694268645448,9.4,520.21875,False
1773586519.316759,783,0,0,0,0,9.449634999327827,0.0,0.024778000806691125,4.695694268645448,18.8,520.21875,False
1773586519.5297425,784,0,0,0,0,9.454504997847835,0.0,0.025517998437862843,4.695694268645448,9.4,520.21875,False
1773586519.7426457,785,0,0,0,0,9.457930998905795,0.0,0.025112000002991408,4.695694268645448,9.4,520.21875,False
1773586519.9555192,786,0,0,0,0,9.413116000359878,0.0,0.02575899998191744,4.696159035308212,9.4,520.21875,False
1773586520.1685553,787,0,0,0,0,9.415689997695154,0.0,0.026388999685877934,4.696159035308212,9.4,520.21875,False
1773586520.3815536,788,0,0,0,0,9.44911599799525,0.0,0.02538999979151413,4.696159035308212,18.8,520.21875,False
1773586520.594439,789,0,0,0,0,9.44146799884038,0.0,0.0243520007643383,4.696159035308212,9.4,520.21875,False
1773586520.8073359,790,0,0,0,0,9.414468000613851,0.0,0.0248889991780743,4.696159035308212,9.4,520.21875,False
1773586521.020378,791,0,0,0,0,9.456059997319244,0.0,0.02601899905130267,4.695471381530559,9.4,520.21875,False
1773586521.2333019,792,0,0,0,0,9.443079001357546,0.0,0.02520400084904395,4.695471381530559,9.4,520.21875,False
1773586521.4462504,793,0,0,0,0,9.49419099924853,0.0,0.026186000468442217,4.695471381530559,18.8,520.21875,False
1773586521.6591609,794,0,0,0,0,9.43882000137819,0.0,0.025963003281503916,4.695471381530559,9.4,520.21875,False
1773586521.87212,795,0,0,0,0,9.416597000381444,0.0,0.02564899841672741,4.695471381530559,14.1,520.21875,False
1773586522.0851054,796,0,0,0,0,9.507986000244273,0.0,0.02485199729562737,4.696018123479979,9.4,520.21875,False
1773586522.297885,797,0,0,0,0,9.357652001199313,0.0,0.024445002054562792,4.696018123479979,9.4,520.21875,False
1773586522.5109031,798,0,0,0,0,9.521746000245912,0.0,0.02679599856492132,4.696018123479979,14.1,520.21875,False
1773586522.7238758,799,0,0,0,0,9.388153001054889,0.0,0.025130000722128898,4.696018123479979,14.1,520.21875,False
1773586522.9368656,800,0,0,0,0,9.487597999395803,0.0,0.025093002477660775,4.696018123479979,9.4,520.234375,False
1773586523.149948,801,0,0,0,0,9.49681999918539,0.0,0.025870998797472566,4.695538665977052,9.4,520.234375,False
1773586523.3629415,802,0,0,0,0,9.457894000661327,0.0,0.02600000152597204,4.695538665977052,9.4,520.234375,False
1773586523.5758455,803,0,0,0,0,9.432820002984954,0.0,0.02598199716885574,4.695538665977052,18.8,520.234375,False
1773586523.7888842,804,0,0,0,0,9.468153002671897,0.0,0.02655600110301748,4.695538665977052,9.4,520.234375,False
1773586524.001797,805,0,0,0,0,9.459837998292642,0.0,0.02572299854364246,4.695538665977052,9.4,520.234375,False
1773586524.21466,806,0,0,0,0,9.426448999874992,0.0,0.025388999347342178,4.696107506867867,9.4,520.234375,False
1773586524.427653,807,0,0,0,0,9.439337998628616,0.0,0.02685200161067769,4.696107506867867,9.4,520.234375,False
1773586524.6407223,808,0,0,0,0,9.572153998306021,0.0,0.02635200144140981,4.696107506867867,23.5,520.234375,False
1773586524.8536122,809,0,0,0,0,9.454041999561014,0.0,0.024704000679776073,4.696107506867867,9.4,520.234375,False
1773586525.0667038,810,0,0,0,0,9.495467998931417,0.0,0.025908000679919496,4.696107506867867,9.4,520.234375,False
1773586525.2796068,811,0,0,0,0,9.418911999091506,0.0,0.026500001695239916,4.6951171186741965,9.4,520.234375,False
1773586525.492673,812,0,0,0,0,9.525430999929085,0.0,0.025739998818608,4.6951171186741965,9.4,520.234375,False
1773586525.705437,813,0,0,0,0,9.16074400083744,0.0,0.025037003069883212,4.6951171186741965,18.8,520.234375,False
1773586525.9183433,814,0,0,0,0,9.444265000638552,0.0,0.02546299947425723,4.6951171186741965,9.4,520.234375,False
1773586526.1312258,815,0,0,0,0,9.416281998710474,0.0,0.024871002096915618,4.6951171186741965,9.4,520.234375,False
1773586526.344247,816,0,0,0,0,9.48668999990332,0.0,0.025907000235747546,4.696418797929336,9.4,520.234375,False
1773586526.557228,817,0,0,0,0,9.470154000155162,0.0,0.025388999347342178,4.696418797929336,9.4,520.234375,False
1773586526.770261,818,0,0,0,0,9.506524002063088,0.0,0.024982000468298793,4.696418797929336,18.8,520.234375,False
1773586526.9831095,819,0,0,0,0,9.411523002199829,0.0,0.025610999728087336,4.696418797929336,9.4,520.234375,False
1773586527.1959484,820,0,0,0,0,9.396911998919677,0.0,0.02522200156818144,4.696418797929336,9.4,520.234375,False
1773586527.4089148,821,0,0,0,0,9.425189997273264,0.0,0.027333000616636127,4.6962873355214905,9.4,520.234375,False
1773586527.6218805,822,0,0,0,0,9.443893999559805,0.0,0.025630000891396776,4.6962873355214905,9.4,520.234375,False
1773586527.8348398,823,0,0,0,0,9.440615998755675,0.0,0.02570400101831183,4.6962873355214905,18.8,520.234375,False
1773586528.0478117,824,0,0,0,0,9.430170997802634,0.0,0.0248889991780743,4.6962873355214905,9.4,520.234375,False
1773586528.2607157,825,0,0,0,0,9.391577998030698,0.0,0.025795998226385564,4.6962873355214905,9.4,520.234375,False
1773586528.473634,826,0,0,0,0,9.45283799956087,0.0,0.02487099845893681,4.6960875267564655,9.4,520.234375,False
1773586528.6866388,827,0,0,0,0,9.460042001592228,0.0,0.025907000235747546,4.6960875267564655,9.4,520.234375,False
1773586528.8995962,828,0,0,0,0,9.462320002057822,0.0,0.025944002118194476,4.6960875267564655,18.8,520.234375,False
1773586529.1124678,829,0,0,0,0,9.42726400171523,0.0,0.02635200144140981,4.6960875267564655,9.4,520.234375,False
1773586529.3255494,830,0,0,0,0,9.523320997686824,0.0,0.027314999897498637,4.6960875267564655,9.4,520.234375,False
1773586529.538477,831,0,0,0,0,9.417004999704659,0.0,0.025388999347342178,4.695534460642652,9.4,520.234375,False
1773586529.7514377,832,0,0,0,0,9.437429998797597,0.0,0.026148001779802144,4.695534460642652,14.1,520.234375,False
1773586529.9643857,833,0,0,0,0,9.48719100051676,0.0,0.02524100273149088,4.695534460642652,14.1,520.234375,False
1773586530.1775038,834,0,0,0,0,9.493634999671485,0.0,0.026055997295770794,4.695534460642652,14.1,520.234375,False
1773586530.3905454,835,0,0,0,0,9.44630099911592,0.0,0.02544499875511974,4.695534460642652,9.4,520.234375,False
1773586530.6034138,836,0,0,0,0,9.404596999956993,0.0,0.02546299947425723,4.695141295151639,9.4,520.234375,False
1773586530.816298,837,0,0,0,0,9.414468000613851,0.0,0.02576000042608939,4.695141295151639,9.4,520.234375,False
1773586531.0293136,838,0,0,0,0,9.521821000816999,0.0,0.025741002900758758,4.695141295151639,18.8,520.234375,False
1773586531.2423415,839,0,0,0,0,9.486041999480221,0.0,0.025574001483619213,4.695141295151639,9.4,520.234375,False
1773586531.45522,840,0,0,0,0,9.40604100105702,0.0,0.02579600186436437,4.695141295151639,9.4,520.234375,False
1773586531.6682003,841,0,0,0,0,9.37735600018641,0.0,0.02600000152597204,4.695793102722489,9.4,520.234375,False
1773586531.881257,842,0,0,0,0,9.436838001420256,0.0,0.026685000193538144,4.695793102722489,9.4,520.234375,False
1773586532.0942075,843,0,0,0,0,9.392227002535947,0.0,0.025056000595213845,4.695793102722489,18.8,520.25,False
1773586532.3071072,844,0,0,0,0,9.383560001879232,0.0,0.02633400072227232,4.695793102722489,9.4,520.25,False
1773586532.520147,845,0,0,0,0,9.382319996802835,0.0,0.02625900015118532,4.695793102722489,9.4,520.25,False
1773586532.7332082,846,0,0,0,0,9.434874998987652,0.0,0.025574001483619213,4.69479338809673,9.4,520.25,False
1773586532.9461365,847,0,0,0,0,9.40870799968252,0.0,0.02607400165288709,4.69479338809673,9.4,520.25,False
1773586533.1589434,848,0,0,0,0,9.321837998868432,0.0,0.026685000193538144,4.69479338809673,18.8,520.25,False
1773586533.3717992,849,0,0,0,0,9.363504002976697,0.0,0.025444001948926598,4.69479338809673,9.4,520.25,False
1773586533.5848114,850,0,0,0,0,9.408227000676561,0.0,0.057925997680285946,4.69479338809673,9.4,520.25,False
1773586533.7976623,851,0,0,0,0,9.36659700164455,0.0,0.02548200063756667,4.697260331655851,9.4,520.25,False
1773586534.010529,852,0,0,0,0,9.401968000020133,0.0,0.026444999093655497,4.697260331655851,14.1,520.25,False
1773586534.2232502,853,0,0,0,0,9.264356001949636,0.0,0.025277997337980196,4.697260331655851,14.1,520.25,False
1773586534.4361184,854,0,0,0,0,9.359338000649586,0.0,0.02648199733812362,4.697260331655851,9.4,520.25,False
1773586534.6492872,855,0,0,0,0,9.625210001104278,0.0,0.025056000595213845,4.697260331655851,9.4,520.25,False
1773586534.8622987,856,0,0,0,0,9.411726998223457,0.0,0.026054996851598844,4.696441936074794,9.4,520.25,False
1773586535.075294,857,0,0,0,0,9.372855998662999,0.0,0.02538999979151413,4.696441936074794,9.4,520.265625,False
1773586535.288278,858,0,0,0,0,9.387005000462523,0.0,0.026500001695239916,4.696441936074794,18.8,520.265625,False
1773586535.501132,859,0,0,0,0,9.386911999172298,0.0,0.025314999220427126,4.696441936074794,9.4,520.265625,False
1773586535.7141402,860,0,0,0,0,9.542097999656107,0.0,0.02661100006662309,4.696441936074794,9.4,520.265625,False
1773586535.9270914,861,0,0,0,0,9.434376002900535,0.0,0.02579600186436437,4.695775228166339,14.1,520.265625,False
1773586536.1399245,862,0,0,0,0,9.377801001392072,0.0,0.025296001695096493,4.695775228166339,9.4,520.265625,False
1773586536.352935,863,0,0,0,0,9.44913499915856,0.0,0.025630000891396776,4.695775228166339,18.8,520.265625,False
1773586536.5658681,864,0,0,0,0,9.497115999693051,0.0,0.027592999686021358,4.695775228166339,9.4,520.265625,False
1773586536.7787251,865,0,0,0,0,9.337264000350842,0.0,0.02551800207584165,4.695775228166339,9.4,520.265625,False
1773586536.991605,866,0,0,0,0,9.352874996693572,0.0,0.02627800131449476,4.696987852100176,9.4,520.265625,False
1773586537.2045538,867,0,0,0,0,9.38622600006056,0.0,0.02463000055286102,4.696987852100176,9.4,520.265625,False
1773586537.417065,868,0,0,0,0,8.917724000639282,0.0,0.02377800046815537,4.696987852100176,18.8,520.265625,False
1773586537.6300838,869,0,0,0,0,9.433374998479849,0.0,0.02518499968573451,4.696987852100176,9.4,520.265625,False
1773586537.8430326,870,0,0,0,0,9.425004998774966,0.0,0.025851997634163126,4.696987852100176,9.4,520.265625,False
1773586538.0558705,871,0,0,0,0,9.379152001201874,0.0,0.02550000135670416,4.698086379830115,9.4,520.265625,False
1773586538.2688808,872,0,0,0,0,9.514486999250948,0.0,0.02575899998191744,4.698086379830115,9.4,520.265625,False
1773586538.481945,873,0,0,0,0,9.515765003015986,0.0,0.02518499968573451,4.698086379830115,18.8,520.265625,False
1773586538.6948795,874,0,0,0,0,9.405374999914784,0.0,0.02635200144140981,4.698086379830115,9.4,520.265625,False
1773586538.907669,875,0,0,0,0,9.335800001281314,0.0,0.02464800127199851,4.698086379830115,9.4,520.265625,False
1773586539.1205585,876,0,0,0,0,9.398688998771831,0.0,0.025814999389695004,4.696351488257061,9.4,520.265625,False
1773586539.3335707,877,0,0,0,0,9.489894000580534,0.0,0.025648001610534266,4.696351488257061,9.4,520.265625,False
1773586539.5465128,878,0,0,0,0,9.401762999914354,0.0,0.0254259975918103,4.696351488257061,18.8,520.265625,False
1773586539.7595334,879,0,0,0,0,9.413708001375198,0.0,0.0248889991780743,4.696351488257061,9.4,520.265625,False
1773586539.9725635,880,0,0,0,0,9.377782000228763,0.0,0.025926001399056986,4.696351488257061,9.4,520.265625,False
1773586540.1855352,881,0,0,0,0,9.448690001590876,0.0,0.025648001610534266,4.694796541101342,9.4,520.265625,False
1773586540.3984697,882,0,0,0,0,9.41744900046615,0.0,0.025110999558819458,4.694796541101342,9.4,520.265625,False
1773586540.6114352,883,0,0,0,0,9.43100500080618,0.0,0.025369998184032738,4.694796541101342,18.8,520.265625,False
1773586540.8242934,884,0,0,0,0,9.394689001055667,0.0,0.02596299964352511,4.694796541101342,9.4,520.265625,False
1773586541.0372887,885,0,0,0,0,9.409374997630948,0.0,0.024814999051159248,4.694796541101342,9.4,520.28125,False
1773586541.2502496,886,0,0,0,0,9.420782997040078,0.0,0.025814999389695004,4.696118022784263,14.1,520.28125,False
1773586541.4631288,887,0,0,0,0,9.416578999662306,0.0,0.025869998353300616,4.696118022784263,9.4,520.28125,False
1773586541.6760707,888,0,0,0,0,9.395355999004096,0.0,0.026277997676515952,4.696118022784263,18.8,520.28125,False
1773586541.8890283,889,0,0,0,0,9.409615999175003,0.0,0.025110999558819458,4.696118022784263,9.4,520.28125,False
1773586542.101999,890,0,0,0,0,9.444300998438848,0.0,0.025518998882034793,4.696118022784263,9.4,520.28125,False
1773586542.3149257,891,0,0,0,0,9.392207997734658,0.0,0.025499997718725353,4.69628418051414,9.4,520.28125,False
1773586542.5278878,892,0,0,0,0,9.434542000235524,0.0,0.025260000256821513,4.69628418051414,9.4,520.28125,False
1773586542.7409375,893,0,0,0,0,9.44441200044821,0.0,0.025592999008949846,4.69628418051414,18.8,520.28125,False
1773586542.9539835,894,0,0,0,0,9.417727000254672,0.0,0.027018999389838427,4.69628418051414,9.4,520.28125,False
1773586543.1668284,895,0,0,0,0,9.374430002935696,0.0,0.025907000235747546,4.69628418051414,9.4,520.28125,False
1773586543.3796391,896,0,0,0,0,9.343559999251738,0.0,0.02601800224510953,4.696107506867867,9.4,520.28125,False
1773586543.5926468,897,0,0,0,0,9.425448999536457,0.0,0.02594499892438762,4.696107506867867,14.1,520.28125,False
1773586543.805547,898,0,0,0,0,9.424263997061644,0.0,0.025092998839681968,4.696107506867867,14.1,520.28125,False
1773586544.018449,899,0,0,0,0,9.43613400158938,0.0,0.02622299871291034,4.696107506867867,14.1,520.28125,False
1773586544.2313402,900,0,0,0,0,9.388949001731817,0.0,0.023962998966453597,4.696107506867867,9.4,520.28125,False
1773586544.4442468,901,0,0,0,0,9.415392996743321,0.0,0.027222002245252952,4.696560785596824,9.4,520.28125,False
1773586544.6570837,902,0,0,0,0,9.370134001073893,0.0,0.02533399674575776,4.696560785596824,9.4,520.28125,False
1773586544.8699863,903,0,0,0,0,9.358523002447328,0.0,0.025017998268594965,4.696560785596824,18.8,520.28125,False
1773586545.0828564,904,0,0,0,0,9.355448997666826,0.0,0.02572299854364246,4.696560785596824,9.4,520.28125,False
1773586545.2957768,905,0,0,0,0,9.315318999142619,0.0,0.024722001398913562,4.696560785596824,9.4,520.28125,False
1773586545.508694,906,0,0,0,0,9.323466998466756,0.0,0.025852001272141933,4.697406578894023,9.4,520.28125,False
1773586545.721711,907,0,0,0,0,9.471764002228156,0.0,0.025833000108832493,4.697406578894023,9.4,520.28125,False
1773586545.9343045,908,0,0,0,0,8.945482997660292,0.0,0.02401899837423116,4.697406578894023,18.8,520.28125,False
1773586546.1471465,909,0,0,0,0,9.376299996802118,0.0,0.025556000764481723,4.697406578894023,9.4,520.28125,False
1773586546.3600285,910,0,0,0,0,9.411430000909604,0.0,0.026185000024270266,4.697406578894023,9.4,520.28125,False
1773586546.5730581,911,0,0,0,0,9.479430998908356,0.0,0.025648001610534266,4.6975160072439985,9.4,520.28125,False
1773586546.785875,912,0,0,0,0,9.35739299893612,0.0,0.02464800127199851,4.6975160072439985,9.4,520.28125,False
1773586546.9983504,913,0,0,0,0,8.851982998749008,0.0,0.02592599776107818,4.6975160072439985,18.8,520.28125,False
1773586547.2112334,914,0,0,0,0,9.4525229978899,0.0,0.026740999601315707,4.6975160072439985,9.4,520.296875,False
1773586547.424073,915,0,0,0,0,9.29111500227009,0.0,0.02624099943204783,4.6975160072439985,9.4,520.296875,False
1773586547.6369684,916,0,0,0,0,9.286632997827837,0.0,0.0256669991358649,4.699639294652525,9.4,520.296875,False
1773586547.8498359,917,0,0,0,0,9.384726999996928,0.0,0.025018001906573772,4.699639294652525,9.4,520.296875,False
1773586548.062793,918,0,0,0,0,9.386819001520053,0.0,0.025314999220427126,4.699639294652525,18.8,520.296875,False
1773586548.2757397,919,0,0,0,0,9.385356999700889,0.0,0.02598099672468379,4.699639294652525,9.4,520.296875,False
1773586548.488691,920,0,0,0,0,9.37750400044024,0.0,0.02609200237202458,4.699639294652525,9.4,520.296875,False
1773586548.7015748,921,0,0,0,0,9.441874997719424,0.0,0.02623999898787588,4.6965965468072515,9.4,520.296875,False
1773586548.9144845,922,0,0,0,0,9.44132000222453,0.0,0.025796998670557514,4.6965965468072515,9.4,520.296875,False
1773586549.1274858,923,0,0,0,0,9.382189000461949,0.0,0.02657500226632692,4.6965965468072515,18.8,520.296875,False
1773586549.340399,924,0,0,0,0,9.380986000905978,0.0,0.02605500048957765,4.6965965468072515,9.4,520.296875,False
1773586549.5533562,925,0,0,0,0,9.408560003066668,0.0,0.02687000232981518,4.6965965468072515,9.4,520.296875,False
1773586549.7662883,926,0,0,0,0,9.38624500122387,0.0,0.026797002647072077,4.696103300514496,14.1,520.296875,False
1773586549.9791136,927,0,0,0,0,9.286225998948794,0.0,0.026907000574283302,4.696103300514496,9.4,520.296875,False
1773586550.1919467,928,0,0,0,0,9.342207998997765,0.0,0.026444999093655497,4.696103300514496,18.8,520.296875,False
1773586550.404914,929,0,0,0,0,9.413874999154359,0.0,0.026241003070026636,4.696103300514496,9.4,520.296875,False
1773586550.6178505,930,0,0,0,0,9.388857000885764,0.0,0.02490800034138374,4.696103300514496,9.4,520.296875,False
1773586550.8306077,931,0,0,0,0,9.310874000220792,0.0,0.025073997676372528,4.697858003700667,9.4,520.296875,False
1773586551.0435405,932,0,0,0,0,9.386357000039425,0.0,0.025666002329671755,4.697858003700667,9.4,520.296875,False
1773586551.256527,933,0,0,0,0,9.410522998223314,0.0,0.02709199907258153,4.697858003700667,18.8,520.296875,False
1773586551.4694705,934,0,0,0,0,9.404838001501048,0.0,0.025556000764481723,4.697858003700667,9.4,520.296875,False
1773586551.6823387,935,0,0,0,0,9.342375000414904,0.0,0.026222001906717196,4.697858003700667,9.4,520.296875,False
1773586551.8953388,936,0,0,0,0,9.447393000300508,0.0,0.025019002350745723,4.696046515481499,9.4,520.296875,False
1773586552.1081786,937,0,0,0,0,9.370263000164414,0.0,0.026166999305132776,4.696046515481499,9.4,520.296875,False
1773586552.3212502,938,0,0,0,0,9.413651998329442,0.0,0.02603800021461211,4.696046515481499,18.8,520.296875,False
1773586552.5341399,939,0,0,0,0,9.45907900313614,0.0,0.025036999431904405,4.696046515481499,9.4,520.296875,False
1773586552.7469435,940,0,0,0,0,9.327373998530675,0.0,0.02564799797255546,4.696046515481499,9.4,520.296875,False
1773586552.9597452,941,0,0,0,0,9.35396699787816,0.0,0.02594499892438762,4.6974507704985635,9.4,520.296875,False
1773586553.1727183,942,0,0,0,0,9.43020799968508,0.0,0.02655600110301748,4.6974507704985635,9.4,520.296875,False
1773586553.3855073,943,0,0,0,0,9.320338001998607,0.0,0.02629600203363225,4.6974507704985635,18.8,520.296875,False
1773586553.5983334,944,0,0,0,0,9.37189300020691,0.0,0.025408000510651618,4.6974507704985635,9.4,520.296875,False
1773586553.811243,945,0,0,0,0,9.306541000114521,0.0,0.02575899998191744,4.6974507704985635,9.4,520.296875,False
1773586554.0240843,946,0,0,0,0,9.377874997881008,0.0,0.025908000679919496,4.697772763001885,9.4,520.296875,False
1773586554.2370937,947,0,0,0,0,9.45363500068197,0.0,0.02624099943204783,4.697772763001885,9.4,520.296875,False
1773586554.4497771,948,0,0,0,0,9.13063199914177,0.0,0.025388999347342178,4.697772763001885,18.8,520.296875,False
1773586554.66264,949,0,0,0,0,9.346430000732653,0.0,0.027204001526115462,4.697772763001885,9.4,520.296875,False
1773586554.8764474,950,0,0,0,0,9.350337000796571,0.0,0.02568600029917434,4.697772763001885,9.4,520.296875,False
1773586555.0893936,951,0,0,0,0,9.393614996952238,0.0,0.025795998226385564,4.69347580293575,14.0,520.296875,False
1773586555.302294,952,0,0,0,0,9.335244998510461,0.0,0.02598199716885574,4.69347580293575,9.4,520.296875,False
1773586555.5151992,953,0,0,0,0,9.351373999379575,0.0,0.026130001060664654,4.69347580293575,18.8,520.296875,False
1773586555.7281313,954,0,0,0,0,9.373004002554808,0.0,0.026222001906717196,4.69347580293575,9.4,520.296875,False
1773586555.9409568,955,0,0,0,0,9.35844800187624,0.0,0.026149002223974094,4.69347580293575,9.4,520.296875,False
1773586556.1539056,956,0,0,0,0,9.399079001013888,0.0,0.026277997676515952,4.69698259218812,9.4,520.296875,False
1773586556.3668249,957,0,0,0,0,9.365319001517491,0.0,0.025388999347342178,4.69698259218812,9.4,520.296875,False
1773586556.5797932,958,0,0,0,0,9.395411998411873,0.0,0.02653699993970804,4.69698259218812,18.8,520.296875,False
1773586556.7928317,959,0,0,0,0,9.453893999307184,0.0,0.02677799784578383,4.69698259218812,9.4,520.296875,False
1773586557.0057442,960,0,0,0,0,9.429855999769643,0.0,0.025592999008949846,4.69698259218812,9.4,520.296875,False
1773586557.2187421,961,0,0,0,0,9.4506530003855,0.0,0.02594499892438762,4.695596490088912,9.4,520.296875,False
1773586557.4316776,962,0,0,0,0,9.384725999552757,0.0,0.02601799860713072,4.695596490088912,9.4,520.296875,False
1773586557.6440318,963,0,0,0,0,8.880630997737171,0.0,0.0256669991358649,4.695596490088912,23.5,520.296875,False
1773586557.8570364,964,0,0,0,0,9.484615999099333,0.0,0.025295998057117686,4.695596490088912,9.4,520.296875,False
1773586558.0701203,965,0,0,0,0,9.463318998314207,0.0,0.025722001737449318,4.695596490088912,9.4,520.296875,False
1773586558.282972,966,0,0,0,0,9.379208000609651,0.0,0.02635200144140981,4.698240046311387,9.4,520.296875,False
1773586558.4958296,967,0,0,0,0,9.39561600171146,0.0,0.027277998015051708,4.698240046311387,9.4,520.296875,False
1773586558.7088552,968,0,0,0,0,9.381633997691097,0.0,0.026166999305132776,4.698240046311387,18.8,520.296875,False
1773586558.9217463,969,0,0,0,0,9.424838000995805,0.0,0.025869998353300616,4.698240046311387,9.4,520.296875,False
1773586559.13475,970,0,0,0,0,9.477653002250008,0.0,0.025074001314351335,4.698240046311387,9.4,520.296875,False
1773586559.3476112,971,0,0,0,0,9.36535599976196,0.0,0.026277997676515952,4.696428263506739,9.4,520.3125,False
1773586559.560517,972,0,0,0,0,9.410041999217356,0.0,0.025610999728087336,4.696428263506739,9.4,520.3125,False
1773586559.773576,973,0,0,0,0,9.446172000025399,0.0,0.02603699977044016,4.696428263506739,18.8,520.3125,False
1773586559.9864926,974,0,0,0,0,9.439597997698002,0.0,0.025870998797472566,4.696428263506739,9.4,520.3125,False
1773586560.1994119,975,0,0,0,0,9.372133001306793,0.0,0.02518499968573451,4.696428263506739,9.4,520.3125,False
1773586560.412443,976,0,0,0,0,9.469504999287892,0.0,0.02599999788799323,4.695581771088956,9.4,520.3125,False
1773586560.6254554,977,0,0,0,0,9.454800998355495,0.0,0.025149001885438338,4.695581771088956,9.4,520.3125,False
1773586560.8383229,978,0,0,0,0,9.397486002853839,0.0,0.026166999305132776,4.695581771088956,18.8,520.3125,False
1773586561.0512338,979,0,0,0,0,9.38078200124437,0.0,0.02635200144140981,4.695581771088956,9.4,520.3125,False
1773586561.264137,980,0,0,0,0,9.361373999126954,0.0,0.027240999770583585,4.695581771088956,9.4,520.3125,False
1773586561.4770744,981,0,0,0,0,9.377856000355678,0.0,0.02711200068006292,4.696481902499413,9.4,520.3125,False
1773586561.6900454,982,0,0,0,0,9.429116002138471,0.0,0.026666999474400654,4.696481902499413,14.1,520.3125,False
1773586561.9031363,983,0,0,0,0,9.53941299667349,0.0,0.026407997211208567,4.696481902499413,14.1,520.3125,False
1773586562.1160579,984,0,0,0,0,9.371726999233942,0.0,0.025315002858405933,4.696481902499413,9.4,520.3125,False
1773586562.328974,985,0,0,0,0,9.362966997287003,0.0,0.025888999516610056,4.696481902499413,14.1,520.328125,False
1773586562.5418189,986,0,0,0,0,9.383042000990827,0.0,0.02494500222383067,4.6959340010466,9.4,520.328125,False
1773586562.7547827,987,0,0,0,0,9.40761499805376,0.0,0.027444999432191253,4.6959340010466,9.4,520.328125,False
1773586562.967925,988,0,0,0,0,9.478374999162043,0.0,0.02564899841672741,4.6959340010466,18.8,520.328125,False
1773586563.1808615,989,0,0,0,0,9.454281997022917,0.0,0.028130001737736166,4.6959340010466,9.4,520.328125,False
1773586563.3937345,990,0,0,0,0,9.434652998606907,0.0,0.024760000087553635,4.6959340010466,4.7,520.328125,False
1773586563.6067986,991,0,0,0,0,9.447485997952754,0.0,0.02575899998191744,4.694971013957404,14.1,520.328125,False
1773586563.8196793,992,0,0,0,0,9.353559002192924,0.0,0.025110999558819458,4.694971013957404,9.4,520.328125,False
1773586564.032662,993,0,0,0,0,9.412466999492608,0.0,0.02624099943204783,4.694971013957404,14.1,520.328125,False
1773586564.2456653,994,0,0,0,0,9.407059998920886,0.0,0.026112000341527164,4.694971013957404,9.4,520.328125,False
1773586564.4584858,995,0,0,0,0,9.369262999825878,0.0,0.024796001525828615,4.694971013957404,9.4,520.328125,False
1773586564.6714928,996,0,0,0,0,9.44426400019438,0.0,0.026277997676515952,4.696187429013662,9.4,520.328125,False
1773586564.8843446,997,0,0,0,0,9.36615300088306,0.0,0.026388999685877934,4.696187429013662,9.4,520.328125,False
1773586565.0973434,998,0,0,0,0,9.40904199887882,0.0,0.025518998882034793,4.696187429013662,18.8,520.328125,False
1773586565.3102632,999,0,0,0,0,9.357818998978473,0.0,0.02655500065884553,4.696187429013662,9.4,520.328125,False
1773586565.523219,1000,0,0,0,0,9.407892997842282,0.0,0.02637100260471925,4.696187429013662,9.4,520.328125,False
1773586565.7360306,1001,0,0,0,0,9.337837000202853,0.0,0.026944999262923375,4.696866877103303,14.1,520.328125,False
1773586565.9489832,1002,0,0,0,0,9.391948999109445,0.0,0.025610999728087336,4.696866877103303,9.4,520.328125,False
1773586566.161442,1003,0,0,0,0,8.900205000827555,0.0,0.025258999812649563,4.696866877103303,18.8,520.328125,False
1773586566.3742552,1004,0,0,0,0,9.390448998601642,0.0,0.0254259975918103,4.696866877103303,9.4,520.328125,False
1773586566.587089,1005,0,0,0,0,9.306392003054498,0.0,0.02664900239324197,4.696866877103303,9.4,520.328125,False
1773586566.8000164,1006,0,0,0,0,9.409245001734234,0.0,0.026648998755263165,4.699319152292618,9.4,520.328125,False
1773586567.0129857,1007,0,0,0,0,9.421522998309229,0.0,0.025352001102874056,4.699319152292618,9.4,520.328125,False
1773586567.2259502,1008,0,0,0,0,9.408301000803476,0.0,0.02592599776107818,4.699319152292618,18.8,520.328125,False
1773586567.4387605,1009,0,0,0,0,9.339559997897595,0.0,0.02548200063756667,4.699319152292618,9.4,520.328125,False
1773586567.6518922,1010,0,0,0,0,9.564264997607097,0.0,0.02579700230853632,4.699319152292618,9.4,520.328125,False
1773586567.8648837,1011,0,0,0,0,9.433744999114424,0.0,0.024721997760934755,4.695417765617793,9.4,520.328125,False
1773586568.077749,1012,0,0,0,0,9.410059999936493,0.0,0.026740999601315707,4.695417765617793,9.4,520.328125,False
1773586568.2906687,1013,0,0,0,0,9.438078999664867,0.0,0.025278000975959003,4.695417765617793,18.8,520.328125,False
1773586568.503686,1014,0,0,0,0,9.37020799756283,0.0,0.02524100273149088,4.695417765617793,9.4,520.328125,False
1773586568.7166948,1015,0,0,0,0,9.436319000087678,0.0,0.02618499638629146,4.695417765617793,14.1,520.328125,False
1773586568.929745,1016,0,0,0,0,9.512691001873463,0.0,0.026888999855145812,4.6954503555364795,9.4,520.328125,False
1773586569.1426618,1017,0,0,0,0,9.379762999742525,0.0,0.02607400165288709,4.6954503555364795,9.4,520.328125,False
1773586569.3556767,1018,0,0,0,0,9.377393002068857,0.0,0.026869998691836372,4.6954503555364795,18.8,520.328125,False
1773586569.568631,1019,0,0,0,0,9.343300000182353,0.0,0.026204001187579706,4.6954503555364795,4.7,520.328125,False
1773586569.7814913,1020,0,0,0,0,9.452244998101378,0.0,0.02535199746489525,4.6954503555364795,9.4,520.328125,False
1773586569.9945025,1021,0,0,0,0,9.406005003256723,0.0,0.026185000024270266,4.695926640477073,9.4,520.328125,False
1773586570.207438,1022,0,0,0,0,9.374690002005082,0.0,0.025334000383736566,4.695926640477073,14.1,520.328125,False
1773586570.4204502,1023,0,0,0,0,9.36905900016427,0.0,0.02599999788799323,4.695926640477073,14.1,520.328125,False
1773586570.6333125,1024,0,0,0,0,9.367504997499054,0.0,0.026425997930346057,4.695926640477073,14.1,520.328125,False
1773586570.846273,1025,0,0,0,0,9.401725998031907,0.0,0.024999997549457476,4.695926640477073,9.4,520.328125,False
1773586571.0591905,1026,0,0,0,0,9.358040999359218,0.0,0.02546299947425723,4.696247372408266,9.4,520.328125,False
1773586571.2721722,1027,0,0,0,0,9.363245000713505,0.0,0.02683300044736825,4.696247372408266,9.4,520.328125,False
1773586571.485109,1028,0,0,0,0,9.363745000882773,0.0,0.024999997549457476,4.696247372408266,18.8,520.328125,False
1773586571.6980762,1029,0,0,0,0,9.428003999346402,0.0,0.025369998184032738,4.696247372408266,9.4,520.328125,False
1773586571.9110258,1030,0,0,0,0,9.342651999759255,0.0,0.02544499875511974,4.696247372408266,9.4,520.328125,False
1773586572.123842,1031,0,0,0,0,9.352707998914411,0.0,0.025518998882034793,4.696375677448438,9.4,520.328125,False
1773586572.3367794,1032,0,0,0,0,9.3518009998661,0.0,0.02633400072227232,4.696375677448438,9.4,520.328125,False
1773586572.5497696,1033,0,0,0,0,9.44363400049042,0.0,0.02594399848021567,4.696375677448438,18.8,520.328125,False
1773586572.7627037,1034,0,0,0,0,9.387819001858588,0.0,0.026130001060664654,4.696375677448438,9.4,520.328125,False
1773586572.9756918,1035,0,0,0,0,9.434820000024047,0.0,0.02487099845893681,4.696375677448438,9.4,520.328125,False
1773586573.188567,1036,0,0,0,0,9.383467000589008,0.0,0.02607400165288709,4.696197945287997,14.1,520.328125,False
1773586573.40158,1037,0,0,0,0,9.401671999512473,0.0,0.02459299867041409,4.696197945287997,9.4,520.328125,False
1773586573.6145468,1038,0,0,0,0,9.489320000284351,0.0,0.026185000024270266,4.696197945287997,18.8,520.328125,False
1773586573.8274355,1039,0,0,0,0,9.337096998933703,0.0,0.026592999347485602,4.696197945287997,9.4,520.328125,False
1773586574.0404232,1040,0,0,0,0,9.504264002316631,0.0,0.025499997718725353,4.696197945287997,9.4,520.328125,False
1773586574.2534862,1041,0,0,0,0,9.43880100021488,0.0,0.026054996851598844,4.695042488510069,9.4,520.328125,False
1773586574.4664445,1042,0,0,0,0,9.406949000549503,0.0,0.02653800038387999,4.695042488510069,9.4,520.328125,False
1773586574.6789749,1043,0,0,0,0,8.988613000838086,0.0,0.026204001187579706,4.695042488510069,18.8,520.328125,False
1773586574.8918688,1044,0,0,0,0,9.372781998536084,0.0,0.02655600110301748,4.695042488510069,9.4,520.328125,False
1773586575.1046934,1045,0,0,0,0,9.323262998805149,0.0,0.024943998141679913,4.695042488510069,9.4,520.328125,False
1773586575.3177068,1046,0,0,0,0,9.400170998560498,0.0,0.02594499892438762,4.698285306163964,9.4,520.328125,False
1773586575.5305657,1047,0,0,0,0,9.40011499915272,0.0,0.02623999898787588,4.698285306163964,9.4,520.328125,False
1773586575.743516,1048,0,0,0,0,9.357263003039407,0.0,0.026462999812792987,4.698285306163964,18.8,520.328125,False
1773586575.9567523,1049,0,0,0,0,9.444022998650325,0.0,0.02603699977044016,4.698285306163964,4.7,520.328125,False
1773586576.1697314,1050,0,0,0,0,9.504579000349622,0.0,0.026166999305132776,4.698285306163964,9.4,520.328125,False
1773586576.3826358,1051,0,0,0,0,9.368134000396822,0.0,0.026519002858549356,4.695146550940551,9.4,520.328125,False
1773586576.5955682,1052,0,0,0,0,9.37081899974146,0.0,0.026926001737592742,4.695146550940551,14.1,520.328125,False
1773586576.8085802,1053,0,0,0,0,9.37143000192009,0.0,0.026944999262923375,4.695146550940551,18.8,520.328125,False
1773586577.0214136,1054,0,0,0,0,9.377077996759908,0.0,0.02603699977044016,4.695146550940551,9.4,520.328125,False
1773586577.2343247,1055,0,0,0,0,9.344336998765357,0.0,0.025574998289812356,4.695146550940551,9.4,520.34375,False
1773586577.4472866,1056,0,0,0,0,9.393246000399813,0.0,0.026388999685877934,4.696406177218818,9.4,520.359375,False
1773586577.6602206,1057,0,0,0,0,9.390375002112705,0.0,0.026462999812792987,4.696406177218818,9.4,520.359375,False
1773586577.8731837,1058,0,0,0,0,9.363355999084888,0.0,0.02577800114522688,4.696406177218818,18.8,520.359375,False
1773586578.08607,1059,0,0,0,0,9.368207000079565,0.0,0.025388999347342178,4.696406177218818,9.4,520.359375,False
1773586578.2990367,1060,0,0,0,0,9.364763001940446,0.0,0.02681499972823076,4.696406177218818,4.7,520.359375,False
