timestamp,frame_index,motion_regions,yolo_detections,confirmed_tracks,new_confirmations,time_mog2_ms,time_yolo_ms,time_tracker_ms,fps,cpu_percent,ram_mb,yolo_ran
1776349112.240105,0,0,0,0,0,10.243958000501152,0.0,0.02425000275252387,0.0,0.0,417.46875,False
1776349112.4290009,1,0,0,0,0,2.6657499984139577,0.0,0.0162090000230819,0.0,88.6,465.828125,False
1776349112.4573429,2,0,0,0,0,1.6563750032219104,0.0,0.01200000406242907,0.0,26.3,465.90625,False
1776349112.4786298,3,0,0,0,0,1.6497499964316376,0.0,0.010042000212706625,0.0,40.5,466.65625,False
1776349112.4946282,4,0,0,0,0,1.5962920006131753,0.0,0.00883299799170345,0.0,31.5,466.640625,False
1776349112.510347,5,0,0,0,0,1.5977919974830002,0.0,0.008999995770864189,0.0,30.2,466.640625,False
1776349112.5268831,6,0,0,0,0,1.6397919971495867,0.0,0.011542004358489066,0.0,42.6,466.65625,False
1776349112.54258,7,0,0,0,0,1.6582909956923686,0.0,0.010833995474968106,0.0,34.9,466.640625,False
1776349112.558986,8,0,0,0,0,1.6215830037253909,0.0,0.010875002772081643,0.0,33.8,466.640625,False
1776349112.575098,9,0,0,0,0,1.5872080039116554,0.0,0.009832998330239207,0.0,32.9,466.640625,False
1776349112.591199,10,0,0,0,0,1.6602079995209351,0.0,0.0109999964479357,0.0,32.2,466.640625,False
1776349112.607489,11,0,0,0,0,1.7791249993024394,0.0,0.013249999028630555,0.0,31.9,466.640625,False
1776349112.623908,12,0,0,0,0,1.8559169984655455,0.0,0.02458400558680296,0.0,33.0,466.640625,False
1776349112.640461,13,0,0,0,0,1.9447500017122366,0.0,0.011125004675704986,0.0,43.9,466.640625,False
1776349112.657237,14,0,0,0,0,2.013208002608735,0.0,0.010666000889614224,0.0,35.3,466.640625,False
1776349112.674471,15,0,0,0,0,2.111667003191542,0.0,0.01695800165180117,0.0,36.4,466.65625,False
1776349112.690807,16,0,0,0,0,2.0706669965875335,0.0,0.013707998732570559,0.0,38.3,466.640625,False
1776349112.719869,17,0,0,0,0,2.025875000981614,0.0,0.015041005099192262,0.0,32.8,468.3125,False
1776349112.737291,18,0,0,0,0,2.0513330018729903,0.0,0.014707999071106315,0.0,37.1,468.328125,False
1776349112.754837,19,0,0,0,0,2.1546249990933575,0.0,0.014500001270789653,0.0,60.8,468.328125,False
1776349112.772319,20,0,0,0,0,2.0892080065095797,0.0,0.01420799526385963,0.0,37.1,468.328125,False
1776349112.78984,21,0,0,0,0,2.178500006266404,0.0,0.013374999980442226,0.0,37.2,468.328125,False
1776349112.807302,22,0,0,0,0,2.411749999737367,0.0,0.011708005331456661,0.0,37.1,468.328125,False
1776349112.8258529,23,0,0,0,0,2.6294159979443066,0.0,0.01654100196901709,0.0,42.6,468.328125,False
1776349112.8441112,24,0,0,0,0,2.4770000018179417,0.0,0.017833001038525254,0.0,39.7,468.328125,False
1776349112.8619132,25,0,0,0,0,1.9291670032544062,0.0,0.017124999430961907,0.0,124.9,471.0625,False
1776349112.879168,26,0,0,0,0,1.8782080005621538,0.0,0.01599999814061448,0.0,42.2,471.09375,False
1776349112.895891,27,0,0,0,0,1.9077089964412153,0.0,0.015334000636357814,0.0,34.7,471.09375,False
1776349112.913468,28,0,0,0,0,1.972416001081001,0.0,0.014041004760656506,0.0,37.6,471.09375,False
1776349112.930573,29,0,0,0,0,2.0682080066762865,0.0,0.014415993064176291,0.0,35.7,470.84375,False
1776349112.948132,30,0,0,0,0,2.1689589993911795,0.0,0.016999998479150236,0.0,37.6,470.84375,False
1776349112.965801,31,0,0,0,0,2.239749999716878,0.0,0.023874999897088856,0.0,59.1,470.84375,False
1776349112.982808,32,0,0,0,0,1.8929579964606091,0.0,0.0182919975486584,0.0,71.5,471.375,False
1776349112.999984,33,0,0,0,0,2.1662910003215075,0.0,0.017833001038525254,0.0,36.0,471.375,False
1776349113.017482,34,0,0,0,0,2.0291670007281937,0.0,0.013541997759602964,0.0,37.8,471.390625,False
1776349113.034778,35,0,0,0,0,2.046707995759789,0.0,0.01375000283587724,0.0,36.6,471.375,False
1776349113.0518389,36,0,0,0,0,2.124749997165054,0.0,0.011582997103687376,0.0,35.6,471.375,False
1776349113.069161,37,0,0,0,0,2.1495839973795228,0.0,0.013583005056716502,0.0,49.0,471.375,False
1776349113.087114,38,0,0,0,0,2.3617080005351454,0.0,0.01279199932469055,0.0,38.8,471.375,False
1776349113.105061,39,0,0,0,0,2.311500000359956,0.0,0.015292003809008747,0.0,39.1,471.375,False
1776349113.1229298,40,0,0,0,0,2.2790410002926365,0.0,0.014292003470472991,0.0,38.6,471.375,False
1776349113.140482,41,0,0,0,0,2.1994580019963905,0.0,0.009875002433545887,0.0,38.1,471.375,False
1776349113.1579058,42,0,0,0,0,2.325375004147645,0.0,0.014875004126224667,0.0,37.0,471.375,False
1776349113.175803,43,0,0,0,0,2.2624580014962703,0.0,0.010667004971764982,0.0,50.6,471.375,False
1776349113.193036,44,0,0,0,0,2.239250003185589,0.0,0.009000003046821803,0.0,36.4,471.375,False
1776349113.210378,45,0,0,0,0,2.356166995014064,0.0,0.008208997314795852,0.0,37.2,471.375,False
1776349113.2279959,46,0,0,0,0,2.2682499984512106,0.0,0.011000003723893315,0.0,37.7,471.375,False
1776349113.24544,47,0,0,0,0,2.242916998511646,0.0,0.009916999260894954,46.362566442715625,37.1,471.375,False
1776349113.26267,48,0,0,0,0,2.2592919995076954,0.0,0.014332996215671301,46.362566442715625,37.0,471.375,False
1776349113.280459,49,0,0,0,0,2.237499997136183,0.0,0.013541997759602964,46.362566442715625,49.5,471.375,False
1776349113.2978911,50,0,0,0,0,2.2790410002926365,0.0,0.009791998309083283,46.362566442715625,37.1,471.375,False
1776349113.315328,51,0,0,0,0,2.2765840039937757,0.0,0.012416996469255537,46.362566442715625,37.0,471.375,False
1776349113.333211,52,0,0,0,0,2.254665996588301,0.0,0.011417003406677395,46.362566442715625,38.6,471.375,False
1776349113.3505259,53,0,0,0,0,2.216875000158325,0.0,0.007791000825818628,46.362566442715625,37.4,471.375,False
1776349113.368067,54,0,0,0,0,2.3018749998300336,0.0,0.01554200571263209,46.362566442715625,37.4,471.390625,False
1776349113.38604,55,0,0,0,0,2.2704590010107495,0.0,0.01279199932469055,46.362566442715625,50.3,471.390625,False
1776349113.404264,56,0,0,0,0,2.4351660031243227,0.0,0.013625001884065568,46.362566442715625,40.5,471.390625,False
1776349113.422575,57,0,0,0,0,2.1817499946337193,0.0,0.016915997548494488,46.362566442715625,40.1,471.390625,False
1776349113.439604,58,0,0,0,0,1.8943750037578866,0.0,0.01599999814061448,46.362566442715625,39.1,471.390625,False
1776349113.4572108,59,0,0,0,0,2.1924579996266402,0.0,0.016874997527338564,46.362566442715625,38.6,471.390625,False
1776349113.474296,60,0,0,0,0,2.251334000902716,0.0,0.009791998309083283,46.362566442715625,40.9,471.390625,False
1776349113.491852,61,0,0,0,0,2.2987499978626147,0.0,0.013916003808844835,46.362566442715625,49.4,471.390625,False
1776349113.509902,62,0,0,0,0,2.3002079979050905,0.0,0.01424999936716631,46.362566442715625,39.9,471.390625,False
1776349113.527711,63,0,0,0,0,2.282749999722,0.0,0.013666998711414635,46.362566442715625,38.4,471.390625,False
1776349113.54527,64,0,0,0,0,2.281124994624406,0.0,0.014958000974729657,46.362566442715625,38.0,471.390625,False
1776349113.5625799,65,0,0,0,0,2.3332920027314685,0.0,0.018874998204410076,46.362566442715625,39.5,471.390625,False
1776349113.5809941,66,0,0,0,0,2.4086670018732548,0.0,0.009458002750761807,46.362566442715625,52.2,471.390625,False
1776349113.598613,67,0,0,0,0,2.2977920016273856,0.0,0.009457995474804193,46.362566442715625,40.8,471.390625,False
1776349113.616514,68,0,0,0,0,2.332208001462277,0.0,0.01412499841535464,46.362566442715625,38.6,471.390625,False
1776349113.634104,69,0,0,0,0,2.237833003164269,0.0,0.009415998647455126,46.362566442715625,37.6,471.390625,False
1776349113.651735,70,0,0,0,0,2.321957996173296,0.0,0.016749996575526893,46.362566442715625,38.4,471.390625,False
1776349113.669835,71,0,0,0,0,2.2782079977332614,0.0,0.013165998097974807,46.362566442715625,39.5,471.390625,False
1776349113.6875432,72,0,0,0,0,2.2282499994616956,0.0,0.006916998245287687,46.362566442715625,50.1,471.390625,False
1776349113.705301,73,0,0,0,0,2.3297500010812655,0.0,0.0109999964479357,46.362566442715625,38.2,471.390625,False
1776349113.722962,74,0,0,0,0,2.3357079990091734,0.0,0.01020800118567422,46.362566442715625,38.3,471.390625,False
1776349113.740393,75,0,0,0,0,2.226584001618903,0.0,0.005832996976096183,46.362566442715625,37.1,471.390625,False
1776349113.757656,76,0,0,0,0,2.263082998979371,0.0,0.01133399928221479,46.362566442715625,36.5,471.390625,False
1776349113.775048,77,0,0,0,0,2.4901249998947605,0.0,0.009250004950445145,46.362566442715625,40.2,471.390625,False
1776349113.792507,78,0,0,0,0,2.302125001733657,0.0,0.006541995389852673,46.362566442715625,59.5,471.390625,False
1776349113.809909,79,0,0,0,0,2.2398750006686896,0.0,0.0049579975893720984,46.362566442715625,37.0,471.390625,False
1776349113.82768,80,0,0,0,0,2.412832996924408,0.0,0.013249999028630555,46.362566442715625,38.2,471.390625,False
1776349113.845689,81,0,0,0,0,2.2559170029126108,0.0,0.011165997420903295,46.362566442715625,39.1,471.390625,False
1776349113.8634722,82,0,0,0,0,2.503458999854047,0.0,0.011749994882848114,46.362566442715625,38.9,471.390625,False
1776349113.88138,83,0,0,0,0,2.354416996240616,0.0,0.012166994565632194,46.362566442715625,38.7,471.390625,False
1776349113.898975,84,0,0,0,0,2.2332919979817234,0.0,0.005875001079402864,46.362566442715625,38.7,471.390625,False
1776349113.917046,85,0,0,0,0,2.3969159956322983,0.0,0.012500000593718141,46.362566442715625,47.0,471.390625,False
1776349113.9342499,86,0,0,0,0,1.9706249950104393,0.0,0.00870799703989178,46.362566442715625,90.2,471.390625,False
1776349113.9510741,87,0,0,0,0,1.9483340001897886,0.0,0.008084003638941795,46.362566442715625,34.7,471.390625,False
1776349113.9682848,88,0,0,0,0,2.1204160002525896,0.0,0.011249998351559043,46.362566442715625,36.1,471.390625,False
1776349113.985622,89,0,0,0,0,2.1151659966562875,0.0,0.009415998647455126,46.362566442715625,37.2,471.390625,False
1776349114.002934,90,0,0,0,0,2.2551669972017407,0.0,0.007959002687130123,46.362566442715625,37.4,471.390625,False
1776349114.020572,91,0,0,0,0,2.2156249979161657,0.0,0.011040996469091624,46.362566442715625,37.7,471.390625,False
1776349114.038042,92,0,0,0,0,2.083833998767659,0.0,0.007833994459360838,46.362566442715625,47.3,471.390625,False
1776349114.0556421,93,0,0,0,0,2.283166002598591,0.0,0.01108299329644069,46.362566442715625,37.9,471.390625,False
1776349114.073395,94,0,0,0,0,2.3454170004697517,0.0,0.011000003723893315,46.362566442715625,38.2,471.40625,False
1776349114.090942,95,0,0,0,0,2.3108340028556995,0.0,0.009040995792020112,46.362566442715625,39.4,471.453125,False
1776349114.1081018,96,0,0,0,0,2.1195829976932146,0.0,0.010915995517279953,46.362566442715625,38.7,471.453125,False
1776349114.1253629,97,0,0,0,0,2.0145000016782433,0.0,0.012874996173195541,46.362566442715625,37.1,471.453125,False
1776349114.142228,98,0,0,0,0,1.8724580004345626,0.0,0.008333998266607523,46.362566442715625,45.3,471.453125,False
1776349114.158772,99,0,0,0,0,1.8811249974532984,0.0,0.009750001481734216,46.362566442715625,34.2,471.453125,False
1776349114.175554,100,0,0,0,0,1.9999580035801046,0.0,0.009957999282050878,46.362566442715625,36.1,471.453125,False
1776349114.191759,101,0,0,0,0,1.801167003577575,0.0,0.00837500556372106,46.362566442715625,34.7,471.453125,False
1776349114.20786,102,0,0,0,0,1.7594169985386543,0.0,0.009292001777794212,46.362566442715625,33.3,471.453125,False
1776349114.224458,103,0,0,0,0,1.8144170026062056,0.0,0.016375000996049494,46.362566442715625,34.7,471.453125,False
1776349114.240936,104,0,0,0,0,1.7575000019860454,0.0,0.01016599708236754,46.362566442715625,43.4,471.453125,False
1776349114.257194,105,0,0,0,0,1.7707079969113693,0.0,0.011374999303370714,57.30001775980546,33.1,471.453125,False
1776349114.275712,106,0,0,0,0,1.7723330020089634,0.0,0.012124997738283128,57.30001775980546,31.5,471.453125,False
1776349114.294205,107,0,0,0,0,1.7612920055398718,0.0,0.010792005923576653,57.30001775980546,29.4,471.453125,False
1776349114.31064,108,0,0,0,0,1.837583004089538,0.0,0.006666996341664344,57.30001775980546,35.5,471.453125,False
1776349114.3275461,109,0,0,0,0,1.8893329979619011,0.0,0.01412499841535464,57.30001775980546,35.4,471.453125,False
1776349114.344328,110,0,0,0,0,1.9003749985131435,0.0,0.010709001799114048,57.30001775980546,44.8,471.453125,False
1776349114.360978,111,0,0,0,0,1.9277079991297796,0.0,0.012042000889778137,57.30001775980546,34.5,471.453125,False
1776349114.378192,112,0,0,0,0,2.060124999843538,0.0,0.014666999049950391,57.30001775980546,36.4,471.453125,False
1776349114.3949828,113,0,0,0,0,1.967958000022918,0.0,0.006750000466126949,57.30001775980546,34.6,471.453125,False
1776349114.411623,114,0,0,0,0,2.029165996646043,0.0,0.004208995960652828,57.30001775980546,35.1,471.453125,False
1776349114.428519,115,0,0,0,0,2.152583001588937,0.0,0.010833005944732577,57.30001775980546,35.7,471.453125,False
1776349114.4458601,116,0,0,0,0,2.120584002113901,0.0,0.0106250008684583,57.30001775980546,49.4,471.453125,False
1776349114.463098,117,0,0,0,0,2.2415830026147887,0.0,0.01237499964190647,57.30001775980546,36.3,471.453125,False
1776349114.480713,118,0,0,0,0,2.24312500358792,0.0,0.011249998351559043,57.30001775980546,37.8,471.453125,False
1776349114.497888,119,0,0,0,0,2.2546250038431026,0.0,0.006374997610691935,57.30001775980546,36.1,471.453125,False
1776349114.515181,120,0,0,0,0,2.2852080001030117,0.0,0.00904199987417087,57.30001775980546,38.3,471.453125,False
1776349114.533002,121,0,0,0,0,2.2715839950251393,0.0,0.01049999991664663,57.30001775980546,39.0,471.453125,False
1776349114.551483,122,0,0,0,0,2.095207993988879,0.0,0.007541995728388429,57.30001775980546,45.3,471.453125,False
1776349114.56834,123,0,0,0,0,2.279790998727549,0.0,0.016625002899672836,57.30001775980546,39.3,471.453125,False
1776349114.586344,124,0,0,0,0,2.2771670046495274,0.0,0.014375000318977982,57.30001775980546,39.9,471.453125,False
1776349114.6038232,125,0,0,0,0,2.2154590042191558,0.0,0.008499999239575118,57.30001775980546,37.8,471.453125,False
1776349114.621652,126,0,0,0,0,2.1878749976167455,0.0,0.013582997780758888,57.30001775980546,40.4,471.453125,False
1776349114.6394591,127,0,0,0,0,2.224916002887767,0.0,0.009957999282050878,57.30001775980546,38.9,471.453125,False
1776349114.656748,128,0,0,0,0,2.1172080014366657,0.0,0.009625000529922545,57.30001775980546,48.4,471.453125,False
1776349114.677016,129,0,0,0,0,2.1292910023475997,0.0,0.015417004760820419,57.30001775980546,35.9,471.453125,False
1776349114.69408,130,0,0,0,0,2.005207999900449,0.0,0.009957999282050878,57.30001775980546,37.1,471.453125,False
1776349114.711732,131,0,0,0,0,2.382624996243976,0.0,0.016041994967963547,57.30001775980546,38.1,471.453125,False
1776349114.7304199,132,0,0,0,0,2.1883329973206855,0.0,0.014792000001762062,57.30001775980546,43.6,471.46875,False
1776349114.7479901,133,0,0,0,0,2.205625001806766,0.0,0.015165998775046319,57.30001775980546,65.8,471.46875,False
1776349114.7650921,134,0,0,0,0,2.1047499976702966,0.0,0.012416996469255537,57.30001775980546,36.5,471.46875,False
1776349114.7826471,135,0,0,0,0,2.185375000408385,0.0,0.01270900247618556,57.30001775980546,38.7,471.46875,False
1776349114.79998,136,0,0,0,0,2.2461660046246834,0.0,0.009292001777794212,57.30001775980546,36.6,471.46875,False
1776349114.8172631,137,0,0,0,0,2.2551670044776984,0.0,0.011249998351559043,57.30001775980546,37.6,471.46875,False
1776349114.835093,138,0,0,0,0,2.304000001458917,0.0,0.009625000529922545,57.30001775980546,39.2,471.46875,False
1776349114.8524008,139,0,0,0,0,2.4757919964031316,0.0,0.010042000212706625,57.30001775980546,39.6,471.46875,False
1776349114.870192,140,0,0,0,0,2.4299170036101714,0.0,0.016542006051167846,57.30001775980546,41.1,471.46875,False
1776349114.8883672,141,0,0,0,0,2.2549159984919243,0.0,0.029709000955335796,57.30001775980546,43.7,471.46875,False
1776349114.9048572,142,0,0,0,0,2.085958003590349,0.0,0.024374996428377926,57.30001775980546,46.6,471.46875,False
1776349114.922053,143,0,0,0,0,2.0593750014086254,0.0,0.01512500602984801,57.30001775980546,37.5,471.46875,False
1776349114.939299,144,0,0,0,0,2.1891670039622113,0.0,0.00979100150289014,57.30001775980546,38.1,471.46875,False
1776349114.956404,145,0,0,0,0,2.1271250006975606,0.0,0.010458003089297563,57.30001775980546,36.7,471.46875,False
1776349114.9741042,146,0,0,0,0,2.2783330059610307,0.0,0.011582997103687376,57.30001775980546,56.4,471.46875,False
1776349114.991356,147,0,0,0,0,2.033999997365754,0.0,0.010332994861528277,57.30001775980546,73.5,471.53125,False
1776349115.008346,148,0,0,0,0,2.1298339997883886,0.0,0.010083000233862549,57.30001775980546,36.4,471.53125,False
1776349115.0259771,149,0,0,0,0,2.129667002009228,0.0,0.013417004083748907,57.30001775980546,39.1,471.53125,False
1776349115.043437,150,0,0,0,0,2.2481249980046414,0.0,0.0077500008046627045,57.30001775980546,38.2,471.53125,False
1776349115.0606341,151,0,0,0,0,2.332166004634928,0.0,0.012916003470309079,57.30001775980546,39.2,471.53125,False
1776349115.077916,152,0,0,0,0,2.4350830062758178,0.0,0.014208999346010387,57.30001775980546,52.6,471.53125,False
1776349115.095758,153,0,0,0,0,2.4034999951254576,0.0,0.009917006536852568,57.30001775980546,39.3,471.53125,False
1776349115.113121,154,0,0,0,0,2.291457996761892,0.0,0.013332995877135545,57.30001775980546,37.4,471.53125,False
1776349115.130945,155,0,0,0,0,2.2842500038677827,0.0,0.012042000889778137,57.30001775980546,40.3,471.53125,False
1776349115.148257,156,0,0,0,0,2.1647920002578758,0.0,0.007166003342717886,57.30001775980546,38.0,471.53125,False
1776349115.1658611,157,0,0,0,0,2.231665996077936,0.0,0.013666998711414635,57.30001775980546,38.0,471.53125,False
1776349115.1833532,158,0,0,0,0,2.098625001963228,0.0,0.008417002391070127,57.30001775980546,48.1,471.53125,False
1776349115.2005482,159,0,0,0,0,2.232541002740618,0.0,0.007041999197099358,57.30001775980546,36.2,471.53125,False
1776349115.217823,160,0,0,0,0,2.299750005477108,0.0,0.012542004697024822,57.30001775980546,36.4,471.53125,False
1776349115.235704,161,0,0,0,0,2.2795420009060763,0.0,0.01091699959943071,57.30001775980546,39.5,471.53125,False
1776349115.253758,162,0,0,0,0,2.4012919966480695,0.0,0.006082998879719526,57.30001775980546,39.8,471.53125,False
1776349115.273267,163,0,0,0,0,2.322874999663327,0.0,0.01720899308566004,57.11585776869111,43.0,471.53125,False
1776349115.294361,164,0,0,0,0,2.2880000033183023,0.0,0.012459000572562218,57.11585776869111,59.8,471.578125,False
1776349115.311908,165,0,0,0,0,2.40545799897518,0.0,0.013541997759602964,57.11585776869111,37.3,471.578125,False
1776349115.3298109,166,0,0,0,0,2.2830000016256236,0.0,0.013500000932253897,57.11585776869111,40.8,471.578125,False
1776349115.347498,167,0,0,0,0,2.2368339996319264,0.0,0.007374997949227691,57.11585776869111,39.2,471.578125,False
1776349115.364911,168,0,0,0,0,2.2337080008583143,0.0,0.008417002391070127,57.11585776869111,36.8,471.578125,False
1776349115.3827178,169,0,0,0,0,2.313416996912565,0.0,0.009292001777794212,57.11585776869111,50.8,471.578125,False
1776349115.400285,170,0,0,0,0,2.227083998150192,0.0,0.008041999535635114,57.11585776869111,37.4,471.578125,False
1776349115.417929,171,0,0,0,0,2.4161659966921434,0.0,0.013582997780758888,57.11585776869111,37.6,471.578125,False
1776349115.4360251,172,0,0,0,0,2.343041996937245,0.0,0.01237499964190647,57.11585776869111,39.3,471.578125,False
1776349115.453929,173,0,0,0,0,2.336707999347709,0.0,0.008791997970547527,57.11585776869111,39.5,471.578125,False
1776349115.472029,174,0,0,0,0,2.274749997013714,0.0,0.01133399928221479,57.11585776869111,39.8,471.578125,False
1776349115.4901419,175,0,0,0,0,2.3540420006611384,0.0,0.008499999239575118,57.11585776869111,50.5,472.453125,False
1776349115.50814,176,0,0,0,0,2.470917002938222,0.0,0.012875003449153155,57.11585776869111,38.9,472.453125,False
1776349115.526122,177,0,0,0,0,2.2850409950478934,0.0,0.011208001524209976,57.11585776869111,39.3,472.453125,False
1776349115.543675,178,0,0,0,0,2.2319170020637102,0.0,0.00650000583846122,57.11585776869111,38.0,472.453125,False
1776349115.561399,179,0,0,0,0,2.442791999783367,0.0,0.012417003745213151,57.11585776869111,39.7,472.453125,False
1776349115.579469,180,0,0,0,0,2.352041999984067,0.0,0.011250005627516657,57.11585776869111,40.8,472.453125,False
1776349115.597155,181,0,0,0,0,2.3687499997322448,0.0,0.007499998901039362,57.11585776869111,46.2,472.453125,False
1776349115.6147041,182,0,0,0,0,2.2592919995076954,0.0,0.006666996341664344,57.11585776869111,43.4,472.453125,False
1776349115.63244,183,0,0,0,0,2.2627500002272427,0.0,0.011707998055499047,57.11585776869111,39.5,472.453125,False
1776349115.650133,184,0,0,0,0,2.247291005915031,0.0,0.005333000444807112,57.11585776869111,39.7,472.453125,False
1776349115.667538,185,0,0,0,0,2.277457999298349,0.0,0.009625000529922545,57.11585776869111,37.8,472.453125,False
1776349115.685547,186,0,0,0,0,2.280665998114273,0.0,0.012707998394034803,57.11585776869111,39.9,472.453125,False
1776349115.703525,187,0,0,0,0,2.2547920016222633,0.0,0.008666997018735856,57.11585776869111,50.2,472.453125,False
1776349115.721004,188,0,0,0,0,2.291915996465832,0.0,0.009916002454701811,57.11585776869111,38.0,472.453125,False
1776349115.7390258,189,0,0,0,0,2.3473330002161674,0.0,0.008625000191386789,57.11585776869111,39.7,472.453125,False
1776349115.756628,190,0,0,0,0,2.2331250002025627,0.0,0.007124996045604348,57.11585776869111,38.1,472.453125,False
1776349115.7743769,191,0,0,0,0,2.284333997522481,0.0,0.011791998986154795,57.11585776869111,43.6,472.46875,False
1776349115.792398,192,0,0,0,0,2.2698750035488047,0.0,0.010000003385357559,57.11585776869111,39.0,472.46875,False
1776349115.809925,193,0,0,0,0,2.312375007022638,0.0,0.009583003702573478,57.11585776869111,59.0,472.46875,False
1776349115.827899,194,0,0,0,0,2.2964579984545708,0.0,0.011083000572398305,57.11585776869111,40.8,472.46875,False
1776349115.845403,195,0,0,0,0,2.2386669952538796,0.0,0.00875000114319846,57.11585776869111,37.9,472.46875,False
1776349115.8627148,196,0,0,0,0,2.2552080044988543,0.0,0.005249996320344508,57.11585776869111,37.9,472.46875,False
1776349115.880039,197,0,0,0,0,2.205249998951331,0.0,0.013042001228313893,57.11585776869111,37.2,472.46875,False
1776349115.897012,198,0,0,0,0,1.993541001866106,0.0,0.012375006917864084,57.11585776869111,39.7,472.46875,False
1776349115.9131079,199,0,0,0,0,1.9968339984188788,0.0,0.012832999345846474,57.11585776869111,42.9,472.46875,False
1776349115.9302819,200,0,0,0,0,1.8824580038199201,0.0,0.012249998690094799,57.11585776869111,41.4,472.46875,False
1776349115.946888,201,0,0,0,0,1.888292004878167,0.0,0.00875000114319846,57.11585776869111,37.5,472.46875,False
1776349115.963377,202,0,0,0,0,1.7406659972039051,0.0,0.004292000085115433,57.11585776869111,80.6,472.46875,False
1776349115.979797,203,0,0,0,0,1.8930840014945716,0.0,0.009458002750761807,57.11585776869111,33.4,472.46875,False
1776349115.996696,204,0,0,0,0,1.919957998325117,0.0,0.011040996469091624,57.11585776869111,34.5,472.46875,False
1776349116.013398,205,0,0,0,0,1.9767499979934655,0.0,0.010958996426779777,57.11585776869111,34.1,472.484375,False
1776349116.030538,206,0,0,0,0,2.020583000557963,0.0,0.01158300437964499,57.11585776869111,37.1,472.484375,False
1776349116.047553,207,0,0,0,0,1.9998330026282929,0.0,0.009458002750761807,57.11585776869111,36.0,472.484375,False
1776349116.064427,208,0,0,0,0,2.0447079950827174,0.0,0.010083000233862549,57.11585776869111,45.9,472.484375,False
1776349116.081763,209,0,0,0,0,2.1052079973742366,0.0,0.0118750031106174,57.11585776869111,39.6,472.484375,False
1776349116.099,210,0,0,0,0,2.097707998473197,0.0,0.0070829992182552814,57.11585776869111,36.9,472.484375,False
1776349116.116135,211,0,0,0,0,2.135458002157975,0.0,0.012083997717127204,57.11585776869111,36.7,472.484375,False
1776349116.1336782,212,0,0,0,0,2.126375002262648,0.0,0.009916002454701811,57.11585776869111,38.7,472.484375,False
1776349116.15108,213,0,0,0,0,2.0985000010114163,0.0,0.008833005267661065,57.11585776869111,38.0,472.484375,False
1776349116.1688478,214,0,0,0,0,2.2144579997984692,0.0,0.012208001862745732,57.11585776869111,51.1,472.484375,False
1776349116.186629,215,0,0,0,0,2.212790997873526,0.0,0.011042000551242381,57.11585776869111,39.0,472.484375,False
1776349116.203916,216,0,0,0,0,2.2360419970937073,0.0,0.007624999852851033,57.11585776869111,36.4,472.484375,False
1776349116.22195,217,0,0,0,0,2.301374996022787,0.0,0.00883299799170345,57.11585776869111,39.4,472.5,False
1776349116.239928,218,0,0,0,0,2.3548750032205135,0.0,0.009208997653331608,57.11585776869111,39.1,472.5,False
1776349116.257344,219,0,0,0,0,2.2446670045610517,0.0,0.009165996743831784,57.11585776869111,37.7,472.5,False
1776349116.2746282,220,0,0,0,0,2.2705000010319054,0.0,0.009250004950445145,56.91655828549921,47.9,472.5,False
1776349116.292178,221,0,0,0,0,2.263208996737376,0.0,0.010791998647619039,56.91655828549921,39.6,472.5,False
1776349116.309674,222,0,0,0,0,2.324583998415619,0.0,0.010208997991867363,56.91655828549921,38.1,472.5,False
1776349116.327438,223,0,0,0,0,2.2727079995092936,0.0,0.01120899833040312,56.91655828549921,39.1,472.5,False
1776349116.345098,224,0,0,0,0,2.279667001857888,0.0,0.007167000148911029,56.91655828549921,38.4,472.5,False
1776349116.362742,225,0,0,0,0,2.293542005645577,0.0,0.005000001692678779,56.91655828549921,38.1,472.5,False
1776349116.3803148,226,0,0,0,0,2.334124998014886,0.0,0.0077500008046627045,56.91655828549921,50.8,472.5,False
1776349116.398012,227,0,0,0,0,2.2562089943676256,0.0,0.006166999810375273,56.91655828549921,39.5,472.5,False
1776349116.4155688,228,0,0,0,0,2.274750004289672,0.0,0.010042000212706625,56.91655828549921,38.1,472.515625,False
1776349116.433488,229,0,0,0,0,2.2905420046299696,0.0,0.010666997695807368,56.91655828549921,40.0,472.515625,False
1776349116.4510121,230,0,0,0,0,2.2433340054703876,0.0,0.006417001713998616,56.91655828549921,37.8,472.515625,False
1776349116.468656,231,0,0,0,0,2.3203329983516596,0.0,0.00875000114319846,56.91655828549921,53.7,472.515625,False
1776349116.486732,232,0,0,0,0,2.2662910050712526,0.0,0.008666000212542713,56.91655828549921,41.7,472.515625,False
1776349116.504321,233,0,0,0,0,2.271167002618313,0.0,0.010124997061211616,56.91655828549921,38.2,472.515625,False
1776349116.522142,234,0,0,0,0,2.301583001099061,0.0,0.008875002095010132,56.91655828549921,39.3,472.515625,False
1776349116.540083,235,0,0,0,0,2.3406249965773895,0.0,0.0076669966802001,56.91655828549921,40.9,472.515625,False
1776349116.5580149,236,0,0,0,0,2.581624998128973,0.0,0.015124998753890395,56.91655828549921,38.6,472.515625,False
1776349116.576247,237,0,0,0,0,2.2969999990891665,0.0,0.016582998796366155,56.91655828549921,52.7,472.515625,False
1776349116.5941162,238,0,0,0,0,2.272999998240266,0.0,0.00912499672267586,56.91655828549921,40.5,472.515625,False
1776349116.6114671,239,0,0,0,0,2.2354999964591116,0.0,0.005916997906751931,56.91655828549921,37.3,472.515625,False
1776349116.628918,240,0,0,0,0,2.25612499343697,0.0,0.012667005648836493,56.91655828549921,37.9,472.515625,False
1776349116.646764,241,0,0,0,0,2.275959006510675,0.0,0.010124997061211616,56.91655828549921,39.2,472.515625,False
1776349116.664324,242,0,0,0,0,2.28229200001806,0.0,0.009666997357271612,56.91655828549921,38.4,472.515625,False
1776349116.6812649,243,0,0,0,0,2.2949590056668967,0.0,0.010832998668774962,56.91655828549921,52.8,472.515625,False
1776349116.698804,244,0,0,0,0,2.248625001811888,0.0,0.005917005182709545,56.91655828549921,38.3,472.515625,False
1776349116.7162318,245,0,0,0,0,2.2802910025347956,0.0,0.009458002750761807,56.91655828549921,36.9,472.515625,False
1776349116.734338,246,0,0,0,0,2.455915993778035,0.0,0.011250005627516657,56.91655828549921,39.7,472.515625,False
1776349116.752044,247,0,0,0,0,2.247333999548573,0.0,0.006374997610691935,56.91655828549921,38.8,472.515625,False
1776349116.769702,248,0,0,0,0,2.26483400183497,0.0,0.009750001481734216,56.91655828549921,38.2,472.515625,False
1776349116.787601,249,0,0,0,0,2.255874998809304,0.0,0.009875002433545887,56.91655828549921,62.4,472.515625,False
1776349116.8057458,250,0,0,0,0,2.354208001634106,0.0,0.008708004315849394,56.91655828549921,40.8,472.515625,False
1776349116.826824,251,0,0,0,0,2.3446669947588816,0.0,0.012750002497341484,56.91655828549921,39.0,472.59375,False
1776349116.844418,252,0,0,0,0,2.160125004593283,0.0,0.012459000572562218,56.91655828549921,38.3,472.59375,False
1776349116.8620129,253,0,0,0,0,2.239500005089212,0.0,0.012459000572562218,56.91655828549921,38.7,472.59375,False
1776349116.880165,254,0,0,0,0,2.2663330018986017,0.0,0.018917002307716757,56.91655828549921,41.8,472.59375,False
1776349116.898137,255,0,0,0,0,2.414082999166567,0.0,0.012958000297658145,56.91655828549921,40.2,472.59375,False
1776349116.915188,256,0,0,0,0,2.1033329976489767,0.0,0.014041994290892035,56.91655828549921,42.8,472.59375,False
1776349116.932727,257,0,0,0,0,1.9462499985820614,0.0,0.015082994650583714,56.91655828549921,44.3,472.59375,False
1776349116.9498088,258,0,0,0,0,2.0332080021034926,0.0,0.009999996109399945,56.91655828549921,36.1,472.59375,False
1776349116.966466,259,0,0,0,0,2.179458002501633,0.0,0.015249999705702066,56.91655828549921,39.5,472.59375,False
1776349116.986515,260,0,0,0,0,2.151583001250401,0.0,0.013500000932253897,56.91655828549921,36.3,472.59375,False
1776349117.004562,261,0,0,0,0,2.138625000952743,0.0,0.010000003385357559,56.91655828549921,41.0,472.609375,False
1776349117.022329,262,0,0,0,0,2.041958003246691,0.0,0.035707998904399574,56.91655828549921,70.0,472.609375,False
1776349117.039478,263,0,0,0,0,2.1767919970443472,0.0,0.01108299329644069,56.91655828549921,57.4,472.609375,False
1776349117.05695,264,0,0,0,0,2.3336670055869035,0.0,0.013249999028630555,56.91655828549921,38.2,472.609375,False
1776349117.074878,265,0,0,0,0,2.154999994672835,0.0,0.015541001630481333,56.91655828549921,39.3,472.609375,False
1776349117.092216,266,0,0,0,0,2.160584001103416,0.0,0.014542005374096334,56.91655828549921,41.5,472.609375,False
1776349117.109319,267,0,0,0,0,2.1180830008233897,0.0,0.01029099803417921,56.91655828549921,38.0,472.609375,False
1776349117.127409,268,0,0,0,0,2.165958001569379,0.0,0.014208002539817244,56.91655828549921,51.8,472.609375,False
1776349117.14479,269,0,0,0,0,2.1308340001269244,0.0,0.009957999282050878,56.91655828549921,37.8,472.609375,False
1776349117.1622772,270,0,0,0,0,2.194250002503395,0.0,0.015791003534104675,56.91655828549921,38.4,472.609375,False
1776349117.17988,271,0,0,0,0,2.1282089946907945,0.0,0.013582997780758888,56.91655828549921,38.2,472.609375,False
1776349117.197439,272,0,0,0,0,2.179833005357068,0.0,0.013500000932253897,56.91655828549921,39.6,472.609375,False
1776349117.214539,273,0,0,0,0,2.13154199445853,0.0,0.0072920011007227,56.91655828549921,36.7,472.625,False
1776349117.231689,274,0,0,0,0,2.155083006073255,0.0,0.011458003427833319,56.91655828549921,48.2,472.609375,False
1776349117.2490938,275,0,0,0,0,2.1277909982018173,0.0,0.011167001503054053,56.91655828549921,37.3,472.609375,False
1776349117.2688901,276,0,0,0,0,2.196917004766874,0.0,0.009250004950445145,56.91655828549921,32.2,472.609375,False
1776349117.286301,277,0,0,0,0,2.1675419993698597,0.0,0.014582998119294643,56.33875931653161,40.0,472.609375,False
1776349117.303851,278,0,0,0,0,2.0975419975002296,0.0,0.00833300146041438,56.33875931653161,37.8,472.609375,False
1776349117.321235,279,0,0,0,0,2.270249999128282,0.0,0.015167002857197076,56.33875931653161,38.3,472.609375,False
1776349117.339263,280,0,0,0,0,2.426083003228996,0.0,0.010042000212706625,56.33875931653161,52.4,472.5625,False
1776349117.35701,281,0,0,0,0,2.311583004484419,0.0,0.031958996260073036,56.33875931653161,38.0,472.5625,False
1776349117.3752902,282,0,0,0,0,2.4020420023589395,0.0,0.011416996130719781,56.33875931653161,40.8,472.5625,False
1776349117.392917,283,0,0,0,0,2.2740420026821084,0.0,0.011208001524209976,56.33875931653161,38.6,472.5625,False
1776349117.410291,284,0,0,0,0,2.3261669994099066,0.0,0.008416995115112513,56.33875931653161,37.6,472.5625,False
1776349117.4283588,285,0,0,0,0,2.3998329997994006,0.0,0.009249997674487531,56.33875931653161,53.5,472.578125,False
1776349117.445087,286,0,0,0,0,2.261333000205923,0.0,0.007457994797732681,56.33875931653161,43.2,472.578125,False
1776349117.462243,287,0,0,0,0,2.231832993857097,0.0,0.008041999535635114,56.33875931653161,36.7,472.578125,False
1776349117.479628,288,0,0,0,0,2.3149170010583475,0.0,0.016291000065393746,56.33875931653161,37.4,472.578125,False
1776349117.497803,289,0,0,0,0,2.3082089974195696,0.0,0.012999997125007212,56.33875931653161,41.5,472.59375,False
1776349117.5151381,290,0,0,0,0,2.267083000333514,0.0,0.00912499672267586,56.33875931653161,37.2,472.59375,False
1776349117.535241,291,0,0,0,0,2.1396250012912787,0.0,0.012084004993084818,56.33875931653161,47.2,472.59375,False
1776349117.552911,292,0,0,0,0,2.1038749982835725,0.0,0.00979100150289014,56.33875931653161,38.7,472.59375,False
1776349117.570112,293,0,0,0,0,2.136750001227483,0.0,0.010249998013023287,56.33875931653161,36.0,472.59375,False
1776349117.587554,294,0,0,0,0,2.130500004568603,0.0,0.010458003089297563,56.33875931653161,36.9,472.59375,False
1776349117.605223,295,0,0,0,0,2.3749159954604693,0.0,0.0072499969974160194,56.33875931653161,38.2,472.59375,False
1776349117.622748,296,0,0,0,0,2.381667000008747,0.0,0.012583004718180746,56.33875931653161,38.0,472.59375,False
1776349117.641065,297,0,0,0,0,2.303916000528261,0.0,0.01020800118567422,56.33875931653161,51.0,472.59375,False
1776349117.658426,298,0,0,0,0,2.2452080011134967,0.0,0.008625000191386789,56.33875931653161,36.9,472.59375,False
1776349117.6761432,299,0,0,0,0,2.2952080034883693,0.0,0.010708004992920905,56.33875931653161,37.9,472.59375,False
1776349117.693666,300,0,0,0,0,2.25220900028944,0.0,0.007959002687130123,56.33875931653161,37.9,472.59375,False
1776349117.711009,301,0,0,0,0,2.380457997787744,0.0,0.006708003638777882,56.33875931653161,36.6,472.59375,False
1776349117.72858,302,0,0,0,0,2.271665995067451,0.0,0.009417002729605883,56.33875931653161,38.5,472.609375,False
1776349117.746049,303,0,0,0,0,2.2449999960372224,0.0,0.006583999493159354,56.33875931653161,47.9,472.609375,False
1776349117.763268,304,0,0,0,0,2.2596249982598238,0.0,0.00908400397747755,56.33875931653161,36.7,472.609375,False
1776349117.780981,305,0,0,0,0,2.285875001689419,0.0,0.010957999620586634,56.33875931653161,39.0,472.609375,False
1776349117.7984629,306,0,0,0,0,2.2497910031233914,0.0,0.006542002665810287,56.33875931653161,37.8,472.609375,False
1776349117.815852,307,0,0,0,0,2.300708001712337,0.0,0.00695799826644361,56.33875931653161,37.8,472.609375,False
1776349117.8334699,308,0,0,0,0,2.279791995533742,0.0,0.008709001122042537,56.33875931653161,40.4,472.609375,False
1776349117.850961,309,0,0,0,0,2.2291249988484196,0.0,0.007875001756474376,56.33875931653161,60.1,472.609375,False
1776349117.868125,310,0,0,0,0,2.1169160027056932,0.0,0.016792000678833574,56.33875931653161,40.8,472.609375,False
1776349117.8861902,311,0,0,0,0,2.3198330018203706,0.0,0.009208000847138464,56.33875931653161,43.5,472.609375,False
1776349117.903878,312,0,0,0,0,1.9830419987556525,0.0,0.008540999260731041,56.33875931653161,38.2,472.609375,False
1776349117.921522,313,0,0,0,0,2.191333995142486,0.0,0.015249999705702066,56.33875931653161,38.6,472.609375,False
1776349117.9390662,314,0,0,0,0,2.3317079976550303,0.0,0.009333998605143279,56.33875931653161,38.1,472.609375,False
1776349117.956238,315,0,0,0,0,2.160208001441788,0.0,0.00912499672267586,56.33875931653161,36.4,472.609375,False
1776349117.9733472,316,0,0,0,0,2.1468330014613457,0.0,0.014166995242703706,56.33875931653161,35.7,472.609375,False
1776349117.991085,317,0,0,0,0,2.0000840013381094,0.0,0.012625001545529813,56.33875931653161,85.2,472.609375,False
1776349118.008217,318,0,0,0,0,1.9849169984809123,0.0,0.008584000170230865,56.33875931653161,36.9,472.609375,False
1776349118.024885,319,0,0,0,0,2.0000000004074536,0.0,0.011832999007310718,56.33875931653161,34.0,472.609375,False
1776349118.042162,320,0,0,0,0,2.1227089964668266,0.0,0.00945899955695495,56.33875931653161,37.2,472.609375,False
1776349118.0591412,321,0,0,0,0,2.0985000010114163,0.0,0.008249997335951775,56.33875931653161,35.9,472.609375,False
1776349118.076261,322,0,0,0,0,2.1123749975231476,0.0,0.012791002518497407,56.33875931653161,37.3,472.609375,False
1776349118.093876,323,0,0,0,0,2.128374995663762,0.0,0.011290998372714967,56.33875931653161,49.8,472.609375,False
1776349118.111167,324,0,0,0,0,2.240249996248167,0.0,0.008916998922359198,56.33875931653161,37.0,472.609375,False
1776349118.129259,325,0,0,0,0,2.4858330070856027,0.0,0.021874999220017344,56.33875931653161,40.4,472.609375,False
1776349118.147604,326,0,0,0,0,2.3213749955175444,0.0,0.009667004633229226,56.33875931653161,42.8,472.609375,False
1776349118.165313,327,0,0,0,0,2.296332997502759,0.0,0.012874996173195541,56.33875931653161,39.2,472.609375,False
1776349118.182573,328,0,0,0,0,2.2817079952801578,0.0,0.011250005627516657,56.33875931653161,39.9,472.609375,False
1776349118.203137,329,0,0,0,0,2.100833000440616,0.0,0.010915995517279953,56.33875931653161,41.8,472.609375,False
1776349118.220663,330,0,0,0,0,2.1384579958976246,0.0,0.01345800410490483,56.33875931653161,39.0,472.609375,False
1776349118.2382212,331,0,0,0,0,2.130540997313801,0.0,0.010666997695807368,56.33875931653161,38.3,472.609375,False
1776349118.255869,332,0,0,0,0,2.2131669975351542,0.0,0.006374997610691935,56.33875931653161,39.1,472.609375,False
1776349118.273193,333,0,0,0,0,2.3640409999643452,0.0,0.010958006896544248,56.33875931653161,38.1,472.609375,False
1776349118.290914,334,0,0,0,0,2.135875001840759,0.0,0.010374998964834958,56.734823826243954,48.1,472.609375,False
1776349118.308442,335,0,0,0,0,2.1496669942280278,0.0,0.00833300146041438,56.734823826243954,38.9,472.609375,False
1776349118.325635,336,0,0,0,0,2.240583999082446,0.0,0.006791000487282872,56.734823826243954,36.4,472.609375,False
1776349118.3426821,337,0,0,0,0,2.0698329972219653,0.0,0.00695799826644361,56.734823826243954,36.7,472.609375,False
1776349118.359592,338,0,0,0,0,2.1833330029039644,0.0,0.005375004548113793,56.734823826243954,36.2,472.609375,False
1776349118.376802,339,0,0,0,0,2.1900829960941337,0.0,0.00825000461190939,56.734823826243954,36.8,472.609375,False
1776349118.394206,340,0,0,0,0,2.1072080053272657,0.0,0.008457995136268437,56.734823826243954,51.5,472.609375,False
1776349118.411485,341,0,0,0,0,2.1127919972059317,0.0,0.006624999514315277,56.734823826243954,36.1,472.609375,False
1776349118.4289339,342,0,0,0,0,2.1929169961367734,0.0,0.010374998964834958,56.734823826243954,38.4,472.609375,False
1776349118.4464488,343,0,0,0,0,2.178542003093753,0.0,0.007208996976260096,56.734823826243954,37.6,472.609375,False
1776349118.4644978,344,0,0,0,0,2.402375001111068,0.0,0.014500001270789653,56.734823826243954,41.2,472.609375,False
1776349118.4824681,345,0,0,0,0,2.196249995904509,0.0,0.017082995327655226,56.734823826243954,38.8,472.609375,False
1776349118.4992158,346,0,0,0,0,2.011708995269146,0.0,0.013625001884065568,56.734823826243954,55.7,473.921875,False
1776349118.516704,347,0,0,0,0,2.2409579978557304,0.0,0.015833000361453742,56.734823826243954,37.9,473.921875,False
1776349118.534533,348,0,0,0,0,2.2947079996811226,0.0,0.013500000932253897,56.734823826243954,38.3,473.921875,False
1776349118.551038,349,0,0,0,0,2.2496660021715797,0.0,0.00916700082598254,56.734823826243954,39.3,473.921875,False
1776349118.5674372,350,0,0,0,0,2.2741669963579625,0.0,0.008499999239575118,56.734823826243954,38.8,473.921875,False
1776349118.585227,351,0,0,0,0,2.307917005964555,0.0,0.014375000318977982,56.734823826243954,38.4,473.9375,False
1776349118.603235,352,0,0,0,0,2.272875004564412,0.0,0.012124997738283128,56.734823826243954,40.6,473.921875,False
1776349118.62114,353,0,0,0,0,2.3583330039400607,0.0,0.011042000551242381,56.734823826243954,50.8,473.921875,False
1776349118.639421,354,0,0,0,0,2.344957996683661,0.0,0.010416995792184025,56.734823826243954,41.0,473.921875,False
1776349118.657074,355,0,0,0,0,2.260375003970694,0.0,0.00795899541117251,56.734823826243954,37.7,473.921875,False
1776349118.6745741,356,0,0,0,0,2.2704580042045563,0.0,0.012208001862745732,56.734823826243954,37.4,473.921875,False
1776349118.6925702,357,0,0,0,0,2.445750003971625,0.0,0.011249998351559043,56.734823826243954,38.9,473.921875,False
1776349118.710306,358,0,0,0,0,2.480582996213343,0.0,0.0054580013966187835,56.734823826243954,52.9,473.921875,False
1776349118.728458,359,0,0,0,0,2.482709001924377,0.0,0.010083000233862549,56.734823826243954,39.4,473.921875,False
1776349118.746401,360,0,0,0,0,2.41529200138757,0.0,0.009250004950445145,56.734823826243954,38.7,473.921875,False
1776349118.764079,361,0,0,0,0,2.4835000003804453,0.0,0.008708004315849394,56.734823826243954,38.7,473.921875,False
1776349118.782179,362,0,0,0,0,2.4430420016869903,0.0,0.01091699959943071,56.734823826243954,39.8,473.921875,False
1776349118.799846,363,0,0,0,0,2.3096250006346963,0.0,0.008041999535635114,56.734823826243954,37.8,473.921875,False
1776349118.817418,364,0,0,0,0,2.4996659994940273,0.0,0.013292003131937236,56.734823826243954,63.2,473.921875,False
1776349118.835507,365,0,0,0,0,2.397333999397233,0.0,0.012583004718180746,56.734823826243954,39.2,473.921875,False
1776349118.853129,366,0,0,0,0,2.248584001790732,0.0,0.008291994163300842,56.734823826243954,38.5,473.921875,False
1776349118.870751,367,0,0,0,0,2.28558399976464,0.0,0.010791998647619039,56.734823826243954,39.0,473.921875,False
1776349118.889108,368,0,0,0,0,2.493959000275936,0.0,0.011083997378591448,56.734823826243954,40.0,473.921875,False
1776349118.9072561,369,0,0,0,0,2.530499994463753,0.0,0.014999997802078724,56.734823826243954,39.4,473.921875,False
1776349118.925347,370,0,0,0,0,2.3986659944057465,0.0,0.014957993698772043,56.734823826243954,39.1,473.9375,False
1776349118.942924,371,0,0,0,0,1.912250001623761,0.0,0.012665994290728122,56.734823826243954,41.2,473.9375,False
1776349118.959527,372,0,0,0,0,1.841125005739741,0.0,0.01091699959943071,56.734823826243954,37.8,473.9375,False
1776349118.9756029,373,0,0,0,0,2.016874997934792,0.0,0.0118750031106174,56.734823826243954,38.0,473.9375,False
1776349118.993498,374,0,0,0,0,2.38891600019997,0.0,0.012875003449153155,56.734823826243954,39.1,473.9375,False
1776349119.0108979,375,0,0,0,0,2.206832999945618,0.0,0.009000003046821803,56.734823826243954,37.0,473.9375,False
1776349119.028953,376,0,0,0,0,2.415791997918859,0.0,0.016624995623715222,56.734823826243954,39.0,473.9375,False
1776349119.047148,377,0,0,0,0,2.152125001884997,0.0,0.012500000593718141,56.734823826243954,91.9,473.9375,False
1776349119.064471,378,0,0,0,0,2.3346669986494817,0.0,0.008875002095010132,56.734823826243954,36.5,473.9375,False
1776349119.0824819,379,0,0,0,0,2.311584001290612,0.0,0.01195799995912239,56.734823826243954,39.8,473.9375,False
1776349119.100033,380,0,0,0,0,2.2542500009876676,0.0,0.008041999535635114,56.734823826243954,37.4,473.9375,False
1776349119.117545,381,0,0,0,0,2.332167001441121,0.0,0.011292002454865724,56.734823826243954,37.7,473.9375,False
1776349119.1356459,382,0,0,0,0,2.4469589989166707,0.0,0.013374999980442226,56.734823826243954,49.7,473.9375,False
1776349119.1536121,383,0,0,0,0,2.347334004298318,0.0,0.007041002390906215,56.734823826243954,39.4,473.9375,False
1776349119.170486,384,0,0,0,0,2.24266700388398,0.0,0.008416995115112513,56.734823826243954,39.4,473.9375,False
1776349119.1885738,385,0,0,0,0,2.3681249949731864,0.0,0.011500000255182385,56.734823826243954,41.8,473.9375,False
1776349119.206601,386,0,0,0,0,2.2991250007180497,0.0,0.009707997378427535,56.734823826243954,39.9,473.9375,False
1776349119.224071,387,0,0,0,0,2.282000001287088,0.0,0.011874995834659785,56.734823826243954,39.0,473.953125,False
1776349119.2419388,388,0,0,0,0,2.2612499960814603,0.0,0.010042000212706625,56.734823826243954,53.4,473.953125,False
1776349119.2594292,389,0,0,0,0,2.243709001049865,0.0,0.008540999260731041,56.734823826243954,37.8,473.953125,False
1776349119.2768168,390,0,0,0,0,2.314125005796086,0.0,0.012125005014240742,56.734823826243954,38.7,473.953125,False
1776349119.294543,391,0,0,0,0,2.277040999615565,0.0,0.008458999218419194,56.80237078740582,39.5,473.953125,False
1776349119.312059,392,0,0,0,0,2.266791998408735,0.0,0.008874994819052517,56.80237078740582,37.8,473.953125,False
1776349119.329516,393,0,0,0,0,2.2804170002928004,0.0,0.010000003385357559,56.80237078740582,37.0,473.953125,False
1776349119.3471391,394,0,0,0,0,2.280125001561828,0.0,0.011042000551242381,56.80237078740582,48.9,473.953125,False
1776349119.364609,395,0,0,0,0,2.028916002018377,0.0,0.011125004675704986,56.80237078740582,37.4,473.953125,False
1776349119.381435,396,0,0,0,0,1.9093750015599653,0.0,0.011708005331456661,56.80237078740582,34.6,473.953125,False
1776349119.3984551,397,0,0,0,0,1.9153750035911798,0.0,0.009458002750761807,56.80237078740582,36.8,473.953125,False
1776349119.4149818,398,0,0,0,0,1.9812079990515485,0.0,0.0072499969974160194,56.80237078740582,34.4,473.953125,False
1776349119.431604,399,0,0,0,0,2.027750000706874,0.0,0.013291995855979621,56.80237078740582,33.8,473.953125,False
1776349119.448879,400,0,0,0,0,2.0365829986985773,0.0,0.0118750031106174,56.80237078740582,50.2,473.953125,False
1776349119.465915,401,0,0,0,0,2.250165998702869,0.0,0.008458002412226051,56.80237078740582,35.4,473.953125,False
1776349119.48351,402,0,0,0,0,2.1452909932122566,0.0,0.010584000847302377,56.80237078740582,38.2,473.953125,False
1776349119.500864,403,0,0,0,0,2.230208003311418,0.0,0.007333997928071767,56.80237078740582,37.5,473.953125,False
1776349119.518087,404,0,0,0,0,2.339292004762683,0.0,0.01058299676515162,56.80237078740582,36.1,473.953125,False
1776349119.535872,405,0,0,0,0,2.2727499963366427,0.0,0.010375006240792572,56.80237078740582,39.0,473.953125,False
1776349119.553544,406,0,0,0,0,2.2380000009434298,0.0,0.008292001439258456,56.80237078740582,49.0,473.96875,False
1776349119.57065,407,0,0,0,0,2.27416700363392,0.0,0.012124997738283128,56.80237078740582,38.3,473.96875,False
1776349119.588585,408,0,0,0,0,2.267083000333514,0.0,0.03166699752910063,56.80237078740582,39.7,473.96875,False
1776349119.606316,409,0,0,0,0,2.3126669984776527,0.0,0.007333001121878624,56.80237078740582,39.3,473.96875,False
1776349119.623831,410,0,0,0,0,2.3108329987735488,0.0,0.016083002265077084,56.80237078740582,38.5,473.96875,False
1776349119.6416,411,0,0,0,0,2.1667080000042915,0.0,0.014875004126224667,56.80237078740582,39.1,473.96875,False
1776349119.658806,412,0,0,0,0,2.111667003191542,0.0,0.009834002412389964,56.80237078740582,48.0,473.96875,False
1776349119.675769,413,0,0,0,0,2.1236669999780133,0.0,0.012707998394034803,56.80237078740582,36.6,473.96875,False
1776349119.693516,414,0,0,0,0,2.4067079939413816,0.0,0.008625000191386789,56.80237078740582,39.2,473.96875,False
1776349119.7109199,415,0,0,0,0,2.2471249976661056,0.0,0.011042000551242381,56.80237078740582,37.1,473.96875,False
1776349119.728493,416,0,0,0,0,2.281875000335276,0.0,0.012042000889778137,56.80237078740582,37.4,473.96875,False
1776349119.746786,417,0,0,0,0,2.5125829997705296,0.0,0.010208997991867363,56.80237078740582,53.5,473.96875,False
1776349119.764533,418,0,0,0,0,2.4281669975607656,0.0,0.00916700082598254,56.80237078740582,38.7,473.96875,False
1776349119.782497,419,0,0,0,0,2.3018749998300336,0.0,0.011834003089461476,56.80237078740582,38.8,473.96875,False
1776349119.800064,420,0,0,0,0,2.248333999887109,0.0,0.005875001079402864,56.80237078740582,38.2,473.96875,False
1776349119.817256,421,0,0,0,0,2.448582999932114,0.0,0.010791998647619039,56.80237078740582,39.0,473.96875,False
1776349119.835408,422,0,0,0,0,2.457167000102345,0.0,0.01158300437964499,56.80237078740582,39.4,473.96875,False
1776349119.853256,423,0,0,0,0,2.3997080061235465,0.0,0.006458001735154539,56.80237078740582,61.6,473.96875,False
1776349119.87089,424,0,0,0,0,2.390542002103757,0.0,0.00654099858365953,56.80237078740582,38.7,473.96875,False
1776349119.888513,425,0,0,0,0,2.349333000893239,0.0,0.011249998351559043,56.80237078740582,37.6,473.96875,False
1776349119.9069529,426,0,0,0,0,2.3824169984436594,0.0,0.020332998246885836,56.80237078740582,41.4,473.96875,False
1776349119.924695,427,0,0,0,0,2.4874160008039325,0.0,0.014291996194515377,56.80237078740582,38.0,473.96875,False
1776349119.942998,428,0,0,0,0,2.484917000401765,0.0,0.011416996130719781,56.80237078740582,40.4,473.96875,False
1776349119.9606552,429,0,0,0,0,2.2476660014945082,0.0,0.007832997653167695,56.80237078740582,40.1,473.96875,False
1776349119.978107,430,0,0,0,0,2.3180409989436157,0.0,0.007125003321561962,56.80237078740582,41.3,473.96875,False
1776349119.995766,431,0,0,0,0,2.1247500044410117,0.0,0.01237499964190647,56.80237078740582,93.6,473.96875,False
1776349120.012935,432,0,0,0,0,2.097709002555348,0.0,0.006667003617621958,56.80237078740582,38.3,473.96875,False
1776349120.029909,433,0,0,0,0,2.1320000014384277,0.0,0.009625000529922545,56.80237078740582,35.2,473.96875,False
1776349120.047445,434,0,0,0,0,2.2664159987471066,0.0,0.012416996469255537,56.80237078740582,37.3,473.96875,False
1776349120.0649128,435,0,0,0,0,2.267249998112675,0.0,0.008458999218419194,56.80237078740582,37.7,473.96875,False
1776349120.0820649,436,0,0,0,0,2.2545409956364892,0.0,0.008584000170230865,56.80237078740582,35.9,473.96875,False
1776349120.098738,437,0,0,0,0,2.2817089993623085,0.0,0.010457995813339949,56.80237078740582,53.3,473.96875,False
1776349120.1163352,438,0,0,0,0,2.2901250049471855,0.0,0.009999996109399945,56.80237078740582,39.2,473.96875,False
1776349120.134188,439,0,0,0,0,2.298042003531009,0.0,0.011417003406677395,56.80237078740582,38.4,473.96875,False
1776349120.151649,440,0,0,0,0,2.2448329982580617,0.0,0.006499998562503606,56.80237078740582,37.0,473.96875,False
1776349120.16925,441,0,0,0,0,2.325458997802343,0.0,0.009375005902256817,56.80237078740582,37.6,473.96875,False
1776349120.18721,442,0,0,0,0,2.2738329935236834,0.0,0.011208001524209976,56.80237078740582,38.8,473.96875,False
1776349120.204882,443,0,0,0,0,2.2449169991887175,0.0,0.00541700137546286,56.80237078740582,50.2,473.984375,False
1776349120.222563,444,0,0,0,0,2.3267500000656582,0.0,0.007624999852851033,56.80237078740582,37.8,473.984375,False
1776349120.24016,445,0,0,0,0,2.3405829997500405,0.0,0.012958000297658145,56.80237078740582,38.1,473.984375,False
1776349120.25793,446,0,0,0,0,2.2623339973506518,0.0,0.00904199987417087,56.80237078740582,38.1,473.984375,False
1776349120.275605,447,0,0,0,0,2.417083000182174,0.0,0.009625000529922545,56.80237078740582,37.8,473.984375,False
1776349120.29366,448,0,0,0,0,2.443666999170091,0.0,0.01049999991664663,57.916831713340414,39.1,473.984375,False
1776349120.311477,449,0,0,0,0,2.3653749958612025,0.0,0.00541700137546286,57.916831713340414,50.3,473.984375,False
1776349120.329068,450,0,0,0,0,2.4326249986188486,0.0,0.009583003702573478,57.916831713340414,37.9,473.984375,False
1776349120.347136,451,0,0,0,0,2.4429999975836836,0.0,0.010334006219636649,57.916831713340414,39.1,473.984375,False
1776349120.365128,452,0,0,0,0,2.507915996829979,0.0,0.009458002750761807,57.916831713340414,38.9,473.984375,False
1776349120.383345,453,0,0,0,0,2.5868749944493175,0.0,0.009958006558008492,57.916831713340414,40.2,473.984375,False
1776349120.401206,454,0,0,0,0,2.4482080043526366,0.0,0.007375005225185305,57.916831713340414,52.1,473.984375,False
1776349120.4186869,455,0,0,0,0,2.333167001779657,0.0,0.005041001713834703,57.916831713340414,37.9,473.984375,False
1776349120.436662,456,0,0,0,0,2.544125003623776,0.0,0.009374998626299202,57.916831713340414,38.8,473.984375,False
1776349120.4544551,457,0,0,0,0,2.243374998215586,0.0,0.006334004865493625,57.916831713340414,38.5,473.984375,False
1776349120.472167,458,0,0,0,0,2.467375001288019,0.0,0.0106250008684583,57.916831713340414,37.9,473.984375,False
1776349120.490211,459,0,0,0,0,2.518249995773658,0.0,0.008499999239575118,57.916831713340414,39.1,473.984375,False
1776349120.50777,460,0,0,0,0,2.2480000043287873,0.0,0.007875001756474376,57.916831713340414,49.0,473.984375,False
1776349120.525422,461,0,0,0,0,2.471542000421323,0.0,0.01058299676515162,57.916831713340414,39.1,473.984375,False
1776349120.5434618,462,0,0,0,0,2.445541998895351,0.0,0.010916002793237567,57.916831713340414,39.1,473.984375,False
1776349120.561113,463,0,0,0,0,2.417666000837926,0.0,0.0075830030255019665,57.916831713340414,37.7,473.984375,False
1776349120.579088,464,0,0,0,0,2.4806660003378056,0.0,0.014999997802078724,57.916831713340414,39.3,473.984375,False
1776349120.596477,465,0,0,0,0,2.3989170003915206,0.0,0.011625001206994057,57.916831713340414,42.1,473.984375,False
1776349120.613902,466,0,0,0,0,2.2415000057662837,0.0,0.008540999260731041,57.916831713340414,46.5,473.984375,False
1776349120.63154,467,0,0,0,0,2.4282919985125773,0.0,0.00583400105824694,57.916831713340414,38.4,473.984375,False
1776349120.649308,468,0,0,0,0,2.4639580005896278,0.0,0.01233299553859979,57.916831713340414,38.7,473.984375,False
1776349120.667518,469,0,0,0,0,2.515624997613486,0.0,0.013583005056716502,57.916831713340414,39.6,473.984375,False
1776349120.68622,470,0,0,0,0,2.558042004238814,0.0,0.013708006008528173,57.916831713340414,41.2,473.984375,False
1776349120.705021,471,0,0,0,0,2.463875003741123,0.0,0.00916700082598254,57.916831713340414,42.3,473.984375,False
1776349120.7233589,472,0,0,0,0,2.4687499972060323,0.0,0.009292001777794212,57.916831713340414,53.6,474.0,False
1776349120.742398,473,0,0,0,0,2.4811249968479387,0.0,0.011625001206994057,57.916831713340414,42.3,474.0,False
1776349120.758976,474,0,0,0,0,2.24595900363056,0.0,0.006665999535471201,57.916831713340414,39.7,474.0,False
1776349120.776682,475,0,0,0,0,2.35854099446442,0.0,0.014792000001762062,57.916831713340414,39.0,474.0,False
1776349120.794704,476,0,0,0,0,2.3131249981815927,0.0,0.012416996469255537,57.916831713340414,39.0,474.0,False
1776349120.812248,477,0,0,0,0,2.2503750005853362,0.0,0.00904199987417087,57.916831713340414,60.6,474.0,False
1776349120.8297641,478,0,0,0,0,2.2912080021342263,0.0,0.008417002391070127,57.916831713340414,38.9,474.0,False
1776349120.847466,479,0,0,0,0,2.308499999344349,0.0,0.01245799649041146,57.916831713340414,37.8,474.0,False
1776349120.8650901,480,0,0,0,0,2.2480839979834855,0.0,0.007582995749544352,57.916831713340414,37.6,474.0,False
1776349120.882443,481,0,0,0,0,2.2553329981747083,0.0,0.009540999599266797,57.916831713340414,36.6,474.0,False
1776349120.900216,482,0,0,0,0,2.3292500045499764,0.0,0.011292002454865724,57.916831713340414,38.2,474.0,False
1776349120.918035,483,0,0,0,0,2.3908750008558854,0.0,0.008542003342881799,57.916831713340414,38.5,474.0,False
1776349120.935099,484,0,0,0,0,2.3849580029491335,0.0,0.012832999345846474,57.916831713340414,42.3,474.0,False
1776349120.952848,485,0,0,0,0,2.2291249988484196,0.0,0.013332995877135545,57.916831713340414,42.9,474.0,False
1776349120.969462,486,0,0,0,0,1.9492499995976686,0.0,0.0109999964479357,57.916831713340414,44.2,474.0,False
1776349120.9869702,487,0,0,0,0,2.2246250009629875,0.0,0.012333999620750546,57.916831713340414,37.2,474.0,False
1776349121.004459,488,0,0,0,0,2.1029170020483434,0.0,0.008124996384140104,57.916831713340414,37.5,474.0,False
1776349121.021787,489,0,0,0,0,2.270790995680727,0.0,0.010292002116329968,57.916831713340414,36.5,474.0,False
1776349121.039646,490,0,0,0,0,2.35387499560602,0.0,0.03037499845959246,57.916831713340414,39.4,474.0,False
1776349121.057019,491,0,0,0,0,2.2632909967796877,0.0,0.013666998711414635,57.916831713340414,53.6,474.0,False
1776349121.074384,492,0,0,0,0,2.2900419935467653,0.0,0.015082994650583714,57.916831713340414,72.4,474.0,False
1776349121.0922282,493,0,0,0,0,2.2961659997235984,0.0,0.01245799649041146,57.916831713340414,39.1,474.0,False
1776349121.109787,494,0,0,0,0,2.257291998830624,0.0,0.009165996743831784,57.916831713340414,37.4,474.0,False
1776349121.127058,495,0,0,0,0,2.2900419935467653,0.0,0.011874995834659785,57.916831713340414,36.3,474.0,False
1776349121.144786,496,0,0,0,0,2.2804160034866072,0.0,0.009957999282050878,57.916831713340414,39.5,474.0,False
1776349121.162156,497,0,0,0,0,2.24500000331318,0.0,0.006667003617621958,57.916831713340414,48.6,474.0,False
1776349121.178941,498,0,0,0,0,2.2781669977121055,0.0,0.01195799995912239,57.916831713340414,38.5,474.0,False
1776349121.1967528,499,0,0,0,0,2.2786249974160455,0.0,0.008792005246505141,57.916831713340414,38.6,474.0,False
1776349121.214327,500,0,0,0,0,2.348834001168143,0.0,0.01658300607232377,57.916831713340414,37.4,474.0,False
1776349121.232331,501,0,0,0,0,2.293124998686835,0.0,0.010334006219636649,57.916831713340414,38.9,474.0,False
1776349121.250006,502,0,0,0,0,2.2565830004168674,0.0,0.006499998562503606,57.916831713340414,38.6,474.0,False
1776349121.26729,503,0,0,0,0,2.259041997604072,0.0,0.007208000170066953,57.916831713340414,48.0,474.0,False
1776349121.28493,504,0,0,0,0,2.4236669996753335,0.0,0.009625000529922545,57.916831713340414,38.9,474.0,False
1776349121.302895,505,0,0,0,0,2.4452079960610718,0.0,0.010332994861528277,55.62497637701293,39.9,474.0,False
1776349121.320789,506,0,0,0,0,2.4082500021904707,0.0,0.007791997632011771,55.62497637701293,39.2,474.0,False
1776349121.338496,507,0,0,0,0,2.4560839956393465,0.0,0.009083996701519936,55.62497637701293,38.4,474.0,False
1776349121.356469,508,0,0,0,0,2.344000000448432,0.0,0.009374998626299202,55.62497637701293,41.0,474.0,False
1776349121.373987,509,0,0,0,0,2.282209003169555,0.0,0.023042004613671452,55.62497637701293,48.8,474.0,False
1776349121.392191,510,0,0,0,0,2.3608339979546145,0.0,0.011207994248252362,55.62497637701293,40.1,474.0,False
1776349121.409701,511,0,0,0,0,2.2498749967780896,0.0,0.007959002687130123,55.62497637701293,37.2,474.0,False
1776349121.4271848,512,0,0,0,0,2.326250003534369,0.0,0.009249997674487531,55.62497637701293,37.8,474.0,False
1776349121.445035,513,0,0,0,0,2.29649999528192,0.0,0.011125004675704986,55.62497637701293,40.4,474.0,False
1776349121.462732,514,0,0,0,0,2.251457997772377,0.0,0.0070829992182552814,55.62497637701293,38.7,474.0,False
1776349121.480557,515,0,0,0,0,2.4580420067650266,0.0,0.014333003491628915,55.62497637701293,50.5,474.015625,False
1776349121.498642,516,0,0,0,0,2.459916999214329,0.0,0.010540999937802553,55.62497637701293,40.6,474.015625,False
1776349121.5162199,517,0,0,0,0,2.262583999254275,0.0,0.008875002095010132,55.62497637701293,38.8,474.015625,False
1776349121.53415,518,0,0,0,0,2.3324170033447444,0.0,0.012166005035396665,55.62497637701293,40.0,474.015625,False
1776349121.5522199,519,0,0,0,0,2.2487500027636997,0.0,0.0070829992182552814,55.62497637701293,40.9,474.015625,False
1776349121.570148,520,0,0,0,0,2.6069999948958866,0.0,0.009916999260894954,55.62497637701293,53.2,474.015625,False
1776349121.588453,521,0,0,0,0,2.4065420002443716,0.0,0.01591700129210949,55.62497637701293,41.5,474.015625,False
1776349121.6062589,522,0,0,0,0,2.362708000873681,0.0,0.008292001439258456,55.62497637701293,39.8,474.015625,False
1776349121.623837,523,0,0,0,0,2.3042920001898892,0.0,0.01704099850030616,55.62497637701293,37.9,474.015625,False
1776349121.641899,524,0,0,0,0,2.299874999152962,0.0,0.01512500602984801,55.62497637701293,40.0,474.015625,False
1776349121.659436,525,0,0,0,0,2.260792003653478,0.0,0.008374998287763447,55.62497637701293,39.2,474.015625,False
1776349121.676882,526,0,0,0,0,2.3776249945512973,0.0,0.0118750031106174,55.62497637701293,52.9,474.015625,False
1776349121.694738,527,0,0,0,0,2.307000002474524,0.0,0.012582997442223132,55.62497637701293,49.6,474.015625,False
1776349121.711623,528,0,0,0,0,2.25358299940126,0.0,0.007957998604979366,55.62497637701293,38.3,474.015625,False
1776349121.7288399,529,0,0,0,0,2.2386249984265305,0.0,0.00833300146041438,55.62497637701293,36.9,474.015625,False
1776349121.746463,530,0,0,0,0,2.45583299692953,0.0,0.012791002518497407,55.62497637701293,37.6,474.015625,False
1776349121.76413,531,0,0,0,0,2.281166998727713,0.0,0.006374997610691935,55.62497637701293,38.6,474.015625,False
1776349121.7817779,532,0,0,0,0,2.4883330042939633,0.0,0.01245799649041146,55.62497637701293,37.7,474.015625,False
1776349121.799801,533,0,0,0,0,2.4452500001643784,0.0,0.009915995178744197,55.62497637701293,61.3,474.015625,False
1776349121.817631,534,0,0,0,0,2.4079580034594983,0.0,0.0072920011007227,55.62497637701293,38.3,474.015625,False
1776349121.835217,535,0,0,0,0,2.485375000105705,0.0,0.012208001862745732,55.62497637701293,37.4,474.015625,False
1776349121.853211,536,0,0,0,0,2.3835000029066578,0.0,0.009750001481734216,55.62497637701293,39.3,474.015625,False
1776349121.870952,537,0,0,0,0,2.233833001810126,0.0,0.005458998202811927,55.62497637701293,39.2,474.015625,False
1776349121.8893929,538,0,0,0,0,2.5104160013142973,0.0,0.025041001208592206,55.62497637701293,41.5,474.015625,False
1776349121.907331,539,0,0,0,0,2.256833999126684,0.0,0.010457995813339949,55.62497637701293,44.6,474.015625,False
1776349121.92447,540,0,0,0,0,2.136417002475355,0.0,0.010333998943679035,55.62497637701293,43.0,474.015625,False
1776349121.941772,541,0,0,0,0,1.9993330060970038,0.0,0.010875002772081643,55.62497637701293,37.0,474.015625,False
1776349121.9587882,542,0,0,0,0,2.0484580018091947,0.0,0.007290997018571943,55.62497637701293,35.7,474.015625,False
1776349121.974624,543,0,0,0,0,2.1474160021170974,0.0,0.005166999471839517,55.62497637701293,37.4,474.015625,False
1776349121.9913092,544,0,0,0,0,2.1782920011901297,0.0,0.009958996088244021,55.62497637701293,36.3,474.015625,False
1776349122.008672,545,0,0,0,0,2.101291000144556,0.0,0.009125003998633474,55.62497637701293,36.7,474.015625,False
1776349122.0259452,546,0,0,0,0,2.288666000822559,0.0,0.015915997209958732,55.62497637701293,43.7,474.015625,False
1776349122.043526,547,0,0,0,0,2.1101249949424528,0.0,0.013791002857033163,55.62497637701293,84.7,474.015625,False
1776349122.060528,548,0,0,0,0,2.100875004543923,0.0,0.00875000114319846,55.62497637701293,35.3,474.015625,False
1776349122.0768058,549,0,0,0,0,2.233540995803196,0.0,0.009208997653331608,55.62497637701293,38.2,474.015625,False
1776349122.09434,550,0,0,0,0,2.1427500032586977,0.0,0.013292003131937236,55.62497637701293,37.8,474.015625,False
1776349122.1117508,551,0,0,0,0,2.252874997793697,0.0,0.008875002095010132,55.62497637701293,37.7,474.015625,False
1776349122.1291819,552,0,0,0,0,2.3787499958416447,0.0,0.013749995559919626,55.62497637701293,50.0,474.015625,False
1776349122.1469388,553,0,0,0,0,2.294207995873876,0.0,0.012459000572562218,55.62497637701293,38.9,474.015625,False
1776349122.164651,554,0,0,0,0,2.402375001111068,0.0,0.008166003681253642,55.62497637701293,38.6,474.015625,False
1776349122.182297,555,0,0,0,0,2.427750005153939,0.0,0.010790994565468282,55.62497637701293,38.5,474.015625,False
1776349122.2004008,556,0,0,0,0,2.4587090010754764,0.0,0.013208002201281488,55.62497637701293,39.3,474.015625,False
1776349122.2179918,557,0,0,0,0,2.4239580016001128,0.0,0.006499998562503606,55.62497637701293,37.5,474.03125,False
1776349122.235803,558,0,0,0,0,2.465083001879975,0.0,0.014750003174412996,55.62497637701293,50.0,474.03125,False
1776349122.253808,559,0,0,0,0,2.4254170057247393,0.0,0.00920799357118085,55.62497637701293,38.9,474.03125,False
1776349122.271599,560,0,0,0,0,2.473833999829367,0.0,0.029709000955335796,55.62497637701293,38.6,474.03125,False
1776349122.288617,561,0,0,0,0,2.2839579978608526,0.0,0.012959004379808903,55.62497637701293,41.8,474.03125,False
1776349122.306977,562,0,0,0,0,2.5122919978457503,0.0,0.008458002412226051,56.77109129524584,40.9,474.03125,False
1776349122.3245282,563,0,0,0,0,2.4254169984487817,0.0,0.010167001164518297,56.77109129524584,37.3,474.03125,False
1776349122.342575,564,0,0,0,0,2.4542500032112002,0.0,0.012917000276502222,56.77109129524584,39.1,474.03125,False
1776349122.360957,565,0,0,0,0,2.474166998581495,0.0,0.008666997018735856,56.77109129524584,52.0,474.03125,False
1776349122.379018,566,0,0,0,0,2.4205829977290705,0.0,0.008000002708286047,56.77109129524584,40.3,474.03125,False
1776349122.3972049,567,0,0,0,0,2.6094580025528558,0.0,0.01995899947360158,56.77109129524584,39.5,474.03125,False
1776349122.415688,568,0,0,0,0,2.3682910032221116,0.0,0.007957998604979366,56.77109129524584,41.1,474.03125,False
1776349122.4335349,569,0,0,0,0,2.4447499963571317,0.0,0.011999996786471456,56.77109129524584,38.5,474.015625,False
1776349122.452134,570,0,0,0,0,2.428040999802761,0.0,0.010666997695807368,56.77109129524584,54.0,474.015625,False
1776349122.4702652,571,0,0,0,0,2.287832998263184,0.0,0.007709000783506781,56.77109129524584,39.4,474.015625,False
1776349122.488673,572,0,0,0,0,2.5490000043646432,0.0,0.008084003638941795,56.77109129524584,41.8,474.015625,False
1776349122.506549,573,0,0,0,0,2.4906670005293563,0.0,0.006708003638777882,56.77109129524584,38.5,474.015625,False
1776349122.524302,574,0,0,0,0,2.5286250020144507,0.0,0.011625001206994057,56.77109129524584,38.0,474.015625,False
1776349122.542523,575,0,0,0,0,2.4376660003326833,0.0,0.014333003491628915,56.77109129524584,40.6,474.015625,False
1776349122.5603771,576,0,0,0,0,2.4087499987217598,0.0,0.007457994797732681,56.77109129524584,48.8,474.015625,False
1776349122.5780668,577,0,0,0,0,2.4918749986682087,0.0,0.011834003089461476,56.77109129524584,37.8,474.015625,False
1776349122.5962722,578,0,0,0,0,2.4325000049429946,0.0,0.009957999282050878,56.77109129524584,40.4,474.015625,False
1776349122.614017,579,0,0,0,0,2.4110839949571528,0.0,0.006541995389852673,56.77109129524584,38.5,474.015625,False
1776349122.63171,580,0,0,0,0,2.4276670010294765,0.0,0.010415998985990882,56.77109129524584,37.8,474.015625,False
1776349122.650012,581,0,0,0,0,2.500500006135553,0.0,0.010875002772081643,56.77109129524584,39.9,474.015625,False
1776349122.66866,582,0,0,0,0,2.506083001208026,0.0,0.007167000148911029,56.77109129524584,53.7,474.015625,False
1776349122.687155,583,0,0,0,0,2.4933329987106845,0.0,0.013000004400964826,56.77109129524584,41.5,474.015625,False
1776349122.705792,584,0,0,0,0,2.4577500007580966,0.0,0.029374998121056706,56.77109129524584,42.4,474.015625,False
1776349122.723757,585,0,0,0,0,2.4896670001908205,0.0,0.012999997125007212,56.77109129524584,38.8,474.015625,False
1776349122.741972,586,0,0,0,0,2.4977499997476116,0.0,0.014667006325908005,56.77109129524584,40.2,474.015625,False
1776349122.7597692,587,0,0,0,0,2.3213749955175444,0.0,0.007875001756474376,56.77109129524584,50.2,474.015625,False
1776349122.777409,588,0,0,0,0,2.4679169946466573,0.0,0.01091699959943071,56.77109129524584,37.7,474.03125,False
1776349122.7954628,589,0,0,0,0,2.445792000798974,0.0,0.010832998668774962,56.77109129524584,39.5,474.03125,False
1776349122.813332,590,0,0,0,0,2.413166999758687,0.0,0.0074160052463412285,56.77109129524584,39.0,474.03125,False
1776349122.83104,591,0,0,0,0,2.4726249976083636,0.0,0.009042007150128484,56.77109129524584,37.9,474.03125,False
1776349122.848921,592,0,0,0,0,2.480041999660898,0.0,0.01087499549612403,56.77109129524584,38.5,474.03125,False
1776349122.866907,593,0,0,0,0,2.4027499966905452,0.0,0.009000003046821803,56.77109129524584,61.6,474.03125,False
1776349122.884704,594,0,0,0,0,2.4312090026796795,0.0,0.011458003427833319,56.77109129524584,38.8,474.03125,False
1776349122.9029279,595,0,0,0,0,2.430042004561983,0.0,0.009249997674487531,56.77109129524584,40.4,474.03125,False
1776349122.920768,596,0,0,0,0,2.392124995822087,0.0,0.006166999810375273,56.77109129524584,38.4,474.03125,False
1776349122.93952,597,0,0,0,0,2.686625004571397,0.0,0.01424999936716631,56.77109129524584,41.4,474.03125,False
1776349122.957918,598,0,0,0,0,2.6698749934439547,0.0,0.009875002433545887,56.77109129524584,43.1,474.03125,False
1776349122.9755678,599,0,0,0,0,2.255791005154606,0.0,0.011584001185838133,56.77109129524584,43.3,474.03125,False
1776349122.992105,600,0,0,0,0,1.9177499998477288,0.0,0.016792000678833574,56.77109129524584,46.7,474.03125,False
1776349123.0091908,601,0,0,0,0,1.9188750011380762,0.0,0.009249997674487531,56.77109129524584,36.4,474.03125,False
1776349123.026347,602,0,0,0,0,2.2979159984970465,0.0,0.013791999663226306,56.77109129524584,35.9,474.03125,False
1776349123.044665,603,0,0,0,0,2.4392920022364706,0.0,0.010624993592500687,56.77109129524584,40.0,474.03125,False
1776349123.062321,604,0,0,0,0,2.3282500042114407,0.0,0.012874996173195541,56.77109129524584,37.7,474.03125,False
1776349123.079508,605,0,0,0,0,1.9442080010776408,0.0,0.012834003427997231,56.77109129524584,36.6,474.03125,False
1776349123.0963242,606,0,0,0,0,1.7292080010520294,0.0,0.012707998394034803,56.77109129524584,77.1,474.03125,False
1776349123.113185,607,0,0,0,0,2.1141659963177517,0.0,0.013249999028630555,56.77109129524584,45.3,474.03125,False
1776349123.1304052,608,0,0,0,0,2.2053339998819865,0.0,0.008875002095010132,56.77109129524584,36.6,474.03125,False
1776349123.147897,609,0,0,0,0,2.1213329964666627,0.0,0.011042000551242381,56.77109129524584,37.2,474.03125,False
1776349123.165358,610,0,0,0,0,2.1342500040191226,0.0,0.009791998309083283,56.77109129524584,37.0,474.03125,False
1776349123.182694,611,0,0,0,0,2.3465840058634058,0.0,0.01341600000159815,56.77109129524584,36.5,474.03125,False
1776349123.199457,612,0,0,0,0,2.1833330029039644,0.0,0.012624994269572198,56.77109129524584,40.1,474.03125,False
1776349123.216095,613,0,0,0,0,2.2368749996530823,0.0,0.007124996045604348,56.77109129524584,51.5,474.03125,False
1776349123.23299,614,0,0,0,0,2.281333006976638,0.0,0.012417003745213151,56.77109129524584,37.9,474.03125,False
1776349123.250617,615,0,0,0,0,2.271584002301097,0.0,0.011374999303370714,56.77109129524584,38.0,474.03125,False
1776349123.268044,616,0,0,0,0,2.228333003586158,0.0,0.008208000508602709,56.77109129524584,36.9,474.03125,False
1776349123.2856,617,0,0,0,0,2.318833998288028,0.0,0.018375001673121005,56.77109129524584,37.3,474.03125,False
1776349123.3033988,618,0,0,0,0,2.2826249987701885,0.0,0.013542005035560578,56.77109129524584,38.2,474.03125,False
1776349123.320669,619,0,0,0,0,2.231958002084866,0.0,0.006791000487282872,56.21468655020647,50.0,474.03125,False
1776349123.338092,620,0,0,0,0,2.2840000019641593,0.0,0.014542005374096334,56.21468655020647,39.7,474.03125,False
1776349123.356343,621,0,0,0,0,2.3682500032009557,0.0,0.010333998943679035,56.21468655020647,39.8,474.03125,False
1776349123.3736908,622,0,0,0,0,2.35883300047135,0.0,0.009832998330239207,56.21468655020647,37.1,474.03125,False
1776349123.391246,623,0,0,0,0,2.2877909941598773,0.0,0.010750001820269972,56.21468655020647,37.4,474.03125,False
1776349123.409099,624,0,0,0,0,2.3259169975062832,0.0,0.008834002073854208,56.21468655020647,51.8,474.03125,False
1776349123.426474,625,0,0,0,0,2.1766659992863424,0.0,0.018874998204410076,56.21468655020647,37.5,474.03125,False
1776349123.443709,626,0,0,0,0,1.8518330034567043,0.0,0.013917000615037978,56.21468655020647,36.8,474.03125,False
1776349123.460107,627,0,0,0,0,1.811665999412071,0.0,0.007000002369750291,56.21468655020647,33.0,474.03125,False
1776349123.47622,628,0,0,0,0,1.8010409985436127,0.0,0.007667003956157714,56.21468655020647,31.7,474.03125,False
1776349123.4928992,629,0,0,0,0,1.905459001136478,0.0,0.010042000212706625,56.21468655020647,34.0,474.03125,False
1776349123.510376,630,0,0,0,0,2.046542002062779,0.0,0.01795799471437931,56.21468655020647,51.9,474.03125,False
1776349123.5277781,631,0,0,0,0,2.137750001566019,0.0,0.013500000932253897,56.21468655020647,42.3,474.03125,False
1776349123.545194,632,0,0,0,0,2.070458998787217,0.0,0.013582997780758888,56.21468655020647,37.8,474.03125,False
1776349123.562568,633,0,0,0,0,2.003916000830941,0.0,0.013500000932253897,56.21468655020647,36.7,474.03125,False
1776349123.579944,634,0,0,0,0,2.2115000028861687,0.0,0.014582998119294643,56.21468655020647,36.7,474.03125,False
1776349123.59761,635,0,0,0,0,2.1403329956228845,0.0,0.013500000932253897,56.21468655020647,38.7,474.03125,False
1776349123.615019,636,0,0,0,0,2.250083998660557,0.0,0.010332994861528277,56.21468655020647,48.2,474.03125,False
1776349123.632451,637,0,0,0,0,2.213083003880456,0.0,0.01612499909242615,56.21468655020647,38.4,474.03125,False
1776349123.650163,638,0,0,0,0,2.2691670019412413,0.0,0.012124997738283128,56.21468655020647,38.0,474.03125,False
1776349123.667464,639,0,0,0,0,2.2445829963544384,0.0,0.008041999535635114,56.21468655020647,36.5,474.03125,False
1776349123.684779,640,0,0,0,0,2.2200840030563995,0.0,0.006374997610691935,56.21468655020647,36.5,474.03125,False
1776349123.702802,641,0,0,0,0,2.4957920031738468,0.0,0.013374999980442226,56.21468655020647,39.7,474.03125,False
1776349123.7204611,642,0,0,0,0,2.230250000138767,0.0,0.007333001121878624,56.21468655020647,48.9,474.046875,False
1776349123.738216,643,0,0,0,0,2.4542500032112002,0.0,0.014999997802078724,56.21468655020647,39.5,474.046875,False
1776349123.756456,644,0,0,0,0,2.6090840037795715,0.0,0.011124997399747372,56.21468655020647,40.0,474.046875,False
1776349123.774349,645,0,0,0,0,2.469667000696063,0.0,0.009374998626299202,56.21468655020647,39.6,474.046875,False
1776349123.792431,646,0,0,0,0,2.455292000377085,0.0,0.009582996426615864,56.21468655020647,39.2,474.046875,False
1776349123.810474,647,0,0,0,0,2.4721669979044236,0.0,0.009707997378427535,56.21468655020647,39.1,474.046875,False
1776349123.828453,648,0,0,0,0,2.662792001501657,0.0,0.012417003745213151,56.21468655020647,62.3,474.046875,False
1776349123.846881,649,0,0,0,0,2.5137500051641837,0.0,0.015083001926541328,56.21468655020647,41.0,474.046875,False
1776349123.864707,650,0,0,0,0,2.385749998211395,0.0,0.007417002052534372,56.21468655020647,38.3,474.046875,False
1776349123.8823721,651,0,0,0,0,2.440958000079263,0.0,0.013999997463542968,56.21468655020647,38.0,474.046875,False
1776349123.900435,652,0,0,0,0,2.431500004604459,0.0,0.012958997103851289,56.21468655020647,39.4,474.046875,False
1776349123.917978,653,0,0,0,0,2.24333399819443,0.0,0.009916999260894954,56.21468655020647,37.3,474.046875,False
1776349123.935503,654,0,0,0,0,2.280542001244612,0.0,0.013749995559919626,56.21468655020647,41.2,474.046875,False
1776349123.953326,655,0,0,0,0,2.215750006143935,0.0,0.011666998034343123,56.21468655020647,42.4,474.046875,False
1776349123.97077,656,0,0,0,0,2.2044590004952624,0.0,0.012167001841589808,56.21468655020647,40.0,474.046875,False
1776349123.9881868,657,0,0,0,0,2.1236250031506643,0.0,0.012625001545529813,56.21468655020647,37.6,474.046875,False
1776349124.00594,658,0,0,0,0,2.2290420019999146,0.0,0.007416994776576757,56.21468655020647,38.1,474.046875,False
1776349124.0230231,659,0,0,0,0,2.186959005484823,0.0,0.007791997632011771,56.21468655020647,36.1,474.046875,False
1776349124.0404851,660,0,0,0,0,2.299416002642829,0.0,0.010166004358325154,56.21468655020647,38.0,474.046875,False
1776349124.0580559,661,0,0,0,0,2.246916999865789,0.0,0.009374998626299202,56.21468655020647,37.7,474.015625,False
1776349124.0753431,662,0,0,0,0,2.299375002621673,0.0,0.013541997759602964,56.21468655020647,36.6,474.015625,False
1776349124.093076,663,0,0,0,0,2.1180830008233897,0.0,0.011541000276338309,56.21468655020647,93.5,474.015625,False
1776349124.110139,664,0,0,0,0,2.091000002110377,0.0,0.0077079967013560236,56.21468655020647,35.6,474.015625,False
1776349124.127157,665,0,0,0,0,2.2058329996070825,0.0,0.005249996320344508,56.21468655020647,35.4,474.015625,False
1776349124.144209,666,0,0,0,0,2.1878749976167455,0.0,0.012542004697024822,56.21468655020647,36.5,474.015625,False
1776349124.161769,667,0,0,0,0,2.2615829948335886,0.0,0.011249998351559043,56.21468655020647,37.8,474.015625,False
1776349124.178127,668,0,0,0,0,2.297708997502923,0.0,0.008333998266607523,56.21468655020647,47.0,474.015625,False
1776349124.1957161,669,0,0,0,0,2.2691670019412413,0.0,0.012417003745213151,56.21468655020647,42.2,474.015625,False
1776349124.213134,670,0,0,0,0,2.2294590016826987,0.0,0.008000002708286047,56.21468655020647,37.5,474.015625,False
1776349124.230384,671,0,0,0,0,2.2207919973880053,0.0,0.020499996026046574,56.21468655020647,36.2,474.015625,False
1776349124.248619,672,0,0,0,0,2.3909159936010838,0.0,0.01195799995912239,56.21468655020647,40.7,474.015625,False
1776349124.266093,673,0,0,0,0,2.2196670033736154,0.0,0.008458999218419194,56.21468655020647,37.1,474.015625,False
1776349124.283361,674,0,0,0,0,2.2494169970741495,0.0,0.012333002814557403,56.21468655020647,51.1,474.015625,False
1776349124.30103,675,0,0,0,0,2.2704579969285987,0.0,0.011625001206994057,56.21468655020647,37.8,474.015625,False
1776349124.318044,676,0,0,0,0,2.230208003311418,0.0,0.008208000508602709,56.21468655020647,38.2,474.015625,False
1776349124.335542,677,0,0,0,0,2.3442909950972535,0.0,0.00695799826644361,57.15592781900478,37.2,474.015625,False
1776349124.353329,678,0,0,0,0,2.4659589980728924,0.0,0.010791998647619039,57.15592781900478,39.6,474.015625,False
1776349124.371109,679,0,0,0,0,2.2098339977674186,0.0,0.007333001121878624,57.15592781900478,38.2,474.015625,False
1776349124.3886359,680,0,0,0,0,2.4617090020910837,0.0,0.007250004273373634,57.15592781900478,47.0,474.015625,False
1776349124.406163,681,0,0,0,0,2.3873329992056824,0.0,0.006417001713998616,57.15592781900478,37.7,474.015625,False
1776349124.423479,682,0,0,0,0,2.3774169967509806,0.0,0.004958004865329713,57.15592781900478,36.5,474.015625,False
1776349124.440877,683,0,0,0,0,2.3625000030733645,0.0,0.004333000106271356,57.15592781900478,36.8,474.015625,False
1776349124.458956,684,0,0,0,0,2.4798329977784306,0.0,0.01041700306814164,57.15592781900478,40.0,474.015625,False
1776349124.4769971,685,0,0,0,0,2.447749997372739,0.0,0.006791997293476015,57.15592781900478,39.8,474.015625,False
1776349124.4950552,686,0,0,0,0,2.4901670039980672,0.0,0.014750003174412996,57.15592781900478,51.6,474.015625,False
1776349124.513689,687,0,0,0,0,2.4214160002884455,0.0,0.014041004760656506,57.15592781900478,41.0,474.015625,False
1776349124.531832,688,0,0,0,0,2.585624999483116,0.0,0.009583003702573478,57.15592781900478,39.4,474.015625,False
1776349124.5498722,689,0,0,0,0,2.4614170033601113,0.0,0.01237499964190647,57.15592781900478,39.6,474.015625,False
1776349124.5675771,690,0,0,0,0,2.282458000991028,0.0,0.008917006198316813,57.15592781900478,38.7,474.015625,False
1776349124.585259,691,0,0,0,0,2.404958999250084,0.0,0.011083997378591448,57.15592781900478,37.8,474.015625,False
1776349124.6033988,692,0,0,0,0,2.271707999170758,0.0,0.011415999324526638,57.15592781900478,51.0,474.015625,False
1776349124.6211982,693,0,0,0,0,2.2224160056794062,0.0,0.006916998245287687,57.15592781900478,38.2,474.015625,False
1776349124.63904,694,0,0,0,0,2.368083005421795,0.0,0.010207993909716606,57.15592781900478,38.4,474.015625,False
1776349124.657275,695,0,0,0,0,2.507874996808823,0.0,0.010167001164518297,57.15592781900478,41.3,474.015625,False
1776349124.674572,696,0,0,0,0,2.389250003034249,0.0,0.008125003660097718,57.15592781900478,39.4,474.015625,False
1776349124.69225,697,0,0,0,0,2.4103339965222403,0.0,0.02487500023562461,57.15592781900478,44.9,474.015625,False
1776349124.710371,698,0,0,0,0,2.246374999231193,0.0,0.009750001481734216,57.15592781900478,44.8,474.015625,False
1776349124.727932,699,0,0,0,0,2.3562920032418333,0.0,0.006874994141981006,57.15592781900478,37.4,474.015625,False
1776349124.746013,700,0,0,0,0,2.428250001685228,0.0,0.0118750031106174,57.15592781900478,39.5,474.015625,False
1776349124.764093,701,0,0,0,0,2.4012079957174137,0.0,0.008625000191386789,57.15592781900478,40.4,474.015625,False
1776349124.78211,702,0,0,0,0,2.642708001076244,0.0,0.012249998690094799,57.15592781900478,38.9,474.015625,False
1776349124.800701,703,0,0,0,0,2.6673750035115518,0.0,0.012415999663062394,57.15592781900478,57.4,474.015625,False
1776349124.819638,704,0,0,0,0,2.667832995939534,0.0,0.00883299799170345,57.15592781900478,41.7,474.015625,False
1776349124.837875,705,0,0,0,0,2.615167002659291,0.0,0.013374999980442226,57.15592781900478,39.7,474.015625,False
1776349124.856447,706,0,0,0,0,2.525415999116376,0.0,0.03420800203457475,57.15592781900478,40.7,474.015625,False
1776349124.874752,707,0,0,0,0,2.529292003600858,0.0,0.007416994776576757,57.15592781900478,41.4,474.015625,False
1776349124.893447,708,0,0,0,0,2.6331659973948263,0.0,0.013124998076818883,57.15592781900478,41.3,474.015625,False
1776349124.9119308,709,0,0,0,0,2.647500004968606,0.0,0.008041999535635114,57.15592781900478,59.7,474.015625,False
1776349124.929822,710,0,0,0,0,2.5940829946193844,0.0,0.01012500433716923,57.15592781900478,44.4,474.015625,False
1776349124.948183,711,0,0,0,0,2.5941660060198046,0.0,0.015666002582293004,57.15592781900478,43.4,474.015625,False
1776349124.9660878,712,0,0,0,0,2.348792004340794,0.0,0.009208000847138464,57.15592781900478,41.9,474.015625,False
1776349124.983789,713,0,0,0,0,2.3827920012990944,0.0,0.015500001609325409,57.15592781900478,40.4,474.015625,False
1776349125.000693,714,0,0,0,0,1.9265000009909272,0.0,0.013374999980442226,57.15592781900478,42.3,474.015625,False
1776349125.017725,715,0,0,0,0,2.0824169987463392,0.0,0.013416996807791293,57.15592781900478,35.4,474.015625,False
1776349125.0350652,716,0,0,0,0,2.3157920004450716,0.0,0.013332995877135545,57.15592781900478,36.6,474.015625,False
1776349125.052804,717,0,0,0,0,2.011875003518071,0.0,0.013166005373932421,57.15592781900478,91.3,474.015625,False
1776349125.069982,718,0,0,0,0,1.9740420029847883,0.0,0.0062920007621869445,57.15592781900478,36.8,474.015625,False
1776349125.087353,719,0,0,0,0,2.315124998858664,0.0,0.015958998119458556,57.15592781900478,36.6,474.015625,False
1776349125.1039848,720,0,0,0,0,2.065417000267189,0.0,0.012874996173195541,57.15592781900478,39.4,474.015625,False
1776349125.1207669,721,0,0,0,0,2.082457998767495,0.0,0.009333001798950136,57.15592781900478,36.5,474.015625,False
1776349125.138316,722,0,0,0,0,2.282417000969872,0.0,0.014542005374096334,57.15592781900478,37.3,474.015625,False
1776349125.1564858,723,0,0,0,0,2.5345840040245093,0.0,0.010749994544312358,57.15592781900478,49.3,474.015625,False
1776349125.1738398,724,0,0,0,0,2.322749998711515,0.0,0.007916998583823442,57.15592781900478,38.2,474.015625,False
1776349125.191623,725,0,0,0,0,2.4410410042037256,0.0,0.00945899955695495,57.15592781900478,38.2,474.015625,False
1776349125.209347,726,0,0,0,0,2.4028750049183145,0.0,0.009000003046821803,57.15592781900478,38.9,474.015625,False
1776349125.227068,727,0,0,0,0,2.6070409949170426,0.0,0.0106250008684583,57.15592781900478,38.4,474.03125,False
1776349125.245224,728,0,0,0,0,2.6324170030420646,0.0,0.013459000911097974,57.15592781900478,39.4,474.03125,False
1776349125.263253,729,0,0,0,0,2.390083005593624,0.0,0.006750000466126949,57.15592781900478,49.9,474.03125,False
1776349125.28079,730,0,0,0,0,2.384833998803515,0.0,0.005999994755256921,57.15592781900478,38.1,474.03125,False
1776349125.2989361,731,0,0,0,0,2.420625001832377,0.0,0.03183400258421898,57.15592781900478,39.4,474.03125,False
1776349125.3164911,732,0,0,0,0,2.2287499959929846,0.0,0.008000002708286047,57.15592781900478,38.2,474.03125,False
1776349125.333952,733,0,0,0,0,2.266625000629574,0.0,0.011541000276338309,56.95665415762159,37.0,474.046875,False
1776349125.351808,734,0,0,0,0,2.285417001985479,0.0,0.011374999303370714,56.95665415762159,38.5,474.046875,False
1776349125.369535,735,0,0,0,0,2.2425830029533245,0.0,0.007250004273373634,56.95665415762159,48.8,474.046875,False
1776349125.387174,736,0,0,0,0,2.2709159966325387,0.0,0.01195799995912239,56.95665415762159,38.5,474.046875,False
1776349125.404934,737,0,0,0,0,2.2611669992329553,0.0,0.010707997716963291,56.95665415762159,38.1,474.046875,False
1776349125.423004,738,0,0,0,0,2.3624160021427087,0.0,0.006791000487282872,56.95665415762159,39.9,474.046875,False
1776349125.4405482,739,0,0,0,0,2.357874996960163,0.0,0.010791998647619039,56.95665415762159,37.3,474.046875,False
1776349125.4583302,740,0,0,0,0,2.3508750018663704,0.0,0.012707998394034803,56.95665415762159,52.5,474.046875,False
1776349125.4759638,741,0,0,0,0,2.2319159979815595,0.0,0.008542003342881799,56.95665415762159,37.7,474.046875,False
1776349125.4935,742,0,0,0,0,2.3671250019106083,0.0,0.013917000615037978,56.95665415762159,38.3,474.046875,False
1776349125.5108101,743,0,0,0,0,2.291416996740736,0.0,0.012750002497341484,56.95665415762159,41.2,474.046875,False
1776349125.5284522,744,0,0,0,0,2.4587090010754764,0.0,0.008040995453484356,56.95665415762159,37.7,474.046875,False
1776349125.546308,745,0,0,0,0,2.403415994194802,0.0,0.0118750031106174,56.95665415762159,38.4,474.046875,False
1776349125.56388,746,0,0,0,0,2.2518340047099628,0.0,0.007832997653167695,56.95665415762159,48.1,474.046875,False
1776349125.581229,747,0,0,0,0,2.281459004734643,0.0,0.011625001206994057,56.95665415762159,37.4,474.046875,False
1776349125.5984771,748,0,0,0,0,2.4640830015414394,0.0,0.013459000911097974,56.95665415762159,42.9,474.046875,False
1776349125.6163032,749,0,0,0,0,2.3280000023078173,0.0,0.012165997759439051,56.95665415762159,39.3,474.046875,False
1776349125.633989,750,0,0,0,0,2.325624998775311,0.0,0.014083001588005573,56.95665415762159,38.3,474.046875,False
1776349125.651954,751,0,0,0,0,2.3166250030044466,0.0,0.013999997463542968,56.95665415762159,38.8,474.046875,False
1776349125.669655,752,0,0,0,0,2.2395420019165613,0.0,0.009750001481734216,56.95665415762159,49.0,474.046875,False
1776349125.687653,753,0,0,0,0,2.413000001979526,0.0,0.03275000199209899,56.95665415762159,38.9,474.046875,False
1776349125.7054248,754,0,0,0,0,2.2717500032740645,0.0,0.014500001270789653,56.95665415762159,39.4,474.046875,False
1776349125.723543,755,0,0,0,0,2.476041998306755,0.0,0.00954199640545994,56.95665415762159,39.5,474.046875,False
1776349125.7411442,756,0,0,0,0,2.356083001359366,0.0,0.011707998055499047,56.95665415762159,39.1,474.046875,False
1776349125.758849,757,0,0,0,0,2.246916003059596,0.0,0.013249999028630555,56.95665415762159,39.6,474.046875,False
1776349125.7765062,758,0,0,0,0,2.2367499987012707,0.0,0.008249997335951775,56.95665415762159,49.3,474.0625,False
1776349125.7942898,759,0,0,0,0,2.2711250057909638,0.0,0.01195799995912239,56.95665415762159,38.2,474.0625,False
1776349125.8121548,760,0,0,0,0,2.237916996818967,0.0,0.008957998943515122,56.95665415762159,39.9,474.0625,False
1776349125.829719,761,0,0,0,0,2.3590839991811663,0.0,0.013749995559919626,56.95665415762159,38.5,474.0625,False
1776349125.847521,762,0,0,0,0,2.293083001859486,0.0,0.012084004993084818,56.95665415762159,38.2,474.0625,False
1776349125.865428,763,0,0,0,0,2.4475829995935783,0.0,0.009125003998633474,56.95665415762159,65.0,474.0625,False
1776349125.883299,764,0,0,0,0,2.4249580019386485,0.0,0.013707998732570559,56.95665415762159,38.9,474.0625,False
1776349125.9015381,765,0,0,0,0,2.470291998179164,0.0,0.01208300091093406,56.95665415762159,40.0,474.0625,False
1776349125.919829,766,0,0,0,0,2.290999997057952,0.0,0.01041700306814164,56.95665415762159,41.1,474.0625,False
1776349125.937658,767,0,0,0,0,2.447000006213784,0.0,0.013208002201281488,56.95665415762159,39.8,474.0625,False
1776349125.955839,768,0,0,0,0,2.419958997052163,0.0,0.009082999895326793,56.95665415762159,41.0,474.0625,False
1776349125.972469,769,0,0,0,0,2.314416997251101,0.0,0.00875000114319846,56.95665415762159,39.9,474.0625,False
1776349125.988971,770,0,0,0,0,2.1957079952699132,0.0,0.011707998055499047,56.95665415762159,43.2,474.0625,False
1776349126.00667,771,0,0,0,0,2.246832998935133,0.0,0.00954199640545994,56.95665415762159,46.5,474.0625,False
1776349126.024158,772,0,0,0,0,2.107542000885587,0.0,0.010041992936749011,56.95665415762159,40.8,474.0625,False
1776349126.041236,773,0,0,0,0,2.1496660046977922,0.0,0.011541997082531452,56.95665415762159,37.1,474.0625,False
1776349126.05903,774,0,0,0,0,2.2888340026838705,0.0,0.015165998775046319,56.95665415762159,39.1,474.0625,False
1776349126.07638,775,0,0,0,0,2.247874996101018,0.0,0.007999995432328433,56.95665415762159,37.9,474.0625,False
1776349126.0939782,776,0,0,0,0,2.288959003635682,0.0,0.014208999346010387,56.95665415762159,37.8,474.0625,False
1776349126.1122408,777,0,0,0,0,2.449084000545554,0.0,0.011457996151875705,56.95665415762159,40.8,474.0625,False
1776349126.1297548,778,0,0,0,0,2.11454199597938,0.0,0.01354100095340982,56.95665415762159,87.6,474.0625,False
1776349126.147619,779,0,0,0,0,2.35416700161295,0.0,0.013249999028630555,56.95665415762159,38.8,474.0625,False
1776349126.164781,780,0,0,0,0,2.102790997014381,0.0,0.007708003977313638,56.95665415762159,35.9,474.0625,False
1776349126.18172,781,0,0,0,0,2.25312499969732,0.0,0.010540999937802553,56.95665415762159,35.1,474.0625,False
1776349126.19935,782,0,0,0,0,2.272500001708977,0.0,0.01341600000159815,56.95665415762159,38.0,474.0625,False
1776349126.216693,783,0,0,0,0,2.22724999912316,0.0,0.00541700137546286,56.95665415762159,37.6,474.0625,False
1776349126.2339242,784,0,0,0,0,2.2694590006722137,0.0,0.010667004971764982,56.95665415762159,46.6,474.0625,False
1776349126.251692,785,0,0,0,0,2.284583002619911,0.0,0.01087499549612403,56.95665415762159,51.1,474.078125,False
1776349126.269227,786,0,0,0,0,2.23612500121817,0.0,0.008458999218419194,56.95665415762159,38.1,474.078125,False
1776349126.2865732,787,0,0,0,0,2.2746659960830584,0.0,0.0072499969974160194,56.95665415762159,37.3,474.078125,False
1776349126.304157,788,0,0,0,0,2.2655830034636892,0.0,0.01029099803417921,56.95665415762159,38.6,474.078125,False
1776349126.322009,789,0,0,0,0,2.376666998316068,0.0,0.006458001735154539,56.95665415762159,41.1,474.078125,False
1776349126.3394291,790,0,0,0,0,2.3276669962797314,0.0,0.018250000721309334,55.82739219142475,50.5,474.078125,False
1776349126.357161,791,0,0,0,0,2.3710829991614446,0.0,0.011042000551242381,55.82739219142475,38.9,474.078125,False
1776349126.374593,792,0,0,0,0,2.2362080053426325,0.0,0.009542003681417555,55.82739219142475,37.5,474.078125,False
1776349126.3920739,793,0,0,0,0,2.4294999966514297,0.0,0.012458003766369075,55.82739219142475,38.7,474.078125,False
1776349126.410037,794,0,0,0,0,2.3450000007869676,0.0,0.010791998647619039,55.82739219142475,39.5,474.078125,False
1776349126.427407,795,0,0,0,0,2.290417003678158,0.0,0.0054159972933121026,55.82739219142475,37.1,474.078125,False
1776349126.445106,796,0,0,0,0,2.299791005498264,0.0,0.012582997442223132,55.82739219142475,49.8,474.078125,False
1776349126.462455,797,0,0,0,0,2.1006669994676486,0.0,0.00875000114319846,55.82739219142475,37.1,474.078125,False
1776349126.479664,798,0,0,0,0,2.340416998777073,0.0,0.008833005267661065,55.82739219142475,36.6,474.078125,False
1776349126.4975848,799,0,0,0,0,2.2957499968470074,0.0,0.013332995877135545,55.82739219142475,39.8,474.078125,False
1776349126.515038,800,0,0,0,0,2.2072089996072464,0.0,0.009707997378427535,55.82739219142475,38.3,474.078125,False
1776349126.5325482,801,0,0,0,0,2.309457995579578,0.0,0.010957999620586634,55.82739219142475,39.4,474.078125,False
1776349126.5523221,802,0,0,0,0,2.2434999991673976,0.0,0.011292002454865724,55.82739219142475,44.9,474.078125,False
1776349126.569691,803,0,0,0,0,2.10499999957392,0.0,0.008916002116166055,55.82739219142475,37.7,474.078125,False
1776349126.587178,804,0,0,0,0,2.284166002937127,0.0,0.017291000403929502,55.82739219142475,38.1,474.078125,False
1776349126.6054,805,0,0,0,0,2.3288750016945414,0.0,0.033958000130951405,55.82739219142475,40.3,474.078125,False
1776349126.622891,806,0,0,0,0,2.362082996114623,0.0,0.010458999895490706,55.82739219142475,38.2,474.09375,False
1776349126.640262,807,0,0,0,0,2.2762919979868457,0.0,0.012582997442223132,55.82739219142475,38.1,474.09375,False
1776349126.6580422,808,0,0,0,0,2.3972089984454215,0.0,0.012750002497341484,55.82739219142475,51.0,474.09375,False
1776349126.675833,809,0,0,0,0,2.406250001513399,0.0,0.01116600469686091,55.82739219142475,39.2,474.09375,False
1776349126.693352,810,0,0,0,0,2.4433340004179627,0.0,0.010667004971764982,55.82739219142475,38.1,474.09375,False
1776349126.7114398,811,0,0,0,0,2.447167003992945,0.0,0.012041993613820523,55.82739219142475,40.8,474.09375,False
1776349126.7291331,812,0,0,0,0,2.4048329942161217,0.0,0.007832997653167695,55.82739219142475,38.9,474.109375,False
1776349126.746638,813,0,0,0,0,2.4384999996982515,0.0,0.013292003131937236,55.82739219142475,40.3,474.109375,False
1776349126.765125,814,0,0,0,0,2.408500004094094,0.0,0.01020800118567422,55.82739219142475,53.5,474.109375,False
1776349126.782891,815,0,0,0,0,2.33499999740161,0.0,0.013000004400964826,55.82739219142475,38.7,474.109375,False
1776349126.8007739,816,0,0,0,0,2.3037080027279444,0.0,0.013417004083748907,55.82739219142475,39.8,474.109375,False
1776349126.8187609,817,0,0,0,0,2.243666000140365,0.0,0.008249997335951775,55.82739219142475,39.6,474.109375,False
1776349126.8362792,818,0,0,0,0,2.3195000030682422,0.0,0.008458002412226051,55.82739219142475,39.1,474.109375,False
1776349126.854337,819,0,0,0,0,2.429749998555053,0.0,0.011542004358489066,55.82739219142475,61.9,474.109375,False
1776349126.871775,820,0,0,0,0,2.4348340011783876,0.0,0.028750000637955964,55.82739219142475,39.2,474.109375,False
1776349126.8891149,821,0,0,0,0,2.306166999915149,0.0,0.01208300091093406,55.82739219142475,36.5,474.109375,False
1776349126.9072928,822,0,0,0,0,2.565832997788675,0.0,0.01237499964190647,55.82739219142475,39.9,474.109375,False
1776349126.9249349,823,0,0,0,0,2.341708001040388,0.0,0.010167001164518297,55.82739219142475,37.7,474.109375,False
1776349126.9423501,824,0,0,0,0,2.352333001908846,0.0,0.005250003596302122,55.82739219142475,38.0,474.109375,False
1776349126.959934,825,0,0,0,0,2.4977499997476116,0.0,0.009375005902256817,55.82739219142475,37.4,474.109375,False
1776349126.977736,826,0,0,0,0,2.3688750006840564,0.0,0.008666997018735856,55.82739219142475,42.5,474.109375,False
1776349126.995583,827,0,0,0,0,2.3926670037326403,0.0,0.013250006304588169,55.82739219142475,38.9,474.109375,False
1776349127.012995,828,0,0,0,0,2.4038750052568503,0.0,0.013541997759602964,55.82739219142475,41.3,474.109375,False
1776349127.0301309,829,0,0,0,0,1.9354579999344423,0.0,0.011374999303370714,55.82739219142475,37.0,474.109375,False
1776349127.047431,830,0,0,0,0,2.168332997825928,0.0,0.013042001228313893,55.82739219142475,41.9,474.109375,False
1776349127.064862,831,0,0,0,0,2.091999995172955,0.0,0.007624999852851033,55.82739219142475,37.6,474.109375,False
1776349127.082027,832,0,0,0,0,2.184124998166226,0.0,0.01354100095340982,55.82739219142475,86.5,474.109375,False
1776349127.1041448,833,0,0,0,0,2.0512080009211786,0.0,0.012666001566685736,55.82739219142475,30.8,474.109375,False
1776349127.121144,834,0,0,0,0,2.109208006004337,0.0,0.00837500556372106,55.82739219142475,36.9,474.109375,False
1776349127.138195,835,0,0,0,0,2.121165998687502,0.0,0.009791998309083283,55.82739219142475,36.3,474.109375,False
1776349127.155881,836,0,0,0,0,2.143333993444685,0.0,0.010749994544312358,55.82739219142475,40.1,474.109375,False
1776349127.173449,837,0,0,0,0,2.308499999344349,0.0,0.013083001249469817,55.82739219142475,51.3,474.109375,False
1776349127.190872,838,0,0,0,0,2.191790998040233,0.0,0.012541997421067208,55.82739219142475,36.6,474.109375,False
1776349127.208433,839,0,0,0,0,2.1583339985227212,0.0,0.01237499964190647,55.82739219142475,37.4,474.109375,False
1776349127.225584,840,0,0,0,0,2.1002080029575154,0.0,0.00875000114319846,55.82739219142475,35.7,474.109375,False
1776349127.242764,841,0,0,0,0,2.246957999886945,0.0,0.011874995834659785,55.82739219142475,36.5,474.109375,False
1776349127.2601311,842,0,0,0,0,2.304333000211045,0.0,0.010790994565468282,55.82739219142475,39.4,474.109375,False
1776349127.2775302,843,0,0,0,0,2.245625000796281,0.0,0.00654099858365953,55.82739219142475,47.9,474.109375,False
1776349127.2950258,844,0,0,0,0,2.3175419992185198,0.0,0.013917000615037978,55.82739219142475,38.1,474.109375,False
1776349127.312905,845,0,0,0,0,2.27574999735225,0.0,0.01208300091093406,55.82739219142475,38.3,474.109375,False
1776349127.330354,846,0,0,0,0,2.2358749993145466,0.0,0.007957998604979366,55.82739219142475,37.0,474.109375,False
1776349127.3477042,847,0,0,0,0,2.293625002494082,0.0,0.011666998034343123,56.52966789708032,37.1,474.109375,False
1776349127.36584,848,0,0,0,0,2.259000000776723,0.0,0.011249998351559043,56.52966789708032,39.8,474.109375,False
1776349127.383168,849,0,0,0,0,2.226584001618903,0.0,0.006583999493159354,56.52966789708032,47.4,474.109375,False
1776349127.400907,850,0,0,0,0,2.4640000046929345,0.0,0.012874996173195541,56.52966789708032,38.0,474.109375,False
1776349127.419162,851,0,0,0,0,2.5185829945257865,0.0,0.011792006262112409,56.52966789708032,40.1,474.109375,False
1776349127.437643,852,0,0,0,0,2.3028750001685694,0.0,0.01133399928221479,56.52966789708032,41.3,474.109375,False
1776349127.456311,853,0,0,0,0,2.4072920059552416,0.0,0.009415998647455126,56.52966789708032,42.3,474.109375,False
1776349127.474232,854,0,0,0,0,2.283750000060536,0.0,0.01116600469686091,56.52966789708032,39.9,474.109375,False
1776349127.491756,855,0,0,0,0,2.2959999987506308,0.0,0.014083001588005573,56.52966789708032,48.7,474.109375,False
1776349127.509651,856,0,0,0,0,2.2817499993834645,0.0,0.01208300091093406,56.52966789708032,39.2,474.109375,False
1776349127.527113,857,0,0,0,0,2.2565830004168674,0.0,0.007708993507549167,56.52966789708032,37.4,474.109375,False
1776349127.544724,858,0,0,0,0,2.284709000377916,0.0,0.010790994565468282,56.52966789708032,38.2,474.109375,False
1776349127.5624971,859,0,0,0,0,2.251416000945028,0.0,0.007542003004346043,56.52966789708032,39.6,474.109375,False
1776349127.5799072,860,0,0,0,0,2.3282920010387897,0.0,0.008208000508602709,56.52966789708032,36.9,474.109375,False
1776349127.5976472,861,0,0,0,0,2.333458003704436,0.0,0.010458999895490706,56.52966789708032,49.6,474.109375,False
1776349127.615196,862,0,0,0,0,2.245541996671818,0.0,0.009415998647455126,56.52966789708032,38.1,474.109375,False
1776349127.6330152,863,0,0,0,0,2.383082995947916,0.0,0.011374999303370714,56.52966789708032,38.3,474.109375,False
1776349127.6510122,864,0,0,0,0,2.4707920019864105,0.0,0.012249998690094799,56.52966789708032,38.9,474.109375,False
1776349127.668746,865,0,0,0,0,2.4312500027008355,0.0,0.006041998858563602,56.52966789708032,39.2,474.109375,False
1776349127.686548,866,0,0,0,0,2.499791000445839,0.0,0.012415999663062394,56.52966789708032,38.4,474.109375,False
1776349127.704764,867,0,0,0,0,2.551875004428439,0.0,0.013874996511731297,56.52966789708032,52.0,474.109375,False
1776349127.723136,868,0,0,0,0,2.5359589999425225,0.0,0.007499998901039362,56.52966789708032,40.3,474.109375,False
1776349127.741133,869,0,0,0,0,2.7075409961980768,0.0,0.023917004000395536,56.52966789708032,39.0,474.109375,False
1776349127.759359,870,0,0,0,0,2.619792001496535,0.0,0.011042000551242381,56.52966789708032,39.7,474.109375,False
1776349127.7773252,871,0,0,0,0,2.5789999999688007,0.0,0.007833004929125309,56.52966789708032,39.5,474.109375,False
1776349127.795105,872,0,0,0,0,2.586875001725275,0.0,0.009417002729605883,56.52966789708032,40.0,474.109375,False
1776349127.813288,873,0,0,0,0,2.568042000348214,0.0,0.009999996109399945,56.52966789708032,50.5,474.109375,False
1776349138.1422982,874,0,0,0,0,7.270499998412561,0.0,0.03716700302902609,2.502476053706415,17.5,499.140625,False
1776349138.169312,875,0,0,0,0,3.7781669961987063,0.0,0.02008400042541325,2.502476053706415,62.1,500.953125,False
1776349138.189039,876,0,0,0,0,2.8149999998277053,0.0,0.013790995581075549,2.502476053706415,105.4,500.96875,False
1776349138.2083352,877,0,0,0,0,2.81100000574952,0.0,0.010915995517279953,2.502476053706415,43.0,500.96875,False
1776349138.2276428,878,0,0,0,0,2.6647920021787286,0.0,0.016792000678833574,2.502476053706415,42.4,500.96875,False
1776349138.246372,879,0,0,0,0,2.5266249940614216,0.0,0.01054200401995331,2.502476053706415,42.0,500.984375,False
1776349138.264755,880,0,0,0,0,2.4824580032145604,0.0,0.012541997421067208,2.502476053706415,41.6,500.984375,False
1776349138.283511,881,0,0,0,0,2.5246670047636144,0.0,0.014666999049950391,2.502476053706415,54.0,500.984375,False
1776349138.3023071,882,0,0,0,0,2.4866249950719066,0.0,0.010249998013023287,2.502476053706415,42.5,500.984375,False
1776349138.3204439,883,0,0,0,0,2.483290998497978,0.0,0.014625002222601324,2.502476053706415,40.1,500.984375,False
1776349138.339305,884,0,0,0,0,2.509707999706734,0.0,0.036249999538995326,2.502476053706415,42.8,501.0,False
1776349138.3577652,885,0,0,0,0,2.6904160040430725,0.0,0.011084004654549062,2.502476053706415,41.9,501.0,False
1776349138.376296,886,0,0,0,0,2.2957499968470074,0.0,0.01237499964190647,2.502476053706415,42.4,501.0,False
1776349138.3940449,887,0,0,0,0,2.256749998196028,0.0,0.010042000212706625,2.502476053706415,49.6,501.0,False
1776349138.4117901,888,0,0,0,0,2.493957996193785,0.0,0.01333300315309316,2.502476053706415,38.9,501.0,False
1776349138.429923,889,0,0,0,0,2.4420000045211054,0.0,0.01279199932469055,2.502476053706415,40.5,501.0,False
1776349138.4476118,890,0,0,0,0,2.4031249995459802,0.0,0.008041999535635114,2.502476053706415,39.5,501.0,False
1776349138.465342,891,0,0,0,0,2.4864170045475475,0.0,0.013709002814721316,2.502476053706415,38.8,501.0,False
1776349138.4834151,892,0,0,0,0,2.4650419945828617,0.0,0.013417004083748907,2.502476053706415,41.1,501.0,False
1776349138.500909,893,0,0,0,0,2.344499996979721,0.0,0.009666997357271612,2.502476053706415,51.1,501.0625,False
1776349138.518357,894,0,0,0,0,2.365333006309811,0.0,0.013292003131937236,2.502476053706415,37.9,501.0625,False
1776349138.53652,895,0,0,0,0,2.4334170011570677,0.0,0.011916999937966466,2.502476053706415,40.4,501.0625,False
1776349138.554389,896,0,0,0,0,2.437832998111844,0.0,0.0072920011007227,2.502476053706415,38.8,501.0625,False
1776349138.572157,897,0,0,0,0,2.3217080015456304,0.0,0.012584001524373889,2.502476053706415,39.3,501.078125,False
1776349138.5902731,898,0,0,0,0,2.3670829978073016,0.0,0.012625001545529813,2.502476053706415,39.3,501.078125,False
1776349138.6077282,899,0,0,0,0,2.314125005796086,0.0,0.010083997040055692,2.502476053706415,48.2,501.078125,False
1776349138.626154,900,0,0,0,0,2.407541003776714,0.0,0.012583994248416275,2.502476053706415,40.4,501.078125,False
1776349138.643772,901,0,0,0,0,2.271625002322253,0.0,0.008374998287763447,2.502476053706415,37.6,501.078125,False
1776349138.66116,902,0,0,0,0,2.2552919981535524,0.0,0.009749994205776602,2.502476053706415,36.7,501.078125,False
1776349138.679533,903,0,0,0,0,2.4619579999125563,0.0,0.015416000678669661,2.502476053706415,43.1,501.078125,False
1776349138.697411,904,0,0,0,0,2.199958005803637,0.0,0.016625002899672836,2.502476053706415,39.4,501.078125,False
1776349138.715167,905,0,0,0,0,2.1160000032978132,0.0,0.015333003830164671,2.502476053706415,51.4,501.078125,False
1776349138.73282,906,0,0,0,0,2.2533750016009435,0.0,0.013165998097974807,2.502476053706415,37.7,501.078125,False
1776349138.750103,907,0,0,0,0,2.2587909988942556,0.0,0.00883299799170345,2.502476053706415,36.4,501.078125,False
1776349138.767648,908,0,0,0,0,2.2968750054133125,0.0,0.012917000276502222,2.502476053706415,38.1,501.078125,False
1776349138.7855911,909,0,0,0,0,2.2819580044597387,0.0,0.010167001164518297,2.502476053706415,41.0,501.078125,False
1776349138.803143,910,0,0,0,0,2.252208003483247,0.0,0.0077500008046627045,2.502476053706415,39.3,501.078125,False
1776349138.821346,911,0,0,0,0,2.3077910009305924,0.0,0.01195799995912239,2.502476053706415,55.2,501.078125,False
1776349138.839348,912,0,0,0,0,2.349292000872083,0.0,0.007374997949227691,2.502476053706415,39.7,501.078125,False
1776349138.8568692,913,0,0,0,0,2.297125000040978,0.0,0.008333998266607523,2.502476053706415,37.7,501.078125,False
1776349138.874493,914,0,0,0,0,2.297125000040978,0.0,0.010958996426779777,2.502476053706415,37.6,501.078125,False
1776349138.892301,915,0,0,0,0,2.2791249939473346,0.0,0.008457995136268437,2.502476053706415,39.9,501.078125,False
1776349138.909972,916,0,0,0,0,2.4152080004569143,0.0,0.007499998901039362,2.502476053706415,37.8,501.078125,False
1776349138.927965,917,0,0,0,0,2.4664169977768324,0.0,0.013042001228313893,2.502476053706415,52.4,501.078125,False
1776349138.945431,918,0,0,0,0,2.439416006382089,0.0,0.008542003342881799,2.502476053706415,41.5,501.078125,False
1776349138.962971,919,0,0,0,0,2.3023750036372803,0.0,0.01229200279340148,2.502476053706415,37.3,501.078125,False
1776349138.981688,920,0,0,0,0,2.3337500024354085,0.0,0.012790995242539793,2.502476053706415,41.3,501.078125,False
1776349138.9995341,921,0,0,0,0,2.422124998702202,0.0,0.007290997018571943,2.502476053706415,39.0,501.078125,False
1776349139.0174878,922,0,0,0,0,2.6688750003813766,0.0,0.013083001249469817,2.502476053706415,39.1,501.078125,False
1776349139.036124,923,0,0,0,0,2.5570420039002784,0.0,0.014165998436510563,2.502476053706415,67.1,501.078125,False
1776349139.054136,924,0,0,0,0,2.4029589985730127,0.0,0.0072920011007227,2.502476053706415,39.3,501.078125,False
1776349139.071753,925,0,0,0,0,2.3339159961324185,0.0,0.009917006536852568,2.502476053706415,37.8,501.078125,False
1776349139.09005,926,0,0,0,0,2.489874997991137,0.0,0.013290999049786478,2.502476053706415,40.5,501.078125,False
1776349139.108165,927,0,0,0,0,2.431916000205092,0.0,0.011084004654549062,2.502476053706415,39.2,501.078125,False
1776349139.126428,928,0,0,0,0,2.362374994845595,0.0,0.014834004105068743,2.502476053706415,39.8,501.078125,False
1776349139.143074,929,0,0,0,0,1.9258750035078265,0.0,0.02300000051036477,54.64952052767896,40.8,501.078125,False
1776349139.160085,930,0,0,0,0,2.3899999941932037,0.0,0.017250000382773578,54.64952052767896,41.6,501.078125,False
1776349139.1776261,931,0,0,0,0,2.176915993914008,0.0,0.015875004464760423,54.64952052767896,37.4,501.078125,False
1776349139.194025,932,0,0,0,0,2.142332996299956,0.0,0.00916700082598254,54.64952052767896,39.2,501.078125,False
1776349139.211073,933,0,0,0,0,2.323625005374197,0.0,0.008874994819052517,54.64952052767896,36.6,501.078125,False
1776349139.229001,934,0,0,0,0,2.3743749989080243,0.0,0.014666999049950391,54.64952052767896,38.7,501.078125,False
1776349139.246287,935,0,0,0,0,2.1217500034254044,0.0,0.00962499325396493,54.64952052767896,59.8,501.078125,False
1776349139.2630742,936,0,0,0,0,2.292791999934707,0.0,0.01029099803417921,54.64952052767896,66.0,501.078125,False
1776349139.280894,937,0,0,0,0,2.4182499982998706,0.0,0.012582997442223132,54.64952052767896,38.3,501.078125,False
1776349139.297809,938,0,0,0,0,2.3812920044292696,0.0,0.006207999831531197,54.64952052767896,39.4,501.078125,False
1776349139.315163,939,0,0,0,0,2.37441599892918,0.0,0.01308399805566296,54.64952052767896,36.9,501.078125,False
1776349139.332921,940,0,0,0,0,2.2889160027261823,0.0,0.013290999049786478,54.64952052767896,38.1,501.078125,False
1776349139.350334,941,0,0,0,0,2.2432089972426184,0.0,0.008208000508602709,54.64952052767896,47.6,501.078125,False
1776349139.367717,942,0,0,0,0,2.403667000180576,0.0,0.014291996194515377,54.64952052767896,36.7,501.078125,False
1776349139.385655,943,0,0,0,0,2.422582998406142,0.0,0.01041700306814164,54.64952052767896,39.3,501.078125,False
1776349139.4031649,944,0,0,0,0,2.3896249986137263,0.0,0.005375004548113793,54.64952052767896,38.3,501.078125,False
1776349139.42112,945,0,0,0,0,2.431000000797212,0.0,0.013208999007474631,54.64952052767896,38.7,501.078125,False
1776349139.439408,946,0,0,0,0,2.442208002321422,0.0,0.025791996449697763,54.64952052767896,39.9,501.078125,False
1776349139.457133,947,0,0,0,0,2.6472919998923317,0.0,0.007916998583823442,54.64952052767896,48.7,501.078125,False
1776349139.47509,948,0,0,0,0,2.4367080040974542,0.0,0.011417003406677395,54.64952052767896,38.8,501.078125,False
1776349139.492934,949,0,0,0,0,2.3966250009834766,0.0,0.008916998922359198,54.64952052767896,38.4,501.078125,False
1776349139.51072,950,0,0,0,0,2.471334002621006,0.0,0.012250005966052413,54.64952052767896,39.4,501.078125,False
1776349139.527991,951,0,0,0,0,2.4082920062937774,0.0,0.013833996490575373,54.64952052767896,40.8,501.09375,False
1776349139.545641,952,0,0,0,0,2.2512909999932162,0.0,0.008167000487446785,54.64952052767896,37.8,501.09375,False
1776349139.563274,953,0,0,0,0,2.4110000013024546,0.0,0.007916998583823442,54.64952052767896,49.5,501.09375,False
1776349139.5809312,954,0,0,0,0,2.4304159960593097,0.0,0.010124997061211616,54.64952052767896,38.2,501.09375,False
1776349139.5991302,955,0,0,0,0,2.4271250003948808,0.0,0.008624992915429175,54.64952052767896,40.4,501.09375,False
1776349139.616926,956,0,0,0,0,2.457583999785129,0.0,0.00904199987417087,54.64952052767896,38.2,501.09375,False
1776349139.635063,957,0,0,0,0,2.4606669976492412,0.0,0.011832999007310718,54.64952052767896,40.0,501.09375,False
1776349139.6534889,958,0,0,0,0,2.4900830030674115,0.0,0.008000002708286047,54.64952052767896,54.1,501.09375,False
1776349139.671835,959,0,0,0,0,2.4805840002954938,0.0,0.011791998986154795,54.64952052767896,40.1,501.09375,False
1776349139.690722,960,0,0,0,0,2.568959003838245,0.0,0.009333998605143279,54.64952052767896,41.8,501.09375,False
1776349139.7087061,961,0,0,0,0,2.419459000520874,0.0,0.0067920045694336295,54.64952052767896,39.8,501.09375,False
1776349139.7268312,962,0,0,0,0,2.4713329985388555,0.0,0.008958995749708265,54.64952052767896,40.0,501.09375,False
1776349139.744816,963,0,0,0,0,2.41762500081677,0.0,0.007458002073690295,54.64952052767896,38.9,501.09375,False
1776349139.762493,964,0,0,0,0,2.4327499995706603,0.0,0.009208000847138464,54.64952052767896,48.6,501.09375,False
1776349139.78065,965,0,0,0,0,2.4395829968852922,0.0,0.011542004358489066,54.64952052767896,39.9,501.09375,False
1776349139.798517,966,0,0,0,0,2.403332997346297,0.0,0.007667003956157714,54.64952052767896,38.5,501.09375,False
1776349139.8161259,967,0,0,0,0,2.449416999297682,0.0,0.012290998711250722,54.64952052767896,38.6,501.09375,False
1776349139.834013,968,0,0,0,0,2.3558329994557425,0.0,0.010374998964834958,54.64952052767896,39.0,501.09375,False
1776349139.851608,969,0,0,0,0,2.328125003259629,0.0,0.006417001713998616,54.64952052767896,37.5,501.09375,False
1776349139.869201,970,0,0,0,0,2.2746249960619025,0.0,0.012291995517443866,54.64952052767896,63.6,501.09375,False
1776349139.887177,971,0,0,0,0,2.2706659947289154,0.0,0.01016599708236754,54.64952052767896,39.5,501.203125,False
1776349139.904754,972,0,0,0,0,2.2344579992932267,0.0,0.006249996658880264,54.64952052767896,37.5,501.203125,False
1776349139.922503,973,0,0,0,0,2.2831250025774352,0.0,0.011208001524209976,54.64952052767896,39.0,501.203125,False
1776349139.940874,974,0,0,0,0,2.386959000432398,0.0,0.008125003660097718,54.64952052767896,40.2,501.203125,False
1776349139.958866,975,0,0,0,0,2.3670419977861457,0.0,0.010000003385357559,54.64952052767896,40.0,501.203125,False
1776349139.976782,976,0,0,0,0,2.2695420047966763,0.0,0.009457995474804193,54.64952052767896,60.8,502.03125,False
1776349139.994299,977,0,0,0,0,2.246042000479065,0.0,0.005500005499925464,54.64952052767896,37.2,502.03125,False
1776349140.011575,978,0,0,0,0,2.2823339968454093,0.0,0.005792004230897874,54.64952052767896,36.4,502.03125,False
1776349140.0291588,979,0,0,0,0,2.2834580013295636,0.0,0.00979100150289014,54.64952052767896,39.1,502.03125,False
1776349140.046885,980,0,0,0,0,2.3819580019335262,0.0,0.005917005182709545,54.64952052767896,38.0,502.03125,False
1776349140.064427,981,0,0,0,0,2.4084579999907874,0.0,0.00883299799170345,54.64952052767896,37.3,502.03125,False
1776349140.081878,982,0,0,0,0,2.2592909954255447,0.0,0.00912499672267586,54.64952052767896,40.8,502.046875,False
1776349140.0998888,983,0,0,0,0,2.229750003607478,0.0,0.009417002729605883,54.64952052767896,46.3,502.046875,False
1776349140.117234,984,0,0,0,0,2.4079580034594983,0.0,0.0077079967013560236,54.64952052767896,37.5,502.046875,False
1776349140.134939,985,0,0,0,0,2.4047910046647303,0.0,0.010540999937802553,54.64952052767896,37.9,502.046875,False
1776349140.152381,986,0,0,0,0,2.241875001345761,0.0,0.006250003934837878,56.489556741593745,37.4,502.046875,False
1776349140.169837,987,0,0,0,0,2.2529999987455085,0.0,0.01012500433716923,56.489556741593745,37.0,502.046875,False
1776349140.187583,988,0,0,0,0,2.2701249981764704,0.0,0.008916002116166055,56.489556741593745,38.0,502.046875,False
1776349140.205386,989,0,0,0,0,2.4434170045424253,0.0,0.0048340007197111845,56.489556741593745,60.4,503.359375,False
1776349140.222819,990,0,0,0,0,2.2815840056864545,0.0,0.005416004569269717,56.489556741593745,71.9,503.359375,False
1776349140.240271,991,0,0,0,0,2.3513330015703104,0.0,0.006999995093792677,56.489556741593745,37.0,503.359375,False
1776349140.25771,992,0,0,0,0,2.246832998935133,0.0,0.006624999514315277,56.489556741593745,36.9,503.359375,False
1776349140.2749949,993,0,0,0,0,2.2786669942433946,0.0,0.008041999535635114,56.489556741593745,37.1,503.359375,False
1776349140.292772,994,0,0,0,0,2.4411659978795797,0.0,0.009875002433545887,56.489556741593745,38.1,503.359375,False
1776349140.310563,995,0,0,0,0,2.471041996614076,0.0,0.00695799826644361,56.489556741593745,50.1,503.359375,False
1776349140.328483,996,0,0,0,0,2.457000002323184,0.0,0.009458002750761807,56.489556741593745,39.7,503.359375,False
1776349140.346765,997,0,0,0,0,2.4336249989573844,0.0,0.009749994205776602,56.489556741593745,40.3,503.359375,False
1776349140.3645172,998,0,0,0,0,2.4107499993988313,0.0,0.009540999599266797,56.489556741593745,38.1,503.359375,False
1776349140.382438,999,0,0,0,0,2.421749995846767,0.0,0.009290997695643455,56.489556741593745,38.7,503.359375,False
1776349140.4002528,1000,0,0,0,0,2.4124170013237745,0.0,0.0075409989221952856,56.489556741593745,38.8,503.359375,False
1776349140.417977,1001,0,0,0,0,2.525416995922569,0.0,0.004749999789055437,56.489556741593745,49.6,503.359375,False
1776349140.43599,1002,0,0,0,0,2.4607920058770105,0.0,0.011417003406677395,56.489556741593745,38.9,503.359375,False
1776349140.453948,1003,0,0,0,0,2.413041998806875,0.0,0.006542002665810287,56.489556741593745,38.8,503.359375,False
1776349140.471689,1004,0,0,0,0,2.442292003252078,0.0,0.011124997399747372,56.489556741593745,38.6,503.359375,False
1776349140.4897358,1005,0,0,0,0,2.4798329977784306,0.0,0.022000000171829015,56.489556741593745,39.1,503.359375,False
1776349140.507454,1006,0,0,0,0,2.4508329952368513,0.0,0.006209003913681954,56.489556741593745,38.0,503.359375,False
1776349140.525095,1007,0,0,0,0,2.4744999973336235,0.0,0.006458001735154539,56.489556741593745,53.6,503.359375,False
1776349140.543136,1008,0,0,0,0,2.462624994223006,0.0,0.010584000847302377,56.489556741593745,39.7,503.359375,False
1776349140.560734,1009,0,0,0,0,2.41433300107019,0.0,0.006582995411008596,56.489556741593745,37.5,503.359375,False
1776349140.578881,1010,0,0,0,0,2.453958004480228,0.0,0.012167001841589808,56.489556741593745,39.4,503.359375,False
1776349140.596956,1011,0,0,0,0,2.4164159985957667,0.0,0.007500006176996976,56.489556741593745,39.9,503.359375,False
1776349140.614742,1012,0,0,0,0,2.4587910011177883,0.0,0.009666000551078469,56.489556741593745,38.2,503.359375,False
1776349140.632726,1013,0,0,0,0,2.4384580028709024,0.0,0.008666000212542713,56.489556741593745,53.4,503.359375,False
1776349140.6504161,1014,0,0,0,0,2.3186659964267164,0.0,0.005916997906751931,56.489556741593745,37.9,503.359375,False
1776349140.667843,1015,0,0,0,0,2.2774170065531507,0.0,0.008458999218419194,56.489556741593745,36.9,503.359375,False
1776349140.685777,1016,0,0,0,0,2.2800000006100163,0.0,0.010249998013023287,56.489556741593745,39.2,503.359375,False
1776349140.7036679,1017,0,0,0,0,2.4105839984258637,0.0,0.006709000444971025,56.489556741593745,38.6,503.359375,False
1776349140.7212741,1018,0,0,0,0,2.4395839936914854,0.0,0.011290998372714967,56.489556741593745,38.8,503.359375,False
1776349140.739724,1019,0,0,0,0,2.558542000770103,0.0,0.00695799826644361,56.489556741593745,51.4,503.359375,False
1776349140.757428,1020,0,0,0,0,2.4825829968904145,0.0,0.006624999514315277,56.489556741593745,37.9,503.359375,False
1776349140.775402,1021,0,0,0,0,2.445333004288841,0.0,0.012333999620750546,56.489556741593745,38.8,503.359375,False
1776349140.793634,1022,0,0,0,0,2.427499995974358,0.0,0.009834002412389964,56.489556741593745,40.0,503.359375,False
1776349140.811538,1023,0,0,0,0,2.4834170035319403,0.0,0.008916998922359198,56.489556741593745,38.6,503.359375,False
1776349140.8295739,1024,0,0,0,0,2.4412499988102354,0.0,0.01012500433716923,56.489556741593745,39.1,503.375,False
1776349140.847692,1025,0,0,0,0,2.418957999907434,0.0,0.006374997610691935,56.489556741593745,52.4,503.375,False
1776349140.865553,1026,0,0,0,0,2.4539999940316193,0.0,0.010334006219636649,56.489556741593745,38.5,503.375,False
1776349140.883704,1027,0,0,0,0,2.4413329956587404,0.0,0.00983300560619682,56.489556741593745,40.0,503.375,False
1776349140.901612,1028,0,0,0,0,2.4100840018945746,0.0,0.006665999535471201,56.489556741593745,38.6,503.375,False
1776349140.919457,1029,0,0,0,0,2.460249997966457,0.0,0.01208300091093406,56.489556741593745,38.4,503.375,False
1776349140.937784,1030,0,0,0,0,2.510667000024114,0.0,0.00979100150289014,56.489556741593745,55.3,503.375,False
1776349140.956075,1031,0,0,0,0,2.4798750018817373,0.0,0.00650000583846122,56.489556741593745,39.9,503.375,False
1776349140.974504,1032,0,0,0,0,2.500750000763219,0.0,0.008542003342881799,56.489556741593745,40.7,503.375,False
1776349140.9925592,1033,0,0,0,0,2.44508299510926,0.0,0.007041002390906215,56.489556741593745,39.2,503.375,False
1776349141.010168,1034,0,0,0,0,2.433208006550558,0.0,0.008167000487446785,56.489556741593745,37.5,503.375,False
1776349141.028472,1035,0,0,0,0,2.493457999662496,0.0,0.009209004929289222,56.489556741593745,39.8,503.375,False
1776349141.045721,1036,0,0,0,0,2.2938330002943985,0.0,0.007916998583823442,56.489556741593745,62.7,503.375,False
1776349141.063236,1037,0,0,0,0,2.252749996841885,0.0,0.006833004590589553,56.489556741593745,37.2,503.375,False
1776349141.080812,1038,0,0,0,0,2.4450830023852177,0.0,0.009666997357271612,56.489556741593745,37.4,503.375,False
1776349141.098859,1039,0,0,0,0,2.4435000013909303,0.0,0.010291005310136825,56.489556741593745,39.1,503.375,False
1776349141.116729,1040,0,0,0,0,2.5666250003268942,0.0,0.010957999620586634,56.489556741593745,38.8,503.375,False
1776349141.1345239,1041,0,0,0,0,2.6315420036553405,0.0,0.011916999937966466,56.489556741593745,43.3,503.375,False
1776349141.152918,1042,0,0,0,0,2.296250000654254,0.0,0.011374999303370714,55.97431026762362,42.5,503.375,False
1776349141.169537,1043,0,0,0,0,1.834540998970624,0.0,0.014290999388322234,55.97431026762362,43.5,503.375,False
1776349141.185858,1044,0,0,0,0,2.0188330017845146,0.0,0.014000004739500582,55.97431026762362,38.6,503.375,False
1776349141.203308,1045,0,0,0,0,2.083208004478365,0.0,0.009707997378427535,55.97431026762362,37.0,503.375,False
1776349141.220512,1046,0,0,0,0,2.2548329943674617,0.0,0.0155829984578304,55.97431026762362,37.1,503.375,False
1776349141.237591,1047,0,0,0,0,2.3119170000427403,0.0,0.014500001270789653,55.97431026762362,42.2,503.375,False
1776349141.2554119,1048,0,0,0,0,2.26545799523592,0.0,0.014375000318977982,55.97431026762362,39.2,503.375,False
1776349141.27306,1049,0,0,0,0,2.336249999643769,0.0,0.013625001884065568,55.97431026762362,93.7,503.375,False
1776349141.290601,1050,0,0,0,0,2.261708003061358,0.0,0.012124997738283128,55.97431026762362,37.3,503.375,False
1776349141.307803,1051,0,0,0,0,2.1562500041909516,0.0,0.00875000114319846,55.97431026762362,36.5,503.375,False
1776349141.3255198,1052,0,0,0,0,2.259875000163447,0.0,0.012500000593718141,55.97431026762362,37.9,503.375,False
1776349141.342946,1053,0,0,0,0,2.136582996172365,0.0,0.009666997357271612,55.97431026762362,36.9,503.375,False
1776349141.35953,1054,0,0,0,0,2.106791995174717,0.0,0.005625006451737136,55.97431026762362,37.4,503.375,False
1776349141.376669,1055,0,0,0,0,2.1923749955021776,0.0,0.011749994882848114,55.97431026762362,49.5,503.375,False
1776349141.394273,1056,0,0,0,0,2.278874999319669,0.0,0.011416996130719781,55.97431026762362,37.6,503.375,False
1776349141.4115891,1057,0,0,0,0,2.261749999888707,0.0,0.006499998562503606,55.97431026762362,36.5,503.375,False
1776349141.428777,1058,0,0,0,0,2.3127090025809593,0.0,0.009625000529922545,55.97431026762362,36.7,503.375,False
1776349141.4464772,1059,0,0,0,0,2.272916004585568,0.0,0.009041003067977726,55.97431026762362,37.9,503.375,False
1776349141.4639292,1060,0,0,0,0,2.3671250019106083,0.0,0.009666000551078469,55.97431026762362,37.7,503.375,False
1776349141.4818208,1061,0,0,0,0,2.315125006134622,0.0,0.010083000233862549,55.97431026762362,50.4,503.375,False
1776349141.49932,1062,0,0,0,0,2.261333000205923,0.0,0.00795800588093698,55.97431026762362,37.5,503.375,False
1776349141.5165288,1063,0,0,0,0,2.344165994145442,0.0,0.014083001588005573,55.97431026762362,37.1,503.375,False
1776349141.534532,1064,0,0,0,0,2.3347500027739443,0.0,0.013749995559919626,55.97431026762362,38.9,503.375,False
1776349141.552145,1065,0,0,0,0,2.2733749938197434,0.0,0.007708003977313638,55.97431026762362,38.9,503.375,False
1776349141.569664,1066,0,0,0,0,2.2962909933994524,0.0,0.015124998753890395,55.97431026762362,37.9,503.375,False
1776349141.5878148,1067,0,0,0,0,2.3760000040056184,0.0,0.012124997738283128,55.97431026762362,50.9,503.390625,False
1776349141.605429,1068,0,0,0,0,2.2551250003743917,0.0,0.007334005204029381,55.97431026762362,37.6,503.390625,False
1776349141.6232588,1069,0,0,0,0,2.490416998625733,0.0,0.01383299968438223,55.97431026762362,38.9,503.390625,False
1776349141.641252,1070,0,0,0,0,2.3620409992872737,0.0,0.011833006283268332,55.97431026762362,38.9,503.390625,False
1776349141.658897,1071,0,0,0,0,2.428040999802761,0.0,0.006707996362820268,55.97431026762362,38.6,503.390625,False
1776349141.677587,1072,0,0,0,0,2.497375004168134,0.0,0.009875002433545887,55.97431026762362,54.9,503.390625,False
1776349141.695227,1073,0,0,0,0,2.267541996843647,0.0,0.007415997970383614,55.97431026762362,47.9,503.390625,False
1776349141.712502,1074,0,0,0,0,2.2519170015584677,0.0,0.006458001735154539,55.97431026762362,36.3,503.390625,False
1776349141.730092,1075,0,0,0,0,2.4952079984359443,0.0,0.010415998985990882,55.97431026762362,37.4,503.390625,False
1776349141.747954,1076,0,0,0,0,2.3028750001685694,0.0,0.012167001841589808,55.97431026762362,39.1,503.390625,False
1776349141.7651641,1077,0,0,0,0,2.2496660021715797,0.0,0.006207999831531197,55.97431026762362,40.0,503.390625,False
1776349141.7824562,1078,0,0,0,0,2.1262080044834875,0.0,0.010083000233862549,55.97431026762362,37.2,503.390625,False
1776349141.799783,1079,0,0,0,0,2.1362909974413924,0.0,0.011250005627516657,55.97431026762362,51.5,503.390625,False
1776349141.817018,1080,0,0,0,0,2.2058329996070825,0.0,0.01383299968438223,55.97431026762362,37.4,503.390625,False
1776349141.834083,1081,0,0,0,0,2.1427090032375418,0.0,0.011792006262112409,55.97431026762362,39.2,503.390625,False
1776349141.851268,1082,0,0,0,0,2.1068749992991798,0.0,0.007250004273373634,55.97431026762362,37.2,503.390625,False
1776349141.868549,1083,0,0,0,0,2.1298749998095445,0.0,0.006874994141981006,55.97431026762362,38.5,503.390625,False
1776349141.885979,1084,0,0,0,0,2.1360000027925707,0.0,0.011666998034343123,55.97431026762362,38.3,503.390625,False
1776349141.903685,1085,0,0,0,0,2.2681670016027056,0.0,0.005916997906751931,55.97431026762362,48.9,503.390625,False
1776349141.921043,1086,0,0,0,0,2.3087079971446656,0.0,0.00687500141793862,55.97431026762362,37.3,503.390625,False
1776349141.9387121,1087,0,0,0,0,2.359124999202322,0.0,0.01758400321705267,55.97431026762362,39.1,503.390625,False
1776349141.956566,1088,0,0,0,0,2.3747080049361102,0.0,0.008540999260731041,55.97431026762362,39.6,503.390625,False
1776349141.974101,1089,0,0,0,0,2.311666998139117,0.0,0.009249997674487531,55.97431026762362,39.2,503.390625,False
1776349141.991942,1090,0,0,0,0,2.309374998731073,0.0,0.011624993931036443,55.97431026762362,39.2,503.390625,False
1776349142.009857,1091,0,0,0,0,2.3832090009818785,0.0,0.009040995792020112,55.97431026762362,60.6,503.390625,False
1776349142.027793,1092,0,0,0,0,2.3258749934029765,0.0,0.011749994882848114,55.97431026762362,39.6,503.390625,False
1776349142.045921,1093,0,0,0,0,2.300667001691181,0.0,0.011459000234026462,55.97431026762362,40.6,503.390625,False
1776349142.0633101,1094,0,0,0,0,2.3386660031974316,0.0,0.007417002052534372,55.97431026762362,37.9,503.390625,False
1776349142.080927,1095,0,0,0,0,2.1544580013141967,0.0,0.013459000911097974,55.97431026762362,39.6,503.390625,False
1776349142.098031,1096,0,0,0,0,1.9768340062000789,0.0,0.01195799995912239,55.97431026762362,36.8,503.390625,False
1776349142.115114,1097,0,0,0,0,1.814416995330248,0.0,0.01375000283587724,55.97431026762362,41.3,503.40625,False
1776349142.1318688,1098,0,0,0,0,1.7358750046696514,0.0,0.0159579940373078,55.97431026762362,41.5,503.40625,False
1776349142.148182,1099,0,0,0,0,1.703333000477869,0.0,0.011167001503054053,55.97431026762362,34.5,503.40625,False
1776349142.164053,1100,0,0,0,0,1.596458998392336,0.0,0.007000002369750291,57.320350722755414,31.0,503.40625,False
1776349142.179349,1101,0,0,0,0,1.880374999018386,0.0,0.012958000297658145,57.320350722755414,35.5,503.40625,False
1776349142.1952379,1102,0,0,0,0,1.7849159994511865,0.0,0.012750002497341484,57.320350722755414,36.6,503.40625,False
1776349142.211166,1103,0,0,0,0,1.6648340024403296,0.0,0.0077500008046627045,57.320350722755414,31.7,503.40625,False
1776349142.227108,1104,0,0,0,0,1.7602079969947226,0.0,0.005250003596302122,57.320350722755414,32.0,503.40625,False
1776349142.2433338,1105,0,0,0,0,1.7810410063248128,0.0,0.012750002497341484,57.320350722755414,33.2,503.40625,False
1776349142.2598999,1106,0,0,0,0,1.695832994300872,0.0,0.01058299676515162,57.320350722755414,79.5,503.40625,False
1776349142.276226,1107,0,0,0,0,1.808375003747642,0.0,0.015749996236991137,57.320350722755414,33.1,503.40625,False
1776349142.292605,1108,0,0,0,0,1.81170799623942,0.0,0.011750002158805728,57.320350722755414,35.5,503.40625,False
1776349142.308188,1109,0,0,0,0,1.8982080000569113,0.0,0.012166994565632194,57.320350722755414,35.9,503.40625,False
1776349142.32481,1110,0,0,0,0,2.0225000043865293,0.0,0.009249997674487531,57.320350722755414,35.6,503.421875,False
1776349142.34161,1111,0,0,0,0,1.9184999982826412,0.0,0.011416996130719781,57.320350722755414,34.5,503.421875,False
1776349142.358429,1112,0,0,0,0,1.9790000005741604,0.0,0.008082999556791037,57.320350722755414,45.3,503.4375,False
1776349142.375108,1113,0,0,0,0,2.0083329945919104,0.0,0.007791000825818628,57.320350722755414,34.1,503.4375,False
1776349142.3917818,1114,0,0,0,0,2.150749998691026,0.0,0.01012500433716923,57.320350722755414,39.1,503.4375,False
1776349142.4089339,1115,0,0,0,0,2.106791995174717,0.0,0.009583003702573478,57.320350722755414,35.9,503.4375,False
1776349142.426037,1116,0,0,0,0,2.2762920052628033,0.0,0.009625000529922545,57.320350722755414,35.7,503.4375,False
1776349142.4436228,1117,0,0,0,0,2.2987499978626147,0.0,0.011791998986154795,57.320350722755414,38.0,503.4375,False
1776349142.460494,1118,0,0,0,0,2.26387500151759,0.0,0.006750000466126949,57.320350722755414,50.0,503.4375,False
1776349142.478047,1119,0,0,0,0,2.3023749963613227,0.0,0.013042001228313893,57.320350722755414,38.4,503.4375,False
1776349142.495939,1120,0,0,0,0,2.267084004415665,0.0,0.008124996384140104,57.320350722755414,40.0,503.4375,False
1776349142.513207,1121,0,0,0,0,2.203583004302345,0.0,0.012874996173195541,57.320350722755414,36.3,503.4375,False
1776349142.530401,1122,0,0,0,0,1.975917002710048,0.0,0.01366700598737225,57.320350722755414,36.5,503.4375,False
1776349142.547353,1123,0,0,0,0,2.012292003200855,0.0,0.01304100442212075,57.320350722755414,35.9,503.4375,False
1776349142.564179,1124,0,0,0,0,2.005665999604389,0.0,0.009708994184620678,57.320350722755414,44.5,503.4375,False
1776349142.580808,1125,0,0,0,0,1.910833001602441,0.0,0.010458999895490706,57.320350722755414,34.9,503.4375,False
1776349142.597665,1126,0,0,0,0,1.910915998450946,0.0,0.008958006219472736,57.320350722755414,37.3,503.4375,False
1776349142.613627,1127,0,0,0,0,1.9755839966819622,0.0,0.008416995115112513,57.320350722755414,37.2,503.4375,False
1776349142.630273,1128,0,0,0,0,1.9915829980163835,0.0,0.008165996405296028,57.320350722755414,34.6,503.4375,False
1776349142.6475031,1129,0,0,0,0,2.132417001121212,0.0,0.010957999620586634,57.320350722755414,38.1,503.4375,False
1776349142.66456,1130,0,0,0,0,2.0940409958711825,0.0,0.007458998879883438,57.320350722755414,47.0,503.4375,False
1776349142.6815438,1131,0,0,0,0,2.112291993398685,0.0,0.01020800118567422,57.320350722755414,35.5,503.4375,False
1776349142.6990788,1132,0,0,0,0,2.114374998200219,0.0,0.009208000847138464,57.320350722755414,39.6,503.4375,False
1776349142.7162912,1133,0,0,0,0,2.2354999964591116,0.0,0.005333000444807112,57.320350722755414,36.8,503.4375,False
1776349142.7338712,1134,0,0,0,0,2.290958000230603,0.0,0.012541000614874065,57.320350722755414,37.9,503.4375,False
1776349142.751828,1135,0,0,0,0,2.2685830044792965,0.0,0.00941699545364827,57.320350722755414,39.6,503.4375,False
1776349142.769655,1136,0,0,0,0,2.42416700348258,0.0,0.01937500201165676,57.320350722755414,50.0,503.4375,False
1776349142.7881181,1137,0,0,0,0,2.3891669989097863,0.0,0.01304100442212075,57.320350722755414,42.2,503.4375,False
1776349142.8060129,1138,0,0,0,0,2.3723340054857545,0.0,0.008582996088080108,57.320350722755414,41.0,503.4375,False
1776349142.823528,1139,0,0,0,0,2.5414589981664903,0.0,0.009374998626299202,57.320350722755414,37.9,503.4375,False
1776349142.841504,1140,0,0,0,0,2.405957995506469,0.0,0.011916003131773323,57.320350722755414,39.2,503.4375,False
1776349142.859087,1141,0,0,0,0,2.3951669936650433,0.0,0.007375005225185305,57.320350722755414,37.5,503.4375,False
1776349142.8764641,1142,0,0,0,0,2.429667001706548,0.0,0.018083002942148596,57.320350722755414,48.1,503.4375,False
1776349142.894413,1143,0,0,0,0,2.373625000473112,0.0,0.012582997442223132,57.320350722755414,39.2,503.4375,False
1776349142.9108858,1144,0,0,0,0,2.260582994495053,0.0,0.007124996045604348,57.320350722755414,39.5,503.4375,False
1776349142.92809,1145,0,0,0,0,2.3490000021411106,0.0,0.0059580052038654685,57.320350722755414,36.1,503.4375,False
1776349142.9458501,1146,0,0,0,0,2.4668749974807724,0.0,0.013625001884065568,57.320350722755414,38.1,503.4375,False
1776349142.963697,1147,0,0,0,0,2.4020000055315904,0.0,0.007875001756474376,57.320350722755414,38.4,503.4375,False
1776349142.981178,1148,0,0,0,0,2.344958993489854,0.0,0.011874995834659785,57.320350722755414,49.2,503.4375,False
1776349142.999151,1149,0,0,0,0,2.442290999169927,0.0,0.011249998351559043,57.320350722755414,38.8,503.4375,False
1776349143.0168982,1150,0,0,0,0,2.403041005891282,0.0,0.005792004230897874,57.320350722755414,39.4,503.4375,False
1776349143.034153,1151,0,0,0,0,2.2838340009911917,0.0,0.01220900594489649,57.320350722755414,36.2,503.4375,False
1776349143.052154,1152,0,0,0,0,2.4811250041238964,0.0,0.011874995834659785,57.320350722755414,39.6,503.453125,False
1776349143.0707688,1153,0,0,0,0,2.6051250024465844,0.0,0.006791000487282872,57.320350722755414,69.5,503.453125,False
1776349143.087934,1154,0,0,0,0,2.300749998539686,0.0,0.014457997167482972,57.320350722755414,41.1,503.453125,False
1776349143.106116,1155,0,0,0,0,2.498541995009873,0.0,0.008416995115112513,57.320350722755414,39.5,503.453125,False
1776349143.1236448,1156,0,0,0,0,2.7254160013399087,0.0,0.00866700429469347,57.320350722755414,40.7,503.453125,False
1776349143.142635,1157,0,0,0,0,2.7245840028626844,0.0,0.018040998838841915,57.320350722755414,41.8,503.453125,False
1776349143.160657,1158,0,0,0,0,2.2331250002025627,0.0,0.013500000932253897,57.320350722755414,38.8,503.453125,False
1776349143.178078,1159,0,0,0,0,2.111791000061203,0.0,0.015207995602395386,58.21772650525342,41.6,503.359375,False
1776349143.195159,1160,0,0,0,0,2.1482500014826655,0.0,0.014333003491628915,58.21772650525342,43.9,503.359375,False
1776349143.2123,1161,0,0,0,0,2.103708997310605,0.0,0.007416994776576757,58.21772650525342,61.6,503.359375,False
1776349143.229325,1162,0,0,0,0,2.2891660046298057,0.0,0.014000004739500582,58.21772650525342,68.2,503.359375,False
1776349143.247251,1163,0,0,0,0,2.1567500007222407,0.0,0.020499996026046574,58.21772650525342,39.8,503.359375,False
1776349143.264574,1164,0,0,0,0,2.183083001000341,0.0,0.009292001777794212,58.21772650525342,36.5,503.359375,False
1776349143.282021,1165,0,0,0,0,2.334708005946595,0.0,0.014208002539817244,58.21772650525342,37.0,503.359375,False
1776349143.300134,1166,0,0,0,0,2.3257089997059666,0.0,0.014416997146327049,58.21772650525342,39.9,503.359375,False
1776349143.3171682,1167,0,0,0,0,1.9080419951933436,0.0,0.008541996066924185,58.21772650525342,47.4,503.359375,False
1776349143.3340669,1168,0,0,0,0,1.7080420002457686,0.0,0.013208002201281488,58.21772650525342,34.9,503.359375,False
1776349143.3511739,1169,0,0,0,0,2.4542920000385493,0.0,0.013124998076818883,58.21772650525342,36.3,503.375,False
1776349143.3691149,1170,0,0,0,0,2.354416996240616,0.0,0.018915998225566,58.21772650525342,38.7,503.375,False
1776349143.387519,1171,0,0,0,0,2.3360000050161034,0.0,0.0118750031106174,58.21772650525342,40.2,503.375,False
1776349143.405565,1172,0,0,0,0,2.4218750040745363,0.0,0.008458999218419194,58.21772650525342,39.1,503.375,False
1776349143.423799,1173,0,0,0,0,2.7839589965878986,0.0,0.012625001545529813,58.21772650525342,53.2,503.375,False
1776349143.4420962,1174,0,0,0,0,2.3262079994310625,0.0,0.013957993360236287,58.21772650525342,40.0,503.375,False
1776349143.459713,1175,0,0,0,0,2.242375005153008,0.0,0.008041999535635114,58.21772650525342,37.6,503.375,False
1776349143.476427,1176,0,0,0,0,2.3108329987735488,0.0,0.011375006579328328,58.21772650525342,39.2,503.375,False
1776349143.494499,1177,0,0,0,0,2.4083329990389757,0.0,0.012042000889778137,58.21772650525342,39.3,503.375,False
1776349143.512087,1178,0,0,0,0,2.3237920031533577,0.0,0.007290997018571943,58.21772650525342,37.8,503.375,False
1776349143.529543,1179,0,0,0,0,2.2958329936955124,0.0,0.01129100564867258,58.21772650525342,52.1,503.375,False
1776349143.547431,1180,0,0,0,0,2.263499998662155,0.0,0.009375005902256817,58.21772650525342,39.5,503.375,False
1776349143.564852,1181,0,0,0,0,2.2290420019999146,0.0,0.0054580013966187835,58.21772650525342,36.9,503.375,False
1776349143.582571,1182,0,0,0,0,2.285167000081856,0.0,0.010708004992920905,58.21772650525342,38.6,503.375,False
1776349143.6003351,1183,0,0,0,0,2.248125005280599,0.0,0.00983399513643235,58.21772650525342,39.1,503.375,False
1776349143.617698,1184,0,0,0,0,2.2479999970528297,0.0,0.020667001081164926,58.21772650525342,37.3,503.375,False
1776349143.635854,1185,0,0,0,0,2.2723750007571653,0.0,0.009000003046821803,58.21772650525342,52.0,503.375,False
1776349143.653035,1186,0,0,0,0,2.2439580061472952,0.0,0.00616600300418213,58.21772650525342,40.2,503.375,False
1776349143.67078,1187,0,0,0,0,2.2947079996811226,0.0,0.012165997759439051,58.21772650525342,39.2,503.375,False
1776349143.6884649,1188,0,0,0,0,2.2771250005462207,0.0,0.012042000889778137,58.21772650525342,38.4,503.375,False
1776349143.706466,1189,0,0,0,0,2.3567080061184242,0.0,0.007374997949227691,58.21772650525342,40.2,503.375,False
1776349143.724437,1190,0,0,0,0,2.410375003819354,0.0,0.016375000996049494,58.21772650525342,39.2,503.375,False
1776349143.743131,1191,0,0,0,0,2.2475419973488897,0.0,0.017041005776263773,58.21772650525342,60.8,503.375,False
1776349143.759943,1192,0,0,0,0,1.9744580058613792,0.0,0.014833000022917986,58.21772650525342,40.1,503.375,False
1776349143.777432,1193,0,0,0,0,2.304875000845641,0.0,0.011916003131773323,58.21772650525342,37.1,503.375,False
1776349143.794718,1194,0,0,0,0,2.5104999949689955,0.0,0.014707999071106315,58.21772650525342,39.4,503.375,False
1776349143.812437,1195,0,0,0,0,2.3365000015473925,0.0,0.009791998309083283,58.21772650525342,38.7,503.375,False
1776349143.830014,1196,0,0,0,0,2.2813339965068735,0.0,0.008542003342881799,58.21772650525342,37.5,503.375,False
1776349143.8478248,1197,0,0,0,0,2.2860410026623867,0.0,0.010707997716963291,58.21772650525342,52.1,503.375,False
1776349143.865484,1198,0,0,0,0,2.2322080039884895,0.0,0.007624999852851033,58.21772650525342,37.8,503.375,False
1776349143.883172,1199,0,0,0,0,2.4411249978584237,0.0,0.01274999522138387,58.21772650525342,39.1,503.375,False
1776349143.9012742,1200,0,0,0,0,2.2610419982811436,0.0,0.011666998034343123,58.21772650525342,39.3,503.375,False
1776349143.918981,1201,0,0,0,0,2.3315409998758696,0.0,0.006833004590589553,58.21772650525342,38.3,503.375,False
1776349143.936488,1202,0,0,0,0,2.290875003382098,0.0,0.00695799826644361,58.21772650525342,49.3,503.375,False
1776349143.953995,1203,0,0,0,0,2.224124997155741,0.0,0.004082998202648014,58.21772650525342,38.1,503.375,False
1776349143.97135,1204,0,0,0,0,2.2883750061737373,0.0,0.005041998520027846,58.21772650525342,36.6,503.375,False
1776349143.988697,1205,0,0,0,0,2.2589159998460673,0.0,0.008416995115112513,58.21772650525342,36.6,503.375,False
1776349144.006557,1206,0,0,0,0,2.35929100017529,0.0,0.009334005881100893,58.21772650525342,39.0,503.375,False
1776349144.0242062,1207,0,0,0,0,2.401375000772532,0.0,0.006040994776412845,58.21772650525342,37.7,503.375,False
1776349144.0417438,1208,0,0,0,0,2.3005830007605255,0.0,0.010083000233862549,58.21772650525342,59.2,503.375,False
1776349144.059551,1209,0,0,0,0,2.2899169998709112,0.0,0.01054200401995331,58.21772650525342,39.3,503.375,False
1776349144.076997,1210,0,0,0,0,2.2677919987472706,0.0,0.010083997040055692,58.21772650525342,37.0,503.375,False
1776349144.094551,1211,0,0,0,0,2.2790829971199855,0.0,0.012707998394034803,58.21772650525342,37.3,503.375,False
1776349144.112592,1212,0,0,0,0,2.2502080028061755,0.0,0.011000003723893315,58.21772650525342,39.5,503.375,False
1776349144.130553,1213,0,0,0,0,2.2889999963808805,0.0,0.014792000001762062,58.21772650525342,38.8,503.375,False
1776349144.1485288,1214,0,0,0,0,2.263084003061522,0.0,0.008041999535635114,58.21772650525342,40.9,503.375,False
1776349144.166037,1215,0,0,0,0,2.3191669970401563,0.0,0.0079160017776303,58.21772650525342,41.7,503.375,False
1776349144.183854,1216,0,0,0,0,2.274166006827727,0.0,0.012208998668938875,56.679864409479954,44.2,503.375,False
1776349144.201257,1217,0,0,0,0,2.219417001469992,0.0,0.00695799826644361,56.679864409479954,37.4,503.375,False
1776349144.2184188,1218,0,0,0,0,2.267249998112675,0.0,0.009540999599266797,56.679864409479954,35.9,503.375,False
1776349144.2364411,1219,0,0,0,0,2.3016669947537594,0.0,0.011083000572398305,56.679864409479954,39.0,503.375,False
1776349144.254061,1220,0,0,0,0,2.2317920011118986,0.0,0.0051249953685328364,56.679864409479954,38.5,503.375,False
1776349144.2715368,1221,0,0,0,0,2.269333002914209,0.0,0.012125005014240742,56.679864409479954,37.3,503.375,False
1776349144.289261,1222,0,0,0,0,2.1850840057595633,0.0,0.011832999007310718,56.679864409479954,78.2,503.375,False
1776349144.3068259,1223,0,0,0,0,2.370458998484537,0.0,0.009625000529922545,56.679864409479954,51.9,503.375,False
1776349144.3242319,1224,0,0,0,0,2.4528750000172295,0.0,0.012166994565632194,56.679864409479954,36.8,503.375,False
1776349144.341751,1225,0,0,0,0,2.2635830027866177,0.0,0.011790994904004037,56.679864409479954,37.2,503.375,False
1776349144.35906,1226,0,0,0,0,2.2347089980030432,0.0,0.0064589985413476825,56.679864409479954,37.4,503.375,False
1776349144.376472,1227,0,0,0,0,2.304375004314352,0.0,0.011459000234026462,56.679864409479954,37.6,503.375,False
1776349144.394005,1228,0,0,0,0,2.268417003506329,0.0,0.010791998647619039,56.679864409479954,48.4,503.375,False
1776349144.4113832,1229,0,0,0,0,2.263583999592811,0.0,0.008000002708286047,56.679864409479954,36.7,503.375,False
1776349144.428621,1230,0,0,0,0,2.248208998935297,0.0,0.008249997335951775,56.679864409479954,36.7,503.375,False
1776349144.446414,1231,0,0,0,0,2.4748750001890585,0.0,0.01479100319556892,56.679864409479954,38.1,503.375,False
1776349144.4641101,1232,0,0,0,0,2.399790995696094,0.0,0.006750000466126949,56.679864409479954,38.8,503.375,False
1776349144.4819279,1233,0,0,0,0,2.451332999044098,0.0,0.01412499841535464,56.679864409479954,38.3,503.375,False
1776349144.499926,1234,0,0,0,0,2.463999997416977,0.0,0.011333002476021647,56.679864409479954,51.7,503.375,False
1776349144.5175622,1235,0,0,0,0,2.315584002644755,0.0,0.008208000508602709,56.679864409479954,38.4,503.375,False
1776349144.5354722,1236,0,0,0,0,2.3262920003617182,0.0,0.03429099888307974,56.679864409479954,38.6,503.375,False
1776349144.553372,1237,0,0,0,0,2.298958002938889,0.0,0.00879099388839677,56.679864409479954,38.6,503.390625,False
1776349144.5713751,1238,0,0,0,0,2.4460420027025975,0.0,0.010458999895490706,56.679864409479954,40.6,503.390625,False
1776349144.58879,1239,0,0,0,0,2.350208997086156,0.0,0.011832999007310718,56.679864409479954,41.3,503.390625,False
1776349144.606818,1240,0,0,0,0,2.3758329989505,0.0,0.0075409989221952856,56.679864409479954,50.6,503.390625,False
1776349144.6243808,1241,0,0,0,0,2.409959000942763,0.0,0.005792004230897874,56.679864409479954,38.2,503.390625,False
1776349144.642101,1242,0,0,0,0,2.425791994028259,0.0,0.010124997061211616,56.679864409479954,37.9,503.40625,False
1776349144.6604521,1243,0,0,0,0,2.4211249983636662,0.0,0.01091699959943071,56.679864409479954,40.8,503.40625,False
1776349144.6783302,1244,0,0,0,0,2.312582997546997,0.0,0.00875000114319846,56.679864409479954,39.6,503.40625,False
1776349144.696209,1245,0,0,0,0,2.354333999392111,0.0,0.011083000572398305,56.679864409479954,52.4,503.40625,False
1776349144.713971,1246,0,0,0,0,2.4226669993367977,0.0,0.008541996066924185,56.679864409479954,38.1,503.40625,False
1776349144.731605,1247,0,0,0,0,2.4158750020433217,0.0,0.007333001121878624,56.679864409479954,37.6,503.40625,False
1776349144.749569,1248,0,0,0,0,2.4300000004586764,0.0,0.011582997103687376,56.679864409479954,38.8,503.40625,False
1776349144.767228,1249,0,0,0,0,2.1464160017785616,0.0,0.01245799649041146,56.679864409479954,39.0,503.40625,False
1776349144.785271,1250,0,0,0,0,2.494208005373366,0.0,0.014416997146327049,56.679864409479954,39.1,503.40625,False
1776349144.8034801,1251,0,0,0,0,2.2425000061048195,0.0,0.014707999071106315,56.679864409479954,51.4,503.40625,False
1776349144.821655,1252,0,0,0,0,2.536291998694651,0.0,0.015584002539981157,56.679864409479954,40.3,503.40625,False
1776349144.839912,1253,0,0,0,0,2.6112920022569597,0.0,0.0109999964479357,56.679864409479954,39.8,503.40625,False
1776349144.8580868,1254,0,0,0,0,2.5863749979180284,0.0,0.010749994544312358,56.679864409479954,39.5,503.40625,False
1776349144.8757398,1255,0,0,0,0,2.401083998847753,0.0,0.0077500008046627045,56.679864409479954,39.1,503.40625,False
1776349144.894024,1256,0,0,0,0,2.4977499997476116,0.0,0.03204200038453564,56.679864409479954,39.9,503.40625,False
1776349144.911865,1257,0,0,0,0,2.420625001832377,0.0,0.00920799357118085,56.679864409479954,49.5,503.40625,False
1776349144.929754,1258,0,0,0,0,2.5300420020357706,0.0,0.01612499909242615,56.679864409479954,38.5,503.40625,False
1776349144.947901,1259,0,0,0,0,2.380416997766588,0.0,0.014083001588005573,56.679864409479954,40.0,503.40625,False
1776349144.9654558,1260,0,0,0,0,2.227083001343999,0.0,0.007582995749544352,56.679864409479954,37.4,503.40625,False
1776349144.983158,1261,0,0,0,0,2.281957997183781,0.0,0.01566700666444376,56.679864409479954,38.9,503.40625,False
1776349145.001384,1262,0,0,0,0,2.4987500000861473,0.0,0.011374999303370714,56.679864409479954,53.3,503.40625,False
1776349145.019397,1263,0,0,0,0,2.4147080039256252,0.0,0.007624999852851033,56.679864409479954,39.3,503.40625,False
1776349145.038072,1264,0,0,0,0,2.518708999559749,0.0,0.011084004654549062,56.679864409479954,41.1,503.40625,False
1776349145.056264,1265,0,0,0,0,2.5687080051284283,0.0,0.007458002073690295,56.679864409479954,39.6,503.40625,False
1776349145.074124,1266,0,0,0,0,2.6203750021522865,0.0,0.013917000615037978,56.679864409479954,38.4,503.40625,False
1776349145.0924969,1267,0,0,0,0,2.4510419971193187,0.0,0.012208998668938875,56.679864409479954,41.7,503.40625,False
1776349145.110185,1268,0,0,0,0,2.279667001857888,0.0,0.008082999556791037,56.679864409479954,57.7,503.40625,False
1776349145.127912,1269,0,0,0,0,2.470999999786727,0.0,0.010666997695807368,56.679864409479954,38.0,503.40625,False
1776349145.146057,1270,0,0,0,0,2.478583002812229,0.0,0.013541997759602964,56.679864409479954,39.4,503.40625,False
1776349145.164165,1271,0,0,0,0,2.5778749986784533,0.0,0.009333998605143279,56.679864409479954,39.7,503.40625,False
1776349145.1815722,1272,0,0,0,0,2.498458998161368,0.0,0.016709003830328584,56.99873617113497,41.0,503.40625,False
1776349145.1996968,1273,0,0,0,0,2.2108330012997612,0.0,0.01195799995912239,56.99873617113497,41.5,503.40625,False
1776349145.21716,1274,0,0,0,0,2.2512089999509044,0.0,0.01166600122814998,56.99873617113497,40.2,503.40625,False
1776349145.234056,1275,0,0,0,0,2.0839580029132776,0.0,0.012208001862745732,56.99873617113497,46.5,503.40625,False
1776349145.251169,1276,0,0,0,0,2.066667002509348,0.0,0.01041700306814164,56.99873617113497,84.2,503.40625,False
1776349145.2676852,1277,0,0,0,0,2.108542001224123,0.0,0.007290997018571943,56.99873617113497,35.9,503.40625,False
1776349145.284658,1278,0,0,0,0,2.1704589962610044,0.0,0.013583005056716502,56.99873617113497,35.1,503.40625,False
1776349145.302337,1279,0,0,0,0,2.1759170049335808,0.0,0.010458003089297563,56.99873617113497,40.0,503.40625,False
1776349145.3195782,1280,0,0,0,0,2.0979589971830137,0.0,0.008208000508602709,56.99873617113497,36.2,503.40625,False
1776349145.337067,1281,0,0,0,0,2.1837080057593994,0.0,0.015541001630481333,56.99873617113497,37.4,503.40625,False
1776349145.354767,1282,0,0,0,0,2.108125001541339,0.0,0.010915995517279953,56.99873617113497,50.4,503.40625,False
1776349145.372273,1283,0,0,0,0,2.2833340044599026,0.0,0.013999997463542968,56.99873617113497,37.0,503.40625,False
1776349145.390225,1284,0,0,0,0,2.3698749937466346,0.0,0.010666997695807368,56.99873617113497,40.4,503.40625,False
1776349145.407627,1285,0,0,0,0,2.2564169994439,0.0,0.007457994797732681,56.99873617113497,37.1,503.40625,False
1776349145.424845,1286,0,0,0,0,2.2906669983058237,0.0,0.009707997378427535,56.99873617113497,36.3,503.40625,False
1776349145.4426801,1287,0,0,0,0,2.4685839962330647,0.0,0.014416997146327049,56.99873617113497,48.8,503.40625,False
1776349145.460489,1288,0,0,0,0,2.410833003523294,0.0,0.011374999303370714,56.99873617113497,38.7,503.40625,False
1776349145.47809,1289,0,0,0,0,2.453417000651825,0.0,0.012792006600648165,56.99873617113497,37.5,503.40625,False
1776349145.496041,1290,0,0,0,0,2.395417002844624,0.0,0.010415998985990882,56.99873617113497,39.7,503.40625,False
1776349145.5136309,1291,0,0,0,0,2.3952090050443076,0.0,0.006375004886649549,56.99873617113497,37.5,503.40625,False
1776349145.531043,1292,0,0,0,0,2.4613749992568046,0.0,0.011874995834659785,56.99873617113497,38.8,503.40625,False
1776349145.549354,1293,0,0,0,0,2.355500000703614,0.0,0.02600000152597204,56.99873617113497,47.1,503.40625,False
1776349145.566748,1294,0,0,0,0,2.2396249987650663,0.0,0.007709000783506781,56.99873617113497,42.4,503.40625,False
1776349145.5841222,1295,0,0,0,0,2.448541999910958,0.0,0.009750001481734216,56.99873617113497,40.8,503.40625,False
1776349145.6020072,1296,0,0,0,0,2.278625004692003,0.0,0.008791997970547527,56.99873617113497,39.4,503.40625,False
1776349145.619714,1297,0,0,0,0,2.3994160001166165,0.0,0.006666996341664344,56.99873617113497,38.3,503.40625,False
1776349145.637532,1298,0,0,0,0,2.488124999217689,0.0,0.007291004294529557,56.99873617113497,38.3,503.40625,False
1776349145.6555269,1299,0,0,0,0,2.4213340002461337,0.0,0.011582997103687376,56.99873617113497,51.4,503.40625,False
1776349145.673502,1300,0,0,0,0,2.467792000970803,0.0,0.007415997970383614,56.99873617113497,39.0,503.40625,False
1776349145.6910179,1301,0,0,0,0,2.4247499968623742,0.0,0.011125004675704986,56.99873617113497,37.2,503.40625,False
1776349145.7088158,1302,0,0,0,0,2.2655420034425333,0.0,0.008542003342881799,56.99873617113497,39.1,503.40625,False
1776349145.726248,1303,0,0,0,0,2.2310409985948354,0.0,0.005540998245123774,56.99873617113497,37.7,503.40625,False
1776349145.7438562,1304,0,0,0,0,2.268457996251527,0.0,0.013749995559919626,56.99873617113497,37.6,503.40625,False
1776349145.761889,1305,0,0,0,0,2.245957999548409,0.0,0.011167001503054053,56.99873617113497,50.3,503.40625,False
1776349145.779329,1306,0,0,0,0,2.259499997308012,0.0,0.011249998351559043,56.99873617113497,37.8,503.40625,False
1776349145.797007,1307,0,0,0,0,2.2472909986390732,0.0,0.01091699959943071,56.99873617113497,37.8,503.40625,False
1776349145.814394,1308,0,0,0,0,2.2160000007716008,0.0,0.00687500141793862,56.99873617113497,37.6,503.40625,False
1776349145.8319979,1309,0,0,0,0,2.3695419949945062,0.0,0.012124997738283128,56.99873617113497,37.5,503.40625,False
1776349145.849972,1310,0,0,0,0,2.4205000008805655,0.0,0.0106250008684583,56.99873617113497,39.2,503.40625,False
1776349145.867869,1311,0,0,0,0,2.382459002546966,0.0,0.006624999514315277,56.99873617113497,49.5,503.40625,False
1776349145.88543,1312,0,0,0,0,2.1530840022023767,0.0,0.01204099680762738,56.99873617113497,37.4,503.40625,False
1776349145.902571,1313,0,0,0,0,1.9534579987521283,0.0,0.01029099803417921,56.99873617113497,35.9,503.40625,False
1776349145.919382,1314,0,0,0,0,1.9371659946045838,0.0,0.004917004844173789,56.99873617113497,36.2,503.40625,False
1776349145.935864,1315,0,0,0,0,1.91366599756293,0.0,0.011290998372714967,56.99873617113497,33.3,503.421875,False
1776349145.95313,1316,0,0,0,0,2.1278340063872747,0.0,0.01016599708236754,56.99873617113497,36.3,503.421875,False
1776349145.969841,1317,0,0,0,0,1.9799169967882335,0.0,0.009000003046821803,56.99873617113497,44.5,503.421875,False
1776349145.986806,1318,0,0,0,0,2.0017909992020577,0.0,0.0118750031106174,56.99873617113497,35.7,503.421875,False
1776349146.004243,1319,0,0,0,0,2.081500002532266,0.0,0.007957998604979366,56.99873617113497,36.9,503.421875,False
1776349146.021166,1320,0,0,0,0,2.0732500051963143,0.0,0.00616600300418213,56.99873617113497,35.9,503.421875,False
1776349146.0386162,1321,0,0,0,0,2.333749995159451,0.0,0.03091600228799507,56.99873617113497,37.8,503.421875,False
1776349146.056336,1322,0,0,0,0,2.345790999243036,0.0,0.012708005669992417,56.99873617113497,38.1,503.4375,False
1776349146.072691,1323,0,0,0,0,2.1519169968087226,0.0,0.012333002814557403,56.99873617113497,57.8,503.4375,False
1776349146.089681,1324,0,0,0,0,2.111624999088235,0.0,0.01279199932469055,56.99873617113497,35.3,503.4375,False
1776349146.1073978,1325,0,0,0,0,2.3345420049736276,0.0,0.010249998013023287,56.99873617113497,38.5,503.4375,False
1776349146.125087,1326,0,0,0,0,2.2822909959359095,0.0,0.009249997674487531,56.99873617113497,38.2,503.4375,False
1776349146.143349,1327,0,0,0,0,2.4290000001201406,0.0,0.012624994269572198,56.99873617113497,40.5,503.4375,False
1776349146.160942,1328,0,0,0,0,2.231749997008592,0.0,0.007791997632011771,56.99873617113497,37.5,503.4375,False
1776349146.178405,1329,0,0,0,0,2.355124997848179,0.0,0.0062920007621869445,56.99873617113497,39.0,503.4375,False
1776349146.196123,1330,0,0,0,0,2.277958999911789,0.0,0.011209005606360734,56.31109165051864,44.8,503.4375,False
1776349146.213603,1331,0,0,0,0,2.344458000152372,0.0,0.007375005225185305,56.31109165051864,40.2,503.4375,False
1776349146.2309918,1332,0,0,0,0,2.2915410008863546,0.0,0.011000003723893315,56.31109165051864,37.0,503.4375,False
1776349146.248769,1333,0,0,0,0,2.271165998536162,0.0,0.011042000551242381,56.31109165051864,38.1,503.4375,False
1776349146.26624,1334,0,0,0,0,2.21649999730289,0.0,0.006667003617621958,56.31109165051864,37.1,503.4375,False
1776349146.283556,1335,0,0,0,0,2.4111669990816154,0.0,0.006250003934837878,56.31109165051864,37.6,503.4375,False
1776349146.3013608,1336,0,0,0,0,2.43837499874644,0.0,0.011874995834659785,56.31109165051864,38.7,503.4375,False
1776349146.318927,1337,0,0,0,0,2.097583004797343,0.0,0.006791000487282872,56.31109165051864,92.2,503.4375,False
1776349146.336365,1338,0,0,0,0,2.29320799553534,0.0,0.011125004675704986,56.31109165051864,36.9,503.4375,False
1776349146.354101,1339,0,0,0,0,2.2870000029797666,0.0,0.012958000297658145,56.31109165051864,38.5,503.4375,False
1776349146.371586,1340,0,0,0,0,2.239166002254933,0.0,0.01750000228639692,56.31109165051864,37.0,503.4375,False
1776349146.3887959,1341,0,0,0,0,2.1636250021401793,0.0,0.03837500116787851,56.31109165051864,36.4,503.4375,False
1776349146.406691,1342,0,0,0,0,2.3410840003634803,0.0,0.008208997314795852,56.31109165051864,38.6,503.4375,False
1776349146.4240682,1343,0,0,0,0,2.319250001164619,0.0,0.006709000444971025,56.31109165051864,48.0,503.4375,False
1776349146.441528,1344,0,0,0,0,2.26433300122153,0.0,0.011125004675704986,56.31109165051864,37.4,503.4375,False
1776349146.459491,1345,0,0,0,0,2.2507920002681203,0.0,0.009707997378427535,56.31109165051864,38.8,503.4375,False
1776349146.477136,1346,0,0,0,0,2.487584002665244,0.0,0.009374998626299202,56.31109165051864,38.6,503.4375,False
1776349146.495181,1347,0,0,0,0,2.436165996186901,0.0,0.010584000847302377,56.31109165051864,39.1,503.4375,False
1776349146.5131469,1348,0,0,0,0,2.5004999988595955,0.0,0.012208001862745732,56.31109165051864,50.2,503.4375,False
1776349146.530945,1349,0,0,0,0,2.4645000012242235,0.0,0.012874996173195541,56.31109165051864,39.3,503.4375,False
1776349146.548717,1350,0,0,0,0,2.262624999275431,0.0,0.012750002497341484,56.31109165051864,38.7,503.4375,False
1776349146.566228,1351,0,0,0,0,2.2165420014061965,0.0,0.006374997610691935,56.31109165051864,37.2,503.4375,False
1776349146.583748,1352,0,0,0,0,2.4532919997000135,0.0,0.0118750031106174,56.31109165051864,37.2,503.4375,False
1776349146.601847,1353,0,0,0,0,2.4259589990833774,0.0,0.011666998034343123,56.31109165051864,39.2,503.4375,False
1776349146.6194959,1354,0,0,0,0,2.4068329948931932,0.0,0.00616600300418213,56.31109165051864,49.5,503.4375,False
1776349146.636771,1355,0,0,0,0,2.490332997695077,0.0,0.005000001692678779,56.31109165051864,39.6,503.4375,False
1776349146.655238,1356,0,0,0,0,2.4420839981758036,0.0,0.010958996426779777,56.31109165051864,40.5,503.4375,False
1776349146.6737359,1357,0,0,0,0,2.4074999964796007,0.0,0.0077500008046627045,56.31109165051864,41.3,503.4375,False
1776349146.6914828,1358,0,0,0,0,2.2948749974602833,0.0,0.014750003174412996,56.31109165051864,38.0,503.4375,False
1776349146.709594,1359,0,0,0,0,2.2635000059381127,0.0,0.01120899833040312,56.31109165051864,39.3,503.4375,False
1776349146.72695,1360,0,0,0,0,2.2416670035454445,0.0,0.008665992936585099,56.31109165051864,46.5,503.4375,False
1776349146.7447271,1361,0,0,0,0,2.4036249960772693,0.0,0.015334000636357814,56.31109165051864,39.5,503.4375,False
1776349146.762468,1362,0,0,0,0,2.2332500011543743,0.0,0.008208000508602709,56.31109165051864,38.1,503.4375,False
1776349146.778893,1363,0,0,0,0,2.2768749986425973,0.0,0.0056249991757795215,56.31109165051864,38.1,503.4375,False
1776349146.797204,1364,0,0,0,0,2.4292079979204573,0.0,0.0109999964479357,56.31109165051864,40.7,503.4375,False
1776349146.814804,1365,0,0,0,0,2.2187089998624288,0.0,0.007250004273373634,56.31109165051864,37.5,503.4375,False
1776349146.832258,1366,0,0,0,0,2.2807499990449287,0.0,0.012541000614874065,56.31109165051864,48.3,503.4375,False
1776349146.850126,1367,0,0,0,0,2.2862920013722032,0.0,0.012290998711250722,56.31109165051864,39.2,503.4375,False
1776349146.8677602,1368,0,0,0,0,2.228083998488728,0.0,0.008124996384140104,56.31109165051864,38.2,503.4375,False
1776349146.8853152,1369,0,0,0,0,2.260332999867387,0.0,0.009875002433545887,56.31109165051864,37.4,503.4375,False
1776349146.903029,1370,0,0,0,0,2.261708999867551,0.0,0.011916999937966466,56.31109165051864,38.0,503.4375,False
1776349146.920532,1371,0,0,0,0,2.2193749973666854,0.0,0.00758399983169511,56.31109165051864,37.2,503.4375,False
1776349146.938545,1372,0,0,0,0,2.3409170025843196,0.0,0.015124998753890395,56.31109165051864,53.6,503.4375,False
1776349146.9567518,1373,0,0,0,0,2.4133330007316545,0.0,0.009374998626299202,56.31109165051864,40.3,503.4375,False
1776349146.973273,1374,0,0,0,0,2.3215830005938187,0.0,0.009249997674487531,56.31109165051864,38.9,503.4375,False
1776349146.9906251,1375,0,0,0,0,2.238957997178659,0.0,0.007957998604979366,56.31109165051864,37.2,503.4375,False
1776349147.008171,1376,0,0,0,0,2.2807500063208863,0.0,0.011750002158805728,56.31109165051864,37.3,503.4375,False
1776349147.025834,1377,0,0,0,0,2.275250000820961,0.0,0.007999995432328433,56.31109165051864,49.4,503.4375,False
1776349147.043691,1378,0,0,0,0,2.282582994666882,0.0,0.011124997399747372,56.31109165051864,38.9,503.4375,False
1776349147.061497,1379,0,0,0,0,2.252874997793697,0.0,0.009250004950445145,56.31109165051864,39.0,503.4375,False
1776349147.07892,1380,0,0,0,0,2.379833997110836,0.0,0.00875000114319846,56.31109165051864,36.9,503.4375,False
1776349147.0968802,1381,0,0,0,0,2.3061249958118424,0.0,0.014833996829111129,56.31109165051864,38.8,503.4375,False
1776349147.114464,1382,0,0,0,0,2.232500002719462,0.0,0.00870799703989178,56.31109165051864,37.5,503.4375,False
1776349147.131871,1383,0,0,0,0,2.2809999936725944,0.0,0.011166994227096438,56.31109165051864,62.3,503.4375,False
1776349147.1497002,1384,0,0,0,0,2.289084004587494,0.0,0.009457995474804193,56.31109165051864,39.8,503.4375,False
1776349147.1671932,1385,0,0,0,0,2.3348339964286424,0.0,0.009583003702573478,56.31109165051864,37.1,503.4375,False
1776349147.184191,1386,0,0,0,0,2.39424999745097,0.0,0.01512500602984801,56.31109165051864,45.7,503.4375,False
1776349147.202498,1387,0,0,0,0,2.420167002128437,0.0,0.014833000022917986,56.64782033845294,41.0,503.453125,False
1776349147.2200341,1388,0,0,0,0,1.9517089967848733,0.0,0.009582996426615864,56.64782033845294,38.8,503.453125,False
1776349147.236649,1389,0,0,0,0,2.092709000862669,0.0,0.011000003723893315,56.64782033845294,38.3,503.453125,False
1776349147.253334,1390,0,0,0,0,2.079709003737662,0.0,0.01279199932469055,56.64782033845294,40.8,503.453125,False
1776349147.270571,1391,0,0,0,0,1.9777079942286946,0.0,0.009874995157588273,56.64782033845294,85.8,503.453125,False
1776349147.28752,1392,0,0,0,0,2.0512089977273718,0.0,0.012832999345846474,56.64782033845294,38.5,503.453125,False
1776349147.304957,1393,0,0,0,0,2.0810829955735244,0.0,0.01020800118567422,56.64782033845294,36.9,503.453125,False
1776349147.32222,1394,0,0,0,0,2.229082994745113,0.0,0.014582998119294643,56.64782033845294,36.2,503.453125,False
1776349147.34012,1395,0,0,0,0,2.361541999562178,0.0,0.012333002814557403,56.64782033845294,39.1,503.453125,False
1776349147.357834,1396,0,0,0,0,2.2838750010123476,0.0,0.010458003089297563,56.64782033845294,38.7,503.453125,False
1776349147.375268,1397,0,0,0,0,2.2460840045823716,0.0,0.010666000889614224,56.64782033845294,46.5,503.453125,False
1776349147.392757,1398,0,0,0,0,2.2941670031286776,0.0,0.013374999980442226,56.64782033845294,37.6,503.453125,False
1776349147.41074,1399,0,0,0,0,2.4447920004604384,0.0,0.011000003723893315,56.64782033845294,38.9,503.453125,False
1776349147.42826,1400,0,0,0,0,2.2292089997790754,0.0,0.007500006176996976,56.64782033845294,37.2,503.453125,False
1776349147.445917,1401,0,0,0,0,2.4474590027239174,0.0,0.009292001777794212,56.64782033845294,37.7,503.453125,False
1776349147.463992,1402,0,0,0,0,2.4147090007318184,0.0,0.009000003046821803,56.64782033845294,40.6,503.453125,False
1776349147.481622,1403,0,0,0,0,2.4641669951961376,0.0,0.006750000466126949,56.64782033845294,48.4,503.453125,False
1776349147.4996119,1404,0,0,0,0,2.458582996041514,0.0,0.011249998351559043,56.64782033845294,38.9,503.453125,False
1776349147.517351,1405,0,0,0,0,2.3042079992592335,0.0,0.006999995093792677,56.64782033845294,38.9,503.453125,False
1776349147.534871,1406,0,0,0,0,2.358249999815598,0.0,0.014083001588005573,56.64782033845294,37.2,503.453125,False
1776349147.552955,1407,0,0,0,0,2.268459000333678,0.0,0.013082993973512203,56.64782033845294,39.2,503.46875,False
1776349147.570771,1408,0,0,0,0,2.3472500033676624,0.0,0.005957997927907854,56.64782033845294,39.3,503.46875,False
1776349147.588546,1409,0,0,0,0,2.4362499971175566,0.0,0.013541997759602964,56.64782033845294,52.1,503.46875,False
1776349147.606883,1410,0,0,0,0,2.564041002187878,0.0,0.009374998626299202,56.64782033845294,40.0,503.46875,False
1776349147.6246731,1411,0,0,0,0,2.4056670008576475,0.0,0.008583003364037722,56.64782033845294,38.2,503.46875,False
1776349147.6422899,1412,0,0,0,0,2.5091669958783314,0.0,0.013333999959286302,56.64782033845294,42.8,503.46875,False
1776349147.66049,1413,0,0,0,0,2.4200410043704323,0.0,0.009832998330239207,56.64782033845294,39.6,503.46875,False
1776349147.678508,1414,0,0,0,0,2.6702079994720407,0.0,0.01029099803417921,56.64782033845294,55.1,503.46875,False
1776349147.6966121,1415,0,0,0,0,2.4326249986188486,0.0,0.011916999937966466,56.64782033845294,39.8,503.46875,False
1776349147.714537,1416,0,0,0,0,2.4011670029722154,0.0,0.00841599830891937,56.64782033845294,38.7,503.46875,False
1776349147.732172,1417,0,0,0,0,2.470042003551498,0.0,0.008957998943515122,56.64782033845294,37.6,503.46875,False
1776349147.750303,1418,0,0,0,0,2.453042005072348,0.0,0.010624993592500687,56.64782033845294,39.4,503.46875,False
1776349147.767753,1419,0,0,0,0,2.387917003943585,0.0,0.008209004590753466,56.64782033845294,39.8,503.46875,False
1776349147.785629,1420,0,0,0,0,2.4439580010948703,0.0,0.011167001503054053,56.64782033845294,54.3,503.46875,False
1776349147.803877,1421,0,0,0,0,2.426624996587634,0.0,0.009875002433545887,56.64782033845294,39.7,503.46875,False
1776349147.8218958,1422,0,0,0,0,2.409249995253049,0.0,0.023749998945277184,56.64782033845294,38.9,503.46875,False
1776349147.8400729,1423,0,0,0,0,2.540749999752734,0.0,0.011541000276338309,56.64782033845294,40.2,503.46875,False
1776349147.858288,1424,0,0,0,0,2.4641249983687885,0.0,0.009666997357271612,56.64782033845294,39.7,503.46875,False
1776349147.875901,1425,0,0,0,0,2.4680420028744265,0.0,0.009041003067977726,56.64782033845294,38.7,503.46875,False
1776349147.893943,1426,0,0,0,0,2.4736249979468994,0.0,0.0118750031106174,56.64782033845294,52.8,503.46875,False
1776349147.911833,1427,0,0,0,0,2.436458002193831,0.0,0.011042000551242381,56.64782033845294,38.5,503.46875,False
1776349147.929823,1428,0,0,0,0,2.4518749996786937,0.0,0.010416995792184025,56.64782033845294,38.9,503.46875,False
1776349147.948061,1429,0,0,0,0,2.4366249999729916,0.0,0.01274999522138387,56.64782033845294,40.3,503.46875,False
1776349147.965878,1430,0,0,0,0,2.390042005572468,0.0,0.00870799703989178,56.64782033845294,38.3,503.46875,False
1776349147.9834619,1431,0,0,0,0,2.3540000038337894,0.0,0.010708994523156434,56.64782033845294,39.0,503.46875,False
1776349148.0016398,1432,0,0,0,0,2.404583996394649,0.0,0.01229200279340148,56.64782033845294,50.4,503.46875,False
1776349148.019388,1433,0,0,0,0,2.248666998639237,0.0,0.009000003046821803,56.64782033845294,38.5,503.46875,False
1776349148.037672,1434,0,0,0,0,2.3895420017652214,0.0,0.008458002412226051,56.64782033845294,39.8,503.46875,False
1776349148.0559602,1435,0,0,0,0,2.4883750011213124,0.0,0.011417003406677395,56.64782033845294,39.9,503.46875,False
1776349148.074912,1436,0,0,0,0,2.654666001035366,0.0,0.01575000351294875,56.64782033845294,42.0,503.46875,False
1776349148.092693,1437,0,0,0,0,2.274291997309774,0.0,0.011166994227096438,56.64782033845294,63.2,503.46875,False
1776349148.110486,1438,0,0,0,0,2.398041993728839,0.0,0.008041999535635114,56.64782033845294,38.6,503.46875,False
1776349148.128005,1439,0,0,0,0,2.3689579975325614,0.0,0.007000002369750291,56.64782033845294,37.2,503.46875,False
1776349148.14557,1440,0,0,0,0,2.4011660061660223,0.0,0.011500000255182385,56.64782033845294,38.3,503.46875,False
1776349148.163679,1441,0,0,0,0,2.376249998633284,0.0,0.009666000551078469,56.64782033845294,39.3,503.46875,False
1776349148.18111,1442,0,0,0,0,2.321166997717228,0.0,0.0051249953685328364,56.64782033845294,36.9,503.46875,False
1776349148.198751,1443,0,0,0,0,2.34387499949662,0.0,0.01158300437964499,56.64782033845294,38.6,503.46875,False
1776349148.216757,1444,0,0,0,0,2.2557919946848415,0.0,0.009582996426615864,56.1878008419874,45.5,503.46875,False
1776349148.234109,1445,0,0,0,0,2.285999995365273,0.0,0.005791000148747116,56.1878008419874,41.4,503.46875,False
1776349148.2517838,1446,0,0,0,0,2.2523750012624077,0.0,0.011084004654549062,56.1878008419874,37.8,503.46875,False
1776349148.26946,1447,0,0,0,0,2.2178750004968606,0.0,0.006833004590589553,56.1878008419874,38.2,503.46875,False
1776349148.2871108,1448,0,0,0,0,2.4156250001396984,0.0,0.010791001841425896,56.1878008419874,37.7,503.46875,False
1776349148.3050501,1449,0,0,0,0,2.4295839975820854,0.0,0.0109999964479357,56.1878008419874,39.6,503.46875,False
1776349148.323224,1450,0,0,0,0,2.4797919977572747,0.0,0.007417002052534372,56.1878008419874,39.5,503.46875,False
1776349148.340791,1451,0,0,0,0,2.267042000312358,0.0,0.015749996236991137,56.1878008419874,75.8,503.46875,False
1776349148.3586519,1452,0,0,0,0,2.292208002472762,0.0,0.01200000406242907,56.1878008419874,58.1,503.46875,False
1776349148.375964,1453,0,0,0,0,2.2467500020866282,0.0,0.00883299799170345,56.1878008419874,36.5,503.46875,False
1776349148.3933399,1454,0,0,0,0,2.245957999548409,0.0,0.011791998986154795,56.1878008419874,37.1,503.46875,False
1776349148.4110432,1455,0,0,0,0,2.265333001560066,0.0,0.012541997421067208,56.1878008419874,38.4,503.46875,False
1776349148.428328,1456,0,0,0,0,2.2371250015567057,0.0,0.007916998583823442,56.1878008419874,36.4,503.46875,False
1776349148.4461188,1457,0,0,0,0,2.3679169971728697,0.0,0.011167001503054053,56.1878008419874,49.4,503.46875,False
1776349148.463799,1458,0,0,0,0,2.2439160020439886,0.0,0.00875000114319846,56.1878008419874,38.4,503.46875,False
1776349148.481482,1459,0,0,0,0,2.4922500015236437,0.0,0.012167001841589808,56.1878008419874,37.8,503.46875,False
1776349148.499553,1460,0,0,0,0,2.434583002468571,0.0,0.010791001841425896,56.1878008419874,40.1,503.484375,False
1776349148.5174122,1461,0,0,0,0,2.3932080002850853,0.0,0.006916998245287687,56.1878008419874,38.4,503.484375,False
1776349148.535027,1462,0,0,0,0,2.4748750001890585,0.0,0.012625001545529813,56.1878008419874,37.6,503.484375,False
1776349148.553216,1463,0,0,0,0,2.451708998705726,0.0,0.011916999937966466,56.1878008419874,51.4,503.484375,False
1776349148.57118,1464,0,0,0,0,2.3979580000741407,0.0,0.007959002687130123,56.1878008419874,38.8,503.484375,False
1776349148.5888908,1465,0,0,0,0,2.4738749998505227,0.0,0.010374998964834958,56.1878008419874,37.9,503.484375,False
1776349148.6068969,1466,0,0,0,0,2.413207999779843,0.0,0.00758399983169511,56.1878008419874,40.6,503.484375,False
1776349148.6245902,1467,0,0,0,0,2.395083000010345,0.0,0.019499995687510818,56.1878008419874,37.8,503.484375,False
1776349148.642731,1468,0,0,0,0,2.38679199537728,0.0,0.01012500433716923,56.1878008419874,39.9,503.484375,False
1776349148.660706,1469,0,0,0,0,2.4168750023818575,0.0,0.00870799703989178,56.1878008419874,51.2,503.5,False
1776349148.678272,1470,0,0,0,0,2.4045419995673,0.0,0.005832996976096183,56.1878008419874,37.4,503.5,False
1776349148.696198,1471,0,0,0,0,2.405833001830615,0.0,0.010458999895490706,56.1878008419874,38.7,503.5,False
1776349148.714168,1472,0,0,0,0,2.3835840038373135,0.0,0.0072920011007227,56.1878008419874,40.0,503.5,False
1776349148.7316449,1473,0,0,0,0,2.3838339984649792,0.0,0.0056249991757795215,56.1878008419874,37.3,503.5,False
1776349148.7493849,1474,0,0,0,0,2.311291995283682,0.0,0.008874994819052517,56.1878008419874,49.8,503.5,False
1776349148.7672262,1475,0,0,0,0,2.2817919962108135,0.0,0.011832999007310718,56.1878008419874,50.4,503.5,False
1776349148.785812,1476,0,0,0,0,2.33733299683081,0.0,0.0162090000230819,56.1878008419874,40.9,503.5,False
1776349148.8039439,1477,0,0,0,0,2.0979589971830137,0.0,0.014375000318977982,56.1878008419874,41.3,503.5,False
1776349148.8213272,1478,0,0,0,0,2.1389579997048713,0.0,0.01562500256113708,56.1878008419874,39.9,503.5,False
1776349148.8389802,1479,0,0,0,0,2.291499993589241,0.0,0.0149589977809228,56.1878008419874,39.0,503.5,False
1776349148.8570619,1480,0,0,0,0,2.3240410009748302,0.0,0.011374999303370714,56.1878008419874,40.1,503.5,False
1776349148.874798,1481,0,0,0,0,2.327915994101204,0.0,0.010792005923576653,56.1878008419874,48.7,503.5,False
1776349148.892757,1482,0,0,0,0,2.314666999154724,0.0,0.013249999028630555,56.1878008419874,38.8,503.5,False
1776349148.910296,1483,0,0,0,0,2.260209002997726,0.0,0.008416995115112513,56.1878008419874,38.8,503.5,False
1776349148.9276621,1484,0,0,0,0,2.2296250026556663,0.0,0.0075409989221952856,56.1878008419874,36.7,503.5,False
1776349148.94508,1485,0,0,0,0,2.26575000124285,0.0,0.011582997103687376,56.1878008419874,36.9,503.5,False
1776349148.962859,1486,0,0,0,0,2.2596670023631305,0.0,0.010875002772081643,56.1878008419874,38.2,503.5,False
1776349148.980463,1487,0,0,0,0,2.2409169978345744,0.0,0.008500006515532732,56.1878008419874,49.4,503.5,False
1776349148.99793,1488,0,0,0,0,2.2759170024073683,0.0,0.013374999980442226,56.1878008419874,37.0,503.5,False
1776349149.015976,1489,0,0,0,0,2.4223340005846694,0.0,0.008000002708286047,56.1878008419874,40.2,503.5,False
1776349149.0336618,1490,0,0,0,0,2.3909579977043904,0.0,0.005791000148747116,56.1878008419874,37.9,503.5,False
1776349149.0518909,1491,0,0,0,0,2.498165995348245,0.0,0.011333002476021647,56.1878008419874,40.1,503.5,False
1776349149.070121,1492,0,0,0,0,2.3314170030062087,0.0,0.012750002497341484,56.1878008419874,64.6,503.515625,False
1776349149.08828,1493,0,0,0,0,2.3282920010387897,0.0,0.009417002729605883,56.1878008419874,39.4,503.515625,False
1776349149.1063209,1494,0,0,0,0,2.3705839994363487,0.0,0.01208300091093406,56.1878008419874,39.8,503.515625,False
1776349149.1241531,1495,0,0,0,0,2.360500002396293,0.0,0.007499998901039362,56.1878008419874,39.2,503.515625,False
1776349149.141609,1496,0,0,0,0,2.2699590044794604,0.0,0.011249998351559043,56.1878008419874,37.0,503.515625,False
1776349149.1595001,1497,0,0,0,0,2.255792001960799,0.0,0.011874995834659785,56.1878008419874,38.5,503.515625,False
1776349149.1771111,1498,0,0,0,0,2.2313750014291145,0.0,0.008041999535635114,56.1878008419874,38.2,503.515625,False
1776349149.194624,1499,0,0,0,0,2.257708998513408,0.0,0.012333002814557403,56.1878008419874,40.1,503.515625,False
1776349149.212447,1500,0,0,0,0,2.2731249991920777,0.0,0.010916002793237567,56.1878008419874,41.4,503.515625,False
1776349149.229794,1501,0,0,0,0,2.338417005375959,0.0,0.012125005014240742,56.27111779247584,42.4,503.515625,False
1776349149.247328,1502,0,0,0,0,2.208707999670878,0.0,0.016332996892742813,56.27111779247584,40.7,503.515625,False
1776349149.264682,1503,0,0,0,0,2.1393339993664995,0.0,0.01375000283587724,56.27111779247584,39.7,503.515625,False
1776349149.281573,1504,0,0,0,0,2.1884589950786904,0.0,0.010000003385357559,56.27111779247584,36.2,503.515625,False
1776349149.2988548,1505,0,0,0,0,2.0792499999515712,0.0,0.013124998076818883,56.27111779247584,36.7,503.515625,False
1776349149.316237,1506,0,0,0,0,2.100042001984548,0.0,0.008332994184456766,56.27111779247584,88.7,503.515625,False
1776349149.3336918,1507,0,0,0,0,2.2879590032971464,0.0,0.01208300091093406,56.27111779247584,37.0,503.515625,False
1776349149.351496,1508,0,0,0,0,2.329584000108298,0.0,0.01629199687158689,56.27111779247584,38.2,503.515625,False
1776349149.368934,1509,0,0,0,0,1.9545840041246265,0.0,0.013917000615037978,56.27111779247584,37.5,503.515625,False
1776349149.3864262,1510,0,0,0,0,1.9793749961536378,0.0,0.013999997463542968,56.27111779247584,37.1,503.515625,False
1776349149.40366,1511,0,0,0,0,1.9945000021834858,0.0,0.011958996765315533,56.27111779247584,45.4,503.515625,False
1776349149.41981,1512,0,0,0,0,2.157041999453213,0.0,0.008542003342881799,56.27111779247584,41.0,503.515625,False
1776349149.4362812,1513,0,0,0,0,1.9794999971054494,0.0,0.00904199987417087,56.27111779247584,36.7,503.515625,False
1776349149.4536471,1514,0,0,0,0,2.1918749989708886,0.0,0.014166995242703706,56.27111779247584,36.6,503.515625,False
1776349149.4710588,1515,0,0,0,0,2.0935409993398935,0.0,0.010458999895490706,56.27111779247584,36.9,503.515625,False
1776349149.4879,1516,0,0,0,0,2.335708006285131,0.0,0.009208000847138464,56.27111779247584,38.5,503.515625,False
1776349149.506248,1517,0,0,0,0,2.298999999766238,0.0,0.045082997530698776,56.27111779247584,41.1,503.515625,False
1776349149.523987,1518,0,0,0,0,2.399165998212993,0.0,0.007208996976260096,56.27111779247584,49.0,503.515625,False
1776349149.5415769,1519,0,0,0,0,2.343375002965331,0.0,0.013707998732570559,56.27111779247584,37.5,503.515625,False
1776349149.559406,1520,0,0,0,0,2.3016249979264103,0.0,0.014208002539817244,56.27111779247584,39.0,503.515625,False
1776349149.577153,1521,0,0,0,0,2.2412079997593537,0.0,0.01049999991664663,56.27111779247584,38.1,503.515625,False
1776349149.594914,1522,0,0,0,0,2.3287080039153807,0.0,0.012999997125007212,56.27111779247584,38.1,503.515625,False
1776349149.612919,1523,0,0,0,0,2.299040999787394,0.0,0.023790998966433108,56.27111779247584,48.9,503.515625,False
1776349149.63056,1524,0,0,0,0,2.3496249996242113,0.0,0.012500000593718141,56.27111779247584,40.5,503.515625,False
1776349149.648376,1525,0,0,0,0,2.281458000652492,0.0,0.013459000911097974,56.27111779247584,38.3,503.515625,False
1776349149.6660569,1526,0,0,0,0,2.2317500042845495,0.0,0.007500006176996976,56.27111779247584,37.8,503.515625,False
1776349149.6837409,1527,0,0,0,0,2.4754999976721592,0.0,0.011000003723893315,56.27111779247584,38.2,503.515625,False
1776349149.7019148,1528,0,0,0,0,2.3068330046953633,0.0,0.01424999936716631,56.27111779247584,39.6,503.515625,False
1776349149.719528,1529,0,0,0,0,2.393291004409548,0.0,0.013500000932253897,56.27111779247584,55.9,503.515625,False
1776349149.7376409,1530,0,0,0,0,2.326499998162035,0.0,0.014625002222601324,56.27111779247584,40.6,503.515625,False
1776349149.7561321,1531,0,0,0,0,2.4817079975036904,0.0,0.028333997761365026,56.27111779247584,40.5,503.515625,False
1776349149.773966,1532,0,0,0,0,2.506958997400943,0.0,0.010624993592500687,56.27111779247584,38.9,503.515625,False
1776349149.791669,1533,0,0,0,0,2.3347499954979867,0.0,0.01133399928221479,56.27111779247584,37.9,503.53125,False
1776349149.809609,1534,0,0,0,0,2.2816660057287663,0.0,0.011584001185838133,56.27111779247584,39.4,503.53125,False
1776349149.827297,1535,0,0,0,0,2.239374996861443,0.0,0.009415998647455126,56.27111779247584,48.8,503.53125,False
1776349149.844788,1536,0,0,0,0,2.328624999790918,0.0,0.005750000127591193,56.27111779247584,37.9,503.53125,False
1776349149.861974,1537,0,0,0,0,2.218207999248989,0.0,0.003957997250836343,56.27111779247584,36.0,503.53125,False
1776349149.879337,1538,0,0,0,0,2.372249997279141,0.0,0.003374996595084667,56.27111779247584,37.3,503.53125,False
1776349149.896862,1539,0,0,0,0,2.393832997768186,0.0,0.0037909994716756046,56.27111779247584,37.2,503.53125,False
1776349149.915055,1540,0,0,0,0,2.499209003872238,0.0,0.01091699959943071,56.27111779247584,39.5,503.53125,False
1776349149.933568,1541,0,0,0,0,2.4435000013909303,0.0,0.009666000551078469,56.27111779247584,54.8,503.53125,False
1776349149.951817,1542,0,0,0,0,2.447291997668799,0.0,0.011207994248252362,56.27111779247584,40.5,503.53125,False
1776349149.9705238,1543,0,0,0,0,2.2691250051138923,0.0,0.007917005859781057,56.27111779247584,41.3,503.53125,False
1776349149.988411,1544,0,0,0,0,2.2538340053870343,0.0,0.01087499549612403,56.27111779247584,38.5,503.53125,False
1776349150.007079,1545,0,0,0,0,2.3212079977383837,0.0,0.03245800326112658,56.27111779247584,41.7,503.53125,False
1776349150.025356,1546,0,0,0,0,2.408624997769948,0.0,0.0077079967013560236,56.27111779247584,39.9,503.53125,False
1776349150.043843,1547,0,0,0,0,2.359332997002639,0.0,0.013042001228313893,56.27111779247584,56.1,503.53125,False
1776349150.0624158,1548,0,0,0,0,2.3567499956698157,0.0,0.011625001206994057,56.27111779247584,41.5,503.53125,False
1776349150.080524,1549,0,0,0,0,2.6025419938378036,0.0,0.00804100272944197,56.27111779247584,39.3,503.53125,False
1776349150.0985029,1550,0,0,0,0,2.263000002130866,0.0,0.012042000889778137,56.27111779247584,38.8,503.53125,False
1776349150.115621,1551,0,0,0,0,2.218665998952929,0.0,0.006666996341664344,56.27111779247584,38.8,503.53125,False
1776349150.133078,1552,0,0,0,0,2.4547089997213334,0.0,0.011125004675704986,56.27111779247584,37.5,503.53125,False
1776349150.151383,1553,0,0,0,0,2.3278330045286566,0.0,0.011000003723893315,56.27111779247584,65.6,503.53125,False
1776349150.1691442,1554,0,0,0,0,2.232417005870957,0.0,0.007500006176996976,56.27111779247584,38.1,503.53125,False
1776349150.186625,1555,0,0,0,0,2.3226249977597035,0.0,0.006541005859617144,56.27111779247584,37.1,503.53125,False
1776349150.204556,1556,0,0,0,0,2.3819580019335262,0.0,0.012041004083584994,56.27111779247584,38.7,503.53125,False
1776349150.222555,1557,0,0,0,0,2.2448330055340193,0.0,0.010250005288980901,56.27111779247584,39.4,503.53125,False
1776349150.240546,1558,0,0,0,0,2.545167000789661,0.0,0.010167001164518297,56.40492677455566,38.9,503.53125,False
1776349150.258914,1559,0,0,0,0,2.4815000069793314,0.0,0.009916999260894954,56.40492677455566,46.9,503.53125,False
1776349150.276683,1560,0,0,0,0,2.2508749971166253,0.0,0.00916700082598254,56.40492677455566,42.8,503.53125,False
1776349150.294143,1561,0,0,0,0,2.160249998269137,0.0,0.009540999599266797,56.40492677455566,90.4,503.53125,False
1776349150.31163,1562,0,0,0,0,2.23658300092211,0.0,0.008916002116166055,56.40492677455566,37.1,503.53125,False
1776349150.3289878,1563,0,0,0,0,2.217332999862265,0.0,0.005750000127591193,56.40492677455566,37.0,503.53125,False
1776349150.3462799,1564,0,0,0,0,2.272500001708977,0.0,0.01266699837287888,56.40492677455566,36.4,503.53125,False
1776349150.3642728,1565,0,0,0,0,2.2546670006704517,0.0,0.009208000847138464,56.40492677455566,39.8,503.53125,False
1776349150.381653,1566,0,0,0,0,2.2253749993979,0.0,0.006291003955993801,56.40492677455566,37.8,503.53125,False
1776349150.399455,1567,0,0,0,0,2.3061249958118424,0.0,0.014042001566849649,56.40492677455566,50.1,503.53125,False
1776349150.417651,1568,0,0,0,0,2.418582997051999,0.0,0.012249998690094799,56.40492677455566,39.8,503.53125,False
1776349150.4358451,1569,0,0,0,0,2.3267500000656582,0.0,0.008333998266607523,56.40492677455566,39.8,503.53125,False
1776349150.4543428,1570,0,0,0,0,2.3922079999465495,0.0,0.015666999388486147,56.40492677455566,40.5,503.53125,False
1776349150.47272,1571,0,0,0,0,2.325084002222866,0.0,0.008625000191386789,56.40492677455566,41.7,503.53125,False
1776349150.490983,1572,0,0,0,0,2.454082998156082,0.0,0.01029099803417921,56.40492677455566,40.8,503.53125,False
1776349150.5095592,1573,0,0,0,0,2.35508300102083,0.0,0.014166995242703706,56.40492677455566,52.7,503.53125,False
1776349150.5276859,1574,0,0,0,0,2.319042003364302,0.0,0.007375005225185305,56.40492677455566,40.2,503.53125,False
1776349150.5455518,1575,0,0,0,0,2.4384580028709024,0.0,0.011208001524209976,56.40492677455566,38.5,503.53125,False
1776349150.564008,1576,0,0,0,0,2.5149169960059226,0.0,0.011666998034343123,56.40492677455566,40.5,503.53125,False
1776349150.582355,1577,0,0,0,0,2.285957998537924,0.0,0.007124996045604348,56.40492677455566,41.5,503.546875,False
1776349150.600424,1578,0,0,0,0,2.3042920001898892,0.0,0.010957999620586634,56.40492677455566,52.6,503.546875,False
1776349150.618392,1579,0,0,0,0,2.2479999970528297,0.0,0.009832998330239207,56.40492677455566,38.8,503.546875,False
1776349150.636464,1580,0,0,0,0,2.428874999168329,0.0,0.00904199987417087,56.40492677455566,39.8,503.546875,False
1776349150.6544619,1581,0,0,0,0,2.256625004520174,0.0,0.01012500433716923,56.40492677455566,38.9,503.546875,False
1776349150.672278,1582,0,0,0,0,2.230416997917928,0.0,0.01654199877521023,56.40492677455566,39.0,503.546875,False
1776349150.68974,1583,0,0,0,0,2.3432079979102127,0.0,0.009999996109399945,56.40492677455566,37.1,503.546875,False
1776349150.7075908,1584,0,0,0,0,2.319749997695908,0.0,0.008332994184456766,56.40492677455566,51.3,503.546875,False
1776349150.725402,1585,0,0,0,0,2.3959169993759133,0.0,0.007791997632011771,56.40492677455566,38.3,503.546875,False
1776349150.743093,1586,0,0,0,0,2.410916997177992,0.0,0.011457996151875705,56.40492677455566,37.8,503.546875,False
1776349150.7610419,1587,0,0,0,0,2.42416700348258,0.0,0.011457996151875705,56.40492677455566,38.7,503.546875,False
1776349150.778781,1588,0,0,0,0,2.437834002193995,0.0,0.00804100272944197,56.40492677455566,39.9,503.546875,False
1776349150.796931,1589,0,0,0,0,2.5133750023087487,0.0,0.01416700251866132,56.40492677455566,39.4,503.546875,False
1776349150.815468,1590,0,0,0,0,2.4518749996786937,0.0,0.011208001524209976,56.40492677455566,53.3,503.546875,False
1776349150.832991,1591,0,0,0,0,2.441292002913542,0.0,0.011500000255182385,56.40492677455566,38.5,503.546875,False
1776349150.850991,1592,0,0,0,0,2.302125001733657,0.0,0.012416996469255537,56.40492677455566,39.4,503.546875,False
1776349150.868711,1593,0,0,0,0,2.2339999995892867,0.0,0.008208000508602709,56.40492677455566,37.9,503.546875,False
1776349150.8863082,1594,0,0,0,0,2.2645839999313466,0.0,0.009625000529922545,56.40492677455566,38.5,503.546875,False
1776349150.903981,1595,0,0,0,0,2.290124997671228,0.0,0.011916999937966466,56.40492677455566,51.9,503.546875,False
1776349150.921692,1596,0,0,0,0,2.2291249988484196,0.0,0.008625000191386789,56.40492677455566,38.2,503.546875,False
1776349150.9395158,1597,0,0,0,0,2.3638749989913777,0.0,0.010875002772081643,56.40492677455566,38.3,503.546875,False
1776349150.957481,1598,0,0,0,0,2.379915997153148,0.0,0.010374998964834958,56.40492677455566,38.8,503.546875,False
1776349150.975057,1599,0,0,0,0,2.2427919975598343,0.0,0.008916998922359198,56.40492677455566,38.2,503.546875,False
1776349150.992498,1600,0,0,0,0,2.238667002529837,0.0,0.006583002686966211,56.40492677455566,37.7,503.546875,False
1776349151.009909,1601,0,0,0,0,2.3719579985481687,0.0,0.011124997399747372,56.40492677455566,51.2,503.546875,False
1776349151.027483,1602,0,0,0,0,2.245917006803211,0.0,0.0072920011007227,56.40492677455566,38.0,503.546875,False
1776349151.044839,1603,0,0,0,0,2.3073749980540015,0.0,0.009542003681417555,56.40492677455566,36.6,503.546875,False
1776349151.0625448,1604,0,0,0,0,2.26454199582804,0.0,0.01020800118567422,56.40492677455566,37.9,503.546875,False
1776349151.0800261,1605,0,0,0,0,2.2952500003157184,0.0,0.005249996320344508,56.40492677455566,37.6,503.546875,False
1776349151.097674,1606,0,0,0,0,2.4440419947495684,0.0,0.011750002158805728,56.40492677455566,38.3,503.5625,False
1776349151.115446,1607,0,0,0,0,2.254541002912447,0.0,0.010750001820269972,56.40492677455566,59.9,503.5625,False
1776349151.133059,1608,0,0,0,0,2.285582995682489,0.0,0.016332996892742813,56.40492677455566,37.5,503.5625,False
1776349151.151159,1609,0,0,0,0,2.2679169996990822,0.0,0.011791998986154795,56.40492677455566,39.8,503.5625,False
1776349151.168981,1610,0,0,0,0,2.2337499976856634,0.0,0.007917005859781057,56.40492677455566,38.3,503.5625,False
1776349151.186535,1611,0,0,0,0,2.269457996590063,0.0,0.007916998583823442,56.40492677455566,38.4,503.5625,False
1776349151.2045178,1612,0,0,0,0,2.2667500015813857,0.0,0.011707998055499047,56.40492677455566,38.8,503.5625,False
1776349151.222829,1613,0,0,0,0,2.49670899938792,0.0,0.010875002772081643,56.40492677455566,41.6,503.5625,False
1776349151.240334,1614,0,0,0,0,2.562333997047972,0.0,0.019833001715596765,56.86715688629819,41.8,503.5625,False
1776349151.2584178,1615,0,0,0,0,2.4191250049625523,0.0,0.015416997484862804,56.86715688629819,42.5,503.5625,False
1776349151.275224,1616,0,0,0,0,1.946374999533873,0.0,0.014500001270789653,56.86715688629819,42.4,503.5625,False
1776349151.292246,1617,0,0,0,0,2.0378330009407364,0.0,0.011500000255182385,56.86715688629819,37.1,503.5625,False
1776349151.309613,1618,0,0,0,0,2.2735000020475127,0.0,0.014833000022917986,56.86715688629819,36.7,503.5625,False
1776349151.3269818,1619,0,0,0,0,2.1936659977654926,0.0,0.007457994797732681,56.86715688629819,46.0,503.5625,False
1776349151.343584,1620,0,0,0,0,2.286540999193676,0.0,0.014083001588005573,56.86715688629819,88.7,503.5625,False
1776349151.361546,1621,0,0,0,0,2.2924160002730787,0.0,0.014291996194515377,56.86715688629819,39.3,503.5625,False
1776349151.378964,1622,0,0,0,0,2.2398750006686896,0.0,0.009875002433545887,56.86715688629819,36.9,503.5625,False
1776349151.396707,1623,0,0,0,0,2.3037499995552935,0.0,0.01358399458695203,56.86715688629819,39.0,503.5625,False
1776349151.414685,1624,0,0,0,0,2.246333002403844,0.0,0.012042000889778137,56.86715688629819,39.2,503.5625,False
1776349151.43213,1625,0,0,0,0,2.2367920028045774,0.0,0.007791997632011771,56.86715688629819,37.0,503.5625,False
1776349151.4497,1626,0,0,0,0,2.3175000023911707,0.0,0.0106250008684583,56.86715688629819,46.9,503.5625,False
1776349151.467488,1627,0,0,0,0,2.2631660031038336,0.0,0.012834003427997231,56.86715688629819,38.2,503.5625,False
1776349151.4850519,1628,0,0,0,0,2.2200830062502064,0.0,0.007374997949227691,56.86715688629819,37.9,503.5625,False
1776349151.502666,1629,0,0,0,0,2.4259999991045333,0.0,0.011040996469091624,56.86715688629819,39.1,503.5625,False
1776349151.520658,1630,0,0,0,0,2.2485829977085814,0.0,0.011625001206994057,56.86715688629819,38.9,503.5625,False
1776349151.538211,1631,0,0,0,0,2.2265409934334457,0.0,0.007250004273373634,56.86715688629819,37.4,503.5625,False
1776349151.5566678,1632,0,0,0,0,2.3824999952921644,0.0,0.01049999991664663,56.86715688629819,52.6,503.5625,False
1776349151.574782,1633,0,0,0,0,2.334124998014886,0.0,0.007791997632011771,56.86715688629819,39.3,503.5625,False
1776349151.592224,1634,0,0,0,0,2.2702920032315888,0.0,0.008374998287763447,56.86715688629819,37.0,503.5625,False
1776349151.6101818,1635,0,0,0,0,2.264417002152186,0.0,0.011042000551242381,56.86715688629819,40.2,503.5625,False
1776349151.6277661,1636,0,0,0,0,2.2345830002450384,0.0,0.006624999514315277,56.86715688629819,37.5,503.5625,False
1776349151.645219,1637,0,0,0,0,2.306624999619089,0.0,0.013707998732570559,56.86715688629819,50.9,503.5625,False
1776349151.663449,1638,0,0,0,0,2.4503749955329113,0.0,0.012958000297658145,56.86715688629819,40.1,503.5625,False
1776349151.681234,1639,0,0,0,0,2.412290996289812,0.0,0.008584000170230865,56.86715688629819,38.2,503.5625,False
1776349151.699043,1640,0,0,0,0,2.412624999124091,0.0,0.012250005966052413,56.86715688629819,38.2,503.5625,False
1776349151.717196,1641,0,0,0,0,2.4220419945777394,0.0,0.010832998668774962,56.86715688629819,40.2,503.5625,False
1776349151.735013,1642,0,0,0,0,2.395625000644941,0.0,0.006667003617621958,56.86715688629819,38.3,503.5625,False
1776349151.7533991,1643,0,0,0,0,2.4783330009086058,0.0,0.010957999620586634,56.86715688629819,53.8,503.5625,False
1776349151.771327,1644,0,0,0,0,2.4017079995246604,0.0,0.00875000114319846,56.86715688629819,38.7,503.5625,False
1776349151.789084,1645,0,0,0,0,2.485083998180926,0.0,0.02062500425381586,56.86715688629819,38.1,503.5625,False
1776349151.807211,1646,0,0,0,0,2.464290999341756,0.0,0.009499999578110874,56.86715688629819,40.1,503.5625,False
1776349151.8247712,1647,0,0,0,0,2.4906250037020072,0.0,0.010540999937802553,56.86715688629819,41.5,503.5625,False
1776349151.842497,1648,0,0,0,0,2.449457999318838,0.0,0.012249998690094799,56.86715688629819,38.0,503.5625,False
1776349151.860666,1649,0,0,0,0,2.4258749981527217,0.0,0.011124997399747372,56.86715688629819,51.6,503.5625,False
1776349151.8784142,1650,0,0,0,0,2.392000002146233,0.0,0.006333997589536011,56.86715688629819,38.1,503.5625,False
1776349151.896076,1651,0,0,0,0,2.4150000026565976,0.0,0.007833994459360838,56.86715688629819,37.7,503.5625,False
1776349151.914279,1652,0,0,0,0,2.6222080050501972,0.0,0.012083997717127204,56.86715688629819,40.1,503.5625,False
1776349151.932341,1653,0,0,0,0,2.4564170016674325,0.0,0.007415997970383614,56.86715688629819,39.1,503.5625,False
1776349151.9503732,1654,0,0,0,0,2.4665829987498,0.0,0.015958001313265413,56.86715688629819,45.1,503.5625,False
1776349151.9689689,1655,0,0,0,0,2.4829579997458495,0.0,0.01129199517890811,56.86715688629819,47.6,503.5625,False
1776349151.987798,1656,0,0,0,0,2.4258330013253726,0.0,0.01083400275092572,56.86715688629819,42.1,503.5625,False
1776349152.006073,1657,0,0,0,0,2.3236669949255884,0.0,0.0272089964710176,56.86715688629819,39.7,503.5625,False
1776349152.024127,1658,0,0,0,0,2.4919999996200204,0.0,0.008167000487446785,56.86715688629819,40.3,503.5625,False
1776349152.041947,1659,0,0,0,0,2.4655829984112643,0.0,0.011832999007310718,56.86715688629819,38.3,503.5625,False
1776349152.05984,1660,0,0,0,0,2.263166999910027,0.0,0.011458003427833319,56.86715688629819,50.0,503.5625,False
1776349152.077481,1661,0,0,0,0,2.2369579965015873,0.0,0.007667003956157714,56.86715688629819,37.7,503.5625,False
1776349152.094989,1662,0,0,0,0,2.3999580007512122,0.0,0.010708994523156434,56.86715688629819,37.2,503.578125,False
1776349152.1133518,1663,0,0,0,0,2.459708004607819,0.0,0.012584001524373889,56.86715688629819,40.1,503.578125,False
1776349152.131063,1664,0,0,0,0,2.3424579994753003,0.0,0.007041999197099358,56.86715688629819,39.1,503.578125,False
1776349152.149337,1665,0,0,0,0,2.5601669985917397,0.0,0.015416000678669661,56.86715688629819,39.7,503.578125,False
1776349152.1673431,1666,0,0,0,0,2.256916995975189,0.0,0.009208000847138464,56.86715688629819,59.4,503.578125,False
1776349152.184968,1667,0,0,0,0,2.2303330042632297,0.0,0.0075409989221952856,56.86715688629819,38.0,503.578125,False
1776349152.2024052,1668,0,0,0,0,2.282875000673812,0.0,0.011832999007310718,56.86715688629819,36.9,503.578125,False
1776349152.220463,1669,0,0,0,0,2.2583750032936223,0.0,0.009249997674487531,56.86715688629819,39.5,503.578125,False
1776349152.238166,1670,0,0,0,0,2.2426669966080226,0.0,0.029082999390084296,56.86715688629819,38.1,503.578125,False
1776349152.25581,1671,0,0,0,0,2.2735419988748617,0.0,0.01195799995912239,55.27403073192588,37.9,503.578125,False
1776349152.274465,1672,0,0,0,0,2.5484590005362406,0.0,0.010292002116329968,55.27403073192588,45.6,503.578125,False
1776349152.292583,1673,0,0,0,0,2.2832499962532893,0.0,0.009667004633229226,55.27403073192588,41.2,503.578125,False
1776349152.310336,1674,0,0,0,0,2.2290830020210706,0.0,0.011582997103687376,55.27403073192588,41.1,503.578125,False
1776349152.3275352,1675,0,0,0,0,1.8877920010709204,0.0,0.006250003934837878,55.27403073192588,87.6,503.578125,False
1776349152.344043,1676,0,0,0,0,1.9687920066644438,0.0,0.011749994882848114,55.27403073192588,33.4,503.578125,False
1776349152.3617952,1677,0,0,0,0,2.1370419999584556,0.0,0.012999997125007212,55.27403073192588,38.0,503.578125,False
1776349152.3789399,1678,0,0,0,0,2.090249996399507,0.0,0.00795800588093698,55.27403073192588,35.9,503.59375,False
1776349152.396087,1679,0,0,0,0,2.303082997968886,0.0,0.010708994523156434,55.27403073192588,36.6,503.59375,False
1776349152.413704,1680,0,0,0,0,2.1349160015233792,0.0,0.01304100442212075,55.27403073192588,37.6,503.59375,False
1776349152.4309042,1681,0,0,0,0,2.080584003124386,0.0,0.006040994776412845,55.27403073192588,47.0,503.59375,False
1776349152.4480472,1682,0,0,0,0,2.277957995829638,0.0,0.008208000508602709,55.27403073192588,36.3,503.59375,False
1776349152.465802,1683,0,0,0,0,2.425250000669621,0.0,0.011167001503054053,55.27403073192588,38.1,503.59375,False
1776349152.483434,1684,0,0,0,0,2.379791003477294,0.0,0.0069160014390945435,55.27403073192588,37.6,503.59375,False
1776349152.5007339,1685,0,0,0,0,2.2820830054115504,0.0,0.008124996384140104,55.27403073192588,37.2,503.59375,False
1776349152.5186188,1686,0,0,0,0,2.4397080051130615,0.0,0.011042000551242381,55.27403073192588,38.5,503.59375,False
1776349152.5367758,1687,0,0,0,0,2.3981249978533015,0.0,0.005916001100558788,55.27403073192588,51.3,503.59375,False
1776349152.554531,1688,0,0,0,0,2.4994160048663616,0.0,0.013459000911097974,55.27403073192588,38.7,503.59375,False
1776349152.5737028,1689,0,0,0,0,2.5328749979962595,0.0,0.03333299537189305,55.27403073192588,42.6,503.59375,False
1776349152.592133,1690,0,0,0,0,2.4044589954428375,0.0,0.009541006875224411,55.27403073192588,40.4,503.59375,False
1776349152.611299,1691,0,0,0,0,2.5731670029927045,0.0,0.011167001503054053,55.27403073192588,42.6,503.59375,False
1776349152.629055,1692,0,0,0,0,2.4005420054891147,0.0,0.005875001079402864,55.27403073192588,51.4,503.59375,False
1776349152.6468391,1693,0,0,0,0,2.4543749968870543,0.0,0.01237499964190647,55.27403073192588,38.1,503.59375,False
1776349152.665083,1694,0,0,0,0,2.438457995594945,0.0,0.01274999522138387,55.27403073192588,39.7,503.59375,False
1776349152.682867,1695,0,0,0,0,2.3957500015967526,0.0,0.006082998879719526,55.27403073192588,38.2,503.59375,False
1776349152.700471,1696,0,0,0,0,2.4027089966693893,0.0,0.005707996024284512,55.27403073192588,38.3,503.59375,False
1776349152.718554,1697,0,0,0,0,2.4957090063253418,0.0,0.011833006283268332,55.27403073192588,39.2,503.59375,False
1776349152.736404,1698,0,0,0,0,2.452125001582317,0.0,0.005957997927907854,55.27403073192588,58.7,503.59375,False
1776349152.754451,1699,0,0,0,0,2.3617080005351454,0.0,0.010792005923576653,55.27403073192588,39.7,503.59375,False
1776349152.772606,1700,0,0,0,0,2.3154590016929433,0.0,0.010749994544312358,55.27403073192588,39.4,503.59375,False
1776349152.791073,1701,0,0,0,0,2.3472500033676624,0.0,0.00841599830891937,55.27403073192588,40.5,503.59375,False
1776349152.808834,1702,0,0,0,0,2.4455829989165068,0.0,0.009625000529922545,55.27403073192588,38.1,503.59375,False
1776349152.826826,1703,0,0,0,0,2.419457996438723,0.0,0.009458002750761807,55.27403073192588,39.4,503.59375,False
1776349152.844479,1704,0,0,0,0,2.4232499999925494,0.0,0.0077079967013560236,55.27403073192588,49.4,503.59375,False
1776349152.862494,1705,0,0,0,0,2.4337920040125027,0.0,0.011374999303370714,55.27403073192588,39.0,503.59375,False
1776349152.8803132,1706,0,0,0,0,2.414124995993916,0.0,0.009082999895326793,55.27403073192588,39.1,503.59375,False
1776349152.898015,1707,0,0,0,0,2.44704100623494,0.0,0.00954199640545994,55.27403073192588,37.9,503.59375,False
1776349152.916172,1708,0,0,0,0,2.454499997838866,0.0,0.012125005014240742,55.27403073192588,39.4,503.59375,False
1776349152.9340749,1709,0,0,0,0,2.3171249995357357,0.0,0.012958000297658145,55.27403073192588,38.6,503.59375,False
1776349152.951922,1710,0,0,0,0,2.1143750054761767,0.0,0.014416997146327049,55.27403073192588,55.4,503.59375,False
1776349152.9683359,1711,0,0,0,0,1.8683329981286079,0.0,0.013374999980442226,55.27403073192588,38.1,503.59375,False
1776349152.985006,1712,0,0,0,0,1.8038749985862523,0.0,0.013374999980442226,55.27403073192588,34.1,503.59375,False
1776349153.0018728,1713,0,0,0,0,1.7145000019809231,0.0,0.013541997759602964,55.27403073192588,34.8,503.59375,False
1776349153.01861,1714,0,0,0,0,1.9240000037825666,0.0,0.016166995919775218,55.27403073192588,35.3,503.59375,False
1776349153.035064,1715,0,0,0,0,1.6797920034150593,0.0,0.012124997738283128,55.27403073192588,34.1,503.59375,False
1776349153.0523,1716,0,0,0,0,2.0624169992515817,0.0,0.011625001206994057,55.27403073192588,46.6,503.59375,False
1776349153.069149,1717,0,0,0,0,1.6904170042835176,0.0,0.011625001206994057,55.27403073192588,35.3,503.59375,False
1776349153.085493,1718,0,0,0,0,1.664416995481588,0.0,0.01087499549612403,55.27403073192588,32.8,503.59375,False
1776349153.102261,1719,0,0,0,0,1.8242079968331382,0.0,0.015833000361453742,55.27403073192588,34.4,503.59375,False
1776349153.1191082,1720,0,0,0,0,1.6632090046186931,0.0,0.01200000406242907,55.27403073192588,34.8,503.59375,False
1776349153.1353269,1721,0,0,0,0,1.6006250007194467,0.0,0.01308399805566296,55.27403073192588,32.2,503.59375,False
1776349153.1515899,1722,0,0,0,0,1.6981660010060295,0.0,0.013958000636193901,55.27403073192588,55.2,503.59375,False
1776349153.171721,1723,0,0,0,0,1.6445840010419488,0.0,0.023166001483332366,55.27403073192588,33.5,503.609375,False
1776349153.187878,1724,0,0,0,0,1.617459005501587,0.0,0.011500000255182385,55.27403073192588,32.0,503.609375,False
1776349153.203966,1725,0,0,0,0,1.6509999986737967,0.0,0.010291994840372354,55.27403073192588,32.3,503.609375,False
1776349153.220203,1726,0,0,0,0,1.6400410022470169,0.0,0.01120899833040312,55.27403073192588,32.3,503.609375,False
1776349153.236406,1727,0,0,0,0,1.6702919965609908,0.0,0.011500000255182385,55.27403073192588,32.1,503.609375,False
1776349153.252067,1728,0,0,0,0,1.822957994590979,0.0,0.011249998351559043,55.27403073192588,34.8,503.609375,False
1776349153.268258,1729,0,0,0,0,1.7549170006532222,0.0,0.01091699959943071,57.254543631619754,34.1,503.609375,False
1776349153.284605,1730,0,0,0,0,1.7511670012027025,0.0,0.018041995645035058,57.254543631619754,37.2,503.609375,False
1776349153.300969,1731,0,0,0,0,1.6205420033656992,0.0,0.01049999991664663,57.254543631619754,36.5,503.609375,False
1776349153.316885,1732,0,0,0,0,1.6352919992641546,0.0,0.008957998943515122,57.254543631619754,30.9,503.609375,False
1776349153.332486,1733,0,0,0,0,1.643666997551918,0.0,0.010083997040055692,57.254543631619754,33.2,503.609375,False
1776349153.348531,1734,0,0,0,0,1.6419999956269749,0.0,0.010042000212706625,57.254543631619754,31.9,503.609375,False
1776349153.364377,1735,0,0,0,0,1.5999579991330393,0.0,0.008290997357107699,57.254543631619754,31.3,503.609375,False
1776349153.3802738,1736,0,0,0,0,1.751415999024175,0.0,0.00883299799170345,57.254543631619754,75.2,503.609375,False
1776349153.3962188,1737,0,0,0,0,1.6534169990336522,0.0,0.010000003385357559,57.254543631619754,31.0,503.609375,False
1776349153.412386,1738,0,0,0,0,1.6839169984450564,0.0,0.012249998690094799,57.254543631619754,32.3,503.609375,False
1776349153.4285529,1739,0,0,0,0,1.6502500002388842,0.0,0.010624993592500687,57.254543631619754,32.0,503.609375,False
1776349153.444509,1740,0,0,0,0,1.692124998953659,0.0,0.014500001270789653,57.254543631619754,32.4,503.609375,False
1776349153.460772,1741,0,0,0,0,1.7425420010113157,0.0,0.007708003977313638,57.254543631619754,33.6,503.609375,False
1776349153.47667,1742,0,0,0,0,1.70254099793965,0.0,0.009250004950445145,57.254543631619754,39.5,503.609375,False
1776349153.492631,1743,0,0,0,0,1.6766249973443337,0.0,0.014290999388322234,57.254543631619754,31.0,503.609375,False
1776349153.508776,1744,0,0,0,0,1.6096659965114668,0.0,0.009875002433545887,57.254543631619754,31.9,503.609375,False
1776349153.5245812,1745,0,0,0,0,1.5981249962351285,0.0,0.007417002052534372,57.254543631619754,30.8,503.609375,False
1776349153.540305,1746,0,0,0,0,1.6139580038725398,0.0,0.009749994205776602,57.254543631619754,30.1,503.609375,False
1776349153.5561001,1747,0,0,0,0,1.6075829989858903,0.0,0.008584000170230865,57.254543631619754,30.4,503.625,False
1776349153.5718908,1748,0,0,0,0,1.5782080008648336,0.0,0.007208996976260096,57.254543631619754,31.1,503.625,False
1776349153.5875509,1749,0,0,0,0,1.6029159960453399,0.0,0.00833300146041438,57.254543631619754,38.8,503.625,False
1776349153.6035929,1750,0,0,0,0,1.637291003135033,0.0,0.009125003998633474,57.254543631619754,31.5,503.625,False
1776349153.619447,1751,0,0,0,0,1.5957080031512305,0.0,0.008334005542565137,57.254543631619754,30.7,503.640625,False
1776349153.635168,1752,0,0,0,0,1.5782920017954893,0.0,0.007333001121878624,57.254543631619754,30.1,503.640625,False
1776349153.650982,1753,0,0,0,0,1.580666001245845,0.0,0.007458002073690295,57.254543631619754,30.5,503.640625,False
1776349153.6667788,1754,0,0,0,0,1.592833999893628,0.0,0.0077500008046627045,57.254543631619754,30.9,503.640625,False
1776349153.682493,1755,0,0,0,0,1.6038339963415638,0.0,0.006958005542401224,57.254543631619754,41.0,503.640625,False
1776349153.698108,1756,0,0,0,0,1.5723750038887374,0.0,0.006458001735154539,57.254543631619754,29.6,503.640625,False
1776349153.713844,1757,0,0,0,0,1.633708001463674,0.0,0.010041003406513482,57.254543631619754,30.9,503.640625,False
1776349153.729864,1758,0,0,0,0,1.5999999959603883,0.0,0.007582995749544352,57.254543631619754,31.4,503.640625,False
1776349153.745761,1759,0,0,0,0,1.7023330001393333,0.0,0.01195799995912239,57.254543631619754,30.8,503.640625,False
1776349153.761548,1760,0,0,0,0,1.6650420002406463,0.0,0.011999996786471456,57.254543631619754,32.4,503.640625,False
1776349153.7790458,1761,0,0,0,0,3.087750003032852,0.0,0.009209004929289222,57.254543631619754,38.7,503.640625,False
1776349153.797656,1762,0,0,0,0,2.8000840029562823,0.0,0.0072920011007227,57.254543631619754,49.9,503.640625,False
1776349153.816161,1763,0,0,0,0,2.726374994381331,0.0,0.012416996469255537,57.254543631619754,40.6,503.640625,False
1776349153.834649,1764,0,0,0,0,2.2322500008158386,0.0,0.014541001291945577,57.254543631619754,40.5,503.640625,False
1776349153.853132,1765,0,0,0,0,2.2224170024855994,0.0,0.01599999814061448,57.254543631619754,40.5,503.640625,False
1776349153.8716989,1766,0,0,0,0,2.740957999776583,0.0,0.016375000996049494,57.254543631619754,41.5,503.640625,False
1776349153.8897731,1767,0,0,0,0,2.636750003148336,0.0,0.011583993909880519,57.254543631619754,40.2,503.640625,False
1776349153.90834,1768,0,0,0,0,2.4964159965747967,0.0,0.011374999303370714,57.254543631619754,56.7,503.640625,False
1776349153.926516,1769,0,0,0,0,2.4246670000138693,0.0,0.011416996130719781,57.254543631619754,39.5,503.640625,False
1776349153.944782,1770,0,0,0,0,2.6949170060106553,0.0,0.014749995898455381,57.254543631619754,39.8,503.640625,False
1776349153.963329,1771,0,0,0,0,2.6595829986035824,0.0,0.014041994290892035,57.254543631619754,40.7,503.640625,False
1776349153.981345,1772,0,0,0,0,2.4209580005845055,0.0,0.009290997695643455,57.254543631619754,40.2,503.640625,False
1776349153.999058,1773,0,0,0,0,2.4130839956342243,0.0,0.015333003830164671,57.254543631619754,50.8,503.640625,False
1776349154.017278,1774,0,0,0,0,2.4398749956162646,0.0,0.011500000255182385,57.254543631619754,39.7,503.640625,False
1776349154.0348952,1775,0,0,0,0,2.4043330049607903,0.0,0.008542003342881799,57.254543631619754,38.1,503.640625,False
1776349154.052725,1776,0,0,0,0,2.577292005298659,0.0,0.01233400689670816,57.254543631619754,38.3,503.640625,False
1776349154.070828,1777,0,0,0,0,2.3939579987199977,0.0,0.01316699490416795,57.254543631619754,39.3,503.640625,False
1776349154.088544,1778,0,0,0,0,2.2115000028861687,0.0,0.005708003300242126,57.254543631619754,38.9,503.640625,False
1776349154.106325,1779,0,0,0,0,2.3871250014053658,0.0,0.009625000529922545,57.254543631619754,50.2,503.640625,False
1776349154.124172,1780,0,0,0,0,2.3689999943599105,0.0,0.010875002772081643,57.254543631619754,38.4,503.640625,False
1776349154.1417558,1781,0,0,0,0,2.232958002423402,0.0,0.008374998287763447,57.254543631619754,37.5,503.640625,False
1776349154.159201,1782,0,0,0,0,2.2705419978592545,0.0,0.012832999345846474,57.254543631619754,37.0,503.640625,False
1776349154.1772292,1783,0,0,0,0,2.267208998091519,0.0,0.011833995813503861,57.254543631619754,39.4,503.640625,False
1776349154.195115,1784,0,0,0,0,2.296250000654254,0.0,0.006165995728224516,57.254543631619754,39.7,503.640625,False
1776349154.213512,1785,0,0,0,0,2.45612500293646,0.0,0.010166993888560683,57.254543631619754,64.8,503.640625,False
1776349154.230863,1786,0,0,0,0,2.1119999946677126,0.0,0.007458998879883438,57.254543631619754,42.0,503.640625,False
1776349154.2479842,1787,0,0,0,0,2.0854159956797957,0.0,0.007041999197099358,57.254543631619754,40.6,503.640625,False
1776349154.265099,1788,0,0,0,0,2.2462080014520325,0.0,0.011832999007310718,57.254543631619754,35.7,503.640625,False
1776349154.282848,1789,0,0,0,0,2.2262920028879307,0.0,0.008958006219472736,59.16376930811572,38.1,503.65625,False
1776349154.300224,1790,0,0,0,0,2.315500001714099,0.0,0.006084002961870283,59.16376930811572,37.5,503.65625,False
1776349154.318013,1791,0,0,0,0,2.254207996884361,0.0,0.012333999620750546,59.16376930811572,38.6,503.65625,False
1776349154.335617,1792,0,0,0,0,2.230959005828481,0.0,0.007791997632011771,59.16376930811572,37.6,503.65625,False
1776349154.353057,1793,0,0,0,0,2.2430000026361085,0.0,0.013082993973512203,59.16376930811572,65.8,503.65625,False
1776349154.370801,1794,0,0,0,0,2.138959003787022,0.0,0.011833995813503861,59.16376930811572,63.6,503.65625,False
1776349154.388146,1795,0,0,0,0,2.077708995784633,0.0,0.008167000487446785,59.16376930811572,36.6,503.65625,False
1776349154.405802,1796,0,0,0,0,2.3410419962601736,0.0,0.01016599708236754,59.16376930811572,38.6,503.65625,False
1776349154.4234931,1797,0,0,0,0,2.3072080002748407,0.0,0.01333300315309316,59.16376930811572,38.5,503.65625,False
1776349154.4410932,1798,0,0,0,0,2.285499998833984,0.0,0.008916002116166055,59.16376930811572,37.5,503.65625,False
1776349154.458807,1799,0,0,0,0,2.2665829965262674,0.0,0.013124998076818883,59.16376930811572,50.8,503.65625,False
1776349154.47699,1800,0,0,0,0,2.4255000025732443,0.0,0.011916999937966466,59.16376930811572,39.5,503.65625,False
1776349154.494679,1801,0,0,0,0,2.5073329961742274,0.0,0.005832996976096183,59.16376930811572,39.7,503.65625,False
1776349154.512748,1802,0,0,0,0,2.4328329964191653,0.0,0.010875002772081643,59.16376930811572,39.2,503.65625,False
1776349154.530595,1803,0,0,0,0,2.389708002738189,0.0,0.00816699321148917,59.16376930811572,38.4,503.65625,False
1776349154.548405,1804,0,0,0,0,2.4577500007580966,0.0,0.01529099972685799,59.16376930811572,38.9,503.65625,False
1776349154.566829,1805,0,0,0,0,2.4520829974790104,0.0,0.012541000614874065,59.16376930811572,52.6,503.65625,False
1776349154.5848079,1806,0,0,0,0,2.391417001490481,0.0,0.0077500008046627045,59.16376930811572,38.8,503.65625,False
1776349154.6024342,1807,0,0,0,0,2.40499999927124,0.0,0.010541996743995696,59.16376930811572,38.6,503.65625,False
1776349154.6205351,1808,0,0,0,0,2.4294170070788823,0.0,0.011416996130719781,59.16376930811572,39.9,503.65625,False
1776349154.638365,1809,0,0,0,0,2.388417000474874,0.0,0.008499999239575118,59.16376930811572,38.3,503.65625,False
1776349154.656624,1810,0,0,0,0,2.5700000041979365,0.0,0.007832997653167695,59.16376930811572,50.9,503.65625,False
1776349154.674565,1811,0,0,0,0,2.348458001506515,0.0,0.009625000529922545,59.16376930811572,39.2,503.65625,False
1776349154.69193,1812,0,0,0,0,2.2224170024855994,0.0,0.006458001735154539,59.16376930811572,39.1,503.65625,False
1776349154.709423,1813,0,0,0,0,2.25595899973996,0.0,0.010750001820269972,59.16376930811572,38.1,503.65625,False
1776349154.7272892,1814,0,0,0,0,2.256291001685895,0.0,0.010167001164518297,59.16376930811572,38.5,503.65625,False
1776349154.74483,1815,0,0,0,0,2.264750000904314,0.0,0.01020800118567422,59.16376930811572,38.0,503.65625,False
1776349154.7625191,1816,0,0,0,0,2.30491699767299,0.0,0.014750003174412996,59.16376930811572,51.8,503.65625,False
1776349154.7805388,1817,0,0,0,0,2.250708006613422,0.0,0.009959003364201635,59.16376930811572,39.0,503.65625,False
1776349154.7979789,1818,0,0,0,0,2.304790999914985,0.0,0.007250004273373634,59.16376930811572,36.9,503.65625,False
1776349154.815818,1819,0,0,0,0,2.258290995087009,0.0,0.011541000276338309,59.16376930811572,39.8,503.65625,False
1776349154.833429,1820,0,0,0,0,2.218125002400484,0.0,0.006834001396782696,59.16376930811572,37.6,503.65625,False
1776349154.85084,1821,0,0,0,0,2.256250001664739,0.0,0.011541997082531452,59.16376930811572,36.8,503.65625,False
1776349154.868746,1822,0,0,0,0,2.2610000014537945,0.0,0.01016599708236754,59.16376930811572,49.8,503.65625,False
1776349154.886257,1823,0,0,0,0,2.249042001494672,0.0,0.008542003342881799,59.16376930811572,37.1,503.671875,False
1776349154.903423,1824,0,0,0,0,2.267957999720238,0.0,0.011167001503054053,59.16376930811572,38.3,503.671875,False
1776349154.9214878,1825,0,0,0,0,2.4122910035657696,0.0,0.008125003660097718,59.16376930811572,40.0,503.671875,False
1776349154.939274,1826,0,0,0,0,2.389667002717033,0.0,0.007041999197099358,59.16376930811572,38.5,503.671875,False
1776349154.957356,1827,0,0,0,0,2.512124992790632,0.0,0.012999997125007212,59.16376930811572,39.2,503.671875,False
1776349154.975629,1828,0,0,0,0,2.417208001133986,0.0,0.00979100150289014,59.16376930811572,50.1,503.671875,False
1776349154.993626,1829,0,0,0,0,2.4479589992552064,0.0,0.008082999556791037,59.16376930811572,38.9,503.671875,False
1776349155.011831,1830,0,0,0,0,2.373875002376735,0.0,0.010584000847302377,59.16376930811572,41.1,503.140625,False
1776349155.029077,1831,0,0,0,0,2.3500000024796464,0.0,0.009166004019789398,59.16376930811572,40.8,502.53125,False
1776349155.0472791,1832,0,0,0,0,2.423792000627145,0.0,0.014083001588005573,59.16376930811572,38.7,502.25,False
1776349155.065185,1833,0,0,0,0,2.2736249957233667,0.0,0.013500000932253897,59.16376930811572,39.4,502.25,False
1776349155.082774,1834,0,0,0,0,2.241082998807542,0.0,0.007167000148911029,59.16376930811572,47.3,502.25,False
1776349155.1002262,1835,0,0,0,0,2.2724579976056702,0.0,0.01233299553859979,59.16376930811572,37.0,502.25,False
1776349155.1185799,1836,0,0,0,0,2.255583996884525,0.0,0.008916998922359198,59.16376930811572,39.7,498.234375,False
1776349155.136114,1837,0,0,0,0,2.2237500015762635,0.0,0.006082998879719526,59.16376930811572,37.6,498.234375,False
1776349155.1539872,1838,0,0,0,0,2.4118750006891787,0.0,0.01195799995912239,59.16376930811572,38.4,498.234375,False
1776349155.172235,1839,0,0,0,0,2.449709005304612,0.0,0.011292002454865724,59.16376930811572,39.8,498.234375,False
1776349155.19063,1840,0,0,0,0,2.445459002046846,0.0,0.01375000283587724,59.16376930811572,61.2,498.234375,False
1776349155.2087522,1841,0,0,0,0,2.424499994958751,0.0,0.016083999071270227,59.16376930811572,39.3,498.234375,False
1776349155.22685,1842,0,0,0,0,2.2843330007162876,0.0,0.012165997759439051,59.16376930811572,40.1,498.234375,False
1776349155.244691,1843,0,0,0,0,2.372125003603287,0.0,0.012999997125007212,59.16376930811572,38.3,498.234375,False
1776349155.262114,1844,0,0,0,0,2.3607500042999163,0.0,0.015875004464760423,59.16376930811572,41.2,498.234375,False
1776349155.2790568,1845,0,0,0,0,2.307540999026969,0.0,0.014208999346010387,59.16376930811572,41.2,498.234375,False
1776349155.2966678,1846,0,0,0,0,2.1023750014137477,0.0,0.012832999345846474,56.217687190003645,42.1,498.234375,False
1776349155.31359,1847,0,0,0,0,1.902333002362866,0.0,0.013457996828947216,56.217687190003645,42.5,498.234375,False
1776349155.330019,1848,0,0,0,0,1.6432500051450916,0.0,0.013917000615037978,56.217687190003645,33.2,498.234375,False
1776349155.3461702,1849,0,0,0,0,1.661208996665664,0.0,0.013000004400964826,56.217687190003645,31.9,498.234375,False
1776349155.362776,1850,0,0,0,0,1.7030840026563965,0.0,0.011832999007310718,56.217687190003645,33.8,498.234375,False
1776349155.3789701,1851,0,0,0,0,1.676082996709738,0.0,0.011500000255182385,56.217687190003645,32.5,498.234375,False
1776349155.395303,1852,0,0,0,0,1.6107080009533092,0.0,0.010333002137485892,56.217687190003645,32.7,498.234375,False
1776349155.411721,1853,0,0,0,0,1.980666995223146,0.0,0.011541997082531452,56.217687190003645,54.6,498.234375,False
1776349155.4281988,1854,0,0,0,0,1.6871249972609803,0.0,0.012291995517443866,56.217687190003645,63.7,498.234375,False
1776349155.4444659,1855,0,0,0,0,1.6494579977006651,0.0,0.010458003089297563,56.217687190003645,32.8,498.234375,False
1776349155.4608672,1856,0,0,0,0,1.8609999970067292,0.0,0.01091699959943071,56.217687190003645,33.0,498.234375,False
1776349155.478067,1857,0,0,0,0,2.4461669963784516,0.0,0.0118750031106174,56.217687190003645,36.1,498.234375,False
1776349155.495308,1858,0,0,0,0,1.672833997872658,0.0,0.008000002708286047,56.217687190003645,36.2,498.234375,False
1776349155.5138922,1859,0,0,0,0,2.6922500037471764,0.0,0.009875002433545887,56.217687190003645,55.1,498.234375,False
1776349155.532068,1860,0,0,0,0,2.411250003206078,0.0,0.007125003321561962,56.217687190003645,41.0,498.234375,False
1776349155.550206,1861,0,0,0,0,2.478832997439895,0.0,0.012707998394034803,56.217687190003645,39.4,498.234375,False
1776349155.568639,1862,0,0,0,0,2.4437500032945536,0.0,0.01200000406242907,56.217687190003645,40.4,498.234375,False
1776349155.586807,1863,0,0,0,0,2.399208999122493,0.0,0.006999995093792677,56.217687190003645,39.9,498.234375,False
1776349155.604952,1864,0,0,0,0,2.4644170043757185,0.0,0.016041994967963547,56.217687190003645,39.4,498.234375,False
1776349155.623308,1865,0,0,0,0,2.5004580020322464,0.0,0.009000003046821803,56.217687190003645,50.3,498.234375,False
1776349155.640984,1866,0,0,0,0,2.4793340053292923,0.0,0.007542003004346043,56.217687190003645,38.5,498.234375,False
1776349155.6586611,1867,0,0,0,0,2.468208003847394,0.0,0.013124998076818883,56.217687190003645,38.4,498.234375,False
1776349155.6766489,1868,0,0,0,0,2.399666998826433,0.0,0.01229200279340148,56.217687190003645,38.9,498.234375,False
1776349155.6944509,1869,0,0,0,0,2.4588749947724864,0.0,0.006832997314631939,56.217687190003645,38.2,498.234375,False
1776349155.712577,1870,0,0,0,0,2.4622909986646846,0.0,0.014208002539817244,56.217687190003645,40.1,498.234375,False
1776349155.730844,1871,0,0,0,0,2.4646249949000776,0.0,0.010208997991867363,56.217687190003645,52.3,498.234375,False
1776349155.7489212,1872,0,0,0,0,2.568541996879503,0.0,0.009499999578110874,56.217687190003645,39.2,498.234375,False
1776349155.7669098,1873,0,0,0,0,2.3637079939362593,0.0,0.01166600122814998,56.217687190003645,38.8,498.234375,False
1776349155.7844942,1874,0,0,0,0,2.224665993708186,0.0,0.006958995072636753,56.217687190003645,37.9,498.234375,False
1776349155.802203,1875,0,0,0,0,2.3111669943318702,0.0,0.012999997125007212,56.217687190003645,37.9,498.234375,False
1776349155.8201542,1876,0,0,0,0,2.2811660019215196,0.0,0.021792002371512353,56.217687190003645,40.4,498.234375,False
1776349155.838146,1877,0,0,0,0,2.260790999571327,0.0,0.009584000508766621,56.217687190003645,58.6,498.234375,False
1776349155.8560681,1878,0,0,0,0,2.4095840053632855,0.0,0.011458003427833319,56.217687190003645,38.6,498.234375,False
1776349155.87413,1879,0,0,0,0,2.36604199744761,0.0,0.01116600469686091,56.217687190003645,39.1,498.234375,False
1776349155.891535,1880,0,0,0,0,2.256332998513244,0.0,0.008167000487446785,56.217687190003645,36.8,498.234375,False
1776349155.9092748,1881,0,0,0,0,2.303000001120381,0.0,0.010458999895490706,56.217687190003645,38.5,498.234375,False
1776349155.9268951,1882,0,0,0,0,2.23441599518992,0.0,0.008625000191386789,56.217687190003645,37.6,498.234375,False
1776349155.9441128,1883,0,0,0,0,2.214542000729125,0.0,0.004875000740867108,56.217687190003645,37.0,498.234375,False
1776349155.961653,1884,0,0,0,0,2.3015420010779053,0.0,0.01424999936716631,56.217687190003645,37.2,498.234375,False
1776349155.97967,1885,0,0,0,0,2.289875003043562,0.0,0.011749994882848114,56.217687190003645,39.2,498.234375,False
1776349155.996381,1886,0,0,0,0,2.261708999867551,0.0,0.007417002052534372,56.217687190003645,38.5,498.234375,False
1776349156.01426,1887,0,0,0,0,2.343624997592997,0.0,0.014334000297822058,56.217687190003645,38.5,498.234375,False
1776349156.03235,1888,0,0,0,0,2.31545800488675,0.0,0.008458002412226051,56.217687190003645,66.7,498.234375,False
1776349156.0498078,1889,0,0,0,0,2.2715839950251393,0.0,0.007875001756474376,56.217687190003645,38.0,498.234375,False
1776349156.067776,1890,0,0,0,0,2.435207999951672,0.0,0.01020800118567422,56.217687190003645,38.8,498.234375,False
1776349156.085631,1891,0,0,0,0,2.431334003631491,0.0,0.00954199640545994,56.217687190003645,39.2,498.234375,False
1776349156.1033,1892,0,0,0,0,2.388332999544218,0.0,0.006333997589536011,56.217687190003645,37.8,498.234375,False
1776349156.120954,1893,0,0,0,0,2.3792499996488914,0.0,0.006041998858563602,56.217687190003645,37.7,498.234375,False
1776349156.138849,1894,0,0,0,0,2.492000006895978,0.0,0.008584000170230865,56.217687190003645,61.1,498.234375,False
1776349156.156773,1895,0,0,0,0,2.4953750034910627,0.0,0.004875000740867108,56.217687190003645,39.8,498.234375,False
1776349156.1745548,1896,0,0,0,0,2.4793749980744906,0.0,0.009875002433545887,56.217687190003645,38.1,498.25,False
1776349156.192488,1897,0,0,0,0,2.4222919964813627,0.0,0.00904199987417087,56.217687190003645,38.7,498.25,False
1776349156.210179,1898,0,0,0,0,2.41312499565538,0.0,0.009583003702573478,56.217687190003645,37.9,498.25,False
1776349156.228174,1899,0,0,0,0,2.427792001981288,0.0,0.0106250008684583,56.217687190003645,39.4,498.25,False
1776349156.245885,1900,0,0,0,0,2.3934999990160577,0.0,0.00825000461190939,56.217687190003645,39.3,498.25,False
1776349156.2634182,1901,0,0,0,0,2.25575000513345,0.0,0.00979100150289014,56.217687190003645,43.6,498.25,False
1776349156.281307,1902,0,0,0,0,2.2822909959359095,0.0,0.01012500433716923,56.217687190003645,42.4,498.25,False
1776349156.299,1903,0,0,0,0,2.4827499946695752,0.0,0.010583004041109234,56.88838802693518,37.8,498.25,False
1776349156.3169558,1904,0,0,0,0,2.4476249964209273,0.0,0.012416996469255537,56.88838802693518,38.8,498.25,False
1776349156.3347762,1905,0,0,0,0,2.4236669996753335,0.0,0.008916998922359198,56.88838802693518,38.7,498.25,False
1776349156.35254,1906,0,0,0,0,2.4168749951059,0.0,0.010292002116329968,56.88838802693518,38.1,498.25,False
1776349156.37065,1907,0,0,0,0,2.3997500029508956,0.0,0.011124997399747372,56.88838802693518,40.1,498.25,False
1776349156.388393,1908,0,0,0,0,2.249332996143494,0.0,0.009625000529922545,56.88838802693518,42.1,498.25,False
1776349156.406204,1909,0,0,0,0,2.3757499948260374,0.0,0.009958996088244021,56.88838802693518,90.4,498.25,False
1776349156.42402,1910,0,0,0,0,2.3635420002392493,0.0,0.010042000212706625,56.88838802693518,38.3,498.25,False
1776349156.4416158,1911,0,0,0,0,2.245999996375758,0.0,0.00808399636298418,56.88838802693518,37.5,498.25,False
1776349156.4592268,1912,0,0,0,0,2.443167002638802,0.0,0.010333002137485892,56.88838802693518,37.6,498.25,False
1776349156.477191,1913,0,0,0,0,2.438542003801558,0.0,0.010333002137485892,56.88838802693518,40.1,498.25,False
1776349156.495004,1914,0,0,0,0,2.418999996734783,0.0,0.015915997209958732,56.88838802693518,44.7,498.25,False
1776349156.51279,1915,0,0,0,0,2.4357919974136166,0.0,0.011958996765315533,56.88838802693518,44.3,498.25,False
1776349156.530863,1916,0,0,0,0,2.4192499986384064,0.0,0.009707997378427535,56.88838802693518,39.1,498.25,False
1776349156.548873,1917,0,0,0,0,2.5431670001125894,0.0,0.013582997780758888,56.88838802693518,39.4,498.265625,False
1776349156.567335,1918,0,0,0,0,2.577750005002599,0.0,0.008292001439258456,56.88838802693518,40.8,498.265625,False
1776349156.5861702,1919,0,0,0,0,2.538416003517341,0.0,0.00912499672267586,56.88838802693518,41.7,498.265625,False
1776349156.604584,1920,0,0,0,0,2.462916003423743,0.0,0.01200000406242907,56.88838802693518,53.1,498.265625,False
1776349156.622668,1921,0,0,0,0,2.349874994251877,0.0,0.026375004381407052,56.88838802693518,39.1,498.265625,False
1776349156.6405802,1922,0,0,0,0,2.3863750029704534,0.0,0.00875000114319846,56.88838802693518,38.7,498.265625,False
1776349156.658429,1923,0,0,0,0,2.523584000300616,0.0,0.014042001566849649,56.88838802693518,39.0,498.265625,False
1776349156.676592,1924,0,0,0,0,2.444207995722536,0.0,0.010374998964834958,56.88838802693518,41.1,498.265625,False
1776349156.694149,1925,0,0,0,0,2.3143750004237518,0.0,0.007708003977313638,56.88838802693518,37.4,498.265625,False
1776349156.711766,1926,0,0,0,0,2.4098329959088005,0.0,0.01274999522138387,56.88838802693518,48.8,498.265625,False
1776349156.729752,1927,0,0,0,0,2.424250000331085,0.0,0.011292002454865724,56.88838802693518,38.9,498.265625,False
1776349156.7473059,1928,0,0,0,0,2.2992079975665547,0.0,0.011625001206994057,56.88838802693518,37.9,498.265625,False
1776349156.765669,1929,0,0,0,0,2.4171660043066368,0.0,0.011042000551242381,56.88838802693518,40.1,498.265625,False
1776349156.783309,1930,0,0,0,0,2.257042004202958,0.0,0.006499998562503606,56.88838802693518,39.4,498.265625,False
1776349156.801267,1931,0,0,0,0,2.4507499983883463,0.0,0.010375006240792572,56.88838802693518,38.8,498.265625,False
1776349156.819594,1932,0,0,0,0,2.4726250048843212,0.0,0.016624995623715222,56.88838802693518,52.4,498.265625,False
1776349156.8375292,1933,0,0,0,0,2.307167000253685,0.0,0.007834001735318452,56.88838802693518,38.7,498.265625,False
1776349156.855475,1934,0,0,0,0,2.370791000430472,0.0,0.008499999239575118,56.88838802693518,39.4,498.265625,False
1776349156.8732858,1935,0,0,0,0,2.3920840030768886,0.0,0.01279199932469055,56.88838802693518,38.2,498.265625,False
1776349156.8918421,1936,0,0,0,0,2.536209001846146,0.0,0.014290999388322234,56.88838802693518,41.9,498.265625,False
1776349156.910379,1937,0,0,0,0,2.344915999856312,0.0,0.02016699727391824,56.88838802693518,55.4,498.265625,False
1776349156.928096,1938,0,0,0,0,2.2483749999082647,0.0,0.008292001439258456,56.88838802693518,38.4,498.265625,False
1776349156.9453619,1939,0,0,0,0,2.2193749973666854,0.0,0.004458001058083028,56.88838802693518,36.3,498.265625,False
1776349156.962875,1940,0,0,0,0,2.4384999996982515,0.0,0.011124997399747372,56.88838802693518,37.2,498.265625,False
1776349156.9807339,1941,0,0,0,0,2.4167910014512017,0.0,0.00941699545364827,56.88838802693518,39.8,498.265625,False
1776349156.998411,1942,0,0,0,0,2.382999999099411,0.0,0.00758399983169511,56.88838802693518,38.0,498.265625,False
1776349157.016145,1943,0,0,0,0,2.3152920039137825,0.0,0.011416996130719781,56.88838802693518,51.2,498.265625,False
1776349157.0339782,1944,0,0,0,0,2.2408340009860694,0.0,0.008040995453484356,56.88838802693518,38.4,498.265625,False
1776349157.051344,1945,0,0,0,0,2.257125001051463,0.0,0.006791997293476015,56.88838802693518,37.3,498.265625,False
1776349157.069731,1946,0,0,0,0,2.46500000503147,0.0,0.01237499964190647,56.88838802693518,40.1,498.265625,False
1776349157.088088,1947,0,0,0,0,2.394374998402782,0.0,0.008499999239575118,56.88838802693518,41.3,498.265625,False
1776349157.1060271,1948,0,0,0,0,2.546083000197541,0.0,0.0075830030255019665,56.88838802693518,38.7,498.265625,False
1776349157.1240551,1949,0,0,0,0,2.3196669935714453,0.0,0.011791002179961652,56.88838802693518,52.8,498.265625,False
1776349157.1416042,1950,0,0,0,0,2.228083001682535,0.0,0.0077500008046627045,56.88838802693518,37.7,498.265625,False
1776349157.159085,1951,0,0,0,0,2.2937920002732426,0.0,0.010458003089297563,56.88838802693518,40.2,498.265625,False
1776349157.177017,1952,0,0,0,0,2.5686250010039657,0.0,0.01270900247618556,56.88838802693518,38.7,498.265625,False
1776349157.1945379,1953,0,0,0,0,2.263957998366095,0.0,0.006499998562503606,56.88838802693518,38.7,498.265625,False
1776349157.211939,1954,0,0,0,0,2.288333998876624,0.0,0.013292003131937236,56.88838802693518,44.0,498.265625,False
1776349157.2297542,1955,0,0,0,0,2.26358299551066,0.0,0.013124998076818883,56.88838802693518,54.9,498.265625,False
1776349157.247288,1956,0,0,0,0,2.2844579943921417,0.0,0.008916998922359198,56.88838802693518,37.3,498.265625,False
1776349157.264897,1957,0,0,0,0,2.3535840009571984,0.0,0.012875003449153155,56.88838802693518,37.6,498.265625,False
1776349157.2828858,1958,0,0,0,0,2.3872919991845265,0.0,0.016709003830328584,56.88838802693518,38.8,498.265625,False
1776349157.300992,1959,0,0,0,0,2.520458998333197,0.0,0.015958001313265413,55.893910545860386,39.9,498.265625,False
1776349157.319341,1960,0,0,0,0,2.0445420013857074,0.0,0.01129199517890811,55.893910545860386,41.3,498.265625,False
1776349157.336133,1961,0,0,0,0,2.0801249993382953,0.0,0.010291005310136825,55.893910545860386,41.1,498.265625,False
1776349157.353685,1962,0,0,0,0,2.22183399455389,0.0,0.011707998055499047,55.893910545860386,39.6,498.265625,False
1776349157.371045,1963,0,0,0,0,1.8968340009450912,0.0,0.011250005627516657,55.893910545860386,89.1,498.265625,False
1776349157.388215,1964,0,0,0,0,2.1039169951109216,0.0,0.0106250008684583,55.893910545860386,35.9,498.265625,False
1776349157.405277,1965,0,0,0,0,2.065000000584405,0.0,0.012124997738283128,55.893910545860386,36.3,498.265625,False
1776349157.423133,1966,0,0,0,0,2.3522919946117327,0.0,0.010832998668774962,55.893910545860386,38.4,498.265625,False
1776349157.4404979,1967,0,0,0,0,2.293666999321431,0.0,0.009957999282050878,55.893910545860386,36.7,498.265625,False
1776349157.4579241,1968,0,0,0,0,2.3530830003437586,0.0,0.01345800410490483,55.893910545860386,37.3,498.265625,False
1776349157.4756129,1969,0,0,0,0,2.248625001811888,0.0,0.011792006262112409,55.893910545860386,48.1,498.28125,False
1776349157.492908,1970,0,0,0,0,2.2306249957182445,0.0,0.006333000783342868,55.893910545860386,37.2,498.28125,False
1776349157.510603,1971,0,0,0,0,2.294958001584746,0.0,0.011791002179961652,55.893910545860386,38.3,498.28125,False
1776349157.528409,1972,0,0,0,0,2.3969159956322983,0.0,0.009208000847138464,55.893910545860386,38.3,498.28125,False
1776349157.545892,1973,0,0,0,0,2.3866660048952326,0.0,0.0070829992182552814,55.893910545860386,37.1,498.28125,False
1776349157.5636191,1974,0,0,0,0,2.4362500043935142,0.0,0.011333002476021647,55.893910545860386,38.7,498.28125,False
1776349157.5817091,1975,0,0,0,0,2.415541996015236,0.0,0.011334006558172405,55.893910545860386,50.3,498.28125,False
1776349157.599636,1976,0,0,0,0,2.418500000203494,0.0,0.007250004273373634,55.893910545860386,40.0,498.28125,False
1776349157.6177752,1977,0,0,0,0,2.4721669979044236,0.0,0.013125005352776498,55.893910545860386,40.0,498.28125,False
1776349157.636064,1978,0,0,0,0,2.466958998411428,0.0,0.008124996384140104,55.893910545860386,39.9,498.28125,False
1776349157.6541839,1979,0,0,0,0,2.449750005325768,0.0,0.009333001798950136,55.893910545860386,39.3,498.28125,False
1776349157.67285,1980,0,0,0,0,2.557374995376449,0.0,0.01054200401995331,55.893910545860386,54.7,498.28125,False
1776349157.691115,1981,0,0,0,0,2.518624998629093,0.0,0.010374998964834958,55.893910545860386,39.8,498.28125,False
1776349157.708904,1982,0,0,0,0,2.4559579978813417,0.0,0.010000003385357559,55.893910545860386,39.5,498.28125,False
1776349157.727134,1983,0,0,0,0,2.4475829995935783,0.0,0.012917000276502222,55.893910545860386,39.7,498.28125,False
1776349157.7449868,1984,0,0,0,0,2.402250000159256,0.0,0.006499998562503606,55.893910545860386,38.4,498.28125,False
1776349157.762729,1985,0,0,0,0,2.4331250024260953,0.0,0.017958998796530068,55.893910545860386,38.6,498.28125,False
1776349157.7812638,1986,0,0,0,0,2.4092079984256998,0.0,0.013084005331620574,55.893910545860386,53.0,498.28125,False
1776349157.7991989,1987,0,0,0,0,2.4037500043050386,0.0,0.012167001841589808,55.893910545860386,38.6,498.28125,False
1776349157.817059,1988,0,0,0,0,2.3940419996506535,0.0,0.011167001503054053,55.893910545860386,40.0,498.28125,False
1776349157.834579,1989,0,0,0,0,2.221374998043757,0.0,0.007250004273373634,55.893910545860386,37.2,498.28125,False
1776349157.852288,1990,0,0,0,0,2.4869170010788366,0.0,0.010124997061211616,55.893910545860386,37.9,498.28125,False
1776349157.8703449,1991,0,0,0,0,2.4442920039291494,0.0,0.011083000572398305,55.893910545860386,39.1,498.28125,False
1776349157.8881652,1992,0,0,0,0,2.337916004762519,0.0,0.008082999556791037,55.893910545860386,49.1,498.28125,False
1776349157.9058812,1993,0,0,0,0,2.359707999858074,0.0,0.008208997314795852,55.893910545860386,39.1,498.28125,False
1776349157.923717,1994,0,0,0,0,2.333500000531785,0.0,0.008457995136268437,55.893910545860386,38.4,498.28125,False
1776349157.941308,1995,0,0,0,0,2.2277919997577555,0.0,0.009791998309083283,55.893910545860386,38.3,498.28125,False
1776349157.958743,1996,0,0,0,0,2.2884999998495914,0.0,0.009499999578110874,55.893910545860386,36.9,498.28125,False
1776349157.976702,1997,0,0,0,0,2.4347080034203827,0.0,0.010708994523156434,55.893910545860386,39.1,498.28125,False
1776349157.994661,1998,0,0,0,0,2.4018339972826652,0.0,0.007709000783506781,55.893910545860386,49.7,498.28125,False
1776349158.012348,1999,0,0,0,0,2.3658330028411,0.0,0.009499999578110874,55.893910545860386,39.2,498.28125,False
1776349158.030293,2000,0,0,0,0,2.3379999984172173,0.0,0.008833005267661065,55.893910545860386,38.7,498.28125,False
1776349158.0477629,2001,0,0,0,0,2.325084002222866,0.0,0.006417001713998616,55.893910545860386,37.1,498.28125,False
1776349158.065665,2002,0,0,0,0,2.2763749948353507,0.0,0.011541997082531452,55.893910545860386,39.2,498.296875,False
1776349158.0832472,2003,0,0,0,0,2.225290998467244,0.0,0.006707996362820268,55.893910545860386,47.5,498.296875,False
1776349158.100555,2004,0,0,0,0,2.220708003733307,0.0,0.006040994776412845,55.893910545860386,36.5,498.296875,False
1776349158.117918,2005,0,0,0,0,2.25191699428251,0.0,0.00883299799170345,55.893910545860386,37.6,498.296875,False
1776349158.1358871,2006,0,0,0,0,2.4300410004798323,0.0,0.00916700082598254,55.893910545860386,38.8,498.296875,False
1776349158.153752,2007,0,0,0,0,2.476375004334841,0.0,0.01945900294231251,55.893910545860386,38.8,498.296875,False
1776349158.1722271,2008,0,0,0,0,2.4317080024047755,0.0,0.010209005267824978,55.893910545860386,41.2,498.265625,False
1776349158.19054,2009,0,0,0,0,2.4384999996982515,0.0,0.007791000825818628,55.893910545860386,59.1,498.265625,False
1776349158.208191,2010,0,0,0,0,2.4008330001379363,0.0,0.00695799826644361,55.893910545860386,38.4,498.265625,False
1776349158.22603,2011,0,0,0,0,2.4358329974347726,0.0,0.008458002412226051,55.893910545860386,39.3,498.265625,False
1776349158.243804,2012,0,0,0,0,2.4004999941098504,0.0,0.007041999197099358,55.893910545860386,38.1,498.265625,False
1776349158.261475,2013,0,0,0,0,2.5345829999423586,0.0,0.010666000889614224,55.893910545860386,37.7,498.265625,False
1776349158.279798,2014,0,0,0,0,2.4200409970944747,0.0,0.012042000889778137,55.893910545860386,40.7,498.265625,False
1776349158.297432,2015,0,0,0,0,2.2282089994405396,0.0,0.009999996109399945,55.893910545860386,41.4,498.265625,False
1776349158.31492,2016,0,0,0,0,2.282834000652656,0.0,0.011374999303370714,56.201709498152276,39.6,498.265625,False
1776349158.3325498,2017,0,0,0,0,2.2508330002892762,0.0,0.010292002116329968,56.201709498152276,44.8,498.265625,False
1776349158.3499699,2018,0,0,0,0,2.2152500023366883,0.0,0.005500005499925464,56.201709498152276,36.9,498.265625,False
1776349158.367251,2019,0,0,0,0,2.2224589993129484,0.0,0.008000002708286047,56.201709498152276,36.4,498.265625,False
1776349158.38484,2020,0,0,0,0,2.2444580026785843,0.0,0.01170899486169219,56.201709498152276,37.5,498.265625,False
1776349158.4024289,2021,0,0,0,0,2.2309580017463304,0.0,0.007208000170066953,56.201709498152276,38.1,498.265625,False
1776349158.419828,2022,0,0,0,0,2.2408749937312678,0.0,0.00954199640545994,56.201709498152276,36.8,498.265625,False
1776349158.438067,2023,0,0,0,0,2.316416001121979,0.0,0.008625000191386789,56.201709498152276,48.3,498.265625,False
1776349158.455971,2024,0,0,0,0,2.3392090006382205,0.0,0.008374998287763447,56.201709498152276,86.0,498.265625,False
1776349158.4736729,2025,0,0,0,0,2.4143749978975393,0.0,0.008499999239575118,56.201709498152276,38.0,498.265625,False
1776349158.491124,2026,0,0,0,0,2.2933750005904585,0.0,0.006999995093792677,56.201709498152276,37.0,498.265625,False
1776349158.508539,2027,0,0,0,0,2.407832995231729,0.0,0.01654100196901709,56.201709498152276,36.8,498.265625,False
1776349158.526551,2028,0,0,0,0,2.29604199557798,0.0,0.013374999980442226,56.201709498152276,39.0,498.265625,False
1776349158.544096,2029,0,0,0,0,2.245665993541479,0.0,0.0070829992182552814,56.201709498152276,52.0,498.265625,False
1776349158.561565,2030,0,0,0,0,2.303916000528261,0.0,0.011500000255182385,56.201709498152276,37.0,498.265625,False
1776349158.579492,2031,0,0,0,0,2.287874995090533,0.0,0.01195799995912239,56.201709498152276,39.3,498.265625,False
1776349158.5972009,2032,0,0,0,0,2.3452499954146333,0.0,0.00795899541117251,56.201709498152276,37.9,498.265625,False
1776349158.614777,2033,0,0,0,0,2.402625003014691,0.0,0.01158300437964499,56.201709498152276,38.0,498.265625,False
1776349158.632892,2034,0,0,0,0,2.4191670017899014,0.0,0.009499999578110874,56.201709498152276,39.6,498.265625,False
1776349158.650529,2035,0,0,0,0,2.394374998402782,0.0,0.006499998562503606,56.201709498152276,48.6,498.265625,False
1776349158.6681972,2036,0,0,0,0,2.4208340037148446,0.0,0.010291994840372354,56.201709498152276,38.0,498.265625,False
1776349158.686508,2037,0,0,0,0,2.4299580036313273,0.0,0.010083000233862549,56.201709498152276,40.0,498.265625,False
1776349158.7044191,2038,0,0,0,0,2.463874996465165,0.0,0.008125003660097718,56.201709498152276,39.2,498.265625,False
1776349158.722689,2039,0,0,0,0,2.4757919964031316,0.0,0.027999994927085936,56.201709498152276,39.7,498.265625,False
1776349158.7407959,2040,0,0,0,0,2.471125000738539,0.0,0.005916997906751931,56.201709498152276,40.3,498.265625,False
1776349158.758611,2041,0,0,0,0,2.4950000006356277,0.0,0.009959003364201635,56.201709498152276,49.5,498.28125,False
1776349158.776833,2042,0,0,0,0,2.4432920035906136,0.0,0.011625001206994057,56.201709498152276,39.7,498.28125,False
1776349158.794699,2043,0,0,0,0,2.400042001681868,0.0,0.006916998245287687,56.201709498152276,38.9,498.28125,False
1776349158.812466,2044,0,0,0,0,2.4327089995495044,0.0,0.010124997061211616,56.201709498152276,38.1,498.28125,False
1776349158.8305511,2045,0,0,0,0,2.4327080027433112,0.0,0.009707997378427535,56.201709498152276,39.9,498.28125,False
1776349158.8483388,2046,0,0,0,0,2.4571660032961518,0.0,0.005166999471839517,56.201709498152276,48.1,498.28125,False
1776349158.866702,2047,0,0,0,0,2.4555000054533593,0.0,0.016415993741247803,56.201709498152276,44.1,498.28125,False
1776349158.8850172,2048,0,0,0,0,2.5529170015943237,0.0,0.016874997527338564,56.201709498152276,40.0,498.28125,False
1776349158.903698,2049,0,0,0,0,2.309791998413857,0.0,0.01575000351294875,56.201709498152276,41.2,498.28125,False
1776349158.921532,2050,0,0,0,0,1.8845410013454966,0.0,0.015958998119458556,56.201709498152276,39.3,498.28125,False
1776349158.938965,2051,0,0,0,0,2.27558400365524,0.0,0.01424999936716631,56.201709498152276,37.0,498.28125,False
1776349158.956525,2052,0,0,0,0,2.279083004395943,0.0,0.008999995770864189,56.201709498152276,48.0,498.28125,False
1776349158.974281,2053,0,0,0,0,2.4142089969245717,0.0,0.01883300137706101,56.201709498152276,38.4,498.28125,False
1776349158.9924989,2054,0,0,0,0,2.2651670005870983,0.0,0.012500000593718141,56.201709498152276,39.6,498.28125,False
1776349159.010218,2055,0,0,0,0,2.3400830032187514,0.0,0.013708995538763702,56.201709498152276,37.9,498.28125,False
1776349159.0281322,2056,0,0,0,0,2.263749993289821,0.0,0.013292003131937236,56.201709498152276,39.3,498.28125,False
1776349159.045878,2057,0,0,0,0,2.415250004560221,0.0,0.00875000114319846,56.201709498152276,39.0,498.28125,False
1776349159.063673,2058,0,0,0,0,2.3604169982718304,0.0,0.015875004464760423,56.201709498152276,52.1,498.28125,False
1776349159.081693,2059,0,0,0,0,2.2750829957658425,0.0,0.013332995877135545,56.201709498152276,50.4,498.28125,False
1776349159.099033,2060,0,0,0,0,2.2138330023153685,0.0,0.0069160014390945435,56.201709498152276,36.6,498.28125,False
1776349159.116302,2061,0,0,0,0,2.2728330004611053,0.0,0.012833006621804088,56.201709498152276,37.0,498.28125,False
1776349159.1342468,2062,0,0,0,0,2.256291001685895,0.0,0.012124997738283128,56.201709498152276,38.8,498.28125,False
1776349159.151077,2063,0,0,0,0,2.210249993368052,0.0,0.004624998837243766,56.201709498152276,39.3,498.28125,False
1776349159.167985,2064,0,0,0,0,2.3013330064713955,0.0,0.03804099833359942,56.201709498152276,46.3,498.28125,False
1776349159.186032,2065,0,0,0,0,2.277791005326435,0.0,0.012458003766369075,56.201709498152276,56.5,498.28125,False
1776349159.203121,2066,0,0,0,0,2.2894169960636646,0.0,0.0079160017776303,56.201709498152276,41.5,498.28125,False
1776349159.220462,2067,0,0,0,0,2.2762500011594966,0.0,0.010540999937802553,56.201709498152276,40.8,498.28125,False
1776349159.2382889,2068,0,0,0,0,2.2404999981517904,0.0,0.009333001798950136,56.201709498152276,38.3,498.28125,False
1776349159.256153,2069,0,0,0,0,2.3352499993052334,0.0,0.008458002412226051,56.201709498152276,39.0,498.28125,False
1776349159.2741709,2070,0,0,0,0,2.4007920001167804,0.0,0.012208998668938875,56.201709498152276,39.0,498.28125,False
1776349159.292483,2071,0,0,0,0,2.491833998647053,0.0,0.015208002878353,56.201709498152276,42.8,498.28125,False
1776349159.310445,2072,0,0,0,0,2.4924579993239604,0.0,0.015417004760820419,56.201709498152276,42.4,498.28125,False
1776349159.328159,2073,0,0,0,0,2.220999995188322,0.0,0.013292003131937236,56.25223743952731,41.5,498.28125,False
1776349159.345427,2074,0,0,0,0,2.0347909958218224,0.0,0.01091699959943071,56.25223743952731,37.9,498.28125,False
1776349159.3624,2075,0,0,0,0,2.1147079969523475,0.0,0.010583004041109234,56.25223743952731,36.2,498.28125,False
1776349159.380049,2076,0,0,0,0,2.119874996424187,0.0,0.012042000889778137,56.25223743952731,37.7,498.28125,False
1776349159.39732,2077,0,0,0,0,1.951416998053901,0.0,0.011250005627516657,56.25223743952731,87.8,498.28125,False
1776349159.4143722,2078,0,0,0,0,2.1378750025178306,0.0,0.014334000297822058,56.25223743952731,35.5,498.28125,False
1776349159.431797,2079,0,0,0,0,2.0947919983882457,0.0,0.012584001524373889,56.25223743952731,37.2,498.28125,False
1776349159.448971,2080,0,0,0,0,2.0445409973035567,0.0,0.007957998604979366,56.25223743952731,36.0,498.28125,False
1776349159.466134,2081,0,0,0,0,2.2521249993587844,0.0,0.009749994205776602,56.25223743952731,37.8,498.28125,False
1776349159.483835,2082,0,0,0,0,2.257125001051463,0.0,0.011958996765315533,56.25223743952731,37.9,498.28125,False
1776349159.501199,2083,0,0,0,0,2.2426249997806735,0.0,0.007832997653167695,56.25223743952731,47.0,498.28125,False
1776349159.518639,2084,0,0,0,0,2.268166994326748,0.0,0.012250005966052413,56.25223743952731,36.9,498.28125,False
1776349159.536795,2085,0,0,0,0,2.484000004187692,0.0,0.018124999769497663,56.25223743952731,39.4,498.28125,False
1776349159.554788,2086,0,0,0,0,2.4006250023376197,0.0,0.008124996384140104,56.25223743952731,39.3,498.28125,False
1776349159.572609,2087,0,0,0,0,2.4222080028266646,0.0,0.01204099680762738,56.25223743952731,39.4,498.296875,False
1776349159.590728,2088,0,0,0,0,2.351582996197976,0.0,0.0106250008684583,56.25223743952731,39.3,498.296875,False
1776349159.608308,2089,0,0,0,0,2.2499170008813962,0.0,0.009832998330239207,56.25223743952731,49.2,498.296875,False
1776349159.6263192,2090,0,0,0,0,2.322833999642171,0.0,0.019917002646252513,56.25223743952731,39.4,498.296875,False
1776349159.6442208,2091,0,0,0,0,2.2444159985752776,0.0,0.010875002772081643,56.25223743952731,38.6,498.296875,False
1776349159.6617029,2092,0,0,0,0,2.2812919996795245,0.0,0.011167001503054053,56.25223743952731,37.8,498.296875,False
1776349159.679722,2093,0,0,0,0,2.282041998114437,0.0,0.012666001566685736,56.25223743952731,40.0,498.296875,False
1776349159.697462,2094,0,0,0,0,2.3340419938904233,0.0,0.006458001735154539,56.25223743952731,52.2,498.296875,False
1776349159.715062,2095,0,0,0,0,2.2910000043339096,0.0,0.011083997378591448,56.25223743952731,37.5,498.296875,False
1776349159.7328792,2096,0,0,0,0,2.2683339993818663,0.0,0.012124997738283128,56.25223743952731,38.9,498.296875,False
1776349159.7503738,2097,0,0,0,0,2.2229579990380444,0.0,0.007959002687130123,56.25223743952731,37.2,498.296875,False
1776349159.767902,2098,0,0,0,0,2.4268749984912574,0.0,0.01058299676515162,56.25223743952731,37.3,498.296875,False
1776349159.785872,2099,0,0,0,0,2.256041996588465,0.0,0.009291994501836598,56.25223743952731,40.6,498.296875,False
1776349159.8037171,2100,0,0,0,0,2.4582500045653433,0.0,0.0076669966802001,56.25223743952731,52.2,498.296875,False
1776349159.821944,2101,0,0,0,0,2.4334170011570677,0.0,0.012707998394034803,56.25223743952731,39.6,498.296875,False
1776349159.840259,2102,0,0,0,0,2.467082995281089,0.0,0.008834002073854208,56.25223743952731,40.0,498.296875,False
1776349159.858308,2103,0,0,0,0,2.7120000013383105,0.0,0.01579099625814706,56.25223743952731,39.1,498.296875,False
1776349159.876717,2104,0,0,0,0,2.6140839981962927,0.0,0.011042000551242381,56.25223743952731,41.9,498.296875,False
1776349159.894837,2105,0,0,0,0,2.5648339942563325,0.0,0.006958005542401224,56.25223743952731,39.3,498.296875,False
1776349159.9126048,2106,0,0,0,0,2.563000001828186,0.0,0.0106250008684583,56.25223743952731,51.4,498.296875,False
1776349159.9307818,2107,0,0,0,0,2.5908329989761114,0.0,0.011208001524209976,56.25223743952731,40.0,498.296875,False
1776349159.9487,2108,0,0,0,0,2.5515410015941598,0.0,0.005832996976096183,56.25223743952731,38.7,498.296875,False
1776349159.966887,2109,0,0,0,0,2.6158749969908968,0.0,0.0118750031106174,56.25223743952731,39.5,498.296875,False
1776349159.9849348,2110,0,0,0,0,2.4545000051148236,0.0,0.008041999535635114,56.25223743952731,40.7,498.296875,False
1776349160.0026848,2111,0,0,0,0,2.463333003106527,0.0,0.0059580052038654685,56.25223743952731,38.1,498.296875,False
1776349160.019268,2112,0,0,0,0,2.3889580043032765,0.0,0.0075409989221952856,56.25223743952731,51.3,498.296875,False
1776349160.037338,2113,0,0,0,0,2.5776250040507875,0.0,0.01087499549612403,56.25223743952731,39.1,498.296875,False
1776349160.055379,2114,0,0,0,0,2.51462499727495,0.0,0.007791000825818628,56.25223743952731,39.1,498.3125,False
1776349160.0731788,2115,0,0,0,0,2.5537920009810477,0.0,0.009333001798950136,56.25223743952731,38.9,498.3125,False
1776349160.091455,2116,0,0,0,0,2.6262920000590384,0.0,0.009333001798950136,56.25223743952731,40.8,498.3125,False
1776349160.1092758,2117,0,0,0,0,2.4734170001465827,0.0,0.013333999959286302,56.25223743952731,39.4,498.3125,False
1776349160.12739,2118,0,0,0,0,2.339958999073133,0.0,0.015666999388486147,56.25223743952731,51.7,498.3125,False
1776349160.145104,2119,0,0,0,0,2.2370840015355498,0.0,0.009417002729605883,56.25223743952731,38.0,498.3125,False
1776349160.162954,2120,0,0,0,0,2.550042001530528,0.0,0.012459000572562218,56.25223743952731,38.4,498.3125,False
1776349160.181004,2121,0,0,0,0,2.412292000371963,0.0,0.013292003131937236,56.25223743952731,39.6,498.3125,False
1776349160.198839,2122,0,0,0,0,2.5054169964278117,0.0,0.006124995707068592,56.25223743952731,39.2,498.3125,False
1776349160.216533,2123,0,0,0,0,2.4855410010786727,0.0,0.009750001481734216,56.25223743952731,50.0,498.3125,False
1776349160.234619,2124,0,0,0,0,2.4241249993792735,0.0,0.012291995517443866,56.25223743952731,52.8,498.3125,False
1776349160.252357,2125,0,0,0,0,2.394416995230131,0.0,0.006665999535471201,56.25223743952731,38.0,498.3125,False
1776349160.270352,2126,0,0,0,0,2.5984579988289624,0.0,0.011916003131773323,56.25223743952731,39.4,498.3125,False
1776349160.288671,2127,0,0,0,0,2.3999170007300563,0.0,0.010458999895490706,56.25223743952731,40.0,498.3125,False
1776349160.306915,2128,0,0,0,0,2.738791998126544,0.0,0.009415998647455126,56.25223743952731,40.4,498.3125,False
1776349160.3252852,2129,0,0,0,0,2.5853330007521436,0.0,0.012541997421067208,56.25223743952731,40.8,498.3125,False
1776349160.342696,2130,0,0,0,0,2.403790997050237,0.0,0.008292001439258456,56.19185517128885,43.6,498.3125,False
1776349160.3595169,2131,0,0,0,0,2.432332999887876,0.0,0.007458998879883438,56.19185517128885,43.1,498.3125,False
1776349160.376831,2132,0,0,0,0,2.280666994920466,0.0,0.012958000297658145,56.19185517128885,38.8,498.3125,False
1776349160.394683,2133,0,0,0,0,2.2549579953192733,0.0,0.011500000255182385,56.19185517128885,38.4,498.3125,False
1776349160.4119732,2134,0,0,0,0,2.249291996122338,0.0,0.015333003830164671,56.19185517128885,37.2,498.3125,False
1776349160.430176,2135,0,0,0,0,2.2973750019446015,0.0,0.011750002158805728,56.19185517128885,39.6,498.3125,False
1776349160.447652,2136,0,0,0,0,2.2210410024854355,0.0,0.008875002095010132,56.19185517128885,37.6,498.3125,False
1776349160.464898,2137,0,0,0,0,2.259000000776723,0.0,0.01049999991664663,56.19185517128885,37.8,498.3125,False
1776349160.482458,2138,0,0,0,0,2.135916001861915,0.0,0.012915996194351465,56.19185517128885,90.2,498.3125,False
1776349160.499824,2139,0,0,0,0,2.131583998561837,0.0,0.009999996109399945,56.19185517128885,38.5,498.3125,False
1776349160.517292,2140,0,0,0,0,2.214125001046341,0.0,0.012958000297658145,56.19185517128885,37.1,498.3125,False
1776349160.534791,2141,0,0,0,0,2.11200000194367,0.0,0.013374999980442226,56.19185517128885,37.2,498.3125,False
1776349160.552212,2142,0,0,0,0,2.0777090030605905,0.0,0.006333000783342868,56.19185517128885,37.0,498.3125,False
1776349160.5695,2143,0,0,0,0,2.219417001469992,0.0,0.012291995517443866,56.19185517128885,50.5,498.3125,False
1776349160.5873668,2144,0,0,0,0,2.232124999864027,0.0,0.011333002476021647,56.19185517128885,38.5,498.3125,False
1776349160.604799,2145,0,0,0,0,2.203333002398722,0.0,0.0054580013966187835,56.19185517128885,37.4,498.3125,False
1776349160.6220958,2146,0,0,0,0,2.3064170018187724,0.0,0.025291999918408692,56.19185517128885,37.4,498.3125,False
1776349160.639939,2147,0,0,0,0,2.353708005102817,0.0,0.007709000783506781,56.19185517128885,38.8,498.3125,False
1776349160.6571991,2148,0,0,0,0,2.2735000020475127,0.0,0.007333997928071767,56.19185517128885,36.3,498.3125,False
1776349160.67502,2149,0,0,0,0,2.315958001418039,0.0,0.008209004590753466,56.19185517128885,50.3,498.3125,False
1776349160.69246,2150,0,0,0,0,2.249165998364333,0.0,0.010458003089297563,56.19185517128885,46.7,498.3125,False
1776349160.709924,2151,0,0,0,0,2.222625000285916,0.0,0.005583002348430455,56.19185517128885,37.6,498.3125,False
1776349160.727932,2152,0,0,0,0,2.4339160008821636,0.0,0.011083000572398305,56.19185517128885,39.0,498.3125,False
1776349160.745281,2153,0,0,0,0,2.227625001978595,0.0,0.007458002073690295,56.19185517128885,37.7,498.3125,False
1776349160.7626429,2154,0,0,0,0,2.25266699999338,0.0,0.00904199987417087,56.19185517128885,36.7,498.3125,False
1776349160.7804081,2155,0,0,0,0,2.2633749977103435,0.0,0.01020800118567422,56.19185517128885,38.8,498.3125,False
1776349160.797413,2156,0,0,0,0,2.219875001173932,0.0,0.008458002412226051,56.19185517128885,50.0,498.3125,False
1776349160.814954,2157,0,0,0,0,2.322874999663327,0.0,0.0106250008684583,56.19185517128885,38.3,498.3125,False
1776349160.83287,2158,0,0,0,0,2.2785000037401915,0.0,0.013917000615037978,56.19185517128885,39.0,498.3125,False
1776349160.850352,2159,0,0,0,0,2.2147919953567907,0.0,0.007834001735318452,56.19185517128885,37.1,498.3125,False
1776349160.86789,2160,0,0,0,0,2.403708000201732,0.0,0.011332995200064033,56.19185517128885,37.3,498.3125,False
1776349160.886025,2161,0,0,0,0,2.492999999958556,0.0,0.01575000351294875,56.19185517128885,47.4,498.3125,False
1776349160.9038332,2162,0,0,0,0,2.399125005467795,0.0,0.00825000461190939,56.19185517128885,43.7,498.3125,False
1776349160.921568,2163,0,0,0,0,2.474583001458086,0.0,0.013707998732570559,56.19185517128885,39.1,498.3125,False
1776349160.939971,2164,0,0,0,0,2.577082996140234,0.0,0.011625001206994057,56.19185517128885,42.8,498.3125,False
1776349160.958359,2165,0,0,0,0,2.60770799650345,0.0,0.011333002476021647,56.19185517128885,40.2,498.3125,False
1776349160.976578,2166,0,0,0,0,2.412709000054747,0.0,0.012958997103851289,56.19185517128885,39.7,498.3125,False
1776349160.994359,2167,0,0,0,0,2.394666000327561,0.0,0.008000002708286047,56.19185517128885,53.3,498.3125,False
1776349161.012112,2168,0,0,0,0,2.4336669957847334,0.0,0.009333001798950136,56.19185517128885,38.1,498.3125,False
1776349161.03013,2169,0,0,0,0,2.4480829961248673,0.0,0.01233299553859979,56.19185517128885,40.6,498.3125,False
1776349161.0479329,2170,0,0,0,0,2.3900839951238595,0.0,0.007499998901039362,56.19185517128885,38.2,498.3125,False
1776349161.065637,2171,0,0,0,0,2.4395829968852922,0.0,0.01245799649041146,56.19185517128885,38.1,498.3125,False
1776349161.083801,2172,0,0,0,0,2.391207999608014,0.0,0.011500000255182385,56.19185517128885,39.7,498.328125,False
1776349161.101532,2173,0,0,0,0,2.394125003775116,0.0,0.006750000466126949,56.19185517128885,49.7,498.390625,False
1776349161.119935,2174,0,0,0,0,2.547916999901645,0.0,0.0106250008684583,56.19185517128885,41.6,498.390625,False
1776349161.138369,2175,0,0,0,0,2.427084000373725,0.0,0.009957999282050878,56.19185517128885,40.9,498.390625,False
1776349161.156916,2176,0,0,0,0,2.5440419994993135,0.0,0.007833004929125309,56.19185517128885,40.7,498.390625,False
1776349161.174936,2177,0,0,0,0,2.419957992970012,0.0,0.012249998690094799,56.19185517128885,39.0,498.390625,False
1776349161.19331,2178,0,0,0,0,2.4366249999729916,0.0,0.012708005669992417,56.19185517128885,41.0,498.390625,False
1776349161.211597,2179,0,0,0,0,2.277499996125698,0.0,0.007875001756474376,56.19185517128885,61.5,498.390625,False
1776349161.229981,2180,0,0,0,0,2.279749998706393,0.0,0.010457995813339949,56.19185517128885,41.1,498.390625,False
1776349161.247807,2181,0,0,0,0,2.3867080017225817,0.0,0.006542002665810287,56.19185517128885,38.3,498.390625,False
1776349161.265514,2182,0,0,0,0,2.4132920007104985,0.0,0.009208997653331608,56.19185517128885,37.9,498.390625,False
1776349161.2835672,2183,0,0,0,0,2.4181670014513656,0.0,0.011541000276338309,56.19185517128885,39.6,498.390625,False
1776349161.3010628,2184,0,0,0,0,2.4686249962542206,0.0,0.006708993169013411,56.19185517128885,39.8,498.390625,False
1776349161.318986,2185,0,0,0,0,2.495916996849701,0.0,0.016291000065393746,56.19185517128885,44.3,498.390625,False
1776349161.3371048,2186,0,0,0,0,2.399083001364488,0.0,0.014375000318977982,56.19185517128885,44.4,498.390625,False
1776349161.354891,2187,0,0,0,0,2.12366600317182,0.0,0.010416995792184025,56.29780491256692,39.5,498.40625,False
1776349161.372284,2188,0,0,0,0,2.023166001890786,0.0,0.014917000953573734,56.29780491256692,37.9,498.40625,False
1776349161.389708,2189,0,0,0,0,2.0291670007281937,0.0,0.022999993234407157,56.29780491256692,37.7,498.40625,False
1776349161.4064288,2190,0,0,0,0,2.3760000040056184,0.0,0.010291994840372354,56.29780491256692,39.8,498.40625,False
1776349161.424462,2191,0,0,0,0,2.539749999414198,0.0,0.009458002750761807,56.29780491256692,40.0,498.40625,False
1776349161.442114,2192,0,0,0,0,2.2524590021930635,0.0,0.011334006558172405,56.29780491256692,52.2,498.40625,False
1776349161.459851,2193,0,0,0,0,2.3287500007427298,0.0,0.015249999705702066,56.29780491256692,78.5,498.40625,False
1776349161.477748,2194,0,0,0,0,2.2713750004186295,0.0,0.01375000283587724,56.29780491256692,38.9,498.40625,False
1776349161.495382,2195,0,0,0,0,2.24379199789837,0.0,0.010167001164518297,56.29780491256692,37.6,498.40625,False
1776349161.51239,2196,0,0,0,0,2.3718340016785078,0.0,0.007624999852851033,56.29780491256692,38.5,498.40625,False
1776349161.530376,2197,0,0,0,0,2.4034999951254576,0.0,0.009625000529922545,56.29780491256692,39.9,498.40625,False
1776349161.548367,2198,0,0,0,0,2.2363329990184866,0.0,0.00841599830891937,56.29780491256692,49.4,498.40625,False
1776349161.565956,2199,0,0,0,0,2.4689589990884997,0.0,0.006709000444971025,56.29780491256692,37.5,498.40625,False
1776349161.583947,2200,0,0,0,0,2.4308339998242445,0.0,0.011166994227096438,56.29780491256692,38.9,498.40625,False
1776349161.601951,2201,0,0,0,0,2.3959169993759133,0.0,0.0075409989221952856,56.29780491256692,39.4,498.40625,False
1776349161.620308,2202,0,0,0,0,2.5327080002170987,0.0,0.011624993931036443,56.29780491256692,40.1,498.40625,False
1776349161.638169,2203,0,0,0,0,2.3697080032434314,0.0,0.006374997610691935,56.29780491256692,39.4,498.40625,False
1776349161.655804,2204,0,0,0,0,2.2767499976907857,0.0,0.03837500116787851,56.29780491256692,49.0,498.40625,False
1776349161.673663,2205,0,0,0,0,2.522750000935048,0.0,0.011832999007310718,56.29780491256692,38.5,498.40625,False
1776349161.691637,2206,0,0,0,0,2.3955419965204783,0.0,0.011999996786471456,56.29780491256692,38.8,498.40625,False
1776349161.7093492,2207,0,0,0,0,2.4869160042726435,0.0,0.010750001820269972,56.29780491256692,37.9,498.40625,False
1776349161.727426,2208,0,0,0,0,2.5292909995187074,0.0,0.015208999684546143,56.29780491256692,39.2,498.40625,False
1776349161.74525,2209,0,0,0,0,2.328084003238473,0.0,0.006084002961870283,56.29780491256692,53.5,498.40625,False
1776349161.762004,2210,0,0,0,0,2.4244580054073595,0.0,0.010707997716963291,56.29780491256692,39.8,498.40625,False
1776349161.779904,2211,0,0,0,0,2.3410420035361312,0.0,0.011541997082531452,56.29780491256692,39.1,498.40625,False
1776349161.797421,2212,0,0,0,0,2.218207999248989,0.0,0.008167000487446785,56.29780491256692,37.3,498.40625,False
1776349161.8147159,2213,0,0,0,0,2.2269170003710315,0.0,0.006541005859617144,56.29780491256692,36.4,498.40625,False
1776349161.832924,2214,0,0,0,0,2.4935410037869588,0.0,0.01120899833040312,56.29780491256692,39.6,498.40625,False
1776349161.8508842,2215,0,0,0,0,2.3867499985499308,0.0,0.00883299799170345,56.29780491256692,51.2,498.40625,False
1776349161.8673542,2216,0,0,0,0,2.316083002369851,0.0,0.010707997716963291,56.29780491256692,39.2,498.40625,False
1776349161.8854048,2217,0,0,0,0,2.5537920009810477,0.0,0.011290998372714967,56.29780491256692,39.1,498.40625,False
1776349161.903575,2218,0,0,0,0,2.4038750052568503,0.0,0.00804100272944197,56.29780491256692,39.5,498.40625,False
1776349161.921551,2219,0,0,0,0,2.464625002176035,0.0,0.010666997695807368,56.29780491256692,39.2,498.40625,False
1776349161.9394372,2220,0,0,0,0,2.330499999516178,0.0,0.0317919984809123,56.29780491256692,38.5,498.40625,False
1776349161.957141,2221,0,0,0,0,2.5337920014862902,0.0,0.006833004590589553,56.29780491256692,38.8,498.40625,False
1776349161.975243,2222,0,0,0,0,2.3562080023111776,0.0,0.013208002201281488,56.29780491256692,51.5,498.40625,False
1776349161.993692,2223,0,0,0,0,2.2938749971217476,0.0,0.012832999345846474,56.29780491256692,41.0,498.40625,False
1776349162.010875,2224,0,0,0,0,2.2216249999473803,0.0,0.007957998604979366,56.29780491256692,38.2,498.40625,False
1776349162.028696,2225,0,0,0,0,2.3230000006151386,0.0,0.014083001588005573,56.29780491256692,38.3,498.40625,False
1776349162.0466921,2226,0,0,0,0,2.24237499787705,0.0,0.008875002095010132,56.29780491256692,40.6,498.40625,False
1776349162.06412,2227,0,0,0,0,2.257708998513408,0.0,0.007125003321561962,56.29780491256692,50.1,498.40625,False
1776349162.08186,2228,0,0,0,0,2.2691250051138923,0.0,0.014165998436510563,56.29780491256692,38.0,498.40625,False
1776349162.099639,2229,0,0,0,0,2.231083002698142,0.0,0.010707997716963291,56.29780491256692,38.2,498.40625,False
1776349162.116058,2230,0,0,0,0,2.2984589959378354,0.0,0.00912499672267586,56.29780491256692,39.2,498.40625,False
1776349162.1338089,2231,0,0,0,0,2.2519170015584677,0.0,0.01245799649041146,56.29780491256692,38.0,498.40625,False
1776349162.151424,2232,0,0,0,0,2.23658300092211,0.0,0.005584006430581212,56.29780491256692,38.5,498.40625,False
1776349162.168981,2233,0,0,0,0,2.42604200320784,0.0,0.01049999991664663,56.29780491256692,53.1,498.40625,False
1776349162.1870239,2234,0,0,0,0,2.427834006084595,0.0,0.011750002158805728,56.29780491256692,39.1,498.40625,False
1776349162.204978,2235,0,0,0,0,2.4143339978763834,0.0,0.022250002075452358,56.29780491256692,38.7,498.40625,False
1776349162.2228491,2236,0,0,0,0,2.5612499957787804,0.0,0.010832998668774962,56.29780491256692,38.6,498.40625,False
1776349162.2406132,2237,0,0,0,0,2.5610420052544214,0.0,0.011667005310300738,56.29780491256692,41.6,498.40625,False
1776349162.258749,2238,0,0,0,0,2.520916998037137,0.0,0.007792004907969385,56.29780491256692,40.3,498.40625,False
1776349162.27665,2239,0,0,0,0,2.377124998020008,0.0,0.012416996469255537,56.29780491256692,63.4,498.40625,False
1776349162.294016,2240,0,0,0,0,2.307082999323029,0.0,0.01049999991664663,56.29780491256692,40.9,498.40625,False
1776349162.311342,2241,0,0,0,0,2.2256669981288724,0.0,0.006459005817305297,56.29780491256692,36.6,498.40625,False
1776349162.329417,2242,0,0,0,0,2.349833994230721,0.0,0.02208300429629162,56.29780491256692,39.1,498.40625,False
1776349162.347668,2243,0,0,0,0,2.361499995458871,0.0,0.011582997103687376,56.29780491256692,40.4,498.40625,False
1776349162.365509,2244,0,0,0,0,2.413583002635278,0.0,0.00841599830891937,56.41755850297515,39.5,498.40625,False
1776349162.383415,2245,0,0,0,0,2.310666000994388,0.0,0.011791998986154795,56.41755850297515,44.5,498.40625,False
1776349162.4009972,2246,0,0,0,0,2.21320799755631,0.0,0.007833004929125309,56.41755850297515,41.6,498.40625,False
1776349162.4181151,2247,0,0,0,0,2.132792003976647,0.0,0.010957999620586634,56.41755850297515,82.9,498.40625,False
1776349162.43552,2248,0,0,0,0,2.108207998389844,0.0,0.010957999620586634,56.41755850297515,44.9,498.40625,False
1776349162.4528918,2249,0,0,0,0,2.2224999993341044,0.0,0.008625000191386789,56.41755850297515,37.1,498.40625,False
1776349162.470458,2250,0,0,0,0,2.2669999962090515,0.0,0.011374999303370714,56.41755850297515,37.8,498.40625,False
1776349162.488267,2251,0,0,0,0,2.2705419978592545,0.0,0.012208998668938875,56.41755850297515,38.3,498.40625,False
1776349162.506251,2252,0,0,0,0,2.347249996091705,0.0,0.008583003364037722,56.41755850297515,39.4,498.40625,False
1776349162.5230222,2253,0,0,0,0,2.3589170014020056,0.0,0.009832998330239207,56.41755850297515,50.6,498.40625,False
1776349162.5412748,2254,0,0,0,0,2.3216670015244745,0.0,0.012042000889778137,56.41755850297515,41.3,498.40625,False
1776349162.559037,2255,0,0,0,0,2.3665830012760125,0.0,0.011208001524209976,56.41755850297515,39.2,498.40625,False
1776349162.576821,2256,0,0,0,0,2.2576249975827523,0.0,0.011459000234026462,56.41755850297515,39.8,498.40625,False
1776349162.594456,2257,0,0,0,0,2.2449169991887175,0.0,0.007499998901039362,56.41755850297515,38.5,498.421875,False
1776349162.611967,2258,0,0,0,0,2.3980000041774474,0.0,0.007499998901039362,56.41755850297515,38.3,498.421875,False
1776349162.629947,2259,0,0,0,0,2.3460000011255033,0.0,0.011707998055499047,56.41755850297515,51.8,498.4375,False
1776349162.647508,2260,0,0,0,0,2.237417000287678,0.0,0.008458002412226051,56.41755850297515,37.7,498.4375,False
1776349162.6653178,2261,0,0,0,0,2.44649999513058,0.0,0.012290998711250722,56.41755850297515,39.4,498.4375,False
1776349162.6832561,2262,0,0,0,0,2.3705420026089996,0.0,0.01237499964190647,56.41755850297515,38.7,498.4375,False
1776349162.7010272,2263,0,0,0,0,2.254125000035856,0.0,0.010707997716963291,56.41755850297515,39.2,498.4375,False
1776349162.7189188,2264,0,0,0,0,2.4082910022116266,0.0,0.009333998605143279,56.41755850297515,53.7,498.4375,False
1776349162.736778,2265,0,0,0,0,2.270416996907443,0.0,0.011083997378591448,56.41755850297515,39.0,498.4375,False
1776349162.754412,2266,0,0,0,0,2.2165830014273524,0.0,0.007458002073690295,56.41755850297515,37.7,498.4375,False
1776349162.772066,2267,0,0,0,0,2.2929580009076744,0.0,0.030250004783738405,56.41755850297515,38.7,498.4375,False
1776349162.789842,2268,0,0,0,0,2.324583998415619,0.0,0.009208000847138464,56.41755850297515,38.1,498.4375,False
1776349162.807313,2269,0,0,0,0,2.348250003706198,0.0,0.007417002052534372,56.41755850297515,37.6,498.4375,False
1776349162.8247318,2270,0,0,0,0,2.306084003066644,0.0,0.011208001524209976,56.41755850297515,48.6,498.4375,False
1776349162.842572,2271,0,0,0,0,2.304999994521495,0.0,0.015333003830164671,56.41755850297515,38.4,498.4375,False
1776349162.8604329,2272,0,0,0,0,2.2892920023878105,0.0,0.00954199640545994,56.41755850297515,39.2,498.4375,False
1776349162.878249,2273,0,0,0,0,2.3020829976303503,0.0,0.01245799649041146,56.41755850297515,39.4,498.4375,False
1776349162.895963,2274,0,0,0,0,2.2489580005640164,0.0,0.01158300437964499,56.41755850297515,37.9,498.4375,False
1776349162.913365,2275,0,0,0,0,2.3100830003386363,0.0,0.008584000170230865,56.41755850297515,36.8,498.4375,False
1776349162.9312909,2276,0,0,0,0,2.278374995512422,0.0,0.013125005352776498,56.41755850297515,51.2,498.4375,False
1776349162.948909,2277,0,0,0,0,2.2318749979604036,0.0,0.009333998605143279,56.41755850297515,38.3,498.4375,False
1776349162.966351,2278,0,0,0,0,2.3756669979775324,0.0,0.007375005225185305,56.41755850297515,37.0,498.4375,False
1776349162.9837801,2279,0,0,0,0,2.3895419944892637,0.0,0.004458997864276171,56.41755850297515,38.1,498.4375,False
1776349163.001185,2280,0,0,0,0,2.376707998337224,0.0,0.003540997568052262,56.41755850297515,37.4,498.4375,False
1776349163.0185559,2281,0,0,0,0,2.3446249979315326,0.0,0.0036659985198639333,56.41755850297515,36.7,498.4375,False
1776349163.0364192,2282,0,0,0,0,2.3140830016927794,0.0,0.012165997759439051,56.41755850297515,50.0,498.4375,False
1776349163.054674,2283,0,0,0,0,2.2844170016469434,0.0,0.007542003004346043,56.41755850297515,40.5,498.4375,False
1776349163.072473,2284,0,0,0,0,2.3231669983942993,0.0,0.006916998245287687,56.41755850297515,38.2,498.4375,False
1776349163.090545,2285,0,0,0,0,2.50837500061607,0.0,0.00904199987417087,56.41755850297515,40.2,498.4375,False
1776349163.108659,2286,0,0,0,0,2.3298329979297705,0.0,0.007957998604979366,56.41755850297515,39.3,498.4375,False
1776349163.126532,2287,0,0,0,0,2.367832996242214,0.0,0.009209004929289222,56.41755850297515,54.3,498.4375,False
1776349163.144348,2288,0,0,0,0,2.2494160002679564,0.0,0.010666997695807368,56.41755850297515,39.4,498.4375,False
1776349163.161697,2289,0,0,0,0,2.2345830002450384,0.0,0.007874994480516762,56.41755850297515,36.6,498.4375,False
1776349163.179531,2290,0,0,0,0,2.2966249962337315,0.0,0.012042000889778137,56.41755850297515,38.3,498.4375,False
1776349163.197367,2291,0,0,0,0,2.238458997453563,0.0,0.008000002708286047,56.41755850297515,39.9,498.4375,False
1776349163.215134,2292,0,0,0,0,2.2482079948531464,0.0,0.016292004147544503,56.41755850297515,38.1,498.4375,False
1776349163.23357,2293,0,0,0,0,2.4117079956340604,0.0,0.009916999260894954,56.41755850297515,65.2,498.4375,False
1776349163.250998,2294,0,0,0,0,2.2124579991213977,0.0,0.008167000487446785,56.41755850297515,37.3,498.4375,False
1776349163.268234,2295,0,0,0,0,2.228791003290098,0.0,0.009250004950445145,56.41755850297515,36.2,498.4375,False
1776349163.286317,2296,0,0,0,0,2.424708000035025,0.0,0.01020800118567422,56.41755850297515,40.2,498.4375,False
1776349163.3042629,2297,0,0,0,0,2.211040999100078,0.0,0.006665999535471201,56.41755850297515,38.8,498.4375,False
1776349163.3217878,2298,0,0,0,0,2.290040996740572,0.0,0.010709001799114048,56.41755850297515,37.9,498.4375,False
1776349163.3397892,2299,0,0,0,0,2.3671659946558066,0.0,0.010041992936749011,56.41755850297515,38.9,498.4375,False
1776349163.35674,2300,0,0,0,0,2.4409159959759563,0.0,0.012083997717127204,56.41755850297515,41.0,498.4375,False
1776349163.374202,2301,0,0,0,0,2.4497080012224615,0.0,0.015958998119458556,56.51251050411478,42.8,498.4375,False
1776349163.391863,2302,0,0,0,0,2.3163340010796674,0.0,0.0109999964479357,56.51251050411478,46.0,498.4375,False
1776349163.409914,2303,0,0,0,0,2.510582999093458,0.0,0.012082993634976447,56.51251050411478,43.2,498.4375,False
1776349163.4277818,2304,0,0,0,0,2.435166999930516,0.0,0.014291996194515377,56.51251050411478,38.5,498.4375,False
1776349163.445451,2305,0,0,0,0,2.3887499992270023,0.0,0.008499999239575118,56.51251050411478,38.2,498.4375,False
1776349163.462869,2306,0,0,0,0,2.369458001339808,0.0,0.008292001439258456,56.51251050411478,36.9,498.4375,False
1776349163.480386,2307,0,0,0,0,2.309457995579578,0.0,0.01208300091093406,56.51251050411478,71.3,498.4375,False
1776349163.497807,2308,0,0,0,0,2.2361249939422123,0.0,0.00920799357118085,56.51251050411478,60.1,498.4375,False
1776349163.51529,2309,0,0,0,0,2.2241250044316985,0.0,0.0175420063897036,56.51251050411478,37.4,498.4375,False
1776349163.5331159,2310,0,0,0,0,2.202333002060186,0.0,0.015541001630481333,56.51251050411478,38.3,498.4375,False
1776349163.550486,2311,0,0,0,0,2.0885839985567145,0.0,0.012832999345846474,56.51251050411478,36.7,498.4375,False
1776349163.567292,2312,0,0,0,0,1.897499998449348,0.0,0.011709002137649804,56.51251050411478,34.5,498.4375,False
1776349163.5842922,2313,0,0,0,0,2.270874996611383,0.0,0.01237499964190647,56.51251050411478,45.5,498.453125,False
1776349163.601107,2314,0,0,0,0,2.227167002274655,0.0,0.006041998858563602,56.51251050411478,39.7,498.453125,False
1776349163.618495,2315,0,0,0,0,2.328167000086978,0.0,0.010208997991867363,56.51251050411478,36.7,498.453125,False
1776349163.636522,2316,0,0,0,0,2.2757500046282075,0.0,0.01133399928221479,56.51251050411478,39.8,498.453125,False
1776349163.654429,2317,0,0,0,0,2.226874996267725,0.0,0.0077500008046627045,56.51251050411478,38.6,498.453125,False
1776349163.6721191,2318,0,0,0,0,2.3625000030733645,0.0,0.009958996088244021,56.51251050411478,37.8,498.453125,False
1776349163.6899788,2319,0,0,0,0,2.417666997644119,0.0,0.008290997357107699,56.51251050411478,48.8,498.453125,False
1776349163.707732,2320,0,0,0,0,2.2946660028537735,0.0,0.007208000170066953,56.51251050411478,39.0,498.453125,False
1776349163.725174,2321,0,0,0,0,2.294958001584746,0.0,0.010707997716963291,56.51251050411478,37.2,498.453125,False
1776349163.742846,2322,0,0,0,0,2.251292004075367,0.0,0.011208001524209976,56.51251050411478,37.8,498.453125,False
1776349163.7602282,2323,0,0,0,0,2.2229159949347377,0.0,0.006665999535471201,56.51251050411478,36.8,498.453125,False
1776349163.777536,2324,0,0,0,0,2.255874998809304,0.0,0.012541997421067208,56.51251050411478,37.4,498.453125,False
1776349163.7954812,2325,0,0,0,0,2.2430419994634576,0.0,0.0106250008684583,56.51251050411478,51.4,498.453125,False
1776349163.813091,2326,0,0,0,0,2.4186669979826547,0.0,0.006249996658880264,56.51251050411478,38.6,498.453125,False
1776349163.8309891,2327,0,0,0,0,2.434666996123269,0.0,0.01195799995912239,56.51251050411478,39.1,498.453125,False
1776349163.849104,2328,0,0,0,0,2.4159170061466284,0.0,0.009666997357271612,56.51251050411478,39.3,498.453125,False
1776349163.866803,2329,0,0,0,0,2.4814170028548688,0.0,0.01204099680762738,56.51251050411478,37.8,498.453125,False
1776349163.885099,2330,0,0,0,0,2.5957089965231717,0.0,0.009666000551078469,56.51251050411478,52.6,498.453125,False
1776349163.903163,2331,0,0,0,0,2.3922909967950545,0.0,0.008249997335951775,56.51251050411478,39.6,498.453125,False
1776349163.921131,2332,0,0,0,0,2.495834000001196,0.0,0.022165993868838996,56.51251050411478,39.6,498.46875,False
1776349163.9400508,2333,0,0,0,0,2.6122920025954954,0.0,0.014500001270789653,56.51251050411478,42.1,498.46875,False
1776349163.957401,2334,0,0,0,0,2.097041993692983,0.0,0.016833000699989498,56.51251050411478,45.3,498.46875,False
1776349163.974962,2335,0,0,0,0,2.056333003565669,0.0,0.017666003259364516,56.51251050411478,38.9,498.46875,False
1776349163.992553,2336,0,0,0,0,2.0228329958627,0.0,0.014291996194515377,56.51251050411478,50.4,498.484375,False
1776349164.010102,2337,0,0,0,0,2.2517499965033494,0.0,0.008666997018735856,56.51251050411478,39.7,498.46875,False
1776349164.027893,2338,0,0,0,0,2.3360839986708015,0.0,0.014500001270789653,56.51251050411478,40.1,498.484375,False
1776349164.04613,2339,0,0,0,0,2.2632079999311827,0.0,0.012208001862745732,56.51251050411478,41.1,498.484375,False
1776349164.063592,2340,0,0,0,0,2.215333006461151,0.0,0.016250000044237822,56.51251050411478,37.9,498.484375,False
1776349164.0812008,2341,0,0,0,0,2.122124999004882,0.0,0.012167001841589808,56.51251050411478,39.0,498.484375,False
1776349164.098638,2342,0,0,0,0,2.0899579976685345,0.0,0.01091699959943071,56.51251050411478,48.3,498.5,False
1776349164.115819,2343,0,0,0,0,2.116208997904323,0.0,0.007290997018571943,56.51251050411478,37.3,498.5,False
1776349164.133108,2344,0,0,0,0,2.279042004374787,0.0,0.01366700598737225,56.51251050411478,36.8,498.5,False
1776349164.1509702,2345,0,0,0,0,2.268415999424178,0.0,0.012500000593718141,56.51251050411478,39.8,498.5,False
1776349164.168946,2346,0,0,0,0,2.4182919951272197,0.0,0.015499994333367795,56.51251050411478,40.4,498.5,False
1776349164.1872141,2347,0,0,0,0,2.4076249974314123,0.0,0.013625001884065568,56.51251050411478,40.8,498.5,False
1776349164.205157,2348,0,0,0,0,2.3827080003684387,0.0,0.019374994735699147,56.51251050411478,50.6,498.5,False
1776349164.2229462,2349,0,0,0,0,2.3692910035606474,0.0,0.007832997653167695,56.51251050411478,40.5,498.5,False
1776349164.241379,2350,0,0,0,0,2.7543749965843745,0.0,0.01354100095340982,56.51251050411478,41.7,498.5,False
1776349164.2592661,2351,0,0,0,0,2.3566250019939616,0.0,0.008499999239575118,56.51251050411478,39.3,498.5,False
1776349164.2770402,2352,0,0,0,0,2.459333998558577,0.0,0.011041003745049238,56.51251050411478,39.5,498.5,False
1776349164.294226,2353,0,0,0,0,2.28320799942594,0.0,0.011416996130719781,56.51251050411478,41.6,498.5,False
1776349164.311188,2354,0,0,0,0,2.419250005914364,0.0,0.011167001503054053,56.51251050411478,61.3,498.5,False
1776349164.329194,2355,0,0,0,0,2.2435000064433552,0.0,0.010791998647619039,56.51251050411478,45.7,498.5,False
1776349164.346546,2356,0,0,0,0,2.0705830029328354,0.0,0.008249997335951775,56.51251050411478,44.1,498.5,False
1776349164.362845,2357,0,0,0,0,2.058165999187622,0.0,0.007124996045604348,56.51251050411478,37.6,498.5,False
1776349164.37987,2358,0,0,0,0,2.0923750053043477,0.0,0.005792004230897874,56.656438859474214,36.2,498.5,False
1776349164.397353,2359,0,0,0,0,2.2990420038695447,0.0,0.014165998436510563,56.656438859474214,38.8,498.5,False
1776349164.4147992,2360,0,0,0,0,2.2247079978114925,0.0,0.009292001777794212,56.656438859474214,37.6,498.5,False
1776349164.432288,2361,0,0,0,0,2.2615829948335886,0.0,0.012875003449153155,56.656438859474214,38.8,498.5,False
1776349164.449549,2362,0,0,0,0,2.1773750049760565,0.0,0.012167001841589808,56.656438859474214,64.1,498.5,False
1776349164.466933,2363,0,0,0,0,2.1647500034305267,0.0,0.009291004971601069,56.656438859474214,68.3,498.5,False
1776349164.484242,2364,0,0,0,0,2.215000000433065,0.0,0.012082993634976447,56.656438859474214,37.7,498.5,False
1776349164.501968,2365,0,0,0,0,2.192249994550366,0.0,0.011000003723893315,56.656438859474214,38.8,498.5,False
1776349164.5195122,2366,0,0,0,0,2.3062920008669607,0.0,0.011625001206994057,56.656438859474214,37.6,498.5,False
1776349164.537484,2367,0,0,0,0,2.2379580041160807,0.0,0.011749994882848114,56.656438859474214,41.4,498.5,False
1776349164.555277,2368,0,0,0,0,2.246458003355656,0.0,0.01799999881768599,56.656438859474214,48.6,498.5,False
1776349164.572628,2369,0,0,0,0,2.3460409938707016,0.0,0.01012500433716923,56.656438859474214,37.6,498.5,False
1776349164.590395,2370,0,0,0,0,2.3417920019710436,0.0,0.01200000406242907,56.656438859474214,39.0,498.5,False
1776349164.607744,2371,0,0,0,0,2.1802919945912436,0.0,0.009457995474804193,56.656438859474214,38.3,498.5,False
1776349164.624585,2372,0,0,0,0,2.270666002004873,0.0,0.015000005078036338,56.656438859474214,37.6,498.5,False
1776349164.642559,2373,0,0,0,0,2.2725420058122836,0.0,0.011165997420903295,56.656438859474214,40.6,498.5,False
1776349164.6599329,2374,0,0,0,0,2.242791000753641,0.0,0.008082999556791037,56.656438859474214,48.4,498.5,False
1776349164.677387,2375,0,0,0,0,2.260582994495053,0.0,0.010167001164518297,56.656438859474214,38.3,498.5,False
1776349164.695059,2376,0,0,0,0,2.24500000331318,0.0,0.010832998668774962,56.656438859474214,38.6,498.5,False
1776349164.712018,2377,0,0,0,0,2.345415996387601,0.0,0.006417001713998616,56.656438859474214,39.3,498.5,False
1776349164.729971,2378,0,0,0,0,2.3144160004449077,0.0,0.014874996850267053,56.656438859474214,40.2,498.5,False
1776349164.7478569,2379,0,0,0,0,2.2360000002663583,0.0,0.006707996362820268,56.656438859474214,40.8,498.5,False
1776349164.765505,2380,0,0,0,0,2.35650000104215,0.0,0.019041995983570814,56.656438859474214,48.6,498.5,False
1776349164.783433,2381,0,0,0,0,2.2565830004168674,0.0,0.014208002539817244,56.656438859474214,40.1,498.5,False
1776349164.801126,2382,0,0,0,0,2.232040998933371,0.0,0.008999995770864189,56.656438859474214,38.6,498.5,False
1776349164.818727,2383,0,0,0,0,2.3487500002374873,0.0,0.006249996658880264,56.656438859474214,38.5,498.5,False
1776349164.836361,2384,0,0,0,0,2.422166995529551,0.0,0.011292002454865724,56.656438859474214,38.6,498.5,False
1776349164.853409,2385,0,0,0,0,2.214542000729125,0.0,0.006374997610691935,56.656438859474214,41.6,498.515625,False
1776349164.871053,2386,0,0,0,0,2.2664169955533,0.0,0.011499992979224771,56.656438859474214,49.9,498.515625,False
1776349164.889164,2387,0,0,0,0,2.440875003230758,0.0,0.010249998013023287,56.656438859474214,40.5,498.515625,False
1776349164.906704,2388,0,0,0,0,2.3279579982045107,0.0,0.008374998287763447,56.656438859474214,38.0,498.515625,False
1776349164.924001,2389,0,0,0,0,2.2053749999031425,0.0,0.005832996976096183,56.656438859474214,37.8,498.515625,False
1776349164.941772,2390,0,0,0,0,2.312041004188359,0.0,0.012500000593718141,56.656438859474214,39.0,498.515625,False
1776349164.9587562,2391,0,0,0,0,2.117000003636349,0.0,0.007624999852851033,56.656438859474214,53.8,498.515625,False
1776349164.975919,2392,0,0,0,0,2.0934170024702325,0.0,0.007333001121878624,56.656438859474214,37.6,498.515625,False
1776349164.993648,2393,0,0,0,0,2.443542005494237,0.0,0.009791998309083283,56.656438859474214,38.8,498.515625,False
1776349165.011202,2394,0,0,0,0,2.232500002719462,0.0,0.008708004315849394,56.656438859474214,38.1,498.515625,False
1776349165.029393,2395,0,0,0,0,2.3995839947019704,0.0,0.011209005606360734,56.656438859474214,41.1,498.515625,False
1776349165.046912,2396,0,0,0,0,2.2102090006228536,0.0,0.007624999852851033,56.656438859474214,38.5,498.515625,False
1776349165.0644732,2397,0,0,0,0,2.335540993954055,0.0,0.013874996511731297,56.656438859474214,51.3,498.515625,False
1776349165.081568,2398,0,0,0,0,2.286374998220708,0.0,0.012666001566685736,56.656438859474214,42.1,498.515625,False
1776349165.099209,2399,0,0,0,0,2.3858329950599,0.0,0.010792005923576653,56.656438859474214,40.1,498.515625,False
1776349165.115811,2400,0,0,0,0,2.078624995192513,0.0,0.008416995115112513,56.656438859474214,38.8,498.515625,False
1776349165.132871,2401,0,0,0,0,2.0952499980921857,0.0,0.009958996088244021,56.656438859474214,37.2,498.515625,False
1776349165.1503859,2402,0,0,0,0,2.0957079977961257,0.0,0.011000003723893315,56.656438859474214,37.6,498.515625,False
1776349165.167629,2403,0,0,0,0,2.070292001008056,0.0,0.006165995728224516,56.656438859474214,37.8,498.515625,False
1776349165.18502,2404,0,0,0,0,2.200125003582798,0.0,0.014291996194515377,56.656438859474214,49.9,498.515625,False
1776349165.203004,2405,0,0,0,0,2.181416995881591,0.0,0.011625001206994057,56.656438859474214,39.7,498.53125,False
1776349165.2205691,2406,0,0,0,0,2.2910830011824146,0.0,0.011916999937966466,56.656438859474214,38.1,498.53125,False
1776349165.238152,2407,0,0,0,0,2.2330830033752136,0.0,0.01091699959943071,56.656438859474214,38.2,498.53125,False
1776349165.2558668,2408,0,0,0,0,2.2627919970545918,0.0,0.006834001396782696,56.656438859474214,39.8,498.53125,False
1776349165.272992,2409,0,0,0,0,2.1743340039392933,0.0,0.008458999218419194,56.656438859474214,36.3,498.53125,False
1776349165.2907321,2410,0,0,0,0,2.453833003528416,0.0,0.010875002772081643,56.656438859474214,58.3,498.53125,False
1776349165.30824,2411,0,0,0,0,2.2243339990382083,0.0,0.008291004633065313,56.656438859474214,38.3,498.53125,False
1776349165.32555,2412,0,0,0,0,2.3818330009817146,0.0,0.011625001206994057,56.656438859474214,37.1,498.53125,False
1776349165.343647,2413,0,0,0,0,2.3050419986248016,0.0,0.013791999663226306,56.656438859474214,40.5,498.53125,False
1776349165.360739,2414,0,0,0,0,2.348708003410138,0.0,0.01091699959943071,56.656438859474214,40.4,498.53125,False
1776349165.3784661,2415,0,0,0,0,2.4619159958092496,0.0,0.012458003766369075,57.962080014333885,40.5,498.53125,False
1776349165.3963509,2416,0,0,0,0,2.194250002503395,0.0,0.013541997759602964,57.962080014333885,42.7,498.53125,False
1776349165.412699,2417,0,0,0,0,2.0350830018287525,0.0,0.011709002137649804,57.962080014333885,44.9,498.53125,False
1776349165.429079,2418,0,0,0,0,2.113041002303362,0.0,0.013292003131937236,57.962080014333885,37.8,498.53125,False
1776349165.446562,2419,0,0,0,0,2.122708006936591,0.0,0.0109999964479357,57.962080014333885,37.3,498.53125,False
1776349165.463576,2420,0,0,0,0,2.0708330048364587,0.0,0.006250003934837878,57.962080014333885,36.3,498.53125,False
1776349165.480365,2421,0,0,0,0,2.40499999927124,0.0,0.011999996786471456,57.962080014333885,39.9,498.53125,False
1776349165.497499,2422,0,0,0,0,2.092791997711174,0.0,0.010957999620586634,57.962080014333885,57.7,498.53125,False
1776349165.514455,2423,0,0,0,0,2.0879580042674206,0.0,0.009166004019789398,57.962080014333885,66.8,498.53125,False
1776349165.5316238,2424,0,0,0,0,2.1367079971241765,0.0,0.012208001862745732,57.962080014333885,37.3,498.53125,False
1776349165.549037,2425,0,0,0,0,1.9838749940390699,0.0,0.011457996151875705,57.962080014333885,37.9,498.53125,False
1776349165.56598,2426,0,0,0,0,1.9639590027509257,0.0,0.006250003934837878,57.962080014333885,37.0,498.53125,False
1776349165.5826921,2427,0,0,0,0,2.0069169986527413,0.0,0.009832998330239207,57.962080014333885,36.0,498.546875,False
1776349165.60002,2428,0,0,0,0,2.0934580024913885,0.0,0.009374998626299202,57.962080014333885,47.7,498.546875,False
1776349165.616888,2429,0,0,0,0,2.0612919979612343,0.0,0.005458998202811927,57.962080014333885,35.5,498.546875,False
1776349165.633837,2430,0,0,0,0,2.069916998152621,0.0,0.017416998161934316,57.962080014333885,36.6,498.546875,False
1776349165.651084,2431,0,0,0,0,1.7847909984993748,0.0,0.013040997146163136,57.962080014333885,37.9,498.546875,False
1776349165.666519,2432,0,0,0,0,1.72358300187625,0.0,0.00687500141793862,57.962080014333885,36.2,498.546875,False
1776349165.683011,2433,0,0,0,0,1.840333003201522,0.0,0.01341600000159815,57.962080014333885,34.9,498.546875,False
1776349165.700161,2434,0,0,0,0,1.9149160070810467,0.0,0.020291998225729913,57.962080014333885,43.7,498.546875,False
1776349165.7165902,2435,0,0,0,0,1.8549579981481656,0.0,0.007125003321561962,57.962080014333885,37.4,498.546875,False
1776349165.7331781,2436,0,0,0,0,1.9973329981439747,0.0,0.012958000297658145,57.962080014333885,33.7,498.546875,False
1776349165.750276,2437,0,0,0,0,1.9757499976549298,0.0,0.010666997695807368,57.962080014333885,36.1,498.546875,False
1776349165.767091,2438,0,0,0,0,1.9757080008275807,0.0,0.012999997125007212,57.962080014333885,34.6,498.546875,False
1776349165.784299,2439,0,0,0,0,2.1154170026420616,0.0,0.01208300091093406,57.962080014333885,36.5,498.546875,False
1776349165.801803,2440,0,0,0,0,2.1334999983082525,0.0,0.014500001270789653,57.962080014333885,38.4,498.546875,False
1776349165.819136,2441,0,0,0,0,2.239791996544227,0.0,0.009583003702573478,57.962080014333885,47.4,498.546875,False
1776349165.835493,2442,0,0,0,0,2.20558400178561,0.0,0.013207994925323874,57.962080014333885,39.0,498.546875,False
1776349165.8531048,2443,0,0,0,0,2.1393330025603063,0.0,0.013165998097974807,57.962080014333885,37.6,498.546875,False
1776349165.870419,2444,0,0,0,0,2.0637920024455525,0.0,0.006084002961870283,57.962080014333885,36.9,498.546875,False
1776349165.887933,2445,0,0,0,0,2.1304589972714894,0.0,0.013791999663226306,57.962080014333885,37.8,498.546875,False
1776349165.905642,2446,0,0,0,0,2.135458998964168,0.0,0.02337499608984217,57.962080014333885,50.8,498.5625,False
1776349165.923229,2447,0,0,0,0,2.245083000161685,0.0,0.00870799703989178,57.962080014333885,37.5,498.5625,False
1776349165.941206,2448,0,0,0,0,2.354166004806757,0.0,0.011958996765315533,57.962080014333885,39.2,498.5625,False
1776349165.958666,2449,0,0,0,0,2.2228340021683834,0.0,0.008416995115112513,57.962080014333885,37.1,498.5625,False
1776349165.9759429,2450,0,0,0,0,2.2466250011348166,0.0,0.005416004569269717,57.962080014333885,37.5,498.5625,False
1776349165.9934568,2451,0,0,0,0,2.2509579939651303,0.0,0.011707998055499047,57.962080014333885,37.2,498.5625,False
1776349166.0108411,2452,0,0,0,0,2.2302920042420737,0.0,0.00825000461190939,57.962080014333885,47.8,498.5625,False
1776349166.028165,2453,0,0,0,0,2.266249997774139,0.0,0.012707998394034803,57.962080014333885,37.1,498.5625,False
1776349166.045439,2454,0,0,0,0,2.2578330026590265,0.0,0.011041993275284767,57.962080014333885,39.9,498.5625,False
1776349166.063023,2455,0,0,0,0,2.3544580035377294,0.0,0.006333000783342868,57.962080014333885,37.5,498.5625,False
1776349166.080703,2456,0,0,0,0,2.3333339995588176,0.0,0.011124997399747372,57.962080014333885,39.5,498.5625,False
1776349166.098635,2457,0,0,0,0,2.2330840001814067,0.0,0.009958006558008492,57.962080014333885,38.7,498.5625,False
1776349166.115882,2458,0,0,0,0,2.2031659973436035,0.0,0.005792004230897874,57.962080014333885,46.9,498.5625,False
1776349166.133418,2459,0,0,0,0,2.3301250039367005,0.0,0.008167000487446785,57.962080014333885,37.9,498.5625,False
1776349166.151249,2460,0,0,0,0,2.256584004499018,0.0,0.011582997103687376,57.962080014333885,38.3,498.5625,False
1776349166.168083,2461,0,0,0,0,2.3597910039825365,0.0,0.00687500141793862,57.962080014333885,39.6,498.5625,False
1776349166.1854951,2462,0,0,0,0,2.341250001336448,0.0,0.01170899486169219,57.962080014333885,37.8,498.5625,False
1776349166.203469,2463,0,0,0,0,2.3609169948031195,0.0,0.0109999964479357,57.962080014333885,39.2,498.5625,False
1776349166.2212899,2464,0,0,0,0,2.279500004078727,0.0,0.0072499969974160194,57.962080014333885,51.6,498.5625,False
1776349166.239786,2465,0,0,0,0,2.521999995224178,0.0,0.011333002476021647,57.962080014333885,40.5,498.5625,False
1776349166.257477,2466,0,0,0,0,2.4051250002230518,0.0,0.008582996088080108,57.962080014333885,37.9,498.5625,False
1776349166.2752059,2467,0,0,0,0,2.5058329993044026,0.0,0.01129199517890811,57.962080014333885,37.9,498.5625,False
1776349166.293223,2468,0,0,0,0,2.4286249972647056,0.0,0.01049999991664663,57.962080014333885,40.5,498.5625,False
1776349166.3108969,2469,0,0,0,0,2.3454999973182566,0.0,0.01012500433716923,57.962080014333885,39.6,498.5625,False
1776349166.328605,2470,0,0,0,0,2.293875004397705,0.0,0.007250004273373634,57.962080014333885,59.5,498.5625,False
1776349166.346123,2471,0,0,0,0,2.2444579954026267,0.0,0.01166600122814998,57.962080014333885,37.3,498.5625,False
1776349166.363797,2472,0,0,0,0,2.369166999415029,0.0,0.006667003617621958,57.962080014333885,37.8,498.5625,False
1776349166.3813381,2473,0,0,0,0,2.4262920051114634,0.0,0.007415997970383614,56.973579975830795,37.3,498.5625,False
1776349166.399402,2474,0,0,0,0,2.4012499998207204,0.0,0.01020800118567422,56.973579975830795,40.6,498.5625,False
1776349166.417174,2475,0,0,0,0,2.4066249970928766,0.0,0.00695799826644361,56.973579975830795,38.1,498.5625,False
1776349166.435157,2476,0,0,0,0,2.285332993778866,0.0,0.011249998351559043,56.973579975830795,43.4,498.5625,False
1776349166.453116,2477,0,0,0,0,2.240666995930951,0.0,0.0077079967013560236,56.973579975830795,43.9,498.578125,False
1776349166.470475,2478,0,0,0,0,2.2923750002519228,0.0,0.015541998436674476,56.973579975830795,62.4,498.578125,False
1776349166.488068,2479,0,0,0,0,2.14350000169361,0.0,0.014958000974729657,56.973579975830795,65.8,498.578125,False
1776349166.505687,2480,0,0,0,0,2.105833002133295,0.0,0.012417003745213151,56.973579975830795,38.5,498.578125,False
1776349166.522739,2481,0,0,0,0,2.0832500013057142,0.0,0.00825000461190939,56.973579975830795,36.0,498.578125,False
1776349166.540225,2482,0,0,0,0,2.3268329969141632,0.0,0.01383299968438223,56.973579975830795,37.1,498.578125,False
1776349166.558156,2483,0,0,0,0,2.322416999959387,0.0,0.013666998711414635,56.973579975830795,38.7,498.578125,False
1776349166.5754628,2484,0,0,0,0,2.2971669968683273,0.0,0.011084004654549062,56.973579975830795,47.8,498.578125,False
1776349166.593456,2485,0,0,0,0,2.2735419988748617,0.0,0.01391599653288722,56.973579975830795,38.9,498.578125,False
1776349166.610999,2486,0,0,0,0,2.2201659958227538,0.0,0.006082998879719526,56.973579975830795,38.0,498.578125,False
1776349166.628269,2487,0,0,0,0,2.2341250005410984,0.0,0.006041998858563602,56.973579975830795,36.4,498.578125,False
1776349166.646098,2488,0,0,0,0,2.4228330003097653,0.0,0.011542004358489066,56.973579975830795,38.9,498.578125,False
1776349166.6638432,2489,0,0,0,0,2.3868749995017424,0.0,0.007957998604979366,56.973579975830795,38.0,498.578125,False
1776349166.681786,2490,0,0,0,0,2.498875001037959,0.0,0.010915995517279953,56.973579975830795,49.8,498.578125,False
1776349166.7000508,2491,0,0,0,0,2.507292003429029,0.0,0.008499999239575118,56.973579975830795,41.7,498.578125,False
1776349166.718592,2492,0,0,0,0,2.566333001595922,0.0,0.011666998034343123,56.973579975830795,40.7,498.578125,False
1776349166.737013,2493,0,0,0,0,2.4330410014954396,0.0,0.011375006579328328,56.973579975830795,40.3,498.578125,False
1776349166.755254,2494,0,0,0,0,2.421249999315478,0.0,0.008957998943515122,56.973579975830795,39.7,498.578125,False
1776349166.773823,2495,0,0,0,0,2.568582996900659,0.0,0.010250005288980901,56.973579975830795,40.8,498.578125,False
1776349166.7924,2496,0,0,0,0,2.4936250047176145,0.0,0.0118750031106174,56.973579975830795,54.9,498.578125,False
1776349166.810218,2497,0,0,0,0,2.413583002635278,0.0,0.0077079967013560236,56.973579975830795,39.3,498.578125,False
1776349166.8280241,2498,0,0,0,0,2.5272079947171733,0.0,0.008041999535635114,56.973579975830795,38.8,498.578125,False
1776349166.846037,2499,0,0,0,0,2.427915998850949,0.0,0.012958000297658145,56.973579975830795,38.9,498.578125,False
1776349166.8641999,2500,0,0,0,0,2.4457079998683184,0.0,0.007875001756474376,56.973579975830795,39.5,498.578125,False
1776349166.882378,2501,0,0,0,0,2.5306669995188713,0.0,0.010791001841425896,56.973579975830795,53.3,498.578125,False
1776349166.9004538,2502,0,0,0,0,2.4373750056838617,0.0,0.011415999324526638,56.973579975830795,39.5,498.578125,False
1776349166.918505,2503,0,0,0,0,2.464416997099761,0.0,0.010040996130555868,56.973579975830795,39.8,498.578125,False
1776349166.936744,2504,0,0,0,0,2.4232919968198985,0.0,0.0106250008684583,56.973579975830795,39.7,498.578125,False
1776349166.9546518,2505,0,0,0,0,2.3703749975538813,0.0,0.0077500008046627045,56.973579975830795,38.6,498.578125,False
1776349166.9724228,2506,0,0,0,0,2.331457995751407,0.0,0.007458998879883438,56.973579975830795,38.6,498.578125,False
1776349166.989969,2507,0,0,0,0,2.2755419995519333,0.0,0.03029200161108747,56.973579975830795,48.6,498.578125,False
1776349167.007976,2508,0,0,0,0,2.338999998755753,0.0,0.009666997357271612,56.973579975830795,38.9,498.578125,False
1776349167.025719,2509,0,0,0,0,2.4771250027697533,0.0,0.0075409989221952856,56.973579975830795,38.7,498.578125,False
1776349167.043722,2510,0,0,0,0,2.3493750049965456,0.0,0.011457996151875705,56.973579975830795,39.6,498.578125,False
1776349167.061414,2511,0,0,0,0,2.221374998043757,0.0,0.007499998901039362,56.973579975830795,37.9,498.578125,False
1776349167.078919,2512,0,0,0,0,2.2982090013101697,0.0,0.010791001841425896,56.973579975830795,37.1,498.59375,False
1776349167.097057,2513,0,0,0,0,2.422999998088926,0.0,0.012707998394034803,56.973579975830795,51.4,498.59375,False
1776349167.114996,2514,0,0,0,0,2.5007920048665255,0.0,0.007125003321561962,56.973579975830795,39.1,498.59375,False
1776349167.132756,2515,0,0,0,0,2.36649999715155,0.0,0.012875003449153155,56.973579975830795,38.1,498.59375,False
1776349167.1505122,2516,0,0,0,0,2.247915996122174,0.0,0.010957999620586634,56.973579975830795,38.1,498.59375,False
1776349167.1680021,2517,0,0,0,0,2.210541999374982,0.0,0.0059589947341009974,56.973579975830795,38.0,498.59375,False
1776349167.1856132,2518,0,0,0,0,2.257374995679129,0.0,0.012583004718180746,56.973579975830795,50.1,498.59375,False
1776349167.2033331,2519,0,0,0,0,2.241875001345761,0.0,0.009750001481734216,56.973579975830795,38.0,498.59375,False
1776349167.220871,2520,0,0,0,0,2.310666997800581,0.0,0.005667003279086202,56.973579975830795,38.8,498.59375,False
1776349167.238629,2521,0,0,0,0,2.2580000004381873,0.0,0.011707998055499047,56.973579975830795,38.1,498.59375,False
1776349167.256597,2522,0,0,0,0,2.384874998824671,0.0,0.006459005817305297,56.973579975830795,38.8,498.59375,False
1776349167.27392,2523,0,0,0,0,2.332084004592616,0.0,0.012249998690094799,56.973579975830795,36.5,498.59375,False
1776349167.291775,2524,0,0,0,0,2.4303749960381538,0.0,0.009583003702573478,56.973579975830795,59.8,498.59375,False
1776349167.309314,2525,0,0,0,0,2.2443330017267726,0.0,0.009834002412389964,56.973579975830795,43.0,498.59375,False
1776349167.3266408,2526,0,0,0,0,2.2682089984300546,0.0,0.0075409989221952856,56.973579975830795,37.7,498.59375,False
1776349167.3444538,2527,0,0,0,0,2.3037499995552935,0.0,0.0155829984578304,56.973579975830795,38.9,498.59375,False
1776349167.362529,2528,0,0,0,0,2.4618749957880937,0.0,0.011000003723893315,56.973579975830795,39.2,498.59375,False
1776349167.379801,2529,0,0,0,0,2.4384999996982515,0.0,0.016999998479150236,56.94744216236817,39.3,498.59375,False
1776349167.397304,2530,0,0,0,0,2.391041998635046,0.0,0.013084005331620574,56.94744216236817,42.5,498.59375,False
1776349167.414506,2531,0,0,0,0,2.168334001908079,0.0,0.011124997399747372,56.94744216236817,41.2,498.59375,False
1776349167.430988,2532,0,0,0,0,1.8381660047452897,0.0,0.01237499964190647,56.94744216236817,44.3,498.59375,False
1776349167.4481878,2533,0,0,0,0,1.9072089999099262,0.0,0.01424999936716631,56.94744216236817,37.1,498.59375,False
1776349167.465486,2534,0,0,0,0,2.232958002423402,0.0,0.00904199987417087,56.94744216236817,36.5,498.59375,False
1776349167.482594,2535,0,0,0,0,2.240624999103602,0.0,0.015041005099192262,56.94744216236817,36.0,498.59375,False
1776349167.500582,2536,0,0,0,0,2.2556670010089874,0.0,0.01200000406242907,56.94744216236817,38.9,498.59375,False
1776349167.518131,2537,0,0,0,0,2.221125003416091,0.0,0.00916700082598254,56.94744216236817,37.3,498.59375,False
1776349167.535757,2538,0,0,0,0,2.279208005347755,0.0,0.010249998013023287,56.94744216236817,54.8,498.59375,False
1776349167.5535932,2539,0,0,0,0,2.171583997551352,0.0,0.011958996765315533,56.94744216236817,79.9,498.59375,False
1776349167.5704808,2540,0,0,0,0,2.2246250009629875,0.0,0.008291994163300842,56.94744216236817,37.5,498.59375,False
1776349167.587258,2541,0,0,0,0,2.2884999998495914,0.0,0.01875000452855602,56.94744216236817,40.2,498.59375,False
1776349167.605419,2542,0,0,0,0,2.41620800079545,0.0,0.010084004316013306,56.94744216236817,39.9,498.59375,False
1776349167.6228049,2543,0,0,0,0,2.4631670021335594,0.0,0.009165996743831784,56.94744216236817,36.7,498.59375,False
1776349167.6405199,2544,0,0,0,0,2.442249999148771,0.0,0.009374998626299202,56.94744216236817,51.3,498.59375,False
1776349167.657954,2545,0,0,0,0,2.291750002768822,0.0,0.006791997293476015,56.94744216236817,37.1,498.59375,False
1776349167.675256,2546,0,0,0,0,2.27650000306312,0.0,0.015375000657513738,56.94744216236817,36.6,498.59375,False
1776349167.6929731,2547,0,0,0,0,2.2434999991673976,0.0,0.015583005733788013,56.94744216236817,39.1,498.59375,False
1776349167.710377,2548,0,0,0,0,2.1990829991409555,0.0,0.007875001756474376,56.94744216236817,36.8,498.59375,False
1776349167.727508,2549,0,0,0,0,2.2180419982760213,0.0,0.006499998562503606,56.94744216236817,35.8,498.59375,False
1776349167.745146,2550,0,0,0,0,2.304374997038394,0.0,0.011541997082531452,56.94744216236817,51.4,498.609375,False
1776349167.762121,2551,0,0,0,0,2.220832997409161,0.0,0.007458998879883438,56.94744216236817,49.8,498.609375,False
1776349167.779001,2552,0,0,0,0,2.26454199582804,0.0,0.012583004718180746,56.94744216236817,38.6,498.609375,False
1776349167.796787,2553,0,0,0,0,2.2471249976661056,0.0,0.010750001820269972,56.94744216236817,38.8,498.609375,False
1776349167.8143098,2554,0,0,0,0,2.21229199814843,0.0,0.006583002686966211,56.94744216236817,37.3,498.609375,False
1776349167.831914,2555,0,0,0,0,2.4034160014707595,0.0,0.0106250008684583,56.94744216236817,37.5,498.609375,False
1776349167.849962,2556,0,0,0,0,2.4452079960610718,0.0,0.010666997695807368,56.94744216236817,39.8,498.609375,False
1776349167.8677871,2557,0,0,0,0,2.4056659967754968,0.0,0.00687500141793862,56.94744216236817,49.3,498.609375,False
1776349167.886067,2558,0,0,0,0,2.4557920041843317,0.0,0.009625000529922545,56.94744216236817,39.8,498.609375,False
1776349167.9042308,2559,0,0,0,0,2.3999159966479056,0.0,0.010667004971764982,56.94744216236817,39.5,498.609375,False
1776349167.921535,2560,0,0,0,0,2.488917001755908,0.0,0.014875004126224667,56.94744216236817,42.8,498.609375,False
1776349167.939967,2561,0,0,0,0,2.5144159953924827,0.0,0.011415999324526638,56.94744216236817,41.4,498.625,False
1776349167.958173,2562,0,0,0,0,2.4177910017897375,0.0,0.011999996786471456,56.94744216236817,51.1,498.625,False
1776349167.975198,2563,0,0,0,0,2.354542004468385,0.0,0.01049999991664663,56.94744216236817,40.0,498.625,False
1776349167.993239,2564,0,0,0,0,2.412292000371963,0.0,0.012333002814557403,56.94744216236817,39.1,498.625,False
1776349168.011335,2565,0,0,0,0,2.387458000157494,0.0,0.010957999620586634,56.94744216236817,39.9,498.625,False
1776349168.0291781,2566,0,0,0,0,2.4267499975394458,0.0,0.012584001524373889,56.94744216236817,38.4,498.625,False
1776349168.047193,2567,0,0,0,0,2.383416998782195,0.0,0.009959003364201635,56.94744216236817,40.1,498.625,False
1776349168.064787,2568,0,0,0,0,2.194124994275626,0.0,0.008290997357107699,56.94744216236817,48.3,498.625,False
1776349168.082287,2569,0,0,0,0,2.2349999999278225,0.0,0.01237499964190647,56.94744216236817,37.1,498.625,False
1776349168.100136,2570,0,0,0,0,2.2322919976431876,0.0,0.013292003131937236,56.94744216236817,38.4,498.625,False
1776349168.1176262,2571,0,0,0,0,2.186290999816265,0.0,0.006832997314631939,56.94744216236817,38.1,498.625,False
1776349168.135273,2572,0,0,0,0,2.3999170007300563,0.0,0.012541000614874065,56.94744216236817,37.7,498.625,False
1776349168.1531541,2573,0,0,0,0,2.2209590024431236,0.0,0.00875000114319846,56.94744216236817,39.6,498.625,False
1776349168.1707819,2574,0,0,0,0,2.2225419961614534,0.0,0.007374997949227691,56.94744216236817,49.2,498.625,False
1776349168.1887271,2575,0,0,0,0,2.2879160023876466,0.0,0.009999996109399945,56.94744216236817,38.7,498.625,False
1776349168.2065659,2576,0,0,0,0,2.3325000001932494,0.0,0.006750000466126949,56.94744216236817,38.4,498.625,False
1776349168.224214,2577,0,0,0,0,2.3705830026301555,0.0,0.014458004443440586,56.94744216236817,37.7,498.625,False
1776349168.241997,2578,0,0,0,0,2.2833329931017943,0.0,0.009875002433545887,56.94744216236817,38.2,498.625,False
1776349168.2597718,2579,0,0,0,0,2.2443749985541217,0.0,0.007542003004346043,56.94744216236817,39.4,498.625,False
1776349168.277339,2580,0,0,0,0,2.2292499998002313,0.0,0.008875002095010132,56.94744216236817,58.4,498.625,False
1776349168.29499,2581,0,0,0,0,2.241916001366917,0.0,0.01029099803417921,56.94744216236817,37.7,498.625,False
1776349168.312554,2582,0,0,0,0,2.191417006542906,0.0,0.008167000487446785,56.94744216236817,37.8,498.625,False
1776349168.329854,2583,0,0,0,0,2.2010840039001778,0.0,0.007708003977313638,56.94744216236817,36.4,498.625,False
1776349168.347284,2584,0,0,0,0,2.229750003607478,0.0,0.010416995792184025,56.94744216236817,36.9,498.625,False
1776349168.364757,2585,0,0,0,0,2.182291995268315,0.0,0.005832996976096183,56.94744216236817,38.4,498.625,False
1776349168.3820128,2586,0,0,0,0,2.213250001659617,0.0,0.011167001503054053,56.87344744562863,38.5,498.625,False
1776349168.399811,2587,0,0,0,0,2.2112910010037012,0.0,0.010458999895490706,56.87344744562863,42.2,498.625,False
1776349168.4172192,2588,0,0,0,0,2.19574999937322,0.0,0.006624999514315277,56.87344744562863,41.2,498.625,False
1776349168.434588,2589,0,0,0,0,2.298166997206863,0.0,0.006209003913681954,56.87344744562863,36.7,498.625,False
1776349168.452429,2590,0,0,0,0,2.513749997888226,0.0,0.010832998668774962,56.87344744562863,38.7,498.625,False
1776349168.47042,2591,0,0,0,0,2.3612500008312054,0.0,0.007832997653167695,56.87344744562863,39.7,498.625,False
1776349168.4881852,2592,0,0,0,0,2.3836670006858185,0.0,0.008666000212542713,56.87344744562863,38.1,498.625,False
1776349168.506459,2593,0,0,0,0,2.5139999997918494,0.0,0.00912499672267586,56.87344744562863,40.6,498.625,False
1776349168.524003,2594,0,0,0,0,2.142208999430295,0.0,0.008167000487446785,56.87344744562863,90.7,498.625,False
1776349168.542002,2595,0,0,0,0,2.271500001370441,0.0,0.009707997378427535,56.87344744562863,38.9,498.625,False
1776349168.5591402,2596,0,0,0,0,2.0579580013873056,0.0,0.00687500141793862,56.87344744562863,37.5,498.625,False
1776349168.576181,2597,0,0,0,0,2.0745410001836717,0.0,0.010374998964834958,56.87344744562863,36.7,498.640625,False
1776349168.5937421,2598,0,0,0,0,2.223624993348494,0.0,0.010458003089297563,56.87344744562863,38.6,498.625,False
1776349168.6111412,2599,0,0,0,0,2.1954160038148984,0.0,0.006582995411008596,56.87344744562863,37.5,498.625,False
1776349168.628617,2600,0,0,0,0,2.2489999973913655,0.0,0.008957998943515122,56.87344744562863,48.4,498.625,False
1776349168.6460721,2601,0,0,0,0,2.250042001833208,0.0,0.010875002772081643,56.87344744562863,39.0,498.625,False
1776349168.663433,2602,0,0,0,0,2.2123330054455437,0.0,0.005916001100558788,56.87344744562863,38.4,498.625,False
1776349168.6807702,2603,0,0,0,0,2.228582998213824,0.0,0.009457995474804193,56.87344744562863,37.1,498.625,False
1776349168.6984231,2604,0,0,0,0,2.2363750031217933,0.0,0.01049999991664663,56.87344744562863,38.4,498.625,False
1776349168.715976,2605,0,0,0,0,2.2093750012572855,0.0,0.006375004886649549,56.87344744562863,37.4,498.625,False
1776349168.7334862,2606,0,0,0,0,2.388458997302223,0.0,0.004499997885432094,56.87344744562863,47.6,498.625,False
1776349168.751345,2607,0,0,0,0,2.427041996270418,0.0,0.011374999303370714,56.87344744562863,39.1,498.625,False
1776349168.769855,2608,0,0,0,0,2.395041003182996,0.0,0.006166999810375273,56.87344744562863,41.5,498.625,False
1776349168.787721,2609,0,0,0,0,2.4076249974314123,0.0,0.008000002708286047,56.87344744562863,38.4,498.625,False
1776349168.805829,2610,0,0,0,0,2.430249995086342,0.0,0.023874999897088856,56.87344744562863,39.2,498.625,False
1776349168.8239412,2611,0,0,0,0,2.493917003448587,0.0,0.005166999471839517,56.87344744562863,51.6,498.625,False
1776349168.841726,2612,0,0,0,0,2.42433299717959,0.0,0.010791998647619039,56.87344744562863,38.1,498.625,False
1776349168.859931,2613,0,0,0,0,2.41762500081677,0.0,0.009750001481734216,56.87344744562863,39.6,498.625,False
1776349168.877611,2614,0,0,0,0,2.381708000029903,0.0,0.005750000127591193,56.87344744562863,38.8,498.625,False
1776349168.8958452,2615,0,0,0,0,2.466458005073946,0.0,0.007374997949227691,56.87344744562863,40.4,498.625,False
1776349168.9137259,2616,0,0,0,0,2.379541998379864,0.0,0.006417001713998616,56.87344744562863,38.5,498.625,False
1776349168.9315588,2617,0,0,0,0,2.417584000795614,0.0,0.008000002708286047,56.87344744562863,50.1,498.625,False
1776349168.949595,2618,0,0,0,0,2.411708999716211,0.0,0.00979100150289014,56.87344744562863,39.7,498.625,False
1776349168.967786,2619,0,0,0,0,2.491667000867892,0.0,0.01649999467190355,56.87344744562863,39.6,498.625,False
1776349168.9865978,2620,0,0,0,0,2.6429999998072162,0.0,0.015500001609325409,56.87344744562863,44.5,498.625,False
1776349169.004357,2621,0,0,0,0,2.1863330039195716,0.0,0.014165998436510563,56.87344744562863,41.3,498.625,False
1776349169.0225248,2622,0,0,0,0,2.340375001949724,0.0,0.01416700251866132,56.87344744562863,41.0,498.625,False
1776349169.040838,2623,0,0,0,0,2.5802910022321157,0.0,0.011250005627516657,56.87344744562863,52.2,498.640625,False
1776349169.058891,2624,0,0,0,0,2.5897500017890707,0.0,0.009375005902256817,56.87344744562863,39.1,498.640625,False
1776349169.076797,2625,0,0,0,0,2.573459001723677,0.0,0.010000003385357559,56.87344744562863,39.3,498.640625,False
1776349169.094982,2626,0,0,0,0,2.6043329999083653,0.0,0.011625001206994057,56.87344744562863,40.6,498.640625,False
1776349169.11291,2627,0,0,0,0,2.4583330014138483,0.0,0.009832998330239207,56.87344744562863,38.7,498.640625,False
1776349169.1306188,2628,0,0,0,0,2.4046660037129186,0.0,0.008290997357107699,56.87344744562863,53.6,498.640625,False
1776349169.1485708,2629,0,0,0,0,2.410458000667859,0.0,0.015875004464760423,56.87344744562863,39.0,498.640625,False
1776349169.1662579,2630,0,0,0,0,2.353832998778671,0.0,0.008666000212542713,56.87344744562863,38.0,498.640625,False
1776349169.183893,2631,0,0,0,0,2.5246670047636144,0.0,0.0077500008046627045,56.87344744562863,38.6,498.640625,False
1776349169.201833,2632,0,0,0,0,2.442833996610716,0.0,0.009750001481734216,56.87344744562863,39.3,498.640625,False
1776349169.21974,2633,0,0,0,0,2.348916998016648,0.0,0.006249996658880264,56.87344744562863,38.7,498.640625,False
1776349169.23774,2634,0,0,0,0,2.5606670023989864,0.0,0.0106250008684583,56.87344744562863,51.4,498.640625,False
1776349169.256139,2635,0,0,0,0,2.483541000401601,0.0,0.02308299735886976,56.87344744562863,40.2,498.640625,False
1776349169.273704,2636,0,0,0,0,2.375415999267716,0.0,0.008957998943515122,56.87344744562863,37.4,498.640625,False
1776349169.291223,2637,0,0,0,0,2.3891250020824373,0.0,0.0072499969974160194,56.87344744562863,38.5,498.640625,False
1776349169.309091,2638,0,0,0,0,2.4309579966939054,0.0,0.011832999007310718,56.87344744562863,38.4,498.640625,False
1776349169.327085,2639,0,0,0,0,2.3974170035216957,0.0,0.007124996045604348,56.87344744562863,39.3,498.640625,False
1776349169.344929,2640,0,0,0,0,2.3862080051912926,0.0,0.011292002454865724,56.87344744562863,63.7,498.640625,False
1776349169.363289,2641,0,0,0,0,2.532917002099566,0.0,0.012708995200227946,56.87344744562863,40.1,498.640625,False
1776349169.381602,2642,0,0,0,0,2.605791996757034,0.0,0.015084006008692086,56.87344744562863,39.9,498.640625,False
1776349169.40017,2643,0,0,0,0,2.52566700510215,0.0,0.015500001609325409,55.141943637047014,41.8,498.640625,False
1776349169.417608,2644,0,0,0,0,2.5075420053326525,0.0,0.01200000406242907,55.141943637047014,42.7,498.640625,False
1776349169.436098,2645,0,0,0,0,2.3371670031338,0.0,0.011208001524209976,55.141943637047014,40.6,498.640625,False
1776349169.4533792,2646,0,0,0,0,1.8382909984211437,0.0,0.0118750031106174,55.141943637047014,38.5,498.640625,False
1776349169.470264,2647,0,0,0,0,1.9872920020134188,0.0,0.011166994227096438,55.141943637047014,42.1,498.640625,False
1776349169.487464,2648,0,0,0,0,2.1269169956212863,0.0,0.011874995834659785,55.141943637047014,36.4,498.640625,False
1776349169.504286,2649,0,0,0,0,2.1662910003215075,0.0,0.012750002497341484,55.141943637047014,41.4,498.640625,False
1776349169.5219321,2650,0,0,0,0,2.3860829969635233,0.0,0.008957998943515122,55.141943637047014,37.7,498.640625,False
1776349169.540163,2651,0,0,0,0,2.404124999884516,0.0,0.014541001291945577,55.141943637047014,40.1,498.640625,False
1776349169.558038,2652,0,0,0,0,2.30704100249568,0.0,0.012249998690094799,55.141943637047014,57.8,498.640625,False
1776349169.5753138,2653,0,0,0,0,2.201916999183595,0.0,0.01041700306814164,55.141943637047014,70.8,498.640625,False
1776349169.593259,2654,0,0,0,0,2.4277089978568256,0.0,0.009957999282050878,55.141943637047014,40.2,498.640625,False
1776349169.6111622,2655,0,0,0,0,2.419541997369379,0.0,0.009458002750761807,55.141943637047014,39.0,498.640625,False
1776349169.6289222,2656,0,0,0,0,2.383541999734007,0.0,0.009915995178744197,55.141943637047014,38.0,498.640625,False
1776349169.646583,2657,0,0,0,0,2.372208000451792,0.0,0.007167000148911029,55.141943637047014,37.9,498.640625,False
1776349169.664233,2658,0,0,0,0,2.38612500106683,0.0,0.005249996320344508,55.141943637047014,48.4,498.640625,False
1776349169.68209,2659,0,0,0,0,2.3864160029916093,0.0,0.0045000051613897085,55.141943637047014,38.4,498.640625,False
1776349169.6998541,2660,0,0,0,0,2.427958002954256,0.0,0.009374998626299202,55.141943637047014,38.8,498.640625,False
1776349169.7179651,2661,0,0,0,0,2.3867499985499308,0.0,0.006249996658880264,55.141943637047014,39.8,498.640625,False
1776349169.734964,2662,0,0,0,0,2.4006669991649687,0.0,0.008125003660097718,55.141943637047014,40.5,498.640625,False
1776349169.753005,2663,0,0,0,0,2.4332499961019494,0.0,0.01200000406242907,55.141943637047014,39.0,498.640625,False
1776349169.770848,2664,0,0,0,0,2.3392919974867254,0.0,0.0072499969974160194,55.141943637047014,60.2,498.640625,False
1776349169.788542,2665,0,0,0,0,2.4376669971388765,0.0,0.012625001545529813,55.141943637047014,38.4,498.640625,False
1776349169.806746,2666,0,0,0,0,2.5739169941516593,0.0,0.008167000487446785,55.141943637047014,43.6,498.78125,False
