timestamp,frame_index,motion_regions,yolo_detections,confirmed_tracks,new_confirmations,time_mog2_ms,time_yolo_ms,time_tracker_ms,fps,cpu_percent,ram_mb,yolo_ran
1773585683.998016,0,0,0,0,0,55.81032600093749,0.0,0.02736999886110425,0.0,0.0,426.65625,False
1773585684.2367492,1,0,0,0,0,7.047701001283713,0.0,0.025852001272141933,0.0,4.2,431.53125,False
1773585684.4469218,2,0,0,0,0,7.047793998935958,0.0,0.02242600021418184,0.0,9.5,434.15625,False
1773585684.6570344,3,0,0,0,0,6.997478001721902,0.0,0.021981999452691525,0.0,14.3,437.140625,False
1773585684.8671186,4,0,0,0,0,7.0029410017014015,0.0,0.02188900180044584,3.925251557259224,4.8,439.78125,False
1773585685.0772424,5,0,0,0,0,7.046424001600826,0.0,0.020888997823931277,3.925251557259224,9.5,442.40625,False
1773585685.2872896,6,0,0,0,0,6.993144997977652,0.0,0.02240799949504435,3.925251557259224,9.5,445.03125,False
1773585685.497398,7,0,0,0,0,7.031645996903535,0.0,0.02161200245609507,3.925251557259224,4.8,447.65625,False
1773585685.7074807,8,0,0,0,0,6.9587559992214665,0.0,0.02159200084861368,3.925251557259224,14.3,450.28125,False
1773585685.9175868,9,0,0,0,0,7.041700999252498,0.0,0.022649001039098948,4.759898998496326,9.5,452.90625,False
1773585686.1275618,10,0,0,0,0,6.912107000971446,0.0,0.022371001250576228,4.759898998496326,4.8,452.90625,False
1773585686.3400652,11,0,0,0,0,9.253199001250323,0.0,0.02568499985500239,4.759898998496326,9.4,452.90625,False
1773585686.5529857,12,0,0,0,0,9.32345899855136,0.0,0.02492600106052123,4.759898998496326,9.4,452.90625,False
1773585686.765854,13,0,0,0,0,9.367699996801093,0.0,0.025332999939564615,4.759898998496326,18.8,452.90625,False
1773585686.97872,14,0,0,0,0,9.341643999505322,0.0,0.02762999793048948,4.722901529573197,9.4,452.90625,False
1773585687.1915486,15,0,0,0,0,9.304328999860445,0.0,0.02624099943204783,4.722901529573197,9.4,452.90625,False
1773585687.4042528,16,0,0,0,0,9.342180997919058,0.0,0.025888999516610056,4.722901529573197,9.4,452.90625,False
1773585687.6171365,17,0,0,0,0,9.360033000120893,0.0,0.027278001653030515,4.722901529573197,9.4,452.90625,False
1773585687.829612,18,0,0,0,0,8.953345000918489,0.0,0.02494400177965872,4.722901529573197,18.8,452.90625,False
1773585688.0423799,19,0,0,0,0,9.358347997476812,0.0,0.02492700150469318,4.700514643272038,9.4,452.90625,False
1773585688.2551768,20,0,0,0,0,9.369052000693046,0.0,0.025556000764481723,4.700514643272038,9.4,452.90625,False
1773585688.4680567,21,0,0,0,0,9.341515000414802,0.0,0.026351997803431004,4.700514643272038,9.4,452.90625,False
1773585688.6809356,22,0,0,0,0,9.34653299918864,0.0,0.02622299871291034,4.700514643272038,9.4,452.90625,False
1773585688.8937037,23,0,0,0,0,9.339847001683665,0.0,0.025000001187436283,4.700514643272038,18.8,452.90625,False
1773585689.1064093,24,0,0,0,0,9.360978001495823,0.0,0.02546299947425723,4.699027481604652,9.4,452.90625,False
1773585689.3191285,25,0,0,0,0,9.29097700282,0.0,0.025258999812649563,4.699027481604652,9.4,452.90625,False
1773585689.531857,26,0,0,0,0,9.366865997435525,0.0,0.02735199814196676,4.699027481604652,9.4,452.90625,False
1773585689.7445757,27,0,0,0,0,9.300588000769494,0.0,0.025332999939564615,4.699027481604652,9.4,452.90625,False
1773585689.9570818,28,0,0,0,0,9.087587000976782,0.0,0.026240002625854686,4.699027481604652,18.8,452.90625,False
1773585690.1698387,29,0,0,0,0,9.342533001472475,0.0,0.026444999093655497,4.702023831277515,9.4,452.90625,False
1773585690.3826063,30,0,0,0,0,9.31936599954497,0.0,0.027556001441553235,4.702023831277515,9.4,452.90625,False
1773585690.5954132,31,0,0,0,0,9.307125001214445,0.0,0.025777997507248074,4.702023831277515,9.4,452.90625,False
1773585690.808158,32,0,0,0,0,9.307494998211041,0.0,0.026351997803431004,4.702023831277515,14.1,452.90625,False
1773585691.0211315,33,0,0,0,0,9.504718997050077,0.0,0.02550000135670416,4.702023831277515,18.8,452.90625,False
1773585691.2339427,34,0,0,0,0,9.365402998810168,0.0,0.027147998480359092,4.699015899761593,4.7,452.90625,False
1773585691.4467957,35,0,0,0,0,9.459330001845956,0.0,0.026482000976102427,4.699015899761593,9.4,452.90625,False
1773585691.6595817,36,0,0,0,0,9.322272999270353,0.0,0.02659199890331365,4.699015899761593,9.4,452.90625,False
1773585691.8723109,37,0,0,0,0,9.333922000223538,0.0,0.02601899905130267,4.699015899761593,9.4,452.90625,False
1773585692.0851667,38,0,0,0,0,9.38925599984941,0.0,0.025240999093512073,4.699015899761593,18.8,452.90625,False
1773585692.2979345,39,0,0,0,0,9.350959000585135,0.0,0.024296001356560737,4.698767430334675,9.4,452.90625,False
1773585692.5107262,40,0,0,0,0,9.352976998343365,0.0,0.02625900015118532,4.698767430334675,9.4,452.90625,False
1773585692.7236743,41,0,0,0,0,9.423534000234213,0.0,0.0259810003626626,4.698767430334675,9.4,452.90625,False
1773585692.9364169,42,0,0,0,0,9.31018100163783,0.0,0.02631499955896288,4.698767430334675,14.1,452.90625,False
1773585693.1493068,43,0,0,0,0,9.438293000130216,0.0,0.026648998755263165,4.698767430334675,14.1,452.90625,False
1773585693.362219,44,0,0,0,0,9.397828998771729,0.0,0.024704000679776073,4.698576884722039,9.4,452.90625,False
1773585693.575128,45,0,0,0,0,9.391514002345502,0.0,0.025926001399056986,4.698576884722039,14.1,452.90625,False
1773585693.787952,46,0,0,0,0,9.314217997598462,0.0,0.024480999854858965,4.698576884722039,9.4,452.90625,False
1773585694.0008283,47,0,0,0,0,9.345552000013413,0.0,0.024426000891253352,4.698576884722039,9.4,452.90625,False
1773585694.2136931,48,0,0,0,0,9.36649599680095,0.0,0.024834000214468688,4.698576884722039,18.8,452.90625,False
1773585694.4264934,49,0,0,0,0,9.353643999929773,0.0,0.025018998712766916,4.697851689468749,9.4,452.90625,False
1773585694.639269,50,0,0,0,0,9.310199002356967,0.0,0.026388999685877934,4.697851689468749,9.4,452.90625,False
1773585694.8521905,51,0,0,0,0,9.444626000913559,0.0,0.025833000108832493,4.697851689468749,9.4,452.90625,False
1773585695.0652378,52,0,0,0,0,9.444440998777281,0.0,0.02738900002441369,4.697851689468749,9.4,452.90625,False
1773585695.2781534,53,0,0,0,0,9.454700997594045,0.0,0.026130001060664654,4.697851689468749,18.8,452.90625,False
1773585695.491032,54,0,0,0,0,9.341495999251492,0.0,0.026740999601315707,4.696842682851719,9.4,452.90625,False
1773585695.7038877,55,0,0,0,0,9.370773001137422,0.0,0.02627800131449476,4.696842682851719,9.4,452.90625,False
1773585695.9167926,56,0,0,0,0,9.346940001705661,0.0,0.05033299748902209,4.696842682851719,9.4,452.90625,False
1773585696.1297047,57,0,0,0,0,9.363236000353936,0.0,0.02709299951675348,4.696842682851719,9.4,452.90625,False
1773585696.342619,58,0,0,0,0,9.370865998789668,0.0,0.026573998184176162,4.696842682851719,18.8,452.90625,False
1773585696.5554345,59,0,0,0,0,9.403162999660708,0.0,0.026425997930346057,4.697442352985974,9.4,452.90625,False
1773585696.7682447,60,0,0,0,0,9.351365999464178,0.0,0.025870998797472566,4.697442352985974,9.4,452.90625,False
1773585696.9811392,61,0,0,0,0,9.35364300312358,0.0,0.02627800131449476,4.697442352985974,9.4,452.90625,False
1773585697.194047,62,0,0,0,0,9.442477999982657,0.0,0.027147998480359092,4.697442352985974,9.4,452.90625,False
1773585697.4069486,63,0,0,0,0,9.356070000649197,0.0,0.026740999601315707,4.697442352985974,18.8,452.90625,False
1773585697.6198242,64,0,0,0,0,9.320106997620314,0.0,0.026685000193538144,4.697525477244748,9.4,452.90625,False
1773585697.8326705,65,0,0,0,0,9.326236002380028,0.0,0.02598199716885574,4.697525477244748,9.4,452.90625,False
1773585698.0455043,66,0,0,0,0,9.37819999671774,0.0,0.02574099926277995,4.697525477244748,9.4,452.90625,False
1773585698.2584188,67,0,0,0,0,9.372069998789812,0.0,0.025667002773843706,4.697525477244748,9.4,452.90625,False
1773585698.470876,68,0,0,0,0,8.894769998732954,0.0,0.024889002816053107,4.697525477244748,18.8,452.90625,False
1773585698.6836529,69,0,0,0,0,9.390588002133882,0.0,0.02607500209705904,4.699905762177801,9.4,452.90625,False
1773585698.8963854,70,0,0,0,0,9.343921999970917,0.0,0.025889003154588863,4.699905762177801,9.4,452.90625,False
1773585699.1091576,71,0,0,0,0,9.345309998025186,0.0,0.025777997507248074,4.699905762177801,9.4,452.90625,False
1773585699.3219736,72,0,0,0,0,9.3630330011365,0.0,0.026112000341527164,4.699905762177801,9.4,452.90625,False
1773585699.5349438,73,0,0,0,0,9.396626002853736,0.0,0.02537099862820469,4.699905762177801,18.8,452.90625,False
1773585699.7477462,74,0,0,0,0,9.333755002444377,0.0,0.02659200254129246,4.698982207451862,9.4,452.90625,False
1773585699.960678,75,0,0,0,0,9.372291999170557,0.0,0.025926001399056986,4.698982207451862,9.4,452.90625,False
1773585700.1734877,76,0,0,0,0,9.360365998873021,0.0,0.026091998734045774,4.698982207451862,9.4,452.90625,False
1773585700.3864162,77,0,0,0,0,9.379162998811807,0.0,0.025315002858405933,4.698982207451862,9.4,452.90625,False
1773585700.599294,78,0,0,0,0,9.396256002219161,0.0,0.025130000722128898,4.698982207451862,18.8,452.90625,False
1773585700.8122346,79,0,0,0,0,9.477125997364055,0.0,0.027611000405158848,4.697767501331722,9.4,452.90625,False
1773585701.025016,80,0,0,0,0,9.38079200204811,0.0,0.024443997972412035,4.697767501331722,9.4,452.90625,False
1773585701.2378032,81,0,0,0,0,9.385550998558756,0.0,0.02546299947425723,4.697767501331722,9.4,452.90625,False
1773585701.4506273,82,0,0,0,0,9.353143999760505,0.0,0.024704000679776073,4.697767501331722,9.4,452.90625,False
1773585701.663444,83,0,0,0,0,9.3223100011528,0.0,0.025944002118194476,4.697767501331722,18.8,452.90625,False
1773585701.8762672,84,0,0,0,0,9.336254999652738,0.0,0.026463003450771794,4.698429511974526,9.4,452.90625,False
1773585702.0891333,85,0,0,0,0,9.36738400196191,0.0,0.024740998924244195,4.698429511974526,9.4,452.90625,False
1773585702.3020227,86,0,0,0,0,9.363773999211844,0.0,0.02564899841672741,4.698429511974526,14.1,452.90625,False
1773585702.514936,87,0,0,0,0,9.36475499838707,0.0,0.025352001102874056,4.698429511974526,9.4,452.90625,False
1773585702.7277818,88,0,0,0,0,9.36727400039672,0.0,0.02653699993970804,4.698429511974526,14.1,452.90625,False
1773585702.9408174,89,0,0,0,0,9.589572000550106,0.0,0.02403699909336865,4.697528633920149,14.1,452.953125,False
1773585704.288112,90,1,1,0,0,11.467418000393081,1132.4098839977523,0.04477800030144863,1.3715582522565386,52.7,480.203125,True
1773585704.7651284,91,1,1,1,1,7.062016000418225,266.6572650014132,0.04836999869439751,1.3715582522565386,115.3,501.4375,True
1773585705.2356014,92,1,1,1,0,7.171182998717995,254.31637600195245,0.04572200123220682,1.3715582522565386,112.7,506.21875,True
1773585705.7515123,93,1,1,1,0,7.1254979993682355,305.5346639994241,0.034685999708017334,1.905682374760671,124.1,514.71875,True
1773585706.2550552,94,1,1,1,0,7.153386999561917,293.22740499992506,0.035834000300383195,1.905682374760671,119.2,517.09375,True
1773585706.7584581,95,1,1,1,0,7.140350000554463,293.07027499817195,0.03648199708550237,1.9619445886716904,121.2,521.625,True
1773585707.2625968,96,1,1,1,0,7.189867999841226,293.7886680010706,0.03486999776214361,1.9619445886716904,119.0,521.90625,True
1773585707.802088,97,1,1,1,0,7.14740499824984,329.16759900035686,0.034204000257886946,1.985035225432355,122.3,526.890625,True
1773585708.3066175,98,1,1,1,0,7.13942299989867,294.21070699754637,0.03513000046950765,1.985035225432355,122.9,534.125,True
1773585708.7728143,99,1,1,1,0,7.149294000555528,255.8468659990467,0.03518599987728521,1.9156639162393958,115.8,531.59375,True
1773585709.2381299,100,1,1,1,0,7.156535000831354,254.99182300336543,0.03405600000405684,1.9156639162393958,111.8,534.21875,True
1773585709.7044816,101,1,1,1,0,7.0933870010776445,256.1066080015735,0.03429600110393949,2.314988565719973,117.9,536.84375,True
1773585710.189327,102,1,1,1,0,7.143793998693582,274.51550400292035,0.03568600004655309,2.314988565719973,117.6,540.921875,True
1773585710.6950014,103,1,1,1,0,7.134479001251748,295.3847520002455,0.034462998883100227,2.314988565719973,122.6,542.75,True
1773585711.220397,104,1,1,1,0,7.190683001681464,315.0617120008974,0.034130000130971894,1.8307275872702509,121.8,548.828125,True
1773585711.7454822,105,1,1,1,0,7.139959998312406,314.75815500016324,0.035019002098124474,1.8307275872702509,121.9,550.515625,True
1773585711.955705,106,0,0,1,0,7.014422997599468,0.0,0.0301670006592758,1.9038861382487016,9.5,551.828125,False
1773585712.1660025,107,0,0,1,0,7.055977999698371,0.0,0.030093000532360747,1.9038861382487016,4.8,555.765625,False
1773585712.376225,108,0,0,1,0,6.990293000853853,0.0,0.030834002245683223,1.9038861382487016,14.3,557.078125,False
1773585712.5865037,109,0,0,1,0,7.051700998999877,0.0,0.029795999580528587,1.9038861382487016,9.5,561.015625,False
1773585712.7967074,110,0,0,1,0,6.959941001696279,0.0,0.030945000617066398,1.9038861382487016,9.5,563.640625,False
1773585713.0067482,111,0,0,1,0,6.837698998424457,0.0,0.02827800199156627,4.756460560754446,9.5,566.265625,False
1773585713.2171504,112,0,0,1,0,7.0402370001829695,0.0,0.031147999834502116,4.756460560754446,4.8,568.890625,False
1773585713.4284573,113,0,0,1,0,7.9974489999585785,0.0,0.0331109986291267,4.756460560754446,14.2,571.515625,False
1773585713.6415102,114,0,0,1,0,9.59712700205273,0.0,0.035556000511860475,4.756460560754446,9.4,574.140625,False
1773585713.8547146,115,0,0,1,0,9.555701002682326,0.0,0.03653699968708679,4.756460560754446,9.4,576.765625,False
1773585714.068032,116,0,0,1,0,9.525107998342719,0.0,0.03794399890466593,4.723716405649759,9.4,579.390625,False
1773585714.2811632,117,0,0,1,0,9.547293000650825,0.0,0.03699999797390774,4.723716405649759,9.4,582.015625,False
1773585714.4943557,118,0,0,1,0,9.576478001690703,0.0,0.035852001019520685,4.723716405649759,18.8,584.640625,False
1773585714.7075715,119,0,0,1,0,9.595922998414608,0.0,0.036981000448577106,4.723716405649759,9.4,587.265625,False
1773585714.9206715,120,0,0,1,0,9.526181002001977,0.0,0.035814999137073755,4.723716405649759,14.1,589.890625,False
1773585715.133734,121,0,0,0,0,9.518421997199766,0.0,0.03866699989885092,4.691397959870762,9.4,591.203125,False
1773585715.3467245,122,0,0,0,0,9.490237000136403,0.0,0.03862999801640399,4.691397959870762,9.4,595.140625,False
1773585715.5598524,123,0,0,0,0,9.502311000687769,0.0,0.03437000123085454,4.691397959870762,18.8,596.453125,False
1773585715.7730377,124,0,0,0,0,9.574849002092378,0.0,0.033870997867779806,4.691397959870762,9.4,600.390625,False
1773585715.9861314,125,0,0,0,0,9.549700997013133,0.0,0.03579700205591507,4.691397959870762,9.4,603.015625,False
1773585716.1991422,126,0,0,0,0,9.447476997593185,0.0,0.03475999983493239,4.692931753113737,9.4,605.640625,False
1773585716.4121597,127,0,0,0,0,9.425829000974772,0.0,0.034685999708017334,4.692931753113737,9.4,608.265625,False
1773585716.6253068,128,0,0,0,0,9.551811999699567,0.0,0.03550000110408291,4.692931753113737,18.8,610.890625,False
1773585716.8384223,129,0,0,0,0,9.498441002506297,0.0,0.03377800021553412,4.692931753113737,9.4,613.515625,False
1773585717.0514786,130,0,0,0,0,9.480126002017641,0.0,0.03561199991963804,4.692931753113737,14.1,616.140625,False
1773585718.2105765,131,0,0,0,0,9.483792000537505,0.0,0.034944998333230615,0.9461543216086977,74.2,601.234375,False
1773585718.4221737,132,0,0,0,0,6.770551000954583,0.0,0.026185000024270266,0.9461543216086977,9.5,524.953125,False
1773585718.6324148,133,0,0,0,0,6.992070000706008,0.0,0.0304810018860735,0.9461543216086977,14.3,524.953125,False
1773585718.8427358,134,0,0,0,0,7.020719000138342,0.0,0.029686001653317362,0.9461543216086977,9.5,524.953125,False
1773585719.0529916,135,0,0,0,0,6.99392199749127,0.0,0.02901799962273799,0.9461543216086977,4.8,524.953125,False
1773585719.2632334,136,0,0,0,0,6.958737001696136,0.0,0.031167000997811556,4.7501031152936575,9.5,524.953125,False
1773585719.4735239,137,0,0,0,0,7.031441000435734,0.0,0.02109300112351775,4.7501031152936575,9.5,524.953125,False
1773585719.9600337,138,1,1,0,0,7.00936700013699,276.2249189981958,0.04174100104137324,4.7501031152936575,117.2,522.40625,True
1773585720.4642878,139,1,1,1,1,7.047200000670273,293.81245499826036,0.03811200076597743,2.4977111928535147,119.0,526.015625,True
1773585720.9694548,140,1,1,1,0,7.055089001369197,294.81627800123533,0.036388999433256686,2.4977111928535147,120.8,522.328125,True
1773585721.4544384,141,1,1,1,0,7.03386699751718,274.7467580011289,0.036612000258173794,2.4977111928535147,117.5,522.734375,True
1773585721.9387014,142,1,1,1,0,7.08701500116149,273.8402690010844,0.035834000300383195,1.8312327420242474,117.7,524.890625,True
1773585722.4247942,143,1,1,1,0,7.07549700018717,275.7449130003806,0.040296003135154024,1.8312327420242474,119.3,524.890625,True
1773585722.9512568,144,1,1,1,0,9.802814001886873,313.21259799733525,0.03524100247886963,2.1508615215310725,121.6,526.515625,True
1773585723.4551558,145,1,1,1,0,7.1315900022455025,293.5989699981292,0.03459300205577165,2.1508615215310725,119.1,528.265625,True
1773585723.9811764,146,1,1,1,0,7.148163997044321,315.6903919989418,0.03551900226739235,1.941896860526677,123.6,531.40625,True
1773585724.485336,147,1,1,1,0,7.10514599995804,293.89135999736027,0.035518998629413545,1.941896860526677,121.0,533.515625,True
1773585724.9895794,148,1,1,1,0,7.08997800029465,293.9661199998227,0.036407000152394176,1.9833479882700609,121.0,537.015625,True
1773585725.4945562,149,1,1,1,0,7.094108001183486,294.7015880017716,0.03463000030023977,1.9833479882700609,120.8,535.546875,True
1773585725.9780362,150,1,1,1,0,7.118607998563675,273.1625950000307,0.03627800106187351,1.9833479882700609,117.9,541.21875,True
1773585726.442719,151,1,1,1,0,7.0695160029572435,254.45206699805567,0.03631499930634163,1.834167664620906,114.1,542.390625,True
1773585726.9469028,152,1,1,1,0,7.129904002795229,293.8013390012202,0.03544499850249849,1.834167664620906,121.0,547.515625,True
1773585727.4300692,153,1,1,1,0,7.122849001461873,272.8706650013919,0.03435200051171705,2.2220826727198815,118.0,548.28125,True
1773585727.913365,154,1,1,1,0,7.108812002115883,273.00898199973744,0.036073997762287036,2.2220826727198815,117.9,551.71875,True
1773585728.438117,155,1,1,1,0,7.115440999768907,314.4648609995784,0.03453799945418723,1.9840370856541432,122.0,554.09375,True
1773585728.6487677,156,0,0,1,0,7.428609998896718,0.0,0.05564900129684247,1.9840370856541432,4.7,556.734375,False
1773585728.8589945,157,0,0,1,0,7.001570000284119,0.0,0.030593000701628625,1.9840370856541432,9.5,559.359375,False
1773585729.0692956,158,0,0,1,0,7.04946000041673,0.0,0.030612001864938065,1.9840370856541432,14.3,561.984375,False
1773585729.2794933,159,0,0,1,0,7.017107000137912,0.0,0.029925999115221202,1.9840370856541432,4.8,564.609375,False
1773585729.489783,160,0,0,1,0,7.054219000565354,0.0,0.030054998205741867,4.754506591893848,9.5,567.234375,False
1773585729.7000074,161,0,0,1,0,6.970106998778647,0.0,0.030332997994264588,4.754506591893848,9.5,569.859375,False
1773585729.9102173,162,0,0,1,0,6.981922000704799,0.0,0.03131500125164166,4.754506591893848,4.8,572.484375,False
1773585730.1204672,163,0,0,1,0,7.003921997238649,0.0,0.03059299706364982,4.754506591893848,14.3,575.109375,False
1773585730.3307288,164,0,0,1,0,7.01573700280278,0.0,0.029740996978944167,4.754506591893848,9.5,577.734375,False
1773585730.5409744,165,0,0,1,0,7.04771900200285,0.0,0.0307039990730118,4.756522052718041,9.5,580.359375,False
1773585730.7511997,166,0,0,1,0,6.9794219998584595,0.0,0.030889001209288836,4.756522052718041,9.5,582.984375,False
1773585730.9614456,167,0,0,1,0,7.02825599728385,0.0,0.029741000616922975,4.756522052718041,4.8,585.609375,False
1773585731.1716602,168,0,0,1,0,6.992292001086753,0.0,0.03068599835387431,4.756522052718041,14.3,588.234375,False
1773585731.3820302,169,0,0,1,0,6.979662000958342,0.0,0.03048200233024545,4.756522052718041,9.5,590.859375,False
1773585731.5923023,170,0,0,1,0,7.015811002929695,0.0,0.030890001653460786,4.755912597333798,4.8,593.484375,False
1773585731.802552,171,0,0,0,0,7.009625998762203,0.0,0.033814998460002244,4.755912597333798,9.5,596.109375,False
1773585732.0127413,172,0,0,0,0,6.972606999624986,0.0,0.029167000320740044,4.755912597333798,4.8,598.734375,False
1773585732.2229784,173,0,0,0,0,7.0091999987198506,0.0,0.030556002457160503,4.755912597333798,14.3,601.359375,False
1773585732.4331582,174,0,0,0,0,7.023663001746172,0.0,0.030667000828543678,4.755912597333798,9.5,603.984375,False
1773585732.643338,175,0,0,0,0,7.008588996541221,0.0,0.02883400156861171,4.757206123171631,4.8,606.609375,False
1773585732.856058,176,0,0,0,0,9.474663002038142,0.0,0.03459300205577165,4.757206123171631,9.4,609.234375,False
1773585733.069059,177,0,0,0,0,9.498606999841286,0.0,0.03488899892545305,4.757206123171631,14.1,611.859375,False
1773585733.2822137,178,0,0,0,0,9.571755999786546,0.0,0.03463000030023977,4.757206123171631,18.8,614.484375,False
1773585733.495377,179,0,0,0,0,9.61583000025712,0.0,0.03475999983493239,4.757206123171631,9.4,617.109375,False
1773585733.7084205,180,0,0,0,0,9.508774001005804,0.0,0.036666999221779406,4.694679882751201,9.4,619.734375,False
1773585734.77273,181,0,0,0,0,9.577107997756684,0.0,0.035278000723337755,0.939527403136459,82.7,554.25,False
1773585734.98371,182,0,0,0,0,6.9918100016366225,0.0,0.031723000574857,0.939527403136459,9.5,525.375,False
1773585735.194004,183,0,0,0,0,7.005162999121239,0.0,0.02933300129370764,0.939527403136459,9.5,525.375,False
1773585735.4042695,184,0,0,0,0,6.980403999477858,0.0,0.02794499960145913,0.939527403136459,9.5,525.375,False
1773585735.6146414,185,0,0,0,0,7.0596080004179385,0.0,0.029055998311378062,0.939527403136459,9.5,525.375,False
1773585735.8249469,186,0,0,0,0,7.0241440007521305,0.0,0.03194499731762335,4.75193071430368,4.8,525.375,False
1773585736.0352077,187,0,0,0,0,6.990718000452034,0.0,0.022481999621959403,4.75193071430368,9.5,525.375,False
1773585736.2454693,188,0,0,0,0,6.988293000176782,0.0,0.02098199911415577,4.75193071430368,14.3,525.375,False
1773585736.4557078,189,0,0,0,0,6.981087997701252,0.0,0.022833999537397176,4.75193071430368,4.8,525.375,False
1773585736.6658921,190,0,0,0,0,6.971328999497928,0.0,0.022111002181190997,4.75193071430368,9.5,525.375,False
1773585736.8761392,191,0,0,0,0,6.950366001547081,0.0,0.02185199991799891,4.75657707319109,4.8,525.375,False
1773585737.0863307,192,0,0,0,0,6.987587999901734,0.0,0.021500000002561137,4.75657707319109,9.5,525.375,False
1773585737.2966323,193,0,0,0,0,6.957089000934502,0.0,0.021703999664168805,4.75657707319109,9.5,525.375,False
1773585737.5066488,194,0,0,0,0,6.714253999234643,0.0,0.02066699744318612,4.75657707319109,9.5,525.375,False
1773585737.7168057,195,0,0,0,0,6.887180999910925,0.0,0.021926000044913962,4.75657707319109,4.8,525.375,False
1773585737.9268239,196,0,0,0,0,6.71690099989064,0.0,0.019185001292498782,4.758748700912651,9.5,525.375,False
1773585738.1367943,197,0,0,0,0,6.71878999855835,0.0,0.018908001948148012,4.758748700912651,4.8,525.375,False
1773585738.3467903,198,0,0,0,0,6.761512999219121,0.0,0.01994400008697994,4.758748700912651,14.3,525.375,False
1773585738.55713,199,0,0,0,0,7.059996001771651,0.0,0.021425999875646085,4.758748700912651,9.5,525.390625,False
1773585739.0246027,200,1,1,0,0,6.758030998753384,257.48408200161066,0.03316700167488307,3.6437110253145284,115.5,524.203125,True
1773585739.5262382,201,1,1,1,1,9.692201001598733,288.66551399914897,0.035574001230997965,3.6437110253145284,117.6,524.140625,True
1773585739.9930768,202,1,1,1,0,7.099996997567359,256.48275899948203,0.0355929987563286,3.6437110253145284,113.5,518.890625,True
1773585740.4790962,203,1,1,1,0,7.123515002604108,275.57725100268726,0.034388998756185174,1.8682955978190543,119.3,524.03125,True
1773585740.945566,204,1,1,1,0,7.119570997019764,256.0959219990764,0.03487000140012242,1.8682955978190543,113.6,524.296875,True
1773585741.3947246,205,1,1,1,0,7.121460002963431,238.71410799984005,0.03631499930634163,2.308320634087253,113.5,522.34375,True
1773585741.8491843,206,1,1,1,0,7.167922998633003,244.05023999861442,0.03507400106173009,2.308320634087253,110.0,524.265625,True
1773585742.2998219,207,1,1,1,0,7.147423002606956,240.2529160026461,0.03533299968694337,2.308320634087253,113.2,527.5,True
1773585742.7505786,208,1,1,1,0,7.162572001107037,240.3069539977878,0.03507499786792323,1.9858834469388764,113.1,530.125,True
1773585743.2005677,209,1,1,1,0,7.150090001232456,239.59766999905696,0.035203996958443895,1.9858834469388764,111.1,532.75,True
1773585743.6681442,210,1,1,1,0,7.20336800077348,257.12652100264677,0.03548200038494542,2.3690810450538993,115.5,539.796875,True
1773585744.1538837,211,1,1,1,0,7.184885998867685,275.27989400186925,0.034130000130971894,2.3690810450538993,117.3,543.0,True
1773585744.6600785,212,1,1,1,0,7.251386999996612,295.4647650003608,0.03616699905251153,2.3690810450538993,118.5,546.125,True
1773585745.1649115,213,1,1,1,0,7.174329999543261,294.3958859978011,0.036130000808043405,1.8282542004517561,122.8,547.875,True
1773585745.632477,214,1,1,1,0,7.130423000489827,257.2041679995891,0.03566699888324365,1.8282542004517561,115.5,550.328125,True
1773585746.1385474,215,1,1,1,0,7.177422998211114,295.6390059989644,0.034704000427154824,2.1795064681546124,118.6,553.125,True
1773585746.3489554,216,0,0,1,0,7.1118859996204264,0.0,0.029833001462975517,2.1795064681546124,9.5,554.4375,False
1773585746.5592444,217,0,0,1,0,7.088515001669293,0.0,0.03127799936919473,2.1795064681546124,9.5,558.375,False
1773585746.7696116,218,0,0,1,0,7.060459000058472,0.0,0.03185199966537766,2.1795064681546124,14.3,561.0,False
1773585746.9799473,219,0,0,1,0,7.016310999460984,0.0,0.03198199920007028,2.1795064681546124,9.5,563.625,False
1773585747.1902769,220,0,0,1,0,7.078571001329692,0.0,0.032758998713688925,4.754236052814669,9.5,566.25,False
1773585747.4006386,221,0,0,1,0,7.05501400079811,0.0,0.03294500129413791,4.754236052814669,4.8,568.875,False
1773585747.6109858,222,0,0,1,0,7.055440997646656,0.0,0.03216700133634731,4.754236052814669,4.8,571.5,False
1773585747.821291,223,0,0,1,0,7.084570999722928,0.0,0.030517996492562816,4.754236052814669,14.3,574.125,False
1773585748.0315797,224,0,0,1,0,7.014532999164658,0.0,0.0324079992424231,4.754236052814669,9.5,576.75,False
1773585748.24193,225,0,0,1,0,7.071681000525132,0.0,0.03274100163253024,4.754404193003484,4.8,579.375,False
1773585748.4522088,226,0,0,1,0,7.0604410029773135,0.0,0.03372300125192851,4.754404193003484,9.5,582.0,False
1773585748.6625736,227,0,0,1,0,7.0673480004188605,0.0,0.03359200127306394,4.754404193003484,14.3,584.625,False
1773585748.872914,228,0,0,1,0,7.051311000395799,0.0,0.030667000828543678,4.754404193003484,14.3,587.25,False
1773585749.0831256,229,0,0,1,0,7.019532997219358,0.0,0.030499999411404133,4.754404193003484,4.8,589.875,False
1773585749.2934687,230,0,0,1,0,7.09012600054848,0.0,0.031703999411547557,4.754949652655357,4.8,592.5,False
1773585749.5063295,231,0,0,0,0,9.532588999718428,0.0,0.0359820005542133,4.754949652655357,9.4,593.8125,False
1773585749.7197945,232,0,0,0,0,9.977461999369552,0.0,0.035889002901967615,4.754949652655357,14.1,597.75,False
1773585749.9329462,233,0,0,0,0,9.55047800016473,0.0,0.034684999263845384,4.754949652655357,14.1,600.375,False
1773585750.145995,234,0,0,0,0,9.51864400121849,0.0,0.03561199991963804,4.754949652655357,14.1,603.0,False
1773585750.3591592,235,0,0,0,0,9.630052001739386,0.0,0.0355929987563286,4.692002538912049,4.7,605.625,False
1773585750.5722196,236,0,0,0,0,9.491273001913214,0.0,0.03561199991963804,4.692002538912049,14.1,608.25,False
1773585750.7853687,237,0,0,0,0,9.57743999970262,0.0,0.03618499977164902,4.692002538912049,9.4,610.875,False
1773585750.9984035,238,0,0,0,0,9.512051001365762,0.0,0.03455600017332472,4.692002538912049,18.8,613.5,False
1773585751.2114263,239,0,0,0,0,9.488995998253813,0.0,0.03455600017332472,4.692002538912049,9.4,616.125,False
1773585751.4245892,240,0,0,0,0,9.586254996975185,0.0,0.03507399742375128,4.6930598770449246,9.4,618.75,False
1773585752.4751666,241,0,0,0,0,9.597607000614516,0.0,0.03579700205591507,0.9517626983262535,81.9,597.875,False
1773585752.6868455,242,0,0,0,0,7.560314999864204,0.0,0.029443999665090814,0.9517626983262535,9.4,523.0625,False
1773585752.8968966,243,0,0,0,0,6.7313079998712055,0.0,0.0279079977190122,0.9517626983262535,9.5,523.0625,False
1773585753.1067653,244,0,0,0,0,6.740363998687826,0.0,0.02783399759209715,0.9517626983262535,9.5,523.0625,False
1773585753.316706,245,0,0,0,0,6.723105001583463,0.0,0.02794499960145913,0.9517626983262535,4.8,523.0625,False
1773585753.5266497,246,0,0,0,0,6.759124000382144,0.0,0.028408001526258886,4.755357212097822,9.5,523.0625,False
1773585753.736485,247,0,0,0,0,6.7276599984325,0.0,0.020851999579463154,4.755357212097822,9.5,523.0625,False
1773585753.9464657,248,0,0,0,0,6.751567998435348,0.0,0.019407998479437083,4.755357212097822,9.5,523.0625,False
1773585754.15638,249,0,0,0,0,6.765345999156125,0.0,0.019926003005821258,4.755357212097822,9.5,523.0625,False
1773585754.366306,250,0,0,0,0,6.750994001777144,0.0,0.02014799974858761,4.755357212097822,4.8,523.0625,False
1773585754.5762064,251,0,0,0,0,6.73093799923663,0.0,0.020647999917855486,4.763900745404429,9.5,523.0625,False
1773585754.7861423,252,0,0,0,0,6.7255860012664925,0.0,0.019259001419413835,4.763900745404429,9.5,523.0625,False
1773585754.9960139,253,0,0,0,0,6.729586999426829,0.0,0.01998100196942687,4.763900745404429,9.5,523.0625,False
1773585755.2060244,254,0,0,0,0,6.780160998459905,0.0,0.02040699837380089,4.763900745404429,9.5,523.0625,False
1773585755.4160433,255,0,0,0,0,6.746789997123415,0.0,0.019741000869544223,4.763900745404429,4.8,523.0625,False
1773585755.6260295,256,0,0,0,0,6.743328001903137,0.0,0.02014900019275956,4.762705247612064,9.5,523.0625,False
1773585755.8359823,257,0,0,0,0,6.715716001053806,0.0,0.01992599936784245,4.762705247612064,9.5,523.0625,False
1773585756.0460393,258,0,0,0,0,6.763587000023108,0.0,0.01992599936784245,4.762705247612064,9.5,523.0625,False
1773585756.2559054,259,0,0,0,0,6.719955999869853,0.0,0.019519000488799065,4.762705247612064,9.5,523.0625,False
1773585756.465856,260,0,0,0,0,6.727790001605172,0.0,0.020111001504119486,4.762705247612064,4.8,523.0625,False
1773585756.675742,261,0,0,0,0,6.7286419980518986,0.0,0.0196109976968728,4.763216912123768,9.5,523.0625,False
1773585756.8883271,262,0,0,0,0,9.313511996879242,0.0,0.024536999262636527,4.763216912123768,9.4,523.0625,False
1773585757.1013303,263,0,0,0,0,9.439346998988185,0.0,0.024388999008806422,4.763216912123768,18.8,523.0625,False
1773585757.3143091,264,0,0,0,0,9.430772999621695,0.0,0.024204000510508195,4.763216912123768,9.4,523.0625,False
1773585757.527294,265,0,0,0,0,9.439902001759037,0.0,0.02490800034138374,4.763216912123768,9.4,523.0625,False
1773585757.7402103,266,0,0,0,0,9.448291999433422,0.0,0.024092998501146212,4.697379222603127,9.4,523.0625,False
1773585757.9531126,267,0,0,0,0,9.420254002179718,0.0,0.024832999770296738,4.697379222603127,9.4,523.0625,False
1773585758.1660028,268,0,0,0,0,9.415347001777263,0.0,0.02348199996049516,4.697379222603127,18.8,523.0625,False
1773585758.3790195,269,0,0,0,0,9.504088000539923,0.0,0.022814998374087736,4.697379222603127,9.4,523.0625,False
1773585758.591928,270,0,0,0,0,9.428883997316007,0.0,0.025408000510651618,4.697379222603127,9.4,523.0625,False
1773585758.8048437,271,0,0,0,0,9.45129200044903,0.0,0.024370998289668933,4.696472436705792,9.4,523.0625,False
1773585759.0179417,272,0,0,0,0,9.488273000897607,0.0,0.02418500298517756,4.696472436705792,9.4,523.0625,False
1773585759.2309,273,0,0,0,0,9.446198000659933,0.0,0.024574001145083457,4.696472436705792,18.8,523.0625,False
1773585759.443948,274,0,0,0,0,9.438550001505064,0.0,0.02496300294296816,4.696472436705792,9.4,523.0625,False
1773585759.6570733,275,0,0,0,0,9.613051999622257,0.0,0.025908000679919496,4.696472436705792,9.4,523.0625,False
1773585759.8702672,276,0,0,0,0,9.589106997736963,0.0,0.02537099862820469,4.693026270091052,9.4,523.0625,False
1773585760.083415,277,0,0,0,0,9.49617999867769,0.0,0.026092999178217724,4.693026270091052,14.1,523.0625,False
1773585760.2964513,278,0,0,0,0,9.432808998099063,0.0,0.025907000235747546,4.693026270091052,18.8,523.0625,False
1773585760.509661,279,0,0,0,0,9.633219000534154,0.0,0.026685000193538144,4.693026270091052,9.4,523.0625,False
1773585760.722689,280,0,0,0,0,9.563793002598686,0.0,0.02570400101831183,4.693026270091052,9.4,523.0625,False
1773585760.9358428,281,0,0,0,0,9.568643999955384,0.0,0.024203996872529387,4.692282839348059,9.4,523.0625,False
1773585761.1488035,282,0,0,0,0,9.486106002441375,0.0,0.02401799793005921,4.692282839348059,9.4,523.0625,False
1773585761.3618371,283,0,0,0,0,9.4770139985485,0.0,0.024666998797329143,4.692282839348059,18.8,523.0625,False
1773585761.5747662,284,0,0,0,0,9.460421002586372,0.0,0.02463000055286102,4.692282839348059,9.4,523.0625,False
1773585761.7876427,285,0,0,0,0,9.411162001924822,0.0,0.02551800207584165,4.692282839348059,9.4,523.0625,False
1773585762.0006363,286,0,0,0,0,9.436623997316929,0.0,0.02516699896659702,4.695810977414719,14.1,523.078125,False
1773585762.213651,287,0,0,0,0,9.420456997759175,0.0,0.023704000341240317,4.695810977414719,9.4,523.078125,False
1773585762.4265769,288,0,0,0,0,9.442401998967398,0.0,0.02431499888189137,4.695810977414719,18.8,523.078125,False
1773585762.6396885,289,0,0,0,0,9.557494999171467,0.0,0.024184999347198755,4.695810977414719,9.4,523.078125,False
1773585762.8526866,290,0,0,0,0,9.45984700229019,0.0,0.025221997930202633,4.695810977414719,9.4,523.078125,False
1773585763.065635,291,0,0,0,0,9.472384001128376,0.0,0.02466700243530795,4.694770266192314,9.4,523.078125,False
1773585763.2785985,292,0,0,0,0,9.484366000833688,0.0,0.024500001018168405,4.694770266192314,9.4,523.09375,False
1773585763.4915943,293,0,0,0,0,9.409827998752007,0.0,0.0248889991780743,4.694770266192314,18.8,523.09375,False
1773585763.7045555,294,0,0,0,0,9.490310003457125,0.0,0.025148001441266388,4.694770266192314,9.4,523.09375,False
1773585763.917477,295,0,0,0,0,9.453679998841835,0.0,0.024536999262636527,4.694770266192314,9.4,523.09375,False
1773585764.1304364,296,0,0,0,0,9.406920999026624,0.0,0.023722001060377806,4.695727913821614,9.4,523.09375,False
1773585764.3433795,297,0,0,0,0,9.452179998334032,0.0,0.025314999220427126,4.695727913821614,9.4,523.09375,False
1773585764.5564892,298,0,0,0,0,9.5256620006694,0.0,0.024092998501146212,4.695727913821614,18.8,523.09375,False
1773585764.7694128,299,0,0,0,0,9.458162003284087,0.0,0.024519002181477845,4.695727913821614,9.4,523.09375,False
1773585764.982368,300,0,0,0,0,9.406123997905524,0.0,0.024704000679776073,4.695727913821614,9.4,523.09375,False
1773585765.1953058,301,0,0,0,0,9.400771999935387,0.0,0.024832999770296738,4.695431432302809,9.4,523.09375,False
1773585765.408245,302,0,0,0,0,9.438162000151351,0.0,0.026259996957378462,4.695431432302809,9.4,523.09375,False
1773585765.6212063,303,0,0,0,0,9.46604999990086,0.0,0.023704000341240317,4.695431432302809,18.8,523.09375,False
1773585765.8341165,304,0,0,0,0,9.430958001757972,0.0,0.02290799966431223,4.695431432302809,9.4,523.09375,False
1773585766.0470057,305,0,0,0,0,9.409271999174962,0.0,0.024536999262636527,4.695431432302809,9.4,523.09375,False
1773585766.2599368,306,0,0,0,0,9.461513000132982,0.0,0.025018001906573772,4.6964734884587545,9.4,523.09375,False
1773585766.4729946,307,0,0,0,0,9.472476998780621,0.0,0.024500997824361548,4.6964734884587545,9.4,523.09375,False
1773585766.6859705,308,0,0,0,0,9.502254997642012,0.0,0.02438900264678523,4.6964734884587545,18.8,523.09375,False
1773585766.8988423,309,0,0,0,0,9.412735002115369,0.0,0.02431499888189137,4.6964734884587545,9.4,523.09375,False
1773585767.1119204,310,0,0,0,0,9.443827999348287,0.0,0.024519002181477845,4.6964734884587545,9.4,523.09375,False
1773585767.324854,311,0,0,0,0,9.429642999748467,0.0,0.025314999220427126,4.695192802390367,9.4,523.09375,False
1773585767.5378604,312,0,0,0,0,9.506754999165423,0.0,0.02518499968573451,4.695192802390367,14.1,523.109375,False
1773585767.7508101,313,0,0,0,0,9.447476000786992,0.0,0.02596299964352511,4.695192802390367,14.1,523.109375,False
1773585767.9637153,314,0,0,0,0,9.446012998523656,0.0,0.02433400004520081,4.695192802390367,14.1,523.109375,False
1773585768.1767304,315,0,0,0,0,9.45017999765696,0.0,0.025499997718725353,4.695192802390367,9.4,523.109375,False
1773585768.3897395,316,0,0,0,0,9.461736000957899,0.0,0.024426000891253352,4.695362048417608,9.4,523.109375,False
1773585768.6027226,317,0,0,0,0,9.468736003327649,0.0,0.024426000891253352,4.695362048417608,9.4,523.109375,False
1773585768.8157403,318,0,0,0,0,9.547920999466442,0.0,0.023704000341240317,4.695362048417608,18.8,523.109375,False
1773585769.0287302,319,0,0,0,0,9.536069999739993,0.0,0.024740998924244195,4.695362048417608,4.7,523.109375,False
1773585769.241723,320,0,0,0,0,9.547587997076334,0.0,0.02403699909336865,4.695362048417608,14.1,523.109375,False
1773585769.4546843,321,0,0,0,0,9.522124997602077,0.0,0.024943998141679913,4.695105556099087,9.4,523.109375,False
1773585769.6677456,322,0,0,0,0,9.571662998496322,0.0,0.02463000055286102,4.695105556099087,9.4,523.109375,False
1773585769.8806915,323,0,0,0,0,9.47871699827374,0.0,0.02485199729562737,4.695105556099087,18.8,523.109375,False
1773585770.0936859,324,0,0,0,0,9.57556999856024,0.0,0.02329600101802498,4.695105556099087,9.4,523.109375,False
1773585770.3066843,325,0,0,0,0,9.510718002275098,0.0,0.02264799695694819,4.695105556099087,9.4,523.109375,False
1773585770.5196059,326,0,0,0,0,9.50086599914357,0.0,0.026129997422685847,4.695194904750647,9.4,523.109375,False
1773585770.7327058,327,0,0,0,0,9.61734800148406,0.0,0.023982000129763037,4.695194904750647,14.1,523.109375,False
1773585770.9457147,328,0,0,0,0,9.573607003403595,0.0,0.023906999558676034,4.695194904750647,14.1,523.109375,False
1773585771.1587195,329,0,0,0,0,9.484254998824326,0.0,0.025258999812649563,4.695194904750647,9.4,523.109375,False
1773585771.37169,330,0,0,0,0,9.424273001059191,0.0,0.02487099845893681,4.695194904750647,9.4,523.109375,False
1773585771.58471,331,0,0,0,0,9.482718000072055,0.0,0.024240998754976317,4.6944392275353115,9.4,523.109375,False
1773585771.7976463,332,0,0,0,0,9.49401400066563,0.0,0.0243520007643383,4.6944392275353115,9.4,523.109375,False
1773585772.0100212,333,0,0,0,0,8.915582999179605,0.0,0.023962998966453597,4.6944392275353115,18.8,523.109375,False
1773585772.2228913,334,0,0,0,0,9.400605998962419,0.0,0.024148997908923775,4.6944392275353115,9.4,523.109375,False
1773585772.4357715,335,0,0,0,0,9.446938998735277,0.0,0.024258999474113807,4.6944392275353115,14.1,523.109375,False
1773585772.6497314,336,0,0,0,0,9.470884000620572,0.0,0.9981000002881046,4.694615775675863,9.3,523.109375,False
1773585772.862573,337,0,0,0,0,9.399752998433542,0.0,0.023314998543355614,4.694615775675863,9.4,523.109375,False
1773585773.0754185,338,0,0,0,0,9.37949400031357,0.0,0.024296001356560737,4.694615775675863,18.8,523.109375,False
1773585773.2883327,339,0,0,0,0,9.454588001972297,0.0,0.025388999347342178,4.694615775675863,9.4,523.109375,False
1773585773.5012295,340,0,0,0,0,9.418123998329975,0.0,0.025851997634163126,4.694615775675863,9.4,523.109375,False
1773585773.7148142,341,0,0,0,0,9.966609999537468,0.0,0.02433400004520081,4.694495973703774,9.4,523.109375,False
1773585773.9276571,342,0,0,0,0,9.350734999316046,0.0,0.023407003027386963,4.694495973703774,9.4,523.109375,False
1773585774.140526,343,0,0,0,0,9.298382999986643,0.0,0.024462999135721475,4.694495973703774,18.8,523.109375,False
1773585774.3533847,344,0,0,0,0,9.38201300232322,0.0,0.024685999960638583,4.694495973703774,9.4,523.109375,False
1773585774.566376,345,0,0,0,0,9.36845699834521,0.0,0.0243520007643383,4.694495973703774,9.4,523.109375,False
1773585774.779216,346,0,0,0,0,9.360142001241911,0.0,0.0260560009337496,4.69756230538841,9.4,523.109375,False
1773585774.992099,347,0,0,0,0,9.304252998845186,0.0,0.025334000383736566,4.69756230538841,9.4,523.109375,False
1773585775.2048428,348,0,0,0,0,9.18191900200327,0.0,0.024666998797329143,4.69756230538841,18.8,523.109375,False
1773585775.4177299,349,0,0,0,0,9.409567999682622,0.0,0.025110999558819458,4.69756230538841,9.4,523.109375,False
1773585775.6305358,350,0,0,0,0,9.319531000073766,0.0,0.024796001525828615,4.69756230538841,9.4,523.109375,False
1773585775.8433545,351,0,0,0,0,9.317623000242747,0.0,0.024981000024126843,4.698618992919423,9.4,523.109375,False
1773585776.056278,352,0,0,0,0,9.341049000795465,0.0,0.025001001631608233,4.698618992919423,14.1,523.109375,False
1773585776.2692213,353,0,0,0,0,9.352326997031923,0.0,0.025630000891396776,4.698618992919423,18.8,523.109375,False
1773585776.4821765,354,0,0,0,0,9.42845700046746,0.0,0.026962999982060865,4.698618992919423,9.4,523.109375,False
1773585776.6950512,355,0,0,0,0,9.364326997456374,0.0,0.02461099938955158,4.698618992919423,9.4,523.109375,False
1773585776.9078596,356,0,0,0,0,9.331975001259707,0.0,0.02487099845893681,4.69702046381787,9.4,523.109375,False
1773585777.1206892,357,0,0,0,0,9.327382998890243,0.0,0.02594499892438762,4.69702046381787,9.4,523.109375,False
1773585777.333591,358,0,0,0,0,9.353067998745246,0.0,0.026722998882178217,4.69702046381787,18.8,523.109375,False
1773585777.5464885,359,0,0,0,0,9.355401001812425,0.0,0.024426000891253352,4.69702046381787,9.4,523.109375,False
1773585777.7588818,360,0,0,0,0,8.937287002481753,0.0,0.025426001229789108,4.69702046381787,4.7,523.109375,False
1773585777.971791,361,0,0,0,0,9.463069000048563,0.0,0.02679699900909327,4.6996119123501865,9.4,523.109375,False
1773585778.1842535,362,0,0,0,0,8.980139999039238,0.0,0.025426001229789108,4.6996119123501865,9.4,523.109375,False
1773585778.3970497,363,0,0,0,0,9.313530998042552,0.0,0.02548200063756667,4.6996119123501865,18.8,523.109375,False
1773585778.6098738,364,0,0,0,0,9.372624001116492,0.0,0.02459299867041409,4.6996119123501865,9.4,523.109375,False
1773585778.8228188,365,0,0,0,0,9.452567999687744,0.0,0.025427001673961058,4.6996119123501865,9.4,523.109375,False
1773585779.0357094,366,0,0,0,0,9.400771999935387,0.0,0.024203000066336244,4.699559254973284,9.4,523.109375,False
1773585779.2486532,367,0,0,0,0,9.427476001292234,0.0,0.024351997126359493,4.699559254973284,14.1,523.109375,False
1773585779.4614563,368,0,0,0,0,9.34849399709492,0.0,0.02355600008741021,4.699559254973284,18.8,523.109375,False
1773585779.6744282,369,0,0,0,0,9.438438999495702,0.0,0.02325899913557805,4.699559254973284,9.4,523.109375,False
1773585779.8875513,370,0,0,0,0,9.566161999828182,0.0,0.026407000405015424,4.699559254973284,9.4,523.109375,False
1773585780.1006348,371,0,0,0,0,9.444494000490522,0.0,0.0256669991358649,4.695315793633327,9.4,523.125,False
1773585780.3137228,372,0,0,0,0,9.576958000252489,0.0,0.025000001187436283,4.695315793633327,9.4,523.125,False
1773585780.5265756,373,0,0,0,0,9.366994003357831,0.0,0.02568499985500239,4.695315793633327,18.8,523.125,False
1773585780.7395303,374,0,0,0,0,9.484514001087518,0.0,0.025796998670557514,4.695315793633327,9.4,523.125,False
1773585780.9525614,375,0,0,0,0,9.53690299866139,0.0,0.02603800021461211,4.695315793633327,9.4,523.125,False
1773585781.1656117,376,0,0,0,0,9.575217998644803,0.0,0.026778001483762637,4.6948249183334285,14.1,523.125,False
1773585781.3785894,377,0,0,0,0,9.518347000266658,0.0,0.026276997232344,4.6948249183334285,9.4,523.125,False
1773585781.5915403,378,0,0,0,0,9.479365002334816,0.0,0.02622299871291034,4.6948249183334285,18.8,523.125,False
1773585781.804436,379,0,0,0,0,9.444642000744352,0.0,0.027166999643668532,4.6948249183334285,9.4,523.125,False
1773585782.0174248,380,0,0,0,0,9.507105998636689,0.0,0.02520400084904395,4.6948249183334285,9.4,523.125,False
1773585782.2304323,381,0,0,0,0,9.471401997870998,0.0,0.026185000024270266,4.695633287992521,9.4,523.125,False
1773585782.4433887,382,0,0,0,0,9.437568998691859,0.0,0.025258999812649563,4.695633287992521,9.4,523.125,False
1773585782.6563842,383,0,0,0,0,9.461680001550121,0.0,0.027740999939851463,4.695633287992521,18.8,523.125,False
1773585782.8693078,384,0,0,0,0,9.456216997932643,0.0,0.02663000122993253,4.695633287992521,9.4,523.140625,False
1773585783.0822084,385,0,0,0,0,9.451198999158805,0.0,0.026573998184176162,4.695633287992521,9.4,523.140625,False
1773585783.2951024,386,0,0,0,0,9.420791000593454,0.0,0.025927001843228936,4.696307317333156,9.4,523.140625,False
1773585783.5080705,387,0,0,0,0,9.521051000774605,0.0,0.02603699977044016,4.696307317333156,14.1,523.140625,False
1773585783.7205482,388,0,0,0,0,8.968176000053063,0.0,0.02596400008769706,4.696307317333156,14.1,523.140625,False
1773585783.933488,389,0,0,0,0,9.536180001305183,0.0,0.025814999389695004,4.696307317333156,9.4,523.140625,False
1773585784.1464062,390,0,0,0,0,9.45343900093576,0.0,0.025926001399056986,4.696307317333156,9.4,523.140625,False
1773585784.3593006,391,0,0,0,0,9.446680000110064,0.0,0.025203997211065143,4.698387407173247,9.4,523.140625,False
1773585784.572326,392,0,0,0,0,9.557050998409977,0.0,0.026592999347485602,4.698387407173247,9.4,523.140625,False
1773585784.7853613,393,0,0,0,0,9.506531998340506,0.0,0.025314999220427126,4.698387407173247,18.8,523.140625,False
1773585784.9982808,394,0,0,0,0,9.46919900161447,0.0,0.02601799860713072,4.698387407173247,9.4,523.140625,False
1773585785.2111874,395,0,0,0,0,9.450901998206973,0.0,0.02576000042608939,4.698387407173247,14.1,523.140625,False
1773585785.4241128,396,0,0,0,0,9.473051002714783,0.0,0.02579700230853632,4.695671137866511,9.4,523.140625,False
1773585785.637126,397,0,0,0,0,9.551977000228362,0.0,0.026408000849187374,4.695671137866511,9.4,523.140625,False
1773585785.850022,398,0,0,0,0,9.451697998883901,0.0,0.026166999305132776,4.695671137866511,18.8,523.140625,False
1773585786.0630193,399,0,0,0,0,9.526939000352286,0.0,0.02666600266820751,4.695671137866511,9.4,523.140625,False
1773585786.2759616,400,0,0,0,0,9.48466199770337,0.0,0.026148001779802144,4.695671137866511,9.4,523.140625,False
1773585786.4889212,401,0,0,0,0,9.477531002630712,0.0,0.025649002054706216,4.695681651828687,9.4,523.140625,False
1773585786.7018442,402,0,0,0,0,9.492827997746645,0.0,0.025426001229789108,4.695681651828687,9.4,523.140625,False
1773585786.9147813,403,0,0,0,0,9.48199499907787,0.0,0.02550000135670416,4.695681651828687,18.8,523.140625,False
1773585787.1277876,404,0,0,0,0,9.43816099970718,0.0,0.026869998691836372,4.695681651828687,9.4,523.140625,False
1773585787.340741,405,0,0,0,0,9.444458002690226,0.0,0.02709299951675348,4.695681651828687,9.4,523.15625,False
1773585787.5537019,406,0,0,0,0,9.50069900136441,0.0,0.02659300298546441,4.695808874502688,9.4,523.15625,False
1773585787.76663,407,0,0,0,0,9.50305100195692,0.0,0.025889999960782006,4.695808874502688,9.4,523.15625,False
1773585787.9795852,408,0,0,0,0,9.475717000896111,0.0,0.02514799780328758,4.695808874502688,18.8,523.15625,False
1773585788.1925182,409,0,0,0,0,9.453791000851197,0.0,0.027611000405158848,4.695808874502688,9.4,523.15625,False
1773585788.4054737,410,0,0,0,0,9.513772998616332,0.0,0.026445002731634304,4.695808874502688,9.4,523.15625,False
1773585788.6184359,411,0,0,0,0,9.487938998063328,0.0,0.0256669991358649,4.69599604104948,9.4,523.15625,False
1773585788.8313465,412,0,0,0,0,9.459919998334954,0.0,0.02631499955896288,4.69599604104948,9.4,523.15625,False
1773585789.0444806,413,0,0,0,0,9.45732800028054,0.0,0.02576000042608939,4.69599604104948,18.8,523.15625,False
1773585789.2574933,414,0,0,0,0,9.474771999521181,0.0,0.026648998755263165,4.69599604104948,9.4,523.15625,False
1773585789.470555,415,0,0,0,0,9.481253997364547,0.0,0.026444002287462354,4.69599604104948,9.4,523.15625,False
1773585789.6834161,416,0,0,0,0,9.403141997609055,0.0,0.02601899905130267,4.694967860718437,9.4,523.15625,False
1773585789.896296,417,0,0,0,0,9.436901000299258,0.0,0.02626000059535727,4.694967860718437,14.1,523.15625,False
1773585790.1092722,418,0,0,0,0,9.500328000285663,0.0,0.02624099943204783,4.694967860718437,14.1,523.15625,False
1773585790.322273,419,0,0,0,0,9.576383999956306,0.0,0.025370001822011545,4.694967860718437,9.4,523.15625,False
1773585790.5353372,420,0,0,0,0,9.539791000861442,0.0,0.025814999389695004,4.694967860718437,14.1,523.15625,False
1773585790.748204,421,0,0,0,0,9.423400999367004,0.0,0.026999998226528987,4.695793102722489,9.4,523.15625,False
1773585790.9611778,422,0,0,0,0,9.48384700313909,0.0,0.02625900015118532,4.695793102722489,9.4,523.15625,False
1773585791.174277,423,0,0,0,0,9.567959001287818,0.0,0.0268340008915402,4.695793102722489,18.8,523.15625,False
1773585791.3871963,424,0,0,0,0,9.451605001231655,0.0,0.025408000510651618,4.695793102722489,9.4,523.15625,False
1773585791.600157,425,0,0,0,0,9.512476997770136,0.0,0.026740999601315707,4.695793102722489,9.4,523.15625,False
1773585791.8132129,426,0,0,0,0,9.500438998657046,0.0,0.02507499812054448,4.694782878111943,9.4,523.15625,False
1773585792.026268,427,0,0,0,0,9.459900997171644,0.0,0.0235740008065477,4.694782878111943,9.4,523.15625,False
1773585792.2386153,428,0,0,0,0,8.89662000190583,0.0,0.02344499807804823,4.694782878111943,18.8,523.15625,False
1773585792.4515278,429,0,0,0,0,9.489846001088154,0.0,0.024703997041797265,4.694782878111943,9.4,523.15625,False
1773585792.664545,430,0,0,0,0,9.556050001265248,0.0,0.02496300294296816,4.694782878111943,9.4,523.15625,False
1773585792.8774593,431,0,0,0,0,9.480049997364404,0.0,0.02385200059507042,4.698144266708007,9.4,523.15625,False
1773585793.0904415,432,0,0,0,0,9.525383997242898,0.0,0.023982000129763037,4.698144266708007,9.4,523.15625,False
1773585793.303335,433,0,0,0,0,9.441346002859063,0.0,0.024406999727943912,4.698144266708007,18.8,523.15625,False
1773585793.516278,434,0,0,0,0,9.498939001787221,0.0,0.024259999918285757,4.698144266708007,9.4,523.15625,False
1773585793.72921,435,0,0,0,0,9.471624001889722,0.0,0.023407999833580106,4.698144266708007,9.4,523.15625,False
1773585793.9421337,436,0,0,0,0,9.474865000811405,0.0,0.024684999516466632,4.696294697221796,9.4,523.15625,False
1773585794.155061,437,0,0,0,0,9.461642999667674,0.0,0.024388999008806422,4.696294697221796,14.1,523.15625,False
1773585794.3681536,438,0,0,0,0,9.52064300145139,0.0,0.023908000002847984,4.696294697221796,14.1,523.15625,False
1773585794.5813138,439,0,0,0,0,9.697237001091707,0.0,0.023851996957091615,4.696294697221796,9.4,523.15625,False
1773585794.7943006,440,0,0,0,0,9.541883999190759,0.0,0.024149001546902582,4.696294697221796,14.1,523.15625,False
1773585795.0072193,441,0,0,0,0,9.487772000284167,0.0,0.023888998839538544,4.694484414187821,9.4,523.15625,False
1773585795.2201684,442,0,0,0,0,9.49349399888888,0.0,0.025814999389695004,4.694484414187821,9.4,523.15625,False
1773585795.4331102,443,0,0,0,0,9.497143000771757,0.0,0.023888998839538544,4.694484414187821,18.8,523.15625,False
1773585795.646055,444,0,0,0,0,9.490456999628805,0.0,0.02466700243530795,4.694484414187821,9.4,523.15625,False
1773585795.8590305,445,0,0,0,0,9.484365000389516,0.0,0.025018998712766916,4.694484414187821,9.4,523.15625,False
1773585796.071839,446,0,0,0,0,9.386493999045342,0.0,0.024722001398913562,4.696501885966808,14.1,523.15625,False
1773585796.2847252,447,0,0,0,0,9.428383000340546,0.0,0.023092998162610456,4.696501885966808,4.7,523.15625,False
1773585796.4976137,448,0,0,0,0,9.465401999477763,0.0,0.025258999812649563,4.696501885966808,18.8,523.15625,False
1773585796.7104995,449,0,0,0,0,9.397363999596564,0.0,0.02490800034138374,4.696501885966808,9.4,523.15625,False
1773585796.9234421,450,0,0,0,0,9.387827001773985,0.0,0.023777996830176562,4.696501885966808,9.4,523.15625,False
1773585797.1362474,451,0,0,0,0,9.373512002639472,0.0,0.025555000320309773,4.69744971830784,9.4,523.15625,False
1773585797.349164,452,0,0,0,0,9.475124003074598,0.0,0.023573997168568894,4.69744971830784,9.4,523.15625,False
1773585797.561974,453,0,0,0,0,9.40504900063388,0.0,0.024518998543499038,4.69744971830784,18.8,523.15625,False
1773585797.7749186,454,0,0,0,0,9.361363998323213,0.0,0.024778000806691125,4.69744971830784,9.4,523.171875,False
1773585797.9877691,455,0,0,0,0,9.353420002298662,0.0,0.025130000722128898,4.69744971830784,9.4,523.171875,False
1773585798.2008088,456,0,0,0,0,9.37871600035578,0.0,0.02316699828952551,4.696761686519143,14.1,523.1875,False
1773585798.4136949,457,0,0,0,0,9.392068001034204,0.0,0.023906999558676034,4.696761686519143,9.4,523.1875,False
1773585798.6264153,458,0,0,0,0,9.261289000278339,0.0,0.023888998839538544,4.696761686519143,18.8,523.1875,False
1773585798.8392248,459,0,0,0,0,9.34065999899758,0.0,0.024185999791370705,4.696761686519143,9.4,523.1875,False
1773585799.0521579,460,0,0,0,0,9.375492998515256,0.0,0.025295998057117686,4.696761686519143,9.4,523.1875,False
1773585799.2651122,461,0,0,0,0,9.403178999491502,0.0,0.023686003260081634,4.697910622960074,9.4,523.1875,False
1773585799.477997,462,0,0,0,0,9.454308998101624,0.0,0.025055000151041895,4.697910622960074,9.4,523.1875,False
1773585799.6908667,463,0,0,0,0,9.387956000864506,0.0,0.023945001885294914,4.697910622960074,18.8,523.1875,False
1773585799.9037461,464,0,0,0,0,9.374883000418777,0.0,0.025834000553004444,4.697910622960074,9.4,523.1875,False
1773585800.1166556,465,0,0,0,0,9.412661001988454,0.0,0.023962998966453597,4.697910622960074,14.1,523.1875,False
1773585800.3296072,466,0,0,0,0,9.42675300029805,0.0,0.02427799699944444,4.697079376455832,9.4,523.1875,False
1773585800.5424378,467,0,0,0,0,9.39279099839041,0.0,0.02399999721092172,4.697079376455832,9.4,523.1875,False
1773585800.7547927,468,0,0,0,0,8.851842001604382,0.0,0.02325899913557805,4.697079376455832,14.1,523.1875,False
1773585800.9675515,469,0,0,0,0,9.346956001536455,0.0,0.02431499888189137,4.697079376455832,14.1,523.1875,False
1773585801.1803694,470,0,0,0,0,9.367882001242833,0.0,0.02492600106052123,4.697079376455832,9.4,523.1875,False
1773585801.3932316,471,0,0,0,0,9.408604997588554,0.0,0.023926000721985474,4.700919246661121,4.7,523.1875,False
1773585801.6061733,472,0,0,0,0,9.424865002074512,0.0,0.024148001102730632,4.700919246661121,14.1,523.1875,False
1773585801.8192964,473,0,0,0,0,9.541458002786385,0.0,0.024296001356560737,4.700919246661121,14.1,523.1875,False
1773585802.032977,474,0,0,0,0,10.226888000033796,0.0,0.027056001272285357,4.700919246661121,9.4,523.1875,False
1773585802.245939,475,0,0,0,0,9.374549001222476,0.0,0.024685999960638583,4.700919246661121,14.1,523.1875,False
1773585802.458882,476,0,0,0,0,9.438845998374745,0.0,0.02346299879718572,4.691992041418986,9.4,523.1875,False
1773585802.6717145,477,0,0,0,0,9.405882999999449,0.0,0.02405499981250614,4.691992041418986,9.4,523.1875,False
1773585802.8845978,478,0,0,0,0,9.419308997166809,0.0,0.02522300201235339,4.691992041418986,14.1,523.1875,False
1773585803.0977035,479,0,0,0,0,9.498494000581559,0.0,0.026185000024270266,4.691992041418986,9.4,523.1875,False
1773585803.310625,480,0,0,0,0,9.469253000133904,0.0,0.024741002562223002,4.691992041418986,14.1,523.1875,False
1773585803.5235353,481,0,0,0,0,9.443828002986265,0.0,0.025334000383736566,4.696388297995032,9.4,523.1875,False
1773585803.7365835,482,0,0,0,0,9.548050002194941,0.0,0.02661100006662309,4.696388297995032,9.4,523.1875,False
1773585803.9495797,483,0,0,0,0,9.488604999205563,0.0,0.026092999178217724,4.696388297995032,18.8,523.1875,False
1773585804.1626296,484,0,0,0,0,9.492735000094399,0.0,0.02522200156818144,4.696388297995032,9.4,523.1875,False
1773585804.3755927,485,0,0,0,0,9.488994001003448,0.0,0.025814999389695004,4.696388297995032,9.4,523.1875,False
1773585804.588952,486,0,0,0,0,9.709144000225933,0.0,0.027240999770583585,4.692977960938098,9.4,523.1875,False
1773585804.8019898,487,0,0,0,0,9.522012998786522,0.0,0.02579700230853632,4.692977960938098,9.4,523.1875,False
1773585805.0148911,488,0,0,0,0,9.462531001190655,0.0,0.0254259975918103,4.692977960938098,18.8,523.1875,False
1773585805.2278123,489,0,0,0,0,9.476993996941019,0.0,0.02655600110301748,4.692977960938098,9.4,523.1875,False
1773585805.4409807,490,0,0,0,0,9.586495001713047,0.0,0.026444999093655497,4.692977960938098,9.4,523.1875,False
1773585805.654062,491,0,0,0,0,9.538067999528721,0.0,0.025315002858405933,4.694377228660263,9.4,523.1875,False
1773585805.8670435,492,0,0,0,0,9.524104996671667,0.0,0.0256669991358649,4.694377228660263,14.1,523.1875,False
1773585806.079977,493,0,0,0,0,9.415216001798399,0.0,0.02351900184294209,4.694377228660263,18.8,523.1875,False
1773585806.292991,494,0,0,0,0,9.553717001836048,0.0,0.024760000087553635,4.694377228660263,9.4,523.1875,False
1773585806.5059006,495,0,0,0,0,9.448808999877656,0.0,0.02459299867041409,4.694377228660263,9.4,523.1875,False
1773585806.7189658,496,0,0,0,0,9.507456998107955,0.0,0.025222998374374583,4.695293717807553,9.4,523.1875,False
1773585806.9319642,497,0,0,0,0,9.523938999336679,0.0,0.025166002160403877,4.695293717807553,9.4,523.1875,False
1773585807.1448956,498,0,0,0,0,9.441475998755777,0.0,0.0243520007643383,4.695293717807553,18.8,523.1875,False
1773585807.3578033,499,0,0,0,0,9.372420001454884,0.0,0.023870998120401055,4.695293717807553,9.4,523.1875,False
1773585807.5706723,500,0,0,0,0,9.37232700016466,0.0,0.024629996914882213,4.695293717807553,9.4,523.1875,False
1773585807.7835293,501,0,0,0,0,9.397697998792864,0.0,0.02300000051036477,4.69673433773903,14.1,523.1875,False
1773585807.9964647,502,0,0,0,0,9.405085998878349,0.0,0.024167002266040072,4.69673433773903,9.4,523.1875,False
1773585808.2092953,503,0,0,0,0,9.386475001520012,0.0,0.023685002815909684,4.69673433773903,14.1,523.1875,False
1773585808.4221654,504,0,0,0,0,9.347289997094776,0.0,0.024147997464751825,4.69673433773903,14.1,523.1875,False
1773585808.635014,505,0,0,0,0,9.402900999702979,0.0,0.024778000806691125,4.69673433773903,9.4,523.1875,False
1773585808.8478246,506,0,0,0,0,9.354178000648972,0.0,0.024574001145083457,4.697952719216303,9.4,523.1875,False
1773585809.060826,507,0,0,0,0,9.422400999028469,0.0,0.02399999721092172,4.697952719216303,9.4,523.1875,False
1773585809.2734423,508,0,0,0,0,9.17315900005633,0.0,0.024574001145083457,4.697952719216303,18.8,523.1875,False
1773585809.4862964,509,0,0,0,0,9.321530000306666,0.0,0.024814999051159248,4.697952719216303,9.4,523.1875,False
1773585809.6991732,510,0,0,0,0,9.317510997789213,0.0,0.02401899837423116,4.697952719216303,9.4,523.1875,False
1773585809.9119787,511,0,0,0,0,9.287326000048779,0.0,0.024482000299030915,4.698594780613708,9.4,523.1875,False
1773585810.124945,512,0,0,0,0,9.416679000423755,0.0,0.024666998797329143,4.698594780613708,9.4,523.1875,False
1773585810.3377912,513,0,0,0,0,9.336270999483531,0.0,0.0265179987763986,4.698594780613708,18.8,523.1875,False
1773585810.5507114,514,0,0,0,0,9.414123000169639,0.0,0.02733299697865732,4.698594780613708,9.4,523.1875,False
1773585810.7636616,515,0,0,0,0,9.428289999050321,0.0,0.02564899841672741,4.698594780613708,9.4,523.1875,False
1773585810.976535,516,0,0,0,0,9.314678001828725,0.0,0.025796998670557514,4.696937357430735,9.4,523.1875,False
1773585811.189572,517,0,0,0,0,9.47384599930956,0.0,0.027278001653030515,4.696937357430735,9.4,523.203125,False
1773585811.4024754,518,0,0,0,0,9.437920001801103,0.0,0.02679699900909327,4.696937357430735,18.8,523.203125,False
1773585811.6154728,519,0,0,0,0,9.414864998689154,0.0,0.02711200068006292,4.696937357430735,9.4,523.203125,False
1773585811.8284283,520,0,0,0,0,9.469660999457119,0.0,0.02663000122993253,4.696937357430735,9.4,523.203125,False
1773585812.0413938,521,0,0,0,0,9.454697999899508,0.0,0.025833996915025637,4.695370458476298,9.4,523.203125,False
1773585812.2543573,522,0,0,0,0,9.414642001502216,0.0,0.026073998014908284,4.695370458476298,9.4,523.203125,False
1773585812.4672215,523,0,0,0,0,9.379048999107908,0.0,0.026426001568324864,4.695370458476298,18.8,523.203125,False
1773585812.6800573,524,0,0,0,0,9.260418999474496,0.0,0.02388900247751735,4.695370458476298,9.4,523.203125,False
1773585812.89295,525,0,0,0,0,9.405549000803148,0.0,0.02459299867041409,4.695370458476298,9.4,523.21875,False
1773585813.10578,526,0,0,0,0,9.384827000758378,0.0,0.024241002392955124,4.697500223994266,14.1,523.21875,False
1773585813.3186162,527,0,0,0,0,9.379048999107908,0.0,0.024240998754976317,4.697500223994266,9.4,523.21875,False
1773585813.5315192,528,0,0,0,0,9.357326001918409,0.0,0.023110998881747946,4.697500223994266,18.8,523.21875,False
1773585813.744337,529,0,0,0,0,9.375808000186225,0.0,0.02431499888189137,4.697500223994266,9.4,523.21875,False
1773585813.9573348,530,0,0,0,0,9.41847499780124,0.0,0.024406999727943912,4.697500223994266,9.4,523.21875,False
1773585814.170101,531,0,0,0,0,9.334677997685503,0.0,0.024575001589255407,4.697830642151607,9.4,523.21875,False
1773585814.3829753,532,0,0,0,0,9.423566996701993,0.0,0.024278000637423247,4.697830642151607,9.4,523.21875,False
1773585814.5958328,533,0,0,0,0,9.400234001077479,0.0,0.02405499981250614,4.697830642151607,18.8,523.21875,False
1773585814.8087482,534,0,0,0,0,9.37510400035535,0.0,0.02429699816275388,4.697830642151607,9.4,523.21875,False
1773585815.0217514,535,0,0,0,0,9.413419000338763,0.0,0.0240379995375406,4.697830642151607,9.4,523.21875,False
1773585815.2346041,536,0,0,0,0,9.333085003163433,0.0,0.024241002392955124,4.697030983823407,9.4,523.21875,False
1773585815.4474194,537,0,0,0,0,9.340771001006942,0.0,0.024944998585851863,4.697030983823407,9.4,523.21875,False
1773585815.6602893,538,0,0,0,0,9.404660999280168,0.0,0.025352001102874056,4.697030983823407,18.8,523.21875,False
1773585815.8731456,539,0,0,0,0,9.38212300025043,0.0,0.023092998162610456,4.697030983823407,9.4,523.21875,False
1773585816.0860696,540,0,0,0,0,9.370419997139834,0.0,0.024148001102730632,4.697030983823407,9.4,523.21875,False
1773585816.2990153,541,0,0,0,0,9.354197001812281,0.0,0.02379700163146481,4.697465501218184,9.4,523.234375,False
1773585816.5119026,542,0,0,0,0,9.389566999743693,0.0,0.02351799776079133,4.697465501218184,9.4,523.234375,False
1773585816.7247243,543,0,0,0,0,9.354011999676004,0.0,0.024240998754976317,4.697465501218184,23.5,523.234375,False
1773585816.9376092,544,0,0,0,0,9.367901002406143,0.0,0.023426000552717596,4.697465501218184,9.4,523.234375,False
1773585817.1505134,545,0,0,0,0,9.384197001054417,0.0,0.02375899930484593,4.697465501218184,9.4,523.234375,False
1773585817.3634157,546,0,0,0,0,9.38306699754321,0.0,0.024203996872529387,4.69746865781298,9.4,523.234375,False
1773585817.5764594,547,0,0,0,0,9.450363999349065,0.0,0.024315002519870177,4.69746865781298,9.4,523.234375,False
1773585817.7893963,548,0,0,0,0,9.458808999625035,0.0,0.025888999516610056,4.69746865781298,18.8,523.234375,False
1773585818.0021832,549,0,0,0,0,9.34015899838414,0.0,0.023684999177930877,4.69746865781298,9.4,523.234375,False
1773585818.2150414,550,0,0,0,0,9.406919998582453,0.0,0.024962999304989353,4.69746865781298,9.4,523.234375,False
1773585818.4279723,551,0,0,0,0,9.413364001375157,0.0,0.025110999558819458,4.696818488849392,9.4,523.234375,False
1773585818.6409764,552,0,0,0,0,9.511864998785313,0.0,0.02553700323915109,4.696818488849392,9.4,523.234375,False
1773585818.853949,553,0,0,0,0,9.401826999237528,0.0,0.024092998501146212,4.696818488849392,18.8,523.234375,False
1773585819.0669072,554,0,0,0,0,9.400679002283141,0.0,0.025130000722128898,4.696818488849392,9.4,523.234375,False
1773585819.2798588,555,0,0,0,0,9.496197999396827,0.0,0.02601899905130267,4.696818488849392,9.4,523.234375,False
1773585819.4928174,556,0,0,0,0,9.427753000636585,0.0,0.02550000135670416,4.6955081774733145,14.1,523.234375,False
1773585819.7058384,557,0,0,0,0,9.451160000025993,0.0,0.023908000002847984,4.6955081774733145,9.4,523.234375,False
1773585819.9187782,558,0,0,0,0,9.42595599917695,0.0,0.023388998670270666,4.6955081774733145,14.1,523.234375,False
1773585820.1316767,559,0,0,0,0,9.454123999603326,0.0,0.025388999347342178,4.6955081774733145,14.1,523.234375,False
1773585820.3446026,560,0,0,0,0,9.450587000173982,0.0,0.024388999008806422,4.6955081774733145,4.7,523.234375,False
1773585820.557522,561,0,0,0,0,9.471401001064805,0.0,0.025056000595213845,4.696155880473245,9.4,523.234375,False
1773585820.7703774,562,0,0,0,0,9.392808002303354,0.0,0.024740998924244195,4.696155880473245,9.4,523.234375,False
1773585820.9827163,563,0,0,0,0,8.848508001392474,0.0,0.023537999368272722,4.696155880473245,18.8,523.234375,False
1773585821.1955104,564,0,0,0,0,9.374585999466944,0.0,0.023167001927504316,4.696155880473245,9.4,523.234375,False
1773585821.408487,565,0,0,0,0,9.406788998603588,0.0,0.024518998543499038,4.696155880473245,9.4,523.234375,False
1773585821.6213481,566,0,0,0,0,9.414068001206033,0.0,0.024962999304989353,4.700005826957297,9.4,523.234375,False
1773585821.834216,567,0,0,0,0,9.379530998558039,0.0,0.0245749979512766,4.700005826957297,9.4,523.234375,False
1773585822.0470812,568,0,0,0,0,9.339621999970404,0.0,0.024369997845496982,4.700005826957297,18.8,523.234375,False
1773585822.2599225,569,0,0,0,0,9.383807999256533,0.0,0.024740998924244195,4.700005826957297,9.4,523.234375,False
1773585822.4728072,570,0,0,0,0,9.366751997731626,0.0,0.024611003027530387,4.700005826957297,9.4,523.234375,False
1773585822.6857197,571,0,0,0,0,9.456660998694133,0.0,0.026500001695239916,4.697640172507604,9.4,523.234375,False
1773585822.8985724,572,0,0,0,0,9.399086000485113,0.0,0.024204000510508195,4.697640172507604,14.1,523.234375,False
1773585823.1114562,573,0,0,0,0,9.383568001794629,0.0,0.026130001060664654,4.697640172507604,14.1,523.234375,False
1773585823.324424,574,0,0,0,0,9.441827001865022,0.0,0.026130001060664654,4.697640172507604,9.4,523.234375,False
1773585823.537443,575,0,0,0,0,9.454456998355454,0.0,0.02629600203363225,4.697640172507604,14.1,523.234375,False
1773585823.7503972,576,0,0,0,0,9.47166100013419,0.0,0.025667002773843706,4.6962768188468065,9.4,523.234375,False
1773585823.963406,577,0,0,0,0,9.443548999115592,0.0,0.02598200080683455,4.6962768188468065,9.4,523.234375,False
1773585824.1763077,578,0,0,0,0,9.416049000719795,0.0,0.025907000235747546,4.6962768188468065,18.8,523.234375,False
1773585824.389313,579,0,0,0,0,9.474383001361275,0.0,0.025499997718725353,4.6962768188468065,9.4,523.234375,False
1773585824.6021955,580,0,0,0,0,9.477309002249967,0.0,0.026129000616492704,4.6962768188468065,9.4,523.234375,False
1773585824.8150861,581,0,0,0,0,9.374067001772346,0.0,0.026592999347485602,4.69623054603775,9.4,523.234375,False
1773585825.0280304,582,0,0,0,0,9.48880899886717,0.0,0.025870998797472566,4.69623054603775,9.4,523.234375,False
1773585825.2408602,583,0,0,0,0,9.347177998279221,0.0,0.02398199649178423,4.69623054603775,18.8,523.234375,False
1773585825.4536707,584,0,0,0,0,9.377196998684667,0.0,0.023943997803144157,4.69623054603775,9.4,523.234375,False
1773585825.6665661,585,0,0,0,0,9.398586000315845,0.0,0.02622199826873839,4.69623054603775,9.4,523.234375,False
1773585825.8793812,586,0,0,0,0,9.333696998510277,0.0,0.02463000055286102,4.69792009455195,9.4,523.234375,False
1773585826.092241,587,0,0,0,0,9.327493000455434,0.0,0.024815002689138055,4.69792009455195,9.4,523.234375,False
1773585826.305211,588,0,0,0,0,9.374919001857052,0.0,0.02350000067963265,4.69792009455195,18.8,523.234375,False
1773585826.5181072,589,0,0,0,0,9.45341999977245,0.0,0.023722001060377806,4.69792009455195,9.4,523.234375,False
1773585826.7309015,590,0,0,0,0,9.34051199874375,0.0,0.023666998458793387,4.69792009455195,9.4,523.234375,False
1773585826.9439418,591,0,0,0,0,9.524586999759777,0.0,0.025575001927791163,4.696792191303479,9.4,523.234375,False
1773585827.1568415,592,0,0,0,0,9.427216002222849,0.0,0.025296998501289636,4.696792191303479,14.1,523.234375,False
1773585827.3698542,593,0,0,0,0,9.431179001694545,0.0,0.02624099943204783,4.696792191303479,18.8,523.234375,False
1773585827.5828166,594,0,0,0,0,9.469475000514649,0.0,0.02572199809947051,4.696792191303479,9.4,523.234375,False
1773585827.7957132,595,0,0,0,0,9.402345000125933,0.0,0.025296001695096493,4.696792191303479,9.4,523.234375,False
1773585828.0086963,596,0,0,0,0,9.404140997503418,0.0,0.02535199746489525,4.6960738562518864,9.4,523.25,False
1773585828.2216496,597,0,0,0,0,9.434585997951217,0.0,0.02653699993970804,4.6960738562518864,9.4,523.25,False
1773585828.4346507,598,0,0,0,0,9.456624000449665,0.0,0.025536999601172283,4.6960738562518864,18.8,523.25,False
1773585828.6476066,599,0,0,0,0,9.478715997829568,0.0,0.024536999262636527,4.6960738562518864,9.4,523.25,False
1773585828.860593,600,0,0,0,0,9.391510997375008,0.0,0.025314999220427126,4.6960738562518864,9.4,523.25,False
1773585829.0734882,601,0,0,0,0,9.427937999134883,0.0,0.026408000849187374,4.6956227742469245,9.4,523.25,False
1773585829.2864637,602,0,0,0,0,9.43514100072207,0.0,0.02572300218162127,4.6956227742469245,9.4,523.25,False
1773585829.4989598,603,0,0,0,0,9.035712999320822,0.0,0.026555997465038672,4.6956227742469245,18.8,523.25,False
1773585829.7119462,604,0,0,0,0,9.471289999055443,0.0,0.02572199809947051,4.6956227742469245,9.4,523.25,False
1773585829.924911,605,0,0,0,0,9.430234000319615,0.0,0.027260000933893025,4.6956227742469245,9.4,523.25,False
1773585830.1378577,606,0,0,0,0,9.493753001152072,0.0,0.02464800127199851,4.697626492961911,9.4,523.25,False
1773585830.3508894,607,0,0,0,0,9.451418998651206,0.0,0.027518999559106305,4.697626492961911,9.4,523.25,False
1773585830.563874,608,0,0,0,0,9.44495600197115,0.0,0.02596299964352511,4.697626492961911,18.8,523.25,False
1773585830.7768939,609,0,0,0,0,9.527161000733031,0.0,0.0262039975496009,4.697626492961911,9.4,523.25,False
1773585830.9898388,610,0,0,0,0,9.425085998373106,0.0,0.025388999347342178,4.697626492961911,9.4,523.25,False
1773585831.2027748,611,0,0,0,0,9.353530000225874,0.0,0.026704001356847584,4.695215928456991,14.1,523.25,False
1773585831.4156568,612,0,0,0,0,9.400826998898992,0.0,0.02520400084904395,4.695215928456991,9.4,523.25,False
1773585831.6286275,613,0,0,0,0,9.4758829982311,0.0,0.025888999516610056,4.695215928456991,18.8,523.25,False
1773585831.841627,614,0,0,0,0,9.445493000384886,0.0,0.02607400165288709,4.695215928456991,9.4,523.25,False
1773585832.0546076,615,0,0,0,0,9.41954900190467,0.0,0.025426001229789108,4.695215928456991,9.4,523.25,False
1773585832.2674906,616,0,0,0,0,9.38291899728938,0.0,0.026925998099613935,4.6961495708160275,9.4,523.25,False
1773585832.4804332,617,0,0,0,0,9.411752998857992,0.0,0.026185000024270266,4.6961495708160275,14.1,523.25,False
1773585832.6934304,618,0,0,0,0,9.48004900055821,0.0,0.02575899998191744,4.6961495708160275,14.1,523.25,False
1773585832.9064696,619,0,0,0,0,9.48506799977622,0.0,0.02601799860713072,4.6961495708160275,14.1,523.25,False
1773585833.1194208,620,0,0,0,0,9.412455998244695,0.0,0.02577800114522688,4.6961495708160275,9.4,523.25,False
1773585833.332401,621,0,0,0,0,9.434142000827705,0.0,0.026222001906717196,4.6952096213253185,9.4,523.25,False
1773585833.5454593,622,0,0,0,0,9.564217001752695,0.0,0.024852000933606178,4.6952096213253185,9.4,523.25,False
1773585833.7586634,623,0,0,0,0,9.536476001812844,0.0,0.02598199716885574,4.6952096213253185,18.8,523.25,False
1773585833.9716246,624,0,0,0,0,9.446734002267476,0.0,0.02624099943204783,4.6952096213253185,9.4,523.25,False
1773585834.1846678,625,0,0,0,0,9.48490099835908,0.0,0.02568499985500239,4.6952096213253185,9.4,523.25,False
1773585834.3976245,626,0,0,0,0,9.457529999053804,0.0,0.026165998860960826,4.693855031942536,9.4,523.265625,False
1773585834.6108365,627,0,0,0,0,9.507438997388817,0.0,0.02568499985500239,4.693855031942536,9.4,523.265625,False
1773585834.8238604,628,0,0,0,0,9.466529998462647,0.0,0.026760000764625147,4.693855031942536,18.8,523.265625,False
1773585835.03684,629,0,0,0,0,9.500846001174068,0.0,0.025926001399056986,4.693855031942536,9.4,523.265625,False
1773585835.2498794,630,0,0,0,0,9.490437998465495,0.0,0.025945002562366426,4.693855031942536,14.1,523.265625,False
1773585835.4628403,631,0,0,0,0,9.412789000634803,0.0,0.02653800038387999,4.693902308552131,9.4,523.28125,False
1773585835.675826,632,0,0,0,0,9.480901000642916,0.0,0.02599999788799323,4.693902308552131,9.4,523.28125,False
1773585835.8888712,633,0,0,0,0,9.517252998193726,0.0,0.025240999093512073,4.693902308552131,18.8,523.28125,False
1773585836.1018066,634,0,0,0,0,9.488994001003448,0.0,0.02537099862820469,4.693902308552131,9.4,523.28125,False
1773585836.3147237,635,0,0,0,0,9.403864001797047,0.0,0.02659200254129246,4.693902308552131,9.4,523.28125,False
1773585836.5276556,636,0,0,0,0,9.458382002776489,0.0,0.02574099926277995,4.6956658809030785,9.4,523.28125,False
1773585836.7406573,637,0,0,0,0,9.407104000274558,0.0,0.026277997676515952,4.6956658809030785,9.4,523.28125,False
1773585836.9537165,638,0,0,0,0,9.511494001344545,0.0,0.025554996682330966,4.6956658809030785,18.8,523.28125,False
1773585837.1666744,639,0,0,0,0,9.48273500034702,0.0,0.026481000531930476,4.6956658809030785,9.4,523.28125,False
1773585837.3796346,640,0,0,0,0,9.420474998478312,0.0,0.02596299964352511,4.6956658809030785,9.4,523.28125,False
1773585837.5925286,641,0,0,0,0,9.403623000252992,0.0,0.02592599776107818,4.6955123827606355,9.4,523.28125,False
1773585837.80554,642,0,0,0,0,9.453994000068633,0.0,0.025075001758523285,4.6955123827606355,9.4,523.28125,False
1773585838.018484,643,0,0,0,0,9.418862999154953,0.0,0.02576000042608939,4.6955123827606355,18.8,523.28125,False
1773585838.2313197,644,0,0,0,0,9.376419002364855,0.0,0.02575899998191744,4.6955123827606355,9.4,523.28125,False
1773585838.4442382,645,0,0,0,0,9.38723299987032,0.0,0.026592999347485602,4.6955123827606355,9.4,523.28125,False
1773585838.657364,646,0,0,0,0,9.599327997420914,0.0,0.025555997126502916,4.695416714337626,9.4,523.28125,False
1773585838.8703148,647,0,0,0,0,9.427140998013783,0.0,0.025277997337980196,4.695416714337626,9.4,523.28125,False
1773585839.0831995,648,0,0,0,0,9.341233999293763,0.0,0.025927001843228936,4.695416714337626,18.8,523.28125,False
1773585839.2960682,649,0,0,0,0,9.384381999552716,0.0,0.026592999347485602,4.695416714337626,9.4,523.28125,False
1773585839.5091474,650,0,0,0,0,9.532994001347106,0.0,0.02431499888189137,4.695416714337626,9.4,523.28125,False
1773585839.7224622,651,0,0,0,0,9.743198999785818,0.0,0.025927001843228936,4.694436075010621,9.4,523.28125,False
1773585839.9353004,652,0,0,0,0,9.389992999786045,0.0,0.02661100006662309,4.694436075010621,9.4,523.28125,False
1773585840.1481173,653,0,0,0,0,9.352697001304477,0.0,0.026611996872816235,4.694436075010621,23.5,523.28125,False
1773585840.360994,654,0,0,0,0,9.407862999069039,0.0,0.02649999805726111,4.694436075010621,9.4,523.28125,False
1773585840.5738242,655,0,0,0,0,9.372936998261139,0.0,0.026092999178217724,4.694436075010621,9.4,523.28125,False
1773585840.7865946,656,0,0,0,0,9.31443700028467,0.0,0.026222001906717196,4.6986747874435055,9.4,523.28125,False
1773585840.9995148,657,0,0,0,0,9.389178001583787,0.0,0.025426001229789108,4.6986747874435055,9.4,523.28125,False
1773585841.2119532,658,0,0,0,0,8.908989999326877,0.0,0.02594399848021567,4.6986747874435055,18.8,523.28125,False
1773585841.4248376,659,0,0,0,0,9.473252997850068,0.0,0.025112000002991408,4.6986747874435055,9.4,523.28125,False
1773585841.6378121,660,0,0,0,0,9.449418997974135,0.0,0.026703997718868777,4.6986747874435055,9.4,523.28125,False
1773585841.8507657,661,0,0,0,0,9.408196998265339,0.0,0.02677799784578383,4.698512671174104,9.4,523.28125,False
1773585842.063738,662,0,0,0,0,9.48877100017853,0.0,0.026482000976102427,4.698512671174104,9.4,523.28125,False
1773585842.276862,663,0,0,0,0,9.526530997391092,0.0,0.02603699977044016,4.698512671174104,18.8,523.28125,False
1773585842.4897912,664,0,0,0,0,9.428344998013927,0.0,0.02568499985500239,4.698512671174104,9.4,523.28125,False
1773585842.7026572,665,0,0,0,0,9.388288999616634,0.0,0.026054996851598844,4.698512671174104,9.4,523.28125,False
1773585842.9155648,666,0,0,0,0,9.359289000713034,0.0,0.02387100175837986,4.695787845485967,9.4,523.28125,False
1773585843.1283693,667,0,0,0,0,9.388418999151327,0.0,0.025408000510651618,4.695787845485967,9.4,523.296875,False
1773585843.3413727,668,0,0,0,0,9.448159999010386,0.0,0.024703997041797265,4.695787845485967,18.8,523.296875,False
1773585843.554241,669,0,0,0,0,9.398993002832867,0.0,0.02574099926277995,4.695787845485967,9.4,523.296875,False
1773585843.7671473,670,0,0,0,0,9.392047999426723,0.0,0.025630000891396776,4.695787845485967,9.4,523.296875,False
1773585843.9800413,671,0,0,0,0,9.35245500295423,0.0,0.025851997634163126,4.697107781291456,9.4,523.296875,False
1773585844.1930048,672,0,0,0,0,9.468752999964636,0.0,0.025371002266183496,4.697107781291456,9.4,523.296875,False
1773585844.4059558,673,0,0,0,0,9.420549002243206,0.0,0.02516699896659702,4.697107781291456,18.8,523.296875,False
1773585844.6188183,674,0,0,0,0,9.421455997653538,0.0,0.02685200161067769,4.697107781291456,9.4,523.296875,False
1773585844.8317828,675,0,0,0,0,9.412048999365652,0.0,0.02575899998191744,4.697107781291456,9.4,523.296875,False
1773585845.0446553,676,0,0,0,0,9.374901001137914,0.0,0.025870998797472566,4.696665967182158,9.4,523.296875,False
1773585845.2576325,677,0,0,0,0,9.42597499670228,0.0,0.02564799797255546,4.696665967182158,9.4,523.296875,False
1773585845.470527,678,0,0,0,0,9.428048997506266,0.0,0.025907000235747546,4.696665967182158,18.8,523.296875,False
1773585845.6833928,679,0,0,0,0,9.389234000991564,0.0,0.0260560009337496,4.696665967182158,9.4,523.296875,False
1773585845.8962173,680,0,0,0,0,9.309788998507429,0.0,0.02631499955896288,4.696665967182158,9.4,523.296875,False
1773585846.1092143,681,0,0,0,0,9.450567999010673,0.0,0.02659199890331365,4.696632308562278,9.4,523.296875,False
1773585846.322083,682,0,0,0,0,9.4129739991331,0.0,0.025833000108832493,4.696632308562278,14.1,523.296875,False
1773585846.5349016,683,0,0,0,0,9.283659001084743,0.0,0.026055997295770794,4.696632308562278,14.1,523.296875,False
1773585846.7478008,684,0,0,0,0,9.37260399950901,0.0,0.02596299964352511,4.696632308562278,9.4,523.296875,False
1773585846.9607494,685,0,0,0,0,9.427549000974977,0.0,0.02601899905130267,4.696632308562278,14.1,523.296875,False
1773585847.1736193,686,0,0,0,0,9.409234000486322,0.0,0.02653699993970804,4.697493910724069,9.4,523.296875,False
1773585847.3865361,687,0,0,0,0,9.395103999850107,0.0,0.02551800207584165,4.697493910724069,9.4,523.296875,False
1773585847.599369,688,0,0,0,0,9.361177999380743,0.0,0.025833000108832493,4.697493910724069,18.8,523.296875,False
1773585847.812324,689,0,0,0,0,9.407492998434464,0.0,0.026296998839825392,4.697493910724069,9.4,523.296875,False
1773585848.0252187,690,0,0,0,0,9.413122999831103,0.0,0.02657400182215497,4.697493910724069,9.4,523.296875,False
1773585848.2381814,691,0,0,0,0,9.435419000510592,0.0,0.02572199809947051,4.696772205365534,9.4,523.296875,False
1773585848.4510489,692,0,0,0,0,9.40612200065516,0.0,0.025556000764481723,4.696772205365534,9.4,523.296875,False
1773585848.664267,693,0,0,0,0,9.562456998537527,0.0,0.025926001399056986,4.696772205365534,18.8,523.296875,False
1773585848.8772314,694,0,0,0,0,9.445493000384886,0.0,0.025538000045344234,4.696772205365534,9.4,523.296875,False
1773585849.090117,695,0,0,0,0,9.439678000489948,0.0,0.025092998839681968,4.696772205365534,14.1,523.296875,False
1773585849.3030508,696,0,0,0,0,9.393233998707728,0.0,0.026462999812792987,4.695435637452666,9.4,523.296875,False
1773585849.515924,697,0,0,0,0,9.413974999915808,0.0,0.025888999516610056,4.695435637452666,9.4,523.296875,False
1773585849.7286427,698,0,0,0,0,9.120490998611785,0.0,0.025407000066479668,4.695435637452666,14.1,523.296875,False
1773585849.9415748,699,0,0,0,0,9.486364000622416,0.0,0.02629599839565344,4.695435637452666,9.4,523.296875,False
1773585850.1545877,700,0,0,0,0,9.459030003199587,0.0,0.0263700021605473,4.695435637452666,9.4,523.296875,False
1773585850.3675008,701,0,0,0,0,9.425473999726819,0.0,0.027166999643668532,4.697269800625764,9.4,523.296875,False
1773585850.5804188,702,0,0,0,0,9.457807998842327,0.0,0.026462999812792987,4.697269800625764,9.4,523.296875,False
1773585850.7934701,703,0,0,0,0,9.496587001194712,0.0,0.025371002266183496,4.697269800625764,18.8,523.296875,False
1773585851.00635,704,0,0,0,0,9.411011000338476,0.0,0.026815003366209567,4.697269800625764,9.4,523.296875,False
1773585851.2193453,705,0,0,0,0,9.453974998905323,0.0,0.02546299947425723,4.697269800625764,9.4,523.296875,False
1773585851.432241,706,0,0,0,0,9.450067002035212,0.0,0.02562999725341797,4.695978164948329,14.1,523.296875,False
1773585851.6453145,707,0,0,0,0,9.517474998574471,0.0,0.025297002139268443,4.695978164948329,9.4,523.296875,False
1773585851.8582528,708,0,0,0,0,9.46245599698159,0.0,0.025055000151041895,4.695978164948329,18.8,523.296875,False
1773585852.0712261,709,0,0,0,0,9.525140998448478,0.0,0.025814999389695004,4.695978164948329,4.7,523.296875,False
1773585852.2841783,710,0,0,0,0,9.439270997972926,0.0,0.026592999347485602,4.695978164948329,14.1,523.296875,False
1773585852.4971175,711,0,0,0,0,9.446399999433197,0.0,0.02629600203363225,4.695386227417545,9.4,523.3125,False
1773585852.710134,712,0,0,0,0,9.476678998908028,0.0,0.02625900015118532,4.695386227417545,9.4,523.3125,False
1773585852.9231122,713,0,0,0,0,9.454178998566931,0.0,0.027223002689424902,4.695386227417545,18.8,523.3125,False
1773585853.1360004,714,0,0,0,0,9.4434189995809,0.0,0.02577800114522688,4.695386227417545,9.4,523.3125,False
1773585853.3490455,715,0,0,0,0,9.472196998103755,0.0,0.026443998649483547,4.695386227417545,9.4,523.3125,False
1773585853.56203,716,0,0,0,0,9.536883000691887,0.0,0.02546299947425723,4.695230645163457,9.4,523.3125,False
1773585853.775025,717,0,0,0,0,9.445938001590548,0.0,0.026092999178217724,4.695230645163457,9.4,523.3125,False
1773585853.9879167,718,0,0,0,0,9.431548998691142,0.0,0.02770400169538334,4.695230645163457,18.8,523.3125,False
1773585854.2009187,719,0,0,0,0,9.440900998015422,0.0,0.027295998734189197,4.695230645163457,9.4,523.3125,False
1773585854.4137955,720,0,0,0,0,9.433899998839479,0.0,0.025056000595213845,4.695230645163457,9.4,523.3125,False
1773585854.6267092,721,0,0,0,0,9.38338199921418,0.0,0.02596299964352511,4.696273663853585,14.1,523.3125,False
1773585854.8396258,722,0,0,0,0,9.432863000256475,0.0,0.02627800131449476,4.696273663853585,9.4,523.3125,False
1773585855.0525446,723,0,0,0,0,9.435697000299115,0.0,0.02625900015118532,4.696273663853585,18.8,523.3125,False
1773585855.2654154,724,0,0,0,0,9.421400998689933,0.0,0.025074001314351335,4.696273663853585,9.4,523.3125,False
1773585855.4784076,725,0,0,0,0,9.515252997516654,0.0,0.02507499812054448,4.696273663853585,9.4,523.3125,False
1773585855.6913142,726,0,0,0,0,9.428585999557981,0.0,0.025834000553004444,4.696595494999172,9.4,523.3125,False
1773585855.9042656,727,0,0,0,0,9.423974999663187,0.0,0.026148998585995287,4.696595494999172,9.4,523.3125,False
1773585856.1172838,728,0,0,0,0,9.467919000599068,0.0,0.024758999643381685,4.696595494999172,18.8,523.3125,False
1773585856.3302438,729,0,0,0,0,9.51142000121763,0.0,0.02600099833216518,4.696595494999172,9.4,523.3125,False
1773585856.5431702,730,0,0,0,0,9.405307999259094,0.0,0.025945002562366426,4.696595494999172,9.4,523.3125,False
1773585856.7560225,731,0,0,0,0,9.353530000225874,0.0,0.02601900268928148,4.696124332356706,9.4,523.3125,False
1773585856.9689298,732,0,0,0,0,9.435788997507188,0.0,0.025036999431904405,4.696124332356706,9.4,523.3125,False
1773585857.1819584,733,0,0,0,0,9.443937000469305,0.0,0.02657400182215497,4.696124332356706,18.8,523.3125,False
1773585857.394894,734,0,0,0,0,9.43684500089148,0.0,0.025518998882034793,4.696124332356706,9.4,523.3125,False
1773585857.6077714,735,0,0,0,0,9.404789001564495,0.0,0.02570400101831183,4.696124332356706,9.4,523.3125,False
1773585857.820703,736,0,0,0,0,9.400640999956522,0.0,0.026165998860960826,4.696364108673648,9.4,523.3125,False
1773585858.0336854,737,0,0,0,0,9.519474999251543,0.0,0.026092999178217724,4.696364108673648,9.4,523.3125,False
1773585858.246517,738,0,0,0,0,9.28962200123351,0.0,0.026426001568324864,4.696364108673648,18.8,523.328125,False
1773585858.4593954,739,0,0,0,0,9.420400998351397,0.0,0.02570399738033302,4.696364108673648,9.4,523.328125,False
1773585858.6724906,740,0,0,0,0,9.573955998348538,0.0,0.025370001822011545,4.696364108673648,9.4,523.328125,False
1773585858.8855479,741,0,0,0,0,9.499048999714432,0.0,0.024704000679776073,4.695389381218505,9.4,523.328125,False
1773585859.0986156,742,0,0,0,0,9.543382002448197,0.0,0.024796998332021758,4.695389381218505,14.1,523.328125,False
1773585859.3115275,743,0,0,0,0,9.369547999085626,0.0,0.026426001568324864,4.695389381218505,14.1,523.328125,False
1773585859.5244448,744,0,0,0,0,9.44638199871406,0.0,0.025908000679919496,4.695389381218505,9.4,523.34375,False
1773585859.737484,745,0,0,0,0,9.47227099823067,0.0,0.026981000701198354,4.695389381218505,14.1,523.34375,False
1773585859.9504032,746,0,0,0,0,9.425307998753851,0.0,0.025814999389695004,4.695493459027008,9.4,523.34375,False
1773585860.1632485,747,0,0,0,0,9.376824997161748,0.0,0.025352001102874056,4.695493459027008,9.4,523.34375,False
1773585860.3761234,748,0,0,0,0,9.408085999893956,0.0,0.025945002562366426,4.695493459027008,18.8,523.34375,False
1773585860.5890846,749,0,0,0,0,9.46882700009155,0.0,0.025592999008949846,4.695493459027008,9.4,523.34375,False
1773585860.802119,750,0,0,0,0,9.502103999693645,0.0,0.025445002393098548,4.695493459027008,9.4,523.34375,False
1773585861.015011,751,0,0,0,0,9.368918999825837,0.0,0.027001002308679745,4.696574458936506,4.7,523.34375,False
1773585861.2279778,752,0,0,0,0,9.501956999883987,0.0,0.025575001927791163,4.696574458936506,14.1,523.34375,False
1773585861.4404743,753,0,0,0,0,8.896878000086872,0.0,0.02649999805726111,4.696574458936506,18.8,523.34375,False
1773585861.6541364,754,0,0,0,0,10.232423999696039,0.0,0.0263700021605473,4.696574458936506,9.4,523.34375,False
1773585861.8671057,755,0,0,0,0,9.43341899983352,0.0,0.025000001187436283,4.696574458936506,9.4,523.34375,False
1773585862.0799484,756,0,0,0,0,9.382177999214036,0.0,0.02625900015118532,4.695143397465792,9.4,523.34375,False
1773585862.292986,757,0,0,0,0,9.506438000244088,0.0,0.025888999516610056,4.695143397465792,9.4,523.34375,False
1773585862.50588,758,0,0,0,0,9.436399999685818,0.0,0.026165998860960826,4.695143397465792,18.8,523.34375,False
1773585862.7187333,759,0,0,0,0,9.398993002832867,0.0,0.025814999389695004,4.695143397465792,9.4,523.34375,False
1773585862.931666,760,0,0,0,0,9.468899999774294,0.0,0.02546299947425723,4.695143397465792,9.4,523.34375,False
1773585863.1445653,761,0,0,0,0,9.340529002656695,0.0,0.026665999030228704,4.696648085980279,9.4,523.34375,False
1773585863.3574512,762,0,0,0,0,9.439252997253789,0.0,0.02463000055286102,4.696648085980279,9.4,523.34375,False
1773585863.5704498,763,0,0,0,0,9.406029999809107,0.0,0.025852001272141933,4.696648085980279,18.8,523.34375,False
1773585863.7833948,764,0,0,0,0,9.409696998773143,0.0,0.025536999601172283,4.696648085980279,9.4,523.34375,False
1773585863.9962711,765,0,0,0,0,9.398695998243056,0.0,0.02598200080683455,4.696648085980279,9.4,523.34375,False
1773585864.2092383,766,0,0,0,0,9.414308002305916,0.0,0.025833000108832493,4.696142209570702,9.4,523.34375,False
1773585864.4221196,767,0,0,0,0,9.433141000044998,0.0,0.02600099833216518,4.696142209570702,9.4,523.34375,False
1773585864.6351726,768,0,0,0,0,9.360158997878898,0.0,0.02548200063756667,4.696142209570702,18.8,523.34375,False
1773585864.847949,769,0,0,0,0,9.342567002022406,0.0,0.02464800127199851,4.696142209570702,9.4,523.34375,False
1773585865.0608006,770,0,0,0,0,9.387178000906715,0.0,0.058444999012863263,4.696142209570702,9.4,523.34375,False
1773585865.2736793,771,0,0,0,0,9.428197001398075,0.0,0.02607400165288709,4.697316093917114,9.4,523.34375,False
1773585865.486571,772,0,0,0,0,9.420585000043502,0.0,0.025870001991279423,4.697316093917114,9.4,523.34375,False
1773585865.6994882,773,0,0,0,0,9.405492000951199,0.0,0.025869998353300616,4.697316093917114,18.8,523.34375,False
1773585865.9123373,774,0,0,0,0,9.407362998899771,0.0,0.02653699993970804,4.697316093917114,9.4,523.34375,False
1773585866.1254113,775,0,0,0,0,9.476603998336941,0.0,0.025592999008949846,4.697316093917114,9.4,523.34375,False
1773585866.3382819,776,0,0,0,0,9.385936999024125,0.0,0.02600100197014399,4.696620738523115,14.1,523.34375,False
1773585866.5511496,777,0,0,0,0,9.39641800141544,0.0,0.02599999788799323,4.696620738523115,9.4,523.34375,False
1773585866.7640362,778,0,0,0,0,9.405862998391967,0.0,0.02677799784578383,4.696620738523115,14.1,523.34375,False
1773585866.97704,779,0,0,0,0,9.529103997920174,0.0,0.026277997676515952,4.696620738523115,9.4,523.34375,False
1773585867.189991,780,0,0,0,0,9.429752000869485,0.0,0.02607400165288709,4.696620738523115,14.1,523.34375,False
1773585867.4029377,781,0,0,0,0,9.483010999247199,0.0,0.025593002646928653,4.696357798456876,9.4,523.34375,False
1773585867.6158142,782,0,0,0,0,9.415844997420209,0.0,0.025536999601172283,4.696357798456876,9.4,523.34375,False
1773585867.8287425,783,0,0,0,0,9.417956000106642,0.0,0.02572300218162127,4.696357798456876,18.8,523.34375,False
1773585868.0417078,784,0,0,0,0,9.457401003601262,0.0,0.025870998797472566,4.696357798456876,9.4,523.34375,False
1773585868.2541838,785,0,0,0,0,8.922600001824321,0.0,0.024129996745614335,4.696357798456876,9.4,523.34375,False
1773585868.4670234,786,0,0,0,0,9.424325999134453,0.0,0.027222002245252952,4.698883239086139,9.4,523.34375,False
1773585868.6800058,787,0,0,0,0,9.393436997925164,0.0,0.02548200063756667,4.698883239086139,9.4,523.34375,False
1773585868.8929381,788,0,0,0,0,9.438752000278328,0.0,0.02576000042608939,4.698883239086139,18.8,523.34375,False
1773585869.1059637,789,0,0,0,0,9.498086001258343,0.0,0.026407000405015424,4.698883239086139,9.4,523.34375,False
1773585869.3188534,790,0,0,0,0,9.422567000001436,0.0,0.025536999601172283,4.698883239086139,9.4,523.34375,False
1773585869.5318067,791,0,0,0,0,9.429566998733208,0.0,0.02605500048957765,4.695810977414719,14.1,523.34375,False
1773585869.744747,792,0,0,0,0,9.429084999283077,0.0,0.02633300027810037,4.695810977414719,9.4,523.34375,False
1773585869.9573405,793,0,0,0,0,9.134212999924785,0.0,0.025314999220427126,4.695810977414719,14.1,523.34375,False
1773585870.170208,794,0,0,0,0,9.436271000595298,0.0,0.025814999389695004,4.695810977414719,9.4,523.34375,False
1773585870.3832374,795,0,0,0,0,9.491900000284659,0.0,0.02546299947425723,4.695810977414719,9.4,523.34375,False
1773585870.5961926,796,0,0,0,0,9.440382000320824,0.0,0.026685000193538144,4.697547574061651,9.4,523.359375,False
1773585870.8092258,797,0,0,0,0,9.48812199931126,0.0,0.026703997718868777,4.697547574061651,9.4,523.359375,False
1773585871.0223024,798,0,0,0,0,9.482086003117729,0.0,0.026296998839825392,4.697547574061651,18.8,523.359375,False
1773585871.2352574,799,0,0,0,0,9.502771001280053,0.0,0.025538000045344234,4.697547574061651,9.4,523.359375,False
1773585871.448236,800,0,0,0,0,9.516197002085391,0.0,0.02518499968573451,4.697547574061651,9.4,523.359375,False
1773585871.6614833,801,0,0,0,0,9.69756800259347,0.0,0.024628996470710263,4.69349891209134,14.1,523.359375,False
1773585871.874405,802,0,0,0,0,9.459362998313736,0.0,0.02607400165288709,4.69349891209134,9.4,523.359375,False
1773585872.087383,803,0,0,0,0,9.397473997523775,0.0,0.02576000042608939,4.69349891209134,14.1,523.359375,False
1773585872.3003018,804,0,0,0,0,9.407066001585918,0.0,0.026204001187579706,4.69349891209134,9.4,523.359375,False
1773585872.513251,805,0,0,0,0,9.466252002312103,0.0,0.026370998966740444,4.69349891209134,14.1,523.359375,False
1773585872.7261856,806,0,0,0,0,9.401641000295058,0.0,0.02627800131449476,4.696202151810919,9.4,523.359375,False
1773585872.939198,807,0,0,0,0,9.488807998422999,0.0,0.02655600110301748,4.696202151810919,9.4,523.359375,False
1773585873.152187,808,0,0,0,0,9.419178000825923,0.0,0.026203000743407756,4.696202151810919,18.8,523.359375,False
1773585873.365161,809,0,0,0,0,9.467955998843536,0.0,0.02687000232981518,4.696202151810919,9.4,523.375,False
1773585873.5781991,810,0,0,0,0,9.462695998081472,0.0,0.027926002076128498,4.696202151810919,9.4,523.375,False
1773585873.7910697,811,0,0,0,0,9.406695997313363,0.0,0.025814999389695004,4.695358894653365,9.4,523.375,False
1773585874.00402,812,0,0,0,0,9.414807998837205,0.0,0.025056000595213845,4.695358894653365,9.4,523.375,False
1773585874.2170036,813,0,0,0,0,9.493030000157887,0.0,0.02546299947425723,4.695358894653365,18.8,523.375,False
1773585874.429968,814,0,0,0,0,9.448901000723708,0.0,0.025221997930202633,4.695358894653365,9.4,523.375,False
1773585874.6429155,815,0,0,0,0,9.418622001248877,0.0,0.026926001737592742,4.695358894653365,9.4,523.375,False
1773585874.8558598,816,0,0,0,0,9.469493001233786,0.0,0.026462999812792987,4.695807823047379,9.4,523.375,False
1773585875.0688438,817,0,0,0,0,9.423343999515055,0.0,0.026666999474400654,4.695807823047379,14.1,523.375,False
1773585875.2818701,818,0,0,0,0,9.473862999584526,0.0,0.026110999897355214,4.695807823047379,14.1,523.375,False
1773585875.4947557,819,0,0,0,0,9.412715000507887,0.0,0.025610999728087336,4.695807823047379,9.4,523.375,False
1773585875.7078154,820,0,0,0,0,9.417344001121819,0.0,0.026148001779802144,4.695807823047379,9.4,523.375,False
1773585875.9208665,821,0,0,0,0,9.441584999876795,0.0,0.025278000975959003,4.694774470157994,9.4,523.375,False
1773585876.133741,822,0,0,0,0,9.426474000065355,0.0,0.024740998924244195,4.694774470157994,9.4,523.375,False
1773585876.346723,823,0,0,0,0,9.517844999209046,0.0,0.02553700323915109,4.694774470157994,18.8,523.375,False
1773585876.5596766,824,0,0,0,0,9.418417997949291,0.0,0.02657400182215497,4.694774470157994,9.4,523.375,False
1773585876.7726245,825,0,0,0,0,9.359659001347609,0.0,0.02518499968573451,4.694774470157994,9.4,523.375,False
1773585876.985582,826,0,0,0,0,9.507696999207838,0.0,0.02550100180087611,4.6961001457544125,14.1,523.375,False
1773585877.1985412,827,0,0,0,0,9.425807002116926,0.0,0.02607400165288709,4.6961001457544125,9.4,523.375,False
1773585877.4114377,828,0,0,0,0,9.41453000268666,0.0,0.02576000042608939,4.6961001457544125,18.8,523.375,False
1773585877.6243658,829,0,0,0,0,9.377696002047742,0.0,0.026388999685877934,4.6961001457544125,9.4,523.375,False
1773585877.8374445,830,0,0,0,0,9.508918999927118,0.0,0.025352001102874056,4.6961001457544125,9.4,523.375,False
1773585878.0504086,831,0,0,0,0,9.420269998372532,0.0,0.025000001187436283,4.695603849623494,9.4,523.375,False
1773585878.2633004,832,0,0,0,0,9.410678001586348,0.0,0.025740002456586808,4.695603849623494,9.4,523.375,False
1773585878.47637,833,0,0,0,0,9.412862997123739,0.0,0.025926001399056986,4.695603849623494,18.8,523.375,False
1773585878.68944,834,0,0,0,0,9.5174739981303,0.0,0.025426001229789108,4.695603849623494,9.4,523.375,False
1773585878.9025178,835,0,0,0,0,9.506844999123132,0.0,0.025444001948926598,4.695603849623494,9.4,523.375,False
1773585879.1153548,836,0,0,0,0,9.354251000331715,0.0,0.026666999474400654,4.695123425557352,9.4,523.375,False
1773585879.328368,837,0,0,0,0,9.456438001507195,0.0,0.025852001272141933,4.695123425557352,9.4,523.375,False
1773585879.5413568,838,0,0,0,0,9.440030000405386,0.0,0.026148001779802144,4.695123425557352,18.8,523.375,False
1773585879.7543218,839,0,0,0,0,9.488399999099784,0.0,0.025518998882034793,4.695123425557352,9.4,523.375,False
1773585879.967261,840,0,0,0,0,9.403954998560948,0.0,0.02570400101831183,4.695123425557352,9.4,523.375,False
1773585880.1802304,841,0,0,0,0,9.431417998712277,0.0,0.02618599683046341,4.695400945191604,9.4,523.375,False
1773585880.3931417,842,0,0,0,0,9.4189000010374,0.0,0.02516699896659702,4.695400945191604,9.4,523.375,False
1773585880.6061523,843,0,0,0,0,9.490862998063676,0.0,0.02637100260471925,4.695400945191604,18.8,523.375,False
1773585880.8190372,844,0,0,0,0,9.40065899703768,0.0,0.02766699981293641,4.695400945191604,9.4,523.375,False
1773585881.0319302,845,0,0,0,0,9.362381002574693,0.0,0.025630000891396776,4.695400945191604,9.4,523.375,False
1773585881.2448282,846,0,0,0,0,9.41488199896412,0.0,0.02631499955896288,4.696563940975838,14.1,523.375,False
1773585881.4578125,847,0,0,0,0,9.442677997867577,0.0,0.025480996555415913,4.696563940975838,9.4,523.375,False
1773585881.670306,848,0,0,0,0,8.947785001510056,0.0,0.024297001800732687,4.696563940975838,18.8,523.375,False
1773585881.8831415,849,0,0,0,0,9.398826001415728,0.0,0.025573997845640406,4.696563940975838,9.4,523.375,False
1773585882.0960925,850,0,0,0,0,9.416511002200423,0.0,0.02626000059535727,4.696563940975838,9.4,523.375,False
1773585882.3089852,851,0,0,0,0,9.429196998098632,0.0,0.025555000320309773,4.698569515865093,9.4,523.375,False
1773585882.521874,852,0,0,0,0,9.431622002011864,0.0,0.02581500302767381,4.698569515865093,9.4,523.375,False
1773585882.7348378,853,0,0,0,0,9.480271000938956,0.0,0.025555000320309773,4.698569515865093,18.8,523.375,False
1773585882.9477365,854,0,0,0,0,9.387213998707011,0.0,0.02524100273149088,4.698569515865093,9.4,523.375,False
1773585883.160631,855,0,0,0,0,9.344381000119029,0.0,0.025000001187436283,4.698569515865093,9.4,523.375,False
1773585883.373495,856,0,0,0,0,9.412234001501929,0.0,0.024518001737305894,4.696971020423064,14.1,523.390625,False
1773585883.586394,857,0,0,0,0,9.410308000951773,0.0,0.025907000235747546,4.696971020423064,9.4,523.390625,False
1773585883.7993386,858,0,0,0,0,9.387306999997236,0.0,0.02535199746489525,4.696971020423064,18.8,523.390625,False
1773585884.012181,859,0,0,0,0,9.372307002195157,0.0,0.026444002287462354,4.696971020423064,9.4,523.390625,False
1773585884.2251725,860,0,0,0,0,9.41234399942914,0.0,0.02661100006662309,4.696971020423064,9.4,523.390625,False
1773585884.4381402,861,0,0,0,0,9.470696997595951,0.0,0.02548100019339472,4.696450350002396,9.4,523.390625,False
1773585884.651896,862,0,0,0,0,10.331369001505664,0.0,0.02387100175837986,4.696450350002396,9.4,523.390625,False
1773585884.864786,863,0,0,0,0,9.390751998580527,0.0,0.05220399907557294,4.696450350002396,18.8,523.390625,False
1773585885.0776544,864,0,0,0,0,9.426030002941843,0.0,0.02568599666119553,4.696450350002396,9.4,523.390625,False
1773585885.2906568,865,0,0,0,0,9.47973399888724,0.0,0.0260560009337496,4.696450350002396,9.4,523.390625,False
1773585885.5034611,866,0,0,0,0,9.312288002547575,0.0,0.025130000722128898,4.693457946016837,9.4,523.390625,False
1773585885.716556,867,0,0,0,0,9.469159002037486,0.0,0.02514899824745953,4.693457946016837,9.4,523.390625,False
1773585885.9294777,868,0,0,0,0,9.401103998243343,0.0,0.026464000256964937,4.693457946016837,18.8,523.390625,False
1773585886.142413,869,0,0,0,0,9.481158998823958,0.0,0.02520400084904395,4.693457946016837,9.4,523.390625,False
1773585886.3553522,870,0,0,0,0,9.388029000547249,0.0,0.026425997930346057,4.693457946016837,9.4,523.390625,False
1773585886.5682328,871,0,0,0,0,9.34763999975985,0.0,0.025574001483619213,4.6958435727920556,9.4,523.390625,False
1773585886.78124,872,0,0,0,0,9.49686300009489,0.0,0.025591998564777896,4.6958435727920556,9.4,523.390625,False
1773585886.9942176,873,0,0,0,0,9.40299200010486,0.0,0.025426001229789108,4.6958435727920556,18.8,523.390625,False
1773585887.2070918,874,0,0,0,0,9.364639998239,0.0,0.02492600106052123,4.6958435727920556,9.4,523.390625,False
1773585887.4199402,875,0,0,0,0,9.39195599858067,0.0,0.02494500222383067,4.6958435727920556,9.4,523.390625,False
1773585887.6329472,876,0,0,0,0,9.436677999474341,0.0,0.025056000595213845,4.696090681499594,9.4,523.390625,False
1773585887.8458898,877,0,0,0,0,9.406750999914948,0.0,0.02548200063756667,4.696090681499594,14.1,523.390625,False
1773585888.058845,878,0,0,0,0,9.403103998920415,0.0,0.02627800131449476,4.696090681499594,14.1,523.390625,False
1773585888.2717457,879,0,0,0,0,9.42060299712466,0.0,0.026851997972698882,4.696090681499594,9.4,523.40625,False
1773585888.484713,880,0,0,0,0,9.412084997165948,0.0,0.02603699977044016,4.696090681499594,9.4,523.40625,False
1773585888.6977262,881,0,0,0,0,9.443807997740805,0.0,0.025314999220427126,4.695813080328634,9.4,523.421875,False
1773585888.9106066,882,0,0,0,0,9.411789000296267,0.0,0.025889999960782006,4.695813080328634,9.4,523.421875,False
1773585889.123532,883,0,0,0,0,9.392140000272775,0.0,0.026555997465038672,4.695813080328634,18.8,523.421875,False
1773585889.3363857,884,0,0,0,0,9.390937000716804,0.0,0.0260560009337496,4.695813080328634,9.4,523.421875,False
1773585889.5493677,885,0,0,0,0,9.448122000321746,0.0,0.024204000510508195,4.695813080328634,9.4,523.421875,False
1773585889.7623005,886,0,0,0,0,9.43810399985523,0.0,0.026148998585995287,4.696726974660341,9.4,523.421875,False
1773585889.9752822,887,0,0,0,0,9.453418999328278,0.0,0.024943998141679913,4.696726974660341,9.4,523.421875,False
1773585890.1881204,888,0,0,0,0,9.297898999648169,0.0,0.02633300027810037,4.696726974660341,18.8,523.421875,False
1773585890.4010532,889,0,0,0,0,9.432491999177728,0.0,0.02518499968573451,4.696726974660341,9.4,523.421875,False
1773585890.6141648,890,0,0,0,0,9.589307999704033,0.0,0.025907000235747546,4.696726974660341,9.4,523.421875,False
1773585890.8271046,891,0,0,0,0,9.399529000802431,0.0,0.02600000152597204,4.695749993730497,9.4,523.421875,False
1773585891.0400639,892,0,0,0,0,9.487325998634333,0.0,0.026407000405015424,4.695749993730497,14.1,523.421875,False
1773585891.2529857,893,0,0,0,0,9.424898998986464,0.0,0.02651899922057055,4.695749993730497,14.1,523.421875,False
1773585891.4659622,894,0,0,0,0,9.446455002034782,0.0,0.02550000135670416,4.695749993730497,14.1,523.421875,False
1773585891.6789722,895,0,0,0,0,9.465584997087717,0.0,0.025926001399056986,4.695749993730497,9.4,523.421875,False
1773585891.8918467,896,0,0,0,0,9.399362999829464,0.0,0.02570399738033302,4.69595397985163,9.4,523.421875,False
1773585892.1047904,897,0,0,0,0,9.363806999317603,0.0,0.025888999516610056,4.69595397985163,9.4,523.421875,False
1773585892.3177743,898,0,0,0,0,9.525937999569578,0.0,0.025591998564777896,4.69595397985163,18.8,523.421875,False
1773585892.5307395,899,0,0,0,0,9.424122003110824,0.0,0.02516699896659702,4.69595397985163,9.4,523.421875,False
1773585892.7436867,900,0,0,0,0,9.363215001940262,0.0,0.025926001399056986,4.69595397985163,9.4,523.421875,False
1773585892.9566174,901,0,0,0,0,9.352176999527728,0.0,0.025814999389695004,4.695997092589081,9.4,523.421875,False
1773585893.1695502,902,0,0,0,0,9.460474000661634,0.0,0.026147998141823336,4.695997092589081,9.4,523.421875,False
1773585893.3825805,903,0,0,0,0,9.380769999552285,0.0,0.026962999982060865,4.695997092589081,18.8,523.421875,False
1773585893.595583,904,0,0,0,0,9.375270001328317,0.0,0.02683300044736825,4.695997092589081,9.4,523.421875,False
1773585893.808426,905,0,0,0,0,9.27043599949684,0.0,0.025926001399056986,4.695997092589081,9.4,523.421875,False
1773585894.02126,906,0,0,0,0,9.278323999751592,0.0,0.02574099926277995,4.696286283851903,9.4,523.421875,False
1773585894.234144,907,0,0,0,0,9.305990999564528,0.0,0.027166999643668532,4.696286283851903,9.4,523.421875,False
1773585894.4468927,908,0,0,0,0,9.161935002339305,0.0,0.026185000024270266,4.696286283851903,18.8,523.421875,False
1773585894.659968,909,0,0,0,0,9.336547002021689,0.0,0.027000001864507794,4.696286283851903,9.4,523.421875,False
1773585894.8729243,910,0,0,0,0,9.315158000390511,0.0,0.026130001060664654,4.696286283851903,9.4,523.421875,False
1773585895.0857754,911,0,0,0,0,9.243936001439579,0.0,0.025297002139268443,4.69698574813394,14.1,523.421875,False
1773585895.2985115,912,0,0,0,0,9.219454001140548,0.0,0.0248889991780743,4.69698574813394,9.4,523.421875,False
1773585895.5113044,913,0,0,0,0,9.246064997569192,0.0,0.02522300201235339,4.69698574813394,14.1,523.421875,False
1773585895.724056,914,0,0,0,0,9.299695000663633,0.0,0.025258999812649563,4.69698574813394,9.4,523.421875,False
1773585895.9369416,915,0,0,0,0,9.321954003098654,0.0,0.02388900247751735,4.69698574813394,14.1,523.421875,False
1773585896.1497087,916,0,0,0,0,9.301231999415904,0.0,0.024462999135721475,4.699546617378412,9.4,523.421875,False
1773585896.36249,917,0,0,0,0,9.266323999327142,0.0,0.023630000214325264,4.699546617378412,9.4,523.421875,False
1773585896.5754592,918,0,0,0,0,9.42312199913431,0.0,0.024000000848900527,4.699546617378412,18.8,523.421875,False
1773585896.7882226,919,0,0,0,0,9.29349099897081,0.0,0.023648000933462754,4.699546617378412,9.4,523.421875,False
1773585897.0010855,920,0,0,0,0,9.33934299973771,0.0,0.024241002392955124,4.699546617378412,9.4,523.421875,False
1773585897.2138236,921,0,0,0,0,9.281528000428807,0.0,0.02351900184294209,4.698733741587927,9.4,523.421875,False
1773585897.4267294,922,0,0,0,0,9.344751000753604,0.0,0.025019002350745723,4.698733741587927,9.4,523.421875,False
1773585897.6395335,923,0,0,0,0,9.279509999032598,0.0,0.024666998797329143,4.698733741587927,18.8,523.421875,False
1773585897.852286,924,0,0,0,0,9.303287999500753,0.0,0.02494500222383067,4.698733741587927,9.4,523.421875,False
1773585898.0651503,925,0,0,0,0,9.273971998482011,0.0,0.02514899824745953,4.698733741587927,9.4,523.421875,False
1773585898.2780395,926,0,0,0,0,9.352250999654643,0.0,0.026369998522568494,4.698330566888557,9.4,523.421875,False
1773585898.4908693,927,0,0,0,0,9.286527998483507,0.0,0.026666999474400654,4.698330566888557,9.4,523.421875,False
1773585898.703878,928,0,0,0,0,9.497104001638945,0.0,0.02631500319694169,4.698330566888557,18.8,523.421875,False
1773585898.9168,929,0,0,0,0,9.403121999639552,0.0,0.05912999768042937,4.698330566888557,9.4,523.421875,False
1773585899.1297317,930,0,0,0,0,9.384491997479927,0.0,0.0260560009337496,4.698330566888557,9.4,523.421875,False
1773585899.34259,931,0,0,0,0,9.325046998128528,0.0,0.025834000553004444,4.696834267518292,9.4,523.421875,False
1773585899.5555043,932,0,0,0,0,9.439325000130339,0.0,0.02546299947425723,4.696834267518292,9.4,523.421875,False
1773585899.7684362,933,0,0,0,0,9.415380998689216,0.0,0.02713000139920041,4.696834267518292,18.8,523.421875,False
1773585899.9813254,934,0,0,0,0,9.40799199815956,0.0,0.025852001272141933,4.696834267518292,9.4,523.421875,False
1773585900.1941516,935,0,0,0,0,9.375048000947572,0.0,0.025610999728087336,4.696834267518292,9.4,523.421875,False
1773585900.4070215,936,0,0,0,0,9.404993001226103,0.0,0.026055997295770794,4.69734660590349,9.4,523.421875,False
1773585900.6200225,937,0,0,0,0,9.46538200150826,0.0,0.02568600029917434,4.69734660590349,9.4,523.421875,False
1773585900.832909,938,0,0,0,0,9.357029000966577,0.0,0.025907000235747546,4.69734660590349,18.8,523.421875,False
1773585901.0457733,939,0,0,0,0,9.41499200052931,0.0,0.02711100023589097,4.69734660590349,9.4,523.421875,False
1773585901.2586732,940,0,0,0,0,9.433918003196595,0.0,0.02599999788799323,4.69734660590349,9.4,523.421875,False
1773585901.471627,941,0,0,0,0,9.396344001288526,0.0,0.02733299697865732,4.696613375800601,14.1,523.421875,False
1773585901.684479,942,0,0,0,0,9.370324998599244,0.0,0.02596299964352511,4.696613375800601,4.7,523.421875,False
1773585901.8975034,943,0,0,0,0,9.394583998073358,0.0,0.02544499875511974,4.696613375800601,18.8,523.421875,False
1773585902.1104124,944,0,0,0,0,9.38599199798773,0.0,0.026055997295770794,4.696613375800601,9.4,523.421875,False
1773585902.3232465,945,0,0,0,0,9.34413900176878,0.0,0.02575899998191744,4.696613375800601,9.4,523.421875,False
1773585902.5362253,946,0,0,0,0,9.437325999897439,0.0,0.02662900078576058,4.696583925141385,14.1,523.421875,False
1773585902.749193,947,0,0,0,0,9.42734500131337,0.0,0.02633400072227232,4.696583925141385,9.4,523.421875,False
1773585902.962168,948,0,0,0,0,9.432640003069537,0.0,0.02625900015118532,4.696583925141385,18.8,523.421875,False
1773585903.1749997,949,0,0,0,0,9.357565999380313,0.0,0.025203997211065143,4.696583925141385,9.4,523.421875,False
1773585903.3878822,950,0,0,0,0,9.361770000396064,0.0,0.026907997380476445,4.696583925141385,9.4,523.4375,False
1773585903.600855,951,0,0,0,0,9.49004900030559,0.0,0.028612001187866554,4.696460867454295,9.4,523.4375,False
1773585903.8138041,952,0,0,0,0,9.453695998672629,0.0,0.0260560009337496,4.696460867454295,9.4,523.4375,False
1773585904.0266798,953,0,0,0,0,9.32843600094202,0.0,0.025536999601172283,4.696460867454295,18.8,523.4375,False
1773585904.239496,954,0,0,0,0,9.337250001408393,0.0,0.026204001187579706,4.696460867454295,9.4,523.4375,False
1773585904.4523644,955,0,0,0,0,9.315954001067439,0.0,0.026407997211208567,4.696460867454295,9.4,523.4375,False
1773585904.6652653,956,0,0,0,0,9.399436999956379,0.0,0.025518998882034793,4.697417100629211,9.4,523.4375,False
1773585904.8781676,957,0,0,0,0,9.346120998088736,0.0,0.025592999008949846,4.697417100629211,9.4,523.4375,False
1773585905.091072,958,0,0,0,0,9.414066000317689,0.0,0.026740999601315707,4.697417100629211,18.8,523.4375,False
1773585905.3039174,959,0,0,0,0,9.380306000821292,0.0,0.02562899680924602,4.697417100629211,9.4,523.4375,False
1773585905.5170248,960,0,0,0,0,9.544437998556532,0.0,0.02635200144140981,4.697417100629211,9.4,523.4375,False
1773585905.7299793,961,0,0,0,0,9.467455001868075,0.0,0.025888999516610056,4.696122229164008,9.4,523.4375,False
1773585905.9429162,962,0,0,0,0,9.46693700097967,0.0,0.026555997465038672,4.696122229164008,9.4,523.4375,False
1773585906.155867,963,0,0,0,0,9.394344000611454,0.0,0.02594499892438762,4.696122229164008,18.8,523.4375,False
1773585906.368766,964,0,0,0,0,9.385009998368332,0.0,0.02625900015118532,4.696122229164008,9.4,523.4375,False
1773585906.5817554,965,0,0,0,0,9.446381001907866,0.0,0.026666999474400654,4.696122229164008,14.1,523.4375,False
1773585906.7946565,966,0,0,0,0,9.400881001056405,0.0,0.026945002900902182,4.696295748895151,9.4,523.4375,False
1773585907.0075665,967,0,0,0,0,9.37101000090479,0.0,0.02577800114522688,4.696295748895151,9.4,523.4375,False
1773585907.2201333,968,0,0,0,0,9.073675002582604,0.0,0.0260560009337496,4.696295748895151,18.8,523.4375,False
1773585907.4331331,969,0,0,0,0,9.385047000250779,0.0,0.02596299964352511,4.696295748895151,9.4,523.453125,False
1773585907.645974,970,0,0,0,0,9.34186199810938,0.0,0.02601899905130267,4.696295748895151,9.4,523.453125,False
1773585907.8588154,971,0,0,0,0,9.257582998543512,0.0,0.025610999728087336,4.698586359000647,9.4,523.453125,False
1773585908.071612,972,0,0,0,0,9.282008999434765,0.0,0.023722001060377806,4.698586359000647,9.4,523.453125,False
1773585908.284339,973,0,0,0,0,9.21754599767155,0.0,0.027573998522711918,4.698586359000647,18.8,523.453125,False
1773585908.4974418,974,0,0,0,0,9.442640002816916,0.0,0.02522200156818144,4.698586359000647,9.4,523.453125,False
1773585908.710317,975,0,0,0,0,9.405992001120467,0.0,0.024758999643381685,4.698586359000647,9.4,523.453125,False
1773585908.9231176,976,0,0,0,0,9.287676999520045,0.0,0.024575001589255407,4.697885365568452,9.4,523.453125,False
1773585909.1360564,977,0,0,0,0,9.40219600306591,0.0,0.02546299947425723,4.697885365568452,9.4,523.453125,False
1773585909.3490005,978,0,0,0,0,9.342380002635764,0.0,0.024388999008806422,4.697885365568452,18.8,523.453125,False
1773585909.5618217,979,0,0,0,0,9.3722509991494,0.0,0.024518998543499038,4.697885365568452,9.4,523.453125,False
1773585909.7746964,980,0,0,0,0,9.323696001956705,0.0,0.0238150023506023,4.697885365568452,9.4,523.453125,False
1773585909.987491,981,0,0,0,0,9.300917001382913,0.0,0.02522200156818144,4.6976149180239375,9.4,523.453125,False
1773585910.2002969,982,0,0,0,0,9.325510000053328,0.0,0.026148998585995287,4.6976149180239375,9.4,523.453125,False
1773585910.412629,983,0,0,0,0,8.759116997680394,0.0,0.023352000425802544,4.6976149180239375,18.8,523.453125,False
1773585910.6254587,984,0,0,0,0,9.339084001112496,0.0,0.02383299943176098,4.6976149180239375,9.4,523.453125,False
1773585910.83828,985,0,0,0,0,9.314121001807507,0.0,0.02462900010868907,4.6976149180239375,9.4,523.453125,False
1773585911.051096,986,0,0,0,0,9.259787999326363,0.0,0.025277997337980196,4.701011978081467,9.4,523.453125,False
1773585911.2639704,987,0,0,0,0,9.395935998327332,0.0,0.025926001399056986,4.701011978081467,9.4,523.453125,False
1773585911.4768407,988,0,0,0,0,9.29537999763852,0.0,0.025573997845640406,4.701011978081467,18.8,523.453125,False
1773585911.6896443,989,0,0,0,0,9.335029000794748,0.0,0.024778000806691125,4.701011978081467,9.4,523.453125,False
1773585911.9025486,990,0,0,0,0,9.37475099999574,0.0,0.0255190025200136,4.701011978081467,9.4,523.453125,False
1773585912.1154318,991,0,0,0,0,9.38641700122389,0.0,0.025741002900758758,4.697774867673251,9.4,523.453125,False
1773585912.3283505,992,0,0,0,0,9.365196001454024,0.0,0.02520400084904395,4.697774867673251,9.4,523.453125,False
1773585912.54133,993,0,0,0,0,9.434733001398854,0.0,0.023741002223687246,4.697774867673251,18.8,523.453125,False
1773585912.7540734,994,0,0,0,0,9.264083000743994,0.0,0.026148001779802144,4.697774867673251,9.4,523.453125,False
1773585912.9668682,995,0,0,0,0,9.26758299829089,0.0,0.023944998247316107,4.697774867673251,9.4,523.453125,False
1773585913.1796606,996,0,0,0,0,9.329769000032684,0.0,0.024796998332021758,4.698231625969906,9.4,523.453125,False
1773585913.3926404,997,0,0,0,0,9.359972998936428,0.0,0.02353699892410077,4.698231625969906,14.1,523.453125,False
1773585913.6055186,998,0,0,0,0,9.412233001057757,0.0,0.02401799793005921,4.698231625969906,18.8,523.453125,False
1773585913.8183196,999,0,0,0,0,9.34741700257291,0.0,0.024501001462340355,4.698231625969906,9.4,523.453125,False
1773585914.0312169,1000,0,0,0,0,9.363287997985026,0.0,0.024741002562223002,4.698231625969906,9.4,523.453125,False
1773585914.2440143,1001,0,0,0,0,9.27617599882069,0.0,0.02322200089110993,4.697663322689503,9.4,523.453125,False
1773585914.4568331,1002,0,0,0,0,9.34776899885037,0.0,0.022796997654950246,4.697663322689503,9.4,523.453125,False
1773585914.6696057,1003,0,0,0,0,9.330046999821207,0.0,0.02375899930484593,4.697663322689503,18.8,523.453125,False
1773585914.8823366,1004,0,0,0,0,9.286436001275433,0.0,0.023704000341240317,4.697663322689503,9.4,523.453125,False
1773585915.0952256,1005,0,0,0,0,9.361157997773262,0.0,0.026148998585995287,4.697663322689503,9.4,523.453125,False
1773585915.308163,1006,0,0,0,0,9.445473999221576,0.0,0.026130001060664654,4.698645310926056,9.4,523.453125,False
1773585915.52121,1007,0,0,0,0,9.489067000686191,0.0,0.026092999178217724,4.698645310926056,9.4,523.453125,False
1773585915.7339153,1008,0,0,0,0,9.209137999278028,0.0,0.0256669991358649,4.698645310926056,18.8,523.453125,False
1773585915.9468265,1009,0,0,0,0,9.346546998131089,0.0,0.025630000891396776,4.698645310926056,9.4,523.453125,False
1773585916.1597416,1010,0,0,0,0,9.45149199833395,0.0,0.02577800114522688,4.698645310926056,9.4,523.453125,False
1773585916.3726563,1011,0,0,0,0,9.355287998914719,0.0,0.0268340008915402,4.697195102011562,9.4,523.453125,False
1773585916.5856087,1012,0,0,0,0,9.475954997469671,0.0,0.026665999030228704,4.697195102011562,9.4,523.453125,False
1773585916.7985575,1013,0,0,0,0,9.357232000184013,0.0,0.025907000235747546,4.697195102011562,18.8,523.453125,False
1773585917.0114422,1014,0,0,0,0,9.346807000838453,0.0,0.02664800194907002,4.697195102011562,9.4,523.453125,False
1773585917.224295,1015,0,0,0,0,9.37893600348616,0.0,0.026722998882178217,4.697195102011562,14.1,523.453125,False
1773585917.4371138,1016,0,0,0,0,9.338954998383997,0.0,0.02574099926277995,4.697085688611837,9.4,523.453125,False
1773585917.6501482,1017,0,0,0,0,9.584270999766886,0.0,0.025444001948926598,4.697085688611837,9.4,523.453125,False
1773585917.862963,1018,0,0,0,0,9.349787000246579,0.0,0.025926001399056986,4.697085688611837,18.8,523.453125,False
1773585918.0759668,1019,0,0,0,0,9.472178000578424,0.0,0.0263700021605473,4.697085688611837,9.4,523.453125,False
1773585918.2889798,1020,0,0,0,0,9.395121000125073,0.0,0.02598199716885574,4.697085688611837,9.4,523.453125,False
1773585918.5018191,1021,0,0,0,0,9.379603001434589,0.0,0.025036999431904405,4.696235804265584,9.4,523.453125,False
1773585918.7147005,1022,0,0,0,0,9.414527998160338,0.0,0.026147998141823336,4.696235804265584,9.4,523.46875,False
1773585918.9270911,1023,0,0,0,0,8.85445099993376,0.0,0.026148998585995287,4.696235804265584,18.8,523.46875,False
1773585919.1399043,1024,0,0,0,0,9.401010000146925,0.0,0.02577800114522688,4.696235804265584,9.4,523.46875,False
1773585919.3528445,1025,0,0,0,0,9.385714001837187,0.0,0.02738900002441369,4.696235804265584,9.4,523.46875,False
1773585919.5658236,1026,0,0,0,0,9.456048002903117,0.0,0.02596400008769706,4.6991622563396565,9.4,523.46875,False
1773585919.7786458,1027,0,0,0,0,9.354288002214162,0.0,0.025814999389695004,4.6991622563396565,9.4,523.46875,False
1773585919.9915268,1028,0,0,0,0,9.320157998445211,0.0,0.02564799797255546,4.6991622563396565,18.8,523.46875,False
1773585920.2043958,1029,0,0,0,0,9.397417998115998,0.0,0.027075002435594797,4.6991622563396565,9.4,523.46875,False
1773585920.4173763,1030,0,0,0,0,9.402547002537176,0.0,0.025518998882034793,4.6991622563396565,9.4,523.46875,False
1773585920.630237,1031,0,0,0,0,9.363416997075547,0.0,0.02487099845893681,4.697427622411534,9.4,523.46875,False
1773585920.8431287,1032,0,0,0,0,9.324917002231814,0.0,0.02524100273149088,4.697427622411534,9.4,523.46875,False
1773585921.0560658,1033,0,0,0,0,9.376048001286108,0.0,0.026722998882178217,4.697427622411534,18.8,523.46875,False
1773585921.2689424,1034,0,0,0,0,9.401268998772139,0.0,0.027760001103160903,4.697427622411534,9.4,523.46875,False
1773585921.4819303,1035,0,0,0,0,9.443418002774706,0.0,0.026778001483762637,4.697427622411534,9.4,523.46875,False
1773585921.6947918,1036,0,0,0,0,9.377176000270993,0.0,0.025332999939564615,4.69681007360266,9.4,523.46875,False
1773585921.9076855,1037,0,0,0,0,9.366027999931248,0.0,0.02677799784578383,4.69681007360266,9.4,523.46875,False
1773585922.1206603,1038,0,0,0,0,9.392546999151818,0.0,0.026426998374518007,4.69681007360266,18.8,523.46875,False
1773585922.3336341,1039,0,0,0,0,9.411437000380829,0.0,0.025240999093512073,4.69681007360266,9.4,523.46875,False
1773585922.5465336,1040,0,0,0,0,9.440158999495907,0.0,0.025240999093512073,4.69681007360266,9.4,523.46875,False
1773585922.7593985,1041,0,0,0,0,9.334787999250693,0.0,0.02627800131449476,4.696599702234318,9.4,523.46875,False
1773585922.9722424,1042,0,0,0,0,9.361472999444231,0.0,0.026185000024270266,4.696599702234318,9.4,523.46875,False
1773585923.1850958,1043,0,0,0,0,9.344731999590294,0.0,0.025592999008949846,4.696599702234318,18.8,523.46875,False
1773585923.3979256,1044,0,0,0,0,9.373860997584416,0.0,0.02505599695723504,4.696599702234318,9.4,523.46875,False
1773585923.6109064,1045,0,0,0,0,9.443565999390557,0.0,0.025869998353300616,4.696599702234318,9.4,523.46875,False
1773585923.8238037,1046,0,0,0,0,9.352029002911877,0.0,0.026740999601315707,4.697474971015298,9.4,523.46875,False
1773585924.0366943,1047,0,0,0,0,9.380286999657983,0.0,0.026592999347485602,4.697474971015298,9.4,523.46875,False
1773585924.2495546,1048,0,0,0,0,9.32576900231652,0.0,0.026185000024270266,4.697474971015298,18.8,523.46875,False
1773585924.4625237,1049,0,0,0,0,9.41871400209493,0.0,0.026721998438006267,4.697474971015298,9.4,523.46875,False
1773585924.675704,1050,0,0,0,0,9.435066000150982,0.0,0.026796002202900127,4.697474971015298,9.4,523.484375,False
1773585924.888679,1051,0,0,0,0,9.366490998218069,0.0,0.026147998141823336,4.695537614642746,9.4,523.484375,False
1773585925.101671,1052,0,0,0,0,9.501362997980323,0.0,0.026426001568324864,4.695537614642746,9.4,523.484375,False
1773585925.3145912,1053,0,0,0,0,9.372213997266954,0.0,0.026351997803431004,4.695537614642746,23.5,523.484375,False
1773585925.5274577,1054,0,0,0,0,9.371694999572355,0.0,0.025888999516610056,4.695537614642746,9.4,523.484375,False
1773585925.7404246,1055,0,0,0,0,9.371824999107048,0.0,0.026444999093655497,4.695537614642746,9.4,523.484375,False
1773585925.9533975,1056,0,0,0,0,9.4013800007815,0.0,0.026112000341527164,4.695929795004045,9.4,523.484375,False
1773585926.166272,1057,0,0,0,0,9.40280599752441,0.0,0.026407997211208567,4.695929795004045,9.4,523.484375,False
1773585926.37915,1058,0,0,0,0,9.311008998338366,0.0,0.02627800131449476,4.695929795004045,18.8,523.484375,False
1773585926.591894,1059,0,0,0,0,9.289527999499114,0.0,0.026204001187579706,4.695929795004045,9.4,523.484375,False
1773585926.80494,1060,0,0,0,0,9.422510000149487,0.0,0.02735199814196676,4.695929795004045,4.7,523.484375,False
