timestamp,frame_index,motion_regions,yolo_detections,confirmed_tracks,new_confirmations,time_mog2_ms,time_yolo_ms,time_tracker_ms,fps,cpu_percent,ram_mb,yolo_ran
1773592483.980892,0,0,0,0,0,7.592805999593111,0.0,0.02738900002441369,0.0,0.0,456.640625,False
1773592484.1913888,1,0,0,0,0,7.1046730008674785,0.0,0.0256669991358649,0.0,9.5,461.546875,False
1773592484.4015841,2,0,0,0,0,7.085190998623148,0.0,0.021500000002561137,0.0,9.5,464.171875,False
1773592484.6116898,3,0,0,0,0,7.028338997770334,0.0,0.021686002583010122,0.0,9.5,467.15625,False
1773592484.821836,4,0,0,0,0,7.066969999868888,0.0,0.021981999452691525,4.757697178302481,9.5,469.796875,False
1773592485.0319824,5,0,0,0,0,7.040634998702444,0.0,0.021963001927360892,4.757697178302481,9.5,472.421875,False
1773592485.2420568,6,0,0,0,0,6.9835789981880225,0.0,0.021110998204676434,4.757697178302481,9.5,475.046875,False
1773592485.4521313,7,0,0,0,0,7.007283998973435,0.0,0.02131500150426291,4.757697178302481,4.8,477.671875,False
1773592485.6623197,8,0,0,0,0,7.054672998492606,0.0,0.02433299960102886,4.757697178302481,14.3,480.296875,False
1773592485.8724413,9,0,0,0,0,7.048950999887893,0.0,0.02292600038344972,4.75920767318391,4.8,482.921875,False
1773592486.0825634,10,0,0,0,0,7.031023997114971,0.0,0.021333999029593542,4.75920767318391,9.5,482.921875,False
1773592486.2927144,11,0,0,0,0,6.998228000156814,0.0,0.020906998543068767,4.75920767318391,9.5,482.921875,False
1773592486.502936,12,0,0,0,0,7.013283000560477,0.0,0.021944000764051452,4.75920767318391,9.5,482.921875,False
1773592486.7132125,13,0,0,0,0,7.078525002725655,0.0,0.022166997950989753,4.75920767318391,9.5,482.921875,False
1773592486.9234054,14,0,0,0,0,6.998802000452997,0.0,0.021260002540657297,4.757537439355436,9.5,482.921875,False
1773592487.1336432,15,0,0,0,0,7.051468997815391,0.0,0.02074100120807998,4.757537439355436,9.5,482.921875,False
1773592487.3437026,16,0,0,0,0,6.992932001594454,0.0,0.021777999791083857,4.757537439355436,4.8,482.921875,False
1773592487.5539124,17,0,0,0,0,7.06846899993252,0.0,0.021926000044913962,4.757537439355436,4.8,482.921875,False
1773592487.7641041,18,0,0,0,0,6.980302001466043,0.0,0.02109300112351775,4.757537439355436,14.3,482.921875,False
1773592487.9742732,19,0,0,0,0,7.032376997813117,0.0,0.02185199991799891,4.757970270399652,9.5,482.921875,False
1773592488.184391,20,0,0,0,0,6.999116998485988,0.0,0.022314998204819858,4.757970270399652,4.8,482.921875,False
1773592488.394633,21,0,0,0,0,7.011986999714281,0.0,0.02042599953711033,4.757970270399652,9.5,482.921875,False
1773592488.6048636,22,0,0,0,0,7.0264320020214655,0.0,0.02153699824702926,4.757970270399652,4.8,482.921875,False
1773592488.8150702,23,0,0,0,0,7.075636000081431,0.0,0.021462998120114207,4.757970270399652,14.3,482.921875,False
1773592489.025146,24,0,0,0,0,7.015839000814594,0.0,0.020093000784981996,4.757922773869848,9.5,482.921875,False
1773592489.235234,25,0,0,0,0,6.977338998694904,0.0,0.020833998860325664,4.757922773869848,4.8,482.921875,False
1773592489.4453552,26,0,0,0,0,7.050025000353344,0.0,0.021722000383306295,4.757922773869848,9.5,482.921875,False
1773592489.6554658,27,0,0,0,0,7.033283996861428,0.0,0.022832999093225226,4.757922773869848,4.8,482.921875,False
1773592489.865624,28,0,0,0,0,7.002079997619148,0.0,0.020889001461910084,4.757922773869848,14.3,482.921875,False
1773592490.0757139,29,0,0,0,0,6.959116999496473,0.0,0.02107399996020831,4.759385886277758,9.5,482.921875,False
1773592490.2858653,30,0,0,0,0,7.014191000052961,0.0,0.02103700171574019,4.759385886277758,4.8,482.921875,False
1773592490.4960592,31,0,0,0,0,6.9853580025665,0.0,0.021018997358623892,4.759385886277758,9.5,482.921875,False
1773592490.7062435,32,0,0,0,0,7.0380249999288935,0.0,0.023074000637279823,4.759385886277758,4.8,482.921875,False
1773592490.91638,33,0,0,0,0,6.983543000387726,0.0,0.02075899828923866,4.759385886277758,14.3,482.921875,False
1773592491.1265645,34,0,0,0,0,7.024728001852054,0.0,0.02101800055243075,4.758035039923079,9.5,482.921875,False
1773592491.3389823,35,0,0,0,0,9.278613000788027,0.0,0.024536999262636527,4.758035039923079,9.4,482.921875,False
1773592491.5517848,36,0,0,0,0,9.348204999696463,0.0,0.025056000595213845,4.758035039923079,9.4,482.921875,False
1773592491.7645257,37,0,0,0,0,9.356945996842114,0.0,0.024519002181477845,4.758035039923079,9.4,482.921875,False
1773592491.9773772,38,0,0,0,0,9.372372998768697,0.0,0.025388999347342178,4.758035039923079,18.8,482.921875,False
1773592492.1901886,39,0,0,0,0,9.397891000844538,0.0,0.025074001314351335,4.701159512881297,9.4,482.921875,False
1773592492.4030812,40,0,0,0,0,9.402871997735929,0.0,0.0255190025200136,4.701159512881297,9.4,482.921875,False
1773592492.615995,41,0,0,0,0,9.384816999954637,0.0,0.02514799780328758,4.701159512881297,9.4,482.921875,False
1773592492.8287964,42,0,0,0,0,9.302187001594575,0.0,0.058740999520523474,4.701159512881297,9.4,482.921875,False
1773592493.0415757,43,0,0,0,0,9.346926999569405,0.0,0.024758999643381685,4.701159512881297,14.1,482.921875,False
1773592493.2544134,44,0,0,0,0,9.330131000751862,0.0,0.024593002308392897,4.6981989974317475,14.1,482.921875,False
1773592493.467315,45,0,0,0,0,9.385001998452935,0.0,0.025315002858405933,4.6981989974317475,9.4,482.921875,False
1773592493.6801996,46,0,0,0,0,9.354167999845231,0.0,0.025388999347342178,4.6981989974317475,4.7,482.921875,False
1773592493.8930712,47,0,0,0,0,9.357502000057139,0.0,0.023833999875932932,4.6981989974317475,14.1,482.921875,False
1773592494.1060023,48,0,0,0,0,9.421947001101216,0.0,0.024501001462340355,4.6981989974317475,14.1,482.921875,False
1773592494.3187664,49,0,0,0,0,9.331815999757964,0.0,0.02518499968573451,4.6977306699705945,9.4,482.921875,False
1773592494.5315824,50,0,0,0,0,9.338056999695254,0.0,0.024426997697446495,4.6977306699705945,14.1,482.921875,False
1773592494.74458,51,0,0,0,0,9.440983998501906,0.0,0.024647997634019703,4.6977306699705945,9.4,484.234375,False
1773592494.957412,52,0,0,0,0,9.39303899940569,0.0,0.024500997824361548,4.6977306699705945,9.4,484.234375,False
1773592495.1701152,53,0,0,0,0,9.33640899893362,0.0,0.023592998331878334,4.6977306699705945,18.8,484.234375,False
1773592495.3829107,54,0,0,0,0,9.351223998237401,0.0,0.02405499981250614,4.6986021495499015,9.4,484.234375,False
1773592495.595709,55,0,0,0,0,9.352705998026067,0.0,0.024889002816053107,4.6986021495499015,9.4,484.234375,False
1773592495.8085694,56,0,0,0,0,9.312520000094082,0.0,0.025092998839681968,4.6986021495499015,9.4,484.234375,False
1773592496.0212796,57,0,0,0,0,9.344817000965122,0.0,0.02433299960102886,4.6986021495499015,9.4,484.234375,False
1773592496.2341745,58,0,0,0,0,9.427779998077312,0.0,0.024834000214468688,4.6986021495499015,18.8,484.234375,False
1773592496.4468791,59,0,0,0,0,9.331445999123389,0.0,0.025092998839681968,4.699402342987586,9.4,484.234375,False
1773592496.6596599,60,0,0,0,0,9.39396499961731,0.0,0.025148001441266388,4.699402342987586,9.4,484.234375,False
1773592496.8723884,61,0,0,0,0,9.349928001029184,0.0,0.024426997697446495,4.699402342987586,14.1,484.234375,False
1773592497.0851512,62,0,0,0,0,9.354501999041531,0.0,0.02522300201235339,4.699402342987586,9.4,484.234375,False
1773592497.2978575,63,0,0,0,0,9.310723999078618,0.0,0.024832999770296738,4.699402342987586,14.1,484.234375,False
1773592497.5106418,64,0,0,0,0,9.377539001434343,0.0,0.025037003069883212,4.700292351786788,9.4,484.234375,False
1773592497.7233582,65,0,0,0,0,9.321557001385372,0.0,0.024722998205106705,4.700292351786788,9.4,484.234375,False
1773592497.9361463,66,0,0,0,0,9.299186996940989,0.0,0.025074001314351335,4.700292351786788,14.1,484.234375,False
1773592498.1488802,67,0,0,0,0,9.341132001281949,0.0,0.0243520007643383,4.700292351786788,9.4,484.234375,False
1773592498.361766,68,0,0,0,0,9.396539000590565,0.0,0.02533399674575776,4.700292351786788,14.1,484.234375,False
1773592498.5745113,69,0,0,0,0,9.374335997563321,0.0,0.02388900247751735,4.69983097970367,14.1,484.234375,False
1773592498.7872913,70,0,0,0,0,9.341816999949515,0.0,0.025037999876076356,4.69983097970367,9.4,484.234375,False
1773592499.0001945,71,0,0,0,0,9.357558003102895,0.0,0.024760000087553635,4.69983097970367,9.4,484.234375,False
1773592499.2130458,72,0,0,0,0,9.375372999784304,0.0,0.025110999558819458,4.69983097970367,9.4,484.234375,False
1773592499.425929,73,0,0,0,0,9.339408999949228,0.0,0.023055999918142334,4.69983097970367,18.8,484.234375,False
1773592499.6387837,74,0,0,0,0,9.345946000394179,0.0,0.025093002477660775,4.698061120548618,4.7,484.234375,False
1773592499.8515625,75,0,0,0,0,9.321168003225466,0.0,0.025056000595213845,4.698061120548618,9.4,484.234375,False
1773592500.0643885,76,0,0,0,0,9.347391001938377,0.0,0.024074997782008722,4.698061120548618,9.4,484.234375,False
1773592500.2773118,77,0,0,0,0,9.376725000038277,0.0,0.024499997380189598,4.698061120548618,9.4,484.234375,False
1773592500.4900894,78,0,0,0,0,9.354947000247194,0.0,0.025295998057117686,4.698061120548618,18.8,484.234375,False
1773592500.702948,79,0,0,0,0,9.339483000076143,0.0,0.024426000891253352,4.698537935311401,14.1,484.234375,False
1773592500.9157255,80,0,0,0,0,9.380206000059843,0.0,0.024777997168712318,4.698537935311401,9.4,484.234375,False
1773592501.1285338,81,0,0,0,0,9.3258729975787,0.0,0.024926997866714373,4.698537935311401,9.4,484.234375,False
1773592501.3412838,82,0,0,0,0,9.366465001221513,0.0,0.02431499888189137,4.698537935311401,9.4,484.234375,False
1773592501.5541153,83,0,0,0,0,9.434706000320148,0.0,0.023352000425802544,4.698537935311401,14.1,484.234375,False
1773592501.7668524,84,0,0,0,0,9.335373000794789,0.0,0.02551800207584165,4.699682475085309,9.4,484.234375,False
1773592501.9796026,85,0,0,0,0,9.322631001850823,0.0,0.024760000087553635,4.699682475085309,14.1,484.234375,False
1773592502.1923366,86,0,0,0,0,9.32114999886835,0.0,0.02438900264678523,4.699682475085309,9.4,484.234375,False
1773592502.405183,87,0,0,0,0,9.43248400290031,0.0,0.02350000067963265,4.699682475085309,9.4,484.234375,False
1773592502.6180227,88,0,0,0,0,9.367039001517696,0.0,0.024092998501146212,4.699682475085309,14.1,484.234375,False
1773592502.8309836,89,0,0,0,0,9.509595001873095,0.0,0.02409200169495307,4.6986568909423765,14.1,484.28125,False
1773592504.043114,90,1,1,0,0,9.571817998221377,999.1300490000867,0.04207500023767352,0.824948375624444,132.8,562.28125,True
1773592504.940959,91,1,1,1,1,7.140432997402968,687.3684279998997,0.04585200076689944,0.824948375624444,133.7,564.84375,True
1773592505.8255072,92,1,1,1,0,7.125099997210782,674.251237000135,0.04216700108372606,1.122091058018524,134.5,568.09375,True
1773592506.8284612,93,1,1,1,0,7.153395999921486,792.6417610033241,0.03407400072319433,0.9970532721610764,138.6,598.859375,True
1773592507.8140645,94,1,1,1,0,7.180304000939941,775.2207460034697,0.03455600017332472,0.9970532721610764,136.0,601.25,True
1773592508.8010013,95,1,1,1,0,7.150673001888208,776.6194399991946,0.034648997825570405,0.919489954631699,138.8,603.90625,True
1773592509.7870884,96,1,1,1,0,7.187396000517765,775.7229720009491,0.03350100087118335,1.0689108259388067,136.9,606.53125,True
1773592510.8481827,97,1,1,1,0,7.197081002232153,850.7427650001773,0.03463000030023977,0.9424184515483954,139.5,594.546875,True
1773592511.833054,98,1,1,1,0,7.197007002105238,774.467981998896,0.034222000977024436,0.9424184515483954,137.1,627.671875,True
1773592512.7164865,99,1,1,1,0,7.185211001342395,673.0280439987837,0.03431500226724893,0.920071661236356,135.8,625.046875,True
1773592513.5991957,100,1,1,1,0,7.140303001506254,672.3649470004602,0.03368599936948158,1.2018293760940397,133.7,627.671875,True
1773592514.4834342,101,1,1,1,0,7.160600001952844,673.9192349996301,0.033833999623311684,1.2018293760940397,135.7,630.296875,True
1773592515.4225147,102,1,1,1,0,7.1567659979336895,728.5905520002416,0.03594500230974518,1.096900356545234,136.3,634.9375,True
1773592516.408281,103,1,1,1,0,7.181340999522945,775.421099999221,0.03298100273241289,1.096900356545234,138.0,640.34375,True
1773592517.457458,104,1,1,1,0,7.2150259984482545,838.7000800030364,0.03455600017332472,0.9192920517685664,139.2,614.703125,True
1773592518.5026093,105,1,1,1,0,7.1020440009306185,834.7527780024393,0.03325999932712875,0.9531198551108313,139.7,617.328125,True
1773592518.712995,106,0,0,1,0,7.071414001984522,0.0,0.029685998015338555,0.9568329436928429,4.8,619.015625,False
1773592518.9233716,107,0,0,1,0,7.099507001839811,0.0,0.03118499807897024,0.9568329436928429,9.5,621.640625,False
1773592519.1337278,108,0,0,1,0,7.068766000884352,0.0,0.02913000207627192,0.9568329436928429,14.3,624.28125,False
1773592519.3440468,109,0,0,1,0,7.044080000923714,0.0,0.030593000701628625,0.9568329436928429,9.5,626.90625,False
1773592519.5543988,110,0,0,1,0,7.061801999952877,0.0,0.031186002161120996,0.9568329436928429,9.5,629.53125,False
1773592519.7647514,111,0,0,1,0,7.0366910003940575,0.0,0.05974099985905923,4.753853470424198,4.8,632.15625,False
1773592519.9751437,112,0,0,1,0,7.082729000103427,0.0,0.030277999030658975,4.753853470424198,9.5,634.78125,False
1773592520.1854997,113,0,0,1,0,7.042099001409952,0.0,0.03122300040558912,4.753853470424198,14.3,637.40625,False
1773592520.3957462,114,0,0,1,0,7.014913000602974,0.0,0.03040699812117964,4.753853470424198,9.5,641.34375,False
1773592520.6061404,115,0,0,1,0,7.0786369979032315,0.0,0.03105600262642838,4.753853470424198,4.8,642.65625,False
1773592520.8164916,116,0,0,1,0,7.063061999360798,0.0,0.031778003176441416,4.753990330853292,9.5,645.28125,False
1773592521.0268567,117,0,0,1,0,7.054988000163576,0.0,0.03153700163238682,4.753990330853292,4.8,647.90625,False
1773592521.2372613,118,0,0,1,0,7.100840000930475,0.0,0.029963000997668132,4.753990330853292,14.3,650.53125,False
1773592521.4475687,119,0,0,1,0,7.057006001559785,0.0,0.030649000109406188,4.753990330853292,9.5,653.15625,False
1773592521.6579432,120,0,0,1,0,7.076432000758359,0.0,0.03155600279569626,4.753990330853292,4.8,655.78125,False
1773592521.8682153,121,0,0,0,0,7.031080000160728,0.0,0.031945000955602154,4.753918127912613,9.5,658.40625,False
1773592522.078538,122,0,0,0,0,7.063098000799073,0.0,0.03211100192856975,4.753918127912613,9.5,661.03125,False
1773592522.2888749,123,0,0,0,0,7.056820999423508,0.0,0.029963000997668132,4.753918127912613,9.5,663.65625,False
1773592522.499126,124,0,0,0,0,7.054729001538362,0.0,0.02925999797298573,4.753918127912613,9.5,667.59375,False
1773592522.7094913,125,0,0,0,0,7.050729000184219,0.0,0.030963001336203888,4.753918127912613,9.5,668.90625,False
1773592522.9197838,126,0,0,0,0,7.07782100289478,0.0,0.030019000405445695,4.755019730654571,9.5,671.53125,False
1773592523.131998,127,0,0,0,0,8.935702997405315,0.0,0.033741001971066,4.755019730654571,9.4,674.15625,False
1773592523.3450253,128,0,0,0,0,9.410224000021117,0.0,0.035260000004200265,4.755019730654571,14.1,676.78125,False
1773592523.558116,129,0,0,0,0,9.515483998256968,0.0,0.03387100150575861,4.755019730654571,9.4,679.40625,False
1773592523.7712326,130,0,0,0,0,9.44915000218316,0.0,0.034110998967662454,4.755019730654571,14.1,682.03125,False
1773592524.8162453,131,0,0,0,0,9.392798998305807,0.0,0.03488899892545305,4.708055489515851,81.3,667.078125,False
1773592525.027079,132,0,0,0,0,7.012468999164412,0.0,0.029981998522998765,0.9567072313977953,9.5,594.875,False
1773592525.2372475,133,0,0,0,0,7.017673000518698,0.0,0.02911100091296248,0.9567072313977953,14.3,594.875,False
1773592525.4473872,134,0,0,0,0,7.0095060000312515,0.0,0.0301670006592758,0.9567072313977953,4.8,594.875,False
1773592525.6576483,135,0,0,0,0,7.090859002346406,0.0,0.030685001547681168,0.9567072313977953,9.5,594.875,False
1773592525.867911,136,0,0,0,0,7.049636002193438,0.0,0.0317960002576001,0.9567072313977953,4.8,594.875,False
1773592526.078102,137,0,0,0,0,7.05945099980454,0.0,0.021129999367985874,4.757018361848801,9.5,594.875,False
1773592527.014828,138,1,1,0,0,7.105654996848898,726.4108169983956,0.03785299850278534,1.9137750332057424,137.7,613.1875,True
1773592528.0025046,139,1,1,1,1,7.122931998310378,777.2709439996106,0.03603699951781891,1.9137750332057424,137.7,616.640625,True
1773592528.9934385,140,1,1,1,0,7.097431996953674,780.5558899999596,0.035556000511860475,0.9177438179314232,137.2,593.890625,True
1773592529.9302497,141,1,1,1,0,7.0884320011828095,726.3762230031716,0.03322200063848868,1.0954195637312865,136.6,616.03125,True
1773592530.8657684,142,1,1,1,0,7.108637000783347,725.2082170016365,0.03429600110393949,1.0954195637312865,134.7,616.03125,True
1773592531.80131,143,1,1,1,0,7.133988998248242,725.1849759995821,0.036407000152394176,0.9638685786680596,136.8,616.03125,True
1773592532.79113,144,1,1,1,0,7.094618002156494,779.5271989998582,0.03492600080789998,1.0968560380111263,137.4,593.90625,True
1773592533.7795508,145,1,1,1,0,7.170655000663828,778.0238190025557,0.034982000215677544,1.0968560380111263,137.6,593.90625,True
1773592534.8255181,146,1,1,1,0,7.247173998621292,835.5409310024697,0.03351900159032084,0.917112507598319,139.6,597.078125,True
1773592535.8139184,147,1,1,1,0,7.178044001193484,778.0460230023891,0.034814998798538,0.9560591154563997,137.6,596.90625,True
1773592536.803336,148,1,1,1,0,7.175062997703208,778.9715649996651,0.03518499943311326,1.0661782023032,139.5,599.53125,True
1773592537.7918878,149,1,1,1,0,7.212988999526715,778.1753939998453,0.03479700171737932,1.0661782023032,137.6,602.15625,True
1773592538.73061,150,1,1,1,0,7.209637002233649,728.2649020016834,0.035852001019520685,0.9169300590911377,135.3,626.90625,True
1773592539.6117814,151,1,1,1,0,7.210117997601628,670.7861969989608,0.03414899765630253,1.1642484493773222,135.0,629.765625,True
1773592540.6003928,152,1,1,1,0,7.1717479986546095,778.1929679986206,0.03487099820631556,1.1642484493773222,137.6,610.140625,True
1773592541.5374286,153,1,1,1,0,7.19030400068732,726.6674849997798,0.033686003007460386,0.9169312618105916,136.6,634.78125,True
1773592542.470987,154,1,1,1,0,7.079339000483742,723.1595000012021,0.03377800021553412,1.1308309468256796,136.0,639.421875,True
1773592543.516727,155,1,1,1,0,7.149155000661267,835.3588560021308,0.054074000217951834,0.9562535452229091,139.6,621.328125,True
1773592543.7270267,156,0,0,1,0,7.081209998432314,0.0,0.02985199898830615,0.9562535452229091,9.5,623.03125,False
1773592543.9373732,157,0,0,1,0,7.113265997759299,0.0,0.029981001716805622,0.9562535452229091,9.5,625.671875,False
1773592544.1476827,158,0,0,1,0,7.063061999360798,0.0,0.02986999970744364,0.9562535452229091,9.5,628.296875,False
1773592544.3579655,159,0,0,1,0,7.086321998940548,0.0,0.02935200245701708,0.9562535452229091,9.5,630.921875,False
1773592544.568289,160,0,0,1,0,7.082228999934159,0.0,0.030241000786190853,4.755027277639229,4.8,633.546875,False
1773592544.7787867,161,0,0,1,0,7.058320999931311,0.0,0.030221999622881413,4.755027277639229,9.5,636.171875,False
1773592544.9890795,162,0,0,1,0,7.04167299772962,0.0,0.029222999728517607,4.755027277639229,9.5,638.796875,False
1773592545.1994784,163,0,0,1,0,7.086524998157984,0.0,0.03183299850206822,4.755027277639229,9.5,641.421875,False
1773592545.4097993,164,0,0,1,0,7.097950998286251,0.0,0.03098199886153452,4.755027277639229,9.5,645.359375,False
1773592545.6201887,165,0,0,1,0,7.049636002193438,0.0,0.03137000021524727,4.753310416950931,4.8,646.671875,False
1773592545.8306444,166,0,0,1,0,7.069450999551918,0.0,0.031425999623024836,4.753310416950931,9.5,649.296875,False
1773592546.0410292,167,0,0,1,0,7.09545100107789,0.0,0.030851999326841906,4.753310416950931,9.5,651.921875,False
1773592546.2514133,168,0,0,1,0,7.05504300276516,0.0,0.03183399894624017,4.753310416950931,14.3,654.546875,False
1773592546.4618223,169,0,0,1,0,7.071543001075042,0.0,0.030630002584075555,4.753310416950931,4.8,657.171875,False
1773592546.672249,170,0,0,1,0,7.026191000477411,0.0,0.03150100019411184,4.752596231965182,9.5,659.796875,False
1773592546.8826585,171,0,0,0,0,7.065877001878107,0.0,0.03168599869241007,4.752596231965182,4.8,662.421875,False
1773592547.0930023,172,0,0,0,0,7.076636000419967,0.0,0.03038899740204215,4.752596231965182,9.5,665.046875,False
1773592547.303366,173,0,0,0,0,7.049099000141723,0.0,0.029555001674452797,4.752596231965182,19.0,667.671875,False
1773592547.5136614,174,0,0,0,0,7.077098998706788,0.0,0.03014799949596636,4.752596231965182,4.8,670.296875,False
1773592547.7239637,175,0,0,0,0,6.993634997343179,0.0,0.029963000997668132,4.754144442973444,9.5,672.921875,False
1773592547.9343622,176,0,0,0,0,7.042784000077518,0.0,0.029519000236177817,4.754144442973444,9.5,675.546875,False
1773592548.1446826,177,0,0,0,0,7.082506999722682,0.0,0.029888997232774273,4.754144442973444,4.8,678.171875,False
1773592548.3550231,178,0,0,0,0,7.079970000631874,0.0,0.03198199920007028,4.754144442973444,14.3,680.796875,False
1773592548.5653696,179,0,0,0,0,7.1038399983081035,0.0,0.03046300116693601,4.754144442973444,9.5,683.421875,False
1773592548.7757192,180,0,0,0,0,7.031838998955209,0.0,0.029167000320740044,4.7539407584490805,9.5,686.0625,False
1773592549.8521383,181,0,0,0,0,7.109728998329956,0.0,0.03012999877682887,0.9289884748660827,80.8,642.875,False
1773592550.0624397,182,0,0,0,0,7.074357999954373,0.0,0.02959300036309287,0.9289884748660827,9.5,642.875,False
1773592550.2728324,183,0,0,0,0,7.09391399868764,0.0,0.029778002499369904,0.9289884748660827,9.5,642.875,False
1773592550.483038,184,0,0,0,0,7.0322280007530935,0.0,0.03096299769822508,0.9289884748660827,14.3,595.609375,False
1773592550.6932845,185,0,0,0,0,7.020932000159519,0.0,0.029906997951911762,0.9289884748660827,4.8,595.609375,False
1773592550.903507,186,0,0,0,0,7.0302839994838,0.0,0.033296997571596876,4.755833864933676,9.5,595.609375,False
1773592551.113788,187,0,0,0,0,7.034969999949681,0.0,0.021907999325776473,4.755833864933676,4.8,595.609375,False
1773592551.324093,188,0,0,0,0,7.041877001029206,0.0,0.022352000087266788,4.755833864933676,14.3,595.609375,False
1773592551.534449,189,0,0,0,0,7.075728000927484,0.0,0.02237099761259742,4.755833864933676,9.5,595.609375,False
1773592551.744777,190,0,0,0,0,7.054080000671092,0.0,0.022074000298744068,4.755833864933676,4.8,595.609375,False
1773592551.9551105,191,0,0,0,0,7.076062000123784,0.0,0.02377800046815537,4.754665049396642,9.5,595.609375,False
1773592552.1653595,192,0,0,0,0,7.055117999698268,0.0,0.020925999706378207,4.754665049396642,9.5,595.609375,False
1773592552.3755724,193,0,0,0,0,7.044357997074258,0.0,0.02113000300596468,4.754665049396642,9.5,595.609375,False
1773592552.5858352,194,0,0,0,0,7.082580999849597,0.0,0.02074100120807998,4.754665049396642,9.5,595.609375,False
1773592552.7961283,195,0,0,0,0,7.032135999907041,0.0,0.023073996999301016,4.754665049396642,9.5,595.609375,False
1773592553.0064821,196,0,0,0,0,7.075061999785248,0.0,0.021480998839251697,4.755659153027924,4.8,595.609375,False
1773592553.2166772,197,0,0,0,0,7.004505998338573,0.0,0.02105600287904963,4.755659153027924,9.5,595.609375,False
1773592553.42806,198,0,0,0,0,8.142697999574011,0.0,0.020945000869687647,4.755659153027924,9.5,595.609375,False
1773592553.6383774,199,0,0,0,0,7.079877002979629,0.0,0.020573999790940434,4.755659153027924,9.5,595.609375,False
1773592554.5455751,200,1,1,0,0,7.098784997651819,696.939838999242,0.03183299850206822,2.5988837196909884,135.6,612.671875,True
1773592555.4267323,201,1,1,1,1,7.0949510009086225,670.6598810014839,0.035278000723337755,2.5988837196909884,132.8,612.59375,True
1773592556.280025,202,1,2,1,0,7.184821999544511,642.7440980005485,0.038648002373520285,1.1531035385258912,133.6,598.09375,True
1773592557.2146206,203,1,1,1,0,7.172599998739315,724.080560998118,0.03576000017346814,1.1531035385258912,137.0,616.53125,True
1773592558.097939,204,1,1,1,0,7.242730000143638,672.8461170023365,0.03579700205591507,0.9647267725627119,133.6,613.59375,True
1773592558.9385595,205,1,1,1,0,7.137339998735115,630.1821500019287,0.03579700205591507,1.2330735511517186,133.2,597.984375,True
1773592559.7780128,206,1,1,1,0,7.170081000367645,629.1170519980369,0.035297001886647195,1.2330735511517186,133.4,600.484375,True
1773592560.6172066,207,1,1,1,0,7.163377998949727,628.8516239983437,0.03540699981385842,1.191433661782351,133.5,603.609375,True
1773592561.4552343,208,1,1,1,0,7.110692000424024,627.6241910018143,0.03620300049078651,1.191433661782351,133.6,605.828125,True
1773592562.295145,209,1,1,1,0,7.156544001190923,629.5317769981921,0.040221999370260164,1.1919428909198382,133.3,608.984375,True
1773592563.177086,210,1,1,1,0,7.229544000438182,671.4500519992725,0.03287000072305091,1.1919428909198382,133.8,624.0,True
1773592564.1154623,211,1,1,1,0,7.1948589975363575,727.9995110002346,0.034445001801941544,1.098706834055819,136.4,626.6875,True
1773592565.1074367,212,1,1,1,0,7.237099998746999,781.4695619999839,0.03477800055406988,1.098706834055819,139.1,624.09375,True
1773592566.0973208,213,1,1,1,0,7.196451999334386,779.485161001503,0.0345920016115997,0.9141173380931987,138.4,619.03125,True
1773592566.980241,214,1,1,1,0,7.138192002457799,672.5073189991235,0.0338890022248961,1.129417897822016,133.6,607.578125,True
1773592567.969397,215,1,1,1,0,7.150710000132676,778.8047680005548,0.03327800004626624,1.129417897822016,137.5,624.921875,True
1773592568.1797788,216,0,0,1,0,7.105690998287173,0.0,0.031075000151759014,0.9164243947864169,9.5,627.546875,False
1773592568.3902183,217,0,0,1,0,7.078729002387263,0.0,0.029815000743838027,0.9164243947864169,4.8,630.1875,False
1773592568.6006336,218,0,0,1,0,7.061653999699047,0.0,0.03298199953860603,0.9164243947864169,19.0,631.5,False
1773592568.8109126,219,0,0,1,0,7.056023998302408,0.0,0.0293890007014852,0.9164243947864169,4.8,635.4375,False
1773592569.0212934,220,0,0,1,0,7.1097479994932655,0.0,0.031371000659419224,0.9164243947864169,9.5,638.0625,False
1773592569.2316468,221,0,0,1,0,7.08891400063294,0.0,0.030686001991853118,4.7536605860337735,9.5,640.6875,False
1773592569.4419541,222,0,0,1,0,7.06037700001616,0.0,0.031592997402185574,4.7536605860337735,9.5,643.3125,False
1773592569.6522229,223,0,0,1,0,6.985969001107151,0.0,0.03374099833308719,4.7536605860337735,9.5,645.9375,False
1773592569.862574,224,0,0,1,0,7.082006999553414,0.0,0.030221999622881413,4.7536605860337735,9.5,648.5625,False
1773592570.0728462,225,0,0,1,0,7.0543390029342845,0.0,0.031406998459715396,4.7536605860337735,9.5,651.1875,False
1773592570.2831268,226,0,0,1,0,7.029560998489615,0.0,0.030629998946096748,4.754752367228006,4.8,653.8125,False
1773592570.4934657,227,0,0,1,0,7.073118002153933,0.0,0.030851999326841906,4.754752367228006,9.5,656.4375,False
1773592570.70381,228,0,0,1,0,6.981116999668302,0.0,0.030389001040020958,4.754752367228006,14.3,657.75,False
1773592570.9140325,229,0,0,1,0,7.06504299887456,0.0,0.03196299803676084,4.754752367228006,9.5,661.6875,False
1773592571.1242888,230,0,0,1,0,7.048802999634063,0.0,0.031186002161120996,4.754752367228006,4.8,664.3125,False
1773592571.3345916,231,0,0,0,0,7.061487998726079,0.0,0.030556002457160503,4.755427302110785,9.5,666.9375,False
1773592571.544873,232,0,0,0,0,7.1130620017356705,0.0,0.029537000955315307,4.755427302110785,9.5,669.5625,False
1773592571.755078,233,0,0,0,0,6.9903580006212,0.0,0.029314996936591342,4.755427302110785,14.3,672.1875,False
1773592571.9653122,234,0,0,0,0,7.07721000071615,0.0,0.028555998142110184,4.755427302110785,4.8,674.8125,False
1773592572.1755145,235,0,0,0,0,7.0425240010081325,0.0,0.029499999072868377,4.755427302110785,9.5,677.4375,False
1773592572.385767,236,0,0,0,0,7.066266000038013,0.0,0.02953799776150845,4.7566083599101185,4.8,680.0625,False
1773592572.5960643,237,0,0,0,0,7.039228999929037,0.0,0.03012999877682887,4.7566083599101185,9.5,682.6875,False
1773592572.8064206,238,0,0,0,0,7.036006001726491,0.0,0.029982002160977572,4.7566083599101185,14.3,684.03125,False
1773592573.0166068,239,0,0,0,0,7.028931999229826,0.0,0.029759001336060464,4.7566083599101185,9.5,687.96875,False
1773592573.2268844,240,0,0,0,0,7.055580997985089,0.0,0.031075000151759014,4.7566083599101185,9.5,690.59375,False
1773592574.2415695,241,0,0,0,0,7.087562000378966,0.0,0.029296003049239516,4.755717388903541,80.8,623.78125,False
1773592574.45503,242,0,0,0,0,9.462188001634786,0.0,0.036408000596566126,0.9849127191999913,9.4,602.5625,False
1773592574.6681452,243,0,0,0,0,9.501854998234194,0.0,0.03918499714927748,0.9849127191999913,18.8,602.5625,False
1773592574.8813062,244,0,0,0,0,9.480114000325557,0.0,0.03681499947560951,0.9849127191999913,9.4,602.5625,False
1773592575.0942848,245,0,0,0,0,9.501854001428,0.0,0.03570399712771177,0.9849127191999913,9.4,602.5625,False
1773592575.307198,246,0,0,0,0,9.446502997889183,0.0,0.03572299829102121,0.9849127191999913,9.4,602.5625,False
1773592575.5201738,247,0,0,0,0,9.501040000031935,0.0,0.025871002435451373,4.693926472520362,9.4,602.5625,False
1773592575.7331293,248,0,0,0,0,9.452021000470268,0.0,0.025536999601172283,4.693926472520362,18.8,602.5625,False
1773592575.9460998,249,0,0,0,0,9.517558002698934,0.0,0.024462999135721475,4.693926472520362,9.4,602.5625,False
1773592576.15899,250,0,0,0,0,9.422946997801773,0.0,0.026685000193538144,4.693926472520362,9.4,602.5625,False
1773592576.3719275,251,0,0,0,0,9.461558001930825,0.0,0.026851997972698882,4.693926472520362,9.4,602.5625,False
1773592576.5849872,252,0,0,0,0,9.57613300124649,0.0,0.024612003471702337,4.695965546605927,9.4,602.5625,False
1773592576.798045,253,0,0,0,0,9.487503000855213,0.0,0.0263700021605473,4.695965546605927,18.8,602.5625,False
1773592577.0109193,254,0,0,0,0,9.404334999999264,0.0,0.025648001610534266,4.695965546605927,9.4,602.5625,False
1773592577.2238157,255,0,0,0,0,9.418371999345254,0.0,0.025870001991279423,4.695965546605927,9.4,602.5625,False
1773592577.4368083,256,0,0,0,0,9.438207001949195,0.0,0.05549999696086161,4.695965546605927,9.4,602.5625,False
1773592577.6499448,257,0,0,0,0,9.644059999118326,0.0,0.025795998226385564,4.695335767178377,9.4,602.5625,False
1773592577.8628826,258,0,0,0,0,9.397891000844538,0.0,0.025112000002991408,4.695335767178377,18.8,602.5625,False
1773592578.075832,259,0,0,0,0,9.46068700068281,0.0,0.02592599776107818,4.695335767178377,9.4,602.5625,False
1773592578.2888072,260,0,0,0,0,9.390799001266714,0.0,0.061018999986117706,4.695335767178377,9.4,602.5625,False
1773592578.501743,261,0,0,0,0,9.453132002818165,0.0,0.024406999727943912,4.695335767178377,14.1,602.5625,False
1773592578.7146423,262,0,0,0,0,9.407298999576597,0.0,0.025297002139268443,4.695215928456991,9.4,602.5625,False
1773592578.9276476,263,0,0,0,0,9.445003001019359,0.0,0.02577700070105493,4.695215928456991,18.8,602.5625,False
1773592579.1406002,264,0,0,0,0,9.44370599972899,0.0,0.02609300281619653,4.695215928456991,9.4,602.5625,False
1773592579.3536086,265,0,0,0,0,9.43218800239265,0.0,0.02548200063756667,4.695215928456991,9.4,602.5625,False
1773592579.566697,266,0,0,0,0,9.545207001792733,0.0,0.0259810003626626,4.695215928456991,9.4,602.5625,False
1773592579.7797706,267,0,0,0,0,9.451058002014179,0.0,0.026388999685877934,4.6949153073592225,9.4,602.5625,False
1773592579.9927413,268,0,0,0,0,9.444187999179121,0.0,0.024852000933606178,4.6949153073592225,18.8,602.5625,False
1773592580.2057772,269,0,0,0,0,9.550429000228178,0.0,0.024388999008806422,4.6949153073592225,9.4,602.5625,False
1773592580.4187515,270,0,0,0,0,9.466686999076046,0.0,0.024092998501146212,4.6949153073592225,9.4,602.5625,False
1773592580.6318343,271,0,0,0,0,9.424650001164991,0.0,0.024778000806691125,4.6949153073592225,9.4,602.5625,False
1773592580.8448117,272,0,0,0,0,9.499095001956448,0.0,0.025352001102874056,4.694266895729691,14.1,602.5625,False
1773592581.0579216,273,0,0,0,0,9.568966997903772,0.0,0.024518001737305894,4.694266895729691,14.1,602.5625,False
1773592581.2711434,274,0,0,0,0,9.561503000441007,0.0,0.02624099943204783,4.694266895729691,14.1,602.5625,False
1773592581.4842312,275,0,0,0,0,9.582632999808993,0.0,0.02551800207584165,4.694266895729691,9.4,602.5625,False
1773592581.6974823,276,0,0,0,0,9.541188002913259,0.0,0.025407000066479668,4.694266895729691,9.4,602.5625,False
1773592581.9106498,277,0,0,0,0,9.591706999344751,0.0,0.025203997211065143,4.691713874967393,9.4,602.5625,False
1773592583.1082907,278,1,1,0,0,9.203352998156333,984.9634239981242,0.03124100112472661,1.5283751951096995,143.6,616.375,True
1773592583.3186777,279,0,0,0,0,7.093210002494743,0.0,0.03129600008833222,1.5283751951096995,9.5,616.375,False
1773592583.5300643,280,0,0,0,0,8.124937998218229,0.0,0.03237099735997617,1.5283751951096995,9.5,616.375,False
1773592583.7403357,281,0,0,0,0,7.052561999444151,0.0,0.03101900074398145,1.5283751951096995,4.8,616.375,False
1773592583.9506462,282,0,0,0,0,7.062061999022262,0.0,0.03046400161110796,1.5283751951096995,4.8,616.375,False
1773592584.1608703,283,0,0,0,0,7.041580000077374,0.0,0.030315000913105905,4.750391476825229,14.3,616.375,False
1773592584.3710887,284,0,0,0,0,7.03974600037327,0.0,0.03155500235152431,4.750391476825229,9.5,616.375,False
1773592584.5813382,285,0,0,0,0,7.089340000675293,0.0,0.034166998375440016,4.750391476825229,4.8,616.375,False
1773592584.7915187,286,0,0,0,0,7.020005999947898,0.0,0.021464002202264965,4.750391476825229,9.5,616.375,False
1773592585.0017781,287,0,0,0,0,7.088246999046532,0.0,0.021333999029593542,4.750391476825229,9.5,616.375,False
1773592585.211991,288,0,0,0,0,7.011710000369931,0.0,0.022018000890966505,4.7568705372129525,9.5,616.390625,False
1773592585.4222364,289,0,0,0,0,7.062747001327807,0.0,0.022037998860469088,4.7568705372129525,9.5,616.390625,False
1773592585.6324537,290,0,0,0,0,7.053321001876611,0.0,0.02212999970652163,4.7568705372129525,9.5,616.390625,False
1773592585.8427305,291,0,0,0,0,7.023599002422998,0.0,0.02153699824702926,4.7568705372129525,4.8,616.390625,False
1773592586.0529313,292,0,0,0,0,7.056894999550423,0.0,0.021611998818116263,4.7568705372129525,9.5,616.390625,False
1773592586.2632642,293,0,0,0,0,7.07174700073665,0.0,0.021629999537253752,4.756140180983304,19.0,616.40625,False
1773592586.473532,294,0,0,0,0,7.058562001475366,0.0,0.021480998839251697,4.756140180983304,4.8,616.40625,False
1773592586.6837125,295,0,0,0,0,7.022486999630928,0.0,0.022075000742916018,4.756140180983304,9.5,616.40625,False
1773592586.8940141,296,0,0,0,0,7.054081001115264,0.0,0.022554999304702505,4.756140180983304,9.5,616.40625,False
1773592587.1042457,297,0,0,0,0,7.055283997033257,0.0,0.022370000806404278,4.756140180983304,4.8,616.40625,False
1773592587.3160002,298,0,0,0,0,8.503070999722695,0.0,0.023370001144940034,4.749659881509444,14.2,616.40625,False
1773592587.529029,299,0,0,0,0,9.559614998579491,0.0,0.02544499875511974,4.749659881509444,9.4,616.40625,False
1773592587.7420409,300,0,0,0,0,9.503670000412967,0.0,0.023722001060377806,4.749659881509444,9.4,616.40625,False
1773592587.9549906,301,0,0,0,0,9.46028099860996,0.0,0.025926001399056986,4.749659881509444,9.4,616.40625,False
1773592588.1678991,302,0,0,0,0,9.447761996852932,0.0,0.02546299947425723,4.749659881509444,9.4,616.40625,False
1773592588.3808637,303,0,0,0,0,9.474317001149757,0.0,0.024462999135721475,4.695488202461404,18.8,616.40625,False
1773592588.5938668,304,0,0,0,0,9.554354997817427,0.0,0.02516599852242507,4.695488202461404,9.4,616.40625,False
1773592588.806834,305,0,0,0,0,9.440039000764955,0.0,0.025813998945523053,4.695488202461404,9.4,616.40625,False
1773592589.01969,306,0,0,0,0,9.406798999407329,0.0,0.028056001610821113,4.695488202461404,9.4,616.40625,False
1773592589.2326608,307,0,0,0,0,9.490668999205809,0.0,0.025074001314351335,4.695488202461404,9.4,616.40625,False
1773592589.4456391,308,0,0,0,0,9.45448399943416,0.0,0.025073997676372528,4.695822543464558,18.8,616.40625,False
1773592589.6585517,309,0,0,0,0,9.442761998798233,0.0,0.02661100006662309,4.695822543464558,9.4,616.40625,False
1773592589.8715017,310,0,0,0,0,9.49285499882535,0.0,0.025591998564777896,4.695822543464558,9.4,616.40625,False
1773592590.0844367,311,0,0,0,0,9.46089200078859,0.0,0.025314999220427126,4.695822543464558,9.4,616.40625,False
1773592590.2974064,312,0,0,0,0,9.491946999332868,0.0,0.02575899998191744,4.695822543464558,9.4,616.40625,False
1773592590.510457,313,0,0,0,0,9.570022000843892,0.0,0.02626000059535727,4.695656418398563,18.8,616.40625,False
1773592590.7234716,314,0,0,0,0,9.536150999338133,0.0,0.026185000024270266,4.695656418398563,14.1,616.40625,False
1773592590.9366105,315,0,0,0,0,9.539373000734486,0.0,0.026351997803431004,4.695656418398563,9.4,616.40625,False
1773592591.1496887,316,0,0,0,0,9.582391998264939,0.0,0.025795998226385564,4.695656418398563,9.4,616.40625,False
1773592591.3627985,317,0,0,0,0,9.54787299997406,0.0,0.025295998057117686,4.695656418398563,9.4,616.40625,False
1773592591.5759456,318,0,0,0,0,9.604132999811554,0.0,0.025592999008949846,4.692730129619163,18.8,616.40625,False
1773592591.7890086,319,0,0,0,0,9.58920700213639,0.0,0.025593002646928653,4.692730129619163,9.4,616.40625,False
1773592592.0021765,320,0,0,0,0,9.615558999939822,0.0,0.025315002858405933,4.692730129619163,9.4,616.40625,False
1773592592.2152286,321,0,0,0,0,9.534613996947883,0.0,0.02568499985500239,4.692730129619163,9.4,616.421875,False
1773592592.428361,322,0,0,0,0,9.6043550001923,0.0,0.02548200063756667,4.692730129619163,9.4,616.421875,False
1773592592.6410084,323,0,0,0,0,9.131907998380484,0.0,0.0256669991358649,4.694545365004108,18.8,616.421875,False
1773592592.8540466,324,0,0,0,0,9.589984998456202,0.0,0.02522200156818144,4.694545365004108,9.4,616.421875,False
1773592594.0298896,325,1,1,0,0,9.600540997780627,962.8384909992747,0.03177799953846261,1.4399293613754758,143.7,615.59375,True
1773592594.2401006,326,0,0,0,0,7.064654000714654,0.0,0.030000002880115062,1.4399293613754758,4.8,615.59375,False
1773592594.4503918,327,0,0,0,0,7.121746999473544,0.0,0.03103700146311894,1.4399293613754758,9.5,615.59375,False
1773592594.6606472,328,0,0,0,0,7.062543001666199,0.0,0.030536997655872256,1.4399293613754758,9.5,615.59375,False
1773592594.8708413,329,0,0,0,0,7.042099001409952,0.0,0.028906997613376006,1.4399293613754758,9.5,615.59375,False
1773592595.081034,330,0,0,0,0,7.029301999864401,0.0,0.02957399919978343,4.756861905401335,9.5,615.59375,False
1773592595.2912514,331,0,0,0,0,7.05785800164449,0.0,0.03174099765601568,4.756861905401335,4.8,615.59375,False
1773592595.5015035,332,0,0,0,0,7.0458400005009025,0.0,0.03281499812146649,4.756861905401335,9.5,615.59375,False
1773592595.7116678,333,0,0,0,0,7.023894999292679,0.0,0.020833998860325664,4.756861905401335,14.3,615.59375,False
1773592595.9219508,334,0,0,0,0,7.056857997667976,0.0,0.021685002138838172,4.756861905401335,4.8,615.59375,False
1773592596.1321132,335,0,0,0,0,7.018042997515295,0.0,0.0210190009966027,4.7570636821903864,9.5,615.59375,False
1773592596.3425102,336,0,0,0,0,7.045914000627818,0.0,0.022000000171829015,4.7570636821903864,9.5,615.59375,False
1773592596.5528429,337,0,0,0,0,7.066414000291843,0.0,0.020555999071802944,4.7570636821903864,4.8,615.59375,False
1773592596.7630622,338,0,0,0,0,7.076542999129742,0.0,0.022055999579606578,4.7570636821903864,14.3,615.59375,False
1773592596.9733512,339,0,0,0,0,7.067672999255592,0.0,0.021036998077761382,4.7570636821903864,9.5,615.59375,False
1773592597.1835942,340,0,0,0,0,7.026413997664349,0.0,0.021759002265753224,4.755205177786888,4.8,615.59375,False
1773592597.393819,341,0,0,0,0,7.062876997224521,0.0,0.022870000975672156,4.755205177786888,9.5,615.59375,False
1773592597.604034,342,0,0,0,0,7.022080000751885,0.0,0.02212999970652163,4.755205177786888,4.8,615.59375,False
1773592597.814332,343,0,0,0,0,7.121172999177361,0.0,0.022389001969713718,4.755205177786888,14.3,615.59375,False
1773592598.0245235,344,0,0,0,0,7.013968999672215,0.0,0.02157400012947619,4.755205177786888,9.5,615.59375,False
1773592598.2362695,345,0,0,0,0,8.534164000593591,0.0,0.02492600106052123,4.74993097584415,4.7,615.59375,False
1773592598.4491906,346,0,0,0,0,9.451280999201117,0.0,0.024296001356560737,4.74993097584415,9.4,615.59375,False
1773592598.6620197,347,0,0,0,0,9.394816999702016,0.0,0.023926000721985474,4.74993097584415,14.1,615.59375,False
1773592598.8749545,348,0,0,0,0,9.373483000672422,0.0,0.025426001229789108,4.74993097584415,14.1,615.59375,False
1773592599.0879529,349,0,0,0,0,9.42998400205397,0.0,0.02516699896659702,4.74993097584415,9.4,615.59375,False
1773592599.3009396,350,0,0,0,0,9.407631998328725,0.0,0.024981996830319986,4.696339919601442,14.1,615.59375,False
1773592599.5139554,351,0,0,0,0,9.507965998636791,0.0,0.024111999664455652,4.696339919601442,9.4,615.59375,False
1773592599.726856,352,0,0,0,0,9.446650998143014,0.0,0.025814999389695004,4.696339919601442,9.4,615.59375,False
1773592599.939832,353,0,0,0,0,9.446668998862151,0.0,0.025463003112236038,4.696339919601442,18.8,615.59375,False
1773592600.1527576,354,0,0,0,0,9.439928002393572,0.0,0.024999997549457476,4.696339919601442,9.4,615.59375,False
1773592600.3656795,355,0,0,0,0,9.477373001573142,0.0,0.024427001335425302,4.695994989510351,9.4,615.59375,False
1773592600.578522,356,0,0,0,0,9.394390999659663,0.0,0.02522300201235339,4.695994989510351,9.4,615.59375,False
1773592600.791371,357,0,0,0,0,9.337095001683338,0.0,0.024962999304989353,4.695994989510351,14.1,615.59375,False
1773592601.0043485,358,0,0,0,0,9.418891000677831,0.0,0.024370998289668933,4.695994989510351,14.1,615.59375,False
1773592601.2172787,359,0,0,0,0,9.46431800184655,0.0,0.024128999939421192,4.695994989510351,14.1,615.59375,False
1773592601.4302769,360,0,0,0,0,9.43029799964279,0.0,0.025258999812649563,4.696629153091399,9.4,615.59375,False
1773592601.6432414,361,0,0,0,0,9.459836001042277,0.0,0.02624099943204783,4.696629153091399,9.4,615.59375,False
1773592601.8563166,362,0,0,0,0,9.518724997178651,0.0,0.02518499968573451,4.696629153091399,9.4,615.59375,False
1773592602.0693848,363,0,0,0,0,9.508133000053931,0.0,0.024722001398913562,4.696629153091399,18.8,615.59375,False
1773592602.2823677,364,0,0,0,0,9.46822499827249,0.0,0.02550000135670416,4.696629153091399,9.4,615.59375,False
1773592602.4953392,365,0,0,0,0,9.506465998128988,0.0,0.02416600182186812,4.6945863500636085,9.4,615.59375,False
1773592602.7083313,366,0,0,0,0,9.471706001932034,0.0,0.024778000806691125,4.6945863500636085,9.4,615.59375,False
1773592602.9213655,367,0,0,0,0,9.53604000096675,0.0,0.024110999220283702,4.6945863500636085,9.4,615.59375,False
1773592603.1343267,368,0,0,0,0,9.473205998801859,0.0,0.024704000679776073,4.6945863500636085,18.8,615.59375,False
1773592603.3472779,369,0,0,0,0,9.493687997746747,0.0,0.023833999875932932,4.6945863500636085,9.4,615.59375,False
1773592603.5602531,370,0,0,0,0,9.511484000540804,0.0,0.02518600012990646,4.695231696360306,9.4,615.59375,False
1773592603.7732892,371,0,0,0,0,9.56241099993349,0.0,0.024796001525828615,4.695231696360306,9.4,615.59375,False
1773592603.9862337,372,0,0,0,0,9.492835997662041,0.0,0.024723001843085513,4.695231696360306,14.1,615.59375,False
1773592604.1992807,373,0,0,0,0,9.549854999931995,0.0,0.025001001631608233,4.695231696360306,14.1,615.59375,False
1773592604.4122653,374,0,0,0,0,9.515224999631755,0.0,0.024925997422542423,4.695231696360306,9.4,615.59375,False
1773592604.6252897,375,0,0,0,0,9.529094997560605,0.0,0.025258999812649563,4.694655711025373,14.1,615.609375,False
1773592604.8382955,376,0,0,0,0,9.466984000027878,0.0,0.024740998924244195,4.694655711025373,4.7,615.609375,False
1773592605.0514424,377,0,0,0,0,9.429761001229053,0.0,0.025741002900758758,4.694655711025373,9.4,615.609375,False
1773592605.263945,378,0,0,0,0,9.022870999615407,0.0,0.0248889991780743,4.694655711025373,18.8,615.609375,False
1773592605.476983,379,0,0,0,0,9.51529899975867,0.0,0.025426001229789108,4.694655711025373,9.4,615.609375,False
1773592605.6899698,380,0,0,0,0,9.518781000224408,0.0,0.025314002414233983,4.69624421745461,9.4,615.609375,False
1773592605.902923,381,0,0,0,0,9.474835998844355,0.0,0.02570400101831183,4.69624421745461,9.4,615.609375,False
1773592606.1159053,382,0,0,0,0,9.49954000316211,0.0,0.025112000002991408,4.69624421745461,14.1,615.609375,False
1773592606.3289328,383,0,0,0,0,9.525670000584796,0.0,0.02570399738033302,4.69624421745461,14.1,615.609375,False
1773592606.5418937,384,0,0,0,0,9.490021999226883,0.0,0.025352001102874056,4.69624421745461,14.1,615.609375,False
1773592606.7547956,385,0,0,0,0,9.446464999200543,0.0,0.025240999093512073,4.695636442125382,9.4,615.609375,False
1773592606.9677932,386,0,0,0,0,9.444577000977006,0.0,0.0260560009337496,4.695636442125382,9.4,615.609375,False
1773592607.1808653,387,0,0,0,0,9.505743997578975,0.0,0.025000001187436283,4.695636442125382,9.4,615.609375,False
1773592607.39378,388,0,0,0,0,9.434575997147476,0.0,0.025278000975959003,4.695636442125382,18.8,615.609375,False
1773592607.6068215,389,0,0,0,0,9.468280000874074,0.0,0.025334000383736566,4.695636442125382,9.4,615.609375,False
1773592607.819762,390,0,0,0,0,9.45979899915983,0.0,0.025222998374374583,4.694998342205872,9.4,615.609375,False
1773592608.0328085,391,0,0,0,0,9.457316999032628,0.0,0.055166998208733276,4.694998342205872,9.4,615.609375,False
1773592608.2457714,392,0,0,0,0,9.494575999269728,0.0,0.02433299960102886,4.694998342205872,9.4,615.625,False
1773592608.4582367,393,0,0,0,0,8.990852002170868,0.0,0.024832999770296738,4.694998342205872,18.8,615.625,False
1773592608.6711688,394,0,0,0,0,9.4482619970222,0.0,0.025481996999587864,4.694998342205872,9.4,615.625,False
1773592608.884107,395,0,0,0,0,9.460946999752196,0.0,0.026110999897355214,4.69775592569885,9.4,615.625,False
1773592609.097045,396,0,0,0,0,9.441353999136481,0.0,0.024445002054562792,4.69775592569885,9.4,615.625,False
1773592609.3100462,397,0,0,0,0,9.485632999712834,0.0,0.02570399738033302,4.69775592569885,9.4,615.625,False
1773592609.5230021,398,0,0,0,0,9.486392002145294,0.0,0.025036999431904405,4.69775592569885,18.8,615.625,False
1773592609.7360146,399,0,0,0,0,9.456113999476656,0.0,0.025630000891396776,4.69775592569885,9.4,615.625,False
1773592609.949003,400,0,0,0,0,9.460835997742834,0.0,0.025314999220427126,4.695244310759211,9.4,615.625,False
1773592610.1620889,401,0,0,0,0,9.536003002722282,0.0,0.025130000722128898,4.695244310759211,14.1,615.625,False
1773592610.3750858,402,0,0,0,0,9.456225001486018,0.0,0.025833996915025637,4.695244310759211,9.4,615.625,False
1773592610.5881495,403,0,0,0,0,9.495853999396786,0.0,0.025908000679919496,4.695244310759211,18.8,615.625,False
1773592610.8010864,404,0,0,0,0,9.460909997869749,0.0,0.024296001356560737,4.695244310759211,9.4,615.625,False
1773592611.014101,405,0,0,0,0,9.47802100199624,0.0,0.024278000637423247,4.6944392275353115,9.4,615.640625,False
1773592611.2269928,406,0,0,0,0,9.40848399841343,0.0,0.024501001462340355,4.6944392275353115,9.4,615.640625,False
1773592611.4399393,407,0,0,0,0,9.44637300199247,0.0,0.025536999601172283,4.6944392275353115,9.4,615.640625,False
1773592611.6530526,408,0,0,0,0,9.528132999548689,0.0,0.025518998882034793,4.6944392275353115,18.8,615.640625,False
1773592611.8660212,409,0,0,0,0,9.448187000089092,0.0,0.025370001822011545,4.6944392275353115,9.4,615.640625,False
1773592612.078918,410,0,0,0,0,9.43498400010867,0.0,0.02625900015118532,4.695644853167058,9.4,615.640625,False
1773592612.2918396,411,0,0,0,0,9.404038999491604,0.0,0.02637100260471925,4.695644853167058,9.4,615.640625,False
1773592612.504918,412,0,0,0,0,9.520577001239872,0.0,0.02596299964352511,4.695644853167058,9.4,615.640625,False
1773592612.7179544,413,0,0,0,0,9.492539997154381,0.0,0.025148001441266388,4.695644853167058,18.8,615.640625,False
1773592612.9309273,414,0,0,0,0,9.433854000235442,0.0,0.02546299947425723,4.695644853167058,9.4,615.640625,False
1773592613.143899,415,0,0,0,0,9.460466000746237,0.0,0.024815002689138055,4.694933175369349,9.4,615.640625,False
1773592613.357057,416,0,0,0,0,9.54181799897924,0.0,0.025240999093512073,4.694933175369349,9.4,615.640625,False
1773592613.5700064,417,0,0,0,0,9.502798999164952,0.0,0.024536999262636527,4.694933175369349,9.4,615.640625,False
1773592613.7828047,418,0,0,0,0,9.332686997368,0.0,0.025592999008949846,4.694933175369349,18.8,615.640625,False
1773592613.9956515,419,0,0,0,0,9.400316997925984,0.0,0.025556000764481723,4.694933175369349,9.4,615.640625,False
1773592614.2087898,420,0,0,0,0,9.453687998757232,0.0,0.0556110026082024,4.695310537465504,9.4,615.640625,False
1773592614.421674,421,0,0,0,0,9.450817997276317,0.0,0.024166998628061265,4.695310537465504,9.4,615.640625,False
1773592614.6346786,422,0,0,0,0,9.479336000367766,0.0,0.024593002308392897,4.695310537465504,9.4,615.640625,False
1773592614.8476827,423,0,0,0,0,9.432965998712461,0.0,0.025536999601172283,4.695310537465504,18.8,615.640625,False
1773592615.0606384,424,0,0,0,0,9.434816998691531,0.0,0.0262039975496009,4.695310537465504,14.1,615.640625,False
1773592615.2736754,425,0,0,0,0,9.559725000144681,0.0,0.024018001568038017,4.695353638389044,9.4,615.640625,False
1773592615.4866755,426,0,0,0,0,9.482150999247096,0.0,0.026073998014908284,4.695353638389044,9.4,615.640625,False
1773592615.6996589,427,0,0,0,0,9.468428001127904,0.0,0.02601899905130267,4.695353638389044,9.4,615.640625,False
1773592615.9127395,428,0,0,0,0,9.522837000986328,0.0,0.027851998311234638,4.695353638389044,14.1,615.640625,False
1773592616.125732,429,0,0,0,0,9.574799001711654,0.0,0.02596299964352511,4.695353638389044,9.4,615.640625,False
1773592616.3387213,430,0,0,0,0,9.54089199876762,0.0,0.024574001145083457,4.694662016668984,14.1,615.640625,False
1773592616.5517857,431,0,0,0,0,9.49176199719659,0.0,0.025018001906573772,4.694662016668984,9.4,615.640625,False
1773592616.7648602,432,0,0,0,0,9.607836997020058,0.0,0.025278000975959003,4.694662016668984,9.4,615.640625,False
1773592616.977379,433,0,0,0,0,9.034185000928119,0.0,0.025130000722128898,4.694662016668984,18.8,615.640625,False
1773592617.1902943,434,0,0,0,0,9.519003000605153,0.0,0.025056000595213845,4.694662016668984,9.4,615.640625,False
1773592617.403279,435,0,0,0,0,9.545020999212284,0.0,0.024722001398913562,4.696799554586651,9.4,615.640625,False
1773592617.616375,436,0,0,0,0,9.592392001650296,0.0,0.024426000891253352,4.696799554586651,9.4,615.640625,False
1773592617.8294022,437,0,0,0,0,9.551355000439798,0.0,0.025296001695096493,4.696799554586651,9.4,615.640625,False
1773592618.042455,438,0,0,0,0,9.524854998744559,0.0,0.025130000722128898,4.696799554586651,18.8,615.640625,False
1773592618.2554705,439,0,0,0,0,9.491892000369262,0.0,0.02457399750710465,4.696799554586651,9.4,615.640625,False
1773592618.4684355,440,0,0,0,0,9.523077002086211,0.0,0.025314999220427126,4.694169176607944,9.4,615.640625,False
1773592618.681541,441,0,0,0,0,9.578041001077509,0.0,0.024315002519870177,4.694169176607944,9.4,615.640625,False
1773592618.894474,442,0,0,0,0,9.510799001873238,0.0,0.025240999093512073,4.694169176607944,9.4,615.640625,False
1773592619.107452,443,0,0,0,0,9.49613299962948,0.0,0.025814999389695004,4.694169176607944,18.8,615.640625,False
1773592619.3203635,444,0,0,0,0,9.468483996897703,0.0,0.025907000235747546,4.694169176607944,9.4,615.640625,False
1773592619.5333736,445,0,0,0,0,9.523003001959296,0.0,0.025278000975959003,4.69506245972994,9.4,615.640625,False
1773592619.7464664,446,0,0,0,0,9.517966002022149,0.0,0.02520400084904395,4.69506245972994,9.4,615.640625,False
1773592619.959435,447,0,0,0,0,9.444205999898259,0.0,0.027278001653030515,4.69506245972994,9.4,615.640625,False
1773592620.1724367,448,0,0,0,0,9.485965998464962,0.0,0.02566599869169295,4.69506245972994,18.8,615.640625,False
1773592620.3854318,449,0,0,0,0,9.46383599875844,0.0,0.025296001695096493,4.69506245972994,9.4,615.640625,False
1773592620.5982976,450,0,0,0,0,9.459650002099806,0.0,0.024388999008806422,4.695206467765837,14.1,615.640625,False
1773592620.8111694,451,0,0,0,0,9.437038999749348,0.0,0.025110999558819458,4.695206467765837,9.4,615.640625,False
1773592621.0240552,452,0,0,0,0,9.423261999472743,0.0,0.02550000135670416,4.695206467765837,9.4,615.640625,False
1773592621.2369952,453,0,0,0,0,9.479391999775544,0.0,0.024796998332021758,4.695206467765837,18.8,615.640625,False
1773592621.4498615,454,0,0,0,0,9.449576002225513,0.0,0.025258999812649563,4.695206467765837,9.4,615.640625,False
1773592621.6628315,455,0,0,0,0,9.51144799910253,0.0,0.02518499968573451,4.696907902708264,9.4,615.640625,False
1773592621.8757305,456,0,0,0,0,9.428539000509772,0.0,0.026740999601315707,4.696907902708264,9.4,615.640625,False
1773592622.088636,457,0,0,0,0,9.420038997632219,0.0,0.02594399848021567,4.696907902708264,9.4,615.640625,False
1773592622.3015723,458,0,0,0,0,9.487964998697862,0.0,0.025314999220427126,4.696907902708264,14.1,615.640625,False
1773592622.5144958,459,0,0,0,0,9.479688000283204,0.0,0.02466700243530795,4.696907902708264,9.4,615.640625,False
1773592622.727369,460,0,0,0,0,9.404297998116817,0.0,0.024962999304989353,4.696902642975269,14.1,615.65625,False
1773592622.9402645,461,0,0,0,0,9.450040000956506,0.0,0.026592999347485602,4.696902642975269,9.4,615.65625,False
1773592623.153217,462,0,0,0,0,9.468929001741344,0.0,0.025630000891396776,4.696902642975269,9.4,615.65625,False
1773592623.3661437,463,0,0,0,0,9.487131999776466,0.0,0.025001001631608233,4.696902642975269,18.8,615.671875,False
1773592623.5790567,464,0,0,0,0,9.46135499907541,0.0,0.026999998226528987,4.696902642975269,9.4,615.671875,False
1773592623.7920256,465,0,0,0,0,9.47490999897127,0.0,0.02596299964352511,4.696340971295053,9.4,615.671875,False
1773592624.0049636,466,0,0,0,0,9.469149998039939,0.0,0.024278000637423247,4.696340971295053,9.4,615.671875,False
1773592624.217979,467,0,0,0,0,9.491872999205953,0.0,0.024501001462340355,4.696340971295053,14.1,615.671875,False
1773592624.4308615,468,0,0,0,0,9.42313199993805,0.0,0.025110999558819458,4.696340971295053,18.8,615.671875,False
1773592624.6437705,469,0,0,0,0,9.452354999666568,0.0,0.025074001314351335,4.696340971295053,9.4,615.671875,False
1773592624.8566728,470,0,0,0,0,9.456929001316894,0.0,0.024684999516466632,4.696510300109219,9.4,615.671875,False
1773592625.0696013,471,0,0,0,0,9.490428998105926,0.0,0.024721997760934755,4.696510300109219,9.4,615.671875,False
1773592625.2825153,472,0,0,0,0,9.446002000913722,0.0,0.02577800114522688,4.696510300109219,9.4,615.671875,False
1773592625.4950087,473,0,0,0,0,8.95418499931111,0.0,0.02429699816275388,4.696510300109219,18.8,615.671875,False
1773592625.7079444,474,0,0,0,0,9.48909500220907,0.0,0.02594399848021567,4.696510300109219,9.4,615.671875,False
1773592625.9208994,475,0,0,0,0,9.427502998732962,0.0,0.02516699896659702,4.6981169018243145,9.4,615.671875,False
1773592626.1338055,476,0,0,0,0,9.465429000556469,0.0,0.024778000806691125,4.6981169018243145,9.4,615.671875,False
1773592626.346683,477,0,0,0,0,9.42891000158852,0.0,0.0243520007643383,4.6981169018243145,9.4,615.671875,False
1773592626.5602174,478,0,0,0,0,10.087339996971423,0.0,0.02568600029917434,4.6981169018243145,18.7,615.671875,False
1773592626.773107,479,0,0,0,0,9.439854002266657,0.0,0.02464800127199851,4.6981169018243145,9.4,615.671875,False
1773592626.9859998,480,0,0,0,0,9.4669280006201,0.0,0.025240999093512073,4.694404549996597,9.4,615.671875,False
1773592627.1987755,481,0,0,0,0,9.339519998320611,0.0,0.025240999093512073,4.694404549996597,9.4,615.671875,False
1773592627.411714,482,0,0,0,0,9.402910000062548,0.0,0.026129997422685847,4.694404549996597,9.4,615.671875,False
1773592627.6246514,483,0,0,0,0,9.457539999857545,0.0,0.026500001695239916,4.694404549996597,18.8,615.671875,False
1773592627.837541,484,0,0,0,0,9.481446999416221,0.0,0.02548200063756667,4.694404549996597,9.4,615.671875,False
1773592628.0500422,485,0,0,0,0,9.040796998306178,0.0,0.024073997337836772,4.69908012706539,9.4,615.671875,False
1773592628.2629354,486,0,0,0,0,9.48192900250433,0.0,0.024758999643381685,4.69908012706539,9.4,615.671875,False
1773592628.4760003,487,0,0,0,0,9.5313729980262,0.0,0.02520400084904395,4.69908012706539,9.4,615.671875,False
1773592628.6890013,488,0,0,0,0,9.529466002277331,0.0,0.02546299947425723,4.69908012706539,18.8,615.671875,False
1773592628.902017,489,0,0,0,0,9.577650998835452,0.0,0.024758999643381685,4.69908012706539,9.4,615.671875,False
1773592629.1149285,490,0,0,0,0,9.464169001148548,0.0,0.02544399831094779,4.695375714778279,9.4,615.671875,False
1773592629.3278892,491,0,0,0,0,9.491929002251709,0.0,0.02657400182215497,4.695375714778279,9.4,615.671875,False
1773592629.5408847,492,0,0,0,0,9.525558998575434,0.0,0.024778000806691125,4.695375714778279,9.4,615.671875,False
1773592629.753872,493,0,0,0,0,9.479484000621596,0.0,0.025369998184032738,4.695375714778279,18.8,615.671875,False
1773592629.9668088,494,0,0,0,0,9.49533599850838,0.0,0.025426001229789108,4.695375714778279,9.4,615.671875,False
1773592630.1797986,495,0,0,0,0,9.5189109997591,0.0,0.024796001525828615,4.695416714337626,9.4,615.671875,False
1773592630.3927968,496,0,0,0,0,9.518372997263214,0.0,0.05401800081017427,4.695416714337626,9.4,615.671875,False
1773592630.605828,497,0,0,0,0,9.565410997311119,0.0,0.025110999558819458,4.695416714337626,14.1,615.671875,False
1773592630.8187637,498,0,0,0,0,9.483743997407146,0.0,0.02494400177965872,4.695416714337626,14.1,615.671875,False
1773592631.031696,499,0,0,0,0,9.462983998673735,0.0,0.025722001737449318,4.695416714337626,9.4,615.671875,False
1773592631.2446647,500,0,0,0,0,9.477447001700057,0.0,0.024128999939421192,4.695567052181277,9.4,615.671875,False
1773592631.457644,501,0,0,0,0,9.47444700068445,0.0,0.026204001187579706,4.695567052181277,9.4,615.671875,False
1773592631.6705194,502,0,0,0,0,9.43918700068025,0.0,0.02594399848021567,4.695567052181277,9.4,615.671875,False
1773592631.883361,503,0,0,0,0,9.396205998200458,0.0,0.02520400084904395,4.695567052181277,18.8,615.671875,False
1773592632.0962508,504,0,0,0,0,9.43466900207568,0.0,0.02661100006662309,4.695567052181277,9.4,615.671875,False
1773592632.3092144,505,0,0,0,0,9.507984999800101,0.0,0.026851997972698882,4.69668279667301,9.4,615.671875,False
1773592632.5221066,506,0,0,0,0,9.458946999075124,0.0,0.025278000975959003,4.69668279667301,9.4,615.671875,False
1773592632.7349718,507,0,0,0,0,9.420614002010552,0.0,0.025074001314351335,4.69668279667301,9.4,615.671875,False
1773592632.9478471,508,0,0,0,0,9.435112999199191,0.0,0.024943998141679913,4.69668279667301,18.8,615.671875,False
1773592633.1608105,509,0,0,0,0,9.461854999244679,0.0,0.026166999305132776,4.69668279667301,9.4,615.671875,False
1773592633.3737085,510,0,0,0,0,9.453520997340092,0.0,0.025260000256821513,4.697074116338787,9.4,615.671875,False
1773592633.586611,511,0,0,0,0,9.445946998312138,0.0,0.02512999708415009,4.697074116338787,9.4,615.671875,False
1773592633.799456,512,0,0,0,0,9.398039001098368,0.0,0.02564899841672741,4.697074116338787,14.1,615.671875,False
1773592634.0118604,513,0,0,0,0,8.971110000857152,0.0,0.027538000722415745,4.697074116338787,14.1,615.671875,False
1773592634.2249434,514,0,0,0,0,9.48274399706861,0.0,0.024554999981774017,4.697074116338787,14.1,615.671875,False
1773592634.437827,515,0,0,0,0,9.469040000112727,0.0,0.024796998332021758,4.6987305832926864,9.4,615.671875,False
1773592634.6509845,516,0,0,0,0,9.637040999223245,0.0,0.02598199716885574,4.6987305832926864,14.1,615.671875,False
1773592634.8638618,517,0,0,0,0,9.436707001441391,0.0,0.02576000042608939,4.6987305832926864,9.4,615.671875,False
1773592635.0770218,518,0,0,0,0,9.426594999240479,0.0,0.02601899905130267,4.6987305832926864,18.8,615.671875,False
1773592635.2899687,519,0,0,0,0,9.477761999733048,0.0,0.025295998057117686,4.6987305832926864,9.4,615.6875,False
1773592635.5028644,520,0,0,0,0,9.438371998840012,0.0,0.024091998056974262,4.694705105687009,9.4,615.6875,False
1773592635.7156894,521,0,0,0,0,9.385077002662001,0.0,0.025870001991279423,4.694705105687009,4.7,615.6875,False
1773592635.9286003,522,0,0,0,0,9.379816998261958,0.0,0.02492600106052123,4.694705105687009,9.4,615.6875,False
1773592636.1414561,523,0,0,0,0,9.416743003384909,0.0,0.023704000341240317,4.694705105687009,18.8,615.6875,False
1773592636.3543353,524,0,0,0,0,9.424169002159033,0.0,0.02520400084904395,4.694705105687009,9.4,615.6875,False
1773592636.567185,525,0,0,0,0,9.405095002875896,0.0,0.02464800127199851,4.697844322886297,14.1,615.6875,False
1773592636.780042,526,0,0,0,0,9.420705999218626,0.0,0.02624099943204783,4.697844322886297,9.4,615.6875,False
1773592636.9930573,527,0,0,0,0,9.458336000534473,0.0,0.0243520007643383,4.697844322886297,9.4,615.6875,False
1773592637.2059028,528,0,0,0,0,9.290296999097336,0.0,0.025258999812649563,4.697844322886297,18.8,615.6875,False
1773592637.418733,529,0,0,0,0,9.34346499707317,0.0,0.026130001060664654,4.697844322886297,9.4,615.6875,False
1773592637.6316702,530,0,0,0,0,9.373946999403415,0.0,0.02535199746489525,4.697111989444471,9.4,615.6875,False
1773592637.844551,531,0,0,0,0,9.392816999024944,0.0,0.025796998670557514,4.697111989444471,9.4,615.6875,False
1773592638.0574749,532,0,0,0,0,9.404390999407042,0.0,0.025777997507248074,4.697111989444471,4.7,615.6875,False
1773592638.2703109,533,0,0,0,0,9.279630998207722,0.0,0.025260000256821513,4.697111989444471,18.8,615.6875,False
1773592638.483107,534,0,0,0,0,9.299315999669489,0.0,0.025018998712766916,4.697111989444471,9.4,615.703125,False
1773592638.6960914,535,0,0,0,0,9.39368800027296,0.0,0.024814999051159248,4.69746234462763,9.4,615.703125,False
1773592638.9091654,536,0,0,0,0,9.461206002015388,0.0,0.024556000425945967,4.69746234462763,14.1,615.703125,False
1773592639.1220887,537,0,0,0,0,9.421446000487776,0.0,0.026130001060664654,4.69746234462763,9.4,615.703125,False
1773592639.3347752,538,0,0,0,0,9.201889002724783,0.0,0.026425997930346057,4.69746234462763,14.1,615.703125,False
1773592639.54769,539,0,0,0,0,9.461095000006026,0.0,0.025648001610534266,4.69746234462763,14.1,615.703125,False
1773592639.7606626,540,0,0,0,0,9.400446997460676,0.0,0.02490699989721179,4.696798502687642,9.4,615.703125,False
1773592639.973681,541,0,0,0,0,9.40489099957631,0.0,0.02576000042608939,4.696798502687642,14.1,615.703125,False
1773592640.1867456,542,0,0,0,0,9.406632001628168,0.0,0.02568600029917434,4.696798502687642,9.4,615.703125,False
1773592640.3995495,543,0,0,0,0,9.275075000914512,0.0,0.025369998184032738,4.696798502687642,14.1,615.703125,False
1773592640.612389,544,0,0,0,0,9.316556999692693,0.0,0.025518998882034793,4.696798502687642,14.1,615.703125,False
1773592640.8254175,545,0,0,0,0,9.423021001566667,0.0,0.025648001610534266,4.695804668684276,9.4,615.71875,False
1773592641.038291,546,0,0,0,0,9.406187000422506,0.0,0.025036999431904405,4.695804668684276,9.4,615.71875,False
1773592641.2511268,547,0,0,0,0,9.397576002811547,0.0,0.026167002943111584,4.695804668684276,9.4,615.71875,False
1773592641.4640975,548,0,0,0,0,9.45540999964578,0.0,0.02601899905130267,4.695804668684276,18.8,615.71875,False
1773592641.6770926,549,0,0,0,0,9.471687000768725,0.0,0.026388999685877934,4.695804668684276,9.4,615.71875,False
1773592641.8899817,550,0,0,0,0,9.462318001169479,0.0,0.025630000891396776,4.69674064896771,9.4,615.71875,False
1773592642.102941,551,0,0,0,0,9.46009499966749,0.0,0.025592999008949846,4.69674064896771,9.4,615.71875,False
1773592642.3158808,552,0,0,0,0,9.45683600002667,0.0,0.02607400165288709,4.69674064896771,9.4,615.71875,False
1773592642.528824,553,0,0,0,0,9.236149999196641,0.0,0.025258999812649563,4.69674064896771,18.8,615.71875,False
1773592642.7417831,554,0,0,0,0,9.46913200095878,0.0,0.025814999389695004,4.69674064896771,9.4,615.71875,False
1773592642.9546692,555,0,0,0,0,9.441557998798089,0.0,0.02596299964352511,4.6962221328977085,9.4,615.71875,False
1773592643.1675317,556,0,0,0,0,9.409353999217274,0.0,0.02492700150469318,4.6962221328977085,9.4,615.71875,False
1773592643.3804042,557,0,0,0,0,9.424632000445854,0.0,0.025852001272141933,4.6962221328977085,9.4,615.71875,False
1773592643.5934258,558,0,0,0,0,9.530595998512581,0.0,0.024258999474113807,4.6962221328977085,18.8,615.71875,False
1773592643.8063977,559,0,0,0,0,9.42250200023409,0.0,0.025426001229789108,4.6962221328977085,9.4,615.71875,False
1773592644.0193741,560,0,0,0,0,9.473428999626776,0.0,0.02603699977044016,4.696163241761428,9.4,615.71875,False
1773592644.2323275,561,0,0,0,0,9.450520999962464,0.0,0.024388999008806422,4.696163241761428,9.4,615.71875,False
1773592644.4454215,562,0,0,0,0,9.504854999249801,0.0,0.02568499985500239,4.696163241761428,9.4,615.71875,False
1773592644.6585784,563,0,0,0,0,9.525318000669358,0.0,0.025536999601172283,4.696163241761428,18.8,615.71875,False
1773592644.8716795,564,0,0,0,0,9.510651001619408,0.0,0.025388999347342178,4.696163241761428,9.4,615.71875,False
1773592645.0846202,565,0,0,0,0,9.490836000622949,0.0,0.02459199822624214,4.6938876001715375,9.4,615.71875,False
1773592645.2976382,566,0,0,0,0,9.478798998316051,0.0,0.024943998141679913,4.6938876001715375,14.1,615.71875,False
1773592645.5105407,567,0,0,0,0,9.441354999580653,0.0,0.025149001885438338,4.6938876001715375,9.4,615.71875,False
1773592645.7234826,568,0,0,0,0,9.421798000403214,0.0,0.025332999939564615,4.6938876001715375,18.8,615.71875,False
1773592645.936555,569,0,0,0,0,9.525374000077136,0.0,0.0256669991358649,4.6938876001715375,9.4,615.71875,False
1773592646.149536,570,0,0,0,0,9.533910997561179,0.0,0.024778000806691125,4.695060357488269,9.4,615.71875,False
1773592646.3624218,571,0,0,0,0,9.425021002243739,0.0,0.024480999854858965,4.695060357488269,9.4,615.71875,False
1773592646.5753503,572,0,0,0,0,9.419316997082205,0.0,0.02548200063756667,4.695060357488269,9.4,615.71875,False
1773592646.7882833,573,0,0,0,0,9.429817000636831,0.0,0.02546299947425723,4.695060357488269,18.8,615.71875,False
1773592647.001232,574,0,0,0,0,9.423946001334116,0.0,0.024704000679776073,4.695060357488269,9.4,615.71875,False
1773592647.2141562,575,0,0,0,0,9.471372999541927,0.0,0.024925997422542423,4.69651766250856,9.4,615.71875,False
1773592647.4269822,576,0,0,0,0,9.3889460003993,0.0,0.024832999770296738,4.69651766250856,9.4,615.71875,False
1773592647.6399071,577,0,0,0,0,9.424576001038076,0.0,0.02516699896659702,4.69651766250856,9.4,615.71875,False
1773592647.8528883,578,0,0,0,0,9.44807599807973,0.0,0.025130000722128898,4.69651766250856,18.8,615.71875,False
1773592648.0658283,579,0,0,0,0,9.493150999333011,0.0,0.025092998839681968,4.69651766250856,9.4,615.71875,False
1773592648.2787323,580,0,0,0,0,9.45683600002667,0.0,0.025926001399056986,4.6967459083379,9.4,615.71875,False
1773592648.4916415,581,0,0,0,0,9.435187999770278,0.0,0.025073997676372528,4.6967459083379,9.4,615.71875,False
1773592648.704524,582,0,0,0,0,9.41783600137569,0.0,0.025112000002991408,4.6967459083379,9.4,615.71875,False
1773592648.917378,583,0,0,0,0,9.407040000951383,0.0,0.024128999939421192,4.6967459083379,18.8,615.71875,False
1773592649.1303797,584,0,0,0,0,9.433483999600867,0.0,0.025167002604575828,4.6967459083379,9.4,615.71875,False
1773592649.3433492,585,0,0,0,0,9.407501998794032,0.0,0.02492600106052123,4.696530283818277,9.4,615.71875,False
1773592649.5563602,586,0,0,0,0,9.504948000540026,0.0,0.025334000383736566,4.696530283818277,9.4,615.71875,False
1773592649.7692642,587,0,0,0,0,9.443540002394002,0.0,0.025000001187436283,4.696530283818277,9.4,615.71875,False
1773592649.982162,588,0,0,0,0,9.434242998395348,0.0,0.02568600029917434,4.696530283818277,18.8,615.71875,False
1773592650.195106,589,0,0,0,0,9.42641000074218,0.0,0.025258999812649563,4.696530283818277,9.4,615.71875,False
1773592650.4080455,590,0,0,0,0,9.500800002570031,0.0,0.025833996915025637,4.696183222517115,9.4,615.71875,False
1773592650.6210651,591,0,0,0,0,9.470725002756808,0.0,0.024554999981774017,4.696183222517115,14.1,615.71875,False
1773592650.8339202,592,0,0,0,0,9.436761996767018,0.0,0.02405499981250614,4.696183222517115,9.4,615.71875,False
1773592651.0463161,593,0,0,0,0,8.94199899994419,0.0,0.024778000806691125,4.696183222517115,14.1,615.71875,False
1773592651.2591517,594,0,0,0,0,9.410151000338374,0.0,0.025296001695096493,4.696183222517115,9.4,615.71875,False
1773592651.4720407,595,0,0,0,0,9.445651001442457,0.0,0.02622199826873839,4.699272819511705,14.1,615.71875,False
1773592651.6850398,596,0,0,0,0,9.482575998845277,0.0,0.025332999939564615,4.699272819511705,9.4,615.71875,False
1773592651.897995,597,0,0,0,0,9.447336000448558,0.0,0.0255190025200136,4.699272819511705,9.4,615.71875,False
1773592652.1108503,598,0,0,0,0,9.410187001776649,0.0,0.02601899905130267,4.699272819511705,18.8,615.71875,False
1773592652.3237135,599,0,0,0,0,9.350853000796633,0.0,0.025278000975959003,4.699272819511705,4.7,615.71875,False
1773592652.5366035,600,0,0,0,0,9.439095003472175,0.0,0.0248889991780743,4.696897383254053,9.4,615.71875,False
1773592652.749479,601,0,0,0,0,9.424299001693726,0.0,0.02624099943204783,4.696897383254053,9.4,615.71875,False
1773592652.962323,602,0,0,0,0,9.418001998710679,0.0,0.024406999727943912,4.696897383254053,9.4,615.71875,False
1773592653.1751814,603,0,0,0,0,9.346742001071107,0.0,0.02512999708415009,4.696897383254053,18.8,615.71875,False
1773592653.388012,604,0,0,0,0,9.378317001392134,0.0,0.024480999854858965,4.696897383254053,9.4,615.71875,False
1773592653.6009564,605,0,0,0,0,9.456169998884434,0.0,0.024518998543499038,4.697555991951343,9.4,615.734375,False
1773592653.8138855,606,0,0,0,0,9.424428000784246,0.0,0.024852000933606178,4.697555991951343,14.1,615.734375,False
1773592654.0267262,607,0,0,0,0,9.407114001078298,0.0,0.025093002477660775,4.697555991951343,9.4,615.734375,False
1773592654.2395585,608,0,0,0,0,9.356299000501167,0.0,0.02574099926277995,4.697555991951343,18.8,615.734375,False
1773592654.4525535,609,0,0,0,0,9.4588539977849,0.0,0.02575899998191744,4.697555991951343,9.4,615.734375,False
1773592654.665459,610,0,0,0,0,9.35311300054309,0.0,0.024001001293072477,4.697025723814748,9.4,615.734375,False
1773592654.8782797,611,0,0,0,0,9.326557999884244,0.0,0.024685999960638583,4.697025723814748,9.4,615.734375,False
1773592655.0912056,612,0,0,0,0,9.35857600052259,0.0,0.02548200063756667,4.697025723814748,9.4,615.734375,False
1773592655.3040109,613,0,0,0,0,9.234853001544252,0.0,0.02762999793048948,4.697025723814748,18.8,615.734375,False
1773592655.5169146,614,0,0,0,0,9.369168001285288,0.0,0.027037000108975917,4.697025723814748,9.4,615.734375,False
1773592655.7297838,615,0,0,0,0,9.344669000711292,0.0,0.025221997930202633,4.697876946498263,9.4,615.734375,False
1773592655.9421566,616,0,0,0,0,8.911407003324712,0.0,0.02431499888189137,4.697876946498263,9.4,615.734375,False
1773592656.154939,617,0,0,0,0,9.307667998655234,0.0,0.024647997634019703,4.697876946498263,9.4,615.734375,False
1773592656.367979,618,0,0,0,0,9.416058001079364,0.0,0.02575899998191744,4.697876946498263,18.8,615.734375,False
1773592656.5809286,619,0,0,0,0,9.468223997828318,0.0,0.025260000256821513,4.697876946498263,9.4,615.734375,False
1773592656.7938766,620,0,0,0,0,9.407094999914989,0.0,0.0243520007643383,4.698856918414084,9.4,615.734375,False
1773592657.006742,621,0,0,0,0,9.422077000635909,0.0,0.025240999093512073,4.698856918414084,9.4,615.734375,False
1773592657.2197094,622,0,0,0,0,9.435410000151023,0.0,0.025444001948926598,4.698856918414084,9.4,615.734375,False
1773592657.432665,623,0,0,0,0,9.449501998460619,0.0,0.025315002858405933,4.698856918414084,18.8,615.734375,False
1773592657.6456378,624,0,0,0,0,9.49613299962948,0.0,0.025610999728087336,4.698856918414084,9.4,615.734375,False
1773592657.8586178,625,0,0,0,0,9.47022500258754,0.0,0.025278000975959003,4.695980268011989,14.1,615.734375,False
1773592658.071505,626,0,0,0,0,9.413965002750047,0.0,0.026703997718868777,4.695980268011989,9.4,615.734375,False
1773592658.2844052,627,0,0,0,0,9.4288719992619,0.0,0.024518998543499038,4.695980268011989,9.4,615.734375,False
1773592658.497417,628,0,0,0,0,9.429243000340648,0.0,0.02457399750710465,4.695980268011989,18.8,615.734375,False
1773592658.7103724,629,0,0,0,0,9.463928003242472,0.0,0.02622299871291034,4.695980268011989,9.4,615.734375,False
1773592658.923258,630,0,0,0,0,9.412556999450317,0.0,0.025130000722128898,4.6964408843359635,9.4,615.75,False
1773592659.1361935,631,0,0,0,0,9.469021002587397,0.0,0.025370001822011545,4.6964408843359635,9.4,615.765625,False
1773592659.3492064,632,0,0,0,0,9.524076998786768,0.0,0.02486999801476486,4.6964408843359635,9.4,615.765625,False
1773592659.5620747,633,0,0,0,0,9.348168001451995,0.0,0.025000001187436283,4.6964408843359635,18.8,615.765625,False
1773592659.7749078,634,0,0,0,0,9.393020001880359,0.0,0.025315002858405933,4.6964408843359635,9.4,615.765625,False
1773592659.9878936,635,0,0,0,0,9.4669280006201,0.0,0.025019002350745723,4.696445091294112,9.4,615.765625,False
1773592660.2008498,636,0,0,0,0,9.435354000743246,0.0,0.025314999220427126,4.696445091294112,9.4,615.765625,False
1773592660.4138236,637,0,0,0,0,9.475577000557678,0.0,0.025796998670557514,4.696445091294112,9.4,615.765625,False
1773592660.6267123,638,0,0,0,0,9.433057999558514,0.0,0.02490800034138374,4.696445091294112,18.8,615.765625,False
1773592660.8395727,639,0,0,0,0,9.396501998708118,0.0,0.025222998374374583,4.696445091294112,9.4,615.765625,False
1773592661.0524824,640,0,0,0,0,9.453873000893509,0.0,0.026129997422685847,4.696658604317836,9.4,615.765625,False
1773592661.2655265,641,0,0,0,0,9.489355001278454,0.0,0.025221997930202633,4.696658604317836,9.4,615.765625,False
1773592661.4784634,642,0,0,0,0,9.406076002051122,0.0,0.025240999093512073,4.696658604317836,9.4,615.765625,False
1773592661.691319,643,0,0,0,0,9.351947002869565,0.0,0.026444999093655497,4.696658604317836,18.8,615.765625,False
1773592661.9041395,644,0,0,0,0,9.356798000226263,0.0,0.025388999347342178,4.696658604317836,9.4,615.765625,False
1773592662.117057,645,0,0,0,0,9.388538997882279,0.0,0.02537099862820469,4.696704885562789,9.4,615.765625,False
1773592662.3299935,646,0,0,0,0,9.427335997315822,0.0,0.025907000235747546,4.696704885562789,9.4,615.765625,False
1773592662.5428293,647,0,0,0,0,9.379243001603754,0.0,0.02601899905130267,4.696704885562789,9.4,615.765625,False
1773592662.755238,648,0,0,0,0,8.800462001090636,0.0,0.02461099938955158,4.696704885562789,18.8,615.765625,False
1773592662.9680374,649,0,0,0,0,9.375705998536432,0.0,0.025945002562366426,4.696704885562789,9.4,615.765625,False
1773592663.1809611,650,0,0,0,0,9.442225000384497,0.0,0.0245749979512766,4.699674049572701,9.4,615.765625,False
1773592663.3938313,651,0,0,0,0,9.423557999980403,0.0,0.025777997507248074,4.699674049572701,9.4,615.765625,False
1773592663.6067173,652,0,0,0,0,9.421149999980116,0.0,0.025110999558819458,4.699674049572701,9.4,615.765625,False
1773592663.8196578,653,0,0,0,0,9.367982998810476,0.0,0.025408000510651618,4.699674049572701,18.8,615.765625,False
1773592664.032489,654,0,0,0,0,9.368057999381563,0.0,0.024315002519870177,4.699674049572701,14.1,615.765625,False
1773592664.245325,655,0,0,0,0,9.374519999255426,0.0,0.025258999812649563,4.6976359634081355,9.4,615.765625,False
1773592664.4581058,656,0,0,0,0,9.340909997263225,0.0,0.024685999960638583,4.6976359634081355,9.4,615.765625,False
1773592664.6710463,657,0,0,0,0,9.45089100059704,0.0,0.026370998966740444,4.6976359634081355,9.4,615.765625,False
1773592664.8838823,658,0,0,0,0,9.354057001473848,0.0,0.02575899998191744,4.6976359634081355,18.8,615.765625,False
1773592665.0970259,659,0,0,0,0,9.427094999409746,0.0,0.024369997845496982,4.6976359634081355,9.4,615.765625,False
1773592665.3099852,660,0,0,0,0,9.432762002688833,0.0,0.02600000152597204,4.696372522322388,9.4,615.765625,False
1773592665.5228882,661,0,0,0,0,9.385113000462297,0.0,0.025592999008949846,4.696372522322388,9.4,615.765625,False
1773592665.7358031,662,0,0,0,0,9.434039999177912,0.0,0.025056000595213845,4.696372522322388,9.4,615.765625,False
1773592665.948719,663,0,0,0,0,9.403706000739476,0.0,0.025315002858405933,4.696372522322388,18.8,615.765625,False
1773592666.1616225,664,0,0,0,0,9.43204000213882,0.0,0.024870001652743667,4.696372522322388,9.4,615.765625,False
1773592666.3745136,665,0,0,0,0,9.396261997608235,0.0,0.024982000468298793,4.696900539085369,9.4,615.765625,False
1773592666.5874395,666,0,0,0,0,9.423576997505734,0.0,0.02568600029917434,4.696900539085369,9.4,615.765625,False
1773592666.8002977,667,0,0,0,0,9.380354000313673,0.0,0.025833000108832493,4.696900539085369,9.4,615.765625,False
1773592667.0132506,668,0,0,0,0,9.406909997778712,0.0,0.02490699989721179,4.696900539085369,18.8,615.765625,False
1773592667.2262855,669,0,0,0,0,9.379021001223009,0.0,0.025908000679919496,4.696900539085369,9.4,615.765625,False
1773592667.4392266,670,0,0,0,0,9.48209600028349,0.0,0.025167002604575828,4.696121177568365,9.4,615.765625,False
1773592667.653175,671,0,0,0,0,10.364044999732869,0.0,0.024797001970000565,4.696121177568365,9.3,615.765625,False
1773592667.8661113,672,0,0,0,0,9.398743000929244,0.0,0.025110999558819458,4.696121177568365,9.4,615.765625,False
1773592668.0789828,673,0,0,0,0,9.33672400060459,0.0,0.026351997803431004,4.696121177568365,18.8,615.765625,False
1773592668.2918591,674,0,0,0,0,9.409575999598019,0.0,0.024147997464751825,4.696121177568365,9.4,615.765625,False
1773592668.5048845,675,0,0,0,0,9.4677250017412,0.0,0.02548200063756667,4.6920277330870475,14.1,615.78125,False
1773592668.717793,676,0,0,0,0,9.432094997464446,0.0,0.024981000024126843,4.6920277330870475,9.4,615.78125,False
1773592668.930651,677,0,0,0,0,9.394094999152003,0.0,0.024740998924244195,4.6920277330870475,9.4,615.78125,False
1773592669.1436388,678,0,0,0,0,9.358335002616514,0.0,0.025518998882034793,4.6920277330870475,18.8,615.78125,False
1773592669.3564239,679,0,0,0,0,9.339723997982219,0.0,0.025555000320309773,4.6920277330870475,9.4,615.78125,False
1773592669.5692337,680,0,0,0,0,9.344797999801813,0.0,0.023722001060377806,4.6975833503011994,9.4,615.78125,False
1773592669.782012,681,0,0,0,0,9.32924199878471,0.0,0.025870001991279423,4.6975833503011994,9.4,615.78125,False
1773592669.9947987,682,0,0,0,0,9.332280002126936,0.0,0.026388999685877934,4.6975833503011994,9.4,615.78125,False
1773592670.2075539,683,0,0,0,0,9.285315998567967,0.0,0.025795998226385564,4.6975833503011994,18.8,615.78125,False
1773592670.4205275,684,0,0,0,0,9.376558002259117,0.0,0.02709299951675348,4.6975833503011994,9.4,615.78125,False
1773592670.6333938,685,0,0,0,0,9.41365099788527,0.0,0.025278000975959003,4.698610571219567,9.4,615.78125,False
1773592670.8462903,686,0,0,0,0,9.412520001205849,0.0,0.024092998501146212,4.698610571219567,9.4,615.78125,False
1773592671.0591996,687,0,0,0,0,9.385372999531683,0.0,0.02520400084904395,4.698610571219567,9.4,615.78125,False
1773592671.2716238,688,0,0,0,0,8.90255500053172,0.0,0.025203997211065143,4.698610571219567,18.8,615.78125,False
1773592671.4844036,689,0,0,0,0,9.3735390000802,0.0,0.025278000975959003,4.698610571219567,9.4,615.78125,False
1773592671.697399,690,0,0,0,0,9.426724998775171,0.0,0.025408000510651618,4.699232805572523,9.4,615.78125,False
1773592671.9102275,691,0,0,0,0,9.3676129981759,0.0,0.025796998670557514,4.699232805572523,9.4,615.78125,False
1773592672.123038,692,0,0,0,0,9.360724998259684,0.0,0.024462999135721475,4.699232805572523,9.4,615.78125,False
1773592672.3359241,693,0,0,0,0,9.416242999577662,0.0,0.02635200144140981,4.699232805572523,18.8,615.78125,False
1773592672.5488148,694,0,0,0,0,9.439020999707282,0.0,0.025592999008949846,4.699232805572523,9.4,615.78125,False
1773592672.7617288,695,0,0,0,0,9.42892899911385,0.0,0.024981000024126843,4.697800123876737,9.4,615.78125,False
1773592672.9745548,696,0,0,0,0,9.359982999740168,0.0,0.02350000067963265,4.697800123876737,9.4,615.78125,False
1773592673.1873217,697,0,0,0,0,9.368965002067853,0.0,0.025352001102874056,4.697800123876737,14.1,615.78125,False
1773592673.4002845,698,0,0,0,0,9.449392000533408,0.0,0.024222001229645684,4.697800123876737,14.1,615.78125,False
1773592673.6132872,699,0,0,0,0,9.438169003260555,0.0,0.02387100175837986,4.697800123876737,9.4,615.78125,False
1773592673.826296,700,0,0,0,0,9.453612998186145,0.0,0.025334000383736566,4.696749063965668,14.1,615.78125,False
1773592674.0392625,701,0,0,0,0,9.39798300169059,0.0,0.026647998311091214,4.696749063965668,9.4,615.78125,False
1773592674.2522733,702,0,0,0,0,9.455151001020567,0.0,0.0255190025200136,4.696749063965668,9.4,615.78125,False
1773592674.4652102,703,0,0,0,0,9.442243001103634,0.0,0.023982000129763037,4.696749063965668,18.8,615.78125,False
1773592674.6781304,704,0,0,0,0,9.460633002163377,0.0,0.024852000933606178,4.696749063965668,9.4,615.78125,False
1773592674.8910036,705,0,0,0,0,9.42468699940946,0.0,0.025371002266183496,4.696161138533879,9.4,615.78125,False
1773592675.1038902,706,0,0,0,0,9.437668999453308,0.0,0.025074001314351335,4.696161138533879,9.4,615.78125,False
1773592675.316906,707,0,0,0,0,9.488816998782568,0.0,0.02546299947425723,4.696161138533879,9.4,615.78125,False
1773592675.5298707,708,0,0,0,0,9.492374003457371,0.0,0.02577800114522688,4.696161138533879,18.8,615.78125,False
1773592675.7427723,709,0,0,0,0,9.413465999386972,0.0,0.024685999960638583,4.696161138533879,9.4,615.78125,False
1773592675.9556532,710,0,0,0,0,9.416038999916054,0.0,0.025036999431904405,4.696414591018294,9.4,615.78125,False
1773592676.168566,711,0,0,0,0,9.420983999007149,0.0,0.025258999812649563,4.696414591018294,9.4,615.78125,False
1773592676.3815846,712,0,0,0,0,9.464206999837188,0.0,0.025092998839681968,4.696414591018294,9.4,615.78125,False
1773592676.5946243,713,0,0,0,0,9.498594998149201,0.0,0.02548200063756667,4.696414591018294,18.8,615.78125,False
1773592676.8075776,714,0,0,0,0,9.389075999933993,0.0,0.02490800034138374,4.696414591018294,9.4,615.78125,False
1773592677.020523,715,0,0,0,0,9.421650000149384,0.0,0.025610999728087336,4.6954945103415415,9.4,615.796875,False
1773592677.23345,716,0,0,0,0,9.479743999690982,0.0,0.025852001272141933,4.6954945103415415,9.4,615.796875,False
1773592677.4463742,717,0,0,0,0,9.426020998944296,0.0,0.025888999516610056,4.6954945103415415,9.4,615.796875,False
1773592677.659404,718,0,0,0,0,9.399409998877672,0.0,0.025240999093512073,4.6954945103415415,18.8,615.796875,False
1773592677.8722692,719,0,0,0,0,9.406020999449538,0.0,0.025149001885438338,4.6954945103415415,9.4,615.796875,False
1773592678.0852962,720,0,0,0,0,9.440297999390168,0.0,0.025388999347342178,4.695721605314357,9.4,615.796875,False
1773592678.2981431,721,0,0,0,0,9.406316999957198,0.0,0.02486999801476486,4.695721605314357,9.4,615.796875,False
1773592678.5110514,722,0,0,0,0,9.436262000235729,0.0,0.02427799699944444,4.695721605314357,9.4,615.796875,False
1773592678.7239149,723,0,0,0,0,9.414964999450604,0.0,0.02631500319694169,4.695721605314357,18.8,615.796875,False
1773592678.9368393,724,0,0,0,0,9.399613001733087,0.0,0.02648199733812362,4.695721605314357,9.4,615.796875,False
1773592679.1498146,725,0,0,0,0,9.413743002369301,0.0,0.024852000933606178,4.6969541888665844,9.4,615.796875,False
1773592679.3627748,726,0,0,0,0,9.432261998881586,0.0,0.025851997634163126,4.6969541888665844,9.4,615.796875,False
1773592679.5757213,727,0,0,0,0,9.429743000509916,0.0,0.02570399738033302,4.6969541888665844,9.4,615.796875,False
1773592679.788622,728,0,0,0,0,9.313372000178788,0.0,0.025334000383736566,4.6969541888665844,18.8,615.796875,False
1773592680.0015504,729,0,0,0,0,9.413854000740685,0.0,0.025556000764481723,4.6969541888665844,9.4,615.796875,False
1773592680.2144222,730,0,0,0,0,9.393632000865182,0.0,0.02596400008769706,4.696593391384425,9.4,615.796875,False
1773592680.4272215,731,0,0,0,0,9.340576001704903,0.0,0.02564899841672741,4.696593391384425,9.4,615.796875,False
1773592680.6401117,732,0,0,0,0,9.422854000149528,0.0,0.025019002350745723,4.696593391384425,14.1,615.796875,False
1773592680.8531203,733,0,0,0,0,9.446742998989066,0.0,0.024834000214468688,4.696593391384425,18.8,615.796875,False
1773592681.0659668,734,0,0,0,0,9.401799001352629,0.0,0.024889002816053107,4.696593391384425,9.4,615.796875,False
1773592681.2784188,735,0,0,0,0,8.947702997829765,0.0,0.023943997803144157,4.699273872519307,9.4,615.796875,False
1773592681.491283,736,0,0,0,0,9.38853999832645,0.0,0.025426001229789108,4.699273872519307,9.4,615.796875,False
1773592681.7041595,737,0,0,0,0,9.406521003256785,0.0,0.024444998416583985,4.699273872519307,9.4,615.796875,False
1773592681.9172442,738,0,0,0,0,9.441483998671174,0.0,0.02520400084904395,4.699273872519307,18.8,615.796875,False
1773592682.130118,739,0,0,0,0,9.456299001612933,0.0,0.0245749979512766,4.699273872519307,9.4,615.796875,False
1773592682.3430853,740,0,0,0,0,9.442853999644285,0.0,0.024814999051159248,4.696344126378709,9.4,615.796875,False
1773592682.5560648,741,0,0,0,0,9.51046599948313,0.0,0.026074998459080234,4.696344126378709,9.4,615.796875,False
1773592682.7690055,742,0,0,0,0,9.447261996683665,0.0,0.0256669991358649,4.696344126378709,9.4,615.796875,False
1773592682.9813778,743,0,0,0,0,8.930592000979232,0.0,0.025148001441266388,4.696344126378709,18.8,615.796875,False
1773592683.1942723,744,0,0,0,0,9.400576000189176,0.0,0.024184999347198755,4.696344126378709,9.4,615.796875,False
1773592683.406641,745,0,0,0,0,8.922703000280308,0.0,0.025000001187436283,4.701174266870601,9.4,615.8125,False
1773592683.6191206,746,0,0,0,0,8.960611001384677,0.0,0.024184999347198755,4.701174266870601,9.4,615.828125,False
1773592683.8320389,747,0,0,0,0,9.450669000216294,0.0,0.02514799780328758,4.701174266870601,9.4,615.828125,False
1773592684.0447628,748,0,0,0,0,9.204260997648817,0.0,0.025037003069883212,4.701174266870601,18.8,615.828125,False
1773592684.2576802,749,0,0,0,0,9.41331699868897,0.0,0.025277997337980196,4.701174266870601,9.4,615.828125,False
1773592684.4706445,750,0,0,0,0,9.445947001950117,0.0,0.02601900268928148,4.6992612364592325,9.4,615.828125,False
1773592684.6835694,751,0,0,0,0,9.375909001391847,0.0,0.02551800207584165,4.6992612364592325,9.4,615.828125,False
1773592684.89643,752,0,0,0,0,9.381132000271464,0.0,0.024982000468298793,4.6992612364592325,9.4,615.828125,False
1773592685.1093802,753,0,0,0,0,9.422854000149528,0.0,0.024962999304989353,4.6992612364592325,18.8,615.828125,False
1773592685.322236,754,0,0,0,0,9.398927999427542,0.0,0.02522200156818144,4.6992612364592325,9.4,615.828125,False
1773592685.5351179,755,0,0,0,0,9.424484000192024,0.0,0.025036999431904405,4.697167748183759,14.1,615.828125,False
1773592685.7480383,756,0,0,0,0,9.449891000258503,0.0,0.027518999559106305,4.697167748183759,9.4,615.828125,False
1773592685.9609816,757,0,0,0,0,9.470836001128191,0.0,0.0256669991358649,4.697167748183759,9.4,615.828125,False
1773592686.173883,758,0,0,0,0,9.433242998056812,0.0,0.025092998839681968,4.697167748183759,18.8,615.828125,False
1773592686.3867636,759,0,0,0,0,9.417168999789283,0.0,0.02683300044736825,4.697167748183759,9.4,615.828125,False
1773592686.5996132,760,0,0,0,0,9.400186998391291,0.0,0.026203000743407756,4.69708779266761,9.4,615.828125,False
1773592686.8125327,761,0,0,0,0,9.410705999471247,0.0,0.025130000722128898,4.69708779266761,9.4,615.828125,False
1773592687.0254166,762,0,0,0,0,9.45246499759378,0.0,0.02577800114522688,4.69708779266761,9.4,615.828125,False
1773592687.237805,763,0,0,0,0,8.935850997659145,0.0,0.023444001271855086,4.69708779266761,18.8,615.828125,False
1773592687.4507113,764,0,0,0,0,9.438150002097245,0.0,0.02603699977044016,4.69708779266761,9.4,615.828125,False
1773592687.6638083,765,0,0,0,0,9.556095999869285,0.0,0.024722998205106705,4.698296884405854,9.4,615.828125,False
1773592687.8767052,766,0,0,0,0,9.387095000420231,0.0,0.024962999304989353,4.698296884405854,9.4,615.828125,False
1773592688.0896297,767,0,0,0,0,9.423317002074327,0.0,0.026482000976102427,4.698296884405854,9.4,615.828125,False
1773592688.3026538,768,0,0,0,0,9.459150998736732,0.0,0.02599999788799323,4.698296884405854,18.8,615.828125,False
1773592688.5155437,769,0,0,0,0,9.378799000842264,0.0,0.02605500048957765,4.698296884405854,9.4,615.828125,False
1773592688.728516,770,0,0,0,0,9.442112997930963,0.0,0.024721997760934755,4.696329402691247,9.4,615.828125,False
1773592688.9414728,771,0,0,0,0,9.49598499937565,0.0,0.025112000002991408,4.696329402691247,9.4,615.828125,False
1773592689.1543615,772,0,0,0,0,9.39850199938519,0.0,0.025334000383736566,4.696329402691247,9.4,615.828125,False
1773592689.367293,773,0,0,0,0,9.426836000784533,0.0,0.02683300044736825,4.696329402691247,18.8,615.828125,False
1773592689.580264,774,0,0,0,0,9.408057998371078,0.0,0.026091998734045774,4.696329402691247,9.4,615.828125,False
1773592689.7932754,775,0,0,0,0,9.418797999387607,0.0,0.025408000510651618,4.6957920512742435,9.4,615.828125,False
1773592690.0061803,776,0,0,0,0,9.41781700021238,0.0,0.024815002689138055,4.6957920512742435,9.4,615.828125,False
1773592690.2190187,777,0,0,0,0,9.382020998600638,0.0,0.02544499875511974,4.6957920512742435,9.4,615.828125,False
1773592690.4318833,778,0,0,0,0,9.419780999451177,0.0,0.02681499972823076,4.6957920512742435,18.8,615.828125,False
1773592690.6448407,779,0,0,0,0,9.506076999969082,0.0,0.024981000024126843,4.6957920512742435,9.4,615.828125,False
1773592690.8578594,780,0,0,0,0,9.502872999291867,0.0,0.025332999939564615,4.696687004064568,14.1,615.828125,False
1773592691.0707026,781,0,0,0,0,9.405132001120364,0.0,0.025575001927791163,4.696687004064568,9.4,615.828125,False
1773592691.2835798,782,0,0,0,0,9.399075999681372,0.0,0.024574001145083457,4.696687004064568,9.4,615.828125,False
1773592691.4958894,783,0,0,0,0,8.865703002811642,0.0,0.025500998162897304,4.696687004064568,14.1,615.828125,False
1773592691.7087657,784,0,0,0,0,9.379039001942147,0.0,0.027221998607274145,4.696687004064568,14.1,615.828125,False
1773592691.9217045,785,0,0,0,0,9.453114002099028,0.0,0.02524100273149088,4.699915241816308,9.4,615.828125,False
1773592692.1345727,786,0,0,0,0,9.418669000297086,0.0,0.026166999305132776,4.699915241816308,9.4,615.828125,False
1773592692.347501,787,0,0,0,0,9.408390997123206,0.0,0.02638900332385674,4.699915241816308,9.4,615.828125,False
1773592692.5604913,788,0,0,0,0,9.461890997044975,0.0,0.025258999812649563,4.699915241816308,18.8,615.828125,False
1773592692.773524,789,0,0,0,0,9.469761997024762,0.0,0.02601899905130267,4.699915241816308,9.4,615.828125,False
1773592692.9864817,790,0,0,0,0,9.46681799905491,0.0,0.025315002858405933,4.695874065651488,9.4,615.828125,False
1773592693.199373,791,0,0,0,0,9.429409998119809,0.0,0.025296001695096493,4.695874065651488,9.4,615.828125,False
1773592693.412292,792,0,0,0,0,9.442113998375135,0.0,0.026351997803431004,4.695874065651488,14.1,615.828125,False
1773592693.6243508,793,0,0,0,0,8.581329999287846,0.0,0.024315002519870177,4.695874065651488,14.1,615.828125,False
1773592693.8373122,794,0,0,0,0,9.413019997737138,0.0,0.025555000320309773,4.695874065651488,9.4,615.828125,False
1773592694.0502143,795,0,0,0,0,9.404428001289489,0.0,0.025945002562366426,4.700406128688106,9.4,615.828125,False
1773592694.2631907,796,0,0,0,0,9.378632003063103,0.0,0.025555000320309773,4.700406128688106,9.4,615.828125,False
1773592694.4760373,797,0,0,0,0,9.409873000549851,0.0,0.025148001441266388,4.700406128688106,9.4,615.828125,False
1773592694.689018,798,0,0,0,0,9.505985002761008,0.0,0.025481996999587864,4.700406128688106,18.8,615.828125,False
1773592694.9019191,799,0,0,0,0,9.460188000957714,0.0,0.024795997887849808,4.700406128688106,9.4,615.828125,False
1773592695.1150897,800,0,0,0,0,9.424836000107462,0.0,0.027166999643668532,4.695412509221663,9.4,615.84375,False
1773592695.3280606,801,0,0,0,0,9.45761399998446,0.0,0.026129000616492704,4.695412509221663,9.4,615.84375,False
1773592695.5411108,802,0,0,0,0,9.509651001280872,0.0,0.025296998501289636,4.695412509221663,9.4,615.84375,False
1773592695.754046,803,0,0,0,0,9.463131998927565,0.0,0.025130000722128898,4.695412509221663,18.8,615.84375,False
1773592695.966912,804,0,0,0,0,9.412612998858094,0.0,0.02492600106052123,4.695412509221663,9.4,615.84375,False
1773592696.1799815,805,0,0,0,0,9.509299001365434,0.0,0.02663000122993253,4.695304230079651,9.4,615.84375,False
1773592696.3929408,806,0,0,0,0,9.473447000345914,0.0,0.02653800038387999,4.695304230079651,14.1,615.84375,False
1773592696.605974,807,0,0,0,0,9.528799000690924,0.0,0.024815002689138055,4.695304230079651,9.4,615.84375,False
1773592696.819427,808,0,0,0,0,9.863504998065764,0.0,0.025352001102874056,4.695304230079651,14.1,615.84375,False
1773592697.0324125,809,0,0,0,0,9.457113999815192,0.0,0.02651899922057055,4.695304230079651,14.1,615.84375,False
1773592697.24536,810,0,0,0,0,9.438705998036312,0.0,0.025110999558819458,4.693164901878115,9.4,615.84375,False
1773592697.4583404,811,0,0,0,0,9.471706001932034,0.0,0.025203997211065143,4.693164901878115,9.4,615.84375,False
1773592697.6713893,812,0,0,0,0,9.49442899946007,0.0,0.026147998141823336,4.693164901878115,9.4,615.84375,False
1773592697.8845544,813,0,0,0,0,9.478206000494538,0.0,0.025870998797472566,4.693164901878115,18.8,615.84375,False
1773592698.0975556,814,0,0,0,0,9.437964999960968,0.0,0.025555997126502916,4.693164901878115,9.4,615.84375,False
1773592698.3105605,815,0,0,0,0,9.488169998803642,0.0,0.025407000066479668,4.693968497405523,9.4,615.84375,False
1773592698.5236785,816,0,0,0,0,9.44981800057576,0.0,0.025240999093512073,4.693968497405523,9.4,615.84375,False
1773592698.7367156,817,0,0,0,0,9.473575999436434,0.0,0.027018999389838427,4.693968497405523,14.1,615.859375,False
1773592698.94961,818,0,0,0,0,9.42235399998026,0.0,0.02540799687267281,4.693968497405523,18.8,615.859375,False
1773592699.1624324,819,0,0,0,0,9.391743002197472,0.0,0.025888999516610056,4.693968497405523,4.7,615.859375,False
1773592699.3753595,820,0,0,0,0,9.447391999856336,0.0,0.027334001060808077,4.695758405178977,9.4,615.859375,False
1773592699.5883737,821,0,0,0,0,9.397298999829218,0.0,0.025722001737449318,4.695758405178977,9.4,615.859375,False
1773592699.8013222,822,0,0,0,0,9.447540000110166,0.0,0.02548100019339472,4.695758405178977,9.4,615.859375,False
1773592700.014255,823,0,0,0,0,9.43405799989705,0.0,0.025518998882034793,4.695758405178977,18.8,615.859375,False
1773592700.2272651,824,0,0,0,0,9.384797998791328,0.0,0.02681499972823076,4.695758405178977,9.4,615.859375,False
1773592700.4407926,825,0,0,0,0,9.900875997118419,0.0,0.05440699897008017,4.6928949975395975,9.4,615.859375,False
1773592700.654709,826,0,0,0,0,10.439026998938061,0.0,0.0254259975918103,4.6928949975395975,9.3,615.859375,False
1773592700.8676002,827,0,0,0,0,9.283335002692183,0.0,0.025407000066479668,4.6928949975395975,14.1,615.859375,False
1773592701.0800278,828,0,0,0,0,8.908647003408987,0.0,0.02490800034138374,4.6928949975395975,14.1,615.859375,False
1773592701.2930722,829,0,0,0,0,9.479576001467649,0.0,0.02518600012990646,4.6928949975395975,9.4,615.859375,False
1773592701.505614,830,0,0,0,0,9.044259000802413,0.0,0.026519002858549356,4.695659572562498,9.4,615.859375,False
1773592701.7186434,831,0,0,0,0,9.504298999672756,0.0,0.026148998585995287,4.695659572562498,14.1,615.859375,False
1773592701.9315386,832,0,0,0,0,9.392261999892071,0.0,0.02661100006662309,4.695659572562498,9.4,615.859375,False
1773592702.1446512,833,0,0,0,0,9.47537300089607,0.0,0.026091998734045774,4.695659572562498,18.8,615.859375,False
1773592702.3577082,834,0,0,0,0,9.50111400015885,0.0,0.02596400008769706,4.695659572562498,9.4,615.859375,False
1773592702.5708144,835,0,0,0,0,9.469890999753261,0.0,0.02544499875511974,4.693977953108388,9.4,615.859375,False
1773592702.7837002,836,0,0,0,0,9.39913199908915,0.0,0.026704001356847584,4.693977953108388,9.4,615.859375,False
1773592702.9966743,837,0,0,0,0,9.42626200048835,0.0,0.02633400072227232,4.693977953108388,14.1,615.859375,False
1773592703.2095673,838,0,0,0,0,9.408391000761185,0.0,0.025536999601172283,4.693977953108388,18.8,615.859375,False
1773592703.4224966,839,0,0,0,0,9.405428001628025,0.0,0.025130000722128898,4.693977953108388,9.4,615.859375,False
1773592703.6354203,840,0,0,0,0,9.433964998606825,0.0,0.025556000764481723,4.696573407138319,9.4,615.859375,False
1773592703.848373,841,0,0,0,0,9.408095000253525,0.0,0.0268340008915402,4.696573407138319,9.4,615.859375,False
1773592704.061353,842,0,0,0,0,9.46104000104242,0.0,0.02568499985500239,4.696573407138319,9.4,615.859375,False
1773592704.2742336,843,0,0,0,0,9.421501999895554,0.0,0.02461099938955158,4.696573407138319,18.8,615.859375,False
1773592704.487068,844,0,0,0,0,9.282333998271497,0.0,0.025369998184032738,4.696573407138319,9.4,615.859375,False
1773592704.6998923,845,0,0,0,0,9.375595000165049,0.0,0.027352001779945567,4.697173008510517,9.4,615.859375,False
1773592704.9130106,846,0,0,0,0,9.528373000648571,0.0,0.02387100175837986,4.697173008510517,14.1,615.859375,False
1773592705.125977,847,0,0,0,0,9.458112999709556,0.0,0.02351799776079133,4.697173008510517,9.4,615.859375,False
1773592705.3388402,848,0,0,0,0,9.376149999297922,0.0,0.02568499985500239,4.697173008510517,18.8,615.859375,False
1773592705.5517597,849,0,0,0,0,9.440261997951893,0.0,0.02709299951675348,4.697173008510517,9.4,615.859375,False
1773592705.7646155,850,0,0,0,0,9.353835001093103,0.0,0.026426001568324864,4.696159035308212,9.4,615.859375,False
1773592705.9775147,851,0,0,0,0,9.411391998582985,0.0,0.02629599839565344,4.696159035308212,9.4,615.859375,False
1773592706.1903687,852,0,0,0,0,9.354557001643116,0.0,0.025297002139268443,4.696159035308212,9.4,615.859375,False
1773592706.4032273,853,0,0,0,0,9.400946000823751,0.0,0.026147998141823336,4.696159035308212,18.8,615.859375,False
1773592706.616069,854,0,0,0,0,9.36526100122137,0.0,0.025833996915025637,4.696159035308212,9.4,615.859375,False
1773592706.8291042,855,0,0,0,0,9.496429000137141,0.0,0.023796997993486002,4.69695524083533,9.4,615.859375,False
1773592707.0420377,856,0,0,0,0,9.426075997907901,0.0,0.02490699989721179,4.69695524083533,9.4,615.859375,False
1773592707.2548435,857,0,0,0,0,9.348372001113603,0.0,0.024852000933606178,4.69695524083533,9.4,615.859375,False
1773592707.467793,858,0,0,0,0,9.38009500168846,0.0,0.028593000024557114,4.69695524083533,18.8,615.875,False
1773592707.6807098,859,0,0,0,0,9.368150000227615,0.0,0.02627800131449476,4.69695524083533,9.4,615.875,False
1773592707.8935947,860,0,0,0,0,9.429557998373639,0.0,0.025369998184032738,4.697111989444471,9.4,615.875,False
1773592708.1063836,861,0,0,0,0,9.33392799925059,0.0,0.024462999135721475,4.697111989444471,9.4,615.875,False
1773592708.3191915,862,0,0,0,0,9.332057001302019,0.0,0.02629599839565344,4.697111989444471,9.4,615.875,False
1773592708.5315876,863,0,0,0,0,8.887035997759085,0.0,0.024500001018168405,4.697111989444471,18.8,615.875,False
1773592708.7445328,864,0,0,0,0,9.409743001015158,0.0,0.025037003069883212,4.697111989444471,9.4,615.875,False
1773592708.9575026,865,0,0,0,0,9.459225002501626,0.0,0.025610999728087336,4.6996603581791465,9.4,615.875,False
1773592709.1706426,866,0,0,0,0,9.552909999911208,0.0,0.02570400101831183,4.6996603581791465,9.4,615.875,False
1773592709.3835232,867,0,0,0,0,9.356334998301463,0.0,0.02657400182215497,4.6996603581791465,9.4,615.875,False
1773592709.5964742,868,0,0,0,0,9.406020002643345,0.0,0.025055000151041895,4.6996603581791465,18.8,615.875,False
1773592709.8094122,869,0,0,0,0,9.43061299767578,0.0,0.02486999801476486,4.6996603581791465,9.4,615.875,False
1773592710.0224314,870,0,0,0,0,9.379891002026852,0.0,0.02596299964352511,4.695186495320826,9.4,615.875,False
1773592710.2353787,871,0,0,0,0,9.36044700210914,0.0,0.02546399991842918,4.695186495320826,9.4,615.875,False
1773592710.4482925,872,0,0,0,0,9.436409000045387,0.0,0.025055000151041895,4.695186495320826,9.4,615.875,False
1773592710.661206,873,0,0,0,0,9.4496510027966,0.0,0.02592599776107818,4.695186495320826,18.8,615.875,False
1773592710.8742578,874,0,0,0,0,9.583189003024017,0.0,0.024148001102730632,4.695186495320826,9.4,615.875,False
1773592711.0870602,875,0,0,0,0,9.34044600217021,0.0,0.025555000320309773,4.696493471854546,9.4,615.875,False
1773592711.300046,876,0,0,0,0,9.422316998097813,0.0,0.025834000553004444,4.696493471854546,9.4,615.875,False
1773592711.513037,877,0,0,0,0,9.445335999771487,0.0,0.023888998839538544,4.696493471854546,9.4,615.875,False
1773592711.7259781,878,0,0,0,0,9.458892000111518,0.0,0.02572299854364246,4.696493471854546,18.8,615.875,False
1773592711.938943,879,0,0,0,0,9.385982997628162,0.0,0.024703997041797265,4.696493471854546,9.4,615.875,False
1773592712.151913,880,0,0,0,0,9.423908999451669,0.0,0.025055000151041895,4.695488202461404,9.4,615.875,False
1773592712.364805,881,0,0,0,0,9.33426099800272,0.0,0.0550559998373501,4.695488202461404,14.1,615.875,False
1773592712.5776675,882,0,0,0,0,9.410612998181023,0.0,0.02601899905130267,4.695488202461404,9.4,615.875,False
1773592712.7906082,883,0,0,0,0,9.396706002007704,0.0,0.024203996872529387,4.695488202461404,14.1,615.875,False
1773592713.0034235,884,0,0,0,0,9.33316900045611,0.0,0.02520400084904395,4.695488202461404,9.4,615.875,False
1773592713.216382,885,0,0,0,0,9.392151001520688,0.0,0.025092998839681968,4.697218247807004,14.1,615.890625,False
1773592713.4292855,886,0,0,0,0,9.407114001078298,0.0,0.024537999706808478,4.697218247807004,9.4,615.890625,False
1773592713.6421835,887,0,0,0,0,9.44076200175914,0.0,0.02437100192764774,4.697218247807004,9.4,615.890625,False
1773592713.8551517,888,0,0,0,0,9.380760999192717,0.0,0.02568499985500239,4.697218247807004,18.8,615.90625,False
1773592714.0680315,889,0,0,0,0,9.36763199933921,0.0,0.02494500222383067,4.697218247807004,9.4,615.90625,False
1773592714.2809577,890,0,0,0,0,9.441687001526589,0.0,0.0248889991780743,4.696676485599807,9.4,615.90625,False
1773592714.4939587,891,0,0,0,0,9.494558002188569,0.0,0.025852001272141933,4.696676485599807,9.4,615.90625,False
1773592714.7069416,892,0,0,0,0,9.412355000677053,0.0,0.025574998289812356,4.696676485599807,9.4,615.90625,False
1773592714.9197943,893,0,0,0,0,9.37855799929821,0.0,0.025536999601172283,4.696676485599807,18.8,615.90625,False
1773592715.1327403,894,0,0,0,0,9.434112998860655,0.0,0.02516699896659702,4.696676485599807,4.7,615.90625,False
1773592715.345601,895,0,0,0,0,9.39783500143676,0.0,0.025093002477660775,4.696400918609456,9.4,615.90625,False
1773592715.5585313,896,0,0,0,0,9.467354000662453,0.0,0.02490800034138374,4.696400918609456,14.1,615.90625,False
1773592715.7714229,897,0,0,0,0,9.364816000015708,0.0,0.02625900015118532,4.696400918609456,9.4,615.90625,False
1773592715.9844067,898,0,0,0,0,9.47102099962649,0.0,0.024592001864220947,4.696400918609456,18.8,615.90625,False
1773592716.1973786,899,0,0,0,0,9.441391997825122,0.0,0.025722001737449318,4.696400918609456,9.4,615.90625,False
1773592716.410288,900,0,0,0,0,9.416002001671586,0.0,0.02463000055286102,4.696242114154527,9.4,615.90625,False
1773592716.623149,901,0,0,0,0,9.38678000238724,0.0,0.026722998882178217,4.696242114154527,9.4,615.90625,False
1773592716.836001,902,0,0,0,0,9.372336000524228,0.0,0.02603699977044016,4.696242114154527,9.4,615.90625,False
1773592717.048311,903,0,0,0,0,8.808276998024667,0.0,0.024666998797329143,4.696242114154527,18.8,615.90625,False
1773592717.261229,904,0,0,0,0,9.385631998156896,0.0,0.024554999981774017,4.696242114154527,9.4,615.90625,False
1773592717.4740176,905,0,0,0,0,9.356187001685612,0.0,0.025795998226385564,4.700468286914437,9.4,615.90625,False
1773592717.6869648,906,0,0,0,0,9.379577000800055,0.0,0.024962999304989353,4.700468286914437,9.4,615.90625,False
1773592717.8998208,907,0,0,0,0,9.380354000313673,0.0,0.024685999960638583,4.700468286914437,9.4,615.90625,False
1773592718.1128206,908,0,0,0,0,9.407353998540202,0.0,0.025648001610534266,4.700468286914437,18.8,615.90625,False
1773592718.3257093,909,0,0,0,0,9.407520999957342,0.0,0.02572299854364246,4.700468286914437,9.4,615.90625,False
1773592718.5386407,910,0,0,0,0,9.460668999963673,0.0,0.024406999727943912,4.69646612619791,14.1,615.90625,False
1773592718.7515533,911,0,0,0,0,9.427427998161875,0.0,0.023944998247316107,4.69646612619791,9.4,615.90625,False
1773592718.9644394,912,0,0,0,0,9.318982996774139,0.0,0.02598200080683455,4.69646612619791,9.4,615.90625,False
1773592719.1772435,913,0,0,0,0,9.343613000964979,0.0,0.0248889991780743,4.69646612619791,14.1,615.90625,False
1773592719.3901381,914,0,0,0,0,9.384187000250677,0.0,0.02403699909336865,4.69646612619791,9.4,615.90625,False
1773592719.602985,915,0,0,0,0,9.35639100134722,0.0,0.02461199983372353,4.69777171066691,9.4,615.90625,False
1773592719.815827,916,0,0,0,0,9.291168000345351,0.0,0.02522200156818144,4.69777171066691,9.4,615.90625,False
1773592720.0286963,917,0,0,0,0,9.357946000818629,0.0,0.02533399674575776,4.69777171066691,9.4,615.90625,False
1773592720.2416441,918,0,0,0,0,9.465225000894861,0.0,0.025332999939564615,4.69777171066691,18.8,615.90625,False
1773592720.4545014,919,0,0,0,0,9.349150001071393,0.0,0.02518499968573451,4.69777171066691,9.4,615.90625,False
1773592720.6669307,920,0,0,0,0,8.955795998190297,0.0,0.024204000510508195,4.6994549968482096,9.4,615.90625,False
1773592720.8796964,921,0,0,0,0,9.326798000984127,0.0,0.025036999431904405,4.6994549968482096,9.4,615.90625,False
1773592721.092655,922,0,0,0,0,9.37683599840966,0.0,0.024536999262636527,4.6994549968482096,14.1,615.90625,False
1773592721.305394,923,0,0,0,0,9.261130999220768,0.0,0.02463000055286102,4.6994549968482096,18.8,615.90625,False
1773592721.5182617,924,0,0,0,0,9.370965002744924,0.0,0.025314999220427126,4.6994549968482096,9.4,615.90625,False
1773592721.7306116,925,0,0,0,0,8.901795001293067,0.0,0.02550000135670416,4.700675844087844,9.4,615.90625,False
1773592721.9433534,926,0,0,0,0,9.25548300074297,0.0,0.026370998966740444,4.700675844087844,9.4,615.90625,False
1773592722.1561334,927,0,0,0,0,9.250537998013897,0.0,0.02520400084904395,4.700675844087844,9.4,615.90625,False
1773592722.3691344,928,0,0,0,0,9.426335000171093,0.0,0.024481003492837772,4.700675844087844,18.8,615.90625,False
1773592722.581986,929,0,0,0,0,9.413409999979194,0.0,0.026204001187579706,4.700675844087844,9.4,615.90625,False
1773592722.794882,930,0,0,0,0,9.393002001161221,0.0,0.025278000975959003,4.69810216701898,9.4,615.90625,False
1773592723.0076845,931,0,0,0,0,9.275964999687858,0.0,0.025130000722128898,4.69810216701898,9.4,615.90625,False
1773592723.2205517,932,0,0,0,0,9.34235399836325,0.0,0.02524100273149088,4.69810216701898,9.4,615.90625,False
1773592723.4334352,933,0,0,0,0,9.371131000079913,0.0,0.025148001441266388,4.69810216701898,18.8,615.90625,False
1773592723.6462593,934,0,0,0,0,9.347854000225198,0.0,0.0243520007643383,4.69810216701898,9.4,615.90625,False
1773592723.85912,935,0,0,0,0,9.381094998389017,0.0,0.025369998184032738,4.698222153121818,9.4,615.90625,False
1773592724.0715296,936,0,0,0,0,8.881572997779585,0.0,0.027573998522711918,4.698222153121818,9.4,615.90625,False
1773592724.2844303,937,0,0,0,0,9.480094999162247,0.0,0.025388999347342178,4.698222153121818,9.4,615.90625,False
1773592724.4974282,938,0,0,0,0,9.425372998521198,0.0,0.02416600182186812,4.698222153121818,18.8,615.90625,False
1773592724.710457,939,0,0,0,0,9.461595000175294,0.0,0.025278000975959003,4.698222153121818,9.4,615.90625,False
1773592724.9233074,940,0,0,0,0,9.375705998536432,0.0,0.02637100260471925,4.698430564604227,9.4,615.90625,False
1773592725.1363323,941,0,0,0,0,9.361798998725135,0.0,0.025851997634163126,4.698430564604227,9.4,615.90625,False
1773592725.3492007,942,0,0,0,0,9.3704089995299,0.0,0.02496300294296816,4.698430564604227,9.4,615.90625,False
1773592725.561574,943,0,0,0,0,8.858609999151668,0.0,0.023906999558676034,4.698430564604227,18.8,615.90625,False
1773592725.7744043,944,0,0,0,0,9.37292799790157,0.0,0.02463000055286102,4.698430564604227,9.4,615.90625,False
1773592725.9872324,945,0,0,0,0,9.354891000839416,0.0,0.026721998438006267,4.699597168165708,9.4,615.90625,False
1773592726.2001157,946,0,0,0,0,9.332947000075364,0.0,0.024185999791370705,4.699597168165708,9.4,615.90625,False
1773592726.4129732,947,0,0,0,0,9.38678000238724,0.0,0.02490800034138374,4.699597168165708,14.1,615.90625,False
1773592726.6268573,948,0,0,0,0,9.333243000583025,0.0,0.025315002858405933,4.699597168165708,14.1,615.90625,False
1773592726.8396952,949,0,0,0,0,9.3618159990001,0.0,0.026592999347485602,4.699597168165708,14.0,615.90625,False
1773592727.0526478,950,0,0,0,0,9.37366799917072,0.0,0.025593002646928653,4.693103986902333,9.4,615.90625,False
1773592727.2655044,951,0,0,0,0,9.344187001261162,0.0,0.026277997676515952,4.693103986902333,9.4,615.90625,False
1773592727.4782348,952,0,0,0,0,9.264890002668835,0.0,0.024704000679776073,4.693103986902333,9.4,615.90625,False
1773592727.6912892,953,0,0,0,0,9.488521001912886,0.0,0.02516699896659702,4.693103986902333,18.8,615.90625,False
1773592727.9041207,954,0,0,0,0,9.35685400327202,0.0,0.024795997887849808,4.693103986902333,9.4,615.90625,False
1773592728.1170373,955,0,0,0,0,9.388872000272386,0.0,0.02548100019339472,4.697402370213147,9.4,615.90625,False
1773592728.3298407,956,0,0,0,0,9.323426998889772,0.0,0.02601900268928148,4.697402370213147,9.4,615.90625,False
1773592728.5427594,957,0,0,0,0,9.407964997080853,0.0,0.024426000891253352,4.697402370213147,9.4,615.90625,False
1773592728.755622,958,0,0,0,0,9.348278999823378,0.0,0.02507499812054448,4.697402370213147,14.1,615.90625,False
1773592728.9683945,959,0,0,0,0,9.301871999923605,0.0,0.025056000595213845,4.697402370213147,9.4,615.921875,False
1773592729.181251,960,0,0,0,0,9.417188000952592,0.0,0.025167002604575828,4.698309515280273,14.1,615.921875,False
1773592729.3941445,961,0,0,0,0,9.416429002158111,0.0,0.025833000108832493,4.698309515280273,9.4,615.921875,False
1773592729.6069896,962,0,0,0,0,9.394354001415195,0.0,0.02579600186436437,4.698309515280273,9.4,615.921875,False
1773592729.8198848,963,0,0,0,0,9.414168998773675,0.0,0.026462999812792987,4.698309515280273,18.8,615.921875,False
1773592730.03284,964,0,0,0,0,9.428187000594335,0.0,0.025074001314351335,4.698309515280273,9.4,615.921875,False
1773592730.24574,965,0,0,0,0,9.439724999538157,0.0,0.024962999304989353,4.697097260941909,9.4,615.921875,False
1773592730.4586568,966,0,0,0,0,9.391724001034163,0.0,0.024463002773700282,4.697097260941909,9.4,615.921875,False
1773592730.671632,967,0,0,0,0,9.375631998409517,0.0,0.023684999177930877,4.697097260941909,9.4,615.921875,False
1773592730.884432,968,0,0,0,0,9.361872002045857,0.0,0.025369998184032738,4.697097260941909,18.8,615.921875,False
1773592731.0974026,969,0,0,0,0,9.47444700068445,0.0,0.025408000510651618,4.697097260941909,9.4,615.921875,False
1773592731.3102837,970,0,0,0,0,9.402761003002524,0.0,0.02518600012990646,4.696870032893624,9.4,615.9375,False
1773592731.5232112,971,0,0,0,0,9.426373002497712,0.0,0.024814999051159248,4.696870032893624,9.4,615.953125,False
1773592731.73608,972,0,0,0,0,9.38007600052515,0.0,0.025332999939564615,4.696870032893624,9.4,615.953125,False
1773592731.9490242,973,0,0,0,0,9.427279997908045,0.0,0.025074001314351335,4.696870032893624,18.8,615.953125,False
1773592732.1619344,974,0,0,0,0,9.45155899898964,0.0,0.024462999135721475,4.696870032893624,9.4,615.953125,False
1773592732.3748522,975,0,0,0,0,9.439946999918902,0.0,0.02579700230853632,4.696761686519143,9.4,615.953125,False
1773592732.5877652,976,0,0,0,0,9.441723999771057,0.0,0.02572300218162127,4.696761686519143,14.1,615.953125,False
1773592732.8007426,977,0,0,0,0,9.368890001496766,0.0,0.024666998797329143,4.696761686519143,4.7,615.953125,False
1773592733.013776,978,0,0,0,0,9.41376099945046,0.0,0.025332999939564615,4.696761686519143,18.8,615.953125,False
1773592733.2266264,979,0,0,0,0,9.370612999191508,0.0,0.025296001695096493,4.696761686519143,9.4,615.953125,False
1773592733.439431,980,0,0,0,0,9.337576000689296,0.0,0.025426001229789108,4.696706989277414,9.4,615.953125,False
1773592733.653252,981,0,0,0,0,10.367359998781467,0.0,0.02431499888189137,4.696706989277414,9.4,615.953125,False
1773592733.8660948,982,0,0,0,0,9.377075999509543,0.0,0.024852000933606178,4.696706989277414,9.4,615.953125,False
1773592734.078643,983,0,0,0,0,9.065907001058804,0.0,0.024832999770296738,4.696706989277414,18.8,615.953125,False
1773592734.291457,984,0,0,0,0,9.340426997368922,0.0,0.024834000214468688,4.696706989277414,9.4,615.953125,False
1773592734.5042799,985,0,0,0,0,9.360076001030393,0.0,0.02537099862820469,4.695513434083643,9.4,615.953125,False
1773592734.7172604,986,0,0,0,0,9.413595002115471,0.0,0.024963999749161303,4.695513434083643,9.4,615.953125,False
1773592734.9301496,987,0,0,0,0,9.434742998564616,0.0,0.025593002646928653,4.695513434083643,9.4,615.953125,False
1773592735.1429572,988,0,0,0,0,9.348169001896167,0.0,0.025000001187436283,4.695513434083643,18.8,615.953125,False
1773592735.3559031,989,0,0,0,0,9.420205999049358,0.0,0.02629600203363225,4.695513434083643,9.4,615.953125,False
1773592735.5688536,990,0,0,0,0,9.407447003468405,0.0,0.025593002646928653,4.696684900367846,9.4,615.953125,False
1773592735.7817667,991,0,0,0,0,9.439892000955297,0.0,0.025610999728087336,4.696684900367846,14.1,615.953125,False
1773592735.994713,992,0,0,0,0,9.41779800268705,0.0,0.0260560009337496,4.696684900367846,9.4,615.953125,False
1773592736.207592,993,0,0,0,0,9.363039000163553,0.0,0.026777001039590687,4.696684900367846,14.1,615.953125,False
1773592736.4205682,994,0,0,0,0,9.39320599718485,0.0,0.026740999601315707,4.696684900367846,14.1,615.953125,False
1773592736.633445,995,0,0,0,0,9.413260999281192,0.0,0.02548200063756667,4.696679641134288,9.4,615.953125,False
1773592736.8462915,996,0,0,0,0,9.385224999277852,0.0,0.025167002604575828,4.696679641134288,9.4,615.953125,False
1773592737.059199,997,0,0,0,0,9.370150000904687,0.0,0.0260560009337496,4.696679641134288,9.4,615.953125,False
1773592737.2720304,998,0,0,0,0,9.33968699973775,0.0,0.02494500222383067,4.696679641134288,18.8,615.953125,False
1773592737.4849777,999,0,0,0,0,9.47131699649617,0.0,0.024852000933606178,4.696679641134288,9.4,615.953125,False
1773592737.6979423,1000,0,0,0,0,9.421039001608733,0.0,0.024648998078191653,4.697054128001462,9.4,615.953125,False
1773592737.9108434,1001,0,0,0,0,9.354243000416318,0.0,0.025833000108832493,4.697054128001462,9.4,615.953125,False
1773592738.123706,1002,0,0,0,0,9.387538997543743,0.0,0.02524100273149088,4.697054128001462,9.4,615.953125,False
1773592738.3360746,1003,0,0,0,0,8.897831998183392,0.0,0.024482000299030915,4.697054128001462,18.8,615.953125,False
1773592738.5490236,1004,0,0,0,0,9.452631999010919,0.0,0.02494400177965872,4.697054128001462,9.4,615.953125,False
1773592738.7619226,1005,0,0,0,0,9.393039999849861,0.0,0.024777997168712318,4.6993265235010915,9.4,615.953125,False
1773592738.9747627,1006,0,0,0,0,9.379243001603754,0.0,0.024759003281360492,4.6993265235010915,9.4,615.953125,False
1773592739.18764,1007,0,0,0,0,9.399853999639163,0.0,0.025610999728087336,4.6993265235010915,9.4,615.953125,False
1773592739.4004836,1008,0,0,0,0,9.38709399997606,0.0,0.024647997634019703,4.6993265235010915,18.8,615.953125,False
1773592739.6134548,1009,0,0,0,0,9.416094999323832,0.0,0.025426001229789108,4.6993265235010915,9.4,615.953125,False
1773592739.8267047,1010,0,0,0,0,9.38431699978537,0.0,0.025814999389695004,4.695835161038454,9.4,615.953125,False
1773592740.0395865,1011,0,0,0,0,9.372372001962503,0.0,0.02568499985500239,4.695835161038454,9.4,615.953125,False
1773592740.2524893,1012,0,0,0,0,9.367299000587082,0.0,0.02599999788799323,4.695835161038454,9.4,615.953125,False
1773592740.465505,1013,0,0,0,0,9.42161399871111,0.0,0.025538000045344234,4.695835161038454,18.8,615.953125,False
1773592740.6784317,1014,0,0,0,0,9.402742998645408,0.0,0.025592999008949846,4.695835161038454,9.4,615.953125,False
1773592740.8914487,1015,0,0,0,0,9.481316999881528,0.0,0.02438900264678523,4.695967649658285,14.1,615.953125,False
1773592741.1042888,1016,0,0,0,0,9.376409998367308,0.0,0.024962999304989353,4.695967649658285,9.4,615.953125,False
1773592741.3172324,1017,0,0,0,0,9.397113000886748,0.0,0.02492600106052123,4.695967649658285,9.4,615.953125,False
1773592741.530104,1018,0,0,0,0,9.428243000002112,0.0,0.026685000193538144,4.695967649658285,18.8,615.953125,False
1773592741.7429864,1019,0,0,0,0,9.418724999704864,0.0,0.025888999516610056,4.695967649658285,9.4,615.953125,False
1773592741.955819,1020,0,0,0,0,9.366353999212151,0.0,0.02570399738033302,4.697631754316211,9.4,615.953125,False
1773592742.1687822,1021,0,0,0,0,9.43970699881902,0.0,0.026166999305132776,4.697631754316211,9.4,615.953125,False
1773592742.3816595,1022,0,0,0,0,9.394149998115608,0.0,0.024536999262636527,4.697631754316211,9.4,615.953125,False
1773592742.5940578,1023,0,0,0,0,8.915888000046834,0.0,0.02607400165288709,4.697631754316211,18.8,615.953125,False
1773592742.8069391,1024,0,0,0,0,9.366909001983004,0.0,0.025870998797472566,4.697631754316211,9.4,615.953125,False
1773592743.019799,1025,0,0,0,0,9.38555800166796,0.0,0.025110999558819458,4.699325470469894,9.4,615.953125,False
1773592743.2327769,1026,0,0,0,0,9.387539001181722,0.0,0.025334000383736566,4.699325470469894,9.4,615.953125,False
1773592743.4456809,1027,0,0,0,0,9.381372001371346,0.0,0.025130000722128898,4.699325470469894,9.4,615.953125,False
1773592743.6585352,1028,0,0,0,0,9.390798000822542,0.0,0.02403699909336865,4.699325470469894,18.8,615.953125,False
1773592743.8713603,1029,0,0,0,0,9.3598169987672,0.0,0.02524100273149088,4.699325470469894,9.4,615.953125,False
1773592744.084272,1030,0,0,0,0,9.361891003209166,0.0,0.025278000975959003,4.697279269633854,9.4,615.96875,False
1773592744.2972538,1031,0,0,0,0,9.41689100000076,0.0,0.02564799797255546,4.697279269633854,9.4,615.96875,False
1773592744.5101323,1032,0,0,0,0,9.333020003396086,0.0,0.02537099862820469,4.697279269633854,9.4,615.96875,False
1773592744.723044,1033,0,0,0,0,9.37898299889639,0.0,0.024537999706808478,4.697279269633854,18.8,615.96875,False
1773592744.9358613,1034,0,0,0,0,9.369076000439236,0.0,0.026166999305132776,4.697279269633854,9.4,615.96875,False
1773592745.1489382,1035,0,0,0,0,9.451298003114061,0.0,0.025295998057117686,4.696191635517744,9.4,615.96875,False
1773592745.3618205,1036,0,0,0,0,9.426501997950254,0.0,0.02599999788799323,4.696191635517744,9.4,615.96875,False
1773592745.574706,1037,0,0,0,0,9.428243000002112,0.0,0.024370998289668933,4.696191635517744,9.4,615.96875,False
1773592745.7870557,1038,0,0,0,0,8.870647998264758,0.0,0.02342599691473879,4.696191635517744,18.8,615.96875,False
1773592745.9998865,1039,0,0,0,0,9.407205998286372,0.0,0.025260000256821513,4.696191635517744,9.4,615.96875,False
1773592746.2127903,1040,0,0,0,0,9.38383600077941,0.0,0.05414800034486689,4.6999047088869945,9.4,615.96875,False
1773592746.4256537,1041,0,0,0,0,9.4025389989838,0.0,0.02437000148347579,4.6999047088869945,9.4,615.96875,False
1773592746.638555,1042,0,0,0,0,9.445391999179265,0.0,0.023684999177930877,4.6999047088869945,9.4,615.96875,False
1773592746.851479,1043,0,0,0,0,9.358297997096088,0.0,0.025222998374374583,4.6999047088869945,18.8,615.96875,False
1773592747.0642157,1044,0,0,0,0,9.236278998287162,0.0,0.02431499888189137,4.6999047088869945,9.4,615.96875,False
1773592747.2771356,1045,0,0,0,0,9.361262000311399,0.0,0.025444001948926598,4.69782432799324,9.4,615.96875,False
1773592747.490049,1046,0,0,0,0,9.270760998333571,0.0,0.023721997422399,4.69782432799324,9.4,615.96875,False
1773592747.702838,1047,0,0,0,0,9.250352999515599,0.0,0.025110999558819458,4.69782432799324,9.4,615.96875,False
1773592747.9156873,1048,0,0,0,0,9.3142789992271,0.0,0.02590699659776874,4.69782432799324,18.8,615.96875,False
1773592748.128574,1049,0,0,0,0,9.30772400170099,0.0,0.025408000510651618,4.69782432799324,9.4,615.96875,False
1773592748.3414028,1050,0,0,0,0,9.354169000289403,0.0,0.02494400177965872,4.698030599279194,9.4,615.96875,False
1773592748.554263,1051,0,0,0,0,9.349056999781169,0.0,0.023888998839538544,4.698030599279194,9.4,615.96875,False
1773592748.767092,1052,0,0,0,0,9.337465002317913,0.0,0.026110999897355214,4.698030599279194,14.1,615.96875,False
1773592748.9799676,1053,0,0,0,0,9.380798997881357,0.0,0.025129000277956948,4.698030599279194,14.1,615.96875,False
1773592749.192831,1054,0,0,0,0,9.374797999043949,0.0,0.024814999051159248,4.698030599279194,9.4,615.96875,False
1773592749.405748,1055,0,0,0,0,9.412891002284596,0.0,0.02524100273149088,4.6977390885165065,14.1,615.984375,False
1773592749.618646,1056,0,0,0,0,9.429057998204371,0.0,0.025813998945523053,4.6977390885165065,9.4,615.984375,False
1773592749.8315372,1057,0,0,0,0,9.390799001266714,0.0,0.026204001187579706,4.6977390885165065,9.4,615.984375,False
1773592750.0444295,1058,0,0,0,0,9.363039000163553,0.0,0.025555000320309773,4.6977390885165065,14.1,615.984375,False
1773592750.2573845,1059,0,0,0,0,9.406742999999551,0.0,0.025148001441266388,4.6977390885165065,9.4,615.984375,False
1773592750.4703853,1060,0,0,0,0,9.469853997870814,0.0,0.02568499985500239,4.696431418707686,9.4,615.984375,False
