timestamp,frame_index,motion_regions,yolo_detections,confirmed_tracks,new_confirmations,time_mog2_ms,time_yolo_ms,time_tracker_ms,fps,cpu_percent,ram_mb,yolo_ran
1773592863.075589,0,0,0,0,0,7.570805999421282,0.0,0.029425998945953324,0.0,0.0,456.984375,False
1773592863.2860718,1,0,0,0,0,7.125173000531504,0.0,0.026554997020866722,0.0,9.5,461.890625,False
1773592863.496201,2,0,0,0,0,7.077359001414152,0.0,0.022203999833436683,0.0,9.5,464.515625,False
1773592863.7064018,3,0,0,0,0,7.042043002002174,0.0,0.022332998923957348,0.0,9.5,467.5,False
1773592863.9165754,4,0,0,0,0,7.068988001265097,0.0,0.021926996851107106,4.757690702190603,9.5,470.140625,False
1773592864.1266778,5,0,0,0,0,7.086284000251908,0.0,0.021981999452691525,4.757690702190603,9.5,472.765625,False
1773592864.336796,6,0,0,0,0,7.12570999894524,0.0,0.021332998585421592,4.757690702190603,4.8,475.390625,False
1773592864.5468538,7,0,0,0,0,7.05693200143287,0.0,0.021333999029593542,4.757690702190603,9.5,478.015625,False
1773592864.7569714,8,0,0,0,0,7.026006001979113,0.0,0.021480998839251697,4.757690702190603,9.5,481.953125,False
1773592864.9670498,9,0,0,0,0,7.076507001329446,0.0,0.02075899828923866,4.759633246567673,9.5,484.578125,False
1773592865.1772099,10,0,0,0,0,7.085525001457427,0.0,0.02107399996020831,4.759633246567673,9.5,484.578125,False
1773592865.3873441,11,0,0,0,0,7.04308100102935,0.0,0.020573999790940434,4.759633246567673,4.8,484.578125,False
1773592865.5975037,12,0,0,0,0,7.053949997498421,0.0,0.02044400025624782,4.759633246567673,9.5,484.578125,False
1773592865.8075995,13,0,0,0,0,7.03480300217052,0.0,0.02098199911415577,4.759633246567673,9.5,484.578125,False
1773592866.017749,14,0,0,0,0,7.048172999930102,0.0,0.021481002477230504,4.75871090714152,9.5,484.578125,False
1773592866.2275352,15,0,0,0,0,6.626745001995005,0.0,0.01659299960010685,4.75871090714152,9.5,484.578125,False
1773592866.4372733,16,0,0,0,0,6.719171000440838,0.0,0.01940800211741589,4.75871090714152,4.8,484.578125,False
1773592866.647182,17,0,0,0,0,6.845708998298505,0.0,0.018704002286540344,4.75871090714152,9.5,484.578125,False
1773592866.8569121,18,0,0,0,0,6.6934850001416635,0.0,0.019314000383019447,4.75871090714152,9.5,484.578125,False
1773592867.0665834,19,0,0,0,0,6.6778189975593705,0.0,0.017612001101952046,4.767161389564333,9.5,484.578125,False
1773592867.2762685,20,0,0,0,0,6.656023000687128,0.0,0.018945000192616135,4.767161389564333,4.8,484.578125,False
1773592867.486018,21,0,0,0,0,6.720689998473972,0.0,0.018869999621529132,4.767161389564333,4.8,484.578125,False
1773592867.6961842,22,0,0,0,0,7.035801998426905,0.0,0.02153699824702926,4.767161389564333,9.5,484.578125,False
1773592867.906351,23,0,0,0,0,7.039764997898601,0.0,0.0213330022234004,4.767161389564333,14.3,484.578125,False
1773592868.116455,24,0,0,0,0,7.062303000566317,0.0,0.021649000700563192,4.762571129646775,4.8,484.578125,False
1773592868.32664,25,0,0,0,0,7.051598997350084,0.0,0.02131500150426291,4.762571129646775,9.5,484.578125,False
1773592868.5368598,26,0,0,0,0,7.1070439989853185,0.0,0.022018997697159648,4.762571129646775,4.8,484.578125,False
1773592868.7469702,27,0,0,0,0,7.052357999782544,0.0,0.021518000721698627,4.762571129646775,9.5,484.578125,False
1773592868.9571106,28,0,0,0,0,7.021468998573255,0.0,0.021481999283423647,4.762571129646775,14.3,484.578125,False
1773592869.1672382,29,0,0,0,0,7.034338999801548,0.0,0.02064899672404863,4.758349197129315,4.8,484.578125,False
1773592869.3774643,30,0,0,0,0,7.097839999914868,0.0,0.02127799962181598,4.758349197129315,9.5,484.578125,False
1773592869.5875502,31,0,0,0,0,7.022080000751885,0.0,0.021537001885008067,4.758349197129315,9.5,484.578125,False
1773592869.797651,32,0,0,0,0,7.039006002742099,0.0,0.020593000954249874,4.758349197129315,9.5,484.578125,False
1773592870.0077646,33,0,0,0,0,7.036266000795877,0.0,0.02099999983329326,4.758349197129315,14.3,484.578125,False
1773592870.2178657,34,0,0,0,0,7.042246998025803,0.0,0.02127799962181598,4.759055392569786,4.8,484.578125,False
1773592870.4303648,35,0,0,0,0,9.363445999042597,0.0,0.024462999135721475,4.759055392569786,9.4,484.578125,False
1773592870.643083,36,0,0,0,0,9.341371998743853,0.0,0.025167002604575828,4.759055392569786,9.4,484.578125,False
1773592870.8559554,37,0,0,0,0,9.438058001251193,0.0,0.025314999220427126,4.759055392569786,9.4,484.578125,False
1773592871.0689144,38,0,0,0,0,9.442891001526732,0.0,0.025851997634163126,4.759055392569786,18.8,484.578125,False
1773592871.2817771,39,0,0,0,0,9.455928000534186,0.0,0.024166998628061265,4.69982044715203,9.4,484.578125,False
1773592871.4945123,40,0,0,0,0,9.333853999123676,0.0,0.024778000806691125,4.69982044715203,9.4,484.578125,False
1773592871.7072175,41,0,0,0,0,9.211611999489833,0.0,0.02268599928356707,4.69982044715203,9.4,484.578125,False
1773592871.92009,42,0,0,0,0,9.3362799998431,0.0,0.025630000891396776,4.69982044715203,9.4,484.578125,False
1773592872.1328197,43,0,0,0,0,9.22068599902559,0.0,0.02185199991799891,4.69982044715203,14.1,484.578125,False
1773592872.3456705,44,0,0,0,0,9.360834999824874,0.0,0.02355600008741021,4.69968774104603,14.1,484.578125,False
1773592872.5583706,45,0,0,0,0,9.235148998413933,0.0,0.02185199991799891,4.69968774104603,9.4,484.578125,False
1773592872.7712796,46,0,0,0,0,9.366168000269681,0.0,0.026592999347485602,4.69968774104603,9.4,484.578125,False
1773592872.984037,47,0,0,0,0,9.369112998683704,0.0,0.025834000553004444,4.69968774104603,9.4,484.578125,False
1773592873.196654,48,0,0,0,0,9.232333999534603,0.0,0.02325899913557805,4.69968774104603,14.1,484.578125,False
1773592873.4092984,49,0,0,0,0,9.257407997210976,0.0,0.02387100175837986,4.700963504382653,9.4,484.578125,False
1773592873.6219802,50,0,0,0,0,9.295316001953324,0.0,0.02266699812025763,4.700963504382653,9.4,484.578125,False
1773592873.8347037,51,0,0,0,0,9.277983001084067,0.0,0.02292600038344972,4.700963504382653,14.1,484.578125,False
1773592874.0476422,52,0,0,0,0,9.533373999147443,0.0,0.02564799797255546,4.700963504382653,9.4,484.578125,False
1773592874.2604015,53,0,0,0,0,9.381058000144549,0.0,0.02514799780328758,4.700963504382653,14.1,484.578125,False
1773592874.47333,54,0,0,0,0,9.452965998207219,0.0,0.024723001843085513,4.699121191343668,9.4,484.578125,False
1773592874.6860275,55,0,0,0,0,9.253798001736868,0.0,0.023445001716027036,4.699121191343668,9.4,484.578125,False
1773592874.8986342,56,0,0,0,0,9.235760997398756,0.0,0.022852000256534666,4.699121191343668,9.4,484.578125,False
1773592875.1113274,57,0,0,0,0,9.238131002348382,0.0,0.02274100188515149,4.699121191343668,14.1,484.578125,False
1773592875.3240757,58,0,0,0,0,9.240186998795252,0.0,0.0230370023928117,4.699121191343668,14.1,484.578125,False
1773592875.5367997,59,0,0,0,0,9.278335000999505,0.0,0.02244500137749128,4.701574767667796,9.4,484.578125,False
1773592875.7495277,60,0,0,0,0,9.296667998569319,0.0,0.0235740008065477,4.701574767667796,14.1,484.578125,False
1773592875.962214,61,0,0,0,0,9.248261001630453,0.0,0.022537002223543823,4.701574767667796,9.4,484.578125,False
1773592876.1748142,62,0,0,0,0,9.162092999758897,0.0,0.021926000044913962,4.701574767667796,9.4,484.578125,False
1773592876.3871512,63,0,0,0,0,8.807128000626108,0.0,0.022037002054275945,4.701574767667796,18.8,484.578125,False
1773592876.6000786,64,0,0,0,0,9.393112999532605,0.0,0.025277997337980196,4.7024877429134255,9.4,484.578125,False
1773592876.8130941,65,0,0,0,0,9.418502999324119,0.0,0.024834000214468688,4.7024877429134255,9.4,484.578125,False
1773592877.0260541,66,0,0,0,0,9.38931699784007,0.0,0.02564899841672741,4.7024877429134255,9.4,484.578125,False
1773592877.2389967,67,0,0,0,0,9.442465998290572,0.0,0.02601799860713072,4.7024877429134255,9.4,484.578125,False
1773592877.45181,68,0,0,0,0,9.383687000081409,0.0,0.025834000553004444,4.7024877429134255,18.8,484.578125,False
1773592877.6647377,69,0,0,0,0,9.460965000471333,0.0,0.027074001991422847,4.69645350523302,9.4,484.578125,False
1773592877.877636,70,0,0,0,0,9.396483001182787,0.0,0.025315002858405933,4.69645350523302,9.4,484.578125,False
1773592878.0905282,71,0,0,0,0,9.43809499949566,0.0,0.025240999093512073,4.69645350523302,9.4,484.578125,False
1773592878.303172,72,0,0,0,0,9.301816000515828,0.0,0.024574001145083457,4.69645350523302,14.1,484.578125,False
1773592878.5161448,73,0,0,0,0,9.454964998440119,0.0,0.02568499985500239,4.69645350523302,14.1,484.578125,False
1773592878.7289472,74,0,0,0,0,9.402112998941448,0.0,0.02535199746489525,4.698196892380333,9.4,484.578125,False
1773592878.9418404,75,0,0,0,0,9.380354000313673,0.0,0.024592001864220947,4.698196892380333,9.4,484.578125,False
1773592879.1545985,76,0,0,0,0,9.381908999785082,0.0,0.025203997211065143,4.698196892380333,9.4,484.578125,False
1773592879.3674817,77,0,0,0,0,9.34824200157891,0.0,0.025278000975959003,4.698196892380333,14.1,484.578125,False
1773592879.5802207,78,0,0,0,0,9.369502000481589,0.0,0.022685002477373928,4.698196892380333,14.1,484.578125,False
1773592879.7929566,79,0,0,0,0,9.284668001782848,0.0,0.022723001166014,4.699200163126837,9.4,484.578125,False
1773592880.0056388,80,0,0,0,0,9.245167999324622,0.0,0.022870000975672156,4.699200163126837,9.4,484.578125,False
1773592880.2178242,81,0,0,0,0,8.73662799858721,0.0,0.022537002223543823,4.699200163126837,14.1,484.578125,False
1773592880.4305155,82,0,0,0,0,9.239204999175854,0.0,0.022093001462053508,4.699200163126837,4.7,484.578125,False
1773592880.6432412,83,0,0,0,0,9.265261000109604,0.0,0.02350000067963265,4.699200163126837,18.8,484.578125,False
1773592880.8560073,84,0,0,0,0,9.273130999645218,0.0,0.02348199996049516,4.703471749367309,9.4,484.578125,False
1773592881.0687125,85,0,0,0,0,9.22148300014669,0.0,0.023926000721985474,4.703471749367309,9.4,484.578125,False
1773592881.2814372,86,0,0,0,0,9.26626100044814,0.0,0.02320400017197244,4.703471749367309,9.4,484.578125,False
1773592881.4936256,87,0,0,0,0,8.716886997717666,0.0,0.021906998881604522,4.703471749367309,9.4,484.578125,False
1773592881.7064183,88,0,0,0,0,9.429205998458201,0.0,0.024241002392955124,4.703471749367309,18.8,484.578125,False
1773592881.9192488,89,0,0,0,0,9.420669000974158,0.0,0.0238150023506023,4.7026311523033035,9.4,484.625,False
1773592883.1492965,90,1,1,0,0,9.599947999959113,1016.9938409999304,0.041925999539671466,0.812927911855076,133.3,562.15625,True
1773592884.1282423,91,1,1,1,1,7.16033999924548,768.4818330017151,0.046371002099476755,0.812927911855076,130.8,564.171875,True
1773592885.0181293,92,1,1,1,0,7.26498899894068,679.3485630005307,0.04259200068190694,0.9251231698766085,133.7,568.4375,True
1773592886.0221198,93,1,1,1,0,7.110525002644863,793.6326910021307,0.03372300125192851,1.1161417823098496,139.4,599.203125,True
1773592887.016098,94,1,1,1,0,7.163063000916736,783.6527969993767,0.034111999411834404,1.1161417823098496,136.8,601.578125,True
1773592888.008015,95,1,1,1,0,7.2395069983031135,781.4593199982482,0.034944998333230615,0.9124467070979903,137.1,605.125,True
1773592889.0009792,96,1,1,1,0,7.436953001160873,782.3491960007232,0.034091997804353014,1.0621943943297012,138.0,607.296875,True
1773592890.06527,97,1,1,1,0,7.193007000751095,853.9060429975507,0.03329600076540373,0.9395838084301934,139.1,596.203125,True
1773592891.0543292,98,1,1,1,0,7.208803999674274,778.6464320015511,0.03603699951781891,0.9395838084301934,138.5,627.78125,True
1773592891.9437928,99,1,1,1,0,7.2181549985543825,679.0157270006603,0.033352000173181295,0.9165715889083209,136.0,625.171875,True
1773592892.832821,100,1,1,1,0,7.2345070002484135,678.6087619984755,0.03327800004626624,1.1929465393050096,133.9,627.734375,True
1773592893.7201881,101,1,1,1,0,7.254934000229696,676.9273070021882,0.0338890022248961,1.1929465393050096,135.2,630.359375,True
1773592894.6618676,102,1,1,1,0,7.270321999385487,731.0954179993132,0.035814999137073755,1.0934686278849746,137.0,635.046875,True
1773592895.6543665,103,1,1,1,0,7.192507000581827,782.1490639980766,0.03398099943296984,1.0934686278849746,139.0,640.90625,True
1773592896.7047975,104,1,1,1,0,7.892956000432605,839.3939899979159,0.034222000977024436,0.9137156776930547,139.0,614.828125,True
1773592897.75146,105,1,1,1,0,7.377138001174899,836.1176740036171,0.03288900188636035,0.9519676999026994,138.5,617.453125,True
1773592897.961792,106,0,0,1,0,7.1386919989890885,0.0,0.02933300129370764,0.9554349465209335,9.5,619.140625,False
1773592898.1721313,107,0,0,1,0,7.105581000359962,0.0,0.030944000172894448,0.9554349465209335,9.5,621.765625,False
1773592898.3824952,108,0,0,1,0,7.112359002348967,0.0,0.030647999665234238,0.9554349465209335,9.5,624.390625,False
1773592898.5928795,109,0,0,1,0,7.143524999264628,0.0,0.030759998480789363,0.9554349465209335,9.5,628.328125,False
1773592898.8032153,110,0,0,1,0,7.140822002838831,0.0,0.03127799936919473,0.9554349465209335,9.5,629.640625,False
1773592899.0135436,111,0,0,1,0,7.119414000044344,0.0,0.028889000532217324,4.75390196337562,4.8,632.265625,False
1773592899.223895,112,0,0,1,0,7.086265002726577,0.0,0.03020400254172273,4.75390196337562,9.5,634.890625,False
1773592899.434249,113,0,0,1,0,7.133821000024909,0.0,0.030333998438436538,4.75390196337562,14.3,637.515625,False
1773592899.644522,114,0,0,1,0,7.043043999146903,0.0,0.030554998375009745,4.75390196337562,9.5,640.140625,False
1773592899.8548543,115,0,0,1,0,7.1323960000881925,0.0,0.030777999199926853,4.75390196337562,9.5,642.765625,False
1773592900.06513,116,0,0,1,0,7.089747999998508,0.0,0.033648000680841506,4.754575578896202,4.8,645.390625,False
1773592900.2754638,117,0,0,1,0,7.088357997417916,0.0,0.03237099735997617,4.754575578896202,9.5,648.015625,False
1773592900.4858015,118,0,0,1,0,7.086488003551494,0.0,0.030462997528957203,4.754575578896202,9.5,650.640625,False
1773592900.6959386,119,0,0,1,0,6.9132270000409335,0.0,0.027444999432191253,4.754575578896202,9.5,653.265625,False
1773592900.9059312,120,0,0,1,0,6.707319000270218,0.0,0.028332997317193076,4.754575578896202,9.5,655.890625,False
1773592901.1159704,121,0,0,0,0,6.766893002350116,0.0,0.028593000024557114,4.756888879916655,4.8,658.515625,False
1773592901.3259137,122,0,0,0,0,6.742393998138141,0.0,0.029537000955315307,4.756888879916655,9.5,661.140625,False
1773592901.535894,123,0,0,0,0,6.727577998390188,0.0,0.025407000066479668,4.756888879916655,14.3,663.765625,False
1773592901.7462604,124,0,0,0,0,7.102932999259792,0.0,0.029480997909558937,4.756888879916655,9.5,666.390625,False
1773592901.9565396,125,0,0,0,0,7.053747001918964,0.0,0.029815000743838027,4.756888879916655,4.8,669.015625,False
1773592902.166839,126,0,0,0,0,7.111450999218505,0.0,0.028351998480502516,4.7592789568198794,9.5,671.640625,False
1773592902.3796601,127,0,0,0,0,9.547169996949378,0.0,0.03490699964459054,4.7592789568198794,9.4,674.265625,False
1773592902.5926502,128,0,0,0,0,9.467464999033837,0.0,0.034980999771505594,4.7592789568198794,18.8,676.890625,False
1773592902.805667,129,0,0,0,0,9.505224999884376,0.0,0.03353799911565147,4.7592789568198794,9.4,680.828125,False
1773592903.0187125,130,0,0,0,0,9.483224999712547,0.0,0.03401800131541677,4.7592789568198794,9.4,682.140625,False
1773592904.0991874,131,0,0,0,0,9.486947001278168,0.0,0.03457500133663416,4.706297386365294,81.4,622.5625,False
1773592904.309082,132,0,0,0,0,6.754023001121823,0.0,0.026408000849187374,0.9257696475068605,9.5,591.703125,False
1773592904.5189207,133,0,0,0,0,6.702782000502339,0.0,0.025795998226385564,0.9257696475068605,14.3,591.703125,False
1773592904.7291021,134,0,0,0,0,7.013079997705063,0.0,0.028629998269025236,0.9257696475068605,4.8,591.703125,False
1773592904.9392817,135,0,0,0,0,7.053690998873208,0.0,0.029480997909558937,0.9257696475068605,9.5,591.703125,False
1773592905.149483,136,0,0,0,0,7.057210001221392,0.0,0.03040799856535159,0.9257696475068605,4.8,591.703125,False
1773592905.3597379,137,0,0,0,0,7.090784001775319,0.0,0.020611001673387364,4.760631590369284,9.5,591.703125,False
1773592906.2972252,138,1,1,0,0,7.181914999819128,727.1873569989111,0.04129600347368978,1.912279509955762,138.7,610.015625,True
1773592907.2877762,139,1,1,1,1,7.168526000896236,780.0660889988649,0.03627800106187351,1.912279509955762,137.3,613.09375,True
1773592908.2782328,140,1,1,1,0,7.119024998246459,780.0673849997111,0.03451799784670584,0.9153366258912373,137.3,590.71875,True
1773592909.2149022,141,1,1,1,0,7.113579998986097,726.2228510007844,0.034962999052368104,1.095785021202844,135.6,612.859375,True
1773592910.1492496,142,1,1,1,0,7.165636998252012,723.9202439996006,0.03340799958095886,1.095785021202844,134.9,615.359375,True
1773592911.0851266,143,1,1,1,0,7.1835250018921215,725.4738089977764,0.03437100167502649,0.9649593752559464,137.8,612.859375,True
1773592912.073548,144,1,1,1,0,7.207137001387309,777.998427998682,0.03562999700079672,1.097496781864513,136.6,590.734375,True
1773592913.0625515,145,1,1,1,0,7.193265999376308,778.6322460015072,0.03511099930619821,1.097496781864513,138.5,593.640625,True
1773592914.1106646,146,1,1,1,0,7.225692002975848,837.7202759984357,0.0345009975717403,0.9166180600006949,140.3,596.890625,True
1773592915.0989857,147,1,1,1,0,7.2479699992982205,777.8902600002766,0.033889999031089246,0.9541002751767881,136.6,596.65625,True
1773592916.0894554,148,1,1,1,0,7.278340999619104,780.016181000974,0.03490699964459054,1.0656277760621302,138.3,599.28125,True
1773592917.0810041,149,1,1,1,0,7.229062997794244,781.1432810012775,0.034814998798538,1.0656277760621302,139.2,601.90625,True
1773592918.0162644,150,1,1,1,0,7.216860001790337,724.8624899984861,0.03529599780449644,0.9144776790084589,135.8,628.078125,True
1773592918.8997421,151,1,1,1,0,7.245471002534032,673.0418759980239,0.03327800004626624,1.1649795962807792,133.6,628.640625,True
1773592919.8893645,152,1,1,1,0,7.199802999821259,779.2581950016029,0.034982000215677544,1.1649795962807792,137.4,609.78125,True
1773592920.8236177,153,1,1,1,0,7.213174001662992,723.8586329985992,0.03357400055392645,0.9160967322791049,137.0,636.96875,True
1773592921.7587879,154,1,1,1,0,7.246766999742249,724.7343230010301,0.03429699791013263,1.1315716914988272,134.7,637.09375,True
1773592922.805182,155,1,1,1,0,7.223748001706554,835.9891920008522,0.03398099943296984,0.9556604766654834,140.5,621.515625,True
1773592923.0155797,156,0,0,1,0,7.189156000094954,0.0,0.03090799873461947,0.9556604766654834,4.8,623.21875,False
1773592923.225964,157,0,0,1,0,7.15426599708735,0.0,0.02961200152640231,0.9556604766654834,9.5,625.84375,False
1773592923.4363408,158,0,0,1,0,7.103840001946082,0.0,0.0307039990730118,0.9556604766654834,14.3,628.46875,False
1773592923.6467214,159,0,0,1,0,7.176044000516413,0.0,0.028055997972842306,0.9556604766654834,4.8,631.09375,False
1773592923.8570688,160,0,0,1,0,7.106691999069881,0.0,0.029963000997668132,4.753500040572954,9.5,633.71875,False
1773592924.067495,161,0,0,1,0,7.082005999109242,0.0,0.029388997063506395,4.753500040572954,4.8,636.34375,False
1773592924.2777758,162,0,0,1,0,7.068302002153359,0.0,0.029778002499369904,4.753500040572954,9.5,638.96875,False
1773592924.4880903,163,0,0,1,0,7.052042998111574,0.0,0.029777998861391097,4.753500040572954,14.3,641.59375,False
1773592924.6984315,164,0,0,1,0,7.05369199931738,0.0,0.031148003472480923,4.753500040572954,9.5,644.21875,False
1773592924.9087229,165,0,0,1,0,7.065062000037869,0.0,0.0307039990730118,4.75454108514478,4.8,646.84375,False
1773592925.1190572,166,0,0,1,0,7.113765997928567,0.0,0.029667000490007922,4.75454108514478,9.5,649.46875,False
1773592925.3294291,167,0,0,1,0,7.129655001335777,0.0,0.030593000701628625,4.75454108514478,9.5,652.09375,False
1773592925.5398002,168,0,0,1,0,7.133709998015547,0.0,0.02957499964395538,4.75454108514478,9.5,654.71875,False
1773592925.750082,169,0,0,1,0,7.052007000311278,0.0,0.030833001801511273,4.75454108514478,9.5,657.34375,False
1773592925.9603887,170,0,0,1,0,7.074339002429042,0.0,0.029129998438293114,4.754271619939742,9.5,659.96875,False
1773592926.170684,171,0,0,0,0,7.092118001310155,0.0,0.03146299786749296,4.754271619939742,9.5,662.59375,False
1773592926.3809597,172,0,0,0,0,7.078284001181601,0.0,0.02898199818446301,4.754271619939742,4.8,665.21875,False
1773592926.5913103,173,0,0,0,0,7.0981370008667,0.0,0.02849999873433262,4.754271619939742,14.3,667.84375,False
1773592926.8015637,174,0,0,0,0,7.122635997802718,0.0,0.030223000067053363,4.754271619939742,9.5,670.46875,False
1773592927.0118234,175,0,0,0,0,7.084377000865061,0.0,0.02983399826916866,4.755407892361877,9.5,673.09375,False
1773592927.22213,176,0,0,0,0,7.101488001353573,0.0,0.029332997655728832,4.755407892361877,4.8,675.71875,False
1773592927.4323232,177,0,0,0,0,7.051636002870509,0.0,0.028944999939994887,4.755407892361877,9.5,678.34375,False
1773592927.6427155,178,0,0,0,0,7.140951001929352,0.0,0.029037997592240572,4.755407892361877,14.3,680.96875,False
1773592927.8529973,179,0,0,0,0,7.103635998646496,0.0,0.02903800123021938,4.755407892361877,4.8,683.59375,False
1773592928.0633333,180,0,0,0,0,7.111932998668635,0.0,0.029667000490007922,4.755082263536264,9.5,686.234375,False
1773592929.1368887,181,0,0,0,0,7.129359000828117,0.0,0.030777999199926853,0.9314608640461068,82.0,620.734375,False
1773592929.3475475,182,0,0,0,0,6.726912000885932,0.0,0.026092999178217724,0.9314608640461068,9.5,591.859375,False
1773592929.557823,183,0,0,0,0,7.124376999854576,0.0,0.029815000743838027,0.9314608640461068,14.3,591.859375,False
1773592929.7680392,184,0,0,0,0,7.0520989975193515,0.0,0.02907399903051555,0.9314608640461068,4.8,591.859375,False
1773592929.977946,185,0,0,0,0,6.699540997942677,0.0,0.025334000383736566,0.9314608640461068,9.5,591.859375,False
1773592930.1877885,186,0,0,0,0,6.667801000730833,0.0,0.026945002900902182,4.757922773869848,4.8,591.859375,False
1773592930.3976989,187,0,0,0,0,6.7186529995524324,0.0,0.018167000234825537,4.757922773869848,9.5,591.859375,False
1773592930.6075711,188,0,0,0,0,6.654503999016015,0.0,0.019037001038668677,4.757922773869848,9.5,591.859375,False
1773592930.8174548,189,0,0,0,0,6.701041002088459,0.0,0.018500002624932677,4.757922773869848,9.5,591.859375,False
1773592931.0273075,190,0,0,0,0,6.682596998871304,0.0,0.018888997146859765,4.757922773869848,9.5,591.859375,False
1773592931.2372208,191,0,0,0,0,6.730968001647852,0.0,0.01905599856399931,4.764476529440604,4.8,591.859375,False
1773592931.44708,192,0,0,0,0,6.726430001435801,0.0,0.018593000277178362,4.764476529440604,9.5,591.859375,False
1773592931.6570168,193,0,0,0,0,6.805115997849498,0.0,0.01903699740068987,4.764476529440604,9.5,591.859375,False
1773592931.8669465,194,0,0,0,0,6.763097000657581,0.0,0.01909300044644624,4.764476529440604,9.5,591.859375,False
1773592932.0769,195,0,0,0,0,6.667003999609733,0.0,0.019555998733267188,4.764476529440604,9.5,591.859375,False
1773592932.2868748,196,0,0,0,0,6.703910999931395,0.0,0.017556001694174483,4.763470080671026,4.8,591.859375,False
1773592932.4966607,197,0,0,0,0,6.639485000050627,0.0,0.018889000784838572,4.763470080671026,4.8,591.859375,False
1773592932.7065907,198,0,0,0,0,6.739079002727522,0.0,0.019221999536966905,4.763470080671026,14.3,591.859375,False
1773592932.916994,199,0,0,0,0,7.130988000426441,0.0,0.02075900192721747,4.763470080671026,9.5,591.859375,False
1773592933.8234365,200,1,1,0,0,6.739967000612523,696.4637790006236,0.032740997994551435,2.6031900110289303,132.4,608.921875,True
1773592934.7100198,201,1,1,1,1,6.856430998595897,676.3069879998511,0.03546399966580793,2.6031900110289303,134.2,608.84375,True
1773592935.5642014,202,1,2,1,0,7.1963039990805555,643.669677003345,0.04022200300823897,1.1489202534837304,132.3,594.84375,True
1773592936.5000405,203,1,1,1,0,7.190487998741446,725.3401039997698,0.03598199691623449,1.1489202534837304,137.8,612.78125,True
1773592937.3853264,204,1,1,1,0,7.265211999765597,674.7745350003242,0.03679599831230007,0.9635552566009319,134.4,611.03125,True
1773592938.2271538,205,1,1,1,0,7.245304001116892,631.3446939966525,0.035222998121753335,1.2306766015424595,131.9,598.046875,True
1773592939.0669467,206,1,1,1,0,7.193839999672491,629.4443110018619,0.03675999687402509,1.2306766015424595,133.4,600.671875,True
1773592939.9068332,207,1,1,1,0,7.1834519985714,629.5223119996081,0.036129000363871455,1.1907010546337171,133.4,603.296875,True
1773592940.7470522,208,1,1,1,0,7.175988001108635,629.8646850009391,0.03592600114643574,1.1907010546337171,133.3,605.671875,True
1773592941.5871837,209,1,1,1,0,7.2159700030169915,629.7584429994458,0.037740999687230214,1.1902276734267871,134.5,608.671875,True
1773592942.470107,210,1,1,1,0,7.208248000097228,672.5721139991947,0.03329700120957568,1.1902276734267871,133.6,624.1875,True
1773592943.4053588,211,1,1,1,0,7.124914001906291,724.9293800014129,0.03398099943296984,1.1000026357237074,135.8,626.671875,True
1773592944.3980422,212,1,1,1,0,7.2634149983059615,782.2345649983617,0.034092998248524964,1.1000026357237074,138.0,624.265625,True
1773592945.3891196,213,1,1,1,0,7.225563000247348,780.6710740005656,0.03409300188650377,0.9135339811534654,138.2,620.1875,True
1773592946.2739413,214,1,1,1,0,7.268803998158546,674.3849209997279,0.034684999263845384,1.127441217838569,134.5,608.734375,True
1773592947.2618139,215,1,1,1,0,7.1800619989517145,777.52318399871,0.03349999678903259,1.127441217838569,137.7,625.984375,True
1773592947.4721522,216,0,0,1,0,7.13369199729641,0.0,0.030111001251498237,0.9175637276638976,4.8,627.734375,False
1773592947.682559,217,0,0,1,0,7.1286180027527735,0.0,0.029425998945953324,0.9175637276638976,9.5,630.359375,False
1773592947.8929458,218,0,0,1,0,7.125339998310665,0.0,0.030667000828543678,0.9175637276638976,9.5,632.984375,False
1773592948.1032493,219,0,0,1,0,7.108173002052354,0.0,0.030444996809819713,0.9175637276638976,14.3,635.609375,False
1773592948.313654,220,0,0,1,0,7.146433003072161,0.0,0.03224099782528356,0.9175637276638976,4.8,638.234375,False
1773592948.523977,221,0,0,1,0,7.064469002216356,0.0,0.03014899994013831,4.753602400519889,9.5,640.859375,False
1773592948.7343206,222,0,0,1,0,7.067340000503464,0.0,0.02981499710585922,4.753602400519889,9.5,643.484375,False
1773592948.94469,223,0,0,1,0,7.074542998452671,0.0,0.030333001632243395,4.753602400519889,9.5,646.109375,False
1773592949.1550236,224,0,0,1,0,7.106989000021713,0.0,0.0298529994324781,4.753602400519889,9.5,648.734375,False
1773592949.3653195,225,0,0,1,0,7.092137002473464,0.0,0.029777998861391097,4.753602400519889,4.8,651.359375,False
1773592949.5756266,226,0,0,1,0,7.056080001348164,0.0,0.030593000701628625,4.7542177305639814,9.5,653.984375,False
1773592949.7859502,227,0,0,1,0,7.0759689988335595,0.0,0.0287589973595459,4.7542177305639814,9.5,656.609375,False
1773592949.9962575,228,0,0,1,0,7.087154001055751,0.0,0.029129998438293114,4.7542177305639814,9.5,659.234375,False
1773592950.2066092,229,0,0,1,0,7.118488003470702,0.0,0.03042599928448908,4.7542177305639814,9.5,661.859375,False
1773592950.4169848,230,0,0,1,0,7.161451001593377,0.0,0.030295999749796465,4.7542177305639814,9.5,664.484375,False
1773592950.6272297,231,0,0,0,0,7.071210002322914,0.0,0.029462997190421447,4.754577734772284,4.8,667.109375,False
1773592950.8375242,232,0,0,0,0,7.096765999449417,0.0,0.02961100108223036,4.754577734772284,9.5,669.734375,False
1773592951.0478125,233,0,0,0,0,7.069876999594271,0.0,0.029370999982347712,4.754577734772284,14.3,672.359375,False
1773592951.2580562,234,0,0,0,0,7.095117998687783,0.0,0.030832998163532466,4.754577734772284,9.5,674.984375,False
1773592951.4683292,235,0,0,0,0,7.064542998705292,0.0,0.030593000701628625,4.754577734772284,4.8,677.609375,False
1773592951.6786597,236,0,0,0,0,7.085840003128396,0.0,0.03072300023632124,4.755871613019394,9.5,680.234375,False
1773592951.8889053,237,0,0,0,0,7.06504299887456,0.0,0.02907399903051555,4.755871613019394,9.5,682.859375,False
1773592952.0992293,238,0,0,0,0,7.099024998751702,0.0,0.030315000913105905,4.755871613019394,14.3,685.5,False
1773592952.3095076,239,0,0,0,0,7.100653998350026,0.0,0.029500002710847184,4.755871613019394,9.5,688.125,False
1773592952.519772,240,0,0,0,0,7.118691999494331,0.0,0.030017999961273745,4.755871613019394,4.8,690.75,False
1773592953.5574167,241,0,0,0,0,7.059005998598877,0.0,0.029981998522998765,4.755338881204508,81.9,625.265625,False
1773592953.7713215,242,0,0,0,0,9.352871998999035,0.0,0.03355499939061701,0.9626231392413547,9.4,595.078125,False
1773592953.984158,243,0,0,0,0,9.306464999099262,0.0,0.032444997486891225,0.9626231392413547,18.8,595.078125,False
1773592954.1974094,244,0,0,0,0,9.397465000802185,0.0,0.03461100277490914,0.9626231392413547,9.4,595.078125,False
1773592954.4103904,245,0,0,0,0,9.496983999270014,0.0,0.03463000030023977,0.9626231392413547,9.4,595.078125,False
1773592954.6232905,246,0,0,0,0,9.342241999547696,0.0,0.03253699833294377,0.9626231392413547,9.4,595.078125,False
1773592954.8362215,247,0,0,0,0,9.372519998578355,0.0,0.023666998458793387,4.695405150286853,9.4,595.078125,False
1773592955.0492172,248,0,0,0,0,9.505113001068821,0.0,0.025149001885438338,4.695405150286853,18.8,595.078125,False
1773592955.2622533,249,0,0,0,0,9.487021001405083,0.0,0.026944999262923375,4.695405150286853,9.4,595.078125,False
1773592955.4752505,250,0,0,0,0,9.531484000035562,0.0,0.02596299964352511,4.695405150286853,9.4,595.078125,False
1773592955.6881802,251,0,0,0,0,9.501928998361109,0.0,0.025130000722128898,4.695405150286853,9.4,595.078125,False
1773592955.9011936,252,0,0,0,0,9.470205997786252,0.0,0.02507499812054448,4.695260078853159,9.4,595.078125,False
1773592956.1141915,253,0,0,0,0,9.446132000448415,0.0,0.02516699896659702,4.695260078853159,18.8,595.078125,False
1773592956.3271236,254,0,0,0,0,9.464854996622307,0.0,0.02603699977044016,4.695260078853159,9.4,595.078125,False
1773592956.5401533,255,0,0,0,0,9.494206999079324,0.0,0.024722998205106705,4.695260078853159,9.4,595.078125,False
1773592956.753266,256,0,0,0,0,9.414446998562198,0.0,0.024944998585851863,4.695260078853159,9.4,595.078125,False
1773592956.9662662,257,0,0,0,0,9.353797999210656,0.0,0.024556000425945967,4.694130300239166,9.4,595.078125,False
1773592957.1792588,258,0,0,0,0,9.318464999523712,0.0,0.02550000135670416,4.694130300239166,18.8,595.078125,False
1773592957.3922665,259,0,0,0,0,9.357928000099491,0.0,0.02351900184294209,4.694130300239166,9.4,595.078125,False
1773592957.6054761,260,0,0,0,0,9.594281000318006,0.0,0.024703997041797265,4.694130300239166,14.1,595.078125,False
1773592957.818462,261,0,0,0,0,9.482540001044981,0.0,0.025407000066479668,4.694130300239166,9.4,595.078125,False
1773592958.0314524,262,0,0,0,0,9.389094997459324,0.0,0.02572299854364246,4.693785694637766,9.4,595.078125,False
1773592958.2443829,263,0,0,0,0,9.438520999538014,0.0,0.028685000870609656,4.693785694637766,18.8,595.078125,False
1773592958.4574158,264,0,0,0,0,9.472965000895783,0.0,0.026110999897355214,4.693785694637766,9.4,595.078125,False
1773592958.6705775,265,0,0,0,0,9.45807700190926,0.0,0.028074999136151746,4.693785694637766,9.4,595.078125,False
1773592958.8835354,266,0,0,0,0,9.401520997926127,0.0,0.025908000679919496,4.693785694637766,9.4,595.078125,False
1773592959.0965474,267,0,0,0,0,9.452761998545611,0.0,0.025036999431904405,4.695023568563756,9.4,595.078125,False
1773592959.3095655,268,0,0,0,0,9.579170000506565,0.0,0.025260000256821513,4.695023568563756,14.1,595.078125,False
1773592959.522749,269,0,0,0,0,9.579744000802748,0.0,0.025129000277956948,4.695023568563756,9.4,595.078125,False
1773592959.7357533,270,0,0,0,0,9.539521997794509,0.0,0.02574099926277995,4.695023568563756,9.4,595.078125,False
1773592959.9487839,271,0,0,0,0,9.469503002037527,0.0,0.05196399797569029,4.695023568563756,9.4,595.078125,False
1773592960.1618578,272,0,0,0,0,9.575243999279337,0.0,0.024704000679776073,4.693656480581264,14.1,595.078125,False
1773592960.374931,273,0,0,0,0,9.536724999634316,0.0,0.025093002477660775,4.693656480581264,14.1,595.078125,False
1773592960.5881054,274,0,0,0,0,9.696523000457091,0.0,0.02598200080683455,4.693656480581264,9.4,595.078125,False
1773592960.801197,275,0,0,0,0,9.52218900056323,0.0,0.02486999801476486,4.693656480581264,14.1,595.078125,False
1773592961.0142412,276,0,0,0,0,9.579318000760395,0.0,0.024148997908923775,4.693656480581264,9.4,595.078125,False
1773592961.2273684,277,0,0,0,0,9.494448000623379,0.0,0.024796001525828615,4.692520123567453,9.4,595.078125,False
1773592962.4120097,278,1,1,0,0,9.59237399729318,971.6286359980586,0.03125899820588529,1.5437761694158663,144.3,608.984375,True
1773592962.6224248,279,0,0,0,0,7.153377002396155,0.0,0.03270399975008331,1.5437761694158663,9.5,608.984375,False
1773592962.8327494,280,0,0,0,0,7.092802999977721,0.0,0.06201900032465346,1.5437761694158663,4.8,608.984375,False
1773592963.043086,281,0,0,0,0,7.134358002076624,0.0,0.031759002013131976,1.5437761694158663,9.5,608.984375,False
1773592963.2531445,282,0,0,0,0,6.836356002168031,0.0,0.028628997824853286,1.5437761694158663,4.8,608.984375,False
1773592963.462963,283,0,0,0,0,6.691800997941755,0.0,0.02687100277398713,4.757698257656174,14.3,608.984375,False
1773592963.6729388,284,0,0,0,0,6.705318999593146,0.0,0.026426001568324864,4.757698257656174,9.5,608.984375,False
1773592963.8827908,285,0,0,0,0,6.67250400147168,0.0,0.029445000109262764,4.757698257656174,4.8,608.984375,False
1773592964.0926487,286,0,0,0,0,6.7045780015178025,0.0,0.021444997400976717,4.757698257656174,9.5,608.984375,False
1773592964.302517,287,0,0,0,0,6.679004000034183,0.0,0.020611998479580507,4.757698257656174,4.8,608.984375,False
1773592964.5123665,288,0,0,0,0,6.703449002088746,0.0,0.018702998204389587,4.764618332204554,14.3,609.0,False
1773592964.7222912,289,0,0,0,0,6.796133999159792,0.0,0.02014899655478075,4.764618332204554,9.5,609.0,False
1773592964.9321446,290,0,0,0,0,6.699097000819165,0.0,0.018981998437084258,4.764618332204554,4.8,609.0,False
1773592965.1419678,291,0,0,0,0,6.6734299980453216,0.0,0.01826000152505003,4.764618332204554,9.5,609.0,False
1773592965.3517997,292,0,0,0,0,6.709393001074204,0.0,0.019186001736670732,4.764618332204554,4.8,609.015625,False
1773592965.5616944,293,0,0,0,0,6.703560000460129,0.0,0.0190739992831368,4.7649723347172035,14.3,609.015625,False
1773592965.7715569,294,0,0,0,0,6.709541001328034,0.0,0.019407998479437083,4.7649723347172035,9.5,609.015625,False
1773592965.9813175,295,0,0,0,0,6.630059000599431,0.0,0.018554997950559482,4.7649723347172035,4.8,609.015625,False
1773592966.1913288,296,0,0,0,0,6.7349310011195485,0.0,0.018389000615570694,4.7649723347172035,9.5,609.015625,False
1773592966.4011283,297,0,0,0,0,6.684134001261555,0.0,0.019852002878906205,4.7649723347172035,4.8,609.015625,False
1773592966.6134872,298,0,0,0,0,9.108964000915876,0.0,0.02298099934705533,4.753991408525735,14.1,609.015625,False
1773592966.8263485,299,0,0,0,0,9.398002999660093,0.0,0.023406999389408156,4.753991408525735,9.4,609.015625,False
1773592967.0392103,300,0,0,0,0,9.391521001816727,0.0,0.02274000144097954,4.753991408525735,9.4,609.015625,False
1773592967.2521293,301,0,0,0,0,9.443279999686638,0.0,0.02490800034138374,4.753991408525735,9.4,609.015625,False
1773592967.4650204,302,0,0,0,0,9.423076000530273,0.0,0.022963002265896648,4.753991408525735,9.4,609.015625,False
1773592967.677851,303,0,0,0,0,9.398631998919882,0.0,0.02329600101802498,4.697655956697785,18.8,609.015625,False
1773592967.8907344,304,0,0,0,0,9.381076000863686,0.0,0.02375999974901788,4.697655956697785,9.4,609.015625,False
1773592968.1036708,305,0,0,0,0,9.413834999577375,0.0,0.02600000152597204,4.697655956697785,9.4,609.015625,False
1773592968.3166227,306,0,0,0,0,9.46444700093707,0.0,0.02514899824745953,4.697655956697785,14.1,609.015625,False
1773592968.5297604,307,0,0,0,0,9.59954100108007,0.0,0.024425997253274545,4.697655956697785,4.7,609.015625,False
1773592968.7427008,308,0,0,0,0,9.481946999585489,0.0,0.025130000722128898,4.695546025330377,18.8,609.015625,False
1773592968.955628,309,0,0,0,0,9.481540000706445,0.0,0.02596299964352511,4.695546025330377,9.4,609.015625,False
1773592969.168638,310,0,0,0,0,9.501372998784063,0.0,0.02561199653428048,4.695546025330377,14.1,609.015625,False
1773592969.3815887,311,0,0,0,0,9.51750300009735,0.0,0.02570400101831183,4.695546025330377,9.4,609.015625,False
1773592969.5946848,312,0,0,0,0,9.490946998994332,0.0,0.02550000135670416,4.695546025330377,9.4,609.015625,False
1773592969.8070817,313,0,0,0,0,8.951259002060397,0.0,0.024574001145083457,4.697531790599793,14.1,609.015625,False
1773592970.0200994,314,0,0,0,0,9.521151001536055,0.0,0.025518998882034793,4.697531790599793,14.1,609.015625,False
1773592970.2331939,315,0,0,0,0,9.571484999469249,0.0,0.024685999960638583,4.697531790599793,9.4,609.015625,False
1773592970.44623,316,0,0,0,0,9.589040000719251,0.0,0.025093002477660775,4.697531790599793,9.4,609.015625,False
1773592970.659276,317,0,0,0,0,9.543559001031099,0.0,0.027314999897498637,4.697531790599793,9.4,609.015625,False
1773592970.8723054,318,0,0,0,0,9.571393002261175,0.0,0.026204001187579706,4.6939107133824285,18.8,609.015625,False
1773592971.0855174,319,0,0,0,0,9.655652000219561,0.0,0.023908000002847984,4.6939107133824285,9.4,609.015625,False
1773592971.2986944,320,0,0,0,0,9.601465997548075,0.0,0.025092998839681968,4.6939107133824285,9.4,609.015625,False
1773592971.5118034,321,0,0,0,0,9.633910998672945,0.0,0.024796001525828615,4.6939107133824285,9.4,609.03125,False
1773592971.7248676,322,0,0,0,0,9.603132999473019,0.0,0.024480999854858965,4.6939107133824285,9.4,609.03125,False
1773592971.937889,323,0,0,0,0,9.573910996550694,0.0,0.025036999431904405,4.692252393110206,18.8,609.03125,False
1773592972.1510403,324,0,0,0,0,9.604504000890302,0.0,0.02546399991842918,4.692252393110206,9.4,609.03125,False
1773592973.3196373,325,1,1,0,0,9.622076999221463,955.5358519974106,0.03151899727527052,1.4473635581720163,142.9,608.109375,True
1773592973.5300581,326,0,0,0,0,7.177228999353247,0.0,0.030889001209288836,1.4473635581720163,4.8,608.109375,False
1773592973.7402854,327,0,0,0,0,7.0710440013499465,0.0,0.030223000067053363,1.4473635581720163,9.5,608.109375,False
1773592973.9506931,328,0,0,0,0,7.139987999835284,0.0,0.030019000405445695,1.4473635581720163,14.3,608.109375,False
1773592974.1609168,329,0,0,0,0,7.094840002537239,0.0,0.02935200245701708,1.4473635581720163,4.8,608.109375,False
1773592974.3711476,330,0,0,0,0,7.084987999405712,0.0,0.031111998396227136,4.755254776564574,9.5,608.109375,False
1773592974.5813768,331,0,0,0,0,7.074987999658333,0.0,0.030223000067053363,4.755254776564574,4.8,608.109375,False
1773592974.791752,332,0,0,0,0,7.077173999277875,0.0,0.032222000299952924,4.755254776564574,9.5,608.109375,False
1773592975.001963,333,0,0,0,0,7.0569509989582,0.0,0.02129600034095347,4.755254776564574,14.3,608.109375,False
1773592975.2121625,334,0,0,0,0,7.0527839998248965,0.0,0.021907999325776473,4.755254776564574,9.5,608.109375,False
1773592975.4224555,335,0,0,0,0,7.085598997946363,0.0,0.021407999156508595,4.755964368003774,4.8,608.109375,False
1773592975.6327543,336,0,0,0,0,7.0566729991696775,0.0,0.053223000577418134,4.755964368003774,9.5,608.109375,False
1773592975.843002,337,0,0,0,0,7.079080998664722,0.0,0.022333999368129298,4.755964368003774,4.8,608.109375,False
1773592976.05321,338,0,0,0,0,7.049525000184076,0.0,0.02105600287904963,4.755964368003774,14.3,608.109375,False
1773592976.26343,339,0,0,0,0,7.020024997473229,0.0,0.021500000002561137,4.755964368003774,9.5,608.109375,False
1773592976.4736898,340,0,0,0,0,7.076747999235522,0.0,0.0235010011238046,4.756324636792369,4.8,608.109375,False
1773592976.6838536,341,0,0,0,0,7.022821002465207,0.0,0.022778000129619613,4.756324636792369,9.5,608.109375,False
1773592976.8940217,342,0,0,0,0,7.00717200015788,0.0,0.021722997189499438,4.756324636792369,9.5,608.109375,False
1773592977.104212,343,0,0,0,0,7.037283998215571,0.0,0.021907999325776473,4.756324636792369,9.5,608.109375,False
1773592977.314457,344,0,0,0,0,7.041654000204289,0.0,0.02079700061585754,4.756324636792369,9.5,608.109375,False
1773592977.5271184,345,0,0,0,0,9.425058000488207,0.0,0.02522300201235339,4.746616498468608,9.4,608.109375,False
1773592977.7401285,346,0,0,0,0,9.535392000543652,0.0,0.025092998839681968,4.746616498468608,9.4,608.109375,False
1773592977.9530737,347,0,0,0,0,9.406983001099434,0.0,0.024852000933606178,4.746616498468608,9.4,608.109375,False
1773592978.1660068,348,0,0,0,0,9.463742997468216,0.0,0.025648001610534266,4.746616498468608,18.8,608.109375,False
1773592978.3789868,349,0,0,0,0,9.46957600172027,0.0,0.02629600203363225,4.746616498468608,9.4,608.109375,False
1773592978.5919182,350,0,0,0,0,9.482446999754757,0.0,0.02607400165288709,4.6957321195025346,9.4,608.109375,False
1773592978.8049371,351,0,0,0,0,9.48302100005094,0.0,0.025093002477660775,4.6957321195025346,9.4,608.109375,False
1773592979.017979,352,0,0,0,0,9.503205998043995,0.0,0.024240998754976317,4.6957321195025346,9.4,608.109375,False
1773592979.2306914,353,0,0,0,0,9.263020001526456,0.0,0.025814999389695004,4.6957321195025346,18.8,608.109375,False
1773592979.4435315,354,0,0,0,0,9.393371998157818,0.0,0.024852000933606178,4.6957321195025346,9.4,608.109375,False
1773592979.6565673,355,0,0,0,0,9.526724999886937,0.0,0.026240002625854686,4.696493471854546,9.4,608.109375,False
1773592979.8695884,356,0,0,0,0,9.577818000252591,0.0,0.024444998416583985,4.696493471854546,9.4,608.109375,False
1773592980.0824409,357,0,0,0,0,9.391724997840356,0.0,0.024148001102730632,4.696493471854546,9.4,608.109375,False
1773592980.2953413,358,0,0,0,0,9.388854003191227,0.0,0.02518499968573451,4.696493471854546,18.8,608.109375,False
1773592980.5082006,359,0,0,0,0,9.430002999579301,0.0,0.024130000383593142,4.696493471854546,9.4,608.109375,False
1773592980.7212458,360,0,0,0,0,9.562577997712651,0.0,0.024537002900615335,4.696107506867867,9.4,608.109375,False
1773592980.9343572,361,0,0,0,0,9.563928997522453,0.0,0.025369998184032738,4.696107506867867,9.4,608.109375,False
1773592981.147389,362,0,0,0,0,9.501391999947373,0.0,0.025296998501289636,4.696107506867867,9.4,608.109375,False
1773592981.3604543,363,0,0,0,0,9.532206997391768,0.0,0.02461099938955158,4.696107506867867,18.8,608.109375,False
1773592981.5736215,364,0,0,0,0,9.634245001507225,0.0,0.024814999051159248,4.696107506867867,9.4,608.109375,False
1773592981.786607,365,0,0,0,0,9.521595999103738,0.0,0.02405499981250614,4.693275183012157,9.4,608.109375,False
1773592981.9996235,366,0,0,0,0,9.471169003518298,0.0,0.024518998543499038,4.693275183012157,9.4,608.109375,False
1773592982.2126114,367,0,0,0,0,9.531613999570254,0.0,0.023926000721985474,4.693275183012157,9.4,608.109375,False
1773592982.4251225,368,0,0,0,0,9.04837100097211,0.0,0.023869997676229104,4.693275183012157,18.8,608.109375,False
1773592982.6380863,369,0,0,0,0,9.553910000249743,0.0,0.024223001673817635,4.693275183012157,9.4,608.109375,False
1773592982.8511703,370,0,0,0,0,9.556020999298198,0.0,0.024962999304989353,4.696785879936279,9.4,608.109375,False
1773592983.0642712,371,0,0,0,0,9.548613998049404,0.0,0.025092998839681968,4.696785879936279,9.4,608.109375,False
1773592983.2773883,372,0,0,0,0,9.576799999194918,0.0,0.024408000172115862,4.696785879936279,9.4,608.109375,False
1773592983.4903622,373,0,0,0,0,9.507595001196023,0.0,0.025592999008949846,4.696785879936279,18.8,608.109375,False
1773592983.703377,374,0,0,0,0,9.489594998740358,0.0,0.02409300213912502,4.696785879936279,9.4,608.109375,False
1773592983.916336,375,0,0,0,0,9.488261999649694,0.0,0.02609300281619653,4.6941429087206465,9.4,608.125,False
1773592984.129381,376,0,0,0,0,9.488816998782568,0.0,0.025296001695096493,4.6941429087206465,14.1,608.125,False
1773592984.342498,377,0,0,0,0,9.50407699929201,0.0,0.024814999051159248,4.6941429087206465,9.4,608.125,False
1773592984.5554314,378,0,0,0,0,9.461335997912101,0.0,0.025814999389695004,4.6941429087206465,14.1,608.125,False
1773592984.7683523,379,0,0,0,0,9.472020999965025,0.0,0.025334000383736566,4.6941429087206465,9.4,608.125,False
1773592984.9814644,380,0,0,0,0,9.611096000298858,0.0,0.02407500141998753,4.694245880521411,9.4,608.125,False
1773592985.1944742,381,0,0,0,0,9.484483998676296,0.0,0.025018998712766916,4.694245880521411,9.4,608.125,False
1773592985.4074447,382,0,0,0,0,9.424539999599801,0.0,0.02537099862820469,4.694245880521411,14.1,608.125,False
1773592985.6204147,383,0,0,0,0,9.514576999208657,0.0,0.024629996914882213,4.694245880521411,14.1,608.125,False
1773592985.833433,384,0,0,0,0,9.472743000515038,0.0,0.026482000976102427,4.694245880521411,14.1,608.125,False
1773592986.0463383,385,0,0,0,0,9.469890999753261,0.0,0.024721997760934755,4.695392535023702,9.4,608.125,False
1773592986.259225,386,0,0,0,0,9.434760999283753,0.0,0.025612000172259286,4.695392535023702,9.4,608.125,False
1773592986.4721124,387,0,0,0,0,9.451557998545468,0.0,0.02516599852242507,4.695392535023702,9.4,608.125,False
1773592986.6851122,388,0,0,0,0,9.520113999315072,0.0,0.023906999558676034,4.695392535023702,14.1,608.125,False
1773592986.8980277,389,0,0,0,0,9.475279999605846,0.0,0.02596299964352511,4.695392535023702,14.1,608.125,False
1773592987.1109827,390,0,0,0,0,9.52965100077563,0.0,0.025000001187436283,4.6964261600417965,9.4,608.125,False
1773592987.3238964,391,0,0,0,0,9.442835998925148,0.0,0.024741002562223002,4.6964261600417965,9.4,608.125,False
1773592987.5368893,392,0,0,0,0,9.534225002425956,0.0,0.02383299943176098,4.6964261600417965,9.4,608.140625,False
1773592987.7499015,393,0,0,0,0,9.518799000943545,0.0,0.02437000148347579,4.6964261600417965,18.8,608.140625,False
1773592987.962884,394,0,0,0,0,9.42111299809767,0.0,0.02466700243530795,4.6964261600417965,9.4,608.140625,False
1773592988.1759782,395,0,0,0,0,9.46570599990082,0.0,0.02512999708415009,4.694862755176511,9.4,608.140625,False
1773592988.38894,396,0,0,0,0,9.46694700178341,0.0,0.02466700243530795,4.694862755176511,9.4,608.140625,False
1773592988.6019642,397,0,0,0,0,9.5268360018963,0.0,0.024019002012209967,4.694862755176511,9.4,608.140625,False
1773592988.8148644,398,0,0,0,0,9.431613998458488,0.0,0.025739998818608,4.694862755176511,18.8,608.140625,False
1773592989.0277755,399,0,0,0,0,9.45946499996353,0.0,0.02653699993970804,4.694862755176511,9.4,608.140625,False
1773592989.2407756,400,0,0,0,0,9.505002999503631,0.0,0.024982000468298793,4.695720553898129,9.4,608.140625,False
1773592989.4537125,401,0,0,0,0,9.500112999376142,0.0,0.02464800127199851,4.695720553898129,9.4,608.140625,False
1773592989.6666844,402,0,0,0,0,9.51313300174661,0.0,0.024518998543499038,4.695720553898129,9.4,608.140625,False
1773592989.8796234,403,0,0,0,0,9.469521002756665,0.0,0.02463000055286102,4.695720553898129,18.8,608.140625,False
1773592990.092641,404,0,0,0,0,9.486113998718793,0.0,0.024981000024126843,4.695720553898129,14.1,608.140625,False
1773592990.3056116,405,0,0,0,0,9.474966002017027,0.0,0.025148001441266388,4.695569154876724,9.4,608.140625,False
1773592990.518771,406,0,0,0,0,9.492779998254264,0.0,0.025352001102874056,4.695569154876724,9.4,608.15625,False
1773592990.7316976,407,0,0,0,0,9.442669001145987,0.0,0.025278000975959003,4.695569154876724,9.4,608.15625,False
1773592990.9442146,408,0,0,0,0,8.967833000497194,0.0,0.025870998797472566,4.695569154876724,18.8,608.15625,False
1773592991.1571727,409,0,0,0,0,9.484688001975883,0.0,0.02459199822624214,4.695569154876724,9.4,608.15625,False
1773592991.3701973,410,0,0,0,0,9.461206002015388,0.0,0.024518998543499038,4.696719611604737,9.4,608.15625,False
1773592991.5832145,411,0,0,0,0,9.403593998285942,0.0,0.02633300027810037,4.696719611604737,9.4,608.15625,False
1773592991.7961314,412,0,0,0,0,9.429279998585116,0.0,0.024704000679776073,4.696719611604737,9.4,608.15625,False
1773592992.0091536,413,0,0,0,0,9.492910001426935,0.0,0.025110999558819458,4.696719611604737,18.8,608.15625,False
1773592992.222117,414,0,0,0,0,9.502169999905163,0.0,0.025556000764481723,4.696719611604737,9.4,608.15625,False
1773592992.4350247,415,0,0,0,0,9.447780001210049,0.0,0.02544399831094779,4.6956206715034545,9.4,608.15625,False
1773592992.6480734,416,0,0,0,0,9.57939200088731,0.0,0.024482000299030915,4.6956206715034545,9.4,608.15625,False
1773592992.861137,417,0,0,0,0,9.46415100042941,0.0,0.02492600106052123,4.6956206715034545,9.4,608.15625,False
1773592993.0741467,418,0,0,0,0,9.517205999145517,0.0,0.024944998585851863,4.6956206715034545,18.8,608.15625,False
1773592993.287064,419,0,0,0,0,9.412724000867456,0.0,0.024741002562223002,4.6956206715034545,9.4,608.15625,False
1773592993.5002158,420,0,0,0,0,9.522447999188444,0.0,0.025814999389695004,4.6939748012032,9.4,608.15625,False
1773592993.7132897,421,0,0,0,0,9.606114999769488,0.0,0.02575899998191744,4.6939748012032,9.4,608.15625,False
1773592993.9264235,422,0,0,0,0,9.491724998952122,0.0,0.024537999706808478,4.6939748012032,9.4,608.15625,False
1773592994.139398,423,0,0,0,0,9.440540001378395,0.0,0.0256669991358649,4.6939748012032,18.8,608.15625,False
1773592994.3523932,424,0,0,0,0,9.515966001345078,0.0,0.024721997760934755,4.6939748012032,9.4,608.15625,False
1773592994.56548,425,0,0,0,0,9.583559000020614,0.0,0.024574001145083457,4.693659632058975,9.4,608.15625,False
1773592994.778413,426,0,0,0,0,9.497743001702474,0.0,0.025277997337980196,4.693659632058975,9.4,608.15625,False
1773592994.9913685,427,0,0,0,0,9.496429000137141,0.0,0.02562999725341797,4.693659632058975,14.1,608.15625,False
1773592995.2043521,428,0,0,0,0,9.516539998003282,0.0,0.025852001272141933,4.693659632058975,14.1,608.15625,False
1773592995.4174805,429,0,0,0,0,9.598669999832055,0.0,0.024482000299030915,4.693659632058975,9.4,608.15625,False
1773592995.630576,430,0,0,0,0,9.553224997944199,0.0,0.024740998924244195,4.694422414119226,9.4,608.15625,False
1773592995.843748,431,0,0,0,0,9.621948000130942,0.0,0.024982000468298793,4.694422414119226,14.1,608.15625,False
1773592996.0567765,432,0,0,0,0,9.568613997544162,0.0,0.024926997866714373,4.694422414119226,9.4,608.15625,False
1773592996.269838,433,0,0,0,0,9.533410000585718,0.0,0.02505599695723504,4.694422414119226,18.8,608.15625,False
1773592996.4828892,434,0,0,0,0,9.55276300010155,0.0,0.02566599869169295,4.694422414119226,9.4,608.15625,False
1773592996.6958716,435,0,0,0,0,9.550447997753508,0.0,0.024518998543499038,4.693571392282735,9.4,608.15625,False
1773592996.9089963,436,0,0,0,0,9.605966002709465,0.0,0.024074997782008722,4.693571392282735,9.4,608.15625,False
1773592997.1220024,437,0,0,0,0,9.583261999068782,0.0,0.02514899824745953,4.693571392282735,9.4,608.15625,False
1773592997.3349516,438,0,0,0,0,9.490688000369119,0.0,0.02325999957975,4.693571392282735,18.8,608.15625,False
1773592997.5478837,439,0,0,0,0,9.485317998041864,0.0,0.023926000721985474,4.693571392282735,4.7,608.15625,False
1773592997.7609313,440,0,0,0,0,9.515114001260372,0.0,0.023184999008663,4.694543263225475,14.1,608.15625,False
1773592997.9739077,441,0,0,0,0,9.536392000882188,0.0,0.025203000404872,4.694543263225475,9.4,608.15625,False
1773592998.1868548,442,0,0,0,0,9.488077001151396,0.0,0.02733399742282927,4.694543263225475,9.4,608.15625,False
1773592998.3998737,443,0,0,0,0,9.493353998550447,0.0,0.02572299854364246,4.694543263225475,18.8,608.15625,False
1773592998.6127937,444,0,0,0,0,9.397335998073686,0.0,0.03790700066019781,4.694543263225475,9.4,608.15625,False
1773592998.8256989,445,0,0,0,0,9.413854000740685,0.0,0.023630000214325264,4.6958814260562,9.4,608.15625,False
1773592999.0385802,446,0,0,0,0,9.398557001986774,0.0,0.02270400000270456,4.6958814260562,4.7,608.15625,False
1773592999.2513309,447,0,0,0,0,9.333002002676949,0.0,0.02331500218133442,4.6958814260562,9.4,608.15625,False
1773592999.4643867,448,0,0,0,0,9.4351320003625,0.0,0.022629999875789508,4.6958814260562,18.8,608.15625,False
1773592999.677197,449,0,0,0,0,9.387669000716414,0.0,0.02350000067963265,4.6958814260562,9.4,608.15625,False
1773592999.89012,450,0,0,0,0,9.496427999692969,0.0,0.026443998649483547,4.697403422382658,9.4,608.15625,False
1773593000.103028,451,0,0,0,0,9.46383599875844,0.0,0.025296001695096493,4.697403422382658,14.1,608.15625,False
1773593000.3159878,452,0,0,0,0,9.504596000624588,0.0,0.024704000679776073,4.697403422382658,9.4,608.15625,False
1773593000.5290432,453,0,0,0,0,9.551872997690225,0.0,0.025110999558819458,4.697403422382658,14.1,608.15625,False
1773593000.7420712,454,0,0,0,0,9.518539998680353,0.0,0.026110999897355214,4.697403422382658,9.4,608.15625,False
1773593000.9550848,455,0,0,0,0,9.496391001448501,0.0,0.02572199809947051,4.69526533490801,14.1,608.15625,False
1773593001.168038,456,0,0,0,0,9.510596002655802,0.0,0.0271480021183379,4.69526533490801,9.4,608.15625,False
1773593001.3810349,457,0,0,0,0,9.527483998681419,0.0,0.02463000055286102,4.69526533490801,9.4,608.15625,False
1773593001.5940423,458,0,0,0,0,9.547854999254923,0.0,0.025518998882034793,4.69526533490801,18.8,608.15625,False
1773593001.8069572,459,0,0,0,0,9.48550199973397,0.0,0.025555997126502916,4.69526533490801,9.4,608.15625,False
1773593002.0199144,460,0,0,0,0,9.480614000494825,0.0,0.026185000024270266,4.69535153588661,9.4,608.171875,False
1773593002.232891,461,0,0,0,0,9.53218900031061,0.0,0.024981000024126843,4.69535153588661,9.4,608.171875,False
1773593002.4458222,462,0,0,0,0,9.480354998231633,0.0,0.024982000468298793,4.69535153588661,9.4,608.171875,False
1773593002.658696,463,0,0,0,0,9.446965999813983,0.0,0.02490800034138374,4.69535153588661,18.8,608.1875,False
1773593002.8716078,464,0,0,0,0,9.429761998035247,0.0,0.027166999643668532,4.69535153588661,9.4,608.1875,False
1773593003.0845213,465,0,0,0,0,9.460818000661675,0.0,0.025907000235747546,4.696665967182158,9.4,608.1875,False
1773593003.2974749,466,0,0,0,0,9.52496600075392,0.0,0.02494500222383067,4.696665967182158,9.4,608.1875,False
1773593003.5104032,467,0,0,0,0,9.44841000091401,0.0,0.024333003239007667,4.696665967182158,9.4,608.1875,False
1773593003.7224452,468,0,0,0,0,8.547034001821885,0.0,0.024500001018168405,4.696665967182158,18.9,608.1875,False
1773593003.9352515,469,0,0,0,0,9.46385499992175,0.0,0.02609200237202458,4.696665967182158,9.4,608.1875,False
1773593004.148235,470,0,0,0,0,9.417298999323975,0.0,0.025074001314351335,4.700418770906046,9.4,608.1875,False
1773593004.361203,471,0,0,0,0,9.430205998796737,0.0,0.025018998712766916,4.700418770906046,9.4,608.1875,False
1773593004.5741103,472,0,0,0,0,9.37855799929821,0.0,0.025649002054706216,4.700418770906046,9.4,608.1875,False
1773593004.7869704,473,0,0,0,0,9.445299001527019,0.0,0.027018999389838427,4.700418770906046,18.8,608.1875,False
1773593004.9999838,474,0,0,0,0,9.481946999585489,0.0,0.02600000152597204,4.700418770906046,9.4,608.1875,False
1773593005.2130392,475,0,0,0,0,9.54872599686496,0.0,0.025018998712766916,4.695691114434901,9.4,608.1875,False
1773593005.4259832,476,0,0,0,0,9.51326200083713,0.0,0.025610999728087336,4.695691114434901,9.4,608.1875,False
1773593005.6388378,477,0,0,0,0,9.42439200298395,0.0,0.02516699896659702,4.695691114434901,9.4,608.1875,False
1773593005.8517346,478,0,0,0,0,9.426945998711744,0.0,0.024852000933606178,4.695691114434901,18.8,608.1875,False
1773593006.0647402,479,0,0,0,0,9.507021997706033,0.0,0.02520400084904395,4.695691114434901,14.1,608.1875,False
1773593006.277744,480,0,0,0,0,9.515281002677511,0.0,0.025277997337980196,4.696161138533879,9.4,608.1875,False
1773593006.4906063,481,0,0,0,0,9.43296499826829,0.0,0.02601899905130267,4.696161138533879,9.4,608.1875,False
1773593006.7035632,482,0,0,0,0,9.417945999302901,0.0,0.026186000468442217,4.696161138533879,9.4,608.1875,False
1773593006.9163988,483,0,0,0,0,9.340668999357149,0.0,0.024537002900615335,4.696161138533879,14.1,608.1875,False
1773593007.1293244,484,0,0,0,0,9.490798998740502,0.0,0.024445002054562792,4.696161138533879,9.4,608.1875,False
1773593007.342332,485,0,0,0,0,9.496781000052579,0.0,0.025093002477660775,4.696649137811915,14.1,608.1875,False
1773593007.5553155,486,0,0,0,0,9.541429000819335,0.0,0.025036999431904405,4.696649137811915,9.4,608.1875,False
1773593007.768213,487,0,0,0,0,9.494224999798462,0.0,0.024684999516466632,4.696649137811915,9.4,608.1875,False
1773593007.981314,488,0,0,0,0,9.56159500128706,0.0,0.02431499888189137,4.696649137811915,14.1,608.1875,False
1773593008.194318,489,0,0,0,0,9.516835998510942,0.0,0.024684999516466632,4.696649137811915,9.4,608.1875,False
1773593008.4072943,490,0,0,0,0,9.555947999615455,0.0,0.02570400101831183,4.6950340796262156,9.4,608.1875,False
1773593008.6202896,491,0,0,0,0,9.574133000569418,0.0,0.025258999812649563,4.6950340796262156,14.1,608.1875,False
1773593008.8332503,492,0,0,0,0,9.51515099950484,0.0,0.023592998331878334,4.6950340796262156,9.4,608.1875,False
1773593009.0462856,493,0,0,0,0,9.50752099743113,0.0,0.02633300027810037,4.6950340796262156,14.1,608.1875,False
1773593009.2592168,494,0,0,0,0,9.506427999440348,0.0,0.024703997041797265,4.6950340796262156,14.1,608.1875,False
1773593009.4723177,495,0,0,0,0,9.586946998751955,0.0,0.024777997168712318,4.694740838643356,9.4,608.1875,False
1773593009.6853673,496,0,0,0,0,9.61605900010909,0.0,0.024834000214468688,4.694740838643356,9.4,608.1875,False
1773593009.8984053,497,0,0,0,0,9.488613999565132,0.0,0.024482000299030915,4.694740838643356,9.4,608.1875,False
1773593010.111348,498,0,0,0,0,9.513132001302438,0.0,0.025314999220427126,4.694740838643356,18.8,608.1875,False
1773593010.3242369,499,0,0,0,0,9.471948000282282,0.0,0.025408000510651618,4.694740838643356,9.4,608.1875,False
1773593010.5373206,500,0,0,0,0,9.553447998769116,0.0,0.026407000405015424,4.694818612252208,9.4,608.1875,False
1773593010.75026,501,0,0,0,0,9.524372999294428,0.0,0.02575899998191744,4.694818612252208,14.1,608.1875,False
1773593010.963148,502,0,0,0,0,9.448816999793053,0.0,0.02627800131449476,4.694818612252208,9.4,608.1875,False
1773593011.175644,503,0,0,0,0,8.959091999713564,0.0,0.023906999558676034,4.694818612252208,14.1,608.1875,False
1773593011.388588,504,0,0,0,0,9.442225000384497,0.0,0.02522300201235339,4.694818612252208,14.1,608.1875,False
1773593011.6015205,505,0,0,0,0,9.491020999121247,0.0,0.025260000256821513,4.6983526712802925,9.4,608.1875,False
1773593011.814449,506,0,0,0,0,9.505131998594152,0.0,0.025610999728087336,4.6983526712802925,9.4,608.1875,False
1773593012.0273628,507,0,0,0,0,9.480576998612378,0.0,0.0254259975918103,4.6983526712802925,9.4,608.1875,False
1773593012.240286,508,0,0,0,0,9.48455800244119,0.0,0.025112000002991408,4.6983526712802925,18.8,608.1875,False
1773593012.4532444,509,0,0,0,0,9.512816999631468,0.0,0.02487099845893681,4.6983526712802925,9.4,608.1875,False
1773593012.666134,510,0,0,0,0,9.483705998718506,0.0,0.024832999770296738,4.6965502676974,9.4,608.1875,False
1773593012.8789978,511,0,0,0,0,9.441743000934366,0.0,0.025297002139268443,4.6965502676974,9.4,608.1875,False
1773593013.0918727,512,0,0,0,0,9.463002999837045,0.0,0.02572199809947051,4.6965502676974,9.4,608.1875,False
1773593013.304839,513,0,0,0,0,9.456261999730486,0.0,0.025055000151041895,4.6965502676974,18.8,608.1875,False
1773593013.517807,514,0,0,0,0,9.540169998217607,0.0,0.02516699896659702,4.6965502676974,9.4,608.1875,False
1773593013.7306764,515,0,0,0,0,9.443299000849947,0.0,0.023777996830176562,4.696857409757781,9.4,608.1875,False
1773593013.9435663,516,0,0,0,0,9.35309399937978,0.0,0.022537002223543823,4.696857409757781,9.4,608.1875,False
1773593014.1563532,517,0,0,0,0,9.365075999085093,0.0,0.023333999706665054,4.696857409757781,9.4,608.1875,False
1773593014.369384,518,0,0,0,0,9.346816998004215,0.0,0.024000000848900527,4.696857409757781,18.8,608.1875,False
1773593014.582191,519,0,0,0,0,9.339779000583803,0.0,0.023704000341240317,4.696857409757781,9.4,608.203125,False
1773593014.7949586,520,0,0,0,0,9.356779999507125,0.0,0.02161100201192312,4.69800639303715,9.4,608.203125,False
1773593015.007698,521,0,0,0,0,9.323205998953199,0.0,0.022628999431617558,4.69800639303715,9.4,608.203125,False
1773593015.2205167,522,0,0,0,0,9.360169002320617,0.0,0.022352000087266788,4.69800639303715,9.4,608.203125,False
1773593015.4332812,523,0,0,0,0,9.346669001388364,0.0,0.02238899833173491,4.69800639303715,14.1,608.203125,False
1773593015.6461532,524,0,0,0,0,9.300297999288887,0.0,0.024241002392955124,4.69800639303715,9.4,608.203125,False
1773593015.858926,525,0,0,0,0,9.350890999485273,0.0,0.023722001060377806,4.699372857341011,14.1,608.203125,False
1773593016.0717387,526,0,0,0,0,9.33376100147143,0.0,0.02322200089110993,4.699372857341011,9.4,608.203125,False
1773593016.2845979,527,0,0,0,0,9.356816997751594,0.0,0.022832999093225226,4.699372857341011,9.4,608.203125,False
1773593016.497392,528,0,0,0,0,9.355095000501024,0.0,0.022462998458649963,4.699372857341011,18.8,608.203125,False
1773593016.7101333,529,0,0,0,0,9.280261001549661,0.0,0.022148997231852263,4.699372857341011,9.4,608.203125,False
1773593016.9230344,530,0,0,0,0,9.450595000089379,0.0,0.0256669991358649,4.69883691490053,9.4,608.203125,False
1773593017.1357949,531,0,0,0,0,9.353317000204697,0.0,0.02385200059507042,4.69883691490053,9.4,608.203125,False
1773593017.3485956,532,0,0,0,0,9.355520000099204,0.0,0.022574000468011945,4.69883691490053,9.4,608.203125,False
1773593017.5614223,533,0,0,0,0,9.37974200132885,0.0,0.02294499790878035,4.69883691490053,18.8,608.203125,False
1773593017.774164,534,0,0,0,0,9.310613000707235,0.0,0.02325999957975,4.69883691490053,9.4,608.21875,False
1773593017.9870808,535,0,0,0,0,9.484002999670338,0.0,0.024629996914882213,4.69904538092895,9.4,608.21875,False
1773593018.2000153,536,0,0,0,0,9.42655800099601,0.0,0.026851997972698882,4.69904538092895,9.4,608.21875,False
1773593018.4129307,537,0,0,0,0,9.446133000892587,0.0,0.02488999962224625,4.69904538092895,9.4,608.21875,False
1773593018.6258373,538,0,0,0,0,9.469725002418272,0.0,0.02546399991842918,4.69904538092895,18.8,608.21875,False
1773593018.8386753,539,0,0,0,0,9.41924300059327,0.0,0.024073997337836772,4.69904538092895,9.4,608.21875,False
1773593019.051555,540,0,0,0,0,9.423946001334116,0.0,0.02564799797255546,4.697177216780407,9.4,608.21875,False
1773593019.2644112,541,0,0,0,0,9.438188000785885,0.0,0.02576000042608939,4.697177216780407,9.4,608.21875,False
1773593019.4773178,542,0,0,0,0,9.467910000239499,0.0,0.024704000679776073,4.697177216780407,9.4,608.21875,False
1773593019.6898644,543,0,0,0,0,9.15066699963063,0.0,0.024982000468298793,4.697177216780407,18.8,608.21875,False
1773593019.9027581,544,0,0,0,0,9.45135399888386,0.0,0.025056000595213845,4.697177216780407,9.4,608.21875,False
1773593020.1156356,545,0,0,0,0,9.403762000147253,0.0,0.0248889991780743,4.698892714600263,9.4,608.234375,False
1773593020.3284864,546,0,0,0,0,9.418187000846956,0.0,0.026148001779802144,4.698892714600263,9.4,608.234375,False
1773593020.5414019,547,0,0,0,0,9.420779999345541,0.0,0.02183399919886142,4.698892714600263,9.4,608.234375,False
1773593020.7543662,548,0,0,0,0,9.427892000530846,0.0,0.025334000383736566,4.698892714600263,18.8,608.234375,False
1773593020.9672976,549,0,0,0,0,9.496984999714186,0.0,0.025871002435451373,4.698892714600263,9.4,608.234375,False
1773593021.1802776,550,0,0,0,0,9.486558999924455,0.0,0.027722999220713973,4.696428263506739,9.4,608.234375,False
1773593021.3931684,551,0,0,0,0,9.452168997086119,0.0,0.025110999558819458,4.696428263506739,9.4,608.234375,False
1773593021.606092,552,0,0,0,0,9.485317001235671,0.0,0.02564799797255546,4.696428263506739,9.4,608.234375,False
1773593021.8191144,553,0,0,0,0,9.451947000343353,0.0,0.026704001356847584,4.696428263506739,18.8,608.234375,False
1773593022.0321147,554,0,0,0,0,9.483170000748942,0.0,0.02598199716885574,4.696428263506739,9.4,608.234375,False
1773593022.2450762,555,0,0,0,0,9.508243998425314,0.0,0.024723001843085513,4.695700577079253,9.4,608.234375,False
1773593022.4580138,556,0,0,0,0,9.502633001829963,0.0,0.025538000045344234,4.695700577079253,9.4,608.234375,False
1773593022.6709695,557,0,0,0,0,9.469872999034123,0.0,0.02518600012990646,4.695700577079253,9.4,608.234375,False
1773593022.8838747,558,0,0,0,0,9.467910000239499,0.0,0.024574001145083457,4.695700577079253,18.8,608.234375,False
1773593023.0967634,559,0,0,0,0,9.415039003215497,0.0,0.0248889991780743,4.695700577079253,9.4,608.234375,False
1773593023.3097112,560,0,0,0,0,9.493244000623235,0.0,0.02590799704194069,4.6964829542566155,9.4,608.234375,False
1773593023.5227022,561,0,0,0,0,9.464540002227295,0.0,0.024721997760934755,4.6964829542566155,9.4,608.234375,False
1773593023.735696,562,0,0,0,0,9.424020998267224,0.0,0.025538000045344234,4.6964829542566155,9.4,608.234375,False
1773593023.9487438,563,0,0,0,0,9.519909999653464,0.0,0.02524100273149088,4.6964829542566155,18.8,608.234375,False
1773593024.1617534,564,0,0,0,0,9.541576997435186,0.0,0.025574001483619213,4.6964829542566155,9.4,608.234375,False
1773593024.3747191,565,0,0,0,0,9.533039999951143,0.0,0.02662900078576058,4.694808102154485,9.4,608.234375,False
1773593024.5876667,566,0,0,0,0,9.500928998022573,0.0,0.02490800034138374,4.694808102154485,9.4,608.234375,False
1773593024.8006558,567,0,0,0,0,9.532059000775917,0.0,0.02625900015118532,4.694808102154485,9.4,608.234375,False
1773593025.0135837,568,0,0,0,0,9.503354998741997,0.0,0.023962998966453597,4.694808102154485,18.8,608.234375,False
1773593025.226517,569,0,0,0,0,9.451558002183447,0.0,0.026073998014908284,4.694808102154485,9.4,608.234375,False
1773593025.4393349,570,0,0,0,0,9.415780001290841,0.0,0.026685996999731287,4.6965408016281955,9.4,608.234375,False
1773593025.652301,571,0,0,0,0,9.538984999380773,0.0,0.024665998353157192,4.6965408016281955,14.1,608.234375,False
1773593025.86545,572,0,0,0,0,9.60450300044613,0.0,0.02570399738033302,4.6965408016281955,9.4,608.234375,False
1773593026.0784025,573,0,0,0,0,9.4189279989223,0.0,0.024165998183889315,4.6965408016281955,14.1,608.234375,False
1773593026.291259,574,0,0,0,0,9.418576999451034,0.0,0.025518998882034793,4.6965408016281955,9.4,608.234375,False
1773593026.5041692,575,0,0,0,0,9.407909001311054,0.0,0.02594399848021567,4.695580719735347,14.1,608.234375,False
1773593026.7171857,576,0,0,0,0,9.551078001095448,0.0,0.024722001398913562,4.695580719735347,9.4,608.234375,False
1773593026.9301443,577,0,0,0,0,9.519651001028251,0.0,0.02494500222383067,4.695580719735347,9.4,608.234375,False
1773593027.1429768,578,0,0,0,0,9.408891000930453,0.0,0.02535199746489525,4.695580719735347,18.8,608.234375,False
1773593027.3558328,579,0,0,0,0,9.425575997738633,0.0,0.025074001314351335,4.695580719735347,9.4,608.234375,False
1773593027.5687869,580,0,0,0,0,9.489484000368975,0.0,0.054907999583519995,4.6965081965707896,9.4,608.234375,False
1773593027.781768,581,0,0,0,0,9.566689001076156,0.0,0.024852000933606178,4.6965081965707896,9.4,608.234375,False
1773593027.994632,582,0,0,0,0,9.45668799977284,0.0,0.02522300201235339,4.6965081965707896,4.7,608.234375,False
1773593028.2075887,583,0,0,0,0,9.429205998458201,0.0,0.025556000764481723,4.6965081965707896,18.8,608.234375,False
1773593028.4205768,584,0,0,0,0,9.427909997612005,0.0,0.025574001483619213,4.6965081965707896,14.1,608.234375,False
1773593028.6334763,585,0,0,0,0,9.477316998527385,0.0,0.026277997676515952,4.696202151810919,9.4,608.234375,False
1773593028.84644,586,0,0,0,0,9.444724000786664,0.0,0.02490800034138374,4.696202151810919,9.4,608.234375,False
1773593029.0593941,587,0,0,0,0,9.514298999420134,0.0,0.025036999431904405,4.696202151810919,9.4,608.234375,False
1773593029.2722168,588,0,0,0,0,9.391686999151716,0.0,0.02548200063756667,4.696202151810919,18.8,608.234375,False
1773593029.4851828,589,0,0,0,0,9.49768799910089,0.0,0.024500001018168405,4.696202151810919,9.4,608.234375,False
1773593029.698024,590,0,0,0,0,9.429539000848308,0.0,0.025574998289812356,4.6968637213172215,9.4,608.234375,False
1773593029.910982,591,0,0,0,0,9.50657700013835,0.0,0.026462999812792987,4.6968637213172215,9.4,608.234375,False
1773593030.123871,592,0,0,0,0,9.3920760009496,0.0,0.02518499968573451,4.6968637213172215,9.4,608.234375,False
1773593030.3366537,593,0,0,0,0,9.239686998625984,0.0,0.02574099926277995,4.6968637213172215,18.8,608.234375,False
1773593030.549619,594,0,0,0,0,9.375613000884186,0.0,0.025499997718725353,4.6968637213172215,9.4,608.234375,False
1773593030.7624495,595,0,0,0,0,9.344464000605512,0.0,0.024982000468298793,4.697432883320372,9.4,608.234375,False
1773593030.9751706,596,0,0,0,0,9.186314997350564,0.0,0.02259299799334258,4.697432883320372,9.4,608.234375,False
1773593031.1879194,597,0,0,0,0,9.284075000323355,0.0,0.02290799966431223,4.697432883320372,9.4,608.234375,False
1773593031.4005983,598,0,0,0,0,9.145353000349132,0.0,0.022518001060234383,4.697432883320372,18.8,608.234375,False
1773593031.6133673,599,0,0,0,0,9.302780003054067,0.0,0.022815002012066543,4.697432883320372,9.4,608.234375,False
1773593031.826296,600,0,0,0,0,9.476188002736308,0.0,0.021962998289382085,4.699879430049259,9.4,608.234375,False
1773593032.0389817,601,0,0,0,0,9.276557000703178,0.0,0.023018998035695404,4.699879430049259,9.4,608.234375,False
1773593032.2518268,602,0,0,0,0,9.361945998534793,0.0,0.023684999177930877,4.699879430049259,9.4,608.234375,False
1773593032.46464,603,0,0,0,0,9.364058001665398,0.0,0.02327800029888749,4.699879430049259,18.8,608.234375,False
1773593032.6775393,604,0,0,0,0,9.36074199853465,0.0,0.023351996787823737,4.699879430049259,9.4,608.234375,False
1773593032.8905504,605,0,0,0,0,9.363705001305789,0.0,0.025296998501289636,4.6981453192099,9.4,608.25,False
1773593033.1034226,606,0,0,0,0,9.443057999305893,0.0,0.0245749979512766,4.6981453192099,14.1,608.25,False
1773593033.3162665,607,0,0,0,0,9.428205998119665,0.0,0.02488999962224625,4.6981453192099,9.4,608.25,False
1773593033.5291855,608,0,0,0,0,9.439242996450048,0.0,0.024223001673817635,4.6981453192099,14.1,608.25,False
1773593033.742063,609,0,0,0,0,9.38772399968002,0.0,0.025592999008949846,4.6981453192099,9.4,608.25,False
1773593033.9549417,610,0,0,0,0,9.384649998537498,0.0,0.025851997634163126,4.697539156202128,14.1,608.25,False
1773593034.1678221,611,0,0,0,0,9.312613001384307,0.0,0.02327800029888749,4.697539156202128,9.4,608.25,False
1773593034.3806558,612,0,0,0,0,9.282871000323212,0.0,0.02320400017197244,4.697539156202128,9.4,608.25,False
1773593034.593687,613,0,0,0,0,9.324056998593733,0.0,0.024777997168712318,4.697539156202128,14.1,608.25,False
1773593034.8064623,614,0,0,0,0,9.313446000305703,0.0,0.02594399848021567,4.697539156202128,9.4,608.25,False
1773593035.019331,615,0,0,0,0,9.44637300199247,0.0,0.024259003112092614,4.697530738372774,9.4,608.25,False
1773593035.2323022,616,0,0,0,0,9.441651000088314,0.0,0.025110999558819458,4.697530738372774,9.4,608.25,False
1773593035.4453156,617,0,0,0,0,9.45090999812237,0.0,0.024611003027530387,4.697530738372774,9.4,608.25,False
1773593035.6582015,618,0,0,0,0,9.45166900055483,0.0,0.024240998754976317,4.697530738372774,18.8,608.25,False
1773593035.8710349,619,0,0,0,0,9.404631000506924,0.0,0.024499997380189598,4.697530738372774,9.4,608.25,False
1773593036.0839128,620,0,0,0,0,9.428371999092633,0.0,0.025315002858405933,4.6966891077631745,9.4,608.25,False
1773593036.2969036,621,0,0,0,0,9.472595000261208,0.0,0.025649002054706216,4.6966891077631745,9.4,608.25,False
1773593036.5099466,622,0,0,0,0,9.580928999639582,0.0,0.024815002689138055,4.6966891077631745,14.1,608.25,False
1773593036.7230465,623,0,0,0,0,9.51342900225427,0.0,0.02577800114522688,4.6966891077631745,14.1,608.25,False
1773593036.936139,624,0,0,0,0,9.488261999649694,0.0,0.02546299947425723,4.6966891077631745,9.4,608.25,False
1773593037.1492772,625,0,0,0,0,9.521059000690002,0.0,0.025018998712766916,4.6932163657623684,9.4,608.25,False
1773593037.3622,626,0,0,0,0,9.483928999543423,0.0,0.024536999262636527,4.6932163657623684,14.1,608.25,False
1773593037.575142,627,0,0,0,0,9.501150998403318,0.0,0.025092998839681968,4.6932163657623684,9.4,608.25,False
1773593037.7882788,628,0,0,0,0,9.482687997660832,0.0,0.02633300027810037,4.6932163657623684,14.1,608.25,False
1773593038.0011814,629,0,0,0,0,9.457187999942107,0.0,0.02324099841644056,4.6932163657623684,14.1,608.25,False
1773593038.214114,630,0,0,0,0,9.468058000493329,0.0,0.02403699909336865,4.695562846796031,9.4,608.265625,False
1773593038.4269614,631,0,0,0,0,9.41689100000076,0.0,0.02327800029888749,4.695562846796031,9.4,608.265625,False
1773593038.6397932,632,0,0,0,0,9.349132000352256,0.0,0.02242600021418184,4.695562846796031,9.4,608.28125,False
1773593038.8525977,633,0,0,0,0,9.375113000714919,0.0,0.02275900260428898,4.695562846796031,18.8,608.28125,False
1773593039.0653634,634,0,0,0,0,9.35296500028926,0.0,0.022629999875789508,4.695562846796031,9.4,608.28125,False
1773593039.2782261,635,0,0,0,0,9.325557002739515,0.0,0.023888998839538544,4.6987390054227625,9.4,608.28125,False
1773593039.4911375,636,0,0,0,0,9.393262000230607,0.0,0.022575000912183896,4.6987390054227625,9.4,608.28125,False
1773593039.7040286,637,0,0,0,0,9.476836003159406,0.0,0.025056000595213845,4.6987390054227625,9.4,608.28125,False
1773593039.916648,638,0,0,0,0,9.015555999212665,0.0,0.022758998966310173,4.6987390054227625,14.1,608.28125,False
1773593040.1296785,639,0,0,0,0,9.546707002300536,0.0,0.025388999347342178,4.6987390054227625,9.4,608.28125,False
1773593040.3426754,640,0,0,0,0,9.458872998948209,0.0,0.024500001018168405,4.69730767688718,14.1,608.28125,False
1773593040.5556169,641,0,0,0,0,9.49252099962905,0.0,0.026073998014908284,4.69730767688718,9.4,608.28125,False
1773593040.7686038,642,0,0,0,0,9.456946998398053,0.0,0.024408000172115862,4.69730767688718,9.4,608.28125,False
1773593040.981442,643,0,0,0,0,9.436002001166344,0.0,0.025538000045344234,4.69730767688718,18.8,608.28125,False
1773593041.1943676,644,0,0,0,0,9.414984000613913,0.0,0.0254259975918103,4.69730767688718,9.4,608.28125,False
1773593041.4071734,645,0,0,0,0,9.377186997880926,0.0,0.025278000975959003,4.697080428480655,9.4,608.28125,False
1773593041.620109,646,0,0,0,0,9.412169001734583,0.0,0.0248889991780743,4.697080428480655,9.4,608.28125,False
1773593041.832966,647,0,0,0,0,9.406798999407329,0.0,0.024444998416583985,4.697080428480655,9.4,608.28125,False
1773593042.0458882,648,0,0,0,0,9.37978000001749,0.0,0.024408000172115862,4.697080428480655,18.8,608.28125,False
1773593042.2587125,649,0,0,0,0,9.401390998391435,0.0,0.027795998903457075,4.697080428480655,9.4,608.28125,False
1773593042.4716,650,0,0,0,0,9.419392001291271,0.0,0.02537099862820469,4.697377118286256,9.4,608.28125,False
1773593042.6847124,651,0,0,0,0,9.46429900068324,0.0,0.025314999220427126,4.697377118286256,14.1,608.28125,False
1773593042.897595,652,0,0,0,0,9.44841000091401,0.0,0.02598199716885574,4.697377118286256,9.4,608.28125,False
1773593043.1105669,653,0,0,0,0,9.479484000621596,0.0,0.024463002773700282,4.697377118286256,18.8,608.28125,False
1773593043.3233166,654,0,0,0,0,9.336076000181492,0.0,0.024482000299030915,4.697377118286256,9.4,608.28125,False
1773593043.5361655,655,0,0,0,0,9.376409001561115,0.0,0.02550000135670416,4.696758530874414,4.7,608.28125,False
1773593043.748864,656,0,0,0,0,9.250500999769429,0.0,0.021944000764051452,4.696758530874414,9.4,608.28125,False
1773593043.9617357,657,0,0,0,0,9.383594999235356,0.0,0.021482002921402454,4.696758530874414,9.4,608.28125,False
1773593044.1744647,658,0,0,0,0,9.298649998527253,0.0,0.021481999283423647,4.696758530874414,18.8,608.28125,False
1773593044.3874543,659,0,0,0,0,9.275483000237728,0.0,0.02407400097581558,4.696758530874414,9.4,608.28125,False
1773593044.60018,660,0,0,0,0,9.297797001636354,0.0,0.02351900184294209,4.699143303175401,9.4,608.28125,False
1773593044.8129113,661,0,0,0,0,9.30664999759756,0.0,0.023111999325919896,4.699143303175401,9.4,608.28125,False
1773593045.0257244,662,0,0,0,0,9.286798001994612,0.0,0.021482002921402454,4.699143303175401,9.4,608.28125,False
1773593045.23847,663,0,0,0,0,9.265483000490349,0.0,0.02188900180044584,4.699143303175401,18.8,608.28125,False
1773593045.4512215,664,0,0,0,0,9.264574997359887,0.0,0.021741001546615735,4.699143303175401,9.4,608.28125,False
1773593045.6639793,665,0,0,0,0,9.357687002193416,0.0,0.02325999957975,4.700152245207795,9.4,608.28125,False
1773593045.8767421,666,0,0,0,0,9.289500998420408,0.0,0.02353700256207958,4.700152245207795,9.4,608.28125,False
1773593046.0895772,667,0,0,0,0,9.34590900214971,0.0,0.02292600038344972,4.700152245207795,9.4,608.28125,False
1773593046.3022985,668,0,0,0,0,9.271464001358254,0.0,0.022499996703118086,4.700152245207795,18.8,608.28125,False
1773593046.5151365,669,0,0,0,0,9.352445998956682,0.0,0.02355600008741021,4.700152245207795,9.4,608.28125,False
1773593046.7278454,670,0,0,0,0,9.308835000410909,0.0,0.022074000298744068,4.699787796541951,9.4,608.28125,False
1773593046.940679,671,0,0,0,0,9.305242001573788,0.0,0.02292600038344972,4.699787796541951,9.4,608.28125,False
1773593047.153536,672,0,0,0,0,9.410669001226779,0.0,0.02113000300596468,4.699787796541951,9.4,608.28125,False
1773593047.366243,673,0,0,0,0,9.272037998016458,0.0,0.022815002012066543,4.699787796541951,18.8,608.28125,False
1773593047.5789547,674,0,0,0,0,9.29540899960557,0.0,0.023054999473970383,4.699787796541951,9.4,608.28125,False
1773593047.7917638,675,0,0,0,0,9.308409000368556,0.0,0.023518998204963282,4.6997340820092335,9.4,608.296875,False
1773593048.0045185,676,0,0,0,0,9.317261003161548,0.0,0.022593001631321386,4.6997340820092335,9.4,608.296875,False
1773593048.2172704,677,0,0,0,0,9.326669001893606,0.0,0.02270400000270456,4.6997340820092335,9.4,608.296875,False
1773593048.4295313,678,0,0,0,0,8.751091001613531,0.0,0.022166997950989753,4.6997340820092335,18.8,608.296875,False
1773593048.6421807,679,0,0,0,0,9.257353001885349,0.0,0.02105499879689887,4.6997340820092335,9.4,608.296875,False
1773593048.854988,680,0,0,0,0,9.306408999691484,0.0,0.02524100273149088,4.702663842432489,9.4,608.296875,False
1773593049.0677428,681,0,0,0,0,9.325779999926453,0.0,0.025795998226385564,4.702663842432489,9.4,608.296875,False
1773593049.28069,682,0,0,0,0,9.362705997773446,0.0,0.02879699968616478,4.702663842432489,9.4,608.296875,False
1773593049.4935129,683,0,0,0,0,9.381446001498261,0.0,0.024739998480072245,4.702663842432489,18.8,608.296875,False
1773593049.7063394,684,0,0,0,0,9.38507599857985,0.0,0.024462999135721475,4.702663842432489,9.4,608.296875,False
1773593049.9191277,685,0,0,0,0,9.353908997582039,0.0,0.025240999093512073,4.698627414649469,9.4,608.296875,False
1773593050.1319563,686,0,0,0,0,9.389446000568569,0.0,0.025203997211065143,4.698627414649469,9.4,608.296875,False
1773593050.3447065,687,0,0,0,0,9.263724001357332,0.0,0.022610998712480068,4.698627414649469,14.1,608.296875,False
1773593050.5575113,688,0,0,0,0,9.36218800052302,0.0,0.023684999177930877,4.698627414649469,18.8,608.296875,False
1773593050.7703443,689,0,0,0,0,9.365947000333108,0.0,0.023295997380046174,4.698627414649469,9.4,608.296875,False
1773593050.9830503,690,0,0,0,0,9.267389999877196,0.0,0.022296000679489225,4.699566626935013,9.4,608.296875,False
1773593051.1957803,691,0,0,0,0,9.325038998213131,0.0,0.022537002223543823,4.699566626935013,9.4,608.296875,False
1773593051.4085348,692,0,0,0,0,9.302223999839043,0.0,0.021167001250432804,4.699566626935013,9.4,608.296875,False
1773593051.6213927,693,0,0,0,0,9.359150000818772,0.0,0.022629999875789508,4.699566626935013,18.8,608.296875,False
1773593051.8342397,694,0,0,0,0,9.310852998169139,0.0,0.023537999368272722,4.699566626935013,9.4,608.296875,False
1773593052.0470679,695,0,0,0,0,9.371021002152702,0.0,0.024834000214468688,4.699173838904188,9.4,608.296875,False
1773593052.259851,696,0,0,0,0,9.362593998957891,0.0,0.022315001842798665,4.699173838904188,9.4,608.296875,False
1773593052.4727397,697,0,0,0,0,9.34529799997108,0.0,0.02244400093331933,4.699173838904188,9.4,608.296875,False
1773593052.685587,698,0,0,0,0,9.393409000040265,0.0,0.022740998247172683,4.699173838904188,14.1,608.296875,False
1773593052.898463,699,0,0,0,0,9.341650002170354,0.0,0.022314998204819858,4.699173838904188,9.4,608.296875,False
1773593053.111343,700,0,0,0,0,9.294908999436302,0.0,0.02244400093331933,4.698065330410006,14.1,608.296875,False
1773593053.3241289,701,0,0,0,0,9.350260999781312,0.0,0.023167001927504316,4.698065330410006,9.4,608.296875,False
1773593053.537062,702,0,0,0,0,9.436484000616474,0.0,0.02135200338670984,4.698065330410006,9.4,608.296875,False
1773593053.7497766,703,0,0,0,0,9.344188001705334,0.0,0.02275900260428898,4.698065330410006,14.1,608.296875,False
1773593053.9625175,704,0,0,0,0,9.328280000772793,0.0,0.02327800029888749,4.698065330410006,9.4,608.296875,False
1773593054.1752932,705,0,0,0,0,9.322593999968376,0.0,0.02300000051036477,4.699440253648301,9.4,608.296875,False
1773593054.3881714,706,0,0,0,0,9.335112998087425,0.0,0.022258998797042295,4.699440253648301,9.4,608.296875,False
1773593054.600945,707,0,0,0,0,9.34872400102904,0.0,0.022852000256534666,4.699440253648301,9.4,608.296875,False
1773593054.8137336,708,0,0,0,0,9.346279002784286,0.0,0.022667001758236438,4.699440253648301,18.8,608.296875,False
1773593055.0267205,709,0,0,0,0,9.545021999656456,0.0,0.02631499955896288,4.699440253648301,9.4,608.296875,False
1773593055.2396216,710,0,0,0,0,9.449187997233821,0.0,0.02461199983372353,4.697883260798076,14.1,608.296875,False
1773593055.4524426,711,0,0,0,0,9.401651001098799,0.0,0.0256669991358649,4.697883260798076,9.4,608.296875,False
1773593055.665541,712,0,0,0,0,9.519150997221004,0.0,0.026462999812792987,4.697883260798076,9.4,608.296875,False
1773593055.878444,713,0,0,0,0,9.444335999432951,0.0,0.025258999812649563,4.697883260798076,18.8,608.296875,False
1773593056.0913618,714,0,0,0,0,9.477206000156002,0.0,0.026888999855145812,4.697883260798076,9.4,608.296875,False
1773593056.30428,715,0,0,0,0,9.464391001529293,0.0,0.025536999601172283,4.69636831549425,9.4,608.3125,False
1773593056.5173721,716,0,0,0,0,9.62494800114655,0.0,0.0255190025200136,4.69636831549425,9.4,608.3125,False
1773593056.730254,717,0,0,0,0,9.438780001801206,0.0,0.02572300218162127,4.69636831549425,9.4,608.3125,False
1773593056.9427922,718,0,0,0,0,9.012889000587165,0.0,0.02572299854364246,4.69636831549425,18.8,608.3125,False
1773593057.1556802,719,0,0,0,0,9.373168999445625,0.0,0.025408000510651618,4.69636831549425,9.4,608.3125,False
1773593057.3685355,720,0,0,0,0,9.376761998282745,0.0,0.02512999708415009,4.698228468349632,4.7,608.3125,False
1773593057.581489,721,0,0,0,0,9.455057999730343,0.0,0.025388999347342178,4.698228468349632,14.1,608.3125,False
1773593057.7943594,722,0,0,0,0,9.389075999933993,0.0,0.026165998860960826,4.698228468349632,9.4,608.3125,False
1773593058.0071795,723,0,0,0,0,9.382038999319775,0.0,0.024684999516466632,4.698228468349632,14.1,608.3125,False
1773593058.2201731,724,0,0,0,0,9.466576000704663,0.0,0.02631500319694169,4.698228468349632,9.4,608.3125,False
1773593058.4332054,725,0,0,0,0,9.464521001063986,0.0,0.02548200063756667,4.69616008692081,14.1,608.3125,False
1773593058.6462128,726,0,0,0,0,9.54089199876762,0.0,0.02851799945347011,4.69616008692081,9.4,608.3125,False
1773593058.859099,727,0,0,0,0,9.390947001520544,0.0,0.025610999728087336,4.69616008692081,9.4,608.3125,False
1773593059.072119,728,0,0,0,0,9.513966000668006,0.0,0.025130000722128898,4.69616008692081,18.8,608.3125,False
1773593059.2850406,729,0,0,0,0,9.470706998399692,0.0,0.02550000135670416,4.69616008692081,9.4,608.3125,False
1773593059.4980662,730,0,0,0,0,9.506040001724614,0.0,0.025703000574139878,4.695441945191574,9.4,608.3125,False
1773593059.7108917,731,0,0,0,0,9.363576002215268,0.0,0.0254259975918103,4.695441945191574,9.4,608.3125,False
1773593059.9237008,732,0,0,0,0,9.371613003168022,0.0,0.025741002900758758,4.695441945191574,9.4,608.3125,False
1773593060.1366248,733,0,0,0,0,9.421299000678118,0.0,0.027926002076128498,4.695441945191574,18.8,608.3125,False
1773593060.3495312,734,0,0,0,0,9.433557999727782,0.0,0.023962998966453597,4.695441945191574,9.4,608.3125,False
1773593060.5625188,735,0,0,0,0,9.504743000434246,0.0,0.025648001610534266,4.697274009069091,9.4,608.3125,False
1773593060.775367,736,0,0,0,0,9.396391000336735,0.0,0.026388999685877934,4.697274009069091,9.4,608.3125,False
1773593060.9883013,737,0,0,0,0,9.40455700038001,0.0,0.02486999801476486,4.697274009069091,9.4,608.3125,False
1773593061.2012386,738,0,0,0,0,9.476651001023129,0.0,0.0243520007643383,4.697274009069091,18.8,608.3125,False
1773593061.414168,739,0,0,0,0,9.443391998502193,0.0,0.024184999347198755,4.697274009069091,9.4,608.3125,False
1773593061.6271005,740,0,0,0,0,9.425668999028858,0.0,0.025278000975959003,4.696705937419866,9.4,608.3125,False
1773593061.8400168,741,0,0,0,0,9.424668998690322,0.0,0.025852001272141933,4.696705937419866,9.4,608.3125,False
1773593062.053081,742,0,0,0,0,9.510687999863876,0.0,0.02461099938955158,4.696705937419866,9.4,608.3125,False
1773593062.2660697,743,0,0,0,0,9.462483998504467,0.0,0.024575001589255407,4.696705937419866,18.8,608.3125,False
1773593062.478885,744,0,0,0,0,9.364428002299974,0.0,0.024999997549457476,4.696705937419866,9.4,608.3125,False
1773593062.6917524,745,0,0,0,0,9.437538999918615,0.0,0.025610999728087336,4.696343074683686,9.4,608.328125,False
1773593062.9046638,746,0,0,0,0,9.377464997669449,0.0,0.026425997930346057,4.696343074683686,9.4,608.34375,False
1773593063.1175332,747,0,0,0,0,9.426983997400384,0.0,0.025630000891396776,4.696343074683686,9.4,608.34375,False
1773593063.3305287,748,0,0,0,0,9.426872999029001,0.0,0.025352001102874056,4.696343074683686,18.8,608.34375,False
1773593063.5433562,749,0,0,0,0,9.403964999364689,0.0,0.025667002773843706,4.696343074683686,9.4,608.34375,False
1773593063.756306,750,0,0,0,0,9.428354002011474,0.0,0.02575899998191744,4.696833215603734,9.4,608.34375,False
1773593063.969232,751,0,0,0,0,9.421965001820354,0.0,0.024760000087553635,4.696833215603734,9.4,608.34375,False
1773593064.18209,752,0,0,0,0,9.442427999601932,0.0,0.02492600106052123,4.696833215603734,9.4,608.34375,False
1773593064.394812,753,0,0,0,0,9.295649000705453,0.0,0.023074000637279823,4.696833215603734,18.8,608.34375,False
1773593064.6075747,754,0,0,0,0,9.314558003097773,0.0,0.02292600038344972,4.696833215603734,14.1,608.34375,False
1773593064.8203971,755,0,0,0,0,9.30618699931074,0.0,0.023796997993486002,4.698830598036896,9.4,608.34375,False
1773593065.0331786,756,0,0,0,0,9.322908998001367,0.0,0.022536998585565016,4.698830598036896,9.4,608.34375,False
1773593065.2459855,757,0,0,0,0,9.34703899838496,0.0,0.02131400106009096,4.698830598036896,9.4,608.34375,False
1773593065.4582965,758,0,0,0,0,8.859850000590086,0.0,0.022944001102587208,4.698830598036896,18.8,608.34375,False
1773593065.6710768,759,0,0,0,0,9.3495389992313,0.0,0.022889002138981596,4.698830598036896,9.4,608.34375,False
1773593065.8840332,760,0,0,0,0,9.403706000739476,0.0,0.023093001800589263,4.7008770972248906,9.4,608.34375,False
1773593066.0967731,761,0,0,0,0,9.289057001296896,0.0,0.038295998820103705,4.7008770972248906,9.4,608.34375,False
1773593066.3095279,762,0,0,0,0,9.328593998361612,0.0,0.02190700251958333,4.7008770972248906,9.4,608.34375,False
1773593066.5222898,763,0,0,0,0,9.295446001488017,0.0,0.02320400017197244,4.7008770972248906,18.8,608.34375,False
1773593066.7349699,764,0,0,0,0,9.275205997255398,0.0,0.022184998670127243,4.7008770972248906,9.4,608.34375,False
1773593066.9476764,765,0,0,0,0,9.290945999964606,0.0,0.023665998014621437,4.700807552307544,9.4,608.34375,False
1773593067.1604917,766,0,0,0,0,9.327705000032438,0.0,0.021926000044913962,4.700807552307544,4.7,608.34375,False
1773593067.3733153,767,0,0,0,0,9.34933500320767,0.0,0.02272200072184205,4.700807552307544,14.1,608.34375,False
1773593067.5861444,768,0,0,0,0,9.394890999828931,0.0,0.022074000298744068,4.700807552307544,14.1,608.34375,False
1773593067.7988708,769,0,0,0,0,9.27935400250135,0.0,0.02246300209662877,4.700807552307544,9.4,608.34375,False
1773593068.011632,770,0,0,0,0,9.296612999605713,0.0,0.02214800042565912,4.699447625236692,14.1,608.34375,False
1773593068.2244756,771,0,0,0,0,9.30726099977619,0.0,0.02350000067963265,4.699447625236692,9.4,608.34375,False
1773593068.4372723,772,0,0,0,0,9.335187001852319,0.0,0.021629999537253752,4.699447625236692,9.4,608.34375,False
1773593068.6500983,773,0,0,0,0,9.405186996445991,0.0,0.022889002138981596,4.699447625236692,14.1,608.34375,False
1773593068.8628907,774,0,0,0,0,9.294056999351596,0.0,0.022795997210778296,4.699447625236692,9.4,608.34375,False
1773593069.0755801,775,0,0,0,0,9.276409000449348,0.0,0.023352000425802544,4.699496067678595,14.1,608.34375,False
1773593069.2883732,776,0,0,0,0,9.346150000055786,0.0,0.022260002879193053,4.699496067678595,9.4,608.34375,False
1773593069.5011966,777,0,0,0,0,9.396075998665765,0.0,0.02375999974901788,4.699496067678595,9.4,608.34375,False
1773593069.714261,778,0,0,0,0,9.545428998535499,0.0,0.02459299867041409,4.699496067678595,14.1,608.34375,False
1773593069.92702,779,0,0,0,0,9.311983001680346,0.0,0.02327800029888749,4.699496067678595,14.1,608.34375,False
1773593070.1398282,780,0,0,0,0,9.326483999757329,0.0,0.023407999833580106,4.69816426432461,9.4,608.34375,False
1773593070.3526268,781,0,0,0,0,9.316982999735046,0.0,0.023573997168568894,4.69816426432461,9.4,608.34375,False
1773593070.5656142,782,0,0,0,0,9.465021001233254,0.0,0.022444997739512473,4.69816426432461,9.4,608.34375,False
1773593070.7783887,783,0,0,0,0,9.332187000836711,0.0,0.022092001017881557,4.69816426432461,18.8,608.34375,False
1773593070.991157,784,0,0,0,0,9.332741999969585,0.0,0.02327800029888749,4.69816426432461,9.4,608.34375,False
1773593071.2039692,785,0,0,0,0,9.322260997578269,0.0,0.02298099934705533,4.6986358364097045,9.4,608.34375,False
1773593071.4167285,786,0,0,0,0,9.325908999016974,0.0,0.022629999875789508,4.6986358364097045,9.4,608.34375,False
1773593071.6295428,787,0,0,0,0,9.323909001977881,0.0,0.021777999791083857,4.6986358364097045,9.4,608.34375,False
1773593071.842352,788,0,0,0,0,9.324520000518532,0.0,0.023167001927504316,4.6986358364097045,18.8,608.34375,False
1773593072.0551775,789,0,0,0,0,9.354057001473848,0.0,0.021981999452691525,4.6986358364097045,9.4,608.34375,False
1773593072.2680683,790,0,0,0,0,9.415112999704434,0.0,0.025371002266183496,4.698863235348485,9.4,608.34375,False
1773593072.4809453,791,0,0,0,0,9.42109500101651,0.0,0.025240999093512073,4.698863235348485,9.4,608.34375,False
1773593072.6938815,792,0,0,0,0,9.507096001470927,0.0,0.02516699896659702,4.698863235348485,9.4,608.34375,False
1773593072.906779,793,0,0,0,0,9.424872001545737,0.0,0.02537099862820469,4.698863235348485,18.8,608.34375,False
1773593073.1196284,794,0,0,0,0,9.401576000527712,0.0,0.025851997634163126,4.698863235348485,9.4,608.34375,False
1773593073.33253,795,0,0,0,0,9.43703999655554,0.0,0.02570399738033302,4.6973087290142725,9.4,608.34375,False
1773593073.5455215,796,0,0,0,0,9.482743000262417,0.0,0.02792599843814969,4.6973087290142725,9.4,608.34375,False
1773593073.7584527,797,0,0,0,0,9.437576001801062,0.0,0.026110999897355214,4.6973087290142725,9.4,608.34375,False
1773593073.970948,798,0,0,0,0,9.057315000973176,0.0,0.02570400101831183,4.6973087290142725,18.8,608.34375,False
1773593074.1838748,799,0,0,0,0,9.449872999539366,0.0,0.0260560009337496,4.6973087290142725,9.4,608.34375,False
1773593074.3971417,800,0,0,0,0,9.490798998740502,0.0,0.02577800114522688,4.696471384953301,9.4,608.359375,False
1773593074.610126,801,0,0,0,0,9.529299000860192,0.0,0.024536999262636527,4.696471384953301,9.4,608.359375,False
1773593074.8230703,802,0,0,0,0,9.455483999772696,0.0,0.025334000383736566,4.696471384953301,9.4,608.359375,False
1773593075.0360258,803,0,0,0,0,9.532891999697313,0.0,0.025518998882034793,4.696471384953301,18.8,608.359375,False
1773593075.2489946,804,0,0,0,0,9.478354000748368,0.0,0.02544499875511974,4.696471384953301,9.4,608.359375,False
1773593075.4618118,805,0,0,0,0,8.967648001998896,0.0,0.025426001229789108,4.696258940607939,9.4,608.359375,False
1773593075.67449,806,0,0,0,0,9.230519997800002,0.0,0.026223002350889146,4.696258940607939,9.4,608.359375,False
1773593075.8873916,807,0,0,0,0,9.434169001906412,0.0,0.02463000055286102,4.696258940607939,9.4,608.359375,False
1773593076.100364,808,0,0,0,0,9.447410000575474,0.0,0.02579600186436437,4.696258940607939,18.8,608.359375,False
1773593076.313324,809,0,0,0,0,9.506373000476742,0.0,0.02522200156818144,4.696258940607939,9.4,608.359375,False
1773593076.5262523,810,0,0,0,0,9.501317999820458,0.0,0.02633400072227232,4.697342397330078,9.4,608.359375,False
1773593076.739242,811,0,0,0,0,9.427706001588376,0.0,0.0256669991358649,4.697342397330078,9.4,608.359375,False
1773593076.9522169,812,0,0,0,0,9.482632998697227,0.0,0.028018999728374183,4.697342397330078,14.1,608.359375,False
1773593077.1651692,813,0,0,0,0,9.48833599977661,0.0,0.02574099926277995,4.697342397330078,14.1,608.359375,False
1773593077.378055,814,0,0,0,0,9.425742999155773,0.0,0.02577800114522688,4.697342397330078,9.4,608.359375,False
1773593077.5909698,815,0,0,0,0,9.476557999732904,0.0,0.025296998501289636,4.69610540369024,14.1,608.359375,False
1773593077.803843,816,0,0,0,0,9.42548400053056,0.0,0.02568600029917434,4.69610540369024,9.4,608.359375,False
1773593078.016802,817,0,0,0,0,9.476725001150044,0.0,0.053574000048683956,4.69610540369024,9.4,608.375,False
1773593078.229706,818,0,0,0,0,9.454243001528084,0.0,0.025369998184032738,4.69610540369024,18.8,608.375,False
1773593078.4425805,819,0,0,0,0,9.440502002689755,0.0,0.025130000722128898,4.69610540369024,9.4,608.375,False
1773593078.6557536,820,0,0,0,0,9.426168999198126,0.0,0.025426001229789108,4.695784691149703,9.4,608.375,False
1773593078.8686414,821,0,0,0,0,9.429706999071641,0.0,0.02590799704194069,4.695784691149703,9.4,608.375,False
1773593079.0816166,822,0,0,0,0,9.482946999924025,0.0,0.02596299964352511,4.695784691149703,9.4,608.375,False
1773593079.2945817,823,0,0,0,0,9.542076997604454,0.0,0.024666998797329143,4.695784691149703,18.8,608.375,False
1773593079.5074615,824,0,0,0,0,9.429705998627469,0.0,0.0262039975496009,4.695784691149703,9.4,608.375,False
1773593079.720402,825,0,0,0,0,9.441965998121304,0.0,0.025221997930202633,4.696394608293764,9.4,608.375,False
1773593079.933323,826,0,0,0,0,9.480798998993123,0.0,0.02577800114522688,4.696394608293764,9.4,608.375,False
1773593080.146268,827,0,0,0,0,9.436484000616474,0.0,0.024870001652743667,4.696394608293764,9.4,608.375,False
1773593080.3593144,828,0,0,0,0,9.393891003128374,0.0,0.02596299964352511,4.696394608293764,18.8,608.375,False
1773593080.5722003,829,0,0,0,0,9.44885399803752,0.0,0.02600000152597204,4.696394608293764,9.4,608.375,False
1773593080.7850852,830,0,0,0,0,9.419187001185492,0.0,0.025592002202756703,4.69621056487937,9.4,608.375,False
1773593080.9980156,831,0,0,0,0,9.423464998690179,0.0,0.024834000214468688,4.69621056487937,9.4,608.375,False
1773593081.2109706,832,0,0,0,0,9.40692799849785,0.0,0.026259996957378462,4.69621056487937,9.4,608.375,False
1773593081.4238002,833,0,0,0,0,9.399021000717767,0.0,0.023962998966453597,4.69621056487937,18.8,608.375,False
1773593081.6367981,834,0,0,0,0,9.473409998463467,0.0,0.05416700150817633,4.69621056487937,9.4,608.375,False
1773593081.8497267,835,0,0,0,0,9.462725000048522,0.0,0.0256669991358649,4.696419849658275,9.4,608.375,False
1773593082.0625412,836,0,0,0,0,9.389557999384124,0.0,0.02546399991842918,4.696419849658275,9.4,608.375,False
1773593082.2753987,837,0,0,0,0,9.355094000056852,0.0,0.02492600106052123,4.696419849658275,9.4,608.375,False
1773593082.4878852,838,0,0,0,0,9.03011099944706,0.0,0.025500998162897304,4.696419849658275,18.8,608.375,False
1773593082.7009678,839,0,0,0,0,9.464279999519931,0.0,0.023963002604432404,4.696419849658275,9.4,608.375,False
1773593082.9139266,840,0,0,0,0,9.413094998308225,0.0,0.0265179987763986,4.698391617619417,9.4,608.375,False
1773593083.126758,841,0,0,0,0,9.376910002174554,0.0,0.024259003112092614,4.698391617619417,9.4,608.375,False
1773593083.3395655,842,0,0,0,0,9.367169001052389,0.0,0.028277998353587463,4.698391617619417,9.4,608.375,False
1773593083.5526192,843,0,0,0,0,9.409631999005796,0.0,0.023648000933462754,4.698391617619417,18.8,608.375,False
1773593083.765493,844,0,0,0,0,9.448057997360593,0.0,0.024222001229645684,4.698391617619417,9.4,608.375,False
1773593083.978365,845,0,0,0,0,9.364094999909867,0.0,0.024722998205106705,4.69732661524695,9.4,608.375,False
1773593084.1911664,846,0,0,0,0,9.37789100134978,0.0,0.02548200063756667,4.69732661524695,9.4,608.375,False
1773593084.4040973,847,0,0,0,0,9.43094700051006,0.0,0.025556000764481723,4.69732661524695,14.1,608.375,False
1773593084.6170542,848,0,0,0,0,9.44950300254277,0.0,0.02433299960102886,4.69732661524695,14.1,608.375,False
1773593084.8299289,849,0,0,0,0,9.448723998502828,0.0,0.025630000891396776,4.69732661524695,9.4,608.375,False
1773593085.0428157,850,0,0,0,0,9.382538999489043,0.0,0.025407000066479668,4.697286634444317,14.1,608.375,False
1773593085.2557502,851,0,0,0,0,9.385168003063882,0.0,0.02518499968573451,4.697286634444317,4.7,608.375,False
1773593085.4686782,852,0,0,0,0,9.389150996867102,0.0,0.025556000764481723,4.697286634444317,9.4,608.375,False
1773593085.68164,853,0,0,0,0,9.490003001701552,0.0,0.025092998839681968,4.697286634444317,18.8,608.375,False
1773593085.894556,854,0,0,0,0,9.426762000657618,0.0,0.025056000595213845,4.697286634444317,9.4,608.375,False
1773593086.107428,855,0,0,0,0,9.358982999401633,0.0,0.024982000468298793,4.6965597338047615,9.4,608.375,False
1773593086.3203924,856,0,0,0,0,9.461947000090731,0.0,0.025592999008949846,4.6965597338047615,9.4,608.375,False
1773593086.5334132,857,0,0,0,0,9.548003003146732,0.0,0.026500001695239916,4.6965597338047615,9.4,608.375,False
1773593086.7464306,858,0,0,0,0,9.418890997039853,0.0,0.02562999725341797,4.6965597338047615,18.8,608.390625,False
1773593086.9593406,859,0,0,0,0,9.410149999894202,0.0,0.024574001145083457,4.6965597338047615,9.4,608.390625,False
1773593087.17225,860,0,0,0,0,9.44076200175914,0.0,0.025222998374374583,4.695617517391781,9.4,608.390625,False
1773593087.3851736,861,0,0,0,0,9.457429001486162,0.0,0.02461099938955158,4.695617517391781,9.4,608.390625,False
1773593087.5981047,862,0,0,0,0,9.475372997258091,0.0,0.02601900268928148,4.695617517391781,14.1,608.390625,False
1773593087.8110225,863,0,0,0,0,9.351315999083454,0.0,0.02601900268928148,4.695617517391781,18.8,608.390625,False
1773593088.023923,864,0,0,0,0,9.394058000907535,0.0,0.02681499972823076,4.695617517391781,4.7,608.390625,False
1773593088.236866,865,0,0,0,0,9.416483997483738,0.0,0.02492600106052123,4.696536594498575,14.1,608.390625,False
1773593088.4498065,866,0,0,0,0,9.41515000158688,0.0,0.025777997507248074,4.696536594498575,9.4,608.390625,False
1773593088.6628604,867,0,0,0,0,9.515984002064215,0.0,0.026388999685877934,4.696536594498575,9.4,608.390625,False
1773593088.8756983,868,0,0,0,0,9.371983996970812,0.0,0.025574001483619213,4.696536594498575,14.1,608.390625,False
1773593089.088542,869,0,0,0,0,9.360465002828278,0.0,0.02683300044736825,4.696536594498575,14.1,608.390625,False
1773593089.3014667,870,0,0,0,0,9.429818001081003,0.0,0.02562999725341797,4.6965902359658385,9.4,608.390625,False
1773593089.5143507,871,0,0,0,0,9.403890999237774,0.0,0.0262039975496009,4.6965902359658385,9.4,608.390625,False
1773593089.7272573,872,0,0,0,0,9.463595997658558,0.0,0.02576000042608939,4.6965902359658385,9.4,608.390625,False
1773593089.9402008,873,0,0,0,0,9.406039000168676,0.0,0.02598200080683455,4.6965902359658385,18.8,608.390625,False
1773593090.153173,874,0,0,0,0,9.49503999800072,0.0,0.025239998649340123,4.6965902359658385,9.4,608.390625,False
1773593090.3660884,875,0,0,0,0,9.442223999940325,0.0,0.02461099938955158,4.696528180261947,9.4,608.390625,False
1773593090.5791311,876,0,0,0,0,9.523558997898363,0.0,0.025019002350745723,4.696528180261947,9.4,608.390625,False
1773593090.7921364,877,0,0,0,0,9.422594997886335,0.0,0.024777000362519175,4.696528180261947,14.1,608.390625,False
1773593091.0050027,878,0,0,0,0,9.352556997328065,0.0,0.025110999558819458,4.696528180261947,14.1,608.390625,False
1773593091.2178688,879,0,0,0,0,9.427077002328588,0.0,0.023926000721985474,4.696528180261947,9.4,608.390625,False
1773593091.4308586,880,0,0,0,0,9.423575997061562,0.0,0.024963999749161303,4.695862499347844,9.4,608.390625,False
1773593091.6437905,881,0,0,0,0,9.398297999723582,0.0,0.027203997888136655,4.695862499347844,9.4,608.390625,False
1773593091.8567019,882,0,0,0,0,9.429576999536948,0.0,0.027239999326411635,4.695862499347844,9.4,608.390625,False
1773593092.0695598,883,0,0,0,0,9.420113001397112,0.0,0.025610999728087336,4.695862499347844,18.8,608.390625,False
1773593092.2824578,884,0,0,0,0,9.418798999831779,0.0,0.025260000256821513,4.695862499347844,9.4,608.390625,False
1773593092.4955082,885,0,0,0,0,9.5081140025286,0.0,0.026407000405015424,4.696394608293764,9.4,608.40625,False
1773593092.7084243,886,0,0,0,0,9.441223999601789,0.0,0.0259810003626626,4.696394608293764,9.4,608.40625,False
1773593092.9213572,887,0,0,0,0,9.433760998945218,0.0,0.025538000045344234,4.696394608293764,9.4,608.40625,False
1773593093.134329,888,0,0,0,0,9.420873000635765,0.0,0.024130000383593142,4.696394608293764,18.8,608.421875,False
1773593093.347188,889,0,0,0,0,9.415836000698619,0.0,0.025240999093512073,4.696394608293764,9.4,608.421875,False
1773593093.5601726,890,0,0,0,0,9.44450300085009,0.0,0.025833000108832493,4.6963315060695185,9.4,608.421875,False
1773593093.7731297,891,0,0,0,0,9.474114001932321,0.0,0.025260000256821513,4.6963315060695185,9.4,608.421875,False
1773593093.9860246,892,0,0,0,0,9.44481699843891,0.0,0.02461099938955158,4.6963315060695185,9.4,608.421875,False
1773593094.198368,893,0,0,0,0,8.897018000425305,0.0,0.024148001102730632,4.6963315060695185,18.8,608.421875,False
1773593094.411225,894,0,0,0,0,9.386649999214569,0.0,0.02596299964352511,4.6963315060695185,9.4,608.421875,False
1773593094.624134,895,0,0,0,0,9.458132000872865,0.0,0.027165999199496582,4.699432882083036,9.4,608.421875,False
1773593094.8371341,896,0,0,0,0,9.405428001628025,0.0,0.02576000042608939,4.699432882083036,9.4,608.421875,False
1773593095.0499847,897,0,0,0,0,9.406242999830283,0.0,0.025258999812649563,4.699432882083036,9.4,608.421875,False
1773593095.2628474,898,0,0,0,0,9.36857599663199,0.0,0.02564899841672741,4.699432882083036,18.8,608.421875,False
1773593095.4756546,899,0,0,0,0,9.377723999932641,0.0,0.024297001800732687,4.699432882083036,14.1,608.421875,False
1773593095.6885653,900,0,0,0,0,9.42611400023452,0.0,0.025538000045344234,4.697441300799023,4.7,608.421875,False
1773593095.9015648,901,0,0,0,0,9.42563200078439,0.0,0.02514899824745953,4.697441300799023,9.4,608.421875,False
1773593096.114433,902,0,0,0,0,9.353853998618433,0.0,0.024184999347198755,4.697441300799023,9.4,608.421875,False
1773593096.3272715,903,0,0,0,0,9.322760997747537,0.0,0.025017998268594965,4.697441300799023,18.8,608.421875,False
1773593096.5401819,904,0,0,0,0,9.460688001126982,0.0,0.024408000172115862,4.697441300799023,9.4,608.421875,False
1773593096.7530282,905,0,0,0,0,9.387095000420231,0.0,0.02463000055286102,4.697085688611837,9.4,608.421875,False
1773593096.9659364,906,0,0,0,0,9.383483000419801,0.0,0.024408000172115862,4.697085688611837,9.4,608.421875,False
1773593097.1788292,907,0,0,0,0,9.448595003050286,0.0,0.024926997866714373,4.697085688611837,9.4,608.421875,False
1773593097.3916407,908,0,0,0,0,9.33550199988531,0.0,0.02546299947425723,4.697085688611837,18.8,608.421875,False
1773593097.6046238,909,0,0,0,0,9.43342800019309,0.0,0.025000001187436283,4.697085688611837,14.1,608.421875,False
1773593097.8174984,910,0,0,0,0,9.451188001548871,0.0,0.02524100273149088,4.697163539930836,9.4,608.421875,False
1773593098.0303526,911,0,0,0,0,9.398853999300627,0.0,0.025332999939564615,4.697163539930836,9.4,608.421875,False
1773593098.2431948,912,0,0,0,0,9.329891003289958,0.0,0.025092002033488825,4.697163539930836,9.4,608.421875,False
1773593098.4559493,913,0,0,0,0,9.271465001802426,0.0,0.025036999431904405,4.697163539930836,18.8,608.421875,False
1773593098.6689062,914,0,0,0,0,9.500299001956591,0.0,0.024870001652743667,4.697163539930836,9.4,608.421875,False
1773593098.8818133,915,0,0,0,0,9.393798998644343,0.0,0.025036999431904405,4.697893784668817,9.4,608.421875,False
1773593099.0947564,916,0,0,0,0,9.324315997218946,0.0,0.024684999516466632,4.697893784668817,9.4,608.421875,False
1773593099.3075464,917,0,0,0,0,9.357446000649361,0.0,0.024519002181477845,4.697893784668817,9.4,608.421875,False
1773593099.5204177,918,0,0,0,0,9.438242999749491,0.0,0.026426001568324864,4.697893784668817,14.1,608.421875,False
1773593099.733367,919,0,0,0,0,9.462410002015531,0.0,0.02605500048957765,4.697893784668817,14.1,608.421875,False
1773593099.9463205,920,0,0,0,0,9.382335996633628,0.0,0.024832999770296738,4.69702467181443,9.4,608.421875,False
1773593100.159136,921,0,0,0,0,9.370502997626318,0.0,0.02553700323915109,4.69702467181443,9.4,608.421875,False
1773593100.3719697,922,0,0,0,0,9.373094002512516,0.0,0.025295998057117686,4.69702467181443,9.4,608.421875,False
1773593100.5848792,923,0,0,0,0,9.426557997358032,0.0,0.024406999727943912,4.69702467181443,18.8,608.421875,False
1773593100.7977908,924,0,0,0,0,9.454965002078097,0.0,0.025463003112236038,4.69702467181443,9.4,608.421875,False
1773593101.01062,925,0,0,0,0,9.352150002087,0.0,0.02411100285826251,4.697885365568452,9.4,608.421875,False
1773593101.2234435,926,0,0,0,0,9.3708720014547,0.0,0.02627800131449476,4.697885365568452,9.4,608.421875,False
1773593101.4362595,927,0,0,0,0,9.379243001603754,0.0,0.02431499888189137,4.697885365568452,9.4,608.421875,False
1773593101.649467,928,0,0,0,0,9.668836999480845,0.0,0.025314999220427126,4.697885365568452,18.8,608.421875,False
1773593101.8623426,929,0,0,0,0,9.369130999402842,0.0,0.025260000256821513,4.697885365568452,9.4,608.421875,False
1773593102.075155,930,0,0,0,0,9.36107599773095,0.0,0.02492600106052123,4.696957344774235,9.4,608.421875,False
1773593102.2879593,931,0,0,0,0,9.3010199998389,0.0,0.02344399763387628,4.696957344774235,9.4,608.421875,False
1773593102.5008483,932,0,0,0,0,9.393853997607948,0.0,0.022166997950989753,4.696957344774235,9.4,608.421875,False
1773593102.7133377,933,0,0,0,0,9.016832998895552,0.0,0.025296001695096493,4.696957344774235,18.8,608.421875,False
1773593102.9261959,934,0,0,0,0,9.418928002560278,0.0,0.024981000024126843,4.696957344774235,9.4,608.421875,False
1773593103.1390054,935,0,0,0,0,9.364336001453921,0.0,0.023166001483332366,4.699911028638917,9.4,608.421875,False
1773593103.3519423,936,0,0,0,0,9.444003000680823,0.0,0.025110999558819458,4.699911028638917,9.4,608.421875,False
1773593103.5648983,937,0,0,0,0,9.480966000410262,0.0,0.025834000553004444,4.699911028638917,9.4,608.421875,False
1773593103.777813,938,0,0,0,0,9.461836001719348,0.0,0.024852000933606178,4.699911028638917,18.8,608.421875,False
1773593103.990697,939,0,0,0,0,9.393336000357522,0.0,0.02568499985500239,4.699911028638917,9.4,608.421875,False
1773593104.203671,940,0,0,0,0,9.342724002635805,0.0,0.024981000024126843,4.696310472371595,9.4,608.421875,False
1773593104.4167857,941,0,0,0,0,9.42222499725176,0.0,0.05257500015432015,4.696310472371595,9.4,608.421875,False
1773593104.6297102,942,0,0,0,0,9.453317001316464,0.0,0.025888999516610056,4.696310472371595,9.4,608.421875,False
1773593104.8425112,943,0,0,0,0,9.349427000415744,0.0,0.024518998543499038,4.696310472371595,18.8,608.421875,False
1773593105.055312,944,0,0,0,0,9.341909000795567,0.0,0.025092998839681968,4.696310472371595,9.4,608.421875,False
1773593105.268169,945,0,0,0,0,9.42876200133469,0.0,0.024999997549457476,4.697055180014975,9.4,608.421875,False
1773593105.4811444,946,0,0,0,0,9.502133001660695,0.0,0.024962999304989353,4.697055180014975,9.4,608.421875,False
1773593105.6939893,947,0,0,0,0,9.39068699881318,0.0,0.02548200063756667,4.697055180014975,9.4,608.421875,False
1773593105.9069085,948,0,0,0,0,9.365371999592753,0.0,0.025574998289812356,4.697055180014975,18.8,608.421875,False
1773593106.1198204,949,0,0,0,0,9.382372998516075,0.0,0.02607400165288709,4.697055180014975,9.4,608.421875,False
1773593106.3327281,950,0,0,0,0,9.38490899716271,0.0,0.025555997126502916,4.696918422209595,9.4,608.421875,False
1773593106.5456803,951,0,0,0,0,9.398853999300627,0.0,0.024185999791370705,4.696918422209595,9.4,608.421875,False
1773593106.758439,952,0,0,0,0,9.31850200140616,0.0,0.025334000383736566,4.696918422209595,9.4,608.421875,False
1773593106.9712603,953,0,0,0,0,9.348890998808201,0.0,0.025334000383736566,4.696918422209595,18.8,608.421875,False
1773593107.1840885,954,0,0,0,0,9.354186997370562,0.0,0.026444999093655497,4.696918422209595,9.4,608.421875,False
1773593107.3969765,955,0,0,0,0,9.336890998383751,0.0,0.02518499968573451,4.698009550358923,9.4,608.421875,False
1773593107.6098027,956,0,0,0,0,9.36620499851415,0.0,0.025556000764481723,4.698009550358923,14.1,608.421875,False
1773593107.8226662,957,0,0,0,0,9.417446999577805,0.0,0.025222998374374583,4.698009550358923,9.4,608.421875,False
1773593108.0354934,958,0,0,0,0,9.358854000311112,0.0,0.02574099926277995,4.698009550358923,14.1,608.421875,False
1773593108.2484543,959,0,0,0,0,9.437575998163084,0.0,0.02596299964352511,4.698009550358923,9.4,608.4375,False
1773593108.4615805,960,0,0,0,0,9.563095998601057,0.0,0.025592002202756703,4.696620738523115,14.1,608.4375,False
1773593108.6745698,961,0,0,0,0,9.517522001260659,0.0,0.025500998162897304,4.696620738523115,9.4,608.4375,False
1773593108.8873897,962,0,0,0,0,9.362094999232795,0.0,0.024148001102730632,4.696620738523115,9.4,608.4375,False
1773593109.1002975,963,0,0,0,0,9.439576999284327,0.0,0.02711200068006292,4.696620738523115,14.1,608.4375,False
1773593109.313234,964,0,0,0,0,9.417094999662368,0.0,0.02577800114522688,4.696620738523115,14.1,608.4375,False
1773593109.5261502,965,0,0,0,0,9.476669001742266,0.0,0.026185000024270266,4.696728026527311,9.4,608.4375,False
1773593109.7391307,966,0,0,0,0,9.404686999914702,0.0,0.02622199826873839,4.696728026527311,9.4,608.4375,False
1773593109.9520285,967,0,0,0,0,9.433020997676067,0.0,0.02629599839565344,4.696728026527311,9.4,608.4375,False
1773593110.1649806,968,0,0,0,0,9.446021002077032,0.0,0.024445002054562792,4.696728026527311,18.8,608.4375,False
1773593110.3778076,969,0,0,0,0,9.403762000147253,0.0,0.024556000425945967,4.696728026527311,9.4,608.4375,False
1773593110.5907028,970,0,0,0,0,9.426798002095893,0.0,0.02492600106052123,4.696871084824674,9.4,608.453125,False
1773593110.8036418,971,0,0,0,0,9.408723999513313,0.0,0.02437000148347579,4.696871084824674,9.4,608.46875,False
1773593111.0165925,972,0,0,0,0,9.475873001065338,0.0,0.025352001102874056,4.696871084824674,9.4,608.46875,False
1773593111.2292778,973,0,0,0,0,9.222112003044458,0.0,0.024536999262636527,4.696871084824674,14.1,608.46875,False
1773593111.4422102,974,0,0,0,0,9.486687999014976,0.0,0.025221997930202633,4.696871084824674,9.4,608.46875,False
1773593111.655233,975,0,0,0,0,9.480336000706302,0.0,0.025149001885438338,4.6968963313112235,9.4,608.46875,False
1773593111.868158,976,0,0,0,0,9.457651001866907,0.0,0.02592599776107818,4.6968963313112235,14.1,608.46875,False
1773593112.0812454,977,0,0,0,0,9.508595001534559,0.0,0.02624099943204783,4.6968963313112235,9.4,608.46875,False
1773593112.2941332,978,0,0,0,0,9.410429000126896,0.0,0.025556000764481723,4.6968963313112235,18.8,608.46875,False
1773593112.5070786,979,0,0,0,0,9.381113002746133,0.0,0.025593002646928653,4.6968963313112235,9.4,608.46875,False
1773593112.7199852,980,0,0,0,0,9.448260996578028,0.0,0.02766699981293641,4.695944516185952,9.4,608.46875,False
1773593112.9329343,981,0,0,0,0,9.443743001611438,0.0,0.02564899841672741,4.695944516185952,9.4,608.46875,False
1773593113.145754,982,0,0,0,0,9.384742999827722,0.0,0.025612000172259286,4.695944516185952,9.4,608.46875,False
1773593113.3585923,983,0,0,0,0,9.379334998811828,0.0,0.02464800127199851,4.695944516185952,18.8,608.46875,False
1773593113.5714512,984,0,0,0,0,9.391057999891927,0.0,0.02599999788799323,4.695944516185952,9.4,608.46875,False
1773593113.784285,985,0,0,0,0,9.363391000078991,0.0,0.02575899998191744,4.697927461372036,9.4,608.46875,False
1773593113.9971905,986,0,0,0,0,9.441299000172876,0.0,0.02492700150469318,4.697927461372036,9.4,608.46875,False
1773593114.2100282,987,0,0,0,0,9.404595002706628,0.0,0.025296001695096493,4.697927461372036,9.4,608.46875,False
1773593114.422812,988,0,0,0,0,9.33672400060459,0.0,0.025869998353300616,4.697927461372036,18.8,608.46875,False
1773593114.6356628,989,0,0,0,0,9.358502000395674,0.0,0.025426001229789108,4.697927461372036,9.4,608.46875,False
1773593114.8485723,990,0,0,0,0,9.434168998268433,0.0,0.02546299947425723,4.698099009572719,9.4,608.46875,False
1773593115.0614407,991,0,0,0,0,9.412188002897892,0.0,0.02631499955896288,4.698099009572719,14.1,608.46875,False
1773593115.2742567,992,0,0,0,0,9.363150002172915,0.0,0.025907000235747546,4.698099009572719,9.4,608.46875,False
1773593115.4870896,993,0,0,0,0,9.37326200073585,0.0,0.02570399738033302,4.698099009572719,14.1,608.46875,False
1773593115.699966,994,0,0,0,0,9.439168999961112,0.0,0.02514799780328758,4.698099009572719,9.4,608.46875,False
1773593115.91286,995,0,0,0,0,9.420890997716924,0.0,0.025295998057117686,4.697859056074304,14.1,608.46875,False
1773593116.125743,996,0,0,0,0,9.445706000406062,0.0,0.024462999135721475,4.697859056074304,9.4,608.46875,False
1773593116.338718,997,0,0,0,0,9.4759840030747,0.0,0.025796998670557514,4.697859056074304,9.4,608.46875,False
1773593116.551588,998,0,0,0,0,9.346798997285077,0.0,0.02596299964352511,4.697859056074304,18.8,608.46875,False
1773593116.7644517,999,0,0,0,0,9.434281000721967,0.0,0.025036999431904405,4.697859056074304,9.4,608.46875,False
1773593116.9773495,1000,0,0,0,0,9.44607700148481,0.0,0.025277000531787053,4.697080428480655,9.4,608.46875,False
1773593117.190236,1001,0,0,0,0,9.433002000150736,0.0,0.02505599695723504,4.697080428480655,9.4,608.46875,False
1773593117.403111,1002,0,0,0,0,9.442705999390455,0.0,0.025388999347342178,4.697080428480655,9.4,608.46875,False
1773593117.6159852,1003,0,0,0,0,9.434854000573978,0.0,0.024444998416583985,4.697080428480655,18.8,608.46875,False
1773593117.8289058,1004,0,0,0,0,9.459613997023553,0.0,0.024426000891253352,4.697080428480655,9.4,608.46875,False
1773593118.041828,1005,0,0,0,0,9.50514999931329,0.0,0.024351997126359493,4.697138290571643,9.4,608.46875,False
1773593118.2547143,1006,0,0,0,0,9.37385400175117,0.0,0.02516699896659702,4.697138290571643,9.4,608.46875,False
1773593118.4676025,1007,0,0,0,0,9.368390998133691,0.0,0.025352001102874056,4.697138290571643,9.4,608.46875,False
1773593118.6806233,1008,0,0,0,0,9.381556999869645,0.0,0.025612000172259286,4.697138290571643,18.8,608.46875,False
1773593118.8934648,1009,0,0,0,0,9.402724001120077,0.0,0.025258999812649563,4.697138290571643,4.7,608.46875,False
1773593119.106342,1010,0,0,0,0,9.442040001886198,0.0,0.025074001314351335,4.697018359822418,9.4,608.46875,False
1773593119.319146,1011,0,0,0,0,9.357576000184054,0.0,0.025352001102874056,4.697018359822418,9.4,608.46875,False
1773593119.532036,1012,0,0,0,0,9.380964998854324,0.0,0.026407997211208567,4.697018359822418,9.4,608.46875,False
1773593119.7445343,1013,0,0,0,0,8.856609998474596,0.0,0.023888998839538544,4.697018359822418,18.8,608.46875,False
1773593119.957382,1014,0,0,0,0,9.384390999912284,0.0,0.025073997676372528,4.697018359822418,9.4,608.46875,False
1773593120.1702585,1015,0,0,0,0,9.397206002176972,0.0,0.025834000553004444,4.699622443967171,9.4,608.46875,False
1773593120.3831253,1016,0,0,0,0,9.366371999931289,0.0,0.0248889991780743,4.699622443967171,9.4,608.46875,False
1773593120.596089,1017,0,0,0,0,9.435780000785599,0.0,0.02661100006662309,4.699622443967171,14.1,608.46875,False
1773593120.808984,1018,0,0,0,0,9.40626100054942,0.0,0.024982000468298793,4.699622443967171,14.1,608.46875,False
1773593121.021849,1019,0,0,0,0,9.411391001776792,0.0,0.024019002012209967,4.699622443967171,9.4,608.46875,False
1773593121.2347996,1020,0,0,0,0,9.38631700046244,0.0,0.025221997930202633,4.696893175485562,14.1,608.46875,False
1773593121.4476626,1021,0,0,0,0,9.415297998202732,0.0,0.023333999706665054,4.696893175485562,9.4,608.46875,False
1773593121.6606305,1022,0,0,0,0,9.471614001085982,0.0,0.024482000299030915,4.696893175485562,9.4,608.46875,False
1773593121.8734999,1023,0,0,0,0,9.405632001289632,0.0,0.025000001187436283,4.696893175485562,18.8,608.46875,False
1773593122.0864651,1024,0,0,0,0,9.441539001272758,0.0,0.024962999304989353,4.696893175485562,9.4,608.46875,False
1773593122.2994013,1025,0,0,0,0,9.369704999699024,0.0,0.024758999643381685,4.696581821537004,9.4,608.46875,False
1773593122.5123222,1026,0,0,0,0,9.456390998821007,0.0,0.024796001525828615,4.696581821537004,9.4,608.46875,False
1773593122.7252157,1027,0,0,0,0,9.443631999602076,0.0,0.025036999431904405,4.696581821537004,9.4,608.46875,False
1773593122.9381008,1028,0,0,0,0,9.41515000158688,0.0,0.025388999347342178,4.696581821537004,18.8,608.46875,False
1773593123.150944,1029,0,0,0,0,9.393168998940382,0.0,0.02661100006662309,4.696581821537004,9.4,608.46875,False
1773593123.3637927,1030,0,0,0,0,9.391224000864895,0.0,0.025907000235747546,4.697609656707351,9.4,608.484375,False
1773593123.5767295,1031,0,0,0,0,9.422335999261122,0.0,0.026999998226528987,4.697609656707351,9.4,608.484375,False
1773593123.7896411,1032,0,0,0,0,9.42720599778113,0.0,0.025036999431904405,4.697609656707351,9.4,608.484375,False
1773593124.0024264,1033,0,0,0,0,9.352871998999035,0.0,0.025908000679919496,4.697609656707351,18.8,608.484375,False
1773593124.2151892,1034,0,0,0,0,9.32224300049711,0.0,0.02463000055286102,4.697609656707351,9.4,608.484375,False
1773593124.428012,1035,0,0,0,0,9.358186998724705,0.0,0.024814999051159248,4.698218995514276,9.4,608.484375,False
1773593124.641171,1036,0,0,0,0,9.563891999277985,0.0,0.025426001229789108,4.698218995514276,9.4,608.484375,False
1773593124.854002,1037,0,0,0,0,9.387483001773944,0.0,0.024777000362519175,4.698218995514276,9.4,608.484375,False
1773593125.0668182,1038,0,0,0,0,9.3652799987467,0.0,0.025388999347342178,4.698218995514276,18.8,608.484375,False
1773593125.2796242,1039,0,0,0,0,9.34500199946342,0.0,0.025092998839681968,4.698218995514276,9.4,608.484375,False
1773593125.492606,1040,0,0,0,0,9.46526199913933,0.0,0.025777997507248074,4.696742752714373,9.4,608.484375,False
1773593125.705456,1041,0,0,0,0,9.399317001225427,0.0,0.024814999051159248,4.696742752714373,9.4,608.484375,False
1773593125.918386,1042,0,0,0,0,9.342446999653475,0.0,0.02490800034138374,4.696742752714373,9.4,608.484375,False
1773593126.1312013,1043,0,0,0,0,9.351353997772094,0.0,0.02494400177965872,4.696742752714373,18.8,608.484375,False
1773593126.344041,1044,0,0,0,0,9.390723997057648,0.0,0.026462999812792987,4.696742752714373,9.4,608.484375,False
1773593126.556838,1045,0,0,0,0,9.340111999335932,0.0,0.024369997845496982,4.698056910694776,9.4,608.484375,False
1773593126.7696958,1046,0,0,0,0,9.439058001589729,0.0,0.025055000151041895,4.698056910694776,9.4,608.484375,False
1773593126.9824996,1047,0,0,0,0,9.360798001580406,0.0,0.024500997824361548,4.698056910694776,9.4,608.484375,False
1773593127.195329,1048,0,0,0,0,9.359725001559127,0.0,0.024444998416583985,4.698056910694776,18.8,608.484375,False
1773593127.4082248,1049,0,0,0,0,9.394483000505716,0.0,0.02522200156818144,4.698056910694776,9.4,608.484375,False
1773593127.6212106,1050,0,0,0,0,9.455613002501195,0.0,0.024092998501146212,4.697670688704321,9.4,608.484375,False
1773593127.8341045,1051,0,0,0,0,9.43811299657682,0.0,0.024537002900615335,4.697670688704321,9.4,608.484375,False
1773593128.0469718,1052,0,0,0,0,9.398132002388593,0.0,0.0248889991780743,4.697670688704321,9.4,608.484375,False
1773593128.259372,1053,0,0,0,0,8.925276997615583,0.0,0.02344399763387628,4.697670688704321,18.8,608.484375,False
1773593128.4722931,1054,0,0,0,0,9.339760999864666,0.0,0.023666998458793387,4.697670688704321,9.4,608.484375,False
1773593128.6851847,1055,0,0,0,0,9.414983000169741,0.0,0.025203997211065143,4.6993454781433535,9.4,608.5,False
1773593128.8980126,1056,0,0,0,0,9.379614002682501,0.0,0.024223001673817635,4.6993454781433535,9.4,608.5,False
1773593129.1107154,1057,0,0,0,0,9.250150000298163,0.0,0.02259299799334258,4.6993454781433535,9.4,608.5,False
1773593129.3235183,1058,0,0,0,0,9.232076001353562,0.0,0.02181499803555198,4.6993454781433535,18.8,608.5,False
1773593129.5361676,1059,0,0,0,0,9.257890000299085,0.0,0.02125999890267849,4.6993454781433535,4.7,608.5,False
1773593129.748887,1060,0,0,0,0,9.298206001403742,0.0,0.02461099938955158,4.700554679043972,9.4,608.5,False
