timestamp,frame_index,motion_regions,yolo_detections,confirmed_tracks,new_confirmations,time_mog2_ms,time_yolo_ms,time_tracker_ms,fps,cpu_percent,ram_mb,yolo_ran
1773601310.191832,0,3,0,0,0,114.55419499907293,316.7943730004481,0.01905499811982736,0.0,0.0,888.1875,True
1773601310.423301,1,0,0,0,0,107.17162799846847,0.0,0.024796001525828615,0.0,164.2,948.96875,False
1773601310.6527631,2,0,0,0,0,105.47695100103738,0.0,0.02212999970652163,2.9358643431263824,152.5,938.46875,False
1773601310.8817759,3,0,0,0,0,104.66357500263257,0.0,0.02014799974858761,2.9358643431263824,161.6,953.203125,False
1773601311.1143892,4,0,0,0,0,107.18820300098741,0.0,0.02051900082733482,2.9358643431263824,154.8,944.84375,False
1773601311.3478987,5,0,0,0,0,107.29688799983705,0.0,0.019685998267959803,2.9358643431263824,154.2,959.578125,False
1773601311.5801768,6,0,0,0,0,107.28673999983585,0.0,0.02183399919886142,2.9358643431263824,150.7,951.203125,False
1773601311.8126543,7,0,0,0,0,107.49566799859167,0.0,0.01933299790835008,4.3108380220833755,154.9,965.953125,False
1773601312.0542498,8,0,0,0,0,117.11997199745383,0.0,0.021906998881604522,4.3108380220833755,161.4,970.1875,False
1773601312.285031,9,0,0,0,0,106.3900859990099,0.0,0.01961199814104475,4.3108380220833755,156.0,974.4375,False
1773601312.5169573,10,0,0,0,0,106.77595900051529,0.0,0.020610998035408556,4.3108380220833755,159.5,976.5625,False
1773601312.7483525,11,0,0,0,0,106.80471800151281,0.0,0.019834002159768716,4.3108380220833755,151.3,980.8125,False
1773601312.9794648,12,0,0,0,0,107.04886799794622,0.0,0.021445001038955525,4.285130774878162,155.8,982.921875,False
1773601313.210507,13,0,0,0,0,106.58367999712937,0.0,0.020832998416153714,4.285130774878162,160.1,985.046875,False
1773601313.441494,14,0,0,0,0,106.80960799800232,0.0,0.019741000869544223,4.285130774878162,155.9,989.296875,False
1773601313.6734822,15,0,0,0,0,107.0639060017129,0.0,0.019797000277321786,4.285130774878162,150.9,991.421875,False
1773601313.9047537,16,0,0,0,0,106.41806700004963,0.0,0.020870000298600644,4.285130774878162,160.0,993.546875,False
1773601314.1351259,17,0,0,0,0,106.40188300021691,0.0,0.02044500070041977,4.326524313634392,156.3,997.828125,False
1773601314.3678684,18,0,0,0,0,111.45672999919043,0.0,0.019445000361884013,4.326524313634392,189.1,1002.109375,False
1773601314.6183825,19,0,0,0,0,124.55415000295034,0.0,0.019573999452404678,4.326524313634392,207.6,1006.359375,False
1773601314.8482323,20,0,0,0,0,105.3174679982476,0.0,0.01964799957931973,4.326524313634392,161.0,991.703125,False
1773601315.0791183,21,0,0,0,0,106.64908699982334,0.0,0.02011199831031263,4.326524313634392,160.3,987.453125,False
1773601315.3113732,22,0,0,0,0,108.36095100239618,0.0,0.019777999114012346,3.9751660167842395,159.3,1002.1875,False
1773601315.5430055,23,0,0,0,0,107.220313999278,0.0,0.0203889976546634,3.9751660167842395,159.7,987.453125,False
1773601315.7739568,24,0,0,0,0,105.94317600043723,0.0,0.01848099782364443,3.9751660167842395,151.5,1000.0625,False
1773601316.0039716,25,0,0,0,0,104.12107099909917,0.0,0.02016700091189705,3.9751660167842395,152.2,987.453125,False
1773601316.235683,26,0,0,0,0,107.5887419974606,0.0,0.019463001081021503,4.569143760509685,164.0,1002.203125,False
1773601316.4663334,27,0,0,0,0,106.61990299922763,0.0,0.02048199894488789,4.569143760509685,156.1,988.765625,False
1773601316.6994936,28,0,0,0,0,108.34863600030076,0.0,0.02081500133499503,4.569143760509685,158.7,1001.375,False
1773601316.930856,29,0,0,0,0,106.80121799668996,0.0,0.02099999983329326,4.569143760509685,159.9,990.890625,False
1773601317.1622648,30,0,0,0,0,106.04365800099913,0.0,0.019852002878906205,4.569143760509685,155.6,1003.515625,False
1773601317.3938031,31,0,0,0,0,106.927386001189,0.0,0.019851999240927398,4.3173146561076825,151.2,993.015625,False
1773601317.6256578,32,0,0,0,0,107.35925900007715,0.0,0.018982002075063065,4.3173146561076825,163.9,1003.515625,False
1773601317.8558438,33,0,0,0,0,105.37422699781018,0.0,0.019445000361884013,4.3173146561076825,152.1,1005.625,False
1773601318.087673,34,0,0,0,0,107.28109300180222,0.0,0.020351999410195276,4.3173146561076825,155.3,995.140625,False
1773601318.3199084,35,0,0,0,0,108.01207900294685,0.0,0.021167001250432804,4.3173146561076825,159.3,993.03125,False
1773601318.5517888,36,0,0,0,0,107.48979699928896,0.0,0.019406998035265133,4.317868441181285,163.9,1003.515625,False
1773601318.7824101,37,0,0,0,0,106.7884399999457,0.0,0.02048199894488789,4.317868441181285,160.4,993.03125,False
1773601319.016562,38,0,0,0,0,112.7779059970635,0.0,0.021815001673530787,4.317868441181285,196.5,1003.515625,False
1773601319.267413,39,0,0,0,0,124.01010900066467,0.0,0.024815002689138055,4.317868441181285,203.3,993.03125,False
1773601319.5009534,40,0,0,0,0,108.14902399943094,0.0,0.019388997316127643,4.317868441181285,158.4,1003.515625,False
1773601319.7336998,41,0,0,0,0,108.1895799979975,0.0,0.020315001165727153,3.9537247887599434,154.7,993.03125,False
1773601319.9663804,42,0,0,0,0,108.23746900132392,0.0,0.02159200084861368,3.9537247887599434,154.7,1003.515625,False
1773601320.1964068,43,0,0,0,0,105.2668199990876,0.0,0.02072300048894249,3.9537247887599434,156.5,993.03125,False
1773601320.4304738,44,0,0,0,0,107.02266400039662,0.0,0.018277998606208712,3.9537247887599434,153.8,1002.703125,False
1773601320.6597996,45,0,0,0,0,104.8712429983425,0.0,0.019852002878906205,4.560795874051126,157.0,1004.828125,False
1773601320.8916879,46,0,0,0,0,106.4929200001643,0.0,0.020240997400833294,4.560795874051126,150.9,1006.953125,False
1773601321.1232898,47,0,0,0,0,106.97921999963,0.0,0.0197040026250761,4.560795874051126,159.8,996.46875,False
1773601321.3556733,48,0,0,0,0,107.71955800009891,0.0,0.020111001504119486,4.560795874051126,150.6,993.53125,False
1773601321.586211,49,0,0,0,0,105.7410629982769,0.0,0.019334001990500838,4.560795874051126,160.5,1004.015625,False
1773601321.817986,50,0,0,0,0,106.73318100089091,0.0,0.01933399835252203,4.317080917888568,159.6,993.53125,False
1773601322.0487242,51,0,0,0,0,105.81536100289668,0.0,0.01966700074262917,4.317080917888568,156.0,991.421875,False
1773601322.2787282,52,0,0,0,0,105.883897998865,0.0,0.020036997739225626,4.317080917888568,160.9,991.421875,False
1773601322.5078652,53,0,0,0,0,104.75407600097242,0.0,0.020333001884864643,4.317080917888568,161.5,997.703125,False
1773601322.7377486,54,0,0,0,0,105.17946700201719,0.0,0.020889001461910084,4.317080917888568,161.0,991.453125,False
1773601322.970845,55,0,0,0,0,108.85619499822496,0.0,0.02072200004477054,4.337063654669843,158.7,991.453125,False
1773601323.2035391,56,0,0,0,0,108.07787500016275,0.0,0.020871000742772594,4.337063654669843,159.0,991.453125,False
1773601323.4357514,57,0,0,0,0,107.90516999986721,0.0,0.018963000911753625,4.337063654669843,163.6,1004.0625,False
1773601323.6675708,58,0,0,0,0,110.33122300068499,0.0,0.021185001969570294,4.337063654669843,194.1,993.578125,False
1773601323.9218712,59,0,0,0,0,128.51952700293623,0.0,0.024204000510508195,4.337063654669843,212.4,1004.0625,False
1773601324.153805,60,0,0,0,0,106.78575500060106,0.0,0.019962997612310573,3.9444738461263564,163.8,991.453125,False
1773601324.3863451,61,0,0,0,0,107.83683699992253,0.0,0.021036998077761382,3.9444738461263564,159.1,1004.0625,False
1773601324.617394,62,0,0,0,0,106.7501990000892,0.0,0.020297000446589664,3.9444738461263564,160.1,993.578125,False
1773601324.8510892,63,0,0,0,0,107.42413000116358,0.0,0.020352003048174083,3.9444738461263564,149.8,1004.0625,False
1773601325.0832205,64,0,0,0,0,106.97666499982006,0.0,0.02018599843722768,4.552511047776627,163.7,993.578125,False
1773601325.315766,65,0,0,0,0,107.44751899983385,0.0,0.019443999917712063,4.552511047776627,163.4,1002.328125,False
1773601325.5478683,66,0,0,0,0,105.87350900095771,0.0,0.019241000700276345,4.552511047776627,155.1,1004.453125,False
1773601325.7772563,67,0,0,0,0,104.20575699754409,0.0,0.02000000313273631,4.552511047776627,156.9,993.96875,False
1773601326.009549,68,0,0,0,0,107.16623899861588,0.0,0.019740997231565416,4.552511047776627,155.0,1004.453125,False
1773601326.2417707,69,0,0,0,0,107.02053500062902,0.0,0.019019000319531187,4.3157225378807365,159.3,993.96875,False
1773601326.475163,70,0,0,0,0,108.13824599972577,0.0,0.021425999875646085,4.3157225378807365,154.3,991.84375,False
1773601326.7065551,71,0,0,0,0,106.39088199968683,0.0,0.020686002244474366,4.3157225378807365,159.9,1002.328125,False
1773601326.9365973,72,0,0,0,0,104.5112589999917,0.0,0.02159300129278563,4.3157225378807365,152.2,991.84375,False
1773601327.1677096,73,0,0,0,0,106.72595900177839,0.0,0.01990799864870496,4.3157225378807365,155.7,1002.328125,False
1773601327.3977392,74,0,0,0,0,105.47200600194628,0.0,0.020832998416153714,4.325388354390487,160.8,989.71875,False
1773601327.6288195,75,0,0,0,0,106.09075100001064,0.0,0.020851999579463154,4.325388354390487,155.8,1002.328125,False
1773601327.8605793,76,0,0,0,0,106.83962699840777,0.0,0.019666997104650363,4.325388354390487,164.0,1002.34375,False
1773601328.0924118,77,0,0,0,0,107.58694600008312,0.0,0.020575000235112384,4.325388354390487,155.3,989.71875,False
1773601328.3240895,78,0,0,0,0,109.45331000039005,0.0,0.021128998923813924,4.325388354390487,189.9,1004.453125,False
1773601328.5766377,79,0,0,0,0,125.05118999979459,0.0,0.020945000869687647,4.241406515921919,205.9,993.96875,False
1773601328.809696,80,0,0,0,0,107.67416900125681,0.0,0.020315001165727153,4.241406515921919,154.4,1004.453125,False
1773601329.0387683,81,0,0,0,0,104.54714799925569,0.0,0.021055999241070822,4.241406515921919,161.5,1006.578125,False
1773601329.2699184,82,0,0,0,0,106.74351500347257,0.0,0.019555998733267188,4.241406515921919,151.4,996.09375,False
1773601329.5019171,83,0,0,0,0,107.05538699767203,0.0,0.01855600203271024,4.241406515921919,159.5,1005.765625,False
1773601329.7332313,84,0,0,0,0,106.26108499855036,0.0,0.02074099757010117,4.322881184214568,164.3,995.28125,False
1773601329.9622219,85,0,0,0,0,103.98318099760218,0.0,0.020629999198717996,4.322881184214568,157.2,1003.640625,False
1773601330.191311,86,0,0,0,0,103.9767740003299,0.0,0.019593000615714118,4.322881184214568,157.1,1005.765625,False
1773601330.4224513,87,0,0,0,0,106.04732499996317,0.0,0.021797000954393297,4.322881184214568,160.1,992.34375,False
1773601330.6544437,88,0,0,0,0,107.02248000234249,0.0,0.019777999114012346,4.322881184214568,159.5,1007.078125,False
1773601330.884238,89,0,0,0,0,105.07468799914932,0.0,0.019110997527604923,4.344034169763405,156.7,996.59375,False
1773601331.1148024,90,0,0,0,0,105.20785699918633,0.0,0.019352002709638327,4.344034169763405,156.1,1007.078125,False
1773601331.3461475,91,0,0,0,0,106.51423499803059,0.0,0.022000000171829015,4.344034169763405,164.3,1009.203125,False
1773601331.5766943,92,0,0,0,0,105.7832309998048,0.0,0.02044400025624782,4.344034169763405,151.8,998.71875,False
1773601331.8105783,93,0,0,0,0,108.7866390007548,0.0,0.019776998669840395,4.344034169763405,158.2,995.78125,False
1773601332.0481858,94,0,0,0,0,112.65536800055997,0.0,0.02185199991799891,4.295853685266003,159.9,1006.265625,False
1773601332.2808397,95,0,0,0,0,107.12899799909792,0.0,0.020592997316271067,4.295853685266003,159.0,995.78125,False
1773601332.5109262,96,0,0,0,0,105.32857899670489,0.0,0.020610998035408556,4.295853685266003,156.5,1006.265625,False
1773601332.74265,97,0,0,0,0,107.06692399980966,0.0,0.02022199987550266,4.295853685266003,164.0,995.78125,False
1773601332.9774806,98,0,0,0,0,112.76427600023453,0.0,0.021111998648848385,4.295853685266003,195.9,1002.046875,False
1773601333.2303545,99,0,0,0,0,126.38427300043986,0.0,0.020796996977878734,4.229411498970656,205.6,993.671875,False
1773601333.4640064,100,0,0,0,0,108.42102600145154,0.0,0.020370000129332766,4.229411498970656,158.4,993.671875,False
1773601333.6964655,101,0,0,0,0,107.13496199969086,0.0,0.020888997823931277,4.229411498970656,159.2,993.671875,False
1773601333.9290264,102,0,0,0,0,107.9143370006932,0.0,0.019758997950702906,4.229411498970656,159.1,993.671875,False
1773601334.161892,103,0,0,0,0,108.00926299998537,0.0,0.020647999917855486,4.229411498970656,154.6,993.671875,False
1773601334.3949313,104,0,0,0,0,107.4807229997532,0.0,0.020832998416153714,4.293421059904749,158.8,993.671875,False
1773601334.6268907,105,0,0,0,0,106.98577600123826,0.0,0.019611001334851608,4.293421059904749,155.2,999.921875,False
1773601334.8591096,106,0,0,0,0,107.16025800138596,0.0,0.019611001334851608,4.293421059904749,159.3,993.671875,False
1773601335.0906637,107,0,0,0,0,105.86660099943401,0.0,0.020258998119970784,4.293421059904749,159.8,999.921875,False
1773601335.3235426,108,0,0,0,0,106.9357009982923,0.0,0.019776998669840395,4.293421059904749,154.6,993.671875,False
1773601335.5565608,109,0,0,0,0,107.9402260002098,0.0,0.020055998902535066,4.304401994207848,163.1,993.671875,False
1773601335.7896671,110,0,0,0,0,107.68783499952406,0.0,0.021333999029593542,4.304401994207848,150.1,992.359375,False
1773601336.0227313,111,0,0,0,0,107.87137399893254,0.0,0.020055002096341923,4.304401994207848,154.5,992.359375,False
1773601336.2543972,112,0,0,0,0,107.17755400037277,0.0,0.020185001631034538,4.304401994207848,164.0,992.359375,False
1773601336.487753,113,0,0,0,0,108.34672899727593,0.0,0.02066699744318612,4.304401994207848,158.6,992.359375,False
1773601336.718076,114,0,0,0,0,105.39496800265624,0.0,0.018667000404093415,4.304622875041566,160.6,992.359375,False
1773601336.9515085,115,0,0,0,0,108.05463399810833,0.0,0.020276998839108273,4.304622875041566,154.2,992.359375,False
1773601337.1832085,116,0,0,0,0,106.76814399994328,0.0,0.019481001800158992,4.304622875041566,159.7,1000.734375,False
1773601337.4109461,117,0,0,0,0,103.31486300128745,0.0,0.02075900192721747,4.304622875041566,166.9,992.359375,False
1773601337.645579,118,0,0,0,0,112.63457099994412,0.0,0.02331500218133442,4.304622875041566,196.1,992.359375,False
1773601337.896189,119,0,0,0,0,124.66800300171599,0.0,0.021425999875646085,4.244089718856013,203.5,992.359375,False
1773601338.130804,120,0,0,0,0,108.42650700215017,0.0,0.019519000488799065,4.244089718856013,157.7,992.375,False
1773601338.3645506,121,0,0,0,0,108.56339699967066,0.0,0.019741000869544223,4.244089718856013,158.3,992.375,False
1773601338.59728,122,0,0,0,0,107.99833800047054,0.0,0.020240997400833294,4.244089718856013,150.4,992.375,False
1773601338.830664,123,0,0,0,0,108.07276400009869,0.0,0.019611001334851608,4.244089718856013,158.5,992.375,False
1773601339.0639167,124,0,0,0,0,107.92567099997541,0.0,0.019203998817829415,4.281822744161564,162.9,992.375,False
1773601339.2974331,125,0,0,0,0,107.79170599926147,0.0,0.01996300125028938,4.281822744161564,154.2,1004.984375,False
1773601339.5290942,126,0,0,0,0,106.5461049984151,0.0,0.021148000087123364,4.281822744161564,155.4,991.046875,False
1773601339.7617395,127,0,0,0,0,107.79137400095351,0.0,0.01966700074262917,4.281822744161564,154.7,1003.609375,False
1773601339.9937751,128,0,0,0,0,106.8243670015363,0.0,0.021018997358623892,4.281822744161564,155.1,993.125,False
1773601340.2268252,129,0,0,0,0,107.42955599926063,0.0,0.020667001081164926,4.299578315130303,154.5,1003.578125,False
1773601340.4604197,130,0,0,0,0,107.20070300158113,0.0,0.019889001123374328,4.299578315130303,158.4,993.09375,False
1773601340.6927462,131,0,0,0,0,107.08110899940948,0.0,0.020092000340810046,4.299578315130303,159.3,999.34375,False
1773601340.9249573,132,0,0,0,0,107.06607199972495,0.0,0.020889001461910084,4.299578315130303,155.0,1003.578125,False
1773601341.157042,133,0,0,0,0,107.16166599740973,0.0,0.021370000467868522,4.299578315130303,155.1,993.09375,False
1773601341.3892105,134,0,0,0,0,106.89331200046581,0.0,0.02042599953711033,4.3015149588339785,159.4,1003.578125,False
1773601341.6215446,135,0,0,0,0,106.84736700204667,0.0,0.021204003132879734,4.3015149588339785,154.9,1005.703125,False
1773601341.8540578,136,0,0,0,0,107.0005530018534,0.0,0.021444000594783574,4.3015149588339785,159.1,995.21875,False
1773601342.0864594,137,0,0,0,0,107.6192610016733,0.0,0.0202410010388121,4.3015149588339785,159.2,993.09375,False
1773601342.3209548,138,0,0,0,0,112.54170000029262,0.0,0.021500000002561137,4.3015149588339785,196.2,1003.578125,False
1773601342.57065,139,0,0,0,0,123.47801299983985,0.0,0.019573999452404678,4.232111995725009,208.3,993.09375,False
1773601342.801772,140,0,0,0,0,105.81445299976622,0.0,0.01938900095410645,4.232111995725009,155.8,1003.578125,False
1773601343.031699,141,0,0,0,0,104.69044600176858,0.0,0.020573999790940434,4.232111995725009,152.2,993.09375,False
1773601343.2617447,142,0,0,0,0,105.18857799979742,0.0,0.02049999966402538,4.232111995725009,160.8,990.9375,False
1773601343.4945436,143,0,0,0,0,107.81765100182383,0.0,0.020612002117559314,4.232111995725009,158.9,990.9375,False
1773601343.7277532,144,0,0,0,0,107.79087399714626,0.0,0.020647999917855486,4.3211656452462694,162.9,1003.546875,False
1773601343.9594116,145,0,0,0,0,106.59197600034531,0.0,0.020129002223256975,4.3211656452462694,159.7,1005.671875,False
1773601344.1913006,146,0,0,0,0,106.64638500020374,0.0,0.019592000171542168,4.3211656452462694,159.6,995.1875,False
1773601344.4229307,147,0,0,0,0,106.90766400148277,0.0,0.020906998543068767,4.3211656452462694,155.4,1005.671875,False
1773601344.6551666,148,0,0,0,0,106.69645900270552,0.0,0.02244500137749128,4.3211656452462694,163.6,995.1875,False
1773601344.8884554,149,0,0,0,0,107.74316900278791,0.0,0.020667001081164926,4.307734400692145,158.6,993.0625,False
1773601345.121666,150,0,0,0,0,107.4040370003786,0.0,0.01881500065792352,4.307734400692145,154.4,1005.671875,False
1773601345.615702,151,2,0,0,0,106.52819800088764,261.8084749992704,0.01357400105916895,4.307734400692145,174.1,961.796875,True
1773601346.0875885,152,2,0,0,0,107.8006509997067,239.46453199823736,0.013518001651391387,2.5017898171690427,178.0,960.109375,True
1773601346.559673,153,1,0,0,0,107.65611299939337,239.6242370014079,0.014147997717373073,2.5017898171690427,180.1,972.71875,True
1773601347.0315282,154,1,0,0,0,107.0994609981426,240.23194500114187,0.012834003427997231,2.5017898171690427,182.3,962.15625,True
1773601347.5016096,155,1,1,0,0,104.48846299914294,241.1267659990699,0.04409200118971057,1.9878613697523837,180.8,975.453125,True
1773601347.9744117,156,1,1,1,1,107.15036900000996,240.77126299744123,0.04894399899058044,1.9878613697523837,177.7,964.96875,True
1773601348.4480028,157,1,1,1,0,108.27308000079938,240.57813299805275,0.044092997995903715,2.2151543814785533,177.4,975.609375,True
1773601348.9440014,158,1,1,1,0,108.09820800204761,266.139707997354,0.03444499816396274,2.2151543814785533,217.7,981.59375,True
1773601349.4166114,159,3,1,1,0,107.30936999971163,240.17076000018278,0.03483399996184744,2.2151543814785533,177.7,983.703125,True
1773601349.8908682,160,3,1,1,0,107.85583699907875,240.76039299689,0.03463000030023977,1.9392397103834738,177.1,985.828125,True
1773601350.360232,161,3,1,1,0,103.49301200039918,240.89970900240587,0.03377800021553412,1.9392397103834738,183.2,987.953125,True
1773601350.8352838,162,1,1,1,0,108.24659900026745,241.528823000408,0.033592998079257086,2.2124836080245687,178.9,990.0,True
1773601351.3089595,163,1,1,1,0,108.08300399730797,240.43537200122955,0.03479599763522856,2.2124836080245687,181.6,994.265625,True
1773601351.781958,164,1,1,1,0,108.03339400081313,240.327335002803,0.034426000638632104,2.2124836080245687,179.7,996.390625,True
1773601352.255577,165,1,1,1,0,108.26208000071347,240.6908740013023,0.03459299841779284,1.9821505956653878,179.5,998.5,True
1773601352.7301097,166,1,1,1,0,108.15580200141994,241.46337899946957,0.035315002605784684,1.9821505956653878,179.1,1002.765625,True
1773601353.2008474,167,1,1,1,0,106.06004700093763,240.44583499926375,0.03586999810067937,2.2114706584843615,182.7,1007.0,True
1773601353.674769,168,1,1,1,0,108.10737499923562,240.71161500251037,0.03474099867162295,2.2114706584843615,179.4,992.125,True
1773601354.1490662,169,1,1,1,0,109.76557100002537,239.52506999921752,0.03437100167502649,2.2114706584843615,183.4,1006.859375,True
1773601354.6181197,170,1,1,1,0,104.37451799953124,240.2017970016459,0.03631499930634163,1.9792337088996064,181.2,998.515625,True
1773601355.0922267,171,1,1,1,0,109.1364749991044,240.18874099783716,0.03616699905251153,1.9792337088996064,181.4,1013.265625,True
1773601355.5641246,172,1,1,1,0,106.68155100211152,240.7800959990709,0.034223001421196386,2.217708481124319,180.1,1015.390625,True
1773601356.0390992,173,1,1,1,0,108.23402499954682,242.03180900076404,0.03461100277490914,2.217708481124319,176.8,1019.640625,True
1773601356.511786,174,1,1,1,0,107.4857419989712,240.3499459978775,0.033610998798394576,2.217708481124319,181.9,1023.890625,True
1773601356.984363,175,1,1,1,0,108.04637500041281,239.79748000056134,0.03385200034244917,1.980194766413912,184.1,1026.0,True
1773601357.457649,176,1,1,1,0,107.92442899764865,239.9447579991829,0.034222000977024436,1.980194766413912,179.6,1030.25,True
1773601357.930516,177,1,1,1,0,107.90992999682203,240.4060019980534,0.03448200004640967,2.2117136040233327,179.8,1032.375,True
1773601358.4740303,178,1,1,1,0,112.81296099696192,308.9251179990242,0.03507400106173009,2.2117136040233327,206.1,1036.65625,True
1773601358.9483972,179,1,1,1,0,108.1741720008722,240.43428000004496,0.03479699807940051,1.9648663879950399,181.3,1038.765625,True
1773601359.4236755,180,1,1,1,0,107.78396499881637,242.01915999947232,0.034685999708017334,1.9648663879950399,178.8,1040.875,True
1773601359.8976893,181,1,1,1,0,108.08561600060784,240.65816999791423,0.03544399805832654,1.9648663879950399,183.5,1045.125,True
1773601360.3696141,182,1,1,1,0,107.72511400136864,240.07796200021403,0.035853001463692635,1.977066465674764,180.1,1049.375,True
1773601360.84161,183,1,1,1,0,104.72505700090551,242.6190529986343,0.03479699807940051,1.977066465674764,178.0,1051.5,True
1773601361.312748,184,1,0,1,0,107.1981289969699,239.8174599984486,0.055944998166523874,2.217708090258513,182.5,1051.515625,True
1773601361.7865176,185,1,0,1,0,108.0051339995407,241.23087800035137,0.021704003302147612,2.217708090258513,177.3,1055.75,True
1773601362.259321,186,2,0,1,0,107.31833299723803,240.6594479980413,0.020759998733410612,2.217708090258513,184.0,1059.890625,True
1773601362.7322102,187,2,0,1,0,107.09933100224589,241.2664700023015,0.02129700078512542,1.9823098521787996,184.0,1064.078125,True
1773601363.209159,188,2,0,1,0,107.41027800031588,244.47197300105472,0.021797000954393297,1.9823098521787996,180.3,1066.265625,True
1773601363.6819043,189,1,0,1,0,106.59514299914008,240.60655900029815,0.021167001250432804,2.2055179173511306,179.8,1070.515625,True
1773601364.1535149,190,1,0,1,0,106.82057099984377,240.19122299796436,0.021167001250432804,2.2055179173511306,182.4,1072.640625,True
1773601364.6779928,191,1,0,1,0,107.14114700022037,293.09436499897856,0.0207779994525481,2.2055179173511306,167.8,1074.765625,True
1773601364.9087873,192,0,0,1,0,106.63956899952609,0.0,0.027500998839968815,1.89018266836233,160.3,1111.453125,False
1773601365.1402617,193,0,0,1,0,106.6671070002485,0.0,0.0284630004898645,1.89018266836233,159.8,1113.5625,False
1773601365.3719723,194,0,0,1,0,106.69623599824263,0.0,0.02849999873433262,1.89018266836233,155.4,1115.6875,False
1773601365.6037202,195,0,0,1,0,106.56153200034169,0.0,0.029463000828400254,1.89018266836233,164.0,1119.9375,False
1773601365.8349311,196,0,0,1,0,106.27504900185158,0.0,0.027556001441553235,4.566541025121777,164.3,1124.1875,False
1773601366.0661209,197,0,0,1,0,106.62773500007461,0.0,0.028851998649770394,4.566541025121777,164.4,1126.328125,False
1773601366.2999218,198,0,0,1,0,111.37952599892742,0.0,0.029759001336060464,4.566541025121777,188.2,1126.328125,False
1773601366.548385,199,0,0,0,0,122.71932299699984,0.0,0.035222998121753335,4.566541025121777,209.3,1130.5625,False
1773601366.7802632,200,0,0,0,0,106.63027299960959,0.0,0.02961100108223036,4.566541025121777,159.6,1134.703125,False
1773601367.0128236,201,0,0,0,0,107.35374100113404,0.0,0.028147998818894848,3.9672231238104336,159.1,1138.953125,False
1773601367.241279,202,0,0,0,0,103.51784600061364,0.0,0.02707399835344404,3.9672231238104336,153.2,1141.0625,False
1773601367.4739559,203,0,0,0,0,107.11181299848249,0.0,0.027519003197085112,3.9672231238104336,163.3,1145.3125,False
1773601367.7083,204,0,0,0,0,107.49053800100228,0.0,0.028333000955171883,3.9672231238104336,157.9,1147.4375,False
1773601367.9370053,205,0,0,0,0,103.40399200140382,0.0,0.027740999939851463,4.571202378858294,157.4,1149.578125,False
1773601368.1694598,206,0,0,0,0,106.7702369982726,0.0,0.027314999897498637,4.571202378858294,159.2,1153.828125,False
1773601368.4011137,207,0,0,0,0,106.74538500097697,0.0,0.02762999793048948,4.571202378858294,159.7,1155.9375,False
1773601369.8853157,208,0,0,0,0,106.36195699771633,0.0,0.028334001399343833,1.539767844997659,109.1,1160.28125,False
1773601370.1114867,209,0,0,0,0,106.89923699828796,0.0,0.0289999989036005,1.539767844997659,145.9,1081.671875,False
1773601370.3373187,210,0,0,0,0,108.7052870025218,0.0,0.03316700167488307,1.539767844997659,155.0,993.015625,False
1773601370.5655494,211,0,0,0,0,106.56653200203436,0.0,0.0265179987763986,1.539767844997659,157.7,993.046875,False
1773601370.7967556,212,0,0,0,0,106.39530800108332,0.0,0.05587099803960882,1.539767844997659,155.7,993.046875,False
1773601371.0277662,213,0,0,0,0,105.26393099644338,0.0,0.028889000532217324,4.3766939677166565,164.5,993.046875,False
1773601371.259254,214,0,0,0,0,106.2678819980647,0.0,0.028333000955171883,4.3766939677166565,155.5,993.046875,False
1773601371.4878523,215,0,0,0,0,103.06008299812675,0.0,0.01994500053115189,4.3766939677166565,157.5,993.046875,False
1773601371.7156923,216,0,0,0,0,103.22523200011346,0.0,0.020129002223256975,4.3766939677166565,162.4,993.046875,False
1773601371.9445534,217,0,0,0,0,103.72710599767743,0.0,0.0207779994525481,4.3766939677166565,161.7,993.046875,False
1773601372.178054,218,0,0,0,0,111.12389499976416,0.0,0.020573999790940434,4.346788470176083,192.7,993.046875,False
1773601372.4294362,219,0,0,0,0,124.62822399902507,0.0,0.020851999579463154,4.346788470176083,214.8,993.046875,False
1773601372.662404,220,0,0,0,0,107.6415019997512,0.0,0.02127799962181598,4.346788470176083,154.5,993.046875,False
1773601372.8945339,221,0,0,0,0,106.73516300084884,0.0,0.0210920006793458,4.346788470176083,163.7,993.046875,False
1773601373.1262224,222,0,0,0,0,106.6658660020039,0.0,0.0202410010388121,4.346788470176083,159.7,993.046875,False
1773601373.3568587,223,0,0,0,0,105.37580200252705,0.0,0.02012899858527817,3.9554119509570125,164.8,999.28125,False
1773601373.5891597,224,0,0,0,0,106.46286400151439,0.0,0.01942600283655338,3.9554119509570125,159.3,999.28125,False
1773601373.8234215,225,0,0,0,0,107.70952099846909,0.0,0.02046299778157845,3.9554119509570125,157.9,993.046875,False
1773601374.0571377,226,0,0,0,0,108.15683799955877,0.0,0.020536997908493504,3.9554119509570125,158.3,1005.65625,False
1773601374.289081,227,0,0,0,0,106.86914500183775,0.0,0.020315001165727153,4.546436411519579,163.8,1009.90625,False
1773601374.5217524,228,0,0,0,0,106.86751599860145,0.0,0.01988899748539552,4.546436411519579,154.7,999.40625,False
1773601374.7549255,229,0,0,0,0,107.60613100137562,0.0,0.02011099786614068,4.546436411519579,158.7,1007.78125,False
1773601374.9870074,230,0,0,0,0,106.54086499926052,0.0,0.02068599860649556,4.546436411519579,155.1,1012.03125,False
1773601375.2194045,231,0,0,0,0,107.09686799964402,0.0,0.020297000446589664,4.546436411519579,159.2,1001.53125,False
1773601375.4526691,232,0,0,0,0,107.60366799877374,0.0,0.02081500133499503,4.29721631463261,154.4,998.609375,False
1773601375.6859555,233,0,0,0,0,108.1660420022672,0.0,0.02072300048894249,4.29721631463261,162.9,1009.09375,False
1773601375.9182625,234,0,0,0,0,106.85703399940394,0.0,0.018981998437084258,4.29721631463261,150.7,1011.21875,False
1773601376.1508086,235,0,0,0,0,107.13785000189091,0.0,0.02049999966402538,4.29721631463261,159.1,1013.359375,False
1773601376.3793454,236,0,0,0,0,103.45101100028842,0.0,0.021907999325776473,4.29721631463261,161.9,1002.859375,False
1773601376.612291,237,0,0,0,0,107.85859600218828,0.0,0.019889001123374328,4.311595789539474,154.5,999.9375,False
1773601376.8475184,238,0,0,0,0,112.47373699734453,0.0,0.02048100213869475,4.311595789539474,195.6,1012.546875,False
1773601377.0951486,239,0,0,0,0,122.20233799962443,0.0,0.0207779994525481,4.311595789539474,210.0,1012.546875,False
1773601377.3266878,240,0,0,0,0,105.91330500028562,0.0,0.020759998733410612,4.311595789539474,164.1,1001.25,False
1773601377.5574327,241,0,0,0,0,105.46865399737726,0.0,0.02153699824702926,4.311595789539474,160.3,1007.484375,False
1773601377.7891583,242,0,0,0,0,106.69429200061131,0.0,0.02022300031967461,3.9688335725358455,151.0,1011.734375,False
1773601378.0228488,243,0,0,0,0,107.62277899993933,0.0,0.021500000002561137,3.9688335725358455,166.9,1001.25,False
1773601378.2577426,244,0,0,0,0,108.39632200077176,0.0,0.019241000700276345,3.9688335725358455,153.3,1011.734375,False
1773601378.4908214,245,0,0,0,0,107.3545550025301,0.0,0.020945000869687647,3.9688335725358455,158.7,1001.25,False
1773601378.7258463,246,0,0,0,0,108.95475200231886,0.0,0.020870997104793787,4.522033883686279,157.4,999.125,False
1773601378.9601052,247,0,0,0,0,108.09550500198384,0.0,0.01996300125028938,4.522033883686279,153.7,999.125,False
1773601379.1938808,248,0,0,0,0,108.15096799706225,0.0,0.02020399915636517,4.522033883686279,158.3,999.125,False
1773601379.4282148,249,0,0,0,0,108.188672002143,0.0,0.02111100184265524,4.522033883686279,157.9,999.125,False
1773601379.662444,250,0,0,0,0,108.45445199811365,0.0,0.02022199987550266,4.522033883686279,158.0,999.125,False
1773601379.8949947,251,0,0,0,0,107.04531300143572,0.0,0.019129998690914363,4.276643064244513,154.8,1007.484375,False
1773601380.1274762,252,0,0,0,0,107.2828889991797,0.0,0.01962999886018224,4.276643064244513,159.2,999.125,False
1773601380.360774,253,0,0,0,0,107.34335199958878,0.0,0.019518000044627115,4.276643064244513,154.3,1005.359375,False
1773601380.8418765,254,3,0,0,0,105.29209699961939,250.36588099828805,0.014962999557610601,4.276643064244513,176.7,966.703125,True
1773601381.3127692,255,1,0,0,0,104.8095199985255,241.07313599961344,0.01409199830959551,2.972295311639654,178.4,966.703125,True
1773601381.7851946,256,1,1,0,0,104.86603900062619,242.5479230005294,0.04018500112579204,2.972295311639654,182.0,966.703125,True
1773601382.2694237,257,1,1,1,1,107.84826199960662,251.53801899796235,0.04296300176065415,2.1976048855876944,177.6,966.65625,True
1773601382.7726407,258,1,1,1,0,113.37914999967325,267.491753998911,0.03474099867162295,2.1976048855876944,212.6,974.921875,True
1773601383.2472904,259,2,1,1,0,107.66687199793523,241.06057999961195,0.03425899922149256,2.1976048855876944,179.1,979.171875,True
1773601383.7210348,260,2,1,1,0,107.58439100027317,240.34939000193845,0.03494400152703747,1.9220186239912311,181.5,981.25,True
1773601384.1956713,261,3,1,1,0,107.53631599800428,241.95256799794151,0.03594500230974518,1.9220186239912311,179.1,985.5,True
1773601384.6685684,262,1,1,1,0,107.5600010008202,240.61787300161086,0.034462998883100227,2.208255983287125,175.5,987.578125,True
1773601385.1411228,263,1,1,1,0,104.8155759999645,242.54647899942938,0.03568600004655309,2.208255983287125,177.7,989.703125,True
1773601385.6117008,264,1,1,1,0,104.52713000267977,240.77094799940824,0.03564900180208497,2.208255983287125,178.5,993.953125,True
1773601386.0848458,265,1,1,1,0,107.49126000155229,240.75118999826373,0.03533400013111532,1.9891996280836228,183.9,998.203125,True
1773601386.5566573,266,1,1,1,0,106.90883099960047,239.75232999873697,0.036112000088905916,1.9891996280836228,182.3,1002.4375,True
1773601387.0303788,267,1,1,1,0,107.5897980008449,241.29667400120525,0.034796001273207366,2.211729543116372,181.5,1004.59375,True
1773601387.5037758,268,1,1,1,0,107.52459300056216,240.7468190031068,0.03544399805832654,2.211729543116372,179.6,1008.796875,True
1773601387.9821942,269,1,1,1,0,107.80537399841705,245.5259609996574,0.03522200131556019,2.211729543116372,177.7,1011.140625,True
1773601388.4545336,270,1,1,1,0,107.65807600182598,239.61638499895344,0.03514800118864514,1.9711404410964743,184.2,1015.390625,True
1773601388.9281633,271,1,1,1,0,108.45059900020715,240.1612590001605,0.035260000004200265,1.9711404410964743,181.6,1017.5,True
1773601389.4012654,272,1,1,1,0,107.71494700020412,240.42087199995876,0.0351290000253357,2.211989654925091,181.8,1021.765625,True
1773601389.8729205,273,1,1,1,0,104.73211199860089,241.32900699987658,0.035575001675169915,2.211989654925091,180.2,1023.875,True
1773601390.3445284,274,1,1,1,0,105.53922799954307,240.50057700151228,0.03455600017332472,2.211989654925091,180.2,1028.125,True
1773601390.8193736,275,1,1,1,0,108.1369130006351,240.97444899962284,0.03518599987728521,1.986427065546158,179.0,1030.25,True
1773601391.2916858,276,2,1,1,0,108.02528299973346,240.14033300045412,0.03501799801597372,1.986427065546158,180.0,1032.34375,True
1773601391.7648108,277,1,1,1,0,107.8769480009214,240.5077799994615,0.03561099947546609,2.211235926622936,181.8,1036.625,True
1773601392.3121355,278,1,1,1,0,113.33105799712939,311.7608399988967,0.03414800085010938,2.211235926622936,206.5,1040.875,True
1773601392.7884617,279,1,1,1,0,107.26274000262492,244.08921099893632,0.034204000257886946,1.9537970275929373,184.7,1043.0,True
1773601393.2622113,280,1,1,1,0,107.92437399868504,240.46737200114876,0.03544499850249849,1.9537970275929373,179.4,1043.0,True
1773601393.7367878,281,1,1,1,0,108.25348700018367,240.48785400009365,0.03633400046965107,1.9537970275929373,181.2,1047.25,True
1773601394.2110221,282,1,1,1,0,107.83191100199474,240.6831139996939,0.033926000469364226,1.9771857597318312,179.2,1050.890625,True
1773601394.6850045,283,1,1,1,0,107.52588999821455,240.99063600078807,0.03437100167502649,1.9771857597318312,181.4,1055.140625,True
1773601395.1583126,284,1,1,1,0,107.43677799837315,240.24838900004397,0.03475999983493239,2.2086304113842066,181.7,1057.25,True
1773601395.6297004,285,1,1,1,0,106.0355650006386,240.4690940020373,0.03455499972915277,2.2086304113842066,180.3,1061.515625,True
1773601396.1010084,286,1,1,1,0,105.83563799809781,241.0474320022331,0.03949999882024713,2.2086304113842066,182.5,1063.625,True
1773601396.5709336,287,1,1,1,0,102.57680200083996,243.81230200015125,0.039721999200992286,1.9905477192581975,178.8,1065.796875,True
1773601397.0400474,288,2,1,1,0,103.15743599858251,241.4114890016208,0.03938900044886395,1.9905477192581975,181.2,1070.046875,True
1773601397.511213,289,1,0,1,0,104.25181299797259,242.18992099849856,0.022017997252987698,2.2252803018606855,180.4,1072.15625,True
1773601397.9842227,290,2,0,1,0,108.56158200112986,240.1358329989307,0.021778003429062665,2.2252803018606855,179.7,1074.296875,True
1773601398.4564657,291,2,0,1,0,106.71668099894305,240.52635400221334,0.021129999367985874,2.2252803018606855,180.0,1078.546875,True
1773601398.92903,292,1,0,1,0,107.2276850027265,240.47474300095928,0.021241001377347857,1.9845571573965293,177.8,1082.796875,True
1773601399.1608393,293,0,0,1,0,106.78203299903544,0.0,0.027759997465182096,1.9845571573965293,155.3,1117.359375,False
1773601399.3925407,294,0,0,1,0,106.2912339984905,0.0,0.027795998903457075,1.9845571573965293,164.0,1117.359375,False
1773601399.6232061,295,0,0,1,0,105.35498700119206,0.0,0.028593000024557114,3.622580236301384,156.1,1121.59375,False
1773601399.854921,296,0,0,1,0,106.91016299824696,0.0,0.028944999939994887,3.622580236301384,159.7,1125.75,False
1773601400.0854766,297,0,0,1,0,105.86856499867281,0.0,0.027759000658988953,3.622580236301384,160.5,1130.0,False
1773601400.3235025,298,0,0,1,0,115.8355740008119,0.0,0.03090799873461947,3.622580236301384,197.5,1132.109375,False
1773601400.5709832,299,0,0,1,0,122.48691399872769,0.0,0.028352002118481323,3.622580236301384,206.1,1136.359375,False
1773601400.8034854,300,0,0,1,0,107.01920099745621,0.0,0.02881500040530227,3.9574113763084857,159.1,1138.484375,False
1773601401.035658,301,0,0,1,0,107.21136999927694,0.0,0.030221999622881413,3.9574113763084857,163.7,1140.609375,False
1773601401.2673628,302,0,0,1,0,106.67216200090479,0.0,0.027463000151328743,3.9574113763084857,159.7,1144.859375,False
1773601401.4992626,303,0,0,1,0,106.86444099701475,0.0,0.02907399903051555,3.9574113763084857,155.2,1146.96875,False
1773601401.731364,304,0,0,0,0,107.10151600142126,0.0,0.0319439968734514,4.556203221916856,159.4,1149.09375,False
1773601401.9626727,305,0,0,0,0,106.5518469986273,0.0,0.028258997190278023,4.556203221916856,160.0,1153.34375,False
1773601402.191736,306,0,0,0,0,104.0847929980373,0.0,0.027204001526115462,4.556203221916856,157.2,1157.59375,False
1773601402.4198933,307,0,0,0,0,103.71814300015103,0.0,0.027259000489721075,4.556203221916856,162.2,1159.71875,False
1773601402.6520038,308,0,0,0,0,107.03333099809242,0.0,0.02877799852285534,4.556203221916856,163.7,1159.71875,False
1773601402.883533,309,0,0,0,0,106.50769800122362,0.0,0.027703998057404533,4.339651963203577,155.5,1163.953125,False
1773601403.1127267,310,0,0,0,0,103.85469899847521,0.0,0.027778001822298393,4.339651963203577,157.1,1168.09375,False
1773601403.3441951,311,0,0,0,0,106.78910699789412,0.0,0.028851998649770394,4.339651963203577,159.8,1172.34375,False
1773601403.5727155,312,0,0,0,0,104.13764500117395,0.0,0.028426002245396376,4.339651963203577,161.9,1174.453125,False
1773601405.1431599,313,0,0,0,0,103.69158699904801,0.0,0.02770400169538334,1.7701811719172291,108.9,1178.703125,False
1773601405.362956,314,0,0,0,0,101.8872230015404,0.0,0.03151899727527052,1.7701811719172291,159.3,1100.40625,False
1773601405.585813,315,0,0,0,0,105.91125000064494,0.0,0.03166699752910063,1.7701811719172291,161.5,960.71875,False
1773601405.814786,316,0,0,0,0,106.26001100172289,0.0,0.02990700158989057,1.7701811719172291,157.2,993.171875,False
1773601406.0435205,317,0,0,0,0,107.14783199728117,0.0,0.028630001907004043,1.7701811719172291,161.8,966.96875,False
1773601406.2769704,318,0,0,0,0,111.79149199961103,0.0,0.03092699989792891,4.410041464422987,197.0,966.96875,False
1773601406.5282176,319,0,0,0,0,125.10959800056298,0.0,0.03153800207655877,4.410041464422987,199.0,999.40625,False
1773601406.7582614,320,0,0,0,0,105.91532399848802,0.0,0.02127799962181598,4.410041464422987,156.5,960.734375,False
1773601406.9901137,321,0,0,0,0,107.68092800208251,0.0,0.021186002413742244,4.410041464422987,163.9,973.34375,False
1773601407.2166545,322,0,0,0,0,104.06664499896578,0.0,0.021907999325776473,4.410041464422987,158.9,993.171875,False
1773601407.4483352,323,0,0,0,0,106.08067700013635,0.0,0.02016699727391824,3.987562824043242,159.7,993.171875,False
1773601407.680925,324,0,0,0,0,107.02347900223685,0.0,0.01990799864870496,3.987562824043242,154.8,993.171875,False
1773601407.9135711,325,0,0,0,0,106.34032700181706,0.0,0.01964799957931973,3.987562824043242,150.4,993.171875,False
1773601408.1455302,326,0,0,0,0,106.03837999951793,0.0,0.021628999093081802,3.987562824043242,155.2,993.171875,False
1773601408.37595,327,0,0,0,0,104.38323899870738,0.0,0.020814997697016224,4.562648433060334,156.2,993.171875,False
1773601408.6086874,328,0,0,0,0,107.20746199876885,0.0,0.02081500133499503,4.562648433060334,159.0,999.40625,False
1773601408.8404672,329,0,0,0,0,106.3336410006741,0.0,0.021777999791083857,4.562648433060334,159.6,999.40625,False
1773601409.071896,330,0,0,0,0,106.35986399938702,0.0,0.021036998077761382,4.562648433060334,159.9,999.40625,False
1773601409.305188,331,0,0,0,0,107.56764899997506,0.0,0.022258998797042295,4.562648433060334,158.6,993.171875,False
1773601409.537533,332,0,0,0,0,107.27486899850192,0.0,0.02099999983329326,4.304454120041026,154.9,1003.65625,False
1773601409.7701204,333,0,0,0,0,107.570816999214,0.0,0.021629999537253752,4.304454120041026,159.1,995.296875,False
1773601410.0007346,334,0,0,0,0,105.42846799944527,0.0,0.04674099909607321,4.304454120041026,164.8,1010.03125,False
1773601410.232859,335,0,0,0,0,106.92279299837537,0.0,0.020536997908493504,4.304454120041026,150.8,999.53125,False
1773601410.4664788,336,0,0,0,0,107.9269479996583,0.0,0.022389001969713718,4.304454120041026,154.1,997.421875,False
1773601410.6976233,337,0,0,0,0,106.41362300157198,0.0,0.0210190009966027,4.310013200385469,160.1,1010.03125,False
1773601410.9280126,338,0,0,0,0,108.07754199777264,0.0,0.021759002265753224,4.310013200385469,191.0,999.53125,False
1773601411.1788447,339,0,0,0,0,124.66465000034077,0.0,0.02157400012947619,4.310013200385469,211.3,997.421875,False
1773601411.4129176,340,0,0,0,0,107.88600299929385,0.0,0.020314997527748346,4.310013200385469,158.1,1010.03125,False
1773601411.6452582,341,0,0,0,0,106.76170000078855,0.0,0.020814997697016224,4.310013200385469,159.3,999.53125,False
1773601411.878359,342,0,0,0,0,107.63340899939067,0.0,0.020832998416153714,3.957258292397926,158.7,1007.90625,False
1773601412.1110604,343,0,0,0,0,107.12373899878003,0.0,0.021167001250432804,3.957258292397926,159.0,997.421875,False
1773601412.3484063,344,0,0,0,0,111.61634200107073,0.0,0.02244400093331933,3.957258292397926,155.9,1007.90625,False
1773601412.5816848,345,0,0,0,0,107.41464799866662,0.0,0.02159300129278563,3.957258292397926,167.2,997.421875,False
1773601412.8158736,346,0,0,0,0,108.15420899962191,0.0,0.020630002836696804,4.514906615807142,158.0,994.484375,False
1773601413.050046,347,0,0,0,0,108.15931999968598,0.0,0.019723000150406733,4.514906615807142,153.7,1007.09375,False
1773601413.283244,348,0,0,0,0,107.53129699878627,0.0,0.020610998035408556,4.514906615807142,158.7,996.609375,False
1773601413.5173585,349,0,0,0,0,108.11848700177507,0.0,0.020296000002417713,4.514906615807142,158.0,1007.09375,False
1773601413.7486222,350,0,0,0,0,105.1368190019275,0.0,0.01964799957931973,4.514906615807142,155.7,1009.21875,False
1773601413.978049,351,0,0,0,0,103.398973998992,0.0,0.019963998056482524,4.302287986634127,156.9,998.734375,False
1773601414.2110846,352,0,0,0,0,107.61176099913428,0.0,0.02051900082733482,4.302287986634127,158.8,1008.40625,False
1773601414.4431303,353,0,0,0,0,106.70149499856052,0.0,0.020925999706378207,4.302287986634127,159.5,997.921875,False
1773601414.6765327,354,0,0,0,0,108.08483899745625,0.0,0.020647999917855486,4.302287986634127,162.8,995.796875,False
1773601414.9101186,355,0,0,0,0,108.07574499995098,0.0,0.021445001038955525,4.302287986634127,154.1,995.796875,False
1773601415.1400301,356,0,0,0,0,104.68800099988584,0.0,0.022166997950989753,4.302996839568123,156.6,995.796875,False
1773601415.3692212,357,0,0,0,0,104.42588800287922,0.0,0.020333998691057786,4.302996839568123,161.4,995.796875,False
1773601415.602978,358,0,0,0,0,111.31506200035801,0.0,0.022444997739512473,4.302996839568123,196.8,995.796875,False
1773601415.8535926,359,0,0,0,0,124.34638899867423,0.0,0.02098199911415577,4.302996839568123,207.5,995.796875,False
1773601416.0876648,360,0,0,0,0,108.2922649984539,0.0,0.02042699998128228,4.302996839568123,158.1,995.796875,False
1773601416.567737,361,2,0,0,0,108.39989599844557,245.77925899939146,0.014629000361310318,3.9580079564914907,177.1,963.375,True
1773601417.0409677,362,3,0,0,0,108.5503409994999,240.16129700248712,0.014555000234395266,3.9580079564914907,181.7,963.375,True
1773601417.531244,363,1,0,0,0,108.84580600031768,256.49858899851097,0.014000001101521775,2.1729559297693246,179.5,963.3125,True
1773601418.0060205,364,1,1,0,0,108.7701209980878,240.89167099737097,0.03207500049029477,2.1729559297693246,181.1,975.9375,True
1773601418.4807243,365,1,1,1,1,107.96228199978941,241.70549100017524,0.0356659984390717,2.1729559297693246,181.2,965.390625,True
1773601418.954838,366,1,1,1,0,105.70354499941459,243.24126099963905,0.035221997677581385,1.9762397249107835,179.3,978.0,True
1773601419.4278495,367,1,1,1,0,107.27642599886167,240.72804100069334,0.035240998840890825,1.9762397249107835,177.6,967.515625,True
1773601419.9025092,368,1,1,1,0,108.61948900128482,240.74137400020845,0.03535200085025281,2.207106747500346,183.3,982.25,True
1773601420.376537,369,1,1,1,0,107.81292899991968,241.05669100026716,0.036130000808043405,2.207106747500346,181.4,971.75,True
1773601420.8519943,370,1,1,1,0,108.62076700141188,241.40058199918712,0.03461099913693033,2.207106747500346,183.0,986.484375,True
1773601421.3257585,371,1,1,1,0,108.03872599717579,240.47368700121297,0.03455600017332472,1.976146148832031,179.4,980.234375,True
1773601421.801937,372,1,1,1,0,108.63343500022893,241.6222879983252,0.035814999137073755,1.976146148832031,178.5,994.96875,True
1773601422.27787,373,1,1,1,0,108.12128299949109,241.49287900218042,0.03474099867162295,2.2005669083348955,178.6,986.59375,True
1773601422.753444,374,1,1,1,0,108.3225059992401,241.2812849979673,0.0352040005964227,2.2005669083348955,180.8,1001.359375,True
1773601423.229752,375,1,1,1,0,105.24467099821777,245.26010800036602,0.034925997169921175,2.2005669083348955,174.3,1003.53125,True
1773601423.7031114,376,1,1,1,0,107.39314799866406,240.37292699722457,0.034463002521079034,1.971154336448462,179.6,1007.78125,True
1773601424.1757488,377,1,1,1,0,107.36903700308176,240.2301299989631,0.0350560003425926,1.971154336448462,182.0,1009.90625,True
1773601424.67247,378,1,1,1,0,112.50173699954757,262.0799030009948,0.03472199750831351,2.1739733333517623,217.4,1014.15625,True
1773601425.146113,379,1,1,1,0,107.39005499999621,240.20790799841052,0.03514899799483828,2.1739733333517623,181.6,1018.40625,True
1773601425.6191933,380,1,1,1,0,107.65500100023928,240.17046299923095,0.03475999983493239,2.1739733333517623,179.7,1020.53125,True
1773601426.092098,381,1,1,1,0,107.55416800020612,240.23048199887853,0.03590800042729825,1.981879918311262,184.0,1024.78125,True
1773601426.5651686,382,1,1,1,0,107.7610949978407,240.31070400087629,0.03461099913693033,1.981879918311262,179.7,1026.90625,True
1773601427.0376742,383,1,1,1,0,107.6926870009629,240.11505499947816,0.03601900243666023,2.2123000028482487,179.9,1031.15625,True
1773601427.510935,384,1,1,1,0,107.88118900018162,240.55218800276634,0.033945001632673666,2.2123000028482487,181.7,1033.265625,True
1773601427.984825,385,1,1,1,0,108.36508099964703,240.7851709976967,0.03509300222503953,2.2123000028482487,179.4,1035.328125,True
1773601428.4562128,386,1,1,1,0,105.40963500170619,241.13063600088935,0.034278000384802,1.9812709304992284,182.4,1039.578125,True
1773601428.9296622,387,1,1,1,0,107.78733600091073,240.73406000024988,0.03463000030023977,1.9812709304992284,179.5,1043.828125,True
1773601429.4020557,388,1,0,1,0,107.44720400180086,240.24487099813996,0.021500000002561137,2.2141448296286077,182.1,1045.984375,True
1773601429.8761213,389,2,0,1,0,107.35664800085942,241.19274799886625,0.021741001546615735,2.2141448296286077,179.3,1048.09375,True
1773601430.3494704,390,2,0,1,0,107.22303700094926,241.00620999888633,0.02131400106009096,2.2141448296286077,181.7,1052.28125,True
1773601430.8621,391,2,0,1,0,105.27013400133,281.94755199729116,0.022036998416297138,1.979721362850158,177.5,1054.40625,True
1773601431.3319128,392,2,0,1,0,105.17280000203755,239.84223899969948,0.022019001335138455,1.979721362850158,180.9,1058.65625,True
1773601431.8043394,393,1,0,1,0,106.7667919996893,240.5649659995106,0.021462998120114207,2.155119321962486,182.0,1060.84375,True
1773601432.0352483,394,0,0,1,0,105.69423000197276,0.0,0.029463000828400254,2.155119321962486,151.6,1095.390625,False
1773601432.2668912,395,0,0,1,0,106.3863820018014,0.0,0.027851998311234638,2.155119321962486,164.0,1099.65625,False
1773601432.4987097,396,0,0,1,0,106.38758600180154,0.0,0.02798100103973411,2.155119321962486,159.6,1103.90625,False
1773601432.730468,397,0,0,1,0,106.63921800005483,0.0,0.030537001293851063,2.155119321962486,168.3,1106.03125,False
1773601432.964889,398,0,0,1,0,111.72225100017386,0.0,0.02961100108223036,4.308348571702098,192.0,1108.15625,False
1773601433.2178946,399,0,0,1,0,125.62348999927053,0.0,0.02901799962273799,4.308348571702098,213.4,1112.40625,False
1773601433.4499714,400,0,0,1,0,106.52532799940673,0.0,0.028593000024557114,4.308348571702098,159.4,1114.515625,False
1773601433.6824968,401,0,0,1,0,106.85407100027078,0.0,0.027758997021010146,4.308348571702098,159.1,1118.765625,False
1773601433.9147077,402,0,0,1,0,106.59542100256658,0.0,0.02796300032059662,4.308348571702098,159.3,1120.890625,False
1773601434.1467505,403,0,0,0,0,106.21458500099834,0.0,0.029203998565208167,3.9475198614609424,150.8,1125.140625,False
1773601434.3793948,404,0,0,0,0,106.57221699875663,0.0,0.028943999495822936,3.9475198614609424,159.0,1127.25,False
1773601434.6134217,405,0,0,0,0,106.58753200186766,0.0,0.029499999072868377,3.9475198614609424,158.1,1129.375,False
1773601434.845594,406,0,0,0,0,106.32364099728875,0.0,0.028408001526258886,3.9475198614609424,155.1,1133.625,False
1773601435.0765858,407,0,0,0,0,105.24865299885278,0.0,0.026703997718868777,4.552143443988491,160.2,1137.875,False
1773601435.3089373,408,0,0,0,0,106.65993899965542,0.0,0.026982001145370305,4.552143443988491,150.6,1140.0,False
1773601435.5416186,409,0,0,0,0,106.63532899707207,0.0,0.027703998057404533,4.552143443988491,154.7,1142.109375,False
1773601435.7735593,410,0,0,0,0,106.32919699855847,0.0,0.027481000870466232,4.552143443988491,163.8,1146.375,False
1773601436.0038266,411,0,0,0,0,104.76672399818199,0.0,0.030499999411404133,4.552143443988491,156.3,1148.484375,False
1773601437.4059734,412,0,0,0,0,103.59469699687907,0.0,0.028147998818894848,2.146445111997011,109.8,1152.75,False
1773601437.6280284,413,0,0,0,0,103.98406999956933,0.0,0.030759998480789363,2.146445111997011,162.1,1071.203125,False
1773601437.8538737,414,0,0,0,0,108.70391600110452,0.0,0.03348199970787391,2.146445111997011,159.4,960.703125,False
1773601438.0826533,415,0,0,0,0,106.05306599973119,0.0,0.029760001780232415,2.146445111997011,161.7,993.15625,False
1773601438.3124518,416,0,0,0,0,106.19104800207424,0.0,0.02762999793048948,2.146445111997011,152.3,960.71875,False
1773601438.542999,417,0,0,0,0,106.02056499919854,0.0,0.028186001145513728,4.397546275734895,151.8,962.71875,False
1773601438.7746909,418,0,0,0,0,111.58352700294927,0.0,0.03238899807911366,4.397546275734895,194.2,995.15625,False
1773601439.0264843,419,0,0,0,0,126.7633309980738,0.0,0.022241001715883613,4.397546275734895,210.5,960.71875,False
1773601439.257246,420,0,0,0,0,105.04359600236057,0.0,0.02272200072184205,4.397546275734895,151.7,973.328125,False
1773601439.4865692,421,0,0,0,0,106.26201100239996,0.0,0.022277999960351735,4.397546275734895,157.0,993.15625,False
1773601439.716092,422,0,0,0,0,103.84956999769202,0.0,0.02077699900837615,3.9735504259249215,156.8,993.15625,False
1773601439.9461908,423,0,0,0,0,104.01233000084176,0.0,0.021184998331591487,3.9735504259249215,156.5,993.15625,False
1773601440.1779497,424,0,0,0,0,104.74714900192339,0.0,0.020908002625219524,3.9735504259249215,159.6,993.15625,False
1773601440.4056616,425,0,0,0,0,101.33401599887293,0.0,0.021314997866284102,3.9735504259249215,158.1,993.15625,False
1773601440.6382718,426,0,0,0,0,106.24134499812499,0.0,0.0207779994525481,4.593026464602751,154.7,995.15625,False
1773601440.8710794,427,0,0,0,0,106.97920100210467,0.0,0.020908002625219524,4.593026464602751,158.9,999.390625,False
1773601441.1040056,428,0,0,0,0,106.4555319971987,0.0,0.0204820025828667,4.593026464602751,150.3,999.40625,False
1773601441.3368304,429,0,0,0,0,106.98925699762185,0.0,0.02103700171574019,4.593026464602751,158.9,999.40625,False
1773601441.570405,430,0,0,0,0,107.20946199944592,0.0,0.0215559994103387,4.593026464602751,154.1,1005.765625,False
1773601441.802942,431,0,0,0,0,106.51549400063232,0.0,0.02133400266757235,4.293062467617568,163.4,1005.765625,False
1773601442.0353878,432,0,0,0,0,107.0782019996841,0.0,0.020112001948291436,4.293062467617568,159.2,997.09375,False
1773601442.2686918,433,0,0,0,0,107.63281699837535,0.0,0.02098099866998382,4.293062467617568,162.9,1009.703125,False
1773601442.501159,434,0,0,0,0,107.02621999735129,0.0,0.021648000256391242,4.293062467617568,154.9,999.21875,False
1773601442.7347107,435,0,0,0,0,107.82004000066081,0.0,0.020981002307962626,4.293062467617568,158.4,997.09375,False
1773601442.9679747,436,0,0,0,0,107.86702100085677,0.0,0.020593000954249874,4.291707740537696,162.9,997.09375,False
1773601443.2012203,437,0,0,0,0,108.22513599850936,0.0,0.021184998331591487,4.291707740537696,154.3,997.09375,False
1773601443.4366922,438,0,0,0,0,112.64509000102407,0.0,0.02125899845850654,4.291707740537696,195.4,997.09375,False
1773601443.692958,439,0,0,0,0,130.03974099774496,0.0,0.022277999960351735,4.291707740537696,218.5,997.09375,False
1773601443.9271371,440,0,0,0,0,108.16469099881942,0.0,0.022352000087266788,4.291707740537696,149.5,997.09375,False
1773601444.1611226,441,0,0,0,0,108.20417200011434,0.0,0.020408002455951646,3.9124446412651372,158.1,997.09375,False
1773601444.3946276,442,0,0,0,0,107.88359599973774,0.0,0.020888997823931277,3.9124446412651372,149.9,1009.703125,False
1773601444.6270905,443,0,0,0,0,106.5043099988543,0.0,0.021981999452691525,3.9124446412651372,163.5,1009.703125,False
1773601444.860335,444,0,0,0,0,107.30385099668638,0.0,0.022222000552574173,3.9124446412651372,158.6,997.09375,False
1773601445.0934162,445,0,0,0,0,107.09625799790956,0.0,0.02016700091189705,4.532840066969641,150.2,1007.578125,False
1773601445.3271074,446,0,0,0,0,107.54003900001408,0.0,0.021907999325776473,4.532840066969641,149.8,999.21875,False
1773601445.5631633,447,0,0,0,0,108.3887839995441,0.0,0.020315001165727153,4.532840066969641,156.7,1011.828125,False
1773601445.7957933,448,0,0,0,0,106.71944000205258,0.0,0.021332998585421592,4.532840066969641,159.1,1001.34375,False
1773601446.0295544,449,0,0,0,0,107.90839199762559,0.0,0.020647999917855486,4.532840066969641,158.3,1011.828125,False
1773601446.2625892,450,0,0,0,0,107.27633300120942,0.0,0.020593000954249874,4.276535796211023,150.2,1001.34375,False
1773601446.495363,451,0,0,0,0,106.878663002135,0.0,0.020851999579463154,4.276535796211023,159.0,1011.34375,False
1773601446.7288098,452,0,0,0,0,107.68042800191324,0.0,0.10776000272016972,4.276535796211023,154.2,998.734375,False
1773601446.962498,453,0,0,0,0,108.194727999944,0.0,0.019907001842511818,4.276535796211023,154.0,1011.34375,False
1773601447.19081,454,0,0,0,0,102.7000060021237,0.0,0.022759999410482123,4.276535796211023,162.1,998.734375,False
1773601447.424182,455,0,0,0,0,108.01431900108582,0.0,0.02055600270978175,4.304468256077799,162.8,1011.34375,False
1773601447.664282,456,0,0,0,0,114.31578700285172,0.0,0.01992599936784245,4.304468256077799,154.1,1000.84375,False
1773601447.8975172,457,0,0,0,0,108.00591099905432,0.0,0.0202410010388121,4.304468256077799,158.6,1010.53125,False
1773601448.1323156,458,0,0,0,0,112.04743900088943,0.0,0.022500000341096893,4.304468256077799,195.9,1000.0625,False
1773601448.3871508,459,0,0,0,0,127.84609800291946,0.0,0.022093001462053508,4.304468256077799,211.9,997.9375,False
1773601448.617617,460,0,0,0,0,104.96680000142078,0.0,0.019778002751991153,3.8989978052297074,160.5,1008.421875,False
1773601448.8499377,461,0,0,0,0,106.63801400005468,0.0,0.020851999579463154,3.8989978052297074,159.3,997.9375,False
1773601449.081809,462,0,0,0,0,106.39777100004721,0.0,0.020258998119970784,3.8989978052297074,159.6,995.8125,False
1773601449.316202,463,0,0,0,0,108.38208099812618,0.0,0.021017996914451942,3.8989978052297074,157.9,995.8125,False
1773601449.5514553,464,0,0,0,0,108.51039600311196,0.0,0.021167001250432804,4.539815757885383,157.3,995.8125,False
1773601449.7827666,465,0,0,0,0,105.35922800045228,0.0,0.019758997950702906,4.539815757885383,155.6,995.8125,False
1773601450.0172873,466,0,0,0,0,108.22193199783214,0.0,0.021389001631177962,4.539815757885383,149.2,995.8125,False
1773601450.251292,467,0,0,0,0,107.92874399703578,0.0,0.021927000489085913,4.539815757885383,153.8,995.8125,False
1773601450.4852593,468,0,0,0,0,107.99431900159107,0.0,0.020037998183397576,4.539815757885383,158.1,995.8125,False
1773601450.7194688,469,0,0,0,0,107.887206999294,0.0,0.021351999748731032,4.28079139706984,162.3,1008.421875,False
1773601450.9528558,470,0,0,0,0,106.85097799796495,0.0,0.02127799962181598,4.28079139706984,150.0,997.9375,False
1773601451.1858783,471,0,0,0,0,107.34614800094278,0.0,0.01940800211741589,4.28079139706984,150.2,1008.421875,False
1773601451.4183347,472,0,0,0,0,106.76166199846193,0.0,0.020296000002417713,4.28079139706984,159.2,997.9375,False
1773601451.65166,473,0,0,0,0,107.68481700142729,0.0,0.020963001588825136,4.28079139706984,158.6,1008.421875,False
1773601451.8839855,474,0,0,0,0,106.51927200160571,0.0,0.020018000213894993,4.293604773765745,159.3,997.9375,False
1773601452.1149518,475,0,0,0,0,105.32594899996184,0.0,0.020906998543068767,4.293604773765745,160.2,1007.921875,False
1773601452.347574,476,0,0,0,0,106.56836600173847,0.0,0.020111001504119486,4.293604773765745,154.8,997.4375,False
1773601452.578567,477,0,0,0,0,106.02656500122976,0.0,0.02014900019275956,4.293604773765745,160.2,1007.921875,False
1773601452.8118048,478,0,0,0,0,110.58157599836704,0.0,0.02322300133528188,4.293604773765745,192.9,997.4375,False
1773601453.0702236,479,0,0,0,0,131.45999200060032,0.0,0.020906998543068767,4.21501828586405,216.7,1005.796875,False
1773601453.300097,480,0,0,0,0,103.84853299910901,0.0,0.0190739992831368,4.21501828586405,156.6,1007.921875,False
1773601453.5327597,481,0,0,0,0,106.96051600098144,0.0,0.022000000171829015,4.21501828586405,154.7,997.4375,False
1773601453.765919,482,0,0,0,0,107.87435499878484,0.0,0.020704002963611856,4.21501828586405,154.4,995.3125,False
1773601453.9988103,483,0,0,0,0,107.3016109985474,0.0,0.020019000658066943,4.21501828586405,163.2,1007.921875,False
1773601454.2320714,484,0,0,0,0,106.86175599767012,0.0,0.021203999494900927,4.303478074578363,154.3,997.4375,False
1773601454.4656062,485,0,0,0,0,107.50307499984046,0.0,0.020851999579463154,4.303478074578363,158.4,1005.796875,False
1773601454.6989126,486,0,0,0,0,107.0778870016511,0.0,0.02049999966402538,4.303478074578363,150.0,995.3125,False
1773601454.9318802,487,0,0,0,0,107.33583299952443,0.0,0.020981002307962626,4.303478074578363,150.2,1005.796875,False
1773601455.1642983,488,0,0,0,0,106.34954900160665,0.0,0.02161100201192312,4.303478074578363,154.9,1007.921875,False
1773601455.3965993,489,0,0,0,0,106.63006899994798,0.0,0.020315001165727153,4.293713778894476,163.6,997.4375,False
1773601455.6291425,490,0,0,0,0,106.8121450007311,0.0,0.020573999790940434,4.293713778894476,159.1,1007.921875,False
1773601455.8585093,491,0,0,0,0,103.67232800126658,0.0,0.021538002329180017,4.293713778894476,165.7,997.4375,False
1773601456.0895443,492,0,0,0,0,105.40239399779239,0.0,0.02053700154647231,4.293713778894476,160.1,1007.921875,False
1773601456.3230152,493,0,0,0,0,106.97679400254856,0.0,0.023018998035695404,4.293713778894476,154.2,997.4375,False
1773601456.5566304,494,0,0,0,0,108.2094129997131,0.0,0.022444997739512473,4.3102222552892995,162.7,995.3125,False
1773601456.7903693,495,0,0,0,0,107.88426300132414,0.0,0.021110998204676434,4.3102222552892995,158.3,993.1875,False
1773601457.0241613,496,0,0,0,0,108.24672799935797,0.0,0.022221996914595366,4.3102222552892995,162.5,993.1875,False
1773601457.2576923,497,0,0,0,0,107.99563399996259,0.0,0.021797000954393297,4.3102222552892995,158.4,1005.796875,False
1773601457.492418,498,0,0,0,0,112.01641899970127,0.0,0.022610998712480068,4.3102222552892995,191.7,995.3125,False
1773601457.74542,499,0,0,0,0,125.83136100147385,0.0,0.02129600034095347,4.205857490526476,213.4,1005.796875,False
1773601457.9786406,500,0,0,0,0,106.79075599909993,0.0,0.0215559994103387,4.205857490526476,154.4,995.3125,False
1773601458.2118864,501,0,0,0,0,107.3668329991051,0.0,0.018981001630891114,4.205857490526476,154.3,1007.921875,False
1773601458.4444551,502,0,0,0,0,106.65653300020494,0.0,0.020870000298600644,4.205857490526476,159.1,1010.046875,False
1773601458.6776333,503,0,0,0,0,107.10979400028009,0.0,0.022037002054275945,4.205857490526476,154.4,999.546875,False
1773601458.9109342,504,0,0,0,0,106.79095999876154,0.0,0.021407999156508595,4.290010706861515,162.9,1009.234375,False
1773601459.1435971,505,0,0,0,0,106.82851599995047,0.0,0.020371000573504716,4.290010706861515,159.0,998.75,False
1773601459.3774748,506,0,0,0,0,107.68766900218907,0.0,0.02187100108130835,4.290010706861515,158.2,996.625,False
1773601459.6113102,507,0,0,0,0,107.49129699979676,0.0,0.02046299778157845,4.290010706861515,149.7,1007.109375,False
1773601459.8440142,508,0,0,0,0,106.62455100100487,0.0,0.020907998987240717,4.290010706861515,159.0,996.625,False
1773601460.323045,509,2,0,0,0,107.58424300001934,245.72962899765116,0.01438899926142767,3.5407669417301566,179.5,974.75,True
1773601460.7966862,510,1,0,0,0,106.83355199944344,241.57954700058326,0.01414800135535188,3.5407669417301566,183.7,976.875,True
1773601461.024916,511,0,0,0,0,102.73606199916685,0.0,0.019832998077617958,3.5407669417301566,162.1,1011.4375,False
1773601461.258119,512,0,0,0,0,106.79664500275976,0.0,0.018963000911753625,3.5407669417301566,154.4,1000.9375,False
1773601461.7323904,513,1,1,0,0,105.99812099826522,242.44771899975603,0.032815001759445295,2.8381851006758643,181.3,965.578125,True
1773601462.2056246,514,1,1,1,1,107.71829900113516,240.35844600075507,0.03550000110408291,2.8381851006758643,179.6,976.0,True
1773601462.677955,515,1,1,1,0,106.705348000105,240.6328740034951,0.03533400013111532,2.8381851006758643,184.2,978.140625,True
1773601463.1509168,516,1,1,1,0,106.56753199873492,241.17419200047152,0.035278000723337755,1.984156283794204,179.7,982.296875,True
1773601463.6240635,517,1,1,1,0,107.08320200137678,241.24352600119892,0.036110999644733965,1.984156283794204,181.8,984.34375,True
1773601464.1225228,518,1,1,1,0,111.95556699749432,264.22006500069983,0.03507400106173009,2.170544999836988,216.7,988.703125,True
1773601464.5986023,519,1,1,1,0,106.91283000051044,244.13334099881467,0.03603799996199086,2.170544999836988,178.5,991.171875,True
1773601465.0698645,520,1,1,1,0,106.75201499907416,239.50388499724795,0.035611003113444895,2.170544999836988,180.4,995.421875,True
1773601465.54316,521,1,1,1,0,107.26010999860591,240.49994700180832,0.035796998417936265,1.9804584377043646,179.6,997.546875,True
1773601466.0147429,522,1,1,1,0,106.7432550007652,240.2152600006957,0.0354450021404773,1.9804584377043646,182.4,1001.796875,True
1773601466.487371,523,1,1,1,0,106.88583000228391,240.73070699887467,0.03514799755066633,2.2140556123702226,182.0,1003.90625,True
1773601466.9603293,524,1,1,1,0,107.51101999994717,240.64509599702433,0.034278000384802,2.2140556123702226,181.8,1006.03125,True
1773601467.4264035,525,1,1,1,0,101.57435099972645,240.21112999980687,0.03535200085025281,2.2140556123702226,180.2,1010.28125,True
1773601467.8994052,526,1,1,1,0,106.91768199831131,240.76089300069725,0.034704000427154824,1.9968150394882735,179.7,1014.46875,True
1773601468.3721142,527,1,1,1,0,107.02164599933894,240.61600300046848,0.034907996450783685,1.9968150394882735,177.7,1016.578125,True
1773601468.8451781,528,1,1,1,0,106.68901500321226,241.1194880005496,0.03477800055406988,2.212047984355404,177.6,1016.578125,True
1773601469.3175304,529,1,1,1,0,107.1282759985479,239.87279399807448,0.037740999687230214,2.212047984355404,182.1,1020.828125,True
1773601469.7915704,530,1,1,1,0,106.73377399871242,242.0845679989725,0.035536999348551035,2.212047984355404,177.2,1024.78125,True
1773601470.264222,531,1,1,1,0,106.58043899820768,240.99139400277636,0.03538899909472093,1.9822836199338814,182.0,1028.671875,True
1773601470.7395365,532,1,1,1,0,109.04656700222404,240.99331999968854,0.03400000059627928,1.9822836199338814,178.8,1030.796875,True
1773601471.2122087,533,1,1,1,0,106.5485319995787,240.81928200030234,0.033945001632673666,2.2089855764504303,179.8,1036.765625,True
1773601471.6854293,534,1,1,1,0,105.53882099702605,242.4954229973082,0.03494500197120942,2.2089855764504303,179.6,1038.875,True
1773601472.1582968,535,1,1,1,0,107.1003680008289,241.0543760015571,0.034462998883100227,2.2089855764504303,181.9,1041.0,True
1773601472.6306324,536,1,1,1,0,106.61371700189193,240.54898399845115,0.034111999411834404,1.9827694975338905,177.8,1045.25,True
1773601473.102739,537,1,1,1,0,106.86738599906676,240.46348400224815,0.034722001146292314,1.9827694975338905,182.2,1047.359375,True
1773601473.599637,538,1,1,1,0,112.17856899747858,262.630129000172,0.034685999708017334,2.175909779782487,215.3,1049.5,True
1773601474.0726922,539,1,1,1,0,106.64669900143053,241.3348779991793,0.03490800008876249,2.175909779782487,181.8,1053.75,True
1773601474.5455472,540,1,1,1,0,106.57303200059687,240.9519309985626,0.034222000977024436,2.175909779782487,181.9,1057.9375,True
1773601475.0188787,541,1,1,1,0,107.44359299860662,240.96558000019286,0.035574001230997965,1.983701155372513,177.5,1060.0625,True
1773601475.490827,542,1,1,1,0,106.94997899918235,240.3112969986978,0.03479599763522856,1.983701155372513,182.2,1060.0625,True
1773601475.9638207,543,1,1,1,0,107.86448399812798,240.24059400107944,0.03685200135805644,2.212451708327795,181.8,1064.296875,True
1773601476.4358034,544,1,1,1,0,106.70455199942808,240.45839099926525,0.038352001865860075,2.212451708327795,182.2,1068.4375,True
1773601476.9072633,545,1,1,1,0,105.832064000424,240.4820390001987,0.03807399843935855,2.212451708327795,180.3,1072.75,True
1773601477.3797305,546,1,1,1,0,106.98005300218938,240.2997970020806,0.03924099655705504,1.987732305891441,182.0,1073.125,True
1773601477.851551,547,1,0,1,0,106.01626900097472,240.38190899955225,0.022332998923957348,1.987732305891441,180.2,1077.390625,True
1773601478.3223007,548,1,0,1,0,104.62592600015341,241.03793199901702,0.022536998585565016,2.2184404235359083,182.7,1079.4375,True
1773601478.7946694,549,1,0,1,0,106.74545900110388,240.58955800137483,0.021500000002561137,2.2184404235359083,182.1,1081.625,True
1773601479.2673936,550,2,0,1,0,106.34773399942787,241.0548199986806,0.020685001800302416,2.2184404235359083,181.9,1085.9375,True
1773601479.499334,551,0,0,1,0,106.56001300230855,0.0,0.02818499706336297,1.9850126787399442,159.5,1120.484375,False
1773601479.7305777,552,0,0,1,0,105.6664890020329,0.0,0.02770400169538334,1.9850126787399442,164.3,1122.609375,False
1773601479.9628842,553,0,0,1,0,106.35288200137438,0.0,0.027500002033775672,1.9850126787399442,155.0,1126.859375,False
1773601480.1949735,554,0,0,1,0,106.4505679969443,0.0,0.027869999030372128,1.9850126787399442,155.1,1131.109375,False
1773601480.4274476,555,0,0,1,0,106.79936700034887,0.0,0.029241000447655097,4.555463912240798,163.5,1133.234375,False
1773601480.6593583,556,0,0,1,0,106.21319599886192,0.0,0.027591999241849408,4.555463912240798,159.5,1133.234375,False
1773601480.8913167,557,0,0,1,0,106.92627499884111,0.0,0.02931500057457015,4.555463912240798,163.8,1137.46875,False
1773601481.1259198,558,0,0,1,0,111.6662880012882,0.0,0.028889000532217324,4.555463912240798,196.1,1141.609375,False
1773601481.3784926,559,0,0,1,0,125.18828400061466,0.0,0.02825900082825683,4.555463912240798,209.8,1145.859375,False
1773601481.6108572,560,0,0,1,0,106.68968100071652,0.0,0.028982001822441816,3.943651430551305,159.2,1147.96875,False
1773601481.8429995,561,0,0,1,0,106.34693700194475,0.0,0.02933400173787959,3.943651430551305,159.4,1152.234375,False
1773601482.0745783,562,0,0,0,0,106.3817710019066,0.0,0.02770300125121139,3.943651430551305,164.1,1154.34375,False
1773601482.306734,563,0,0,0,0,106.73781000150484,0.0,0.0276850005320739,3.943651430551305,159.4,1156.46875,False
1773601482.5381103,564,0,0,0,0,105.62880400175345,0.0,0.027500998839968815,4.5604864340255045,155.6,1160.71875,False
1773601482.7735438,565,0,0,0,0,109.59534799985704,0.0,0.02811099693644792,4.5604864340255045,161.4,1162.828125,False
1773601483.0054379,566,0,0,0,0,105.12365199974738,0.0,0.028851998649770394,4.5604864340255045,150.9,1164.953125,False
1773601483.237545,567,0,0,0,0,106.60929100049543,0.0,0.02825900082825683,4.5604864340255045,146.5,1169.203125,False
1773601483.4668705,568,0,0,0,0,104.16857200107188,0.0,0.027759000658988953,4.5604864340255045,161.3,1173.453125,False
1773601483.6980107,569,0,0,0,0,105.37267199833877,0.0,0.029610997444251552,4.310747639538263,155.7,1175.578125,False
1773601483.9282968,570,0,0,0,0,104.74624200287508,0.0,0.02870399839594029,4.310747639538263,152.0,1175.578125,False
1773601485.4975739,571,0,0,0,0,104.8974100012856,0.0,0.029055998311378062,1.1113581500116123,108.3,1179.8125,False
1773601485.718178,572,0,0,0,0,102.63531999953557,0.0,0.029537000955315307,1.1113581500116123,154.1,1101.40625,False
1773601485.9421334,573,0,0,0,0,106.24340000140364,0.0,0.02925999797298573,1.1113581500116123,151.8,1101.40625,False
1773601486.163474,574,0,0,0,0,104.0759600000456,0.0,0.028963000659132376,1.1113581500116123,153.6,1101.40625,False
1773601486.386602,575,0,0,0,0,106.16552899955423,0.0,0.027740999939851463,1.1113581500116123,156.9,1101.40625,False
1773601486.609315,576,0,0,0,0,105.55291499986197,0.0,0.028296999516896904,4.497599631124908,157.2,1101.40625,False
1773601486.8323941,577,0,0,0,0,106.34380799820065,0.0,0.02903800123021938,4.497599631124908,152.4,1101.40625,False
1773601487.0549164,578,0,0,0,0,107.93767100039986,0.0,0.022054999135434628,4.497599631124908,193.2,1101.40625,False
1773601487.298863,579,0,0,0,0,125.86297400048352,0.0,0.02012899858527817,4.497599631124908,209.1,1101.40625,False
1773601487.5188327,580,0,0,0,0,102.70130299977609,0.0,0.026370998966740444,4.497599631124908,154.6,1101.40625,False
1773601487.7421632,581,0,0,0,0,106.34447399934288,0.0,0.022889002138981596,4.41366955607427,161.2,1101.40625,False
1773601487.964399,582,0,0,0,0,105.24476400314597,0.0,0.02131500150426291,4.41366955607427,148.5,1101.40625,False
1773601488.1876001,583,0,0,0,0,106.33838200010359,0.0,0.020332998246885836,4.41366955607427,152.3,1101.40625,False
1773601488.4060657,584,0,0,0,0,101.18366399910883,0.0,0.019259998225606978,4.41366955607427,160.2,1101.40625,False
1773601488.6273215,585,0,0,0,0,103.26288000214845,0.0,0.021111998648848385,4.41366955607427,153.7,1101.40625,False
1773601488.8471494,586,0,0,0,0,102.77904399845283,0.0,0.020612002117559314,4.524962952797938,159.2,1101.40625,False
1773601489.0693045,587,0,0,0,0,104.64514900013455,0.0,0.021314997866284102,4.524962952797938,157.5,1101.40625,False
1773601489.292575,588,0,0,0,0,105.40944999956992,0.0,0.021463001758093014,4.524962952797938,152.3,1101.40625,False
1773601489.5141034,589,0,0,0,0,104.16983100003563,0.0,0.01931399674504064,4.524962952797938,162.5,1101.40625,False
1773601489.7366354,590,0,0,0,0,104.96389199761325,0.0,0.019185001292498782,4.524962952797938,157.3,1101.40625,False
1773601489.959588,591,0,0,0,0,105.58382199815242,0.0,0.02053700154647231,4.494670226136038,152.5,1101.40625,False
1773601490.186492,592,0,0,0,0,106.35703099978855,0.0,0.021667001419700682,4.494670226136038,158.6,1032.078125,False
1773601490.4114854,593,0,0,0,0,103.4638269993593,0.0,0.021519001165870577,4.494670226136038,168.9,1064.515625,False
1773601490.6383986,594,0,0,0,0,104.86896600195905,0.0,0.02044400025624782,4.494670226136038,158.6,1032.078125,False
1773601490.8659906,595,0,0,0,0,102.73945100198034,0.0,0.020926003344357014,4.494670226136038,167.0,1032.078125,False
1773601491.090184,596,0,0,0,0,102.49546799968812,0.0,0.02051800038316287,4.422401753143273,165.0,1064.515625,False
1773601491.3152332,597,0,0,0,0,103.04632300176308,0.0,0.021241001377347857,4.422401753143273,155.5,1032.078125,False
1773601491.5464962,598,0,0,0,0,109.15269700126373,0.0,0.02129700078512542,4.422401753143273,194.6,1032.078125,False
1773601491.7953706,599,0,0,0,0,125.86856599955354,0.0,0.021388997993199155,4.422401753143273,208.9,1064.515625,False
1773601492.023477,600,0,0,0,0,105.72091499852831,0.0,0.02072300048894249,4.422401753143273,153.4,1032.078125,False
1773601492.253695,601,0,0,0,0,105.20431999975699,0.0,0.01964799957931973,4.297327264370567,156.4,1032.078125,False
1773601492.4779377,602,0,0,0,0,103.03165600271313,0.0,0.020612002117559314,4.297327264370567,160.5,1064.515625,False
1773601492.7073746,603,0,0,0,0,106.75934799655806,0.0,0.02127799962181598,4.297327264370567,156.9,1032.078125,False
1773601492.9391675,604,0,0,0,0,106.17888200067682,0.0,0.019518000044627115,4.297327264370567,159.6,1032.078125,False
1773601493.167266,605,0,0,0,0,106.47949399935897,0.0,0.02214900086983107,4.297327264370567,157.8,1064.515625,False
1773601493.3959844,606,0,0,0,0,105.35554200032493,0.0,0.02049999966402538,4.3772201511189905,153.0,1032.078125,False
1773601493.6276186,607,0,0,0,0,106.00867699758965,0.0,0.020649000362027436,4.3772201511189905,151.1,1032.078125,False
1773601493.8552716,608,0,0,0,0,106.08704799960833,0.0,0.021777999791083857,4.3772201511189905,158.1,1064.515625,False
1773601494.0836675,609,0,0,0,0,106.19649200089043,0.0,0.021444997400976717,4.3772201511189905,157.6,1032.078125,False
1773601494.3123531,610,0,0,0,0,102.99006400236976,0.0,0.021759002265753224,4.3772201511189905,148.7,1032.078125,False
1773601494.5403452,611,0,0,0,0,106.38480899797287,0.0,0.021592997654806823,4.369279669050533,157.9,1064.515625,False
1773601494.7706475,612,0,0,0,0,107.862243999989,0.0,0.02044499706244096,4.369279669050533,152.0,1009.828125,False
1773601495.0025766,613,0,0,0,0,106.82544099836377,0.0,0.021184998331591487,4.369279669050533,163.8,1011.953125,False
1773601495.47304,614,1,0,0,0,104.72605699760607,244.03954400258954,0.013869997928850353,4.369279669050533,180.7,998.546875,True
1773601495.7051156,615,0,0,0,0,106.91870099981315,0.0,0.019556002371245995,3.434113942666981,150.8,1030.984375,False
1773601496.1776395,616,1,1,0,0,108.28652499913005,242.00865999955568,0.03318499875604175,3.434113942666981,179.9,966.109375,True
1773601496.6507535,617,1,1,1,1,108.19159799939371,240.2097970007162,0.03629699858720414,3.434113942666981,177.5,998.5,True
1773601497.1447573,618,1,1,1,0,112.9940560022078,262.19049700011965,0.06072200267226435,1.9866227658330387,216.6,978.671875,True
1773601497.6167479,619,1,1,1,0,106.94323799907579,239.68512599822134,0.065464002545923,1.9866227658330387,182.2,1000.625,True
1773601498.0877998,620,1,1,1,0,108.12393100059126,241.00978300339193,0.034278000384802,2.1803018066152515,178.3,980.796875,True
1773601498.5614254,621,1,1,1,0,107.76072499720613,240.6503550009802,0.03513000046950765,2.1803018066152515,179.5,1002.6875,True
1773601499.0319695,622,1,1,1,0,107.82570700030192,241.35326699979487,0.03492600080789998,2.1803018066152515,178.5,984.96875,True
1773601499.503181,623,1,1,1,0,105.94456500257365,240.41448400021181,0.03403700247872621,1.9866486425551546,182.5,1021.625,True
1773601499.9726915,624,1,1,1,0,106.9830339984037,241.13591400237055,0.03812900104094297,1.9866486425551546,178.9,993.4375,True
1773601500.4449694,625,1,1,1,0,106.25112200068543,240.92948700126726,0.03450100120971911,2.2214824487005744,180.0,1027.984375,True
1773601500.9138138,626,1,1,1,0,105.48778399970615,241.7765110003529,0.03509299858706072,2.2214824487005744,179.2,999.796875,True
1773601501.3882456,627,1,1,1,0,107.27935099930619,242.17038300048443,0.03463000030023977,2.2214824487005744,179.2,1036.484375,True
1773601501.8581045,628,1,1,1,0,105.59510000166483,242.75472099907347,0.03448200004640967,1.9883721371223124,183.0,1006.171875,True
1773601502.3316717,629,1,1,1,0,107.20838700217428,241.20680399937555,0.035260000004200265,1.9883721371223124,179.5,1042.859375,True
1773601502.8040984,630,1,1,1,0,107.53050100174733,242.79373999888776,0.035536999348551035,2.216852815130307,179.9,1012.546875,True
1773601503.277102,631,1,1,1,0,106.87958999915281,240.82976399949985,0.03459300205577165,2.216852815130307,181.8,1049.296875,True
1773601503.7443569,632,1,1,1,0,103.0960829994001,242.74905399943236,0.034889999369625,2.216852815130307,177.6,1021.125,True
1773601504.2139585,633,1,1,1,0,103.87260700008483,240.2043340007367,0.03357400055392645,1.993533605408292,181.0,1055.71875,True
1773601504.6832495,634,1,1,1,0,106.60904999895138,241.03922799986321,0.03561099947546609,1.993533605408292,181.1,1027.546875,True
1773601505.1523097,635,1,1,1,0,103.71747599856462,240.2893350008526,0.033906999306054786,2.2305310661633713,183.3,1064.28125,True
1773601505.6218867,636,1,1,1,0,107.09107300135656,240.7862820000446,0.0352040005964227,2.2305310661633713,178.9,1033.96875,True
1773601506.0910351,637,1,1,1,0,103.9587000013853,240.35270500098704,0.035278000723337755,2.2305310661633713,181.2,1070.65625,True
1773601506.5873823,638,1,1,1,0,111.60895400098525,266.0995029982587,0.034814998798538,2.090494471938367,215.6,1042.46875,True
1773601507.0594437,639,1,1,1,0,105.62713699982851,240.35925999851315,0.03592600114643574,2.090494471938367,180.1,1079.078125,True
1773601507.5290198,640,1,1,1,0,106.35351200107834,240.8270409978286,0.03679699875647202,2.090494471938367,174.6,1048.765625,True
1773601507.9988813,641,1,1,1,0,104.51931500210776,239.8566279989609,0.034980999771505594,1.991935951125595,180.9,1083.328125,True
1773601508.465385,642,1,1,1,0,102.85482199833496,241.44491599872708,0.03435200051171705,1.991935951125595,180.1,1055.140625,True
1773601508.9357157,643,1,1,1,0,105.46346899718628,239.89849800273078,0.03394499799469486,2.2316597098626993,178.6,1089.6875,True
1773601509.405604,644,1,0,1,0,106.93296099998406,241.63930600116146,0.021815001673530787,2.2316597098626993,176.6,1061.53125,True
1773601509.8746881,645,1,0,1,0,103.23160299958545,240.8011900006386,0.021370000467868522,2.2316597098626993,181.2,1098.21875,True
1773601510.3417032,646,1,0,1,0,105.11444800067693,240.19342699830304,0.022075000742916018,1.9968744562137024,179.9,1070.03125,True
1773601510.8139338,647,1,0,1,0,106.78945900144754,239.93161000180407,0.02099999983329326,1.9968744562137024,175.8,1104.578125,True
1773601511.0398903,648,0,0,1,0,103.56219800087274,0.0,0.02694400245673023,2.720871999840851,154.9,1108.828125,False
1773601511.2717261,649,0,0,1,0,106.46023500157753,0.0,0.027703998057404533,2.720871999840851,155.3,1110.953125,False
1773601511.4954348,650,0,0,1,0,101.84750100233941,0.0,0.029945000278530642,2.720871999840851,160.9,1127.0,False
1773601511.7274961,651,0,0,1,0,106.09813900009613,0.0,0.030073999369051307,2.720871999840851,150.8,1127.0,False
1773601511.957553,652,0,0,1,0,104.56822299966007,0.0,0.027795998903457075,2.720871999840851,156.5,1127.015625,False
1773601512.1870759,653,0,0,1,0,102.7433410017693,0.0,0.02936999953817576,4.358510898085366,156.8,1127.015625,False
1773601512.4175496,654,0,0,1,0,104.62155600180267,0.0,0.029481998353730887,4.358510898085366,160.5,1127.015625,False
1773601512.6472263,655,0,0,1,0,104.28468399913982,0.0,0.028704002033919096,4.358510898085366,156.7,1127.015625,False
1773601512.8781571,656,0,0,1,0,105.14389300078619,0.0,0.029000002541579306,4.358510898085366,164.6,1132.140625,False
1773601513.1107407,657,0,0,1,0,104.4672409989289,0.0,0.02820299778250046,4.358510898085366,159.1,1136.390625,False
1773601513.3458045,658,0,0,1,0,112.44769999757409,0.0,0.030203998903743923,4.315073411630019,199.9,1125.890625,False
1773601513.5990505,659,0,0,0,0,125.66315699950792,0.0,0.02940800186479464,4.315073411630019,205.3,1140.640625,False
1773601513.829885,660,0,0,0,0,105.10661499938578,0.0,0.029443999665090814,4.315073411630019,160.3,1144.890625,False
1773601514.062166,661,0,0,0,0,106.54056899875286,0.0,0.027796002541435882,4.315073411630019,155.0,1149.125,False
1773601514.2942667,662,0,0,0,0,106.67569900033413,0.0,0.02877799852285534,4.315073411630019,163.7,1151.25,False
1773601514.5265093,663,0,0,0,0,106.48443800164387,0.0,0.02874100027838722,3.952642407676467,167.9,1155.5,False
1773601514.7597387,664,0,0,0,0,106.65881000022637,0.0,0.027721998776542023,3.952642407676467,158.6,1157.609375,False
1773601514.9915264,665,0,0,0,0,106.15589900044142,0.0,0.028629998269025236,3.952642407676467,155.3,1159.734375,False
1773601515.2224047,666,0,0,0,0,104.70989000168629,0.0,0.028092003049096093,3.952642407676467,160.3,1163.984375,False
1773601515.454703,667,0,0,0,0,106.5261610019661,0.0,0.027667003450915217,4.558278925584807,150.7,1166.109375,False
1773601516.9164498,668,0,0,0,0,104.81627999979537,0.0,0.02874100027838722,0.6841002263043079,108.8,1168.234375,False
1773601517.1375098,669,0,0,0,0,102.54546799842501,0.0,0.0312409974867478,0.6841002263043079,158.3,1087.0,False
1773601517.3582306,670,0,0,0,0,103.17628800112288,0.0,0.02896399746532552,0.6841002263043079,154.0,1087.0,False
1773601517.5825133,671,0,0,0,0,106.19838200000231,0.0,0.029684997571166605,0.6841002263043079,142.7,1087.0,False
1773601517.804611,672,0,0,0,0,104.51585099872318,0.0,0.029351998819038272,0.6841002263043079,148.6,1087.0,False
1773601518.0257497,673,0,0,0,0,103.08678599903942,0.0,0.029797000024700537,4.5074190781330365,149.2,1087.0,False
1773601518.248649,674,0,0,0,0,105.4833950001921,0.0,0.02881500040530227,4.5074190781330365,161.5,1087.0,False
1773601518.471785,675,0,0,0,0,105.3014120006992,0.0,0.02153699824702926,4.5074190781330365,152.4,1087.0,False
1773601518.6949854,676,0,0,0,0,103.26919599901885,0.0,0.021351999748731032,4.5074190781330365,152.3,1087.0,False
1773601518.9169822,677,0,0,0,0,104.99939199871733,0.0,0.021425999875646085,4.5074190781330365,153.2,1087.0,False
1773601519.1388843,678,0,0,0,0,107.49377899992396,0.0,0.022259999241214246,4.491862008519997,193.8,1087.0,False
1773601519.3811982,679,0,0,0,0,117.75803100317717,0.0,0.019038001482840627,4.491862008519997,189.8,1087.0,False
1773601519.6025636,680,0,0,0,0,101.5330919981352,0.0,0.020592997316271067,4.491862008519997,149.1,1087.0,False
1773601519.8258402,681,0,0,0,0,105.65898899949389,0.0,0.021092997485538945,4.491862008519997,152.3,1087.0,False
1773601520.0453546,682,0,0,0,0,101.1956080001255,0.0,0.02131500150426291,4.491862008519997,150.3,1087.0,False
1773601520.2636974,683,0,0,0,0,101.2057010011631,0.0,0.021777999791083857,4.445174537291294,151.1,1087.0,False
1773601520.4872859,684,0,0,0,0,106.3253629981773,0.0,0.019481998606352136,4.445174537291294,152.1,1087.0,False
1773601520.7071283,685,0,0,0,0,102.20852199927322,0.0,0.020944000425515696,4.445174537291294,150.1,1087.0,False
1773601520.931325,686,0,0,0,0,106.31273399849306,0.0,0.021184998331591487,4.445174537291294,151.6,1087.0,False
1773601521.1533878,687,0,0,0,0,103.84168099699309,0.0,0.020554998627630994,4.445174537291294,144.1,1087.0,False
1773601521.3727038,688,0,0,0,0,101.29475699795876,0.0,0.021184998331591487,4.508680785102868,150.5,1087.0,False
1773601521.5971649,689,0,0,0,0,106.56514299989794,0.0,0.020555999071802944,4.508680785102868,147.0,1087.0,False
1773601521.8240545,690,0,0,0,0,107.36868499952834,0.0,0.020889001461910084,4.508680785102868,158.7,1011.5,False
1773601522.0561697,691,0,0,0,0,106.42145699966932,0.0,0.02074099757010117,4.508680785102868,155.1,1011.5,False
1773601522.2839055,692,0,0,0,0,106.46019799969508,0.0,0.02122299702023156,4.508680785102868,153.7,1043.9375,False
1773601522.512442,693,0,0,0,0,106.206751002901,0.0,0.021740997908636928,4.386878306524135,148.8,1011.5,False
1773601522.7490807,694,0,0,0,0,110.81252199801384,0.0,0.022371001250576228,4.386878306524135,152.1,1011.5,False
1773601522.976927,695,0,0,0,0,106.34430899881409,0.0,0.020037001377204433,4.386878306524135,162.4,1043.9375,False
1773601523.206001,696,0,0,0,0,106.73280999981216,0.0,0.020204002794343978,4.386878306524135,148.4,1011.5,False
1773601523.4372036,697,0,0,0,0,106.55051299909246,0.0,0.020611001673387364,4.386878306524135,160.0,1011.5,False
1773601523.6681836,698,0,0,0,0,112.23897599847987,0.0,0.021945001208223403,4.326234243757069,190.5,1043.9375,False
1773601523.9151037,699,0,0,0,0,123.85655199977919,0.0,0.020593000954249874,4.326234243757069,206.5,1011.5,False
1773601524.1471267,700,0,0,0,0,106.63766200013924,0.0,0.02101800055243075,4.326234243757069,150.8,1011.5,False
1773601524.3748891,701,0,0,0,0,106.0655469991616,0.0,0.0215559994103387,4.326234243757069,158.1,1043.9375,False
1773601524.603771,702,0,0,0,0,106.20488099812064,0.0,0.019741000869544223,4.326234243757069,152.9,1011.5,False
1773601524.8341703,703,0,0,0,0,105.5566179966263,0.0,0.01964900002349168,4.288213298304898,156.2,1011.5,False
1773601525.061719,704,0,0,0,0,106.1100480001187,0.0,0.021926000044913962,4.288213298304898,158.2,1043.9375,False
1773601525.2901344,705,0,0,0,0,106.02927000218187,0.0,0.02185199991799891,4.288213298304898,157.6,1011.5,False
1773601525.5216534,706,0,0,0,0,106.11219500060542,0.0,0.019721999706234783,4.288213298304898,155.5,1011.5,False
1773601525.7496314,707,0,0,0,0,106.71310599718709,0.0,0.020759998733410612,4.288213298304898,157.9,1043.9375,False
1773601525.9793549,708,0,0,0,0,106.22910299935029,0.0,0.021222000214038417,4.366106810091659,148.0,1011.5,False
1773601526.2109792,709,0,0,0,0,106.34790000040084,0.0,0.019463001081021503,4.366106810091659,159.7,1011.5,False
1773601526.439478,710,0,0,0,0,106.11886200058507,0.0,0.02016599682974629,4.366106810091659,153.2,1043.9375,False
1773601526.6689374,711,0,0,0,0,106.93362699748832,0.0,0.021777999791083857,4.366106810091659,156.9,1011.5,False
1773601526.9011948,712,0,0,0,0,106.20410399860702,0.0,0.020333998691057786,4.366106810091659,150.7,1011.5,False
1773601527.1293037,713,0,0,0,0,106.33241899995483,0.0,0.019314000383019447,4.347999702275869,157.8,1043.9375,False
1773601527.3575807,714,0,0,0,0,105.85126799924183,0.0,0.02072200004477054,4.347999702275869,157.7,1002.015625,False
1773601527.5908742,715,0,0,0,0,108.01996699956362,0.0,0.023407999833580106,4.347999702275869,154.3,1002.03125,False
1773601527.8187296,716,0,0,0,0,106.24490000191145,0.0,0.021036998077761382,4.347999702275869,162.4,1034.46875,False
1773601528.0491087,717,0,0,0,0,107.72983499919064,0.0,0.02129600034095347,4.347999702275869,151.9,1002.03125,False
1773601528.2843986,718,0,0,0,0,113.10533399955602,0.0,0.02272200072184205,4.3287372644858735,195.5,1002.03125,False
1773601528.5295527,719,0,0,0,0,123.07777000023634,0.0,0.01994400008697994,4.3287372644858735,203.9,1034.46875,False
1773601528.7602787,720,0,0,0,0,107.84707700076979,0.0,0.020314997527748346,4.3287372644858735,147.4,999.90625,False
1773601528.9935737,721,0,0,0,0,108.10630099877017,0.0,0.020130002667428926,4.3287372644858735,154.3,999.90625,False
1773601529.2212002,722,0,0,0,0,106.38729000129388,0.0,0.02014799974858761,4.3287372644858735,153.8,1032.34375,False
1773601529.451255,723,0,0,0,0,107.85194799973397,0.0,0.020351999410195276,3.9988749808127024,152.1,999.90625,False
1773601529.6830623,724,0,0,0,0,106.50660499959486,0.0,0.01992599936784245,3.9988749808127024,163.9,999.90625,False
1773601529.9110024,725,0,0,0,0,106.4151970022067,0.0,0.020889001461910084,3.9988749808127024,153.5,1032.34375,False
1773601530.1370935,726,0,0,0,0,103.36915900188615,0.0,0.020963001588825136,3.9988749808127024,150.4,999.90625,False
1773601530.3700936,727,0,0,0,0,107.9618380026659,0.0,0.019666997104650363,4.60648489832641,150.2,999.90625,False
1773601530.5979767,728,0,0,0,0,106.2837160025083,0.0,0.02037099693552591,4.60648489832641,162.4,1032.34375,False
1773601530.8284314,729,0,0,0,0,108.02339300062158,0.0,0.02079600017168559,4.60648489832641,151.9,999.90625,False
1773601531.059451,730,0,0,0,0,105.26772700177389,0.0,0.01966600029845722,4.60648489832641,151.5,999.90625,False
1773601531.2853403,731,0,0,0,0,104.38485099803074,0.0,0.02094499723170884,4.60648489832641,159.4,1032.34375,False
1773601531.5157156,732,0,0,0,0,108.07143099737004,0.0,0.021223000658210367,4.364480325258207,151.9,999.90625,False
1773601531.9952295,733,2,0,0,0,107.93737399944803,246.32807799935108,0.014332999853650108,4.364480325258207,179.3,967.484375,True
1773601532.461991,734,2,0,0,0,106.18143699684879,239.83714600035455,0.014166998880682513,4.364480325258207,182.1,999.9375,True
1773601532.932296,735,2,0,0,0,108.44558100143331,239.8027759991237,0.014555000234395266,1.9817605253316457,176.5,967.5,True
1773601533.40516,736,1,0,0,0,107.84167000019806,239.75116399742546,0.014574001397704706,1.9817605253316457,179.8,999.984375,True
1773601533.8752277,737,1,0,0,0,107.66131700074766,241.13959900205373,0.015278001228580251,2.2216950399865527,178.7,967.484375,True
1773601534.405496,738,1,1,0,0,113.2633529996383,294.86289600026794,0.03237100099795498,2.2216950399865527,211.2,999.9375,True
1773601534.8770633,739,1,1,1,1,107.52161199707189,242.32747700079926,0.03614799788920209,1.9962870989658754,178.1,978.25,True
1773601535.3475554,740,1,1,1,0,104.43786999894655,240.19735200272407,0.03425999966566451,1.9962870989658754,178.5,1012.8125,True
1773601535.8147578,741,1,1,1,0,103.96055200180854,241.60260200005723,0.03514800118864514,1.9962870989658754,181.9,982.5,True
1773601536.287032,742,1,1,1,0,106.871719002811,240.77385600321577,0.035260000004200265,1.9998021321571242,177.9,1019.125,True
1773601536.7567065,743,1,1,1,0,106.90457099917694,241.28761899919482,0.03548099994077347,1.9998021321571242,178.9,976.1875,True
1773601537.229129,744,1,1,1,0,105.32011599934776,241.74465900068753,0.03475899939076044,2.219018264042976,177.8,1020.90625,True
1773601537.699106,745,1,1,1,0,107.58696500124643,241.1772099985683,0.03570399712771177,2.219018264042976,180.9,980.09375,True
1773601538.172326,746,1,0,1,0,108.13393100033863,239.95651800214546,0.02157400012947619,2.219018264042976,181.7,1027.296875,True
1773601538.6404533,747,1,1,1,0,105.29691199917579,241.2794699994265,0.03533400013111532,1.9883297202460724,177.3,988.625,True
1773601539.1122057,748,1,1,1,0,105.70200699658017,240.76685600084602,0.03488899892545305,1.9883297202460724,184.4,1035.796875,True
1773601539.5814278,749,1,1,1,0,106.77086699797655,240.14951800199924,0.03490800008876249,2.2281245003152828,174.8,1005.484375,True
1773601540.0508487,750,1,1,1,0,104.3896279988985,240.16699999992852,0.03355599983478896,2.2281245003152828,181.1,1040.15625,True
1773601540.5202603,751,1,1,1,0,106.6877730008855,240.87533799684024,0.034666998544707894,2.2281245003152828,181.1,1011.96875,True
1773601540.9908454,752,1,1,1,0,105.49559900027816,240.0004250011989,0.03312999979243614,1.9970969438394097,182.7,1046.515625,True
1773601541.4581008,753,1,1,1,0,105.23841200119932,240.13173999992432,0.033796997740864754,1.9970969438394097,177.6,1018.328125,True
1773601541.9289541,754,1,1,1,0,105.93626899935771,239.7329980012728,0.03536999793141149,2.2287034498296445,180.5,1054.984375,True
1773601542.398054,755,1,1,1,0,106.76071800116915,240.1268700014043,0.035518998629413545,2.2287034498296445,179.1,1024.71875,True
1773601542.8694773,756,1,1,1,0,105.92080500282464,240.49542800275958,0.03370400008861907,2.2287034498296445,180.3,1059.21875,True
1773601543.3400168,757,1,1,1,0,106.89762699985295,241.53069500243873,0.03544400169630535,1.992676470804821,178.5,1031.03125,True
1773601543.837719,758,1,1,1,0,115.45953400127473,259.93029700111947,0.03385200034244917,1.992676470804821,213.0,1065.59375,True
1773601544.3069675,759,1,0,1,0,106.89742300019134,240.62544700063881,0.02151799708371982,2.1829018415923516,174.8,1037.421875,True
1773601544.7793913,760,1,1,1,0,106.34293800103478,240.9335980009928,0.03457400089246221,2.1829018415923516,182.0,1072.09375,True
1773601545.2465498,761,1,1,1,0,105.02263300077175,240.53557600200293,0.03424099850235507,2.1829018415923516,182.0,1041.765625,True
1773601545.7179923,762,2,0,1,0,106.18101100044441,240.8182270010002,0.020870000298600644,1.9961939899117174,180.3,1078.46875,True
1773601546.1855924,763,1,0,1,0,104.9671139990096,241.12307999894256,0.021314997866284102,1.9961939899117174,181.8,1050.203125,True
1773601546.4164484,764,0,0,1,0,105.90750900155399,0.0,0.027278001653030515,2.7086471522734024,160.3,1084.765625,False
1773601546.6490488,765,0,0,1,0,106.94896000131848,0.0,0.029537000955315307,2.7086471522734024,163.4,1084.765625,False
1773601546.8821943,766,0,0,1,0,107.17849899810972,0.0,0.028130001737736166,2.7086471522734024,158.7,1089.0,False
1773601547.112985,767,0,0,1,0,105.24920899842982,0.0,0.026926001737592742,2.7086471522734024,164.6,1092.640625,False
1773601547.3458786,768,0,0,1,0,106.81573799956823,0.0,0.02874100027838722,2.7086471522734024,158.9,1096.890625,False
1773601547.578519,769,0,0,1,0,106.93875699871569,0.0,0.027999998565064743,4.302671073661232,159.0,1099.0,False
1773601547.8111703,770,0,0,1,0,107.01649800103041,0.0,0.027240999770583585,4.302671073661232,159.0,1103.25,False
1773601548.044163,771,0,0,1,0,106.95627499808325,0.0,0.02931500057457015,4.302671073661232,154.5,1105.375,False
1773601548.2763636,772,0,0,1,0,107.05118300029426,0.0,0.02911200135713443,4.302671073661232,159.3,1107.5,False
1773601548.5072603,773,0,0,1,0,105.17650399924605,0.0,0.02849999873433262,4.302671073661232,164.6,1111.75,False
1773601548.7400565,774,0,0,1,0,107.15655400053947,0.0,0.02905500150518492,4.304652033005277,158.9,1113.859375,False
1773601548.970323,775,0,0,1,0,104.55687099965871,0.0,0.028851998649770394,4.304652033005277,160.7,1115.984375,False
1773601549.2026405,776,0,0,1,0,106.8700899995747,0.0,0.028907001251354814,4.304652033005277,163.6,1120.234375,False
1773601549.431297,777,0,0,0,0,103.56525300085195,0.0,0.027499998395796865,4.304652033005277,157.4,1124.484375,False
1773601549.664176,778,0,0,0,0,110.10883299968555,0.0,0.03759299943340011,4.304652033005277,193.3,1126.609375,False
1773601549.9167364,779,0,0,0,0,125.7026200000837,0.0,0.02844499977072701,4.249259675381712,205.9,1126.609375,False
1773601550.14962,780,0,0,0,0,107.22860999885597,0.0,0.02768600097624585,4.249259675381712,154.6,1130.84375,False
1773601550.3818562,781,0,0,0,0,106.82420000011916,0.0,0.028685000870609656,4.249259675381712,155.0,1134.984375,False
1773601550.6131945,782,0,0,0,0,106.03628699755063,0.0,0.027518999559106305,4.249259675381712,155.6,1139.234375,False
1773601550.845681,783,0,0,0,0,106.90471900306875,0.0,0.02850099917850457,4.249259675381712,167.8,1141.34375,False
1773601551.0781186,784,0,0,0,0,106.49203099819715,0.0,0.027240999770583585,4.305194619902681,154.9,1145.59375,False
1773601551.3110173,785,0,0,0,0,106.94590500133927,0.0,0.02855600178008899,4.305194619902681,150.3,1147.71875,False
1773601552.7153385,786,0,0,0,0,105.87991599822999,0.0,0.02824100010911934,1.2216100375630967,109.7,1149.84375,False
1773601552.9362948,787,0,0,0,0,101.98531700007152,0.0,0.03146299786749296,1.2216100375630967,153.9,1071.234375,False
1773601553.1581013,788,0,0,0,0,104.17988599874661,0.0,0.027945003239437938,1.2216100375630967,153.3,1071.234375,False
1773601553.3819993,789,0,0,0,0,106.7284410019056,0.0,0.028611000743694603,1.2216100375630967,156.3,1071.234375,False
1773601553.6070454,790,0,0,0,0,106.8177929992089,0.0,0.028963000659132376,1.2216100375630967,146.6,1071.234375,False
1773601553.8314712,791,0,0,0,0,106.690439999511,0.0,0.028981001378269866,4.4796256953383224,156.0,1071.234375,False
1773601554.0519474,792,0,0,0,0,103.6549010023009,0.0,0.02812999809975736,4.4796256953383224,158.7,1071.234375,False
1773601554.2748551,793,0,0,0,0,104.7777239982679,0.0,0.020851999579463154,4.4796256953383224,148.0,1071.234375,False
1773601554.4984584,794,0,0,0,0,106.7020330010564,0.0,0.021740001102443784,4.4796256953383224,156.5,1071.234375,False
1773601554.7228029,795,0,0,0,0,106.54517999864765,0.0,0.020832998416153714,4.4796256953383224,151.5,1071.234375,False
1773601554.9467053,796,0,0,0,0,106.4936980001221,0.0,0.02098199911415577,4.483392234609151,156.3,1071.234375,False
1773601555.1652024,797,0,0,0,0,101.19094100082293,0.0,0.02018599843722768,4.483392234609151,155.6,1071.234375,False
1773601555.3909953,798,0,0,0,0,111.54012000042712,0.0,0.021185998775763437,4.483392234609151,190.4,1071.25,False
1773601555.6339748,799,0,0,0,0,124.84487400070066,0.0,0.021907999325776473,4.483392234609151,205.8,1071.25,False
1773601555.8575854,800,0,0,0,0,105.97165799845243,0.0,0.021092997485538945,4.483392234609151,156.5,1071.25,False
1773601556.0765526,801,0,0,0,0,101.7008890012221,0.0,0.02053700154647231,4.4254711402960485,155.3,1071.25,False
1773601556.295278,802,0,0,0,0,101.28981200250564,0.0,0.020611998479580507,4.4254711402960485,146.3,1071.25,False
1773601556.5189142,803,0,0,0,0,106.52075300095021,0.0,0.02046299778157845,4.4254711402960485,156.5,1071.25,False
1773601556.7408829,804,0,0,0,0,104.3771660006314,0.0,0.020667001081164926,4.4254711402960485,157.7,1071.25,False
1773601556.9630098,805,0,0,0,0,104.72568700060947,0.0,0.021481999283423647,4.4254711402960485,148.6,1071.25,False
1773601557.1870182,806,0,0,0,0,106.39371599972947,0.0,0.021222000214038417,4.502608403658678,156.3,1071.25,False
1773601557.4134161,807,0,0,0,0,105.66117400230723,0.0,0.02044400025624782,4.502608403658678,150.2,1029.296875,False
1773601557.6480496,808,0,0,0,0,108.26087600071332,0.0,0.02074100120807998,4.502608403658678,157.7,999.0,False
1773601557.8815236,809,0,0,0,0,107.06958999799099,0.0,0.02066699744318612,4.502608403658678,154.2,1011.609375,False
1773601558.112688,810,0,0,0,0,104.92859499936458,0.0,0.021129999367985874,4.502608403658678,164.4,1013.734375,False
1773601558.3457282,811,0,0,0,0,106.77371800193214,0.0,0.02185199991799891,4.3150556544222205,150.2,1003.25,False
1773601558.575712,812,0,0,0,0,104.58133399879443,0.0,0.020981002307962626,4.3150556544222205,160.9,1013.734375,False
1773601558.807884,813,0,0,0,0,106.74599599951762,0.0,0.021408002794487402,4.3150556544222205,159.4,1003.25,False
1773601559.0414047,814,0,0,0,0,107.23855499963975,0.0,0.020112001948291436,4.3150556544222205,162.7,1011.609375,False
1773601559.273257,815,0,0,0,0,106.52497599949129,0.0,0.020555999071802944,4.3150556544222205,163.9,1013.734375,False
1773601559.5057142,816,0,0,0,0,106.71251399980974,0.0,0.021480998839251697,4.310406523883409,167.8,1000.8125,False
1773601559.739172,817,0,0,0,0,108.10250500071561,0.0,0.02048099850071594,4.310406523883409,158.5,1013.421875,False
1773601559.9771595,818,0,0,0,0,115.13353300324525,0.0,0.02162900273106061,4.310406523883409,189.1,1002.9375,False
1773601560.2246969,819,0,0,0,0,121.86122400089516,0.0,0.020536997908493504,4.310406523883409,214.1,1007.0625,False
1773601560.4580507,820,0,0,0,0,107.30359299850534,0.0,0.020908002625219524,4.310406523883409,150.0,998.6875,False
1773601560.6914182,821,0,0,0,0,107.66270499880193,0.0,0.021462998120114207,3.939135655304593,162.8,1007.0625,False
1773601560.9242806,822,0,0,0,0,107.14190599901485,0.0,0.02046400186372921,3.939135655304593,158.9,1000.8125,False
1773601561.15807,823,0,0,0,0,107.88550300276256,0.0,0.020351999410195276,3.939135655304593,154.0,1013.421875,False
1773601561.390812,824,0,0,0,0,106.53049400207237,0.0,0.021075000404380262,3.939135655304593,167.6,1002.9375,False
1773601561.621053,825,0,0,0,0,104.08549699786818,0.0,0.020073999621672556,4.545917045736588,152.0,1013.421875,False
1773601561.8530457,826,0,0,0,0,106.33662300097058,0.0,0.02074100120807998,4.545917045736588,155.2,1000.0,False
1773601562.0855463,827,0,0,0,0,107.00149799959036,0.0,0.020870000298600644,4.545917045736588,163.4,1000.0,False
1773601562.3199484,828,0,0,0,0,108.10285600018688,0.0,0.019869999960064888,4.545917045736588,157.8,1000.0,False
1773601562.5537436,829,0,0,0,0,108.04398600157583,0.0,0.021462998120114207,4.545917045736588,154.0,1000.0,False
1773601562.7881234,830,0,0,0,0,108.11733799710055,0.0,0.020851999579463154,4.284247491843768,162.1,1000.0,False
1773601563.021194,831,0,0,0,0,106.8948680003814,0.0,0.020851999579463154,4.284247491843768,154.5,1000.0,False
1773601563.2545643,832,0,0,0,0,107.94731899659382,0.0,0.02040699837380089,4.284247491843768,158.5,1000.0,False
1773601563.4882731,833,0,0,0,0,107.7433540012862,0.0,0.021388997993199155,4.284247491843768,158.3,1000.0,False
1773601563.7204301,834,0,0,0,0,106.25877100028447,0.0,0.021759999071946368,4.284247491843768,163.7,1000.0,False
1773601563.9515166,835,0,0,0,0,105.71760099992389,0.0,0.01964799957931973,4.297788735855162,155.8,1000.0,False
1773601564.185255,836,0,0,0,0,107.8903369998443,0.0,0.020667001081164926,4.297788735855162,158.3,1000.0,False
1773601564.4188313,837,0,0,0,0,107.96037500040256,0.0,0.021667001419700682,4.297788735855162,158.4,1000.0,False
1773601564.655157,838,0,0,0,0,113.30159499993897,0.0,0.022778000129619613,4.297788735855162,194.7,1000.0,False
1773601564.906414,839,0,0,0,0,124.75968800208648,0.0,0.021981002646498382,4.297788735855162,203.0,1000.0,False
1773601565.1412866,840,0,0,0,0,108.16182000053232,0.0,0.02074100120807998,3.925833886738448,153.3,1000.0,False
1773601565.3751678,841,0,0,0,0,108.11511599968071,0.0,0.020073999621672556,3.925833886738448,153.9,1000.0,False
1773601565.6078498,842,0,0,0,0,107.187386998703,0.0,0.020019000658066943,3.925833886738448,163.3,1006.25,False
1773601565.838299,843,0,0,0,0,104.07925700201304,0.0,0.02124099773936905,3.925833886738448,160.6,1000.0,False
1773601566.0726073,844,0,0,0,0,108.30821000126889,0.0,0.021610998373944312,4.536512166035127,157.9,1000.0,False
1773601566.3076887,845,0,0,0,0,108.44404399904306,0.0,0.021241001377347857,4.536512166035127,153.1,1000.0,False
1773601566.542977,846,0,0,0,0,108.57450700132176,0.0,0.020851999579463154,4.536512166035127,153.0,998.6875,False
1773601566.7773197,847,0,0,0,0,108.43687699889415,0.0,0.01964900002349168,4.536512166035127,157.9,998.6875,False
1773601567.0116239,848,0,0,0,0,108.33322899998166,0.0,0.020333998691057786,4.536512166035127,162.2,998.703125,False
1773601567.2460887,849,0,0,0,0,108.54071200083126,0.0,0.02068599860649556,3.9895503044974308,153.5,998.703125,False
1773601567.4807806,850,0,0,0,0,107.96930099968449,0.0,0.02042599953711033,3.9895503044974308,153.4,998.703125,False
1773601567.7150695,851,0,0,0,0,108.40256200026488,0.0,0.020092000340810046,3.9895503044974308,153.7,1011.3125,False
1773601567.9541428,852,0,0,0,0,113.60941100065247,0.0,0.02188900180044584,3.9895503044974308,163.1,1000.828125,False
1773601568.1874952,853,0,0,0,0,107.56144500192022,0.0,0.020296000002417713,4.4952376869530735,158.6,998.703125,False
1773601568.4211779,854,0,0,0,0,107.99067000334617,0.0,0.02068499816232361,4.4952376869530735,162.6,998.703125,False
1773601568.655612,855,0,0,0,0,108.58482200274011,0.0,0.020906998543068767,4.4952376869530735,157.8,1013.453125,False
1773601568.8880246,856,0,0,0,0,106.75353400074528,0.0,0.02046299778157845,4.4952376869530735,159.2,1002.953125,False
1773601569.1206043,857,0,0,0,0,107.45351900186506,0.0,0.021314997866284102,4.4952376869530735,159.1,1013.4375,False
1773601569.35502,858,0,0,0,0,111.7996030006907,0.0,0.02270299955853261,4.28258521155091,196.2,1002.953125,False
1773601569.605393,859,0,0,0,0,123.44806900000549,0.0,0.022222000552574173,4.28258521155091,203.7,1013.4375,False
1773601569.838632,860,0,0,0,0,106.92058899803669,0.0,0.021555002604145557,4.28258521155091,158.6,1002.953125,False
1773601570.0710962,861,0,0,0,0,106.99021999971592,0.0,0.020925999706378207,4.28258521155091,150.6,1013.75,False
1773601570.3042579,862,0,0,0,0,107.06436899999972,0.0,0.01983399852178991,4.28258521155091,158.7,1003.265625,False
1773601570.537168,863,0,0,0,0,106.95740499795647,0.0,0.019407998479437083,3.950356638889497,154.6,1011.625,False
1773601570.7700572,864,0,0,0,0,107.01270100253168,0.0,0.021945001208223403,3.950356638889497,163.2,1001.140625,False
1773601571.003053,865,0,0,0,0,106.96605299744988,0.0,0.019721999706234783,3.950356638889497,158.8,1011.625,False
1773601571.236734,866,0,0,0,0,106.88447800202994,0.0,0.04466700193006545,3.950356638889497,154.1,1001.140625,False
1773601571.469575,867,0,0,0,0,106.93686800004798,0.0,0.019813996914308518,4.537222758894487,158.9,1011.625,False
1773601571.7029946,868,0,0,0,0,107.49226000189083,0.0,0.022222000552574173,4.537222758894487,154.2,1001.140625,False
1773601571.9371092,869,0,0,0,0,107.9141520021949,0.0,0.021480998839251697,4.537222758894487,153.8,999.015625,False
1773601572.1708527,870,0,0,0,0,107.72876100236317,0.0,0.020333998691057786,4.537222758894487,149.7,1009.5,False
1773601572.4028192,871,0,0,0,0,105.60859999895911,0.0,0.0207029988814611,4.537222758894487,150.9,1011.625,False
1773601572.632086,872,0,0,0,0,103.6885869980324,0.0,0.020666000636992976,4.301063272115133,161.4,1001.140625,False
1773601572.8683045,873,0,0,0,0,110.5368169992289,0.0,0.021407999156508595,4.301063272115133,152.4,1011.625,False
1773601573.1014428,874,0,0,0,0,107.08512799828895,0.0,0.021722997189499438,4.301063272115133,154.4,1001.140625,False
1773601573.331944,875,0,0,0,0,104.94763200040325,0.0,0.02016700091189705,4.301063272115133,160.5,1010.8125,False
1773601573.5663908,876,0,0,0,0,107.3840739991283,0.0,0.0204820025828667,4.301063272115133,153.6,1000.328125,False
1773601574.0424602,877,2,0,0,0,108.1687090008927,242.63729399899603,0.013760000001639128,3.5451309625558527,184.8,998.21875,True
1773601574.5469058,878,2,0,0,0,113.57878100170637,272.1083209980861,0.014223001926438883,3.5451309625558527,210.1,965.765625,True
1773601575.0212677,879,1,0,0,0,108.77380500096478,240.08988800051156,0.014056000509299338,3.5451309625558527,183.4,998.140625,True
1773601575.492709,880,1,0,0,0,108.33458100023563,241.12926499947207,0.014055000065127388,1.920030615722556,173.9,965.703125,True
1773601575.969351,881,1,1,0,0,108.90410300271469,242.67907200191985,0.03175999881932512,1.920030615722556,180.4,998.140625,True
1773601576.4393895,882,1,1,1,1,108.25328400096623,240.7703009994293,0.03487100184429437,2.2135383719023793,178.7,965.765625,True
1773601576.9141595,883,1,1,1,0,108.48235999947065,241.2526739972236,0.034388998756185174,2.2135383719023793,183.3,1010.828125,True
1773601577.3833313,884,1,1,1,0,106.55377199873328,240.740449000441,0.03457400089246221,2.2135383719023793,176.9,980.515625,True
1773601577.857273,885,1,1,1,0,106.71566300152335,241.88151099951938,0.03566699888324365,1.98727930195359,181.5,1017.21875,True
1773601578.3255377,886,1,1,1,0,105.17981899829465,241.03878399910172,0.034443997719790787,1.98727930195359,179.4,986.90625,True
1773601578.7982378,887,1,1,1,0,106.87816300196573,240.42926099718898,0.03479699807940051,2.2182366666878215,179.8,1021.46875,True
1773601579.2679963,888,1,1,1,0,106.94057100045029,240.89091199857648,0.03490800008876249,2.2182366666878215,178.8,991.1875,True
1773601579.7406623,889,1,1,1,0,106.71129200272844,240.47522499677143,0.034130000130971894,2.2182366666878215,177.7,1027.875,True
1773601580.2051976,890,1,1,1,0,101.34981300143409,240.93822700160672,0.03429699791013263,1.9891585909393137,178.7,999.75,True
1773601580.6777198,891,1,1,1,0,107.2416280003381,239.38694000025862,0.033628999517532066,1.9891585909393137,177.8,1034.25,True
1773601581.1469455,892,1,1,1,0,106.73914500148385,240.15635199975804,0.03540699981385842,2.2333899006336,176.9,1001.8125,True
1773601581.6188185,893,1,1,1,0,107.079164001334,239.47195899745566,0.03357400055392645,2.2333899006336,182.2,1038.484375,True
1773601582.087959,894,1,1,1,0,106.76862499894924,240.66933699941728,0.03570400076569058,2.2333899006336,179.1,1009.1875,True
1773601582.5605638,895,1,1,1,0,107.58253799940576,239.95818399998825,0.034130000130971894,1.9929287990599607,182.0,1035.375,True
1773601583.0306885,896,1,1,1,0,108.22043200096232,239.92757299856748,0.034666998544707894,1.9929287990599607,178.7,1017.65625,True
1773601583.4976962,897,1,1,1,0,102.5943759996153,239.68418200092856,0.03464800101937726,2.2268295639662727,179.9,1041.734375,True
1773601584.0090656,898,1,1,1,0,113.52139299924602,279.2166079998424,0.0346670021826867,2.2268295639662727,203.4,1024.03125,True
1773601584.4829013,899,1,1,1,0,107.00766400259454,241.68827000175952,0.03496300269034691,2.2268295639662727,179.4,1058.578125,True
1773601584.953525,900,1,1,1,0,108.006355996622,240.9104859980289,0.03548099994077347,1.90862863777523,174.2,1028.28125,True
1773601585.4240782,901,1,1,1,0,103.59990100187133,241.43471299976227,0.03359300171723589,1.90862863777523,178.5,1062.84375,True
1773601585.8932493,902,1,1,1,0,105.23574599938001,242.45488499946077,0.03574100264813751,2.2260609643866673,176.9,1034.671875,True
1773601586.3661447,903,1,1,1,0,106.9144419998338,241.27432199748,0.033667001844150946,2.2260609643866673,177.6,1069.234375,True
1773601586.832792,904,1,1,1,0,104.14244200001121,240.96967199875508,0.03507499786792323,2.2260609643866673,180.0,1041.046875,True
1773601587.3036728,905,1,1,1,0,106.37527099970612,239.55019999993965,0.034222000977024436,1.9957931501292485,180.5,1075.59375,True
1773601587.7759697,906,1,1,1,0,106.8886629982444,242.7326280012494,0.03557399759301916,1.9957931501292485,173.6,1045.28125,True
1773601588.249102,907,1,1,1,0,103.06554599810624,244.70014100006665,0.03457499769865535,2.2160692296204036,175.4,1081.96875,True
1773601588.7221096,908,1,1,1,0,107.09918399879825,243.0536480023875,0.035777997254626825,2.2160692296204036,175.5,1053.78125,True
1773601589.1899505,909,1,1,1,0,101.96522399928654,240.6315399966843,0.03463000030023977,2.2160692296204036,181.7,1088.34375,True
1773601589.661732,910,1,0,1,0,106.60627299876069,243.06372299906798,0.021980999008519575,1.9924005451390423,175.9,1058.0,True
1773601590.128748,911,1,0,1,0,103.16671299733571,238.88319600155228,0.023945001885294914,1.9924005451390423,182.0,1094.703125,True
1773601590.596431,912,1,0,1,0,106.15549200156238,240.44363199936925,0.021519001165870577,2.2329701781135802,177.5,1064.375,True
1773601591.0648932,913,1,0,1,0,103.74206900087302,239.54569999841624,0.02103700171574019,2.2329701781135802,183.6,1101.0625,True
1773601591.536129,914,1,0,1,0,106.95144100100151,241.8817530015076,0.022037002054275945,2.2329701781135802,174.0,1070.75,True
1773601592.004448,915,1,0,1,0,104.07784800190711,239.14065999997547,0.021148000087123364,1.9960215710796771,181.5,1107.4375,True
1773601592.2329524,916,0,0,1,0,106.32625300058862,0.0,0.027018999389838427,1.9960215710796771,148.8,1109.546875,False
1773601592.4634535,917,0,0,1,0,106.32160399836721,0.0,0.02738900002441369,1.9960215710796771,160.5,1111.671875,False
1773601592.693878,918,0,0,1,0,111.96686300172587,0.0,0.029943999834358692,3.651496295445058,191.0,1129.5625,False
1773601592.9472742,919,0,0,1,0,126.78521999987424,0.0,0.029796003218507394,3.651496295445058,217.1,1129.5625,False
1773601593.1796463,920,0,0,1,0,106.73812499953783,0.0,0.02903700078604743,3.651496295445058,154.9,1129.5625,False
1773601593.4109144,921,0,0,1,0,106.05032500097877,0.0,0.02840699744410813,3.651496295445058,160.0,1129.5625,False
1773601593.6422017,922,0,0,1,0,106.27741899952525,0.0,0.026759000320453197,3.651496295445058,160.0,1129.5625,False
1773601593.8732657,923,0,0,1,0,105.4690059972927,0.0,0.02872299955924973,3.9541226801616225,155.8,1132.65625,False
1773601594.1051328,924,0,0,1,0,106.13917699811282,0.0,0.027815000066766515,3.9541226801616225,163.9,1132.65625,False
1773601594.337013,925,0,0,0,0,106.62177300037001,0.0,0.028369999199640006,3.9541226801616225,155.3,1136.09375,False
1773601594.569636,926,0,0,0,0,106.34640100033721,0.0,0.027370002499083057,3.9541226801616225,150.5,1140.34375,False
1773601594.8019514,927,0,0,0,0,107.01718199925381,0.0,0.028148002456873655,4.560066971808783,159.3,1129.84375,False
1773601595.0358744,928,0,0,0,0,107.51092600185075,0.0,0.028370999643811956,4.560066971808783,149.6,1142.453125,False
1773601595.266808,929,0,0,0,0,105.47156100074062,0.0,0.02851899989764206,4.560066971808783,160.2,1134.09375,False
1773601595.4994993,930,0,0,0,0,107.52433499874314,0.0,0.027463000151328743,4.560066971808783,159.0,1148.84375,False
1773601595.732677,931,0,0,0,0,107.62087200055248,0.0,0.02848200165317394,4.560066971808783,154.4,1153.09375,False
1773601595.9642265,932,0,0,0,0,106.15665899968008,0.0,0.02663000122993253,4.301923499415477,159.8,1157.34375,False
1773601596.1954436,933,0,0,0,0,105.87065699655795,0.0,0.028648002626141533,4.301923499415477,160.0,1159.453125,False
1773601597.6742597,934,0,0,0,0,106.61184700074955,0.0,0.02853700061677955,1.1695743102688654,108.2,1163.703125,False
1773601597.8956807,935,0,0,0,0,101.98685399882379,0.0,0.031684998248238117,1.1695743102688654,158.1,1082.46875,False
1773601598.1188712,936,0,0,0,0,105.87212000245927,0.0,0.0312590018438641,1.1695743102688654,152.3,1014.453125,False
1773601598.3436208,937,0,0,0,0,106.53027299849782,0.0,0.02905499786720611,1.1695743102688654,146.8,1014.46875,False
1773601598.5683715,938,0,0,0,0,106.45601299984264,0.0,0.030462997528957203,1.1695743102688654,191.3,982.03125,False
1773601598.8131938,939,0,0,0,0,122.68756299818051,0.0,0.02801800292218104,4.390080518749749,204.2,1014.46875,False
1773601599.0347164,940,0,0,0,0,103.07302799992613,0.0,0.029425998945953324,4.390080518749749,144.5,1014.46875,False
1773601599.2630436,941,0,0,0,0,106.52947599737672,0.0,0.021981999452691525,4.390080518749749,153.3,982.03125,False
1773601599.4874983,942,0,0,0,0,103.91142200023751,0.0,0.019518000044627115,4.390080518749749,160.4,1014.46875,False
1773601599.712306,943,0,0,0,0,106.6618289987673,0.0,0.02079600017168559,4.390080518749749,160.1,1014.46875,False
1773601599.9408793,944,0,0,0,0,106.10888000155683,0.0,0.020871000742772594,4.433860142888071,153.1,982.03125,False
1773601600.1666787,945,0,0,0,0,104.85198400056106,0.0,0.021425999875646085,4.433860142888071,159.4,1014.46875,False
1773601600.3886611,946,0,0,0,0,103.7241060002998,0.0,0.019832998077617958,4.433860142888071,148.7,1014.46875,False
1773601600.6180863,947,0,0,0,0,104.64194599990151,0.0,0.01966700074262917,4.433860142888071,156.9,1014.46875,False
1773601600.8442807,948,0,0,0,0,106.21308500049054,0.0,0.02099999983329326,4.433860142888071,154.7,1014.46875,False
1773601601.0736043,949,0,0,0,0,107.10366499915835,0.0,0.02185199991799891,4.414129410283903,152.6,982.03125,False
1773601601.3005602,950,0,0,0,0,104.34373899988714,0.0,0.02049999966402538,4.414129410283903,158.6,1014.46875,False
1773601601.5264146,951,0,0,0,0,104.51770299914642,0.0,0.021075000404380262,4.414129410283903,159.4,1046.90625,False
1773601601.7540092,952,0,0,0,0,104.69685300267884,0.0,0.020536997908493504,4.414129410283903,153.8,1014.46875,False
1773601601.9839544,953,0,0,0,0,104.8964090005029,0.0,0.021166000806260854,4.414129410283903,160.9,1014.46875,False
1773601602.2110467,954,0,0,0,0,105.83028600012767,0.0,0.020667001081164926,4.395843765805917,154.1,1046.90625,False
1773601602.4393723,955,0,0,0,0,106.14412200084189,0.0,0.020055998902535066,4.395843765805917,157.7,1014.46875,False
1773601602.6712034,956,0,0,0,0,106.8076999981713,0.0,0.01966700074262917,4.395843765805917,163.9,1014.46875,False
1773601602.8964117,957,0,0,0,0,104.16201599946362,0.0,0.02046300141955726,4.395843765805917,159.9,1046.90625,False
1773601603.1225193,958,0,0,0,0,106.78782899776706,0.0,0.021537001885008067,4.395843765805917,194.6,1014.46875,False
1773601603.3775604,959,0,0,0,0,126.68566399952397,0.0,0.021907999325776473,4.286317520958921,211.7,1014.46875,False
1773601603.6037676,960,0,0,0,0,104.51005499999155,0.0,0.02016700091189705,4.286317520958921,172.4,1046.90625,False
1773601603.830155,961,0,0,0,0,103.98842200083891,0.0,0.01996300125028938,4.286317520958921,159.0,1014.484375,False
1773601604.0611653,962,0,0,0,0,106.28901099698851,0.0,0.020018000213894993,4.286317520958921,155.8,1014.484375,False
1773601604.289023,963,0,0,0,0,106.20228900006623,0.0,0.021759999071946368,4.286317520958921,162.4,1046.921875,False
1773601604.5161057,964,0,0,0,0,104.13579300075071,0.0,0.019815000996459275,4.391546811815232,158.5,1014.484375,False
1773601604.7461777,965,0,0,0,0,104.14083100113203,0.0,0.020832998416153714,4.391546811815232,147.8,1014.484375,False
1773601604.9739938,966,0,0,0,0,106.10095499941963,0.0,0.020592000510077924,4.391546811815232,166.8,1046.921875,False
1773601605.2008317,967,0,0,0,0,104.13370099922759,0.0,0.02103700171574019,4.391546811815232,145.5,1014.484375,False
1773601605.4299762,968,0,0,0,0,103.48490000251331,0.0,0.019519000488799065,4.391546811815232,165.8,1014.484375,False
1773601605.656081,969,0,0,0,0,104.48714700032724,0.0,0.021148000087123364,4.386056238257902,163.6,1046.9375,False
1773601605.8817742,970,0,0,0,0,103.30632499972126,0.0,0.019462997443042696,4.386056238257902,155.1,1014.5,False
1773601606.1107132,971,0,0,0,0,103.90512500089244,0.0,0.020906998543068767,4.386056238257902,157.2,1014.5,False
1773601606.337825,972,0,0,0,0,105.73884100085706,0.0,0.019759001588681713,4.386056238257902,167.3,1046.9375,False
1773601606.5642438,973,0,0,0,0,104.13088600034826,0.0,0.02046299778157845,4.386056238257902,159.0,1014.5,False
1773601606.795906,974,0,0,0,0,106.48975299773156,0.0,0.02072300048894249,4.386640645753718,159.7,1014.5,False
1773601607.022256,975,0,0,0,0,105.16520799865248,0.0,0.020575000235112384,4.386640645753718,163.5,1046.9375,False
1773601607.2487376,976,0,0,0,0,104.39155499989283,0.0,0.01968500146176666,4.386640645753718,158.9,1014.5,False
1773601607.4765515,977,0,0,0,0,103.05060099926777,0.0,0.0210920006793458,4.386640645753718,162.4,1014.5,False
1773601607.7070622,978,0,0,0,0,111.79467699912493,0.0,0.021277002815622836,4.386640645753718,195.2,1046.9375,False
1773601607.9554162,979,0,0,0,0,124.9391530000139,0.0,0.021926000044913962,4.31218180173215,213.4,1014.5,False
1773601608.1871545,980,0,0,0,0,106.45195699908072,0.0,0.020204002794343978,4.31218180173215,151.0,1014.5,False
1773601608.414948,981,0,0,0,0,106.36932699708268,0.0,0.020796996977878734,4.31218180173215,162.4,1046.9375,False
1773601608.6428409,982,0,0,0,0,105.41639499933808,0.0,0.021148000087123364,4.31218180173215,144.8,1014.5,False
1773601608.8743074,983,0,0,0,0,106.50869800156215,0.0,0.01992599936784245,4.31218180173215,164.2,1014.5,False
1773601609.102752,984,0,0,0,0,106.68864300168934,0.0,0.01968600190593861,4.3579303388466055,157.6,1046.9375,False
1773601609.3317802,985,0,0,0,0,106.58197599695995,0.0,0.020055998902535066,4.3579303388466055,161.6,1014.5,False
1773601609.5641725,986,0,0,0,0,106.44060499907937,0.0,0.020647999917855486,4.3579303388466055,146.3,1014.5,False
1773601610.0365524,987,1,0,0,0,106.60651399666676,244.77045700041344,0.01512999733677134,4.3579303388466055,179.9,1014.5,True
1773601610.5101826,988,1,0,0,0,106.416567999986,244.67290100074024,0.014166998880682513,2.84204485009876,177.3,982.046875,True
1773601610.979026,989,1,0,0,0,104.33431300043594,239.63207099950523,0.013888999092159793,2.84204485009876,181.3,1014.484375,True
1773601611.4483113,990,1,0,0,0,106.83145900111413,240.19611100084148,0.014389002899406478,2.84204485009876,179.0,982.046875,True
1773601611.9208255,991,1,1,0,0,107.31527700045262,239.94412899992312,0.03196299803676084,1.9981782356326439,182.0,1014.5,True
1773601612.3908286,992,1,0,0,0,106.78699599884567,241.49011999907088,0.02292700082762167,1.9981782356326439,178.7,982.0,True
1773601612.8646088,993,1,1,1,1,107.02870200111647,241.779382002278,0.03576000017346814,2.2164416271891985,183.6,1014.4375,True
1773601613.3334842,994,1,1,1,0,104.89827999845147,242.47651499899803,0.03575899972929619,2.2164416271891985,179.2,981.953125,True
1773601613.8112414,995,1,1,1,0,106.40053099996294,246.56552400119836,0.03444499816396274,2.2164416271891985,180.0,1014.390625,True
1773601614.2821543,996,1,1,1,0,105.18707799928961,243.79880200285697,0.035518998629413545,1.9810140602129838,178.4,988.203125,True
1773601614.7538323,997,1,1,1,0,106.84742200101027,240.37176099955104,0.03624099917942658,1.9810140602129838,180.2,1020.765625,True
1773601615.248474,998,1,1,1,0,112.27753200000734,264.1506570034835,0.03561099947546609,2.1829753105032155,214.3,982.140625,True
1773601615.7228148,999,1,1,1,0,107.33368499859353,242.30023600102868,0.03546299922163598,2.1829753105032155,181.3,1027.1875,True
1773601616.1890965,1000,1,1,1,0,103.96710700297263,240.91235699961544,0.03518599987728521,2.1829753105032155,182.3,999.0,True
1773601616.6610591,1001,1,1,1,0,107.05286899974453,240.27744499835535,0.03483299951767549,1.9942454451031486,178.0,1020.953125,True
1773601617.1310277,1002,1,1,1,0,107.73433499707608,241.14513600216014,0.03522300175973214,1.9942454451031486,180.9,999.0,True
1773601617.6035826,1003,1,1,1,0,107.54524200092419,240.14863000047626,0.03501899846014567,2.218563243247246,182.0,1023.0625,True
1773601618.0729272,1004,1,1,1,0,106.83647800033214,240.70555900107138,0.03653699968708679,2.218563243247246,179.0,1005.375,True
1773601618.545935,1005,1,1,1,0,107.64200199992047,240.32448299840325,0.03437100167502649,2.218563243247246,181.8,1031.5625,True
1773601619.0166183,1006,1,1,1,0,108.10450500139268,240.84209699867642,0.03438900239416398,1.9900924870438663,178.5,1013.859375,True
1773601619.4886825,1007,1,1,1,0,106.36891900139744,240.24259300131234,0.03405600000405684,1.9900924870438663,180.0,1037.9375,True
1773601619.9592636,1008,1,1,1,0,108.18559800100047,240.77080099959858,0.034444001357769594,2.2210816953557657,178.5,1020.234375,True
1773601620.4304082,1009,1,1,1,0,106.38510500211851,239.59823699988192,0.034444001357769594,2.2210816953557657,184.7,1056.859375,True
1773601620.899112,1010,1,1,1,0,104.95778099721065,242.17340199902537,0.0357409990101587,2.2210816953557657,177.1,1026.53125,True
1773601621.3709836,1011,1,1,1,0,106.63988400119706,240.05033299908973,0.03677800123114139,1.9949478302353003,182.3,1063.21875,True
1773601621.8404646,1012,1,1,1,0,106.61905099914293,241.0756909994234,0.03516699871397577,1.9949478302353003,176.8,1035.046875,True
1773601622.3128211,1013,1,1,1,0,107.05042400149978,240.23327800023253,0.034648997825570405,2.220528642337446,179.9,1069.609375,True
1773601622.780166,1014,1,1,1,0,103.36891800034209,242.95520399755333,0.03487100184429437,2.220528642337446,175.5,1039.28125,True
1773601623.2525215,1015,1,1,1,0,106.2786229995254,241.82467700302368,0.0340369988407474,2.220528642337446,175.7,1075.96875,True
1773601623.7217202,1016,1,1,1,0,105.84713799835299,241.81973300073878,0.03546400330378674,1.9958582044097941,179.0,1045.65625,True
1773601624.191994,1017,1,1,1,0,105.4714320016501,240.1422779985296,0.03346399898873642,1.9958582044097941,182.9,1082.34375,True
1773601624.6817548,1018,1,1,1,0,111.92440000013448,259.4581450030091,0.03490800008876249,2.1948230907539443,218.5,1052.03125,True
1773601625.1546926,1019,1,0,1,0,106.9871459985734,240.61320699911448,0.02098199911415577,2.1948230907539443,181.8,1088.78125,True
1773601625.624191,1020,1,0,1,0,106.96370099685737,240.23683400082518,0.0210190009966027,2.1948230907539443,176.8,1058.421875,True
1773601626.0964131,1021,1,0,1,0,106.5124199994898,240.7616330019664,0.021167001250432804,1.990444282039844,180.0,1092.984375,True
1773601626.5642302,1022,1,0,1,0,106.39742000057595,240.52670600212878,0.02105600287904963,1.990444282039844,177.4,1064.796875,True
1773601627.0331645,1023,1,0,1,0,104.9334839990479,238.97665899858112,0.021463001758093014,2.227815613550341,181.3,1099.359375,True
1773601627.261227,1024,0,0,1,0,106.55695799869136,0.0,0.02762999793048948,2.227815613550341,157.9,1101.46875,False
1773601627.490937,1025,0,0,1,0,105.04535500149359,0.0,0.02844399932655506,2.227815613550341,152.4,1105.734375,False
1773601627.7203376,1026,0,0,1,0,107.10966499755159,0.0,0.029740000172751024,2.227815613550341,156.9,1123.625,False
1773601627.9518445,1027,0,0,1,0,105.95724999802769,0.0,0.02896299702115357,2.227815613550341,155.5,1123.625,False
1773601628.1801534,1028,0,0,1,0,102.62063499976648,0.0,0.02959199991892092,4.359327203140317,157.7,1123.625,False
1773601628.4120593,1029,0,0,1,0,106.21823399924324,0.0,0.030111001251498237,4.359327203140317,159.5,1123.625,False
1773601628.6437712,1030,0,0,1,0,106.14841799906571,0.0,0.029370999982347712,4.359327203140317,155.4,1123.625,False
1773601628.8729897,1031,0,0,1,0,103.39395600021817,0.0,0.028056001610821113,4.359327203140317,161.4,1123.625,False
1773601629.102004,1032,0,0,1,0,103.50810399904731,0.0,0.02925999797298573,4.359327203140317,152.8,1127.203125,False
1773601629.33338,1033,0,0,1,0,106.32601100223837,0.0,0.028333000955171883,4.335642476210481,164.2,1131.453125,False
1773601629.565041,1034,0,0,0,0,106.22721499748877,0.0,0.02914800279540941,4.335642476210481,159.7,1135.703125,False
1773601629.7974632,1035,0,0,0,0,106.87418199813692,0.0,0.029685998015338555,4.335642476210481,159.2,1125.203125,False
1773601630.0301547,1036,0,0,0,0,107.53920400020434,0.0,0.02840799788828008,4.335642476210481,154.7,1137.8125,False
1773601630.2625992,1037,0,0,0,0,107.2733139990305,0.0,0.0284630004898645,4.335642476210481,159.2,1129.453125,False
1773601630.4984722,1038,0,0,0,0,113.2729829987511,0.0,0.029036997148068622,4.291555804394545,199.3,1144.1875,False
1773601630.75016,1039,0,0,0,0,125.03081900285906,0.0,0.029925999115221202,4.291555804394545,206.6,1135.8125,False
1773601630.9810412,1040,0,0,0,0,104.92420599985053,0.0,0.02838999716914259,4.291555804394545,160.3,1150.546875,False
1773601631.209996,1041,0,0,0,0,103.93019899856881,0.0,0.028963000659132376,4.291555804394545,152.9,1142.1875,False
1773601631.442343,1042,0,0,0,0,107.46103799829143,0.0,0.02790699727484025,4.291555804394545,154.9,1156.921875,False
1773601632.8866675,1043,0,0,0,0,104.14207199937664,0.0,0.029686001653317362,0.7239819504393116,110.1,1161.171875,False
1773601633.113136,1044,0,0,0,0,107.70574299749569,0.0,0.03261099845985882,0.7239819504393116,150.1,1014.546875,False
1773601633.3416848,1045,0,0,0,0,106.38179000306991,0.0,0.027889000193681568,0.7239819504393116,153.1,982.109375,False
1773601633.5704825,1046,0,0,0,0,106.22599300040747,0.0,0.02909199974965304,0.7239819504393116,157.3,1014.546875,False
1773601633.7966735,1047,0,0,0,0,106.39297599846032,0.0,0.029204002203186974,0.7239819504393116,150.3,1014.546875,False
1773601634.025075,1048,0,0,0,0,106.17226999966078,0.0,0.02629599839565344,4.3922320304338465,157.6,982.109375,False
1773601634.253588,1049,0,0,0,0,106.0347130005539,0.0,0.027740999939851463,4.3922320304338465,161.9,1014.546875,False
1773601634.4761643,1050,0,0,0,0,102.36346700185095,0.0,0.021202999050728977,4.3922320304338465,152.8,1014.546875,False
1773601634.705642,1051,0,0,0,0,107.35396300151478,0.0,0.020685001800302416,4.3922320304338465,152.5,982.109375,False
1773601634.934184,1052,0,0,0,0,106.29115999836358,0.0,0.02153699824702926,4.3922320304338465,161.9,1014.546875,False
1773601635.155803,1053,0,0,0,0,101.6611670020211,0.0,0.02051900082733482,4.422002644574984,153.4,1014.546875,False
1773601635.384859,1054,0,0,0,0,107.09227599727456,0.0,0.020573999790940434,4.422002644574984,157.2,988.375,False
1773601635.6131415,1055,0,0,0,0,106.05308400045033,0.0,0.021129999367985874,4.422002644574984,162.1,1020.8125,False
1773601635.839095,1056,0,0,0,0,106.34515999845462,0.0,0.01990699820453301,4.422002644574984,154.9,1020.8125,False
1773601636.0668952,1057,0,0,0,0,102.83706299742335,0.0,0.020389001292642206,4.422002644574984,162.4,1020.8125,False
1773601636.298519,1058,0,0,0,0,111.42239699984202,0.0,0.021797000954393297,4.3755488599882035,190.0,1053.25,False
1773601636.5486388,1059,0,0,0,0,125.32446999830427,0.0,0.021259002096485347,4.3755488599882035,211.9,1020.8125,False
1773601636.7791154,1060,0,0,0,0,105.54013599903556,0.0,0.020574996597133577,4.3755488599882035,156.2,1020.8125,False
1773601637.0052345,1061,0,0,0,0,103.28282499904162,0.0,0.020093000784981996,4.3755488599882035,163.6,1053.25,False
1773601637.23522,1062,0,0,0,0,106.1292880003748,0.0,0.018778002413455397,4.3755488599882035,147.8,1020.8125,False
1773601637.4636333,1063,0,0,0,0,103.42508599933353,0.0,0.020185001631034538,4.291399488261612,166.4,1020.8125,False
1773601637.6935122,1064,0,0,0,0,106.63512500104844,0.0,0.019592000171542168,4.291399488261612,160.9,1053.25,False
1773601637.9239523,1065,0,0,0,0,106.10625100161997,0.0,0.021463001758093014,4.291399488261612,156.2,1020.8125,False
1773601638.1537347,1066,0,0,0,0,104.62039000049117,0.0,0.02048199894488789,4.291399488261612,161.0,1020.8125,False
1773601638.3826652,1067,0,0,0,0,105.9816389970365,0.0,0.021425999875646085,4.291399488261612,157.3,1053.25,False
1773601638.613143,1068,0,0,0,0,105.99000900037936,0.0,0.021591997210634872,4.349671661962296,156.2,1020.8125,False
1773601638.8428736,1069,0,0,0,0,104.60935199807864,0.0,0.020666000636992976,4.349671661962296,156.7,1020.8125,False
1773601639.071874,1070,0,0,0,0,106.29116000200156,0.0,0.02105499879689887,4.349671661962296,165.9,1053.25,False
1773601639.3020551,1071,0,0,0,0,106.31654899771092,0.0,0.020240997400833294,4.349671661962296,160.7,1020.8125,False
1773601639.5316954,1072,0,0,0,0,105.08194800058845,0.0,0.02049999966402538,4.349671661962296,156.8,1020.8125,False
1773601639.7598052,1073,0,0,0,0,104.77452000122867,0.0,0.02288999894517474,4.3605399940865635,162.2,1053.25,False
1773601639.9908335,1074,0,0,0,0,106.6442739975173,0.0,0.020426003175089136,4.3605399940865635,147.2,1020.828125,False
1773601640.222565,1075,0,0,0,0,106.50182800236507,0.0,0.020647999917855486,4.3605399940865635,155.4,1020.828125,False
1773601640.4519737,1076,0,0,0,0,106.1917139995785,0.0,0.020851999579463154,4.3605399940865635,161.3,1053.265625,False
1773601640.6829693,1077,0,0,0,0,107.1565539969015,0.0,0.01962999886018224,4.3605399940865635,155.8,1020.828125,False
1773601640.917901,1078,0,0,0,0,112.48220000197762,0.0,0.02270400000270456,4.317480865599377,195.8,1020.828125,False
1773601641.1637764,1079,0,0,0,0,122.92215799971018,0.0,0.0213330022234004,4.317480865599377,207.4,1053.265625,False
1773601641.3945332,1080,0,0,0,0,106.75947699928656,0.0,0.0210190009966027,4.317480865599377,160.3,1020.828125,False
1773601641.626007,1081,0,0,0,0,106.59662399848457,0.0,0.022055999579606578,4.317480865599377,159.8,1020.828125,False
1773601641.8559272,1082,0,0,0,0,106.81444099827786,0.0,0.021036998077761382,4.317480865599377,156.6,1053.265625,False
1773601642.086104,1083,0,0,0,0,106.6240510008356,0.0,0.021223000658210367,3.9950061280419056,156.4,1020.828125,False
1773601642.3183646,1084,0,0,0,0,106.52234699955443,0.0,0.021351999748731032,3.9950061280419056,159.3,1020.828125,False
1773601642.5486581,1085,0,0,0,0,106.85362599906512,0.0,0.022314998204819858,3.9950061280419056,160.7,1053.28125,False
1773601642.779988,1086,0,0,0,0,107.04364599951077,0.0,0.021222000214038417,3.9950061280419056,155.6,1020.84375,False
1773601643.01271,1087,0,0,0,0,106.75831000116887,0.0,0.021092997485538945,4.572251822336524,154.7,1020.84375,False
1773601643.2428887,1088,0,0,0,0,106.72358800002257,0.0,0.021906998881604522,4.572251822336524,156.4,1053.28125,False
1773601643.4740872,1089,0,0,0,0,106.73918099928414,0.0,0.021129999367985874,4.572251822336524,151.4,1020.84375,False
1773601643.706858,1090,0,0,0,0,107.38957500143442,0.0,0.020981002307962626,4.572251822336524,154.7,1020.84375,False
1773601643.936705,1091,0,0,0,0,106.23417800161405,0.0,0.020314000721555203,4.572251822336524,156.6,1053.28125,False
1773601644.166694,1092,0,0,0,0,106.07141699802014,0.0,0.01987099676625803,4.332744726035223,143.5,1020.84375,False
1773601644.394313,1093,0,0,0,0,103.2069920001959,0.0,0.021443996956804767,4.332744726035223,158.2,1020.84375,False
1773601644.6237092,1094,0,0,0,0,106.52095700061182,0.0,0.019500999769661576,4.332744726035223,156.9,1053.28125,False
1773601645.1053038,1095,1,0,0,0,104.02903400245123,254.10105399714666,0.01444500230718404,4.332744726035223,176.5,988.390625,True
1773601645.5740943,1096,1,0,0,0,104.14884900092147,239.70734900285606,0.014852001186227426,2.996552856556681,181.3,1020.828125,True
1773601646.0398314,1097,1,0,0,0,104.71688999678008,240.3212600002007,0.014703997294418514,2.996552856556681,178.2,988.328125,True
1773601646.5311856,1098,1,0,0,0,111.32717399959802,257.87369099998614,0.013445001968648285,2.2004499210959274,221.8,1020.765625,True
1773601647.0049858,1099,1,1,0,0,107.21651800122345,243.51904099967214,0.0329630020132754,2.2004499210959274,175.2,988.34375,True
1773601647.478484,1100,1,1,1,1,106.87553400202887,240.7023929990828,0.03398199987714179,2.2004499210959274,179.5,1020.796875,True
1773601647.953396,1101,1,1,1,0,106.9485709995206,245.6467949996295,0.03590799678931944,1.9790959574916849,170.6,988.296875,True
1773601648.4292808,1102,1,1,1,0,106.3987339985033,244.59512199973688,0.03485200068098493,1.9790959574916849,176.5,1020.734375,True
1773601648.8976483,1103,1,1,1,0,103.78551300163963,243.219316998875,0.035852001019520685,2.2125637503455233,179.4,988.265625,True
1773601649.3726554,1104,1,1,1,0,107.53122299865936,242.48366400206578,0.03472199750831351,2.2125637503455233,178.9,1014.4375,True
1773601649.6023722,1105,0,0,1,0,108.28400600075838,0.0,0.027573998522711918,2.2125637503455233,156.7,1014.4375,False
1773601649.8356934,1106,0,0,1,0,107.88378099823603,0.0,0.026964000426232815,2.2125637503455233,154.3,1029.1875,False
1773601650.0638711,1107,0,0,1,0,106.75853300199378,0.0,0.029036997148068622,3.4298945490177077,157.8,1049.0,False
1773601650.2963598,1108,0,0,1,0,106.42827199990279,0.0,0.028147998818894848,3.4298945490177077,163.4,1049.0,False
1773601650.5295,1109,0,0,1,0,106.84577500069281,0.0,0.0284630004898645,3.4298945490177077,150.1,1049.0,False
1773601651.0036762,1110,1,1,1,0,106.41982699962682,241.3575079990551,0.03538900273269974,3.4298945490177077,181.4,1016.578125,True
1773601651.4705055,1111,1,1,1,0,101.24364500006777,240.884245999041,0.034426000638632104,2.9929982902469865,182.1,1016.625,True
1773601651.9431303,1112,1,1,1,0,106.93195999920135,240.50548400191474,0.03646299956017174,2.9929982902469865,182.0,1016.6875,True
1773601652.4151964,1113,1,1,1,0,106.90614600025583,240.35539000033168,0.03488900256343186,2.2238868646422314,182.2,1020.765625,True
1773601652.8884509,1114,1,1,1,0,106.82855199775076,241.17943300007028,0.03511099930619821,2.2238868646422314,177.5,1022.890625,True
1773601653.3621016,1115,1,1,1,0,107.17703499904019,241.64860300152213,0.03487100184429437,2.2238868646422314,183.7,1027.078125,True
1773601653.8361626,1116,1,1,1,0,107.01036800310249,241.76728800011915,0.03477800055406988,1.9810037680740504,179.3,1029.203125,True
1773601654.3083801,1117,1,1,1,0,106.7949040007079,241.14747000203351,0.03540699981385842,1.9810037680740504,182.1,1033.453125,True
1773601654.8020709,1118,1,1,1,0,111.80021499967552,259.49984900216805,0.03785199805861339,2.178202931064926,216.7,1037.6875,True
1773601655.2763772,1119,1,1,1,0,106.72379300012835,242.50334899988957,0.03468500290182419,2.178202931064926,181.3,1039.8125,True
1773601655.7508903,1120,1,1,1,0,106.83023800083902,242.18729200219968,0.036055997043149546,2.178202931064926,179.1,1041.9375,True
1773601656.223586,1121,1,1,1,0,106.77990400290582,241.16287699871464,0.03490699964459054,1.9777819797228382,181.9,1044.0625,True
1773601656.6970718,1122,1,1,1,0,107.10577599820681,241.33489599989844,0.03561199991963804,1.9777819797228382,179.5,1048.109375,True
1773601657.168646,1123,1,1,1,0,106.76706999947783,240.3185939983814,0.03509299858706072,2.2135208491620033,178.1,1050.484375,True
1773601657.6404078,1124,1,1,1,0,106.84079299971927,240.06472200198914,0.03596299939090386,2.2135208491620033,180.2,1052.609375,True
1773601658.1117885,1125,1,0,1,0,106.55740199945285,239.86668300130987,0.021463001758093014,2.2135208491620033,180.3,1056.859375,True
1773601658.3437614,1126,0,0,1,0,106.75651500059757,0.0,0.027703998057404533,1.9884687600965907,155.2,1093.546875,False
1773601658.8179069,1127,1,0,1,0,106.39110500051174,241.86030700002448,0.022000000171829015,1.9884687600965907,179.3,1047.8125,True
1773601659.2925787,1128,1,0,1,0,108.24608000257285,241.23346999840578,0.02192600368289277,2.683047236290627,181.2,1062.546875,True
1773601659.5256088,1129,0,0,1,0,107.5548339940724,0.0,0.02844499977072701,2.683047236290627,154.5,1088.734375,False
1773601659.7593737,1130,0,0,1,0,107.64998399827164,0.0,0.029167000320740044,2.683047236290627,158.3,1103.484375,False
1773601659.9914978,1131,0,0,1,0,106.35988299327437,0.0,0.028371003281790763,2.683047236290627,163.7,1107.71875,False
1773601660.2226942,1132,0,0,1,0,106.40904900355963,0.0,0.028295995434746146,2.683047236290627,164.4,1109.84375,False
1773601660.4544861,1133,0,0,1,0,106.32314100075746,0.0,0.02961100108223036,4.303193735562159,155.3,1114.09375,False
1773601660.686729,1134,0,0,1,0,106.8802930021775,0.0,0.029148999601602554,4.303193735562159,163.6,1116.21875,False
1773601660.9183714,1135,0,0,1,0,106.63923600077396,0.0,0.027129994123242795,4.303193735562159,159.7,1118.328125,False
1773601661.1466157,1136,0,0,1,0,103.23199199774535,0.0,0.02837000647559762,4.303193735562159,157.7,1122.59375,False
1773601661.3757837,1137,0,0,1,0,104.38590600097086,0.0,0.02877799852285534,4.303193735562159,165.8,1124.703125,False
1773601661.6097333,1138,0,0,1,0,111.75830699357903,0.0,0.029110997274983674,4.328124413103876,188.1,1126.828125,False
1773601661.860375,1139,0,0,1,0,124.6259459949215,0.0,0.029203001759015024,4.328124413103876,211.5,1131.078125,False
1773601662.0921662,1140,0,0,0,0,106.24236299918266,0.0,0.02857400249922648,4.328124413103876,159.6,1135.328125,False
1773601662.3238928,1141,0,0,0,0,106.65021699969657,0.0,0.027852001949213445,4.328124413103876,164.0,1137.4375,False
1773601662.5548108,1142,0,0,0,0,106.44445700017968,0.0,0.027556001441553235,4.328124413103876,160.2,1137.4375,False
1773601662.786928,1143,0,0,0,0,106.90055199665949,0.0,0.029925999115221202,3.967342267246496,163.7,1141.6875,False
1773601663.0190544,1144,0,0,0,0,106.49816099612508,0.0,0.027721995138563216,3.967342267246496,163.7,1145.828125,False
1773601663.2492576,1145,0,0,0,0,105.02355899370741,0.0,0.028295995434746146,3.967342267246496,156.4,1150.078125,False
1773601663.4819047,1146,0,0,0,0,107.06647900224198,0.0,0.02961100108223036,3.967342267246496,159.0,1152.203125,False
1773601663.7147098,1147,0,0,0,0,107.31487000157358,0.0,0.029147995519451797,4.558930944049863,158.9,1156.453125,False
1773601663.9471526,1148,0,0,0,0,106.88410799775738,0.0,0.02848199801519513,4.558930944049863,163.5,1158.578125,False
1773601665.3856566,1149,0,0,0,0,106.9224600068992,0.0,0.02959300036309287,1.1969126799341032,109.8,1160.703125,False
1773601665.6059942,1150,0,0,0,0,101.94240900455043,0.0,0.030037997930776328,1.1969126799341032,154.3,1082.140625,False
1773601665.8275526,1151,0,0,0,0,104.33157199440757,0.0,0.028889000532217324,1.1969126799341032,158.0,1082.140625,False
1773601666.046748,1152,0,0,0,0,102.23226199741475,0.0,0.027870999474544078,1.1969126799341032,155.1,1082.140625,False
1773601666.265232,1153,0,0,0,0,101.53468399948906,0.0,0.02848199801519513,1.1969126799341032,160.2,1082.140625,False
1773601666.4847784,1154,0,0,0,0,102.41204199701315,0.0,0.030221999622881413,4.549181065758776,154.9,1082.140625,False
1773601666.7103515,1155,0,0,0,0,108.07589400064899,0.0,0.02901900006690994,4.549181065758776,155.2,1082.140625,False
1773601666.9307811,1156,0,0,0,0,103.33823300607037,0.0,0.020166000467725098,4.549181065758776,163.3,1082.140625,False
1773601667.1535676,1157,0,0,0,0,106.26095499901567,0.0,0.02159200084861368,4.549181065758776,152.6,1082.140625,False
1773601667.3791506,1158,0,0,0,0,111.30147000221768,0.0,0.020851999579463154,4.549181065758776,195.1,1082.140625,False
1773601667.6268694,1159,0,0,0,0,127.2202969994396,0.0,0.023945001885294914,4.378072727105717,205.9,1082.140625,False
1773601667.8508475,1160,0,0,0,0,106.51756900188047,0.0,0.021315005142241716,4.378072727105717,151.8,1082.140625,False
1773601668.074616,1161,0,0,0,0,106.2303999933647,0.0,0.02042599953711033,4.378072727105717,156.4,1082.140625,False
1773601668.2979546,1162,0,0,0,0,106.46414199436549,0.0,0.020296996808610857,4.378072727105717,147.8,1082.140625,False
1773601668.5216181,1163,0,0,0,0,106.45515999931376,0.0,0.020667001081164926,4.378072727105717,156.5,1082.140625,False
1773601668.745274,1164,0,0,0,0,106.07284400612116,0.0,0.021091997041366994,4.470515707064097,152.0,1082.140625,False
1773601668.9689848,1165,0,0,0,0,106.19838199636433,0.0,0.02077800309052691,4.470515707064097,152.0,1082.140625,False
1773601669.1914759,1166,0,0,0,0,105.27374500088627,0.0,0.02107400359818712,4.470515707064097,157.3,1082.140625,False
1773601669.415341,1167,0,0,0,0,106.32469700067304,0.0,0.021297004423104227,4.470515707064097,151.9,1082.140625,False
1773601669.639064,1168,0,0,0,0,106.25147400423884,0.0,0.02157400012947619,4.470515707064097,152.0,1082.140625,False
1773601669.8687913,1169,0,0,0,0,107.24433200084604,0.0,0.02212999970652163,4.450316465232115,156.7,1002.09375,False
1773601670.0978703,1170,0,0,0,0,107.4325739973574,0.0,0.02122199657605961,4.450316465232115,157.2,999.171875,False
1773601670.331671,1171,0,0,0,0,108.14415300410474,0.0,0.02057500387309119,4.450316465232115,158.3,1013.90625,False
1773601670.5642502,1172,0,0,0,0,106.98792400216917,0.0,0.021204003132879734,4.450316465232115,159.1,1003.40625,False
1773601670.7969608,1173,0,0,0,0,107.24679599661613,0.0,0.02135200338670984,4.450316465232115,163.3,1013.90625,False
1773601671.0295937,1174,0,0,0,0,107.25922200072091,0.0,0.02068599860649556,4.30735041155116,159.0,1003.40625,False
1773601671.2623644,1175,0,0,0,0,106.94107200106373,0.0,0.02074000076390803,4.30735041155116,154.7,1013.09375,False
1773601671.4948714,1176,0,0,0,0,106.80814400257077,0.0,0.020296000002417713,4.30735041155116,163.4,1002.59375,False
1773601671.7290254,1177,0,0,0,0,108.70787899330026,0.0,0.02229699748568237,4.30735041155116,158.0,1000.484375,False
1773601671.964802,1178,0,0,0,0,112.7692020018003,0.0,0.022277999960351735,4.30735041155116,195.1,1010.96875,False
1773601672.2167573,1179,0,0,0,0,124.47511200298322,0.0,0.050834001740440726,4.211750756333034,206.4,1013.09375,False
1773601672.4500444,1180,0,0,0,0,106.9953680053004,0.0,0.02074099757010117,4.211750756333034,154.3,1002.59375,False
1773601672.683861,1181,0,0,0,0,108.1095230038045,0.0,0.020129002223256975,4.211750756333034,162.5,1000.484375,False
1773601672.916857,1182,0,0,0,0,107.39835199638037,0.0,0.019443999917712063,4.211750756333034,150.2,1012.28125,False
1773601673.1499028,1183,0,0,0,0,106.84486699756235,0.0,0.02096399839501828,4.211750756333034,158.8,1001.796875,False
1773601673.3834467,1184,0,0,0,0,107.1051089966204,0.0,0.020314997527748346,4.285614152250684,154.1,1012.28125,False
1773601673.6162448,1185,0,0,0,0,106.8309229958686,0.0,0.02031500480370596,4.285614152250684,154.6,1001.796875,False
1773601673.8507214,1186,0,0,0,0,107.84950299421325,0.0,0.02148199564544484,4.285614152250684,153.5,998.859375,False
1773601674.0823977,1187,0,0,0,0,106.00697300105821,0.0,0.021166000806260854,4.285614152250684,164.0,1011.484375,False
1773601674.315008,1188,0,0,0,0,107.01516400149558,0.0,0.022444997739512473,4.285614152250684,163.4,1001.0,False
1773601674.5490284,1189,0,0,0,0,108.1320420053089,0.0,0.020314000721555203,4.289700065946546,158.1,998.875,False
1773601674.783038,1190,0,0,0,0,107.95769000105793,0.0,0.020980995032005012,4.289700065946546,153.8,998.875,False
1773601675.0173655,1191,0,0,0,0,107.78296499483986,0.0,0.021444000594783574,4.289700065946546,153.6,1011.484375,False
1773601675.2452495,1192,0,0,0,0,102.40250499919057,0.0,0.021148000087123364,4.289700065946546,158.0,1001.0,False
1773601675.478465,1193,0,0,0,0,107.60187199775828,0.0,0.02125999890267849,4.289700065946546,158.7,998.875,False
1773601675.712673,1194,0,0,0,0,108.54295200260822,0.0,0.02207399666076526,4.2969759431864984,162.2,998.875,False
1773601675.9464912,1195,0,0,0,0,107.91174400219461,0.0,0.020851999579463154,4.2969759431864984,149.7,1011.484375,False
1773601676.1786695,1196,0,0,0,0,106.79851500026416,0.0,0.02272200072184205,4.2969759431864984,163.7,1001.0,False
1773601676.4115674,1197,0,0,0,0,107.59157600114122,0.0,0.021129999367985874,4.2969759431864984,154.6,1011.484375,False
1773601676.6468287,1198,0,0,0,0,112.18604999885429,0.0,0.032222000299952924,4.2969759431864984,191.3,1001.0,False
1773601676.9014397,1199,0,0,0,0,125.24589500389993,0.0,0.021888998162467033,4.205932562348381,208.1,998.875,False
1773601677.1353157,1200,0,0,0,0,108.12163500668248,0.0,0.02157400012947619,4.205932562348381,153.9,998.875,False
1773601677.3691232,1201,0,0,0,0,108.06130099808797,0.0,0.020963001588825136,4.205932562348381,158.2,998.875,False
1773601677.6024454,1202,0,0,0,0,107.85385499912081,0.0,0.021444000594783574,4.205932562348381,158.6,998.875,False
1773601677.8363533,1203,0,0,0,0,108.12883900507586,0.0,0.020408006093930453,4.205932562348381,158.2,998.875,False
1773601678.0702848,1204,0,0,0,0,107.7759839972714,0.0,0.020277999283280224,4.2777369820988564,153.9,998.875,False
1773601678.304036,1205,0,0,0,0,107.53646399825811,0.0,0.02046400186372921,4.2777369820988564,162.6,1012.296875,False
1773601678.5374362,1206,0,0,0,0,106.45862299861619,0.0,0.021628999093081802,4.2777369820988564,145.7,1014.421875,False
1773601678.770394,1207,0,0,0,0,107.08205300034024,0.0,0.021241001377347857,4.2777369820988564,163.1,1003.921875,False
1773601679.0044842,1208,0,0,0,0,107.71146600018255,0.0,0.02144399331882596,4.2777369820988564,158.1,1001.0,False
1773601679.2369082,1209,0,0,0,0,106.34630799904699,0.0,0.020388994016684592,4.2858707718667794,159.2,998.875,False
1773601679.4710402,1210,0,0,0,0,108.01054100011243,0.0,0.021722000383306295,4.2858707718667794,158.0,998.875,False
1773601679.7055037,1211,0,0,0,0,108.13431999849854,0.0,0.02151799708371982,4.2858707718667794,157.8,1011.484375,False
1773601679.9358878,1212,0,0,0,0,104.89502100244863,0.0,0.019426996004767716,4.2858707718667794,164.9,1013.609375,False
1773601680.167064,1213,0,0,0,0,105.2693379970151,0.0,0.02127799962181598,4.2858707718667794,160.1,1003.125,False
1773601680.398092,1214,0,0,0,0,105.45832099887775,0.0,0.021240994101390243,4.305979580418144,168.8,1012.796875,False
1773601680.628865,1215,0,0,0,0,104.71718599728774,0.0,0.022444997739512473,4.305979580418144,147.3,1002.3125,False
1773601680.859367,1216,0,0,0,0,104.5829450013116,0.0,0.021628999093081802,4.305979580418144,156.2,1000.1875,False
1773601681.0890598,1217,0,0,0,0,104.50875900278334,0.0,0.020018000213894993,4.305979580418144,161.1,1012.796875,False
1773601681.3239074,1218,0,0,0,0,112.03923399443738,0.0,0.022389001969713718,4.305979580418144,195.9,1002.3125,False
1773601681.5781868,1219,0,0,0,0,126.97718499839539,0.0,0.021241001377347857,4.236954882630512,212.4,1012.796875,False
1773601681.8098068,1220,0,0,0,0,105.47183900052914,0.0,0.021943997126072645,4.236954882630512,159.7,1002.3125,False
1773601682.043265,1221,0,0,0,0,107.46446399571141,0.0,0.019370003428775817,4.236954882630512,158.5,1000.1875,False
1773601682.2734492,1222,0,0,0,0,104.84235400508624,0.0,0.019740997231565416,4.236954882630512,160.7,1000.203125,False
1773601682.5044785,1223,0,0,0,0,104.89152100490173,0.0,0.022167005226947367,4.236954882630512,164.5,1000.203125,False
1773601682.7386982,1224,0,0,0,0,107.92535500513623,0.0,0.021184998331591487,4.3084459347715285,158.0,1000.203125,False
1773601682.9698808,1225,0,0,0,0,104.80690900294576,0.0,0.020908002625219524,4.3084459347715285,155.7,1000.203125,False
1773601683.2047992,1226,0,0,0,0,107.96278199995868,0.0,0.021869993361178786,4.3084459347715285,149.0,1000.203125,False
1773601683.4382904,1227,0,0,0,0,107.57192700111773,0.0,0.022092994186095893,4.3084459347715285,158.5,1000.203125,False
1773601683.6698015,1228,0,0,0,0,105.53126599552343,0.0,0.02070399932563305,4.3084459347715285,155.5,1000.21875,False
1773601683.8997235,1229,0,0,0,0,103.67534599936334,0.0,0.02177799615310505,4.30653930474453,160.9,1000.21875,False
1773601684.1338196,1230,0,0,0,0,107.95685500488617,0.0,0.021797000954393297,4.30653930474453,158.1,1000.21875,False
1773601684.3677423,1231,0,0,0,0,108.06522700295318,0.0,0.020723004126921296,4.30653930474453,162.4,1000.21875,False
1773601684.601609,1232,0,0,0,0,108.07202300202334,0.0,0.02122199657605961,4.30653930474453,153.9,998.90625,False
1773601684.8356571,1233,0,0,0,0,108.04768899834016,0.0,0.022462998458649963,4.30653930474453,158.1,998.90625,False
1773601685.069766,1234,0,0,0,0,108.34170999441994,0.0,0.0208710043807514,4.273347249402753,162.3,998.90625,False
1773601685.3034055,1235,0,0,0,0,107.91902199707692,0.0,0.02109300112351775,4.273347249402753,158.4,998.90625,False
1773601685.5371776,1236,0,0,0,0,108.07217099500122,0.0,0.022037005692254752,4.273347249402753,162.5,998.90625,False
1773601685.770446,1237,0,0,0,0,108.03905999637209,0.0,0.01933299790835008,4.273347249402753,158.6,1011.515625,False
1773601686.0053263,1238,0,0,0,0,112.1197540051071,0.0,0.026204004825558513,4.273347249402753,195.8,1001.03125,False
1773601686.2553926,1239,0,0,0,0,124.2404250006075,0.0,0.02077800309052691,4.217182213508282,199.9,998.90625,False
1773601686.4902728,1240,0,0,0,0,108.29785800160607,0.0,0.021797000954393297,4.217182213508282,157.5,998.90625,False
1773601686.7253985,1241,0,0,0,0,108.94882499997038,0.0,0.021685002138838172,4.217182213508282,153.1,998.90625,False
1773601686.959104,1242,0,0,0,0,108.51226699742256,0.0,0.02098199911415577,4.217182213508282,162.6,998.90625,False
1773601687.1926198,1243,0,0,0,0,107.7592250003363,0.0,0.019760002032853663,4.217182213508282,158.5,998.90625,False
1773601687.4257588,1244,0,0,0,0,107.58935400372138,0.0,0.021593004930764437,3.9981535855543093,154.4,998.90625,False
1773601687.6604726,1245,0,0,0,0,108.21530099929078,0.0,0.020334002329036593,3.9981535855543093,153.4,998.90625,False
1773601688.138739,1246,1,0,0,0,108.60647100344067,243.36989099538187,0.013759003195445985,3.9981535855543093,179.8,965.15625,True
1773601688.6136038,1247,1,1,0,0,108.22733899840387,241.78788200515555,0.03214800381101668,2.9460423064280037,183.2,965.15625,True
1773601689.087701,1248,1,1,1,1,108.42369199963287,240.21692600217648,0.03535199357429519,2.9460423064280037,177.2,965.046875,True
1773601689.5619757,1249,1,1,1,0,108.30000599526102,240.69974399753846,0.03522200131556019,2.9460423064280037,181.3,965.265625,True
1773601690.03573,1250,1,1,1,0,108.12298699602252,240.54109600547235,0.03490800008876249,1.9785736103167069,181.5,977.875,True
1773601690.508746,1251,1,1,1,0,106.71582900249632,240.97032000281615,0.035166995075996965,1.9785736103167069,179.7,982.125,True
1773601690.981767,1252,1,1,1,0,106.83544100174913,241.08654400333762,0.035555000067688525,2.2102198484154125,177.6,986.375,True
1773601691.4538517,1253,1,1,1,0,106.64908799662953,240.23863099864684,0.0352040005964227,2.2102198484154125,182.2,990.625,True
1773601691.926389,1254,1,1,1,0,107.15986899595009,240.1574819959933,0.0352040005964227,2.2102198484154125,177.8,994.796875,True
1773601692.3988972,1255,1,1,1,0,106.84164499980398,240.39100200025132,0.03538899909472093,1.9854543113519614,179.9,996.921875,True
1773601692.8719816,1256,1,1,1,0,106.87003399652895,241.07135799567914,0.03477800055406988,1.9854543113519614,179.7,999.046875,True
1773601693.3439713,1257,1,1,1,0,107.0024789951276,240.31570499937516,0.03627800469985232,2.2142270405415965,180.1,1003.296875,True
1773601693.842511,1258,1,1,1,0,112.14149399893358,263.82698900124524,0.03577799361664802,2.2142270405415965,216.6,1005.40625,True
1773601694.3152437,1259,1,1,1,0,106.65114299627021,240.52148400369333,0.03511200338834897,2.2142270405415965,184.0,1009.65625,True
1773601694.7887228,1260,1,1,1,0,106.91375599708408,240.6951700031641,0.060999998822808266,1.9335820745868788,177.4,1011.78125,True
1773601695.2588193,1261,1,1,1,0,104.66290900512831,240.09957300586393,0.03490800008876249,1.9335820745868788,180.8,1013.90625,True
1773601695.7309902,1262,1,1,1,0,106.5182169986656,240.244648004591,0.035333003324922174,2.2178456835341387,175.8,1018.15625,True
1773601696.2023537,1263,1,1,1,0,106.86034800164634,239.71694200008642,0.03522200131556019,2.2178456835341387,182.4,1020.265625,True
1773601696.6753676,1264,1,1,1,0,106.5660879976349,241.2605630015605,0.034628996218089014,2.2178456835341387,179.7,1024.515625,True
1773601697.1470387,1265,1,1,1,0,106.79097800311865,239.84133199701319,0.035593002394307405,1.9865432579410975,184.5,1026.640625,True
1773601697.6220925,1266,1,1,1,0,108.18543100322131,240.72029999661027,0.03387000469956547,1.9865432579410975,176.8,1028.765625,True
1773601698.0941603,1267,1,1,1,0,106.77525500068441,240.24818599718856,0.03570399712771177,2.2117520914940196,182.2,1033.125,True
1773601698.567164,1268,1,1,1,0,106.65714299830142,241.13952499465086,0.034666998544707894,2.2117520914940196,181.8,1037.3125,True
1773601699.0386271,1269,1,1,1,0,105.7114519935567,240.6459849953535,0.03601799835450947,2.2117520914940196,182.4,1039.4375,True
1773601699.5108209,1270,1,1,1,0,106.81690400087973,240.0516100024106,0.03522200131556019,1.986079510344243,180.0,1039.4375,True
1773601699.9826946,1271,1,1,1,0,107.08560900093289,239.74892400292447,0.03607400140026584,1.986079510344243,182.3,1043.6875,True
1773601700.4676285,1272,1,1,1,0,106.6235879989108,252.84015700162854,0.03576000017346814,2.1954645360118548,177.3,1047.3125,True
1773601700.9404411,1273,1,1,1,0,107.13866500009317,240.47044600592926,0.035166995075996965,2.1954645360118548,181.9,1051.5625,True
1773601701.4127092,1274,1,1,1,0,107.07820200332208,240.239056001883,0.03585199738154188,2.1954645360118548,180.0,1053.6875,True
1773601701.8829904,1275,1,1,1,0,104.87166899838485,240.48213199421298,0.03618600021582097,1.9854016809841275,180.7,1057.9375,True
1773601702.3549097,1276,1,1,1,0,106.68416199769126,240.1663330019801,0.035019002098124474,1.9854016809841275,182.2,1060.046875,True
1773601702.8269398,1277,1,1,1,0,107.00314499990782,240.5139659967972,0.03879600262735039,2.219008480893521,180.1,1062.171875,True
1773601703.3339746,1278,1,0,1,0,111.29809999692952,273.65051599917933,0.022037005692254752,2.219008480893521,207.1,1066.421875,True
1773601703.806931,1279,1,0,1,0,106.99701699923025,240.9583010012284,0.02192600368289277,2.219008480893521,181.8,1068.546875,True
1773601704.2813547,1280,1,0,1,0,106.69445800158428,242.9046660035965,0.021833002392668277,1.9185845403667185,179.2,1070.609375,True
1773601704.5086138,1281,0,0,1,0,102.76406299817609,0.0,0.028055997972842306,1.9185845403667185,162.8,1107.296875,False
1773601704.7408333,1282,0,0,1,0,107.30818400043063,0.0,0.028982001822441816,1.9185845403667185,159.3,1111.53125,False
1773601704.9731479,1283,0,0,1,0,106.7122360036592,0.0,0.02785199467325583,3.6239950007355035,159.3,1113.671875,False
1773601705.20468,1284,0,0,1,0,106.13967799872626,0.0,0.028408001526258886,3.6239950007355035,164.1,1113.671875,False
1773601705.4376123,1285,0,0,1,0,106.93066300154896,0.0,0.029537004593294114,3.6239950007355035,158.8,1117.921875,False
1773601705.6701236,1286,0,0,1,0,106.8017920042621,0.0,0.02735199814196676,3.6239950007355035,163.4,1122.046875,False
1773601705.8992271,1287,0,0,1,0,103.14513899356825,0.0,0.02937100362032652,3.6239950007355035,157.1,1126.296875,False
1773601706.131211,1288,0,0,1,0,106.59842099994421,0.0,0.029852002626284957,4.317539530828436,159.5,1128.421875,False
1773601706.3633678,1289,0,0,1,0,106.53119799826527,0.0,0.029260001610964537,4.317539530828436,159.4,1132.671875,False
1773601706.5917132,1290,0,0,1,0,102.92604500136804,0.0,0.02961100108223036,4.317539530828436,162.0,1134.78125,False
1773601706.8220417,1291,0,0,1,0,104.15662699961103,0.0,0.0295369973173365,4.317539530828436,165.0,1136.90625,False
1773601707.0541558,1292,0,0,1,0,106.2552709990996,0.0,0.028277994715608656,4.317539530828436,159.4,1141.15625,False
1773601707.2845788,1293,0,0,0,0,105.268060004164,0.0,0.030203998903743923,4.335224817931687,156.2,1143.28125,False
1773601707.513578,1294,0,0,0,0,103.6557539991918,0.0,0.029370996344368905,4.335224817931687,157.2,1145.40625,False
1773601707.7456453,1295,0,0,0,0,106.53275399818085,0.0,0.027834001230075955,4.335224817931687,163.7,1149.65625,False
1773601707.9769216,1296,0,0,0,0,106.42603099404369,0.0,0.028943999495822936,4.335224817931687,160.0,1153.890625,False
1773601708.2054121,1297,0,0,0,0,103.0678059978527,0.0,0.028371003281790763,4.335224817931687,157.6,1156.015625,False
1773601708.4393559,1298,0,0,0,0,111.88421500264667,0.0,0.030295996111817658,4.329794528254868,188.1,1156.015625,False
1773601708.69001,1299,0,0,0,0,122.39211699488806,0.0,0.02877799852285534,4.329794528254868,195.5,1160.265625,False
1773601708.922236,1300,0,0,0,0,106.64264400111279,0.0,0.028055997972842306,4.329794528254868,159.3,1164.40625,False
1773601709.1543827,1301,0,0,0,0,106.81951500009745,0.0,0.027611000405158848,4.329794528254868,155.1,1168.65625,False
1773601710.6727312,1302,0,0,0,0,106.91457099892432,0.0,0.028704002033919096,1.7910019350941226,108.7,1170.78125,False
1773601710.8932307,1303,0,0,0,0,101.94635299558286,0.0,0.03209299757145345,1.7910019350941226,149.7,1090.359375,False
1773601711.1194441,1304,0,0,0,0,108.52115500165382,0.0,0.03338899841764942,1.7910019350941226,159.1,961.28125,False
1773601711.3491929,1305,0,0,0,0,106.2747149990173,0.0,0.02776000474113971,1.7910019350941226,156.7,993.734375,False
1773601711.5803292,1306,0,0,0,0,106.44053100259043,0.0,0.028685004508588463,1.7910019350941226,147.1,961.296875,False
1773601711.812835,1307,0,0,0,0,106.67821800598176,0.0,0.02800000220304355,4.385568280983927,154.8,963.296875,False
1773601712.0424008,1308,0,0,0,0,106.46567899675574,0.0,0.028593000024557114,4.385568280983927,165.5,995.734375,False
1773601712.2730453,1309,0,0,0,0,106.83523699844955,0.0,0.01979599619517103,4.385568280983927,151.7,969.6875,False
1773601712.5051677,1310,0,0,0,0,106.83903400058625,0.0,0.02018499799305573,4.385568280983927,163.7,973.921875,False
1773601712.7353702,1311,0,0,0,0,106.68647699640132,0.0,0.021797000954393297,4.385568280983927,156.4,993.75,False
1773601712.9673996,1312,0,0,0,0,106.51590199995553,0.0,0.019908002286683768,4.330692222438133,155.2,993.75,False
1773601713.2001345,1313,0,0,0,0,107.07394200289855,0.0,0.02051900082733482,4.330692222438133,159.0,993.75,False
1773601713.432972,1314,0,0,0,0,107.16331300500315,0.0,0.019277998944744468,4.330692222438133,154.6,993.75,False
1773601713.6651566,1315,0,0,0,0,106.85503399872687,0.0,0.020389001292642206,4.330692222438133,163.7,993.75,False
1773601713.8966787,1316,0,0,0,0,106.3436409967835,0.0,0.020499996026046574,4.330692222438133,155.5,993.75,False
1773601714.1282408,1317,0,0,0,0,106.21528900082922,0.0,0.01987099676625803,4.307195596586533,164.1,995.75,False
1773601714.3633115,1318,0,0,0,0,112.6685350027401,0.0,0.023518005036748946,4.307195596586533,187.2,999.984375,False
1773601714.6118352,1319,0,0,0,0,122.46348800545093,0.0,0.02081500133499503,4.307195596586533,209.2,1002.125,False
1773601714.844089,1320,0,0,0,0,106.28456700214883,0.0,0.020204002794343978,4.307195596586533,155.0,1006.359375,False
1773601715.0773816,1321,0,0,0,0,107.24133299663663,0.0,0.022221996914595366,4.307195596586533,154.3,998.0,False
1773601715.3102105,1322,0,0,0,0,107.52931599563453,0.0,0.02074000076390803,3.951953420455624,163.2,1012.734375,False
1773601715.5373862,1323,0,0,0,0,101.60827700019581,0.0,0.020980995032005012,3.951953420455624,158.5,1002.234375,False
1773601715.771733,1324,0,0,0,0,107.88016999867978,0.0,0.02044499706244096,3.951953420455624,162.2,1011.921875,False
1773601716.0048811,1325,0,0,0,0,106.76868200243916,0.0,0.02118599513778463,3.951953420455624,154.4,1001.421875,False
1773601716.2387974,1326,0,0,0,0,107.36322199954884,0.0,0.021110994566697627,4.552132574887681,149.6,1011.921875,False
1773601716.4723768,1327,0,0,0,0,106.8147370024235,0.0,0.020870000298600644,4.552132574887681,154.1,1001.421875,False
1773601716.7077577,1328,0,0,0,0,108.16804299975047,0.0,0.02029700408456847,4.552132574887681,148.7,1013.234375,False
1773601716.9402447,1329,0,0,0,0,106.79503299616044,0.0,0.020111001504119486,4.552132574887681,154.8,1002.734375,False
1773601717.1737726,1330,0,0,0,0,107.45185299310833,0.0,0.020389001292642206,4.552132574887681,154.2,1013.234375,False
1773601717.401037,1331,0,0,0,0,101.34483100409852,0.0,0.020870997104793787,4.302009982319343,158.4,1002.734375,False
1773601717.634622,1332,0,0,0,0,108.0818940026802,0.0,0.0207960038096644,4.302009982319343,154.1,1000.625,False
1773601717.867981,1333,0,0,0,0,107.84433599474141,0.0,0.021425999875646085,4.302009982319343,162.8,1011.109375,False
1773601718.0997458,1334,0,0,0,0,106.37423400476109,0.0,0.020314997527748346,4.302009982319343,159.6,1013.234375,False
1773601718.3293447,1335,0,0,0,0,103.70964300091146,0.0,0.02235199644928798,4.302009982319343,156.8,1002.734375,False
1773601718.5605242,1336,0,0,0,0,105.48708100395743,0.0,0.019797000277321786,4.3123476162383385,155.7,1013.234375,False
1773601718.7892654,1337,0,0,0,0,103.38178900565254,0.0,0.019851002434734255,4.3123476162383385,161.7,1002.734375,False
1773601719.02095,1338,0,0,0,0,108.9828070034855,0.0,0.02211199898738414,4.3123476162383385,194.2,1011.609375,False
1773601719.269064,1339,0,0,0,0,121.55118599912385,0.0,0.021482002921402454,4.3123476162383385,205.5,1001.125,False
1773601719.5025113,1340,0,0,0,0,107.44159299792955,0.0,0.019537001207936555,4.3123476162383385,154.2,1011.609375,False
1773601719.7309809,1341,0,0,0,0,102.9993230040418,0.0,0.022259002435021102,3.9802765683658325,157.6,1013.734375,False
1773601719.9597318,1342,0,0,0,0,103.30621400498785,0.0,0.02081500133499503,3.9802765683658325,153.0,1003.25,False
1773601720.1935966,1343,0,0,0,0,107.83150300267152,0.0,0.01996300125028938,3.9802765683658325,158.2,1001.125,False
1773601720.4273062,1344,0,0,0,0,106.63621700223302,0.0,0.019758997950702906,3.9802765683658325,149.8,1007.375,False
1773601720.65714,1345,0,0,0,0,103.48391900333809,0.0,0.02109300112351775,4.580106525075849,152.3,999.0,False
1773601720.890792,1346,0,0,0,0,107.05303499707952,0.0,0.020036997739225626,4.580106525075849,158.4,1011.609375,False
1773601721.120284,1347,0,0,0,0,103.985237001325,0.0,0.022259999241214246,4.580106525075849,156.9,1001.125,False
1773601721.353989,1348,0,0,0,0,107.73083600361133,0.0,0.02053700154647231,4.580106525075849,154.0,999.0,False
1773601721.588,1349,0,0,0,0,107.92002200469142,0.0,0.019703998987097293,4.580106525075849,162.4,1011.609375,False
1773601721.8189216,1350,0,0,0,0,104.22896099771606,0.0,0.021406995074357837,4.3037394876930595,151.6,1001.125,False
1773601722.0527928,1351,0,0,0,0,107.68368699791608,0.0,0.020795996533706784,4.3037394876930595,162.5,1011.609375,False
1773601722.2856824,1352,0,0,0,0,107.23611099820118,0.0,0.019721999706234783,4.3037394876930595,154.6,1001.125,False
1773601722.5195704,1353,0,0,0,0,108.18519000167726,0.0,0.021241001377347857,4.3037394876930595,153.9,999.0,False
1773601722.7537892,1354,0,0,0,0,108.58776699751616,0.0,0.02053700154647231,4.3037394876930595,162.2,999.0,False
1773601722.9875925,1355,0,0,0,0,108.27804300060961,0.0,0.02149999636458233,4.278371431608243,158.3,999.0,False
1773601723.2335622,1356,0,0,0,0,119.84743399807485,0.0,0.022036998416297138,4.278371431608243,158.6,1010.296875,False
1773601723.4622254,1357,0,0,0,0,103.37699299998349,0.0,0.022185005946084857,4.278371431608243,161.8,997.6875,False
1773601723.699255,1358,0,0,0,0,114.07704400335206,0.0,0.022462998458649963,4.278371431608243,198.3,997.6875,False
1773601723.9507086,1359,0,0,0,0,124.73044699436286,0.0,0.021945001208223403,4.278371431608243,206.8,997.6875,False
1773601724.1834586,1360,0,0,0,0,107.08548000548035,0.0,0.021314997866284102,3.8979352152316995,159.0,997.6875,False
1773601724.412423,1361,0,0,0,0,103.56766099721426,0.0,0.019537001207936555,3.8979352152316995,161.6,1006.0625,False
1773601724.6451576,1362,0,0,0,0,107.09012799634365,0.0,0.022334003006108105,3.8979352152316995,154.7,997.6875,False
1773601724.876592,1363,0,0,0,0,105.56152500066673,0.0,0.021907995687797666,3.8979352152316995,151.3,997.6875,False
1773601725.111506,1364,0,0,0,0,108.03563399531413,0.0,0.020888997823931277,4.554878177242506,161.7,997.703125,False
1773601725.3425865,1365,0,0,0,0,104.77572400122881,0.0,0.02053700154647231,4.554878177242506,155.8,997.703125,False
1773601725.5730498,1366,0,0,0,0,104.40481400291901,0.0,0.0215559994103387,4.554878177242506,156.2,997.703125,False
1773601725.8029253,1367,0,0,0,0,104.15212699444965,0.0,0.0204820025828667,4.554878177242506,156.6,997.703125,False
1773601726.0338173,1368,0,0,0,0,104.97611399478046,0.0,0.020722996850963682,4.554878177242506,160.2,997.703125,False
1773601726.2639852,1369,0,0,0,0,104.38296199572505,0.0,0.02098199911415577,4.3384731998192745,160.8,997.703125,False
1773601726.496701,1370,0,0,0,0,106.74344099970767,0.0,0.020870997104793787,4.3384731998192745,159.0,1003.9375,False
1773601726.7275932,1371,0,0,0,0,105.10309600067558,0.0,0.020036997739225626,4.3384731998192745,155.9,997.703125,False
1773601726.9581046,1372,0,0,0,0,105.19352299888851,0.0,0.020685001800302416,4.3384731998192745,160.5,997.703125,False
1773601727.1910367,1373,0,0,0,0,106.87297800177475,0.0,0.020556006347760558,4.3384731998192745,158.8,1006.078125,False
1773601727.4237318,1374,0,0,0,0,107.01049799536122,0.0,0.019851999240927398,4.311316581063323,154.7,1010.3125,False
1773601727.6562004,1375,0,0,0,0,106.99625699635362,0.0,0.021296997147146612,4.311316581063323,159.2,999.828125,False
1773601727.8890703,1376,0,0,0,0,107.35016600665404,0.0,0.020612002117559314,4.311316581063323,163.2,1009.8125,False
1773601728.1208656,1377,0,0,0,0,106.66523599502398,0.0,0.020334002329036593,4.311316581063323,159.6,1011.9375,False
1773601728.3531263,1378,0,0,0,0,109.67781199724413,0.0,0.023685002815909684,4.311316581063323,193.8,1001.4375,False
1773601728.6047323,1379,0,0,0,0,124.27851800021017,0.0,0.02253699494758621,4.233699419841509,210.6,999.328125,False
1773601728.8362157,1380,0,0,0,0,105.71647100005066,0.0,0.02185199991799891,4.233699419841509,155.5,997.203125,False
1773601729.069313,1381,0,0,0,0,107.16525799944066,0.0,0.020314997527748346,4.233699419841509,158.7,1008.5,False
1773601729.2986608,1382,0,0,0,0,103.57366000243928,0.0,0.022296000679489225,4.233699419841509,148.3,998.015625,False
1773601729.5287468,1383,0,0,0,0,104.08218200609554,0.0,0.021111998648848385,4.233699419841509,156.5,1010.625,False
1773601729.7578807,1384,0,0,0,0,103.44634499779204,0.0,0.021814994397573173,4.335937395007934,161.5,1000.125,False
1773601729.9883409,1385,0,0,0,0,104.23553500004346,0.0,0.02159200084861368,4.335937395007934,156.2,1008.5,False
1773601730.218354,1386,0,0,0,0,103.14719400048489,0.0,0.020908002625219524,4.335937395007934,147.8,1010.625,False
1773601730.4505525,1387,0,0,0,0,106.6750320023857,0.0,0.02222200419055298,4.335937395007934,155.0,1000.125,False
1773601730.6821618,1388,0,0,0,0,105.02192900457885,0.0,0.02146300539607182,4.335937395007934,159.8,1009.8125,False
1773601730.913871,1389,0,0,0,0,105.93815700121922,0.0,0.02062999556073919,4.325283979583334,159.7,999.328125,False
1773601731.1453407,1390,0,0,0,0,105.45746899879305,0.0,0.0202410010388121,4.325283979583334,159.8,997.203125,False
1773601731.3752131,1391,0,0,0,0,103.66168000473408,0.0,0.02105600287904963,4.325283979583334,156.6,1007.6875,False
1773601731.6049876,1392,0,0,0,0,103.57234600087395,0.0,0.022054999135434628,4.325283979583334,156.7,997.203125,False
1773601731.834917,1393,0,0,0,0,103.89501499594189,0.0,0.021815001673530787,4.325283979583334,160.9,995.078125,False
1773601732.0690844,1394,0,0,0,0,107.95100399991497,0.0,0.020612002117559314,4.328245897545441,149.5,1007.703125,False
1773601732.2999868,1395,0,0,0,0,105.11459699773695,0.0,0.02099999983329326,4.328245897545441,151.6,997.21875,False
1773601732.5302038,1396,0,0,0,0,104.30209100013599,0.0,0.02077800309052691,4.328245897545441,165.1,1007.703125,False
1773601732.7596402,1397,0,0,0,0,103.90258799452567,0.0,0.01953699393197894,4.328245897545441,161.3,1009.828125,False
1773601732.9930232,1398,0,0,0,0,110.80385599780129,0.0,0.02309299452463165,4.328245897545441,192.8,999.34375,False
1773601733.2463977,1399,0,0,0,0,125.9126769946306,0.0,0.021222003852017224,4.246962942921877,213.1,1005.578125,False
1773601733.4791968,1400,0,0,0,0,107.10896199452691,0.0,0.02163000317523256,4.246962942921877,150.3,995.09375,False
1773601733.712829,1401,0,0,0,0,107.6903540015337,0.0,0.021758998627774417,4.246962942921877,166.9,1003.453125,False
1773601733.942777,1402,0,0,0,0,104.53263000090374,0.0,0.02133400266757235,4.246962942921877,152.2,997.21875,False
1773601734.1750283,1403,0,0,0,0,106.43736399651971,0.0,0.02076000237138942,4.246962942921877,159.3,1009.828125,False
1773601734.4064786,1404,0,0,0,0,105.01366999960737,0.0,0.021073996322229505,4.310032687697362,155.5,999.34375,False
1773601734.6387281,1405,0,0,0,0,105.39926499768626,0.0,0.022166997950989753,4.310032687697362,163.6,1009.015625,False
1773601734.8682218,1406,0,0,0,0,103.17312099505216,0.0,0.02083300205413252,4.310032687697362,156.9,998.53125,False
1773601735.098895,1407,0,0,0,0,104.56940800213488,0.0,0.019797000277321786,4.310032687697362,156.1,1009.015625,False
1773601735.3282206,1408,0,0,0,0,103.71727299934719,0.0,0.020093000784981996,4.310032687697362,157.0,998.53125,False
1773601735.5626001,1409,0,0,0,0,108.16256099496968,0.0,0.02175999543396756,4.324863855028368,162.1,996.40625,False
1773601735.7969527,1410,0,0,0,0,108.23646899370942,0.0,0.021277002815622836,4.324863855028368,157.9,996.40625,False
1773601736.0300124,1411,0,0,0,0,107.04114599502645,0.0,0.0204820025828667,4.324863855028368,158.8,1004.78125,False
1773601736.264011,1412,0,0,0,0,107.56161199969938,0.0,0.021649000700563192,4.324863855028368,149.6,996.421875,False
1773601736.4967408,1413,0,0,0,0,107.11214599723462,0.0,0.041371000406797975,4.324863855028368,159.0,1004.796875,False
1773601736.7301083,1414,0,0,0,0,107.73631700430997,0.0,0.020054998458363116,4.282579964287873,158.5,996.421875,False
1773601736.963855,1415,0,0,0,0,107.16309099370847,0.0,0.020277999283280224,4.282579964287873,149.7,1004.796875,False
1773601737.440803,1416,1,0,0,0,107.41401899576886,243.81787599850213,0.014833000022917986,4.282579964287873,184.5,963.984375,True
1773601737.9174287,1417,2,0,0,0,108.46308199688792,242.3235889946227,0.014982004358898848,2.5266901713615146,178.3,976.59375,True
1773601738.4181893,1418,1,0,0,0,112.2491239948431,266.36472799873445,0.014240999007597566,2.5266901713615146,209.7,963.984375,True
1773601738.893263,1419,1,1,0,0,107.82602099789074,242.02466000133427,0.0338890022248961,2.5266901713615146,178.9,976.578125,True
1773601739.3640876,1420,1,0,0,0,104.47762900002999,241.237396003271,0.02212999970652163,1.9258880701167136,182.7,966.09375,True
1773601739.8351512,1421,1,0,0,0,104.24018400226487,241.6289169996162,0.02133400266757235,1.9258880701167136,178.3,976.609375,True
1773601740.3046305,1422,1,0,0,0,103.49888199561974,241.04876500496175,0.021629995899274945,2.224377495216397,185.3,966.171875,True
1773601740.7791238,1423,1,0,0,0,107.74761300126556,241.50906399881933,0.02140700235031545,2.224377495216397,179.1,976.65625,True
1773601741.2527685,1424,1,0,0,0,106.62803299783263,241.29937799443724,0.02242600021418184,2.224377495216397,179.5,966.1875,True
1773601741.724586,1425,1,0,0,0,103.94968099717516,241.247450998344,0.02114900416927412,1.9771056074504234,178.0,976.671875,True
1773601742.1946867,1426,2,0,0,0,103.73592100222595,240.86461599654285,0.023982000129763037,1.9771056074504234,178.7,966.1875,True
1773601742.6662486,1427,1,0,0,0,105.34404299687594,241.1323580017779,0.01412900019204244,2.222124661305957,180.3,964.0625,True
1773601743.1370056,1428,1,0,0,0,104.86281700286781,240.5407810001634,0.014037002983968705,2.222124661305957,180.6,964.0625,True
1773601743.6105115,1429,1,1,0,0,106.60651299986057,241.94264099787688,0.031741001293994486,2.222124661305957,181.6,964.078125,True
1773601744.0813687,1430,1,1,1,1,104.80129800271243,240.58698499720776,0.03499999729683623,1.9859760667929,180.5,964.015625,True
1773601744.5545485,1431,1,1,1,0,107.68407599971397,240.47928000072716,0.03570300032151863,1.9859760667929,181.8,978.75,True
1773601745.0264082,1432,1,1,1,0,106.10651000024518,240.8824310041382,0.03490800008876249,2.21712546255044,180.1,980.875,True
1773601745.498265,1433,1,1,1,0,106.54934699414298,240.44035400584107,0.03486999776214361,2.21712546255044,182.3,985.125,True
1773601745.9712045,1434,1,1,1,0,106.78419999749167,241.12724699807586,0.03533400013111532,2.21712546255044,181.8,987.25,True
1773601746.4406085,1435,1,1,1,0,103.32425099477405,240.83741199865472,0.03564800135791302,1.9852292420963997,179.0,989.375,True
1773601746.9128737,1436,1,1,1,0,106.97686800267547,240.44287200376857,0.03594400186557323,1.9852292420963997,182.1,993.578125,True
1773601747.3831022,1437,1,1,1,0,104.87657600606326,240.56076200213283,0.03514799755066633,2.223468348619233,182.9,995.703125,True
1773601747.8816984,1438,1,1,1,0,111.99669699999504,264.3714919977356,0.036666999221779406,2.223468348619233,212.6,997.828125,True
1773601748.3594987,1439,1,1,1,0,106.88275600114139,245.26760799926706,0.034834003599826247,2.223468348619233,175.8,1002.09375,True
1773601748.8341641,1440,1,1,1,0,107.06670199579094,242.5155340024503,0.03542599733918905,1.9251574691292577,179.1,991.59375,True
1773601749.3065834,1441,1,0,1,0,107.56166800274514,240.00768399855588,0.021610998373944312,1.9251574691292577,182.0,1003.125,True
1773601749.7981203,1442,1,1,1,0,109.02699299913365,257.40131600468885,0.03576000017346814,2.1800101906617018,177.0,996.875,True
1773601750.271612,1443,1,1,1,0,108.05950500071049,240.70091100293212,0.03455499972915277,2.1800101906617018,181.6,1011.609375,True
1773601750.7446759,1444,1,1,1,0,105.93936099758139,241.88993700227002,0.03538899909472093,2.1800101906617018,181.8,1005.359375,True
1773601751.2204747,1445,1,1,1,0,107.41611100092996,242.80946199723985,0.035759003367275,1.981930020826713,178.6,1020.109375,True
1773601751.6924882,1446,1,1,1,0,103.4420299984049,241.96586300240597,0.03548200038494542,1.981930020826713,175.8,1022.21875,True
1773601752.1620955,1447,1,1,1,0,103.90673599613365,240.82237500260817,0.03496399585856125,2.2142554846011997,181.0,1026.484375,True
1773601752.6346834,1448,1,1,1,0,106.61668000102509,240.65826200239826,0.0361299971700646,2.2142554846011997,184.1,1028.59375,True
1773601753.1069126,1449,1,1,1,0,106.2326769970241,240.49118700349936,0.03483399632386863,2.2142554846011997,180.0,1030.71875,True
1773601753.579674,1450,1,0,1,0,106.58595700078877,241.04395099857356,0.021814004867337644,1.98536502934047,179.8,1034.96875,True
1773601754.0517066,1451,1,0,1,0,106.52760599623434,240.56255799951032,0.021537001885008067,1.98536502934047,180.1,1039.21875,True
1773601754.519982,1452,1,0,1,0,102.8370259955409,240.50463199819205,0.021629995899274945,2.2213914626507743,183.7,1041.328125,True
1773601754.9864025,1453,1,0,1,0,101.22942300222348,240.67841099895304,0.022258995159063488,2.2213914626507743,180.1,1043.453125,True
1773601755.457991,1454,1,0,1,0,106.32236299716169,240.14985199755756,0.02135200338670984,2.2213914626507743,182.4,1045.578125,True
1773601755.9320486,1455,1,0,1,0,107.18259200075408,241.81178800063208,0.02107400359818712,1.9991673123134108,179.3,1049.828125,True
1773601756.4037533,1456,1,0,1,0,106.77977399609517,240.07451799843693,0.021464002202264965,1.9991673123134108,180.2,1051.953125,True
1773601756.8755922,1457,1,0,1,0,106.42719700263115,240.900764001708,0.022000000171829015,2.213716340782049,175.9,1056.203125,True
1773601757.3713129,1458,1,0,1,0,111.79439999978058,261.74104900565,0.021778003429062665,2.213716340782049,215.8,1058.234375,True
1773601757.8416185,1459,1,0,1,0,103.47464199730894,242.14084599952912,0.0215559994103387,2.213716340782049,180.7,1062.484375,True
1773601758.3116698,1460,1,0,1,0,102.5926910006092,242.56396000419045,0.02185199991799891,1.9446573207170046,178.7,1064.71875,True
1773601758.7835364,1461,1,0,1,0,105.03524399973685,242.3971440002788,0.022389001969713718,1.9446573207170046,180.1,1066.859375,True
1773601759.256281,1462,1,0,1,0,106.47669799800497,241.012412996497,0.022241001715883613,2.218556202259406,179.8,1071.109375,True
1773601759.487656,1463,0,0,1,0,106.54775400325889,0.0,0.028148002456873655,2.218556202259406,159.9,1107.78125,False
1773601759.7212374,1464,0,0,1,0,106.95573799603153,0.0,0.027667003450915217,2.218556202259406,158.4,1109.90625,False
1773601759.950909,1465,0,0,0,0,104.09049699956086,0.0,0.030574999982491136,2.218556202259406,161.1,1112.03125,False
1773601760.1818671,1466,0,0,0,0,105.01905899582198,0.0,0.028111004212405533,2.218556202259406,151.5,1116.28125,False
1773601760.4142778,1467,0,0,0,0,106.45164300512988,0.0,0.027815003704745322,4.317841770907433,159.2,1118.390625,False
1773601760.6468563,1468,0,0,0,0,106.6138289970695,0.0,0.030204006179701537,4.317841770907433,163.4,1122.640625,False
1773601760.878315,1469,0,0,0,0,105.91697200288763,0.0,0.028611000743694603,4.317841770907433,155.5,1124.765625,False
1773601761.1091506,1470,0,0,0,0,105.26665300130844,0.0,0.02785199467325583,4.317841770907433,160.3,1129.015625,False
1773601761.3382187,1471,0,0,0,0,103.13212100300007,0.0,0.02811099693644792,4.317841770907433,152.8,1131.140625,False
1773601761.5661988,1472,0,0,0,0,102.83109999727458,0.0,0.02866699651349336,4.340593279046389,162.3,1133.25,False
1773601761.7971313,1473,0,0,0,0,105.04639300052077,0.0,0.028982001822441816,4.340593279046389,155.9,1137.515625,False
1773601763.1449864,1474,0,0,0,0,106.45966100128135,0.0,0.026906993298325688,1.2667659911574425,110.5,1141.75,False
1773601763.3652987,1475,0,0,0,0,101.53805399750127,0.0,0.030240997148212045,1.2667659911574425,149.8,1060.40625,False
1773601763.586603,1476,0,0,0,0,103.89518099691486,0.0,0.034147997212130576,1.2667659911574425,158.2,961.4375,False
1773601763.817378,1477,0,0,0,0,107.37433299800614,0.0,0.028593000024557114,1.2667659911574425,151.7,993.90625,False
1773601764.0501068,1478,0,0,0,0,111.80075100128306,0.0,0.030500006687361747,1.2667659911574425,193.4,961.46875,False
1773601764.303269,1479,0,0,0,0,126.72384900361067,0.0,0.0284630004898645,4.316876528782958,213.3,963.46875,False
1773601764.5331485,1480,0,0,0,0,106.62934799620416,0.0,0.028369999199640006,4.316876528782958,161.0,995.90625,False
1773601764.7628248,1481,0,0,0,0,105.76580400083913,0.0,0.02033399505307898,4.316876528782958,156.7,974.078125,False
1773601764.9928277,1482,0,0,0,0,106.30506699817488,0.0,0.02033399505307898,4.316876528782958,156.5,978.328125,False
1773601765.2226212,1483,0,0,0,0,106.42473400366725,0.0,0.021055995603092015,4.316876528782958,156.7,998.15625,False
1773601765.4551651,1484,0,0,0,0,107.98672600503778,0.0,0.018833998183254153,4.340680425302035,146.2,980.453125,False
1773601765.6839044,1485,0,0,0,0,103.93831100373063,0.0,0.02242600021418184,4.340680425302035,153.0,972.078125,False
1773601765.9135363,1486,0,0,0,0,106.7617730004713,0.0,0.019591992895584553,4.340680425302035,156.8,1004.515625,False
1773601766.145316,1487,0,0,0,0,106.486420998408,0.0,0.019186001736670732,4.340680425302035,155.3,1004.515625,False
1773601766.3736086,1488,0,0,0,0,102.86680400167825,0.0,0.0204820025828667,4.340680425302035,162.1,1004.515625,False
1773601766.603212,1489,0,0,0,0,104.07416400266811,0.0,0.021407999156508595,4.355243305882268,161.1,1004.515625,False
1773601766.8358598,1490,0,0,0,0,106.43378999520792,0.0,0.020610998035408556,4.355243305882268,159.0,1004.515625,False
1773601767.0677083,1491,0,0,0,0,106.3406409957679,0.0,0.019241000700276345,4.355243305882268,155.3,1004.515625,False
1773601767.2979932,1492,0,0,0,0,104.75785400194582,0.0,0.01987099676625803,4.355243305882268,152.0,1009.140625,False
1773601767.5299625,1493,0,0,0,0,106.5006610006094,0.0,0.021075000404380262,4.355243305882268,163.8,1011.265625,False
1773601767.7619872,1494,0,0,0,0,106.6998850001255,0.0,0.02157400012947619,4.314954441128391,159.5,997.84375,False
1773601767.9953785,1495,0,0,0,0,107.59126099583227,0.0,0.02064799627987668,4.314954441128391,162.8,1010.453125,False
1773601768.2278366,1496,0,0,0,0,106.99847999785561,0.0,0.020612002117559314,4.314954441128391,159.2,999.96875,False
1773601768.4616022,1497,0,0,0,0,107.92792999563972,0.0,0.020962994312867522,4.314954441128391,149.7,997.84375,False
1773601768.6978981,1498,0,0,0,0,113.63013300433522,0.0,0.022444997739512473,4.314954441128391,194.7,1012.578125,False
1773601768.9464018,1499,0,0,0,0,122.51480300619733,0.0,0.021129999367985874,4.221416469416474,205.2,1002.09375,False
1773601769.1799521,1500,0,0,0,0,107.80633700051112,0.0,0.02046299778157845,4.221416469416474,158.4,999.96875,False
1773601769.4096918,1501,0,0,0,0,104.24201699788682,0.0,0.021740997908636928,4.221416469416474,165.4,997.84375,False
1773601769.6425626,1502,0,0,0,0,107.6275200030068,0.0,0.02083400613628328,4.221416469416474,158.9,1010.453125,False
1773601769.875093,1503,0,0,0,0,106.8472010010737,0.0,0.0209259960683994,4.221416469416474,154.8,999.96875,False
1773601770.108168,1504,0,0,0,0,107.27244400186464,0.0,0.019944003724958748,4.303826926869592,150.2,1010.453125,False
1773601770.3406167,1505,0,0,0,0,106.50904900103342,0.0,0.02046299778157845,4.303826926869592,159.2,999.96875,False
1773601770.571285,1506,0,0,0,0,104.7524639943731,0.0,0.021537001885008067,4.303826926869592,151.7,997.84375,False
1773601770.8025079,1507,0,0,0,0,105.63215499860235,0.0,0.020945000869687647,4.303826926869592,160.0,997.84375,False
1773601771.0347311,1508,0,0,0,0,106.47945699747652,0.0,0.021371000912040472,4.303826926869592,159.3,997.84375,False
1773601771.2680697,1509,0,0,0,0,107.56887200113852,0.0,0.021351996110752225,4.310723715381303,162.9,1010.453125,False
1773601771.5006108,1510,0,0,0,0,106.80395999952452,0.0,0.020222003513481468,4.310723715381303,159.2,999.96875,False
1773601771.730863,1511,0,0,0,0,104.5952779968502,0.0,0.02098199911415577,4.310723715381303,160.6,1010.453125,False
1773601771.9637501,1512,0,0,0,0,107.05294299987145,0.0,0.02070399932563305,4.310723715381303,154.6,999.984375,False
1773601772.1963806,1513,0,0,0,0,107.1355720050633,0.0,0.022093001462053508,4.310723715381303,163.3,1009.15625,False
1773601772.426827,1514,0,0,0,0,104.82381699694088,0.0,0.019037004676647484,4.314943787373665,160.6,1011.28125,False
1773601772.6570733,1515,0,0,0,0,104.88663199794246,0.0,0.021371000912040472,4.314943787373665,160.7,1000.796875,False
1773601772.8878157,1516,0,0,0,0,104.99502099992242,0.0,0.023222994059324265,4.314943787373665,164.7,1010.46875,False
1773601773.1194625,1517,0,0,0,0,106.63177300011739,0.0,0.022092004655860364,4.314943787373665,159.7,999.984375,False
1773601773.3549874,1518,0,0,0,0,112.77451700152596,0.0,0.020851999579463154,4.314943787373665,195.3,1010.46875,False
1773601773.606024,1519,0,0,0,0,124.30718499672366,0.0,0.02212999970652163,4.2401767764739615,207.1,999.984375,False
1773601773.8394709,1520,0,0,0,0,107.70513200259302,0.0,0.020332998246885836,4.2401767764739615,158.5,997.859375,False
1773601774.0700324,1521,0,0,0,0,104.58342600031756,0.0,0.020667001081164926,4.2401767764739615,160.5,1010.46875,False
1773601774.2989316,1522,0,0,0,0,103.56404900085181,0.0,0.02025900175794959,4.2401767764739615,161.6,999.984375,False
1773601774.532364,1523,0,0,0,0,104.14803500316339,0.0,0.020648003555834293,4.2401767764739615,158.5,997.859375,False
1773601774.765833,1524,0,0,0,0,107.88213300111238,0.0,0.021537001885008067,4.311080833176759,158.5,997.875,False
1773601774.9995716,1525,0,0,0,0,108.14563500025542,0.0,0.021258994820527732,4.311080833176759,162.6,997.875,False
1773601775.2308047,1526,0,0,0,0,104.69811200164258,0.0,0.021332998585421592,4.311080833176759,155.7,997.875,False
1773601775.4605505,1527,0,0,0,0,104.73826000088593,0.0,0.020963001588825136,4.311080833176759,161.1,997.875,False
1773601775.6924,1528,0,0,0,0,106.49303100217367,0.0,0.019352002709638327,4.311080833176759,163.9,1012.609375,False
1773601775.9254777,1529,0,0,0,0,106.78216300584609,0.0,0.022277999960351735,4.311656954319897,154.5,1002.125,False
1773601776.1581898,1530,0,0,0,0,107.36312899825862,0.0,0.020314997527748346,4.311656954319897,159.0,1013.921875,False
1773601776.3876636,1531,0,0,0,0,103.6919200050761,0.0,0.02135200338670984,4.311656954319897,161.2,1003.4375,False
1773601776.620642,1532,0,0,0,0,107.63859399594367,0.0,0.02148199564544484,4.311656954319897,163.1,1001.3125,False
1773601776.8541489,1533,0,0,0,0,107.61233499943046,0.0,0.020703002519439906,4.311656954319897,154.2,999.1875,False
1773601777.0852547,1534,0,0,0,0,105.5231360005564,0.0,0.021314997866284102,4.311186296149425,160.1,999.1875,False
1773601777.3149157,1535,0,0,0,0,104.07403400313342,0.0,0.021297004423104227,4.311186296149425,161.1,999.1875,False
1773601777.5450137,1536,0,0,0,0,104.5919629978016,0.0,0.021740997908636928,4.311186296149425,160.8,999.1875,False
1773601777.7788181,1537,0,0,0,0,107.94917099701706,0.0,0.019592000171542168,4.311186296149425,162.5,1011.796875,False
1773601778.00992,1538,0,0,0,0,108.33143200579798,0.0,0.021537001885008067,4.311186296149425,194.7,1013.921875,False
1773601778.2622828,1539,0,0,0,0,125.5546559987124,0.0,0.02222299372078851,4.248003866476908,206.1,1003.4375,False
1773601778.4919868,1540,0,0,0,0,103.65927199745784,0.0,0.021259002096485347,4.248003866476908,156.7,1001.3125,False
1773601778.7257433,1541,0,0,0,0,108.03650500020012,0.0,0.021092993847560138,4.248003866476908,162.6,999.1875,False
1773601778.9590068,1542,0,0,0,0,107.90583699417766,0.0,0.02183399919886142,4.248003866476908,158.6,999.1875,False
1773601779.1921158,1543,0,0,0,0,107.52355600561714,0.0,0.01994500053115189,4.248003866476908,167.3,999.1875,False
1773601779.4258087,1544,0,0,0,0,107.73420600162353,0.0,0.021204003132879734,4.2972753110022355,158.3,1011.796875,False
1773601779.658776,1545,0,0,0,0,106.87953399610706,0.0,0.0225000039790757,4.2972753110022355,158.8,1001.3125,False
1773601779.8928688,1546,0,0,0,0,107.84707700076979,0.0,0.019833001715596765,4.2972753110022355,158.1,999.1875,False
1773601780.1269767,1547,0,0,0,0,108.39526600466343,0.0,0.020945000869687647,4.2972753110022355,162.3,999.1875,False
1773601780.356999,1548,0,0,0,0,104.16844199789921,0.0,0.021075000404380262,4.2972753110022355,160.8,999.1875,False
1773601780.5901396,1549,0,0,0,0,107.66150199924596,0.0,0.019574006728362292,4.294305491992018,154.4,1010.484375,False
1773601780.823124,1550,0,0,0,0,106.74606999964453,0.0,0.02075899828923866,4.294305491992018,167.4,1000.0,False
1773601781.0528824,1551,0,0,0,0,104.19723900122335,0.0,0.021001003915444016,4.294305491992018,165.4,1010.484375,False
1773601781.28504,1552,0,0,0,0,107.05301599955419,0.0,0.021240994101390243,4.294305491992018,155.1,1000.0,False
1773601781.5180016,1553,0,0,0,0,107.6874099962879,0.0,0.019851999240927398,4.294305491992018,158.8,1010.484375,False
1773601781.74763,1554,0,0,0,0,103.98551500111353,0.0,0.02042599953711033,4.319702367919276,161.1,1000.0,False
1773601781.9773893,1555,0,0,0,0,104.39170299650868,0.0,0.01964900002349168,4.319702367919276,156.7,1011.296875,False
1773601782.4527547,1556,1,0,0,0,103.42012200271711,246.59956100367708,0.014555000234395266,4.319702367919276,178.8,968.3125,True
1773601782.929017,1557,1,0,0,0,105.29515300004277,246.52461500227218,0.01475900353398174,2.5393666129984673,180.6,978.796875,True
1773601783.4321625,1558,1,0,0,0,109.17101200175239,271.7898370028706,0.014536999515257776,2.5393666129984673,210.7,968.3125,True
1773601783.9040296,1559,1,0,0,0,105.7717300063814,240.50705799891148,0.014723002095706761,2.5393666129984673,180.1,964.0625,True
1773601784.3755398,1560,1,0,0,0,104.38903600152116,242.03154900169466,0.013908000255469233,1.9279608993373056,178.2,964.0625,True
1773601784.8479464,1561,1,0,0,0,105.3085050007212,241.49687900353456,0.014240999007597566,1.9279608993373056,182.0,978.796875,True
1773601785.3208318,1562,1,0,0,0,106.87351500382647,241.08776500361273,0.01390700344927609,2.2149438198093723,179.7,968.328125,True
1773601785.8004084,1563,1,0,0,0,103.68269799801055,250.31304800359067,0.01446300302632153,2.2149438198093723,181.4,976.6875,True
1773601786.2705564,1564,1,0,0,0,104.3540730024688,240.45202100387542,0.015017998521216214,2.2149438198093723,178.7,966.265625,True
1773601786.7448163,1565,1,0,0,0,106.83395899832249,241.6815660035354,0.014147997717373073,1.975080193557015,179.2,976.75,True
1773601787.2184858,1566,1,0,0,0,107.16564700123854,241.06128399580484,0.014443998225033283,1.975080193557015,179.5,966.234375,True
1773601787.6924565,1567,1,0,0,0,107.82211399782682,241.41373000020394,0.014260003808885813,2.2074943404382528,179.3,964.109375,True
1773601788.1669416,1568,1,0,0,0,107.9793930039159,240.66802200104576,0.01438899926142767,2.2074943404382528,179.1,964.109375,True
1773601788.6411464,1569,1,1,0,0,107.88079899793956,241.14945099427132,0.031130002753343433,2.2074943404382528,181.4,976.734375,True
1773601789.115098,1570,1,1,1,1,106.93947900290368,241.25350800022716,0.035927005228586495,1.976915038877925,179.3,966.25,True
1773601789.5894306,1571,1,1,1,0,107.61587199522182,241.23226599476766,0.03464900510152802,1.976915038877925,179.2,978.859375,True
1773601790.0658686,1572,1,1,1,0,106.92727500281762,243.72256099741207,0.03513000410748646,2.203074731555839,176.3,968.359375,True
1773601790.536934,1573,1,1,1,0,102.99750899866922,241.73773199436255,0.03518599987728521,2.203074731555839,180.4,983.109375,True
1773601791.0107603,1574,1,1,1,0,107.13422099797754,241.78527000185568,0.03486999776214361,2.203074731555839,177.3,972.5625,True
1773601791.4864633,1575,1,1,1,0,107.91622500255471,243.31837299541803,0.03570399712771177,1.9866735789433547,178.7,987.296875,True
1773601791.9610152,1576,1,1,1,0,108.20750499988208,240.975967994018,0.03592600114643574,1.9866735789433547,181.2,981.0625,True
1773601792.4330122,1577,1,0,1,0,107.85002200282179,239.54070000036154,0.021556006686296314,2.205184735241037,180.1,995.796875,True
1773601792.9290798,1578,1,0,1,0,112.70747899834532,261.1129709985107,0.02251800469821319,2.205184735241037,219.7,997.859375,True
1773601793.4016595,1579,1,0,1,0,106.66425399540458,240.94457900355337,0.022221996914595366,2.205184735241037,184.1,1002.109375,True
1773601793.8743346,1580,1,1,1,0,104.00553399813361,243.2045570021728,0.03594400186557323,1.9388484195301015,179.8,1004.21875,True
1773601794.3469074,1581,1,0,1,0,106.75271799846087,240.771003998816,0.021906998881604522,1.9388484195301015,182.0,1008.46875,True
1773601794.8204682,1582,1,1,1,0,106.66018100164365,242.0626059974893,0.045666994992643595,2.2125314592945347,181.6,1012.71875,True
1773601795.2932172,1583,1,0,1,0,106.80158900504466,240.55513199709821,0.022630003513768315,2.2125314592945347,181.9,1014.78125,True
1773601795.766937,1584,1,0,1,0,106.8619409998064,241.4704900002107,0.022018000890966505,2.2125314592945347,181.5,1016.890625,True
1773601796.2371008,1585,1,0,1,0,103.73277300095651,241.10963500424987,0.022000000171829015,1.9819122271199408,180.8,1021.15625,True
1773601796.708876,1586,1,0,1,0,103.89010699873324,242.35275499813724,0.021963001927360892,1.9819122271199408,182.3,1023.265625,True
1773601797.1816077,1587,1,0,1,0,106.57586500019534,240.74135599948931,0.02220400347141549,2.218923566780138,179.8,1027.515625,True
1773601797.655404,1588,1,0,1,0,106.76097699615639,241.75310300051933,0.022019004973117262,2.218923566780138,179.4,1029.640625,True
1773601798.12764,1589,1,0,1,0,106.7547549973824,240.25652000273112,0.0215559994103387,2.218923566780138,182.1,1031.75,True
1773601798.6008384,1590,1,0,1,0,106.62332799984142,241.18706199806184,0.02129600034095347,1.9823838683270725,183.9,1036.078125,True
1773601799.0733106,1591,1,0,1,0,106.75475600146456,240.27988899615593,0.02075899828923866,1.9823838683270725,179.9,1040.375,True
1773601799.5460637,1592,1,1,1,0,106.87707099714316,240.92354199819965,0.035871002182830125,2.213099218875865,181.9,1042.546875,True
1773601800.0189338,1593,1,1,1,0,106.63362500054063,240.8490969974082,0.0354450021404773,2.213099218875865,179.8,1042.5625,True
1773601800.4920907,1594,1,1,1,0,106.88775599555811,240.9899129997939,0.034388998756185174,2.213099218875865,181.8,1046.8125,True
1773601800.9643407,1595,1,1,1,0,104.21196099923691,243.0831669989857,0.035001001378986984,1.9832035683728908,177.9,1050.4375,True
1773601801.44213,1596,1,0,1,0,106.37338199740043,246.34374400193337,0.022184998670127243,1.9832035683728908,175.8,1054.6875,True
1773601801.915127,1597,1,1,1,0,107.55431599682197,240.85705999459606,0.0354450021404773,2.2049223575573924,179.7,1056.796875,True
1773601802.4157083,1598,1,1,1,0,111.78091799956746,266.4892280008644,0.03488900256343186,2.2049223575573924,213.8,1061.0625,True
1773601802.892561,1599,1,1,1,0,106.97444200195605,245.12255100125913,0.035834003938362,2.2049223575573924,176.2,1063.109375,True
1773601803.3635454,1600,1,1,1,0,104.7956320035155,241.04913599876454,0.03431500226724893,1.9231612020949658,180.5,1065.234375,True
1773601803.835608,1601,1,1,1,0,105.71358199376846,241.30102599883685,0.034852004318963736,1.9231612020949658,182.2,1069.484375,True
1773601804.3071263,1602,1,1,1,0,105.14133800461423,241.0005049969186,0.03464900510152802,2.2188593963700947,178.1,1071.59375,True
1773601804.778479,1603,1,1,1,0,104.52659200382186,241.79576999449637,0.03590800042729825,2.2188593963700947,180.3,1073.71875,True
1773601805.2504282,1604,1,0,1,0,106.56567999831168,240.2074999990873,0.02137000410584733,2.2188593963700947,182.2,1077.984375,True
1773601805.723477,1605,1,0,1,0,106.42921600083355,241.29874899517745,0.021870997443329543,1.987982912359248,181.8,1082.140625,True
1773601806.1959941,1606,1,1,1,0,104.90587300591869,241.68351000116672,0.03559299511834979,1.987982912359248,177.8,1084.265625,True
1773601806.6733744,1607,1,1,1,0,104.38655399775598,247.28695399971912,0.03535200085025281,2.205560442033652,178.1,1084.265625,True
1773601807.1468785,1608,1,1,1,0,106.93709000042873,240.7320219936082,0.03496400313451886,2.205560442033652,179.5,1088.5,True
1773601807.6178136,1609,1,1,1,0,105.25509800208965,240.749781994964,0.0361299971700646,2.205560442033652,180.5,1092.640625,True
1773601808.08985,1610,1,1,1,0,105.63072899822146,240.69170800066786,0.03453699901001528,1.985390403411178,182.2,1096.984375,True
1773601808.5631158,1611,1,0,1,0,106.97718300070846,240.95365399989532,0.022056003217585385,1.985390403411178,181.7,1099.203125,True
1773601809.0355372,1612,1,0,1,0,106.60353200364625,240.42676099634264,0.022093001462053508,2.21435017351701,179.9,1103.390625,True
1773601809.5065603,1613,1,0,1,0,105.73382299480727,240.31027800083393,0.02183399919886142,2.21435017351701,182.6,1105.53125,True
1773601809.9769628,1614,1,0,1,0,104.8917430016445,240.16440699779196,0.022056003217585385,2.21435017351701,182.8,1107.65625,True
1773601810.4475503,1615,1,0,1,0,105.17361499660183,240.32987200189382,0.021223000658210367,1.9920589386334535,180.6,1111.90625,True
1773601810.9200544,1616,1,0,1,0,107.03579400433227,240.45378000300843,0.022223000996746123,1.9920589386334535,182.0,1114.015625,True
1773601811.392097,1617,1,0,1,0,106.6838100014138,240.20366700278828,0.021333995391614735,2.2180036241336274,177.9,1116.140625,True
1773601811.894909,1618,1,0,1,0,111.69123199942987,268.8800399992033,0.022370004444383085,2.2180036241336274,210.8,1120.390625,True
1773601812.3648129,1619,1,0,1,0,104.89581699948758,240.41413200029638,0.02242600021418184,2.2180036241336274,183.0,1124.578125,True
1773601812.8526697,1620,1,0,1,0,106.22856600093655,256.3583839946659,0.02264799695694819,1.931832533220828,174.2,1126.71875,True
1773601813.3257916,1621,1,0,1,0,107.71089199988637,240.5654100002721,0.021629995899274945,1.931832533220828,179.7,1126.71875,True
1773601813.7974603,1622,1,0,1,0,107.06977600057144,240.26346400205512,0.021667001419700682,2.189660789014275,182.3,1130.953125,True
1773601814.2672505,1623,1,0,1,0,104.37942499993369,240.54126199916936,0.02107400359818712,2.189660789014275,183.1,1135.09375,True
1773601814.7391179,1624,1,0,1,0,106.44712400244316,240.48396500438685,0.021963001927360892,2.189660789014275,182.3,1139.34375,True
1773601814.968323,1625,0,0,1,0,104.17464500642382,0.0,0.027852001949213445,1.9915727536127283,161.4,1173.890625,False
1773601815.200755,1626,0,0,0,0,106.10480600007577,0.0,0.05298199539538473,1.9915727536127283,154.9,1178.140625,False
1773601815.4317236,1627,0,0,0,0,104.98124400328379,0.0,0.030221999622881413,1.9915727536127283,155.9,1180.265625,False
1773601815.661235,1628,0,0,0,0,103.65780899883248,0.0,0.02674100687727332,1.9915727536127283,165.6,1182.390625,False
1773601815.8911154,1629,0,0,0,0,104.26209000434028,0.0,0.027221998607274145,4.589655050158646,156.6,1186.640625,False
1773601816.1233482,1630,0,0,0,0,106.49286399711855,0.0,0.02866600698325783,4.589655050158646,159.3,1188.75,False
1773601816.3554657,1631,0,0,0,0,106.53071699925931,0.0,0.028500995540525764,4.589655050158646,159.4,1190.875,False
1773601816.5869908,1632,0,0,0,0,106.78982899844414,0.0,0.0285380010609515,4.589655050158646,159.8,1195.140625,False
1773601816.8185792,1633,0,0,0,0,105.36767200392205,0.0,0.02827800199156627,4.589655050158646,168.4,1199.390625,False
1773601817.0509841,1634,0,0,0,0,106.83608900581021,0.0,0.028444002964533865,4.31083270535816,154.9,1201.515625,False
1773601818.7670755,1635,0,0,0,0,101.72205499839038,0.0,0.027258996851742268,0.5827088607700452,108.4,1201.515625,False
1773601818.9949708,1636,0,0,0,0,109.2904949982767,0.0,0.033277996408287436,0.5827088607700452,153.6,1026.34375,False
1773601819.226065,1637,0,0,0,0,106.43695699400268,0.0,0.02896299702115357,0.5827088607700452,160.1,993.921875,False
1773601819.4605281,1638,0,0,0,0,111.67088000365766,0.0,0.02959300036309287,0.5827088607700452,191.9,993.953125,False
1773601819.713732,1639,0,0,0,0,125.85969499923522,0.0,0.030426002922467887,0.5827088607700452,217.2,993.953125,False
1773601819.946939,1640,0,0,0,0,106.62160599895287,0.0,0.028722002753056586,3.9586943862156057,150.1,993.953125,False
1773601820.1792498,1641,0,0,0,0,106.3683270040201,0.0,0.029759998142253608,3.9586943862156057,163.6,993.953125,False
1773601820.4115722,1642,0,0,0,0,106.85679299785988,0.0,0.021259002096485347,3.9586943862156057,159.3,993.953125,False
1773601820.6442487,1643,0,0,0,0,106.82562599686207,0.0,0.0215559994103387,3.9586943862156057,154.7,993.953125,False
1773601820.877274,1644,0,0,0,0,106.12188000231981,0.0,0.02109200431732461,4.546578346154029,158.8,993.953125,False
1773601821.1103523,1645,0,0,0,0,106.82790399732767,0.0,0.02090700581902638,4.546578346154029,158.7,993.953125,False
1773601821.3384366,1646,0,0,0,0,101.38583099615062,0.0,0.02088900509988889,4.546578346154029,153.5,993.953125,False
1773601821.5709476,1647,0,0,0,0,106.81308899802389,0.0,0.02163000317523256,4.546578346154029,150.5,993.953125,False
1773601821.8047528,1648,0,0,0,0,106.54258699651109,0.0,0.02076000237138942,4.546578346154029,149.7,993.953125,False
1773601822.0391123,1649,0,0,0,0,107.42507399845636,0.0,0.0215559994103387,4.303546074258184,153.6,1000.1875,False
1773601822.2717888,1650,0,0,0,0,106.71312499471242,0.0,0.020795996533706784,4.303546074258184,159.0,1000.203125,False
1773601822.5049198,1651,0,0,0,0,106.65467999933753,0.0,0.020741004846058786,4.303546074258184,158.7,1000.203125,False
1773601822.7333999,1652,0,0,0,0,102.25852300209226,0.0,0.019981998775620013,4.303546074258184,157.6,993.96875,False
1773601822.9681766,1653,0,0,0,0,108.41226599586662,0.0,0.02111100184265524,4.303546074258184,157.6,993.96875,False
1773601823.2013845,1654,0,0,0,0,107.33751800580649,0.0,0.020592997316271067,4.30189790820247,162.9,1004.453125,False
1773601823.4352038,1655,0,0,0,0,107.6590020020376,0.0,0.02094399678753689,4.30189790820247,158.2,996.09375,False
1773601823.6698685,1656,0,0,0,0,108.41504400013946,0.0,0.02018600207520649,4.30189790820247,157.7,1010.828125,False
1773601823.9029565,1657,0,0,0,0,107.09007299738005,0.0,0.020630002836696804,4.30189790820247,150.2,1000.328125,False
1773601824.1375864,1658,0,0,0,0,111.7058619929594,0.0,0.022129002900328487,4.30189790820247,200.3,1012.953125,False
1773601824.3863919,1659,0,0,0,0,122.31739399430808,0.0,0.022685002477373928,3.9989264509239817,205.0,1002.453125,False
1773601824.621004,1660,0,0,0,0,108.41321000043536,0.0,0.021223000658210367,3.9989264509239817,162.0,1012.140625,False
1773601824.854519,1661,0,0,0,0,106.94808999687666,0.0,0.021501000446733087,3.9989264509239817,154.2,1001.640625,False
1773601825.08654,1662,0,0,0,0,106.39286399964476,0.0,0.021518993889912963,3.9989264509239817,159.5,999.53125,False
1773601825.3196876,1663,0,0,0,0,107.47759399964707,0.0,0.02081500133499503,4.472185957799443,158.7,1010.015625,False
1773601825.5523076,1664,0,0,0,0,106.89066399936564,0.0,0.02081500133499503,4.472185957799443,163.4,999.53125,False
1773601825.786373,1665,0,0,0,0,107.82194799685385,0.0,0.02053700154647231,4.472185957799443,158.1,1009.203125,False
1773601826.0194626,1666,0,0,0,0,106.86607100069523,0.0,0.022334003006108105,4.472185957799443,154.4,998.71875,False
1773601826.2501779,1667,0,0,0,0,105.15426299389219,0.0,0.019352002709638327,4.472185957799443,160.4,996.59375,False
1773601826.4843893,1668,0,0,0,0,107.92957800003933,0.0,0.022352003725245595,4.292936798712499,158.0,1009.203125,False
1773601826.7176473,1669,0,0,0,0,107.27150000457186,0.0,0.021444000594783574,4.292936798712499,158.6,998.71875,False
1773601826.9520235,1670,0,0,0,0,107.79363300389377,0.0,0.02220400347141549,4.292936798712499,157.9,996.59375,False
1773601827.186216,1671,0,0,0,0,108.03811499499716,0.0,0.021296997147146612,4.292936798712499,158.0,1009.203125,False
1773601827.4187126,1672,0,0,0,0,106.86351500044111,0.0,0.022593005269300193,4.292936798712499,154.8,998.71875,False
1773601827.652623,1673,0,0,0,0,107.71689099783543,0.0,0.021037005353718996,4.2800391767654595,158.2,1009.203125,False
1773601827.8851044,1674,0,0,0,0,106.81505200045649,0.0,0.019574006728362292,4.2800391767654595,163.4,998.71875,False
1773601828.1195812,1675,0,0,0,0,108.08756099868333,0.0,0.021369996829889715,4.2800391767654595,149.3,996.59375,False
1773601828.3521867,1676,0,0,0,0,106.90475699811941,0.0,0.021332998585421592,4.2800391767654595,154.8,996.59375,False
1773601828.5855498,1677,0,0,0,0,107.92413399758516,0.0,0.020278006559237838,4.2800391767654595,162.8,1009.203125,False
1773601828.8206215,1678,0,0,0,0,111.86138099583331,0.0,0.025852001272141933,4.280908491139141,191.5,998.71875,False
1773601829.0705144,1679,0,0,0,0,123.42836400057422,0.0,0.02259299799334258,4.280908491139141,208.1,1009.203125,False
1773601829.3028688,1680,0,0,0,0,106.6467919954448,0.0,0.019462997443042696,4.280908491139141,159.2,1011.328125,False
1773601829.5357542,1681,0,0,0,0,107.03998000099091,0.0,0.021407999156508595,4.280908491139141,163.2,1000.84375,False
1773601829.7693906,1682,0,0,0,0,108.20469100144692,0.0,0.022259999241214246,4.280908491139141,154.1,998.71875,False
1773601830.0027936,1683,0,0,0,0,107.59085299650906,0.0,0.020093000784981996,3.9515513119184007,154.2,1007.890625,False
1773601830.2357483,1684,0,0,0,0,106.67416200158186,0.0,0.02064799627987668,3.9515513119184007,158.8,1010.015625,False
1773601830.4688976,1685,0,0,0,0,106.91842300002463,0.0,0.02101800055243075,3.9515513119184007,158.7,999.53125,False
1773601830.7043412,1686,0,0,0,0,108.49658199731493,0.0,0.02177799615310505,3.9515513119184007,157.2,997.40625,False
1773601830.9372833,1687,0,0,0,0,106.24064000148792,0.0,0.022036998416297138,4.5271617573440155,150.2,995.28125,False
1773601831.171047,1688,0,0,0,0,107.744132001244,0.0,0.021758998627774417,4.5271617573440155,158.3,1007.890625,False
1773601831.4045222,1689,0,0,0,0,106.84390400274424,0.0,0.021536994609050453,4.5271617573440155,154.2,997.40625,False
1773601831.6381593,1690,0,0,0,0,107.48961200442864,0.0,0.01996300125028938,4.5271617573440155,154.1,1010.015625,False
1773601831.8677707,1691,0,0,0,0,103.74649400182534,0.0,0.020332998246885836,4.5271617573440155,161.1,999.53125,False
1773601832.1011515,1692,0,0,0,0,107.63663199759321,0.0,0.020963001588825136,4.296043767715799,158.5,1010.015625,False
1773601832.334258,1693,0,0,0,0,107.13960999419214,0.0,0.020074003259651363,4.296043767715799,158.7,999.53125,False
1773601832.5684085,1694,0,0,0,0,108.04496700438904,0.0,0.020222003513481468,4.296043767715799,158.0,997.40625,False
1773601832.802127,1695,0,0,0,0,107.8760960008367,0.0,0.021462998120114207,4.296043767715799,162.6,1007.890625,False
1773601833.0349865,1696,0,0,0,0,106.89464500319446,0.0,0.020332998246885836,4.296043767715799,163.2,1010.015625,False
1773601833.268157,1697,0,0,0,0,107.17844399914611,0.0,0.02099999983329326,4.284470685577989,158.7,999.53125,False
1773601833.503899,1698,0,0,0,0,112.6586460013641,0.0,0.021036998077761382,4.284470685577989,190.9,1010.828125,False
1773601833.7555835,1699,0,0,0,0,124.96359699434834,0.0,0.02242600021418184,4.284470685577989,210.6,1000.328125,False
1773601833.989304,1700,0,0,0,0,107.61837199970614,0.0,0.02157400012947619,4.284470685577989,154.0,996.09375,False
1773601834.2229855,1701,0,0,0,0,107.78620599739952,0.0,0.02053700154647231,4.284470685577989,158.3,1008.703125,False
1773601834.4558146,1702,0,0,0,0,107.50713100424036,0.0,0.02325900277355686,3.929795368443145,154.6,993.96875,False
1773601834.6904454,1703,0,0,0,0,108.5246190050384,0.0,0.019796003471128643,3.929795368443145,157.7,1008.703125,False
1773601834.923696,1704,0,0,0,0,107.04010899644345,0.0,0.021166997612453997,3.929795368443145,158.6,998.21875,False
1773601835.1574423,1705,0,0,0,0,107.65611300303135,0.0,0.01977799547603354,3.929795368443145,158.3,1008.703125,False
1773601835.385025,1706,0,0,0,0,101.70088800077792,0.0,0.020926003344357014,4.549603462567851,167.0,998.21875,False
1773601835.6187737,1707,0,0,0,0,107.54409399669385,0.0,0.021073996322229505,4.549603462567851,154.0,1007.890625,False
1773601835.8486998,1708,0,0,0,0,103.6363640014315,0.0,0.019259001419413835,4.549603462567851,160.9,1010.015625,False
1773601836.0821233,1709,0,0,0,0,107.08585000247695,0.0,0.020389001292642206,4.549603462567851,158.5,999.53125,False
1773601836.316411,1710,0,0,0,0,107.85741099971347,0.0,0.022036998416297138,4.549603462567851,157.9,997.40625,False
1773601836.5513177,1711,0,0,0,0,107.92667100031395,0.0,0.020499996026046574,4.287134173689739,153.3,1007.890625,False
1773601836.7841618,1712,0,0,0,0,107.07384999841452,0.0,0.02209199737990275,4.287134173689739,158.9,995.28125,False
1773601837.0170324,1713,0,0,0,0,106.59069899702445,0.0,0.02127799962181598,4.287134173689739,158.9,1007.890625,False
1773601837.2498262,1714,0,0,0,0,106.9552199987811,0.0,0.0215559994103387,4.287134173689739,158.9,997.40625,False
1773601837.4836771,1715,0,0,0,0,108.0343930007075,0.0,0.02016699727391824,4.287134173689739,162.5,995.28125,False
1773601837.7184002,1716,0,0,0,0,108.57367499556858,0.0,0.020630002836696804,4.284141592363545,157.6,1007.890625,False
1773601837.9507394,1717,0,0,0,0,106.87694099760847,0.0,0.02075899828923866,4.284141592363545,159.3,997.40625,False
1773601838.1841922,1718,0,0,0,0,110.45426099735778,0.0,0.027296999178361148,4.284141592363545,197.0,1007.890625,False
1773601838.4391015,1719,0,0,0,0,127.7768189975177,0.0,0.024758999643381685,4.284141592363545,215.8,995.28125,False
1773601838.6734927,1720,0,0,0,0,108.4159699967131,0.0,0.02109300112351775,4.284141592363545,166.4,1010.03125,False
1773601838.903293,1721,0,0,0,0,103.45695599971805,0.0,0.021815001673530787,3.9270588119635534,156.7,999.546875,False
1773601839.1358445,1722,0,0,0,0,106.65132899885066,0.0,0.020759995095431805,3.9270588119635534,150.5,1010.03125,False
1773601839.3691168,1723,0,0,0,0,107.07225700025447,0.0,0.02203799522249028,3.9270588119635534,158.6,999.546875,False
1773601839.6038952,1724,0,0,0,0,107.8030580029008,0.0,0.021351996110752225,3.9270588119635534,157.6,1009.21875,False
1773601839.8351543,1725,0,0,0,0,104.80683499918086,0.0,0.021648993424605578,4.5530605877907355,160.0,998.734375,False
1773601840.06988,1726,0,0,0,0,107.58035299659241,0.0,0.02083300205413252,4.5530605877907355,149.1,1009.21875,False
1773601840.303103,1727,0,0,0,0,107.32325900607975,0.0,0.021778003429062665,4.5530605877907355,154.4,998.734375,False
1773601840.5372715,1728,0,0,0,0,108.26626500056591,0.0,0.021111998648848385,4.5530605877907355,158.0,1009.21875,False
1773601840.7708042,1729,0,0,0,0,107.21496200130787,0.0,0.021129999367985874,4.5530605877907355,162.7,998.734375,False
1773601841.2468204,1730,1,0,0,0,108.43246999866096,241.09226500149816,0.014592995285056531,3.541881614474285,180.7,976.84375,True
1773601841.7220383,1731,1,0,0,0,107.22457299561938,242.05115999939153,0.014186000043991953,3.541881614474285,178.9,966.296875,True
1773601842.1972446,1732,1,0,0,0,108.3874329997343,241.82008500065422,0.013426004443317652,3.541881614474285,178.9,964.171875,True
1773601842.672467,1733,1,0,0,0,108.48621100012679,241.1367099994095,0.014056000509299338,1.9728580002671678,178.9,964.171875,True
1773601843.1509073,1734,1,0,0,0,109.9268129983102,243.42068799887784,0.01411099947290495,1.9728580002671678,179.8,964.21875,True
1773601843.6224368,1735,1,0,0,0,105.24552300194046,241.29861799883656,0.014129996998235583,2.2028737873867916,182.4,964.25,True
1773601844.0967207,1736,1,0,0,0,108.55791599897202,240.81861499871593,0.014074001228436828,2.2028737873867916,181.3,964.25,True
1773601844.5716567,1737,1,0,0,0,108.47987799934344,241.89949299761793,0.014481993275694549,2.2028737873867916,181.1,964.25,True
1773601845.072664,1738,1,0,0,0,113.81124599574832,264.91618099680636,0.014536999515257776,1.979629325464476,215.6,964.25,True
1773601845.5475607,1739,1,1,0,0,108.58324799482943,241.21939599717734,0.03237000055378303,1.979629325464476,181.1,964.265625,True
1773601846.022316,1740,1,1,1,1,108.53652600053465,240.5193730010069,0.03596299939090386,2.158874213771734,179.0,964.203125,True
1773601846.4956603,1741,2,0,1,0,108.03411500091897,240.3436500026146,0.02077699900837615,2.158874213771734,183.8,976.8125,True
1773601846.9670966,1742,2,1,1,0,106.66914399917005,240.1474819998839,0.03492600080789998,2.158874213771734,180.3,981.078125,True
1773601847.4382992,1743,1,0,1,0,106.09686200041324,240.20703700080048,0.021259002096485347,1.9854778079527913,184.6,983.203125,True
1773601847.9103913,1744,1,0,1,0,107.09064599359408,240.03842499951134,0.02149999636458233,1.9854778079527913,180.0,985.3125,True
1773601848.3825245,1745,1,0,1,0,106.27003000263358,240.13688899867702,0.02148199564544484,2.2175177549815195,180.0,989.578125,True
1773601848.86077,1746,1,0,1,0,106.77444100292632,245.06295800529188,0.022038002498447895,2.2175177549815195,179.8,991.6875,True
1773601849.3293025,1747,1,0,1,0,103.17369499534834,240.72433700348483,0.021685002138838172,2.2175177549815195,181.4,995.9375,True
1773601849.802669,1748,1,0,1,0,106.8527190000168,241.51495299884118,0.021629995899274945,1.9810028324303595,177.5,1000.1875,True
1773601850.2848775,1749,2,1,1,0,106.73914400103968,250.43706699943868,0.06887099880259484,1.9810028324303595,180.4,1002.25,True
1773601850.7584836,1750,1,0,1,0,106.6630690038437,241.47663800249575,0.021186002413742244,2.195606662071733,179.5,1006.515625,True
1773601851.2307384,1751,1,0,1,0,106.89242299849866,240.28381500102114,0.021722997189499438,2.195606662071733,180.0,1008.640625,True
1773601851.7027366,1752,1,0,1,0,106.82336700119777,239.9970919941552,0.022093001462053508,2.195606662071733,180.1,1010.765625,True
1773601852.174961,1753,1,0,1,0,106.79242200421868,240.1534820019151,0.021962994651403278,1.9861674458359921,184.2,1015.046875,True
1773601852.6481347,1754,1,0,1,0,106.71657000057166,240.90520900062984,0.02194499393226579,1.9861674458359921,181.7,1017.1875,True
1773601853.1216831,1755,1,0,1,0,106.75031100254273,241.4369709949824,0.021315005142241716,2.2120094865862474,179.5,1019.3125,True
1773601853.5942996,1756,1,0,1,0,106.66747700452106,240.63842900068266,0.021758998627774417,2.2120094865862474,179.8,1023.578125,True
1773601854.0659575,1757,1,0,1,0,105.99437999917427,240.45424300129525,0.021500003640539944,2.2120094865862474,182.3,1027.828125,True
1773601854.564995,1758,2,0,1,0,111.92945599759696,264.797162002651,0.022036998416297138,1.9893590758166442,216.4,1029.953125,True
1773601855.0403297,1759,2,0,1,0,106.84318199491827,243.00092599878553,0.021258994820527732,1.9893590758166442,180.9,1032.078125,True
1773601855.5133557,1760,2,0,1,0,106.76442200201564,240.84726400178624,0.021073996322229505,2.1640019887700874,179.7,1036.34375,True
1773601855.986388,1761,2,0,1,0,107.08103499928256,240.64568799803965,0.022000000171829015,2.1640019887700874,179.7,1038.453125,True
1773601856.4587026,1762,2,1,1,0,106.62295800284483,240.55881799722556,0.06242599920369685,2.1640019887700874,175.7,1042.703125,True
1773601856.9328923,1763,2,1,1,0,107.03464599646395,241.9721969999955,0.03563000063877553,1.9840966829339135,183.5,1044.765625,True
1773601857.4062593,1764,2,0,1,0,106.73071799828904,241.27884000336053,0.02240799949504435,1.9840966829339135,179.6,1049.015625,True
1773601857.8800094,1765,2,0,1,0,106.78447799728019,241.45743400003994,0.021610998373944312,2.208109502500658,179.4,1051.125,True
1773601858.351789,1766,1,0,1,0,104.7522239969112,241.39912000100594,0.021722997189499438,2.208109502500658,184.4,1053.25,True
1773601858.8249023,1767,1,0,1,0,106.7526810002164,241.2287289989763,0.021407999156508595,2.208109502500658,179.7,1057.5,True
1773601859.299929,1768,2,0,1,0,106.38662300334545,242.7774799944018,0.021259002096485347,1.9836584684703218,174.7,1061.75,True
1773601859.7741375,1769,2,0,1,0,107.00766499940073,242.00567899970338,0.02212999970652163,1.9836584684703218,179.2,1063.859375,True
1773601860.2480469,1770,2,0,1,0,106.69392099953257,242.43884900351986,0.021407999156508595,2.2062077928089363,179.4,1065.984375,True
1773601860.7191978,1771,2,0,1,0,105.67656299826922,241.08709799475037,0.02107400359818712,2.2062077928089363,182.5,1070.296875,True
1773601861.1884513,1772,2,1,1,0,103.06191600102466,241.50217499845894,0.05818500358145684,2.2062077928089363,181.1,1072.421875,True
1773601861.6600575,1773,1,0,1,0,106.38475199812092,240.9918760022265,0.021241001377347857,1.9943042348791082,180.2,1076.65625,True
1773601862.1322877,1774,2,0,1,0,106.56714299693704,240.62887300533475,0.021462998120114207,1.9943042348791082,182.1,1078.78125,True
1773601862.6004763,1775,2,0,1,0,102.98893399885856,240.41064999619266,0.022000000171829015,2.222927065823516,181.6,1080.90625,True
1773601863.069577,1776,2,0,1,0,102.87339599744882,241.076451005938,0.02244400093331933,2.222927065823516,183.3,1085.15625,True
1773601863.5415475,1777,1,0,1,0,106.4528459974099,241.41219400189584,0.021425999875646085,2.222927065823516,182.2,1089.40625,True
1773601864.0488243,1778,1,1,1,0,108.944881001662,276.0215500020422,0.03529599780449644,1.995538197228049,209.0,1091.53125,True
1773601864.5233922,1779,1,1,1,0,106.9922390015563,241.85286300053122,0.035166995075996965,1.995538197228049,177.0,1093.59375,True
1773601865.0009985,1780,2,1,1,0,106.57619799894746,245.31899700377835,0.03531499532982707,2.1454880580409474,175.9,1097.84375,True
1773601865.4738305,1781,3,1,1,0,107.2380730038276,241.16122900159098,0.03518599987728521,2.1454880580409474,177.7,1099.921875,True
1773601865.9480855,1782,2,1,1,0,107.17307300365064,242.33462600386702,0.03540799662005156,2.1454880580409474,175.0,1104.171875,True
1773601866.4169703,1783,1,1,1,0,103.59788200003095,240.47426199831534,0.034962999052368104,1.9806005875261428,185.5,1106.3125,True
1773601866.8915114,1784,1,1,1,0,106.93351599911693,241.9645119953202,0.03503799962345511,1.9806005875261428,179.1,1108.4375,True
1773601867.3634865,1785,1,0,1,0,106.71682900283486,240.3707050034427,0.021314997866284102,2.217804638298615,182.2,1112.6875,True
1773601867.835884,1786,1,0,1,0,106.76495900406735,240.10107300273376,0.02214800042565912,2.217804638298615,177.8,1116.921875,True
1773601868.3101838,1787,1,1,1,0,106.66910700092558,242.52592300035758,0.03513000410748646,2.217804638298615,179.2,1119.046875,True
1773601868.7847002,1788,1,0,1,0,106.76223699556431,241.65552799968282,0.02153799869120121,1.979502729642132,179.1,1121.171875,True
1773601869.2560728,1789,1,0,1,0,106.44860500178766,239.79233099817066,0.021610998373944312,1.979502729642132,180.3,1125.421875,True
1773601869.7329547,1790,1,0,1,0,106.73436599608976,244.75434499618132,0.021906998881604522,2.2073251147920585,176.1,1127.53125,True
1773601870.2043474,1791,1,0,1,0,106.38217799714766,240.2715369971702,0.021667001419700682,2.2073251147920585,180.3,1131.796875,True
1773601870.6773393,1792,1,0,1,0,106.82099699624814,241.33774900110438,0.022462998458649963,2.2073251147920585,183.9,1133.96875,True
1773601871.1481032,1793,1,1,1,0,104.97963200032245,241.11639500188176,0.03477800055406988,1.9858923794417747,180.6,1138.21875,True
1773601871.6202388,1794,1,1,1,0,106.48677200515522,240.59004000446294,0.035536999348551035,1.9858923794417747,182.2,1140.40625,True
1773601872.0919178,1795,1,1,1,0,106.24845599522814,240.7915219955612,0.035593002394307405,2.2191685440579376,184.4,1142.515625,True
1773601872.5664358,1796,1,0,1,0,106.58288400009042,242.94946300506126,0.0215559994103387,2.2191685440579376,179.1,1146.78125,True
1773601873.0506883,1797,1,0,1,0,103.5282709999592,256.2063270015642,0.022166997950989753,2.2191685440579376,175.5,1151.015625,True
1773601873.5516243,1798,1,1,1,0,109.0103810056462,269.67778600374004,0.03527799708535895,1.961209306044543,215.6,1153.140625,True
1773601874.0255961,1799,2,1,1,0,106.84740400029114,242.5092190023861,0.03596299939090386,1.961209306044543,181.4,1155.265625,True
1773601874.497945,1800,1,0,1,0,106.39451200404437,240.41320599644678,0.021148000087123364,2.1641281596612494,180.0,1159.515625,True
1773601874.970786,1801,1,0,1,0,107.48370499641169,240.48602100083372,0.020759005565196276,2.1641281596612494,179.8,1161.625,True
1773601875.4426267,1802,1,0,1,0,106.48273499828065,240.3548900038004,0.0218700006371364,2.1641281596612494,180.1,1165.875,True
1773601875.9153113,1803,1,0,1,0,107.34253699774854,240.82869000267237,0.022036998416297138,1.9852705871104503,184.1,1168.0,True
1773601876.390933,1804,1,0,1,0,106.48008700081846,244.11824800336035,0.021649000700563192,1.9852705871104503,178.7,1170.125,True
1773601876.8644595,1805,1,0,1,0,106.65612500451971,241.9763639991288,0.021574996935669333,2.207354543475435,181.6,1174.375,True
1773601877.3380258,1806,1,0,1,0,106.50764200545382,241.68939900118858,0.021610998373944312,2.207354543475435,179.5,1178.625,True
1773601877.8121927,1807,2,0,1,0,107.04694200103404,242.33031100447988,0.021610998373944312,2.207354543475435,179.3,1180.671875,True
1773601878.2829132,1808,1,0,1,0,105.42359900136944,240.2458159995149,0.020851999579463154,1.979280408644119,182.7,1182.734375,True
1773601878.7549613,1809,1,0,1,0,106.32797500147717,240.71324399847072,0.021833002392668277,1.979280408644119,180.1,1186.984375,True
1773601879.2274776,1810,1,1,1,0,106.57329099922208,240.46242799522588,0.03440800355747342,2.2180313833452407,179.9,1189.109375,True
1773601879.7025707,1811,2,1,1,0,106.92194100556662,243.2105199986836,0.03553799615474418,2.2180313833452407,181.0,1195.453125,True
1773601880.1752052,1812,1,1,1,0,106.85862700483995,240.92781999934232,0.03548199310898781,2.2180313833452407,179.8,1195.59375,True
1773601880.6488543,1813,1,1,1,0,106.82040399842663,241.47850900044432,0.03462900349404663,1.9790992259470641,183.7,1197.65625,True
1773601881.1207423,1814,1,1,1,0,106.70136599947,240.01977700390853,0.06126000516815111,1.9790992259470641,182.2,1201.90625,True
1773601881.59263,1815,1,1,1,0,106.66421700443607,240.48620599933201,0.035834003938362,2.214739535269309,182.3,1206.15625,True
1773601882.0652852,1816,1,1,1,0,106.92264499812154,240.25105599866947,0.034222000977024436,2.214739535269309,179.8,1208.265625,True
1773601882.5369246,1817,1,1,1,0,106.80299600062426,239.98581399791874,0.036517994885798544,2.214739535269309,180.2,1210.390625,True
1773601883.0893447,1818,1,1,1,0,111.90606700256467,318.3768279996002,0.03463000030023977,1.9894383374547706,206.4,1214.65625,True
1773601883.5622895,1819,1,1,1,0,106.74527400260558,240.75463399640284,0.03440800355747342,1.9894383374547706,181.8,1216.78125,True
1773601884.0343533,1820,1,1,1,0,106.94138599501457,239.8539800051367,0.03803699655691162,1.947023356784274,177.9,1221.03125,True
1773601884.5062382,1821,1,0,1,0,106.80227400007425,239.77544200170087,0.021685002138838172,1.947023356784274,184.4,1223.171875,True
1773601884.978023,1822,1,0,1,0,106.72283000167226,240.23901900363853,0.021555002604145557,2.217469687789786,182.3,1225.296875,True
1773601885.4518397,1823,1,0,1,0,106.55558700091206,242.39769900304964,0.021297004423104227,2.217469687789786,181.5,1229.546875,True
1773601885.924266,1824,1,1,1,0,106.78718100098195,240.31861199910054,0.03866699989885092,2.217469687789786,184.2,1233.796875,True
1773601886.3965843,1825,1,0,1,0,106.62655100168195,240.28076000104193,0.021740997908636928,1.9826724904040691,180.0,1235.921875,True
1773601886.8697515,1826,1,0,1,0,106.68353199434932,240.89976400136948,0.021482002921402454,1.9826724904040691,181.7,1238.03125,True
1773601887.3451507,1827,1,0,1,0,106.74401500000386,243.59231899870792,0.021888998162467033,2.208498222991605,178.8,1242.234375,True
1773601887.8191752,1828,1,0,1,0,106.85182999441167,242.29238399857422,0.021796004148200154,2.208498222991605,179.3,1244.34375,True
1773601888.2901163,1829,1,0,1,0,103.6026049987413,242.29294000542723,0.021184998331591487,2.208498222991605,178.4,1248.59375,True
1773601888.7624848,1830,1,0,1,0,106.97251599776791,240.86465299478732,0.021629995899274945,1.9856831919177096,182.1,1250.8125,True
1773601889.240419,1831,1,0,1,0,106.5651050012093,246.41022600553697,0.021722997189499438,1.9856831919177096,175.8,1255.0,True
1773601889.7206986,1832,1,0,1,0,106.88873799517751,248.69155600026716,0.022202999389264733,2.192491391932488,177.0,1257.109375,True
1773601890.1940277,1833,1,0,1,0,106.70699600450462,241.9124370062491,0.0218700006371364,2.192491391932488,181.7,1259.25,True
1773601890.666308,1834,1,0,1,0,106.76060699915979,240.88115300401114,0.02140700235031545,2.192491391932488,182.1,1263.5,True
1773601891.1393793,1835,2,0,1,0,106.77479200239759,241.39397100225324,0.02163000317523256,1.9839615383432851,179.7,1267.78125,True
1773601891.612187,1836,2,0,1,0,106.43936399719678,241.46491599822184,0.021315005142241716,1.9839615383432851,179.8,1269.890625,True
1773601892.0844758,1837,1,0,1,0,103.57751199626364,244.08450700138928,0.021628999093081802,2.2128660869877184,175.7,1272.015625,True
1773601892.5862677,1838,1,0,1,0,108.0693190015154,271.80276299623074,0.022075000742916018,2.2128660869877184,213.2,1276.265625,True
1773601893.0563157,1839,1,0,1,0,103.30117699777475,241.24469199887244,0.021592997654806823,2.2128660869877184,183.0,1278.390625,True
1773601893.5250876,1840,1,0,0,0,103.18415799702052,240.94587600120576,0.02242600021418184,1.9339057014960401,181.3,1282.640625,True
1773601893.9959004,1841,1,0,0,0,105.74067499692319,240.24592700152425,0.021129999367985874,1.9339057014960401,182.7,1284.75,True
1773601894.4636502,1842,1,0,0,0,103.22239899687702,239.99860999902012,0.021222003852017224,2.230486782372242,181.7,1286.875,True
1773601894.9348104,1843,1,1,0,0,105.37308000493795,240.8558559982339,0.03453700628597289,2.230486782372242,184.6,1291.125,True
1773601895.4034092,1844,1,0,0,0,104.31784999673255,239.5493290023296,0.023481996322516352,2.230486782372242,183.5,1295.3125,True
1773601895.8765225,1845,1,1,1,1,106.57904999970924,241.1673399983556,0.039018996176309884,1.9949203136088032,177.6,1297.4375,True
1773601896.3471043,1846,1,0,1,0,104.9984109995421,240.2984079963062,0.023389002308249474,1.9949203136088032,182.7,1299.546875,True
1773601896.8280494,1847,1,0,1,0,106.52199499600101,249.62109899934148,0.023426000552717596,2.2028868997078086,174.7,1303.8125,True
1773601897.2996497,1848,1,0,1,0,106.79488499590661,239.7911270018085,0.023722001060377806,2.2028868997078086,180.2,1305.921875,True
1773601897.7733026,1849,1,0,1,0,106.59653199400054,242.13775400130544,0.023167005565483123,2.2028868997078086,179.5,1310.265625,True
1773601898.2455184,1850,1,0,1,0,106.62782799772685,241.10524699790403,0.023704000341240317,1.9847496718349702,182.1,1312.328125,True
1773601898.7182646,1851,1,0,1,0,106.82727400126169,241.28597100207116,0.02359300560783595,1.9847496718349702,181.9,1314.46875,True
1773601899.190165,1852,1,0,1,0,106.54630899807671,241.3602680026088,0.02351799776079133,2.2149570762150885,182.2,1318.75,True
1773601899.6623154,1853,1,0,1,0,106.60367999662412,240.79217100370442,0.023130000045057386,2.2149570762150885,182.1,1322.984375,True
1773601900.1319904,1854,1,0,1,0,105.01892900356324,239.89485000493005,0.02327800029888749,2.2149570762150885,181.0,1325.109375,True
1773601900.6045287,1855,1,0,1,0,106.66651399515104,240.35029799415497,0.034165997931268066,1.989853620675709,175.7,1327.234375,True
1773601900.8358467,1856,0,0,1,0,106.77512500114972,0.0,0.027574002160690725,1.989853620675709,159.9,1363.921875,False
1773601901.0681732,1857,0,0,1,0,106.86121899925638,0.0,0.028889000532217324,1.989853620675709,155.0,1366.03125,False
1773601901.302034,1858,0,0,1,0,111.73473300004844,0.0,0.028296999516896904,3.6141762985296606,192.4,1370.28125,False
1773601901.5554676,1859,0,0,1,0,126.9449440005701,0.0,0.02972200309159234,3.6141762985296606,213.1,1372.40625,False
1773601901.7893322,1860,0,0,1,0,106.8988850020105,0.0,0.028943999495822936,3.6141762985296606,153.9,1374.53125,False
1773601902.0217836,1861,0,0,0,0,106.68764399451902,0.0,0.02814799518091604,3.6141762985296606,159.2,1378.78125,False
1773601902.2537751,1862,0,0,0,0,106.54260600131238,0.0,0.02785199467325583,3.6141762985296606,159.5,1383.03125,False
1773601902.4864018,1863,0,0,0,0,106.54173600050854,0.0,0.02918600512202829,3.939116233072842,163.4,1385.140625,False
1773601902.7197316,1864,0,0,0,0,107.0442210038891,0.0,0.028593000024557114,3.939116233072842,158.6,1387.28125,False
1773601902.9525123,1865,0,0,0,0,106.52643899811665,0.0,0.027166999643668532,3.939116233072842,159.0,1391.53125,False
1773601903.1880975,1866,0,0,0,0,109.47432900138665,0.0,0.029463997634593397,3.939116233072842,157.0,1393.65625,False
1773601903.416932,1867,0,0,0,0,103.36515900416998,0.0,0.02855600178008899,4.54776049329975,152.9,1397.90625,False
1773601903.6481504,1868,0,0,0,0,104.89337299804902,0.0,0.02855600178008899,4.54776049329975,160.0,1400.015625,False
1773601903.8800802,1869,0,0,0,0,106.41488200053573,0.0,0.027278001653030515,4.54776049329975,159.5,1404.265625,False
1773601906.714559,1870,0,0,0,0,106.6706069977954,0.0,0.028982001822441816,0.9097368844384597,104.1,1406.390625,False
1773601906.9349418,1871,0,0,0,0,101.63955500320299,0.0,0.030278002668637782,0.9097368844384597,158.8,1317.703125,False
1773601907.1660485,1872,0,0,0,0,113.6331519956002,0.0,0.029406997782643884,0.9097368844384597,151.4,994.140625,False
1773601907.3945057,1873,0,0,0,0,106.40217799664242,0.0,0.02794399915728718,0.9097368844384597,157.6,994.171875,False
1773601907.6272519,1874,0,0,0,0,106.31760399701307,0.0,0.02862899418687448,0.9097368844384597,154.7,994.171875,False
1773601907.8595088,1875,0,0,0,0,106.23969700100133,0.0,0.027556001441553235,4.367142394549068,159.3,994.171875,False
1773601908.0911071,1876,0,0,0,0,106.09573200054001,0.0,0.0288520022877492,4.367142394549068,151.1,994.171875,False
1773601908.3228588,1877,0,0,0,0,106.33197399874916,0.0,0.020684994524344802,4.367142394549068,159.7,994.171875,False
1773601908.5567183,1878,0,0,0,0,111.12700599915115,0.0,0.020906998543068767,4.367142394549068,201.0,994.171875,False
1773601908.8101447,1879,0,0,0,0,126.36999499954982,0.0,0.020962994312867522,4.367142394549068,205.2,994.171875,False
1773601909.0424097,1880,0,0,0,0,106.32897499453975,0.0,0.02040699473582208,3.9441529983475534,155.0,994.171875,False
1773601909.274189,1881,0,0,0,0,106.0218979982892,0.0,0.020074003259651363,3.9441529983475534,159.6,994.171875,False
1773601909.5055726,1882,0,0,0,0,106.14641800202662,0.0,0.02070299524348229,3.9441529983475534,155.6,994.171875,False
1773601909.737274,1883,0,0,0,0,105.74726699996972,0.0,0.02088900509988889,3.9441529983475534,159.7,994.171875,False
1773601909.9696474,1884,0,0,0,0,106.0218429993256,0.0,0.02040799881797284,4.562111462774063,154.9,996.171875,False
1773601910.2024934,1885,0,0,0,0,106.78869899857091,0.0,0.020314997527748346,4.562111462774063,158.9,1000.40625,False
1773601910.438945,1886,0,0,0,0,110.13814799662214,0.0,0.021963001927360892,4.562111462774063,160.7,994.171875,False
1773601910.6726973,1887,0,0,0,0,107.8410400004941,0.0,0.020018000213894993,4.562111462774063,154.0,1006.78125,False
1773601910.9029293,1888,0,0,0,0,104.09179399721324,0.0,0.02044499706244096,4.562111462774063,160.7,1006.78125,False
1773601911.136183,1889,0,0,0,0,106.89183000067715,0.0,0.02079700061585754,4.28621239514665,158.6,1000.53125,False
1773601911.369876,1890,0,0,0,0,107.40268600056879,0.0,0.019222003174945712,4.28621239514665,162.6,1015.28125,False
1773601911.6038313,1891,0,0,0,0,107.0131090018549,0.0,0.02081500133499503,4.28621239514665,153.9,1004.78125,False
1773601911.83649,1892,0,0,0,0,106.93557099875761,0.0,0.02090799534926191,4.28621239514665,150.4,1012.34375,False
1773601912.068952,1893,0,0,0,0,106.31323300185613,0.0,0.019981998775620013,4.28621239514665,163.5,1014.46875,False
1773601912.3013065,1894,0,0,0,0,106.58186599903274,0.0,0.021018997358623892,4.291377534660542,159.2,1003.96875,False
1773601912.5345423,1895,0,0,0,0,107.27142499672482,0.0,0.020592997316271067,4.291377534660542,158.6,1013.65625,False
1773601912.7668974,1896,0,0,0,0,106.68160699424334,0.0,0.020334002329036593,4.291377534660542,159.2,1003.15625,False
1773601912.9983947,1897,0,0,0,0,105.9805460026837,0.0,0.02072200004477054,4.291377534660542,164.1,1001.046875,False
1773601913.2338042,1898,0,0,0,0,112.57431199919665,0.0,0.021278006897773594,4.291377534660542,195.4,1011.53125,False
1773601913.4887,1899,0,0,0,0,127.46285399771295,0.0,0.021036998077761382,4.211022601934199,207.9,1001.046875,False
1773601913.7212644,1900,0,0,0,0,106.34517900325591,0.0,0.02099999983329326,4.211022601934199,159.1,998.921875,False
1773601913.9534597,1901,0,0,0,0,106.20577000372577,0.0,0.021333005861379206,4.211022601934199,163.7,1011.53125,False
1773601914.1841412,1902,0,0,0,0,105.03663299459731,0.0,0.021018997358623892,4.211022601934199,151.7,1001.046875,False
1773601914.4176445,1903,0,0,0,0,107.52209299971582,0.0,0.02098199911415577,4.211022601934199,162.7,1011.53125,False
1773601914.6507077,1904,0,0,0,0,106.90142300154548,0.0,0.02183399919886142,4.302839688880253,154.5,1013.671875,False
1773601914.8815315,1905,0,0,0,0,104.26664700207766,0.0,0.01974100450752303,4.302839688880253,160.3,1003.171875,False
1773601915.1150992,1906,0,0,0,0,107.80791100114584,0.0,0.02046299778157845,4.302839688880253,154.1,1012.859375,False
1773601915.3463736,1907,0,0,0,0,105.43919100018684,0.0,0.021555002604145557,4.302839688880253,155.7,1002.375,False
1773601915.576908,1908,0,0,0,0,104.55105599976378,0.0,0.021425999875646085,4.302839688880253,160.5,1012.859375,False
1773601915.807582,1909,0,0,0,0,104.68648300593486,0.0,0.020204002794343978,4.321973364394879,160.4,1002.375,False
1773601916.0414271,1910,0,0,0,0,107.52540799876442,0.0,0.02062999556073919,4.321973364394879,162.5,1012.859375,False
1773601916.2746677,1911,0,0,0,0,106.96636699867668,0.0,0.02229699748568237,4.321973364394879,154.4,1002.375,False
1773601916.5067067,1912,0,0,0,0,106.38056800235063,0.0,0.020352003048174083,4.321973364394879,168.1,1012.859375,False
1773601916.7369895,1913,0,0,0,0,104.72120499616722,0.0,0.02201799361500889,4.321973364394879,160.7,1002.375,False
1773601916.9693725,1914,0,0,0,0,106.26369700185023,0.0,0.021240994101390243,4.303683846430571,159.2,1000.25,False
1773601917.202835,1915,0,0,0,0,107.91561500082025,0.0,0.019147999410051852,4.303683846430571,149.9,1012.859375,False
1773601917.4323077,1916,0,0,0,0,103.66110500035575,0.0,0.02157400012947619,4.303683846430571,156.9,1014.984375,False
1773601917.6641557,1917,0,0,0,0,105.88211999856867,0.0,0.021314997866284102,4.303683846430571,155.3,1004.484375,False
1773601917.9002059,1918,0,0,0,0,112.92366599809611,0.0,0.023796004825271666,4.303683846430571,194.9,1002.375,False
1773601918.1497898,1919,0,0,0,0,123.55438400118146,0.0,0.021037005353718996,4.235815842418874,204.3,1012.859375,False
1773601918.3825665,1920,0,0,0,0,106.7602370021632,0.0,0.021332998585421592,4.235815842418874,159.0,1002.375,False
1773601918.616763,1921,0,0,0,0,108.06556000170531,0.0,0.04114799958188087,4.235815842418874,162.3,1000.25,False
1773601918.8504622,1922,0,0,0,0,108.1571540053119,0.0,0.021223000658210367,4.235815842418874,154.0,1000.25,False
1773601919.0844073,1923,0,0,0,0,107.89937400113558,0.0,0.022537002223543823,4.235815842418874,158.2,1000.25,False
1773601919.3188488,1924,0,0,0,0,108.16655999951763,0.0,0.021667001419700682,4.276957050390201,153.6,1000.25,False
1773601919.5526261,1925,0,0,0,0,107.61694599932525,0.0,0.020610998035408556,4.276957050390201,149.7,998.9375,False
1773601919.787534,1926,0,0,0,0,108.39721099910093,0.0,0.02226000651717186,4.276957050390201,161.7,998.9375,False
1773601920.0219865,1927,0,0,0,0,108.11919000116177,0.0,0.021444997400976717,4.276957050390201,153.5,998.9375,False
1773601920.256272,1928,0,0,0,0,108.1548760048463,0.0,0.021629995899274945,4.276957050390201,157.9,998.9375,False
1773601920.4898436,1929,0,0,0,0,107.8399289981462,0.0,0.02105600287904963,3.9969953235971207,158.4,1011.546875,False
1773601920.7208643,1930,0,0,0,0,104.59370400349144,0.0,0.022054999135434628,3.9969953235971207,155.8,1001.0625,False
1773601920.9547224,1931,0,0,0,0,107.80322500067996,0.0,0.02044499706244096,3.9969953235971207,162.5,998.9375,False
1773601921.1854317,1932,0,0,0,0,105.10328099917388,0.0,0.02042599953711033,3.9969953235971207,160.4,1011.546875,False
1773601921.4178352,1933,0,0,0,0,106.81407100491924,0.0,0.021148000087123364,4.552759115061615,154.9,1001.0625,False
1773601921.6488602,1934,0,0,0,0,105.17870799958473,0.0,0.021371000912040472,4.552759115061615,164.5,1011.546875,False
1773601921.881276,1935,0,0,0,0,106.43092000100296,0.0,0.02103800215991214,4.552759115061615,150.6,1001.0625,False
1773601922.1117535,1936,0,0,0,0,104.66509300022153,0.0,0.020388994016684592,4.552759115061615,160.5,998.9375,False
1773601922.343218,1937,0,0,0,0,105.92306499893311,0.0,0.0202410010388121,4.552759115061615,159.9,1011.546875,False
1773601922.5801654,1938,0,0,0,0,114.06006199831609,0.0,0.021906998881604522,4.301733778695633,194.1,1001.0625,False
1773601922.8309526,1939,0,0,0,0,124.06840600306168,0.0,0.02236999716842547,4.301733778695633,203.4,998.953125,False
1773601923.0650778,1940,0,0,0,0,108.06783799489494,0.0,0.020685001800302416,4.301733778695633,162.3,998.953125,False
1773601923.2987154,1941,0,0,0,0,108.16002399951685,0.0,0.022056003217585385,4.301733778695633,158.4,998.953125,False
1773601923.5295186,1942,0,0,0,0,105.43672800122295,0.0,0.02042599953711033,4.301733778695633,156.0,1007.3125,False
1773601923.7619286,1943,0,0,0,0,106.29069700371474,0.0,0.020018000213894993,3.9500273934416312,154.9,996.828125,False
1773601923.9945126,1944,0,0,0,0,106.76501499983715,0.0,0.020684994524344802,3.9500273934416312,159.1,1009.4375,False
1773601924.2286756,1945,0,0,0,0,107.31985200254712,0.0,0.021667001419700682,3.9500273934416312,158.0,998.953125,False
1773601924.4598656,1946,0,0,0,0,104.80292700231075,0.0,0.022241001715883613,3.9500273934416312,155.7,996.828125,False
1773601924.6922107,1947,0,0,0,0,106.6434219974326,0.0,0.021019004634581506,4.547952810548231,154.9,996.828125,False
1773601924.923614,1948,0,0,0,0,105.18850500375265,0.0,0.02157400012947619,4.547952810548231,164.2,995.515625,False
1773601925.1562188,1949,0,0,0,0,106.32932699809317,0.0,0.021037005353718996,4.547952810548231,159.1,1008.125,False
1773601925.3872828,1950,0,0,0,0,105.1167070036172,0.0,0.02018600207520649,4.547952810548231,160.1,997.640625,False
1773601925.6182709,1951,0,0,0,0,104.86068699538009,0.0,0.021129999367985874,4.547952810548231,160.2,1010.25,False
1773601925.847036,1952,0,0,0,0,103.31864100589883,0.0,0.022202999389264733,4.3296783201652795,157.4,999.765625,False
1773601926.0774121,1953,0,0,0,0,104.37918400566559,0.0,0.019221995898988098,4.3296783201652795,160.6,1003.875,False
1773601926.3106558,1954,0,0,0,0,106.93477500171866,0.0,0.02074000076390803,4.3296783201652795,162.9,1010.25,False
1773601926.5431094,1955,0,0,0,0,106.53279099642532,0.0,0.02007399598369375,4.3296783201652795,159.2,1012.375,False
1773601926.773395,1956,0,0,0,0,104.68533400126034,0.0,0.019981998775620013,4.3296783201652795,160.7,1001.875,False
1773601927.0040998,1957,0,0,0,0,105.58508100075414,0.0,0.01933299790835008,4.321299205305355,156.0,1011.0625,False
1773601927.238882,1958,0,0,0,0,111.83152899320703,0.0,0.023723005142528564,4.321299205305355,195.9,1013.1875,False
1773601927.4924414,1959,0,0,0,0,124.67646499862894,0.0,0.02059300459222868,4.321299205305355,209.0,1002.6875,False
1773601927.7268436,1960,0,0,0,0,107.85991099692183,0.0,0.020036997739225626,4.321299205305355,153.6,1011.0625,False
1773601927.9592323,1961,0,0,0,0,106.61627299850807,0.0,0.021519001165870577,4.321299205305355,159.2,1000.5625,False
1773601928.1920273,1962,0,0,0,0,107.44394500216004,0.0,0.02051900082733482,3.9286975283736263,158.9,1011.0625,False
1773601928.4234805,1963,0,0,0,0,105.65082199900644,0.0,0.02111100184265524,3.9286975283736263,155.5,1000.5625,False
1773601928.6552775,1964,0,0,0,0,105.26709700206993,0.0,0.021223000658210367,3.9286975283736263,159.6,1011.0625,False
1773601928.8855803,1965,0,0,0,0,104.4652220007265,0.0,0.020851999579463154,3.9286975283736263,156.3,1000.5625,False
1773601929.117248,1966,0,0,0,0,104.88942800293444,0.0,0.020556006347760558,4.566217880117707,155.4,1011.0625,False
1773601929.3468966,1967,0,0,0,0,104.06597800465534,0.0,0.02107400359818712,4.566217880117707,156.8,1000.5625,False
1773601929.577063,1968,0,0,0,0,104.05958999763243,0.0,0.023222004529088736,4.566217880117707,165.1,998.453125,False
1773601929.8090572,1969,0,0,0,0,105.66045199811924,0.0,0.019703998987097293,4.566217880117707,155.2,1011.0625,False
1773601930.0407212,1970,0,0,0,0,105.50139500264777,0.0,0.02061100531136617,4.566217880117707,159.7,1000.5625,False
1773601930.270011,1971,0,0,0,0,103.37408499617595,0.0,0.0202410010388121,4.33741707643704,157.0,1011.0625,False
1773601930.5007212,1972,0,0,0,0,105.30630200082669,0.0,0.02164800389437005,4.33741707643704,160.4,1000.5625,False
1773601930.7320383,1973,0,0,0,0,105.22185699664988,0.0,0.021018997358623892,4.33741707643704,155.6,1008.9375,False
1773601930.9625568,1974,0,0,0,0,104.57555599714397,0.0,0.02079700061585754,4.33741707643704,160.5,998.453125,False
1773601931.1957972,1975,0,0,0,0,107.30831500404747,0.0,0.02122199657605961,4.33741707643704,154.3,1006.8125,False
1773601931.4281068,1976,0,0,0,0,106.5471800029627,0.0,0.019721999706234783,4.317452422425821,163.6,1008.953125,False
1773601931.6619647,1977,0,0,0,0,107.26981399784563,0.0,0.02005599526455626,4.317452422425821,149.7,998.46875,False
1773601931.8978992,1978,0,0,0,0,112.96035099803703,0.0,0.02276000304846093,4.317452422425821,195.0,995.53125,False
1773601932.3926687,1979,1,0,0,0,124.4485560018802,243.57452199910767,0.014240999007597566,4.317452422425821,204.1,975.703125,True
1773601932.8670268,1980,1,0,0,0,106.82933000498451,242.1443469938822,0.014314995496533811,2.9201283723680542,181.3,977.828125,True
1773601933.3399782,1981,1,0,0,0,106.94216399861034,240.8626530013862,0.013999997463542968,2.9201283723680542,181.8,967.34375,True
1773601933.812159,1982,1,1,0,0,106.09012100030668,241.50530499900924,0.033926000469364226,2.211228543482058,180.0,977.828125,True
1773601934.285272,1983,1,1,1,1,107.0264239970129,240.9055790049024,0.03603799996199086,2.211228543482058,179.7,967.34375,True
1773601934.7600484,1984,1,1,1,0,107.69585399975767,241.63150999811478,0.03459300205577165,2.211228543482058,179.0,979.890625,True
1773601935.2321653,1985,1,1,1,0,105.22702299931552,241.19326599611668,0.03518599987728521,1.9784177531491898,180.0,969.359375,True
1773601935.7063875,1986,1,1,1,0,107.76570600137347,241.06398700678255,0.03512999683152884,1.9784177531491898,181.3,981.984375,True
1773601936.1791916,1987,1,1,1,0,106.74366199964425,241.15282199636567,0.03405600000405684,2.212197321715832,181.9,986.234375,True
1773601936.6495585,1988,1,1,1,0,103.29732500395039,241.25691499648383,0.03483399632386863,2.212197321715832,182.8,990.515625,True
1773601937.1202562,1989,1,1,1,0,105.59289599768817,239.9619249990792,0.034574004530441016,2.212197321715832,180.6,992.640625,True
1773601937.5929265,1990,1,1,1,0,106.47373499523383,241.11832099879393,0.03487100184429437,1.9928989708140337,181.9,992.640625,True
1773601938.0666537,1991,1,1,1,0,107.13162799947895,240.6728740024846,0.03449999348958954,1.9928989708140337,181.5,996.859375,True
1773601938.5384135,1992,1,1,1,0,106.73553300148342,240.30481599766063,0.035315002605784684,2.2129466462095615,182.3,1000.84375,True
1773601939.01141,1993,1,1,1,0,107.56722299993271,240.82357800216414,0.034204000257886946,2.2129466462095615,183.9,992.46875,True
1773601939.4823463,1994,1,1,1,0,105.63585900672479,240.45472500438336,0.03640799695858732,2.2129466462095615,182.6,1007.234375,True
1773601939.9548616,1995,1,1,1,0,106.97942299884744,240.67035500047496,0.034222000977024436,1.987041110388383,182.0,1011.46875,True
1773601940.4291432,1996,1,1,1,0,104.60170500300592,244.32978700497188,0.03488900256343186,1.987041110388383,183.4,1015.71875,True
1773601940.9010503,1997,1,1,1,0,106.579586994485,240.92581999866525,0.03483399632386863,2.212207044899344,182.2,1017.859375,True
1773601941.4480448,1998,1,1,1,0,111.72701000032248,312.7245680007036,0.03586999810067937,2.212207044899344,210.2,1019.96875,True
1773601941.9200945,1999,1,1,1,0,106.46438299590955,240.55366899847286,0.035518998629413545,1.962625778629612,177.9,1024.234375,True
1773601942.3904095,2000,1,1,1,0,104.17647899885196,241.01091299962718,0.03513000410748646,1.962625778629612,182.9,1026.34375,True
1773601942.867616,2001,1,1,1,0,104.48650000034831,247.5226219976321,0.03666600241558626,1.962625778629612,182.3,1030.59375,True
1773601943.3368132,2002,1,1,1,0,103.71164300158853,240.78659700171556,0.035518998629413545,1.9803308008119995,181.2,1032.765625,True
1773601943.8103335,2003,1,1,1,0,106.38797499996144,242.11358700267738,0.03507499786792323,1.9803308008119995,181.6,1034.875,True
1773601944.283176,2004,1,1,1,0,106.56236499926308,241.06548800045857,0.034445001801941544,2.2170602241848902,184.0,1039.140625,True
1773601944.7568414,2005,1,1,1,0,106.08263999893097,241.8956600013189,0.03498200385365635,2.2170602241848902,181.6,1043.375,True
1773601945.2262754,2006,1,1,1,0,103.3518069962156,240.34694600413786,0.035814999137073755,2.2170602241848902,178.9,1045.5,True
1773601945.6973639,2007,1,1,1,0,104.60207399592036,241.76376999821514,0.03526000364217907,1.9886332764222747,182.6,1047.5625,True
1773601946.1695905,2008,1,1,1,0,105.08624400245026,241.5947870031232,0.03653699968708679,1.9886332764222747,180.0,1051.8125,True
1773601946.6426227,2009,1,1,1,0,106.53695799555862,240.80811599560548,0.03563000063877553,2.21610435612058,177.6,1053.9375,True
1773601947.1128345,2010,1,1,1,0,103.06954599946039,240.6426140005351,0.03559200558811426,2.21610435612058,178.6,1058.140625,True
1773601947.5829942,2011,1,1,1,0,103.2195470033912,241.40974899637513,0.03366700548212975,2.21610435612058,180.8,1060.3125,True
1773601948.0560896,2012,1,1,1,0,106.5290129990899,241.23717399925226,0.0383890001103282,1.9935042328000834,179.7,1062.4375,True
1773601948.5281985,2013,1,0,1,0,106.32028899999568,240.65415199584095,0.021740001102443784,1.9935042328000834,180.0,1066.6875,True
1773601948.997094,2014,1,0,1,0,103.45908599992981,239.7266820044024,0.021075000404380262,2.2202351775371256,183.4,1070.890625,True
1773601949.4713504,2015,2,0,1,0,106.75942200032296,242.4947740000789,0.021223000658210367,2.2202351775371256,179.2,1073.0,True
1773601949.9467695,2016,1,0,1,0,107.4222040042514,243.54661499819485,0.02074099757010117,2.2202351775371256,178.8,1075.125,True
1773601950.1757095,2017,0,0,1,0,104.68050099734683,0.0,0.028111004212405533,1.9766797909508653,152.9,1111.8125,False
1773601950.4097438,2018,0,0,1,0,111.9114930042997,0.0,0.029278002330102026,1.9766797909508653,196.6,1113.921875,False
1773601950.6601322,2019,0,0,1,0,123.99936799920397,0.0,0.0284630004898645,1.9766797909508653,203.7,1118.1875,False
1773601950.8926287,2020,0,0,1,0,107.03525700228056,0.0,0.027536996640264988,1.9766797909508653,150.6,1120.296875,False
1773601951.124632,2021,0,0,1,0,106.91994200169574,0.0,0.027371002943255007,4.481484710632893,159.5,1124.546875,False
1773601951.3568673,2022,0,0,1,0,106.9883860036498,0.0,0.028259004466235638,4.481484710632893,159.3,1126.671875,False
1773601951.5893567,2023,0,0,1,0,107.04744200484129,0.0,0.028369999199640006,4.481484710632893,154.8,1128.796875,False
1773601951.821579,2024,0,0,1,0,105.85824999725446,0.0,0.027147994842380285,4.481484710632893,155.0,1133.046875,False
1773601952.0550165,2025,0,0,1,0,106.74340299738105,0.0,0.027740999939851463,4.481484710632893,149.9,1137.28125,False
1773601952.2882588,2026,0,0,1,0,107.02290500194067,0.0,0.02874100027838722,4.296843002031888,154.3,1139.40625,False
1773601952.5204272,2027,0,0,1,0,106.88305200164905,0.0,0.02811099693644792,4.296843002031888,150.8,1141.53125,False
1773601952.7529433,2028,0,0,0,0,106.92249800194986,0.0,0.02870299795176834,4.296843002031888,154.8,1145.78125,False
1773601952.9853404,2029,0,0,0,0,107.03472099703504,0.0,0.029185997846070677,4.296843002031888,154.9,1147.890625,False
1773601953.217545,2030,0,0,0,0,106.82594100217102,0.0,0.027444999432191253,4.296843002031888,159.3,1152.140625,False
1773601953.4490137,2031,0,0,0,0,105.64365600293968,0.0,0.027777998184319586,4.307510546165895,159.9,1154.265625,False
1773601953.681564,2032,0,0,0,0,107.57018699951004,0.0,0.027221998607274145,4.307510546165895,154.8,1156.390625,False
1773601953.9131694,2033,0,0,0,0,106.34599299373804,0.0,0.027852001949213445,4.307510546165895,164.1,1160.640625,False
1773601954.1454637,2034,0,0,0,0,106.37069700169377,0.0,0.026702997274696827,4.307510546165895,150.7,1164.890625,False
1773601954.3772576,2035,0,0,0,0,106.43723399698501,0.0,0.02805600524879992,4.307510546165895,151.0,1167.0,False
1773601954.6055992,2036,0,0,0,0,103.22834299586248,0.0,0.02988900087075308,4.323111095077844,162.0,1169.125,False
1773601956.1298568,2037,0,0,0,0,106.40951299865264,0.0,0.027239999326411635,0.6560419761355046,108.9,1173.375,False
1773601956.3543649,2038,0,0,0,0,109.00597400177503,0.0,0.0354450021404773,0.6560419761355046,191.6,1026.578125,False
1773601956.603297,2039,0,0,0,0,123.13317799998913,0.0,0.02909199974965304,0.6560419761355046,200.8,994.15625,False
1773601956.835708,2040,0,0,0,0,106.24225200444926,0.0,0.02768600097624585,0.6560419761355046,163.5,994.171875,False
1773601957.0675993,2041,0,0,0,0,106.21890000038547,0.0,0.027833004423882812,0.6560419761355046,155.2,994.171875,False
1773601957.2971375,2042,0,0,0,0,104.13784899719758,0.0,0.028296999516896904,3.9962032151669407,161.2,994.171875,False
1773601957.5293565,2043,0,0,0,0,106.3044929978787,0.0,0.02925899752881378,3.9962032151669407,163.6,994.171875,False
1773601957.7614315,2044,0,0,0,0,106.43634600273799,0.0,0.020018000213894993,3.9962032151669407,155.1,994.171875,False
1773601957.9926324,2045,0,0,0,0,104.84657600318315,0.0,0.021925996406935155,3.9962032151669407,151.4,994.171875,False
1773601958.2246726,2046,0,0,0,0,106.10210199956782,0.0,0.021462998120114207,4.571202378858294,163.7,994.171875,False
1773601958.4552069,2047,0,0,0,0,104.44446200563107,0.0,0.022075000742916018,4.571202378858294,156.2,994.171875,False
1773601958.6869395,2048,0,0,0,0,105.33941299945582,0.0,0.02109200431732461,4.571202378858294,155.4,994.171875,False
1773601958.9198513,2049,0,0,0,0,106.77932899852749,0.0,0.02079700061585754,4.571202378858294,158.9,994.171875,False
1773601959.1522257,2050,0,0,0,0,106.69979199883528,0.0,0.020945000869687647,4.571202378858294,163.5,1000.40625,False
1773601959.384904,2051,0,0,0,0,106.39541899581673,0.0,0.020111001504119486,4.309391470489178,150.4,1000.40625,False
1773601959.6153247,2052,0,0,0,0,104.87492799438769,0.0,0.0202410010388121,4.309391470489178,151.9,1000.40625,False
1773601959.8470106,2053,0,0,0,0,106.37427100300556,0.0,0.020630002836696804,4.309391470489178,159.7,1002.546875,False
1773601960.0795941,2054,0,0,0,0,106.59255099744769,0.0,0.01996300125028938,4.309391470489178,154.8,1006.78125,False
1773601960.3096514,2055,0,0,0,0,104.71689000405604,0.0,0.021259002096485347,4.309391470489178,160.8,1006.78125,False
1773601960.5398333,2056,0,0,0,0,104.5299069955945,0.0,0.021184998331591487,4.329292196546768,160.7,998.421875,False
1773601960.7733355,2057,0,0,0,0,108.18107999511994,0.0,0.020481995306909084,4.329292196546768,162.7,1013.15625,False
1773601961.0071793,2058,0,0,0,0,111.03719100356102,0.0,0.02311099524376914,4.329292196546768,188.2,1002.65625,False
1773601961.2609596,2059,0,0,0,0,127.4797430014587,0.0,0.02212999970652163,4.329292196546768,204.9,999.734375,False
1773601961.4941115,2060,0,0,0,0,107.34518500248669,0.0,0.019981998775620013,4.329292196546768,158.7,1010.21875,False
1773601961.724665,2061,0,0,0,0,105.22513400064781,0.0,0.02040799881797284,3.9327846368098935,160.5,1014.46875,False
1773601961.956218,2062,0,0,0,0,105.97573099948931,0.0,0.02048099850071594,3.9327846368098935,155.5,1003.96875,False
1773601962.1895533,2063,0,0,0,0,107.34220400627237,0.0,0.021204003132879734,3.9327846368098935,167.2,1011.53125,False
1773601962.4224737,2064,0,0,0,0,106.91581099672476,0.0,0.02146300539607182,3.9327846368098935,154.5,1001.0625,False
1773601962.6560595,2065,0,0,0,0,107.29394399822922,0.0,0.02088900509988889,4.549036008313916,154.1,998.125,False
1773601962.8897223,2066,0,0,0,0,107.92231899540639,0.0,0.02146300539607182,4.549036008313916,158.3,998.125,False
1773601963.1260064,2067,0,0,0,0,110.72380000405246,0.0,0.02105600287904963,4.549036008313916,160.8,998.125,False
1773601963.3581235,2068,0,0,0,0,105.9542130024056,0.0,0.020499996026046574,4.549036008313916,159.4,998.125,False
1773601963.589584,2069,0,0,0,0,105.66560000006575,0.0,0.02109300112351775,4.549036008313916,168.5,998.125,False
1773601963.8225815,2070,0,0,0,0,106.47914299624972,0.0,0.021906998881604522,4.2862570729867855,158.8,998.125,False
1773601964.0532892,2071,0,0,0,0,104.80659400491277,0.0,0.021314997866284102,4.2862570729867855,151.7,1010.734375,False
1773601964.2843418,2072,0,0,0,0,105.6185990019003,0.0,0.020610998035408556,4.2862570729867855,164.5,1000.25,False
1773601964.5162263,2073,0,0,0,0,106.20019600173691,0.0,0.02161200245609507,4.2862570729867855,159.6,998.140625,False
1773601964.7485468,2074,0,0,0,0,106.62953199789627,0.0,0.02148100611520931,4.2862570729867855,155.0,998.140625,False
1773601964.9830117,2075,0,0,0,0,108.2928389951121,0.0,0.021610998373944312,4.308779657952481,153.5,998.140625,False
1773601965.2166378,2076,0,0,0,0,108.19996899954276,0.0,0.02011099422816187,4.308779657952481,158.4,998.140625,False
1773601965.450073,2077,0,0,0,0,108.241228001134,0.0,0.020777995814569294,4.308779657952481,162.8,998.140625,False
1773601965.687735,2078,0,0,0,0,114.59219599782955,0.0,0.021148000087123364,4.308779657952481,193.6,998.140625,False
1773601965.9387186,2079,0,0,0,0,124.90693000290776,0.0,0.02222200419055298,4.308779657952481,211.2,998.140625,False
1773601966.1728923,2080,0,0,0,0,108.35167299956083,0.0,0.02074099757010117,3.924465594643502,149.5,998.140625,False
1773601966.406951,2081,0,0,0,0,108.18928300432162,0.0,0.021222993382252753,3.924465594643502,162.4,998.140625,False
1773601966.6366887,2082,0,0,0,0,104.55098099919269,0.0,0.02053700154647231,3.924465594643502,152.4,998.140625,False
1773601966.867873,2083,0,0,0,0,105.64213700126857,0.0,0.021537001885008067,3.924465594643502,164.3,998.140625,False
1773601967.0986612,2084,0,0,0,0,104.71309399872553,0.0,0.021538005967158824,4.56038230499853,156.0,1009.4375,False
1773601967.3292785,2085,0,0,0,0,104.93522499746177,0.0,0.020054998458363116,4.56038230499853,164.8,998.953125,False
1773601967.5635128,2086,0,0,0,0,107.94818899739766,0.0,0.019999999494757503,4.56038230499853,158.0,1009.4375,False
1773601967.7969449,2087,0,0,0,0,107.96661500353366,0.0,0.022833999537397176,4.56038230499853,158.5,998.953125,False
1773601968.0306149,2088,0,0,0,0,107.40203699970152,0.0,0.01983399852178991,4.56038230499853,154.1,1009.4375,False
1773601968.259625,2089,0,0,0,0,103.34991799754789,0.0,0.020667001081164926,4.306761289437535,157.2,1011.5625,False
1773601968.4927475,2090,0,0,0,0,107.19149899523472,0.0,0.0207960038096644,4.306761289437535,154.4,1001.078125,False
1773601968.7276385,2091,0,0,0,0,108.73521200119285,0.0,0.021075000404380262,4.306761289437535,161.8,998.953125,False
1773601968.9607298,2092,0,0,0,0,107.54887200164376,0.0,0.042315004975534976,4.306761289437535,158.7,1011.5625,False
1773601969.1909518,2093,0,0,0,0,104.5257970035891,0.0,0.021166997612453997,4.306761289437535,160.7,1001.078125,False
1773601969.4225252,2094,0,0,0,0,106.14808399986941,0.0,0.02053700154647231,4.299602997243697,164.1,1009.4375,False
1773601969.6534376,2095,0,0,0,0,105.23076399840647,0.0,0.019611004972830415,4.299602997243697,160.2,1011.5625,False
1773601969.8862665,2096,0,0,0,0,107.26824000448687,0.0,0.021073996322229505,4.299602997243697,167.5,1001.078125,False
1773601970.1192744,2097,0,0,0,0,107.73979900113773,0.0,0.021092993847560138,4.299602997243697,154.5,1011.5625,False
1773601970.3549228,2098,0,0,0,0,112.71020099957241,0.0,0.022667001758236438,4.299602997243697,195.2,1001.078125,False
1773601970.6071675,2099,0,0,0,0,125.0138010000228,0.0,0.021685998945031315,4.2206917649142435,202.2,1011.5625,False
1773601970.84106,2100,0,0,0,0,107.44727800192777,0.0,0.022018000890966505,4.2206917649142435,158.2,1001.078125,False
1773601971.074941,2101,0,0,0,0,108.15170899877558,0.0,0.020573999790940434,4.2206917649142435,162.5,1011.5625,False
1773601971.3080528,2102,0,0,0,0,107.01785000128439,0.0,0.020555999071802944,4.2206917649142435,150.1,1001.078125,False
1773601971.5411022,2103,0,0,0,0,107.04331300075864,0.0,0.020648003555834293,4.2206917649142435,163.0,1007.3125,False
1773601971.7742643,2104,0,0,0,0,106.97444200195605,0.0,0.019962993974331766,4.284108335755779,154.4,1011.5625,False
1773601972.0074983,2105,0,0,0,0,107.20253600447904,0.0,0.022537002223543823,4.284108335755779,162.9,1001.078125,False
1773601972.2412126,2106,0,0,0,0,107.51498299941886,0.0,0.02007399598369375,4.284108335755779,149.8,1011.5625,False
1773601972.4738557,2107,0,0,0,0,107.02697899978375,0.0,0.01994500053115189,4.284108335755779,154.7,1013.6875,False
1773601972.7079103,2108,0,0,0,0,107.75624300003983,0.0,0.022649001039098948,4.284108335755779,158.1,1000.765625,False
1773601972.9427578,2109,0,0,0,0,108.7903239968,0.0,0.021536994609050453,4.279037500586616,161.8,1000.765625,False
1773601973.1758487,2110,0,0,0,0,107.02416399726644,0.0,0.018612001440487802,4.279037500586616,163.0,1009.140625,False
1773601973.4084537,2111,0,0,0,0,106.70847699657315,0.0,0.02044400025624782,4.279037500586616,154.8,1000.765625,False
1773601973.642397,2112,0,0,0,0,108.23585800244473,0.0,0.02112900256179273,4.279037500586616,153.9,1000.765625,False
1773601973.875436,2113,0,0,0,0,107.26368400355568,0.0,0.021592997654806823,4.279037500586616,158.8,1000.765625,False
1773601974.1068537,2114,0,0,0,0,105.76461999880848,0.0,0.020352003048174083,4.2951841306395036,164.2,1009.140625,False
1773601974.340075,2115,0,0,0,0,106.92918199492851,0.0,0.02194400440203026,4.2951841306395036,154.4,1000.765625,False
1773601974.5715544,2116,0,0,0,0,105.38587599876337,0.0,0.021333995391614735,4.2951841306395036,164.2,1007.0,False
1773601974.7992966,2117,0,0,0,0,102.2141509965877,0.0,0.02129600034095347,4.2951841306395036,162.5,1000.765625,False
1773601975.0356777,2118,0,0,0,0,113.3605759969214,0.0,0.021906998881604522,4.2951841306395036,198.8,1000.765625,False
1773601975.28933,2119,0,0,0,0,126.28877200040733,0.0,0.021888998162467033,4.228403537487716,208.9,1000.765625,False
1773601975.5232463,2120,0,0,0,0,108.30472799716517,0.0,0.020926003344357014,4.228403537487716,158.2,1000.765625,False
1773601975.7577102,2121,0,0,0,0,108.32869200385176,0.0,0.02081500133499503,4.228403537487716,166.3,1000.765625,False
1773601975.9912682,2122,0,0,0,0,108.0740409961436,0.0,0.021166000806260854,4.228403537487716,158.4,1000.765625,False
1773601976.2250228,2123,0,0,0,0,108.05993100075284,0.0,0.02111100184265524,4.228403537487716,154.0,1000.765625,False
1773601976.4587677,2124,0,0,0,0,107.25592499511549,0.0,0.021351996110752225,4.275588059720968,162.6,1000.765625,False
1773601976.6933987,2125,0,0,0,0,108.43183999531902,0.0,0.0211850056075491,4.275588059720968,162.0,1000.765625,False
1773601976.927746,2126,0,0,0,0,108.08435599756194,0.0,0.020906998543068767,4.275588059720968,162.2,1000.765625,False
1773601977.1613579,2127,0,0,0,0,108.04931900202064,0.0,0.02064799627987668,4.275588059720968,154.1,1000.765625,False
1773601977.395169,2128,0,0,0,0,107.86618799465941,0.0,0.02061100531136617,4.275588059720968,158.3,998.140625,False
1773601977.6290197,2129,0,0,0,0,107.85918799956562,0.0,0.020445004338398576,4.272567176512485,162.5,998.140625,False
1773601977.863115,2130,0,0,0,0,108.04017099871999,0.0,0.020499996026046574,4.272567176512485,153.8,998.140625,False
1773601978.0963366,2131,0,0,0,0,107.24710999784293,0.0,0.02050100010819733,4.272567176512485,158.7,1010.75,False
1773601978.3289742,2132,0,0,0,0,107.01429399341578,0.0,0.021184998331591487,4.272567176512485,150.4,1000.265625,False
1773601978.5628805,2133,0,0,0,0,108.23169100331143,0.0,0.022352003725245595,4.272567176512485,162.5,998.140625,False
1773601978.7946076,2134,0,0,0,0,106.12286200193921,0.0,0.02099999983329326,4.289774650762581,159.7,1010.75,False
1773601979.0262802,2135,0,0,0,0,106.16143700462999,0.0,0.02127799962181598,4.289774650762581,159.7,998.15625,False
1773601979.2570105,2136,0,0,0,0,105.04650400253013,0.0,0.01935099862748757,4.289774650762581,160.4,1010.765625,False
1773601979.4875185,2137,0,0,0,0,104.62207499949727,0.0,0.021297004423104227,4.289774650762581,156.2,1000.28125,False
1773601979.723479,2138,0,0,0,0,113.1823899995652,0.0,0.02220400347141549,4.289774650762581,195.0,998.15625,False
1773601979.9781353,2139,0,0,0,0,125.9331960027339,0.0,0.02099999983329326,4.224603702676335,208.1,1010.765625,False
1773601980.210397,2140,0,0,0,0,106.84234800282866,0.0,0.021482002921402454,4.224603702676335,155.0,1000.28125,False
1773601980.4411016,2141,0,0,0,0,105.05761500098743,0.0,0.02040799881797284,4.224603702676335,164.7,998.15625,False
1773601980.67316,2142,0,0,0,0,106.62784799933434,0.0,0.02125999890267849,4.224603702676335,159.4,998.15625,False
1773601980.9068134,2143,0,0,0,0,108.04139300307725,0.0,0.022241001715883613,4.224603702676335,158.4,998.15625,False
1773601981.1401608,2144,0,0,0,0,107.70468699774938,0.0,0.020371000573504716,4.3028352747008345,171.4,1010.765625,False
1773601981.3722975,2145,0,0,0,0,106.3525489953463,0.0,0.020334002329036593,4.3028352747008345,159.4,998.15625,False
1773601981.604146,2146,0,0,0,0,105.88015599932987,0.0,0.02016699727391824,4.3028352747008345,159.6,998.15625,False
1773601981.836274,2147,0,0,0,0,106.41708599723643,0.0,0.022389001969713718,4.3028352747008345,155.1,1009.453125,False
1773601982.067571,2148,0,0,0,0,105.39089499798138,0.0,0.02005599526455626,4.3028352747008345,164.3,998.96875,False
1773601982.2993283,2149,0,0,0,0,106.01437999866903,0.0,0.02099999983329326,4.313431488153526,164.0,996.84375,False
1773601982.5330725,2150,0,0,0,0,107.83716900186846,0.0,0.021315005142241716,4.313431488153526,158.3,996.84375,False
1773601982.7659013,2151,0,0,0,0,107.1189799986314,0.0,0.019500002963468432,4.313431488153526,163.2,1009.453125,False
1773601982.997798,2152,0,0,0,0,106.38867899979232,0.0,0.021148000087123364,4.313431488153526,163.9,998.96875,False
1773601983.228554,2153,0,0,0,0,105.04567000316456,0.0,0.021889005438424647,4.313431488153526,164.7,1009.453125,False
1773601983.4594114,2154,0,0,0,0,104.84605700185057,0.0,0.022314998204819858,4.310070777043066,160.3,996.84375,False
1773601983.6897652,2155,0,0,0,0,105.08691099676071,0.0,0.021111998648848385,4.310070777043066,165.0,996.84375,False
1773601983.9232047,2156,0,0,0,0,107.87070699734613,0.0,0.02177799615310505,4.310070777043066,162.8,996.84375,False
1773601984.1563954,2157,0,0,0,0,107.77061399858212,0.0,0.02168600622098893,4.310070777043066,167.2,996.84375,False
1773601984.3896165,2158,0,0,0,0,110.453317000065,0.0,0.0204820025828667,4.310070777043066,197.2,1005.234375,False
1773601984.642715,2159,0,0,0,0,125.66532399796415,0.0,0.021444000594783574,4.225460006814244,209.4,1009.46875,False
1773601984.8732462,2160,0,0,0,0,104.5265369975823,0.0,0.021426996681839228,4.225460006814244,156.2,998.984375,False
1773601985.106142,2161,0,0,0,0,107.12310899543809,0.0,0.02090799534926191,4.225460006814244,158.9,1010.28125,False
1773601985.337064,2162,0,0,0,0,105.23670800466789,0.0,0.019943996449001133,4.225460006814244,151.6,999.796875,False
1773601985.5710282,2163,0,0,0,0,108.13444999803323,0.0,0.02144500467693433,4.225460006814244,162.4,997.671875,False
1773601985.8062503,2164,0,0,0,0,108.18119000032311,0.0,0.020093000784981996,4.297247133429586,165.8,1008.15625,False
1773601986.0399117,2165,0,0,0,0,107.02396100532496,0.0,0.02099999983329326,4.297247133429586,154.1,997.671875,False
1773601986.2744472,2166,0,0,0,0,108.10985699936282,0.0,0.021740997908636928,4.297247133429586,153.5,1008.15625,False
1773601986.5074332,2167,0,0,0,0,106.8637749995105,0.0,0.01968500146176666,4.297247133429586,158.8,1010.28125,False
1773601986.7362223,2168,0,0,0,0,102.35807800199836,0.0,0.020906998543068767,4.297247133429586,161.7,999.796875,False
1773601986.9681876,2169,0,0,0,0,105.94787900481606,0.0,0.02153799869120121,4.3031540017355,155.2,997.671875,False
1773601987.2006547,2170,0,0,0,0,106.20545500569278,0.0,0.018648999684955925,4.3031540017355,159.2,1008.15625,False
1773601987.4317157,2171,0,0,0,0,104.8174090028624,0.0,0.02050000330200419,4.3031540017355,155.8,997.671875,False
1773601987.6634438,2172,0,0,0,0,105.63630300021032,0.0,0.020612002117559314,4.3031540017355,151.0,995.546875,False
1773601987.894653,2173,0,0,0,0,105.43417299777502,0.0,0.021981002646498382,4.3031540017355,164.4,995.546875,False
1773601988.126258,2174,0,0,0,0,105.87849000148708,0.0,0.02053700154647231,4.317525308808328,159.8,995.546875,False
1773601988.358246,2175,0,0,0,0,105.58074800064787,0.0,0.0206119948416017,4.317525308808328,155.2,995.546875,False
1773601988.5925703,2176,0,0,0,0,108.29983899748186,0.0,0.022056003217585385,4.317525308808328,153.7,995.546875,False
1773601988.826373,2177,0,0,0,0,107.97559599450324,0.0,0.021610998373944312,4.317525308808328,162.5,995.546875,False
1773601989.0625434,2178,0,0,0,0,113.05316699872492,0.0,0.022443993657361716,4.317525308808328,199.0,1008.15625,False
1773601989.316854,2179,0,0,0,0,126.85768299706979,0.0,0.022054999135434628,3.9985719059192975,208.4,997.671875,False
1773601989.5500298,2180,0,0,0,0,106.41623400442768,0.0,0.020370003767311573,3.9985719059192975,154.4,994.234375,False
1773601989.7844045,2181,0,0,0,0,108.43509899859782,0.0,0.021647996618412435,3.9985719059192975,157.9,994.234375,False
1773601990.0179536,2182,0,0,0,0,107.21881400240818,0.0,0.02033399505307898,3.9985719059192975,158.4,994.234375,False
1773601990.252131,2183,0,0,0,0,108.23383899696637,0.0,0.02088900509988889,4.442435337276512,158.0,994.234375,False
1773601990.4870057,2184,0,0,0,0,108.42056199908257,0.0,0.0202410010388121,4.442435337276512,153.3,994.234375,False
1773601990.7192883,2185,0,0,0,0,105.7554529979825,0.0,0.022000000171829015,4.442435337276512,155.0,994.234375,False
1773601990.9543452,2186,0,0,0,0,108.46352599764941,0.0,0.02012999902945012,4.442435337276512,157.4,994.234375,False
1773601991.1863635,2187,0,0,0,0,105.63739600183908,0.0,0.021871004719287157,4.442435337276512,155.2,994.234375,False
1773601991.4202607,2188,0,0,0,0,107.76283599989256,0.0,0.02111100184265524,4.280356282707553,158.2,994.234375,False
1773601991.654914,2189,0,0,0,0,108.08589399675839,0.0,0.021591993572656065,4.280356282707553,157.7,994.234375,False
1773601991.8896399,2190,0,0,0,0,107.18940600054339,0.0,0.02164800389437005,4.280356282707553,157.6,1006.84375,False
1773601992.1207268,2191,0,0,0,0,104.92031800094992,0.0,0.021776999346911907,4.280356282707553,160.1,996.359375,False
1773601992.352103,2192,0,0,0,0,105.50776599848177,0.0,0.02053700154647231,4.280356282707553,155.6,1006.84375,False
1773601992.5850778,2193,0,0,0,0,106.66145799768856,0.0,0.021981002646498382,4.292510633786139,154.5,996.359375,False
1773601992.8169658,2194,0,0,0,0,105.99184299644548,0.0,0.021500003640539944,4.292510633786139,163.9,994.234375,False
1773601993.0502832,2195,0,0,0,0,107.3065550008323,0.0,0.02205599594162777,4.292510633786139,154.3,1006.84375,False
1773601993.2826247,2196,0,0,0,0,106.70481099805329,0.0,0.02099999983329326,4.292510633786139,159.2,996.359375,False
1773601993.5149693,2197,0,0,0,0,106.88312700222014,0.0,0.020980995032005012,4.292510633786139,159.2,1006.84375,False
1773601993.7474856,2198,0,0,0,0,109.69208900496596,0.0,0.02177799615310505,4.301490254764319,197.8,1008.96875,False
1773601994.0002384,2199,0,0,0,0,124.19287000375334,0.0,0.02207399666076526,4.301490254764319,205.7,996.359375,False
1773601994.234696,2200,0,0,0,0,107.8323920010007,0.0,0.02157400012947619,4.301490254764319,153.5,996.359375,False
1773601994.4679387,2201,0,0,0,0,107.46457499772077,0.0,0.02109300112351775,4.301490254764319,158.6,1006.84375,False
1773601994.6977437,2202,0,0,0,0,104.22047899919562,0.0,0.021184998331591487,4.301490254764319,156.7,996.359375,False
1773601994.9312038,2203,0,0,0,0,107.66685400449205,0.0,0.02109300112351775,3.9459136670512103,162.8,994.234375,False
1773601995.165692,2204,0,0,0,0,107.4846859992249,0.0,0.02001900429604575,3.9459136670512103,149.3,1006.84375,False
1773601995.3971457,2205,0,0,0,0,105.17318899655947,0.0,0.021075000404380262,3.9459136670512103,155.5,996.359375,False
1773601995.631544,2206,0,0,0,0,107.52405699895462,0.0,0.02051900082733482,3.9459136670512103,149.3,1006.859375,False
1773601995.8631473,2207,0,0,0,0,105.29687500093132,0.0,0.019703998987097293,4.537338594851089,155.4,1008.984375,False
1773601996.0965695,2208,0,0,0,0,106.8122740034596,0.0,0.02064799627987668,4.537338594851089,154.3,998.5,False
1773601996.328945,2209,0,0,0,0,106.48495700297644,0.0,0.021425999875646085,4.537338594851089,159.2,996.375,False
1773601996.562425,2210,0,0,0,0,107.29222200461663,0.0,0.019277998944744468,4.537338594851089,154.2,1006.859375,False
1773601996.7927773,2211,0,0,0,0,104.2221090028761,0.0,0.020926003344357014,4.537338594851089,165.0,994.25,False
1773601997.026148,2212,0,0,0,0,107.66498299926752,0.0,0.0202410010388121,4.299248659785361,154.3,1006.859375,False
1773601997.2581885,2213,0,0,0,0,106.31249300058698,0.0,0.021148000087123364,4.299248659785361,159.5,1008.984375,False
1773601997.49022,2214,0,0,0,0,106.32082699885359,0.0,0.021314997866284102,4.299248659785361,163.8,998.5,False
1773601997.724778,2215,0,0,0,0,108.52169300051173,0.0,0.021444000594783574,4.299248659785361,153.5,996.375,False
1773601997.958438,2216,0,0,0,0,107.47331500169821,0.0,0.021536994609050453,4.299248659785361,162.6,1006.859375,False
1773601998.1905246,2217,0,0,0,0,106.83266300475225,0.0,0.02163000317523256,4.294124355953627,155.1,996.375,False
1773601998.42627,2218,0,0,0,0,112.69434999849182,0.0,0.021036998077761382,4.294124355953627,195.1,1006.859375,False
1773601998.674633,2219,0,0,0,0,121.79937299515586,0.0,0.022314998204819858,4.294124355953627,205.3,1011.109375,False
1773601998.9083753,2220,0,0,0,0,107.38453800149728,0.0,0.02050000330200419,4.294124355953627,158.3,1000.609375,False
1773601999.1416218,2221,0,0,0,0,107.5107780052349,0.0,0.021314997866284102,4.294124355953627,158.6,1008.984375,False
1773601999.3743296,2222,0,0,0,0,106.95603399653919,0.0,0.0209259960683994,3.943258424061346,159.0,998.5,False
1773601999.6080298,2223,0,0,0,0,107.51129699929152,0.0,0.019685998267959803,3.943258424061346,158.3,1011.109375,False
1773601999.8409722,2224,0,0,0,0,105.99267599900486,0.0,0.021945001208223403,3.943258424061346,150.3,1000.609375,False
1773602000.075312,2225,0,0,0,0,107.43013000319479,0.0,0.022092994186095893,3.943258424061346,153.6,1011.109375,False
1773602000.3090408,2226,0,0,0,0,106.70130999642424,0.0,0.019315004465170205,4.528467789423588,158.3,1000.609375,False
1773602000.5450857,2227,0,0,0,0,109.24212299869396,0.0,0.022703003196511418,4.528467789423588,148.3,998.5,False
1773602000.7792473,2228,0,0,0,0,107.70553899783408,0.0,0.021075000404380262,4.528467789423588,149.5,1008.984375,False
1773602001.0117402,2229,0,0,0,0,106.90242299460806,0.0,0.020833998860325664,4.528467789423588,163.4,998.5,False
1773602001.24486,2230,0,0,0,0,107.20173899608199,0.0,0.020036997739225626,4.528467789423588,158.7,1008.984375,False
1773602001.477687,2231,0,0,0,0,106.8019039958017,0.0,0.021425999875646085,4.278476173144746,154.6,998.5,False
1773602001.71136,2232,0,0,0,0,107.70789100206457,0.0,0.020018000213894993,4.278476173144746,154.1,1011.109375,False
1773602001.9441364,2233,0,0,0,0,106.94799799966859,0.0,0.02072200004477054,4.278476173144746,163.2,1000.609375,False
1773602002.1779828,2234,0,0,0,0,107.62565000186441,0.0,0.02075899828923866,4.278476173144746,153.9,998.5,False
1773602002.4104805,2235,0,0,0,0,107.15107300347881,0.0,0.020556006347760558,4.278476173144746,154.8,1011.109375,False
1773602002.6426775,2236,0,0,0,0,106.72032900038175,0.0,0.02040799881797284,4.29189482120243,163.7,1000.609375,False
1773602002.8742936,2237,0,0,0,0,106.26930699800141,0.0,0.021389001631177962,4.29189482120243,159.7,998.5,False
1773602003.109022,2238,0,0,0,0,111.76051000074949,0.0,0.021018997358623892,4.29189482120243,196.0,1008.984375,False
1773602003.3599806,2239,0,0,0,0,123.94068199500907,0.0,0.02077800309052691,4.29189482120243,207.2,1011.109375,False
1773602003.600091,2240,0,0,0,0,113.87682100030361,0.0,0.020056002540513873,4.29189482120243,154.1,1013.234375,False
1773602003.83283,2241,0,0,0,0,106.58805099956226,0.0,0.022221996914595366,3.918493946230183,163.3,1002.734375,False
1773602004.065188,2242,0,0,0,0,106.99914600263583,0.0,0.02018499799305573,3.918493946230183,159.2,1011.609375,False
1773602004.2942057,2243,0,0,0,0,102.76450699893758,0.0,0.020741004846058786,3.918493946230183,161.6,998.203125,False
1773602004.526231,2244,0,0,0,0,105.36332100309664,0.0,0.02061100531136617,3.918493946230183,155.2,1010.8125,False
1773602004.7607682,2245,0,0,0,0,106.98881200369215,0.0,0.02151799708371982,4.556681377213073,149.2,1000.328125,False
1773602004.9944658,2246,0,0,0,0,107.4600010033464,0.0,0.021684994862880558,4.556681377213073,154.0,1010.8125,False
1773602005.223391,2247,0,0,0,0,102.88593400036916,0.0,0.021500993170775473,4.556681377213073,161.6,1000.328125,False
1773602005.4546738,2248,0,0,0,0,104.49522200360661,0.0,0.021610998373944312,4.556681377213073,155.7,998.203125,False
1773602005.6865158,2249,0,0,0,0,105.56154300138587,0.0,0.022277999960351735,4.556681377213073,159.6,998.203125,False
1773602005.9184363,2250,0,0,0,0,105.82145299849799,0.0,0.02248200325993821,4.319035143523884,159.5,998.203125,False
1773602006.1515613,2251,0,0,0,0,107.04812800395302,0.0,0.021351996110752225,4.319035143523884,158.7,998.203125,False
1773602006.3828723,2252,0,0,0,0,105.59480300435098,0.0,0.021314997866284102,4.319035143523884,160.0,998.203125,False
1773602006.6148999,2253,0,0,0,0,106.24310400453396,0.0,0.021888998162467033,4.319035143523884,155.2,998.203125,False
1773602006.8497927,2254,0,0,0,0,108.63380400405731,0.0,0.020149003830738366,4.319035143523884,157.5,998.203125,False
1773602007.0833788,2255,0,0,0,0,107.53324200049974,0.0,0.020630002836696804,4.292102122113632,158.4,998.203125,False
1773602007.3154995,2256,0,0,0,0,106.44347599736648,0.0,0.021017993276473135,4.292102122113632,155.1,998.203125,False
1773602007.548615,2257,0,0,0,0,107.84996599977603,0.0,0.020870000298600644,4.292102122113632,163.0,998.203125,False
1773602007.7773333,2258,0,0,0,0,107.72024300240446,0.0,0.020371000573504716,4.292102122113632,91.8,998.203125,False
