timestamp,frame_index,motion_regions,yolo_detections,confirmed_tracks,new_confirmations,time_mog2_ms,time_yolo_ms,time_tracker_ms,fps,cpu_percent,ram_mb,yolo_ran
1773586695.1283832,0,0,0,0,0,7.553177998488536,0.0,0.028554997697938234,0.0,0.0,456.703125,False
1773586695.3388734,1,0,0,0,0,7.082230000378331,0.0,0.025667002773843706,0.0,9.5,461.609375,False
1773586695.5489962,2,0,0,0,0,7.070730000123149,0.0,0.02153699824702926,0.0,9.5,464.234375,False
1773586695.7591283,3,0,0,0,0,7.023359001323115,0.0,0.022203999833436683,0.0,9.5,467.21875,False
1773586695.969269,4,0,0,0,0,7.0788230004836805,0.0,0.02070399932563305,4.758042596482344,9.5,469.859375,False
1773586696.1793938,5,0,0,0,0,7.073840999510139,0.0,0.02107399996020831,4.758042596482344,9.5,472.484375,False
1773586696.3894687,6,0,0,0,0,7.036859999061562,0.0,0.021723000827478245,4.758042596482344,4.8,475.109375,False
1773586696.5995262,7,0,0,0,0,7.024062997516012,0.0,0.021480998839251697,4.758042596482344,9.5,477.734375,False
1773586696.8096604,8,0,0,0,0,7.011673998931656,0.0,0.021091997041366994,4.758042596482344,14.3,480.359375,False
1773586697.0197597,9,0,0,0,0,7.058358998619951,0.0,0.020832998416153714,4.759714265352654,4.8,482.984375,False
1773586697.229807,10,0,0,0,0,7.01628499882645,0.0,0.021240000933175907,4.759714265352654,9.5,482.984375,False
1773586697.440877,11,0,0,0,0,7.919216997834155,0.0,0.02272200072184205,4.759714265352654,4.7,482.984375,False
1773586697.6536927,12,0,0,0,0,9.452023001358612,0.0,0.024166998628061265,4.759714265352654,9.4,482.984375,False
1773586697.8666077,13,0,0,0,0,9.446819000004325,0.0,0.024666998797329143,4.759714265352654,18.8,482.984375,False
1773586698.0794184,14,0,0,0,0,9.3193370012159,0.0,0.024554999981774017,4.718703951251244,9.4,482.984375,False
1773586698.2921505,15,0,0,0,0,9.283835999667645,0.0,0.02355600008741021,4.718703951251244,9.4,482.984375,False
1773586698.5047228,16,0,0,0,0,9.250447998056188,0.0,0.022944001102587208,4.718703951251244,9.4,482.984375,False
1773586698.7174501,17,0,0,0,0,9.346577997348504,0.0,0.024204000510508195,4.718703951251244,9.4,482.984375,False
1773586698.9300036,18,0,0,0,0,9.091502000956098,0.0,0.021443996956804767,4.718703951251244,18.8,482.984375,False
1773586699.1426241,19,0,0,0,0,9.259058002498932,0.0,0.022315001842798665,4.702738715086041,9.4,482.984375,False
1773586699.3552856,20,0,0,0,0,9.260281000024406,0.0,0.021722000383306295,4.702738715086041,9.4,482.984375,False
1773586699.568119,21,0,0,0,0,9.371189000376035,0.0,0.022963002265896648,4.702738715086041,9.4,482.984375,False
1773586699.7809558,22,0,0,0,0,9.321522000391269,0.0,0.0235740008065477,4.702738715086041,9.4,482.984375,False
1773586699.9936194,23,0,0,0,0,9.294485000282293,0.0,0.022352000087266788,4.702738715086041,18.8,482.984375,False
1773586700.2062385,24,0,0,0,0,9.276280001358828,0.0,0.022871001419844106,4.700957181799984,9.4,482.984375,False
1773586700.4188623,25,0,0,0,0,9.259503000066616,0.0,0.02244400093331933,4.700957181799984,9.4,482.984375,False
1773586700.6315086,26,0,0,0,0,9.308429001976037,0.0,0.02218500230810605,4.700957181799984,9.4,482.984375,False
1773586700.844176,27,0,0,0,0,9.352780998597154,0.0,0.022314998204819858,4.700957181799984,9.4,482.984375,False
1773586701.0569754,28,0,0,0,0,9.377004000270972,0.0,0.02264899740112014,4.700957181799984,18.8,482.984375,False
1773586701.2696517,29,0,0,0,0,9.291966001910623,0.0,0.022629999875789508,4.701841454725468,9.4,482.984375,False
1773586701.4822965,30,0,0,0,0,9.236113997758366,0.0,0.023314998543355614,4.701841454725468,9.4,482.984375,False
1773586701.6949933,31,0,0,0,0,9.23291000071913,0.0,0.022371001250576228,4.701841454725468,9.4,482.984375,False
1773586701.9076803,32,0,0,0,0,9.267168999940623,0.0,0.02348199996049516,4.701841454725468,9.4,482.984375,False
1773586702.1204245,33,0,0,0,0,9.331059001851827,0.0,0.022574000468011945,4.701841454725468,23.5,482.984375,False
1773586702.3331347,34,0,0,0,0,9.291374000895303,0.0,0.022092001017881557,4.7015273363798755,9.4,482.984375,False
1773586702.5457788,35,0,0,0,0,9.30604000313906,0.0,0.022184998670127243,4.7015273363798755,9.4,482.984375,False
1773586702.758403,36,0,0,0,0,9.216132999426918,0.0,0.022574000468011945,4.7015273363798755,9.4,482.984375,False
1773586702.9709878,37,0,0,0,0,9.247652000340167,0.0,0.02244400093331933,4.7015273363798755,9.4,482.984375,False
1773586703.183776,38,0,0,0,0,9.374244000355247,0.0,0.022222000552574173,4.7015273363798755,14.1,482.984375,False
1773586703.3964665,39,0,0,0,0,9.304021001298679,0.0,0.022462998458649963,4.7022062219782725,9.4,482.984375,False
1773586703.6093135,40,0,0,0,0,9.449781999137485,0.0,0.022500000341096893,4.7022062219782725,9.4,482.984375,False
1773586703.822109,41,0,0,0,0,9.280132999265334,0.0,0.023591997887706384,4.7022062219782725,9.4,482.984375,False
1773586704.0347798,42,0,0,0,0,9.242316999007016,0.0,0.021927000489085913,4.7022062219782725,9.4,484.296875,False
1773586704.2474325,43,0,0,0,0,9.298224998929072,0.0,0.021758998627774417,4.7022062219782725,18.8,484.296875,False
1773586704.4600618,44,0,0,0,0,9.230817999196006,0.0,0.022054999135434628,4.701054129936506,9.4,484.296875,False
1773586704.6726627,45,0,0,0,0,9.262911000405438,0.0,0.02288899850100279,4.701054129936506,9.4,484.296875,False
1773586704.8852258,46,0,0,0,0,9.25144700158853,0.0,0.02151899752789177,4.701054129936506,9.4,484.296875,False
1773586705.0979192,47,0,0,0,0,9.296262000134448,0.0,0.022260002879193053,4.701054129936506,9.4,484.296875,False
1773586705.310666,48,0,0,0,0,9.299096000177087,0.0,0.02288899850100279,4.701054129936506,18.8,484.296875,False
1773586705.523496,49,0,0,0,0,9.319837001385167,0.0,0.02272200072184205,4.701769773017609,9.4,484.296875,False
1773586705.736082,50,0,0,0,0,9.25444699896616,0.0,0.02248100281576626,4.701769773017609,9.4,484.296875,False
1773586705.9488559,51,0,0,0,0,9.260817001631949,0.0,0.023074000637279823,4.701769773017609,9.4,484.296875,False
1773586706.1614268,52,0,0,0,0,9.249483999155927,0.0,0.021314997866284102,4.701769773017609,14.1,484.296875,False
1773586706.374157,53,0,0,0,0,9.240447001502616,0.0,0.021425999875646085,4.701769773017609,14.1,484.296875,False
1773586706.5868788,54,0,0,0,0,9.304743998654885,0.0,0.022833999537397176,4.701967957188961,9.4,484.296875,False
1773586706.799532,55,0,0,0,0,9.279688998503843,0.0,0.02214800042565912,4.701967957188961,9.4,484.296875,False
1773586707.0123048,56,0,0,0,0,9.255966000637272,0.0,0.02140700235031545,4.701967957188961,9.4,484.296875,False
1773586707.2250288,57,0,0,0,0,9.288466000725748,0.0,0.021796000510221347,4.701967957188961,9.4,484.296875,False
1773586707.4371638,58,0,0,0,0,8.723037000891054,0.0,0.021667001419700682,4.701967957188961,18.9,484.296875,False
1773586707.6499865,59,0,0,0,0,9.51302300018142,0.0,0.024258999474113807,4.703186946316687,9.4,484.296875,False
1773586707.8626468,60,0,0,0,0,9.228964998328593,0.0,0.02272200072184205,4.703186946316687,9.4,484.296875,False
1773586708.0753963,61,0,0,0,0,9.30185499964864,0.0,0.022518997866427526,4.703186946316687,9.4,484.296875,False
1773586708.2880044,62,0,0,0,0,9.189297998091206,0.0,0.022258998797042295,4.703186946316687,9.4,484.296875,False
1773586708.5007033,63,0,0,0,0,9.322466001322027,0.0,0.023149001208366826,4.703186946316687,23.5,484.296875,False
1773586708.7136588,64,0,0,0,0,9.457616000872804,0.0,0.02433400004520081,4.70078331744104,9.4,484.296875,False
1773586708.9266036,65,0,0,0,0,9.490411997830961,0.0,0.024778000806691125,4.70078331744104,9.4,484.296875,False
1773586709.139518,66,0,0,0,0,9.43004100190592,0.0,0.02431499888189137,4.70078331744104,4.7,484.296875,False
1773586709.352315,67,0,0,0,0,9.373541000968544,0.0,0.025278000975959003,4.70078331744104,9.4,484.296875,False
1773586709.5651207,68,0,0,0,0,9.319095999671845,0.0,0.021981999452691525,4.70078331744104,18.8,484.296875,False
1773586709.7779543,69,0,0,0,0,9.391264000441879,0.0,0.02385200059507042,4.6978779988803865,9.4,484.296875,False
1773586709.990653,70,0,0,0,0,9.265631997550372,0.0,0.0230370023928117,4.6978779988803865,9.4,484.296875,False
1773586710.2032156,71,0,0,0,0,9.200410000630654,0.0,0.021907999325776473,4.6978779988803865,9.4,484.296875,False
1773586710.4159727,72,0,0,0,0,9.314909999375232,0.0,0.023685002815909684,4.6978779988803865,9.4,484.296875,False
1773586710.6287084,73,0,0,0,0,9.279503003199352,0.0,0.02359300196985714,4.6978779988803865,18.8,484.296875,False
1773586710.8414493,74,0,0,0,0,9.306299998570466,0.0,0.023333999706665054,4.7014904460397915,9.4,484.296875,False
1773586711.0541754,75,0,0,0,0,9.27018800211954,0.0,0.021629999537253752,4.7014904460397915,9.4,484.296875,False
1773586711.2669694,76,0,0,0,0,9.28765099888551,0.0,0.023092001356417313,4.7014904460397915,9.4,484.296875,False
1773586711.479701,77,0,0,0,0,9.278188001189847,0.0,0.021537001885008067,4.7014904460397915,9.4,484.296875,False
1773586711.6923532,78,0,0,0,0,9.264502998121316,0.0,0.02327800029888749,4.7014904460397915,18.8,484.296875,False
1773586711.9053764,79,0,0,0,0,9.474930000578752,0.0,0.025592999008949846,4.699678262325229,9.4,484.296875,False
1773586712.1182203,80,0,0,0,0,9.33039200026542,0.0,0.024556000425945967,4.699678262325229,9.4,484.296875,False
1773586712.3310604,81,0,0,0,0,9.473374997469364,0.0,0.026166999305132776,4.699678262325229,9.4,484.296875,False
1773586712.543961,82,0,0,0,0,9.429837002244312,0.0,0.025629000447224826,4.699678262325229,9.4,484.296875,False
1773586712.7570832,83,0,0,0,0,9.33852199887042,0.0,0.02187100108130835,4.699678262325229,18.8,484.296875,False
1773586712.9698462,84,0,0,0,0,9.306503001425881,0.0,0.022666001314064488,4.697104625181644,9.4,484.296875,False
1773586713.1824634,85,0,0,0,0,9.259077000024263,0.0,0.02248200325993821,4.697104625181644,9.4,484.296875,False
1773586713.3952277,86,0,0,0,0,9.24677999864798,0.0,0.022074000298744068,4.697104625181644,9.4,484.296875,False
1773586713.6079917,87,0,0,0,0,9.249577000446152,0.0,0.023647997295483947,4.697104625181644,9.4,484.296875,False
1773586713.820815,88,0,0,0,0,9.360003998153843,0.0,0.024204000510508195,4.697104625181644,18.8,484.296875,False
1773586714.0336742,89,0,0,0,0,9.438282002520282,0.0,0.02237099761259742,4.699972120450411,9.4,484.34375,False
1773586715.2554128,90,1,1,0,0,9.407355999428546,1008.9152489999833,0.04092599920113571,0.818467535498505,132.6,562.515625,True
1773586716.1543815,91,1,1,1,1,7.129711997549748,688.4979460010072,0.04694499875768088,0.818467535498505,134.6,566.109375,True
1773586717.038912,92,1,1,1,0,7.08285899963812,674.1696139979467,0.04320399966672994,0.9990096373386255,134.5,568.859375,True
1773586718.042872,93,1,1,1,0,7.166638002672698,793.6288689998037,0.03561199991963804,1.119530290454881,138.5,599.140625,True
1773586719.030757,94,1,1,1,0,7.193990000814665,777.5201559998095,0.03461099913693033,1.119530290454881,136.7,602.421875,True
1773586720.018645,95,1,1,1,0,7.1866199978103396,777.5399889978871,0.034463002521079034,0.9175625232846882,137.7,604.1875,True
1773586721.0075903,96,1,1,1,0,7.180767999670934,778.5496060023434,0.033814998460002244,1.06674181301936,137.5,607.234375,True
1773586722.0696292,97,1,1,1,0,7.170507997216191,851.7202719995112,0.03422199733904563,0.9415812929394154,138.4,595.265625,True
1773586723.05808,98,1,1,1,0,7.177601000876166,778.0466950025584,0.034223001421196386,0.9415812929394154,137.6,628.5625,True
1773586723.9448705,99,1,1,1,0,7.1452859992859885,676.4328489989566,0.03457400089246221,0.9170487426148382,135.3,624.71875,True
1773586724.8299353,100,1,1,1,0,7.145767001929926,674.6883749983681,0.03470399678917602,1.1977153678959873,134.5,626.859375,True
1773586725.7145994,101,1,1,1,0,7.159118998970371,674.3883909985016,0.03387100150575861,1.1977153678959873,134.5,629.484375,True
1773586726.653126,102,1,1,1,0,7.177359999332111,727.9826560006768,0.03492700125207193,1.096976954299732,136.4,634.359375,True
1773586727.6413713,103,1,1,1,0,7.136266998713836,777.9655820013431,0.03344400101923384,1.096976954299732,138.6,639.953125,True
1773586728.6891937,104,1,1,1,0,7.203064000350423,837.4196430013399,0.03285200000391342,0.9172304360224564,139.3,615.203125,True
1773586729.7344458,105,1,1,1,0,7.152248999773292,834.9707009983831,0.03433299934840761,0.9544129068049441,138.7,616.890625,True
1773586729.9447904,106,0,0,1,0,7.07228600003873,0.0,0.029241000447655097,0.9566620616101367,9.5,618.203125,False
1773586730.1549807,107,0,0,1,0,7.08522999775596,0.0,0.03072199979214929,0.9566620616101367,4.8,622.140625,False
1773586730.3652973,108,0,0,1,0,7.05745199957164,0.0,0.029777998861391097,0.9566620616101367,14.3,623.453125,False
1773586730.5755098,109,0,0,1,0,7.051469998259563,0.0,0.03042699972866103,0.9566620616101367,9.5,627.390625,False
1773586730.7857487,110,0,0,1,0,7.0410069965873845,0.0,0.0297030019282829,0.9566620616101367,4.8,630.015625,False
1773586730.995906,111,0,0,1,0,6.9747289999213535,0.0,0.030389001040020958,4.756396912852658,9.5,632.640625,False
1773586731.206119,112,0,0,1,0,7.028248001006432,0.0,0.030555998819181696,4.756396912852658,9.5,635.265625,False
1773586731.4163518,113,0,0,1,0,7.004581999353832,0.0,0.030945000617066398,4.756396912852658,9.5,637.890625,False
1773586731.6265879,114,0,0,1,0,7.058803999825614,0.0,0.02987100015161559,4.756396912852658,9.5,640.515625,False
1773586731.836826,115,0,0,1,0,7.061137002892792,0.0,0.02990800203406252,4.756396912852658,9.5,643.140625,False
1773586732.0470462,116,0,0,1,0,7.039432999590645,0.0,0.03174099765601568,4.75700865045938,9.5,645.765625,False
1773586732.2573447,117,0,0,1,0,7.1354529973177705,0.0,0.0325740002153907,4.75700865045938,9.5,648.390625,False
1773586732.4676142,118,0,0,1,0,7.020284996542614,0.0,0.029721999453613535,4.75700865045938,9.5,651.015625,False
1773586732.677823,119,0,0,1,0,7.026970000879373,0.0,0.030647999665234238,4.75700865045938,9.5,653.640625,False
1773586732.8880115,120,0,0,1,0,7.01454400041257,0.0,0.030352002795552835,4.75700865045938,9.5,656.265625,False
1773586733.0982766,121,0,0,0,0,7.081488998665009,0.0,0.03237100099795498,4.756311692058284,4.8,658.890625,False
1773586733.3084853,122,0,0,0,0,7.041396002023248,0.0,0.03227799970773049,4.756311692058284,9.5,661.515625,False
1773586733.5186827,123,0,0,0,0,7.04421200134675,0.0,0.029482001991709694,4.756311692058284,14.3,664.140625,False
1773586733.728854,124,0,0,0,0,7.023821999609936,0.0,0.02874100027838722,4.756311692058284,4.8,666.765625,False
1773586733.939078,125,0,0,0,0,7.08939600008307,0.0,0.029962997359689325,4.756311692058284,9.5,669.390625,False
1773586734.1492786,126,0,0,0,0,7.098434001818532,0.0,0.02959300036309287,4.757412246057214,9.5,670.703125,False
1773586734.359501,127,0,0,0,0,7.0936550000624266,0.0,0.029443999665090814,4.757412246057214,4.8,674.640625,False
1773586734.5721345,128,0,0,0,0,9.37485599934007,0.0,0.03487100184429437,4.757412246057214,18.8,677.265625,False
1773586734.7850661,129,0,0,0,0,9.411707000253955,0.0,0.033926000469364226,4.757412246057214,9.4,679.890625,False
1773586734.9981937,130,0,0,0,0,9.570985999744153,0.0,0.036130000808043405,4.757412246057214,9.4,682.515625,False
1773586736.0588212,131,0,0,0,0,9.37704099851544,0.0,0.03439000283833593,4.719731933255179,82.0,675.4375,False
1773586736.2687953,132,0,0,0,0,6.712672002322506,0.0,0.027444999432191253,0.9430299645501293,4.8,625.734375,False
1773586736.4785795,133,0,0,0,0,6.679856996925082,0.0,0.026685000193538144,0.9430299645501293,14.3,591.4375,False
1773586736.6884596,134,0,0,0,0,6.69296799969743,0.0,0.02824100010911934,0.9430299645501293,9.5,591.4375,False
1773586736.8986733,135,0,0,0,0,7.0141180003702175,0.0,0.028963000659132376,0.9430299645501293,4.8,591.4375,False
1773586737.1088288,136,0,0,0,0,7.055785998090869,0.0,0.03235199983464554,0.9430299645501293,9.5,591.4375,False
1773586737.3190544,137,0,0,0,0,7.0558780025749,0.0,0.02214800042565912,4.761978505210435,4.8,591.4375,False
1773586738.2540662,138,1,1,0,0,7.085008001013193,724.7535939968657,0.040556002204539254,1.9169640853512786,138.0,607.984375,True
1773586739.2429378,139,1,1,1,1,7.075377998262411,778.4892489980848,0.03614899833337404,1.9169640853512786,136.5,613.265625,True
1773586740.233034,140,1,1,1,0,7.12078599826782,779.775607999909,0.03533400013111532,0.9167350598206049,137.4,590.5625,True
1773586741.1674304,141,1,1,1,0,7.1125270005723,723.9432370006398,0.03309299790998921,1.0973738847346446,135.9,614.921875,True
1773586742.102733,142,1,1,1,0,7.1507310021843296,724.9614290012687,0.03457400089246221,1.0973738847346446,135.8,615.125,True
1773586743.0362532,143,1,1,1,0,7.0928589993854985,723.0866940008127,0.03485199704300612,0.9640105817430457,136.0,614.921875,True
1773586744.0260553,144,1,1,1,0,7.129785997676663,779.4549569989613,0.0353700015693903,1.0981249056653666,137.4,593.453125,True
1773586745.0159528,145,1,1,1,0,7.179193999036215,779.5107910023944,0.03379700137884356,1.0981249056653666,137.4,595.203125,True
1773586746.0640295,146,1,1,1,0,7.171842000389006,837.7287879993673,0.03542600097716786,0.9158558887077738,141.2,596.15625,True
1773586747.052951,147,1,1,1,0,7.222063999506645,778.5270620006486,0.03464800101937726,0.9541365212620078,136.5,598.359375,True
1773586748.0420313,148,1,1,1,0,7.19347199992626,778.7044709984912,0.03505499989842065,1.0660799669778087,139.5,601.09375,True
1773586749.0310633,149,1,1,1,0,7.171026001742575,778.730396003084,0.034369997592875734,1.0660799669778087,136.5,603.609375,True
1773586749.9668305,150,1,1,1,0,7.199081999715418,725.3163550012687,0.03461099913693033,0.9165844080493617,136.8,629.265625,True
1773586750.8503516,151,1,1,1,0,7.168100000853883,673.1963040001574,0.033314998290734366,1.1646113210952496,133.6,629.046875,True
1773586751.8409693,152,1,1,1,0,7.192305001808563,780.2734050019353,0.03609300256357528,1.1646113210952496,137.3,612.359375,True
1773586752.7742925,153,1,1,1,0,7.140803998481715,723.0527290012105,0.03340799958095886,0.9152802979137094,137.1,636.53125,True
1773586753.7099483,154,1,1,1,0,7.127970999135869,725.3682429982291,0.03485199704300612,1.1318352130672427,135.7,636.015625,True
1773586754.7571602,155,1,1,1,0,7.162083002185682,836.9147619996511,0.0350560003425926,0.9549205007755606,139.4,618.671875,True
1773586754.9674814,156,0,0,1,0,7.143620001443196,0.0,0.030352002795552835,0.9549205007755606,4.8,621.3125,False
1773586755.1777685,157,0,0,1,0,7.08928599851788,0.0,0.03076000211876817,0.9549205007755606,9.5,623.9375,False
1773586755.3880267,158,0,0,1,0,7.011396002781112,0.0,0.031147999834502116,0.9549205007755606,9.5,626.5625,False
1773586755.5983095,159,0,0,1,0,7.102453000698006,0.0,0.03072199979214929,0.9549205007755606,9.5,629.1875,False
1773586755.8086224,160,0,0,1,0,7.046155998978065,0.0,0.03181500142090954,4.7555567044861355,9.5,631.8125,False
1773586756.0190377,161,0,0,1,0,7.078951999574201,0.0,0.03312999979243614,4.7555567044861355,9.5,634.4375,False
1773586756.2292745,162,0,0,1,0,7.063174001814332,0.0,0.030093000532360747,4.7555567044861355,4.8,637.0625,False
1773586756.439504,163,0,0,1,0,7.011914000031538,0.0,0.030241000786190853,4.7555567044861355,14.3,639.6875,False
1773586756.6501355,164,0,0,1,0,7.3993059995700605,0.0,0.031722000130685046,4.7555567044861355,9.5,642.3125,False
1773586756.86035,165,0,0,1,0,7.041340999421664,0.0,0.03098199886153452,4.753979554155736,4.8,644.9375,False
1773586757.070639,166,0,0,1,0,7.04293300077552,0.0,0.03146299786749296,4.753979554155736,9.5,647.5625,False
1773586757.2809258,167,0,0,1,0,7.069322000461398,0.0,0.030278002668637782,4.753979554155736,9.5,650.1875,False
1773586757.4912312,168,0,0,1,0,7.104211999831023,0.0,0.030462997528957203,4.753979554155736,9.5,652.8125,False
1773586757.701492,169,0,0,1,0,7.0703599994885735,0.0,0.03042699972866103,4.753979554155736,9.5,655.4375,False
1773586757.9117665,170,0,0,1,0,7.060154999635415,0.0,0.030815001082373783,4.755489845712886,9.5,658.0625,False
1773586758.1219735,171,0,0,0,0,7.0547659997828305,0.0,0.03177799953846261,4.755489845712886,4.8,660.6875,False
1773586758.3321931,172,0,0,0,0,7.0334880001610145,0.0,0.03046300116693601,4.755489845712886,9.5,663.3125,False
1773586758.5425014,173,0,0,0,0,7.050323001749348,0.0,0.02961100108223036,4.755489845712886,14.3,665.9375,False
1773586758.7526464,174,0,0,0,0,6.986952001170721,0.0,0.02957399919978343,4.755489845712886,4.8,668.5625,False
1773586758.9629383,175,0,0,0,0,7.125526000891114,0.0,0.03044400000362657,4.756616990801592,9.5,671.1875,False
1773586759.17315,176,0,0,0,0,7.043228997645201,0.0,0.028629001462832093,4.756616990801592,9.5,673.8125,False
1773586759.3833184,177,0,0,0,0,7.036285001959186,0.0,0.030074999813223258,4.756616990801592,4.8,676.4375,False
1773586759.593607,178,0,0,0,0,7.070730000123149,0.0,0.03046300116693601,4.756616990801592,14.3,679.0625,False
1773586759.803813,179,0,0,0,0,7.009026001469465,0.0,0.029463000828400254,4.756616990801592,9.5,681.703125,False
1773586760.014055,180,0,0,0,0,7.02626700149267,0.0,0.029980998078826815,4.756833852229924,4.8,684.328125,False
1773586761.117871,181,0,0,0,0,7.031598997855326,0.0,0.03353699867147952,0.9059138234719212,82.4,618.828125,False
1773586761.328948,182,0,0,0,0,7.045858998026233,0.0,0.03044500044779852,0.9059138234719212,9.5,589.953125,False
1773586761.5392115,183,0,0,0,0,6.977729000936961,0.0,0.028869999368907884,0.9059138234719212,14.3,589.953125,False
1773586761.7491677,184,0,0,0,0,6.681375001790002,0.0,0.027019003027817234,0.9059138234719212,4.8,589.953125,False
1773586761.9591427,185,0,0,0,0,6.713523998769233,0.0,0.026666999474400654,0.9059138234719212,9.5,589.953125,False
1773586762.169445,186,0,0,0,0,7.013692000327865,0.0,0.031925999792292714,4.754981996090631,9.5,589.953125,False
1773586762.379738,187,0,0,0,0,6.9978039973648265,0.0,0.02188900180044584,4.754981996090631,4.8,589.953125,False
1773586762.5900202,188,0,0,0,0,7.006617997831199,0.0,0.021704003302147612,4.754981996090631,14.3,589.953125,False
1773586762.8002741,189,0,0,0,0,7.003044000157388,0.0,0.021185001969570294,4.754981996090631,4.8,589.953125,False
1773586763.0105584,190,0,0,0,0,6.99678499950096,0.0,0.02131500150426291,4.754981996090631,9.5,589.953125,False
1773586763.2208397,191,0,0,0,0,7.025118000456132,0.0,0.02096399839501828,4.755592291373999,9.5,589.953125,False
1773586763.4311204,192,0,0,0,0,6.993303002673201,0.0,0.020093000784981996,4.755592291373999,4.8,589.953125,False
1773586763.6413934,193,0,0,0,0,6.99445200007176,0.0,0.021629999537253752,4.755592291373999,14.3,589.953125,False
1773586763.851628,194,0,0,0,0,7.023914000455989,0.0,0.022462998458649963,4.755592291373999,9.5,589.953125,False
1773586764.0619621,195,0,0,0,0,7.063007000397192,0.0,0.021351999748731032,4.755592291373999,4.8,589.953125,False
1773586764.2722478,196,0,0,0,0,7.01128500077175,0.0,0.022203999833436683,4.755552390960162,9.5,589.953125,False
1773586764.482556,197,0,0,0,0,7.005765997746494,0.0,0.021425999875646085,4.755552390960162,4.8,589.953125,False
1773586764.6926951,198,0,0,0,0,6.941932999325218,0.0,0.02163000317523256,4.755552390960162,14.3,589.953125,False
1773586764.902944,199,0,0,0,0,6.995265997829847,0.0,0.021760002709925175,4.755552390960162,4.8,589.953125,False
1773586765.809026,200,1,1,0,0,7.082043997797882,695.7366269998602,0.031944000511430204,2.602795847991357,134.6,608.125,True
1773586766.6909957,201,1,2,1,1,7.0520999979635235,671.5398449996428,0.03998199827037752,2.602795847991357,132.7,608.375,True
1773586767.544615,202,1,2,2,1,7.119174999388633,643.0782390016248,0.03649999780463986,1.152350016470762,133.6,611.0,True
1773586768.4832964,203,1,1,2,0,7.101822000549873,728.3393139987311,0.03514899799483828,1.152350016470762,136.4,612.046875,True
1773586769.3675725,204,1,1,2,0,7.140878002246609,673.8508409980568,0.03557399759301916,0.9609106775235136,134.6,610.234375,True
1773586770.2092335,205,1,1,2,0,7.117766999726882,631.3401289989997,0.0357409990101587,1.2315709745574528,133.1,596.625,True
1773586771.0494099,206,1,1,2,0,7.163322999986121,629.8164330000873,0.0359820005542133,1.2315709745574528,133.3,599.75,True
1773586771.888784,207,1,1,2,0,7.1103219997894485,628.9795209995646,0.035278000723337755,1.1907967226788883,132.2,601.875,True
1773586772.7282982,208,1,1,2,0,7.128916000510799,629.1539660014678,0.0362779974238947,1.1907967226788883,134.6,604.5,True
1773586773.5694416,209,1,1,2,0,7.115989999874728,630.7137350013363,0.035518998629413545,1.1900118879075297,133.2,607.25,True
1773586774.451739,210,1,2,2,0,7.111451999662677,671.9754760015348,0.04135200288146734,1.1900118879075297,133.7,622.828125,True
1773586775.3893497,211,1,2,2,0,7.132878999982495,727.1452490022057,0.035777997254626825,1.0989552690286728,135.5,625.078125,True
1773586776.3820202,212,1,1,2,0,7.20249000005424,782.2774119995302,0.036888999602524564,1.0989552690286728,139.0,623.375,True
1773586777.3718235,213,1,1,2,0,7.181062999734422,779.301910999493,0.0370740017388016,0.9134595721076585,138.4,619.203125,True
1773586778.2564652,214,1,1,2,0,7.195490001322469,674.2508230017847,0.036612000258173794,1.1284317281026395,134.5,607.640625,True
1773586779.2480335,215,1,1,2,0,7.182285997259896,781.0899399992195,0.03635200118878856,1.1284317281026395,137.2,625.078125,True
1773586779.458364,216,0,0,2,0,7.098433998180553,0.0,0.03175999881932512,0.9144298297919006,4.8,626.828125,False
1773586779.668678,217,0,0,2,0,7.003989001532318,0.0,0.03755600118893199,0.9144298297919006,14.3,629.453125,False
1773586779.87903,218,0,0,2,0,7.069193001370877,0.0,0.031075000151759014,0.9144298297919006,9.5,632.078125,False
1773586780.0892532,219,0,0,2,0,7.040340999083128,0.0,0.03157500032102689,0.9144298297919006,9.5,634.703125,False
1773586780.2995486,220,0,0,2,0,7.027322000794811,0.0,0.033037998946383595,0.9144298297919006,9.5,637.328125,False
1773586780.5098798,221,0,0,2,0,7.076081001287093,0.0,0.03200100036337972,4.755122156061457,9.5,639.953125,False
1773586780.7201872,222,0,0,2,0,7.056951999402372,0.0,0.032537001970922574,4.755122156061457,4.8,642.578125,False
1773586780.9305844,223,0,0,2,0,7.087784997565905,0.0,0.03225899854442105,4.755122156061457,14.3,645.203125,False
1773586781.1409037,224,0,0,2,0,7.078654998622369,0.0,0.0317960002576001,4.755122156061457,9.5,647.828125,False
1773586781.351204,225,0,0,2,0,7.066525999107398,0.0,0.032462998206028715,4.755122156061457,4.8,650.453125,False
1773586781.5614927,226,0,0,2,0,7.054600002447842,0.0,0.03268599903094582,4.754347067118263,9.5,653.078125,False
1773586781.7718234,227,0,0,1,0,7.00848899941775,0.0,0.03266600106144324,4.754347067118263,4.8,655.703125,False
1773586781.9820566,228,0,0,1,0,7.021637000434566,0.0,0.0312409974867478,4.754347067118263,14.3,658.328125,False
1773586782.1922894,229,0,0,1,0,7.041543998639099,0.0,0.031149000278674066,4.754347067118263,9.5,660.953125,False
1773586782.4025655,230,0,0,1,0,7.052174001728417,0.0,0.03244500112487003,4.754347067118263,4.8,663.578125,False
1773586782.6127913,231,0,0,0,0,7.062229997245595,0.0,0.031611998565495014,4.756124001331709,9.5,666.203125,False
1773586782.8230705,232,0,0,0,0,7.067637001455296,0.0,0.03105600262642838,4.756124001331709,9.5,668.828125,False
1773586783.0333345,233,0,0,0,0,7.091453000612091,0.0,0.030667000828543678,4.756124001331709,9.5,671.453125,False
1773586783.2434778,234,0,0,0,0,7.01954399846727,0.0,0.03072199979214929,4.756124001331709,9.5,674.078125,False
1773586783.4537156,235,0,0,0,0,7.062988999678055,0.0,0.029945000278530642,4.756124001331709,9.5,676.703125,False
1773586783.6639752,236,0,0,0,0,7.008414999290835,0.0,0.03074100095545873,4.75673458981865,4.8,679.328125,False
1773586783.8741763,237,0,0,0,0,7.049599000310991,0.0,0.03203699816367589,4.75673458981865,9.5,681.953125,False
1773586784.0843647,238,0,0,0,0,6.996413998422213,0.0,0.030795999919064343,4.75673458981865,14.3,684.578125,False
1773586784.2945976,239,0,0,0,0,7.0412669992947485,0.0,0.03044500044779852,4.75673458981865,4.8,687.203125,False
1773586784.5047526,240,0,0,0,0,6.986765998590272,0.0,0.05885199789190665,4.75673458981865,9.5,689.828125,False
1773586785.5301251,241,0,0,0,0,7.073452001350233,0.0,0.0321850020554848,4.757098212554063,80.9,624.34375,False
1773586785.7437012,242,0,0,0,0,9.365039997646818,0.0,0.04175899812253192,0.9743918913425027,9.4,595.46875,False
1773586785.9566433,243,0,0,0,0,9.357726001326228,0.0,0.03370400008861907,0.9743918913425027,18.8,595.46875,False
1773586786.169771,244,0,0,0,0,9.38591099838959,0.0,0.032759999157860875,0.9743918913425027,9.4,595.46875,False
1773586786.3827014,245,0,0,0,0,9.349503001431003,0.0,0.03137099702144042,0.9743918913425027,9.4,595.46875,False
1773586786.5957968,246,0,0,0,0,9.480689001065912,0.0,0.03600099807954393,0.9743918913425027,14.1,595.46875,False
1773586786.8089788,247,0,0,0,0,9.60176399894408,0.0,0.025017998268594965,4.6947650112458,9.4,595.46875,False
1773586787.0219889,248,0,0,0,0,9.43159599773935,0.0,0.025018001906573772,4.6947650112458,18.8,595.46875,False
1773586787.2350292,249,0,0,0,0,9.496484999544919,0.0,0.024221997591666877,4.6947650112458,9.4,595.46875,False
1773586787.4480402,250,0,0,0,0,9.429523001017515,0.0,0.025277997337980196,4.6947650112458,9.4,595.46875,False
1773586787.6610446,251,0,0,0,0,9.473801001149695,0.0,0.025795998226385564,4.6947650112458,9.4,595.46875,False
1773586787.874004,252,0,0,0,0,9.456060000957223,0.0,0.024740998924244195,4.693714258345063,9.4,595.46875,False
1773586788.0869644,253,0,0,0,0,9.440096000616904,0.0,0.025574998289812356,4.693714258345063,18.8,595.46875,False
1773586788.300012,254,0,0,0,0,9.4527810033469,0.0,0.025167002604575828,4.693714258345063,9.4,595.46875,False
1773586788.513036,255,0,0,0,0,9.475023001868976,0.0,0.02548100019339472,4.693714258345063,9.4,595.46875,False
1773586788.7260213,256,0,0,0,0,9.456355997826904,0.0,0.02577800114522688,4.693714258345063,9.4,595.46875,False
1773586788.9388945,257,0,0,0,0,9.375522000482306,0.0,0.027018999389838427,4.695104504958719,9.4,595.46875,False
1773586789.151744,258,0,0,0,0,9.277891997044208,0.0,0.024741002562223002,4.695104504958719,14.1,595.46875,False
1773586789.3647964,259,0,0,0,0,9.534189997793874,0.0,0.056037999456748366,4.695104504958719,14.1,595.46875,False
1773586789.578116,260,0,0,0,0,9.714746000099694,0.0,0.026110999897355214,4.695104504958719,9.4,595.46875,False
1773586789.791237,261,0,0,0,0,9.481559998675948,0.0,0.026592999347485602,4.695104504958719,9.4,595.46875,False
1773586790.0042841,262,0,0,0,0,9.483429999818327,0.0,0.026277997676515952,4.693623915559388,9.4,595.46875,False
1773586790.217309,263,0,0,0,0,9.505689999059541,0.0,0.025018998712766916,4.693623915559388,18.8,595.46875,False
1773586790.430205,264,0,0,0,0,9.444262999750208,0.0,0.027260000933893025,4.693623915559388,9.4,595.46875,False
1773586790.6431923,265,0,0,0,0,9.45813399812323,0.0,0.025426001229789108,4.693623915559388,9.4,595.46875,False
1773586790.8560197,266,0,0,0,0,9.314521001215326,0.0,0.024963999749161303,4.693623915559388,9.4,595.46875,False
1773586791.0689292,267,0,0,0,0,9.467522002523765,0.0,0.024278000637423247,4.696325195940358,9.4,595.46875,False
1773586791.2819853,268,0,0,0,0,9.549485999741592,0.0,0.024426000891253352,4.696325195940358,18.8,595.46875,False
1773586791.494923,269,0,0,0,0,9.479096002905862,0.0,0.02601799860713072,4.696325195940358,9.4,595.46875,False
1773586791.7081308,270,0,0,0,0,9.596597999916412,0.0,0.024204000510508195,4.696325195940358,9.4,595.46875,False
1773586791.9212992,271,0,0,0,0,9.617300998797873,0.0,0.025388999347342178,4.696325195940358,9.4,595.46875,False
1773586792.1343367,272,0,0,0,0,9.561244998621987,0.0,0.02579600186436437,4.6934663492558695,9.4,595.46875,False
1773586792.3473964,273,0,0,0,0,9.52457899984438,0.0,0.02562999725341797,4.6934663492558695,18.8,595.46875,False
1773586792.5605676,274,0,0,0,0,9.620541997719556,0.0,0.023388998670270666,4.6934663492558695,9.4,595.46875,False
1773586792.7736738,275,0,0,0,0,9.580522997566732,0.0,0.024259999918285757,4.6934663492558695,9.4,595.46875,False
1773586792.9866254,276,0,0,0,0,9.472040997934528,0.0,0.024814999051159248,4.6934663492558695,9.4,595.46875,False
1773586793.1995828,277,0,0,0,0,9.46155999918119,0.0,0.023944998247316107,4.6933518577120035,9.4,595.46875,False
1773586793.4126143,278,0,0,0,0,9.539319002215052,0.0,0.022277999960351735,4.6933518577120035,18.8,595.46875,False
1773586793.625751,279,0,0,0,0,9.678819998953259,0.0,0.024685999960638583,4.6933518577120035,9.4,595.46875,False
1773586793.8389015,280,0,0,0,0,9.620838001865195,0.0,0.02626000059535727,4.6933518577120035,9.4,595.46875,False
1773586794.0519464,281,0,0,0,0,9.589245997631224,0.0,0.02537099862820469,4.6933518577120035,9.4,595.46875,False
1773586794.2651768,282,0,0,0,0,9.605966999515658,0.0,0.024760000087553635,4.693046224161864,9.4,595.46875,False
1773586794.4783132,283,0,0,0,0,9.538449001411209,0.0,0.024666998797329143,4.693046224161864,18.8,595.46875,False
1773586794.691229,284,0,0,0,0,9.455485000216868,0.0,0.026611996872816235,4.693046224161864,9.4,595.46875,False
1773586794.904273,285,0,0,0,0,9.518893002677942,0.0,0.026296998839825392,4.693046224161864,9.4,595.46875,False
1773586795.1173544,286,0,0,0,0,9.521153002424398,0.0,0.026204001187579706,4.693046224161864,9.4,595.46875,False
1773586795.3304076,287,0,0,0,0,9.542596999381203,0.0,0.026074998459080234,4.693419081427717,9.4,595.46875,False
1773586795.5434985,288,0,0,0,0,9.548837999318494,0.0,0.026277997676515952,4.693419081427717,18.8,595.46875,False
1773586795.7566667,289,0,0,0,0,9.490357002505334,0.0,0.026944999262923375,4.693419081427717,14.1,595.46875,False
1773586795.9696476,290,0,0,0,0,9.492819001025055,0.0,0.024223001673817635,4.693419081427717,9.4,595.484375,False
1773586796.1825163,291,0,0,0,0,9.461059999011923,0.0,0.024536999262636527,4.693419081427717,9.4,595.484375,False
1773586796.395581,292,0,0,0,0,9.514633999060607,0.0,0.02461099938955158,4.693848728466543,9.4,595.484375,False
1773586796.6087117,293,0,0,0,0,9.52394900014042,0.0,0.025037003069883212,4.693848728466543,18.8,595.5,False
1773586796.821812,294,0,0,0,0,9.499540999968303,0.0,0.02431499888189137,4.693848728466543,9.4,595.5,False
1773586797.0348353,295,0,0,0,0,9.45466999837663,0.0,0.02462900010868907,4.693848728466543,9.4,595.5,False
1773586797.2477944,296,0,0,0,0,9.433578001335263,0.0,0.026112000341527164,4.693848728466543,9.4,595.5,False
1773586797.4608688,297,0,0,0,0,9.518225997453555,0.0,0.028000999009236693,4.6939128145947056,9.4,595.5,False
1773586797.6738098,298,0,0,0,0,9.471116001805058,0.0,0.025407000066479668,4.6939128145947056,18.8,595.5,False
1773586797.886738,299,0,0,0,0,9.476078001171118,0.0,0.025852001272141933,4.6939128145947056,9.4,595.5,False
1773586798.0996644,300,0,0,0,0,9.442466998734744,0.0,0.025556000764481723,4.6939128145947056,9.4,595.5,False
1773586798.3126037,301,0,0,0,0,9.411874001671094,0.0,0.0248889991780743,4.6939128145947056,9.4,595.5,False
1773586798.5257082,302,0,0,0,0,9.54405999800656,0.0,0.025149001885438338,4.695690063032327,9.4,595.5,False
1773586798.7386596,303,0,0,0,0,9.437226999580162,0.0,0.025426001229789108,4.695690063032327,18.8,595.5,False
1773586798.9516127,304,0,0,0,0,9.495762998994906,0.0,0.0279079977190122,4.695690063032327,9.4,595.5,False
1773586799.1646125,305,0,0,0,0,9.442133003176423,0.0,0.024834000214468688,4.695690063032327,9.4,595.5,False
1773586799.3776922,306,0,0,0,0,9.53733800270129,0.0,0.02518499968573451,4.695690063032327,9.4,595.5,False
1773586799.5907435,307,0,0,0,0,9.513523000350688,0.0,0.02707399835344404,4.694221713264501,14.1,595.5,False
1773586799.8037846,308,0,0,0,0,9.476966999500291,0.0,0.026444999093655497,4.694221713264501,14.1,595.5,False
1773586800.016981,309,0,0,0,0,9.599004999472527,0.0,0.02599999788799323,4.694221713264501,9.4,595.5,False
1773586800.2298837,310,0,0,0,0,9.437744000024395,0.0,0.02518499968573451,4.694221713264501,14.1,595.5,False
1773586800.442748,311,0,0,0,0,9.387226000399096,0.0,0.02518600012990646,4.694221713264501,9.4,595.5,False
1773586800.6562188,312,0,0,0,0,9.628987001633504,0.0,0.024315002519870177,4.694813357197464,9.4,595.5,False
1773586800.8686762,313,0,0,0,0,8.905277998564998,0.0,0.02401799793005921,4.694813357197464,14.1,595.5,False
1773586801.0815294,314,0,0,0,0,9.451133999391459,0.0,0.023943997803144157,4.694813357197464,9.4,595.5,False
1773586801.2946014,315,0,0,0,0,9.57054099853849,0.0,0.024648998078191653,4.694813357197464,9.4,595.5,False
1773586801.5075264,316,0,0,0,0,9.412373998202384,0.0,0.02431499888189137,4.694813357197464,14.1,595.5,False
1773586801.7206612,317,0,0,0,0,9.519929997622967,0.0,0.024684999516466632,4.69578889693233,4.7,595.5,False
1773586801.9336686,318,0,0,0,0,9.507522998319473,0.0,0.024500001018168405,4.69578889693233,18.8,595.5,False
1773586802.1466148,319,0,0,0,0,9.491929999057902,0.0,0.02409300213912502,4.69578889693233,9.4,595.5,False
1773586802.359573,320,0,0,0,0,9.483929999987595,0.0,0.02516699896659702,4.69578889693233,9.4,595.515625,False
1773586802.5724063,321,0,0,0,0,9.432300001208205,0.0,0.02325999957975,4.69578889693233,9.4,595.515625,False
1773586802.785453,322,0,0,0,0,9.594782000931446,0.0,0.02375899930484593,4.69560069553442,9.4,595.515625,False
1773586802.9984486,323,0,0,0,0,9.463708000112092,0.0,0.023833999875932932,4.69560069553442,18.8,595.515625,False
1773586803.2113743,324,0,0,0,0,9.49244900039048,0.0,0.023667002096772194,4.69560069553442,9.4,595.515625,False
1773586803.4242992,325,0,0,0,0,9.489837000728585,0.0,0.023185002646641806,4.69560069553442,9.4,595.515625,False
1773586803.637232,326,0,0,0,0,9.501560001808684,0.0,0.02427799699944444,4.69560069553442,9.4,595.515625,False
1773586803.850109,327,0,0,0,0,9.486744998866925,0.0,0.023371001589111984,4.695764713785112,9.4,595.515625,False
1773586804.063086,328,0,0,0,0,9.47433699911926,0.0,0.025019002350745723,4.695764713785112,18.8,595.515625,False
1773586804.2759025,329,0,0,0,0,9.406151999428403,0.0,0.024092998501146212,4.695764713785112,9.4,595.515625,False
1773586804.4888837,330,0,0,0,0,9.503762998065213,0.0,0.02292600038344972,4.695764713785112,9.4,595.515625,False
1773586804.7017899,331,0,0,0,0,9.3937259989616,0.0,0.024889002816053107,4.695764713785112,9.4,595.515625,False
1773586804.9145765,332,0,0,0,0,9.37218900071457,0.0,0.024167002266040072,4.6967185597415355,14.1,595.515625,False
1773586805.1273654,333,0,0,0,0,9.356559003208531,0.0,0.023369997506961226,4.6967185597415355,14.1,595.515625,False
1773586805.3401668,334,0,0,0,0,9.378224996908102,0.0,0.0240379995375406,4.6967185597415355,9.4,595.515625,False
1773586805.5530517,335,0,0,0,0,9.444595998502336,0.0,0.023926000721985474,4.6967185597415355,9.4,595.515625,False
1773586805.765978,336,0,0,0,0,9.386743997310987,0.0,0.025130000722128898,4.6967185597415355,14.1,595.515625,False
1773586805.9787436,337,0,0,0,0,9.351798998977756,0.0,0.02294499790878035,4.698403196385292,9.4,595.515625,False
1773586806.191612,338,0,0,0,0,9.383058997627813,0.0,0.024444001610390842,4.698403196385292,14.1,595.515625,False
1773586806.4043963,339,0,0,0,0,9.37122500181431,0.0,0.024426000891253352,4.698403196385292,9.4,595.515625,False
1773586806.617407,340,0,0,0,0,9.46969000142417,0.0,0.023908000002847984,4.698403196385292,9.4,595.515625,False
1773586806.8302884,341,0,0,0,0,9.43550400188542,0.0,0.025870998797472566,4.698403196385292,9.4,595.515625,False
1773586807.043322,342,0,0,0,0,9.447096999792848,0.0,0.026332996640121564,4.697553887476091,14.1,595.515625,False
1773586807.2562587,343,0,0,0,0,9.494336998614017,0.0,0.02574099926277995,4.697553887476091,14.1,595.515625,False
1773586807.4692512,344,0,0,0,0,9.496114998910343,0.0,0.0255190025200136,4.697553887476091,9.4,595.515625,False
1773586807.6821816,345,0,0,0,0,9.513300999969942,0.0,0.024981000024126843,4.697553887476091,9.4,595.515625,False
1773586807.8951168,346,0,0,0,0,9.489651998592308,0.0,0.02592599776107818,4.697553887476091,14.1,595.515625,False
1773586808.1079679,347,0,0,0,0,9.413391999260057,0.0,0.025314999220427126,4.695971855768652,9.4,595.515625,False
1773586808.3209293,348,0,0,0,0,9.483448000537464,0.0,0.026204001187579706,4.695971855768652,14.1,595.515625,False
1773586808.533889,349,0,0,0,0,9.551226998155471,0.0,0.02679699900909327,4.695971855768652,9.4,595.515625,False
1773586808.7468476,350,0,0,0,0,9.452189002331579,0.0,0.02711200068006292,4.695971855768652,9.4,595.515625,False
1773586808.9598222,351,0,0,0,0,9.459003998927074,0.0,0.025814999389695004,4.695971855768652,14.1,595.515625,False
1773586809.1727703,352,0,0,0,0,9.428762998140883,0.0,0.026797002647072077,4.6959119194072425,9.4,595.515625,False
1773586809.3853872,353,0,0,0,0,9.180280001601204,0.0,0.026166999305132776,4.6959119194072425,14.1,595.515625,False
1773586809.5982974,354,0,0,0,0,9.43813300182228,0.0,0.025334000383736566,4.6959119194072425,9.4,595.515625,False
1773586809.8112075,355,0,0,0,0,9.430928999790922,0.0,0.02633400072227232,4.6959119194072425,9.4,595.515625,False
1773586810.0240426,356,0,0,0,0,9.397854999406263,0.0,0.02599999788799323,4.6959119194072425,9.4,595.515625,False
1773586810.2368627,357,0,0,0,0,9.360762000142131,0.0,0.02705599763430655,4.698414775208238,9.4,595.515625,False
1773586810.4496782,358,0,0,0,0,9.373207001772244,0.0,0.02535199746489525,4.698414775208238,18.8,595.515625,False
1773586810.6624622,359,0,0,0,0,9.34783599950606,0.0,0.023648997739655897,4.698414775208238,9.4,595.515625,False
1773586810.8753085,360,0,0,0,0,9.369373998197261,0.0,0.02411100285826251,4.698414775208238,9.4,595.515625,False
1773586811.088261,361,0,0,0,0,9.453355996811297,0.0,0.02603699977044016,4.698414775208238,9.4,595.515625,False
1773586811.3011346,362,0,0,0,0,9.423004001291702,0.0,0.022759999410482123,4.698268465186718,9.4,595.515625,False
1773586811.5140746,363,0,0,0,0,9.50379999994766,0.0,0.02305600355612114,4.698268465186718,18.8,595.515625,False
1773586811.7269406,364,0,0,0,0,9.423596999113215,0.0,0.024444998416583985,4.698268465186718,9.4,595.515625,False
1773586811.9398549,365,0,0,0,0,9.424634001334198,0.0,0.023870998120401055,4.698268465186718,9.4,595.515625,False
1773586812.1526847,366,0,0,0,0,9.401781000633491,0.0,0.023740001779515296,4.698268465186718,9.4,595.515625,False
1773586812.3656337,367,0,0,0,0,9.47011500102235,0.0,0.02518499968573451,4.6975486262962125,9.4,595.515625,False
1773586812.578442,368,0,0,0,0,9.409245001734234,0.0,0.02348199996049516,4.6975486262962125,18.8,595.515625,False
1773586812.7913313,369,0,0,0,0,9.46857900271425,0.0,0.024128999939421192,4.6975486262962125,9.4,595.515625,False
1773586813.0041487,370,0,0,0,0,9.414893000212032,0.0,0.023980999685591087,4.6975486262962125,9.4,595.515625,False
1773586813.2172053,371,0,0,0,0,9.494411999185104,0.0,0.023148000764194876,4.6975486262962125,9.4,595.515625,False
1773586813.4300303,372,0,0,0,0,9.423430001334054,0.0,0.024388999008806422,4.69693946135362,9.4,595.515625,False
1773586813.6429145,373,0,0,0,0,9.421262999239843,0.0,0.024000000848900527,4.69693946135362,18.8,595.515625,False
1773586813.8557935,374,0,0,0,0,9.389003997057443,0.0,0.02437000148347579,4.69693946135362,9.4,595.515625,False
1773586814.0687797,375,0,0,0,0,9.4467259987141,0.0,0.038333000702550635,4.69693946135362,9.4,595.53125,False
1773586814.2816339,376,0,0,0,0,9.377096001117025,0.0,0.022889002138981596,4.69693946135362,9.4,595.53125,False
1773586814.494503,377,0,0,0,0,9.453355000005104,0.0,0.02346299879718572,4.697404474552642,9.4,595.53125,False
1773586814.7072792,378,0,0,0,0,9.333504000096582,0.0,0.024684999516466632,4.697404474552642,23.5,595.53125,False
1773586814.9201806,379,0,0,0,0,9.36296600048081,0.0,0.024388999008806422,4.697404474552642,4.7,595.53125,False
1773586815.1330752,380,0,0,0,0,9.376206999149872,0.0,0.023463002435164526,4.697404474552642,9.4,595.53125,False
1773586815.3460455,381,0,0,0,0,9.477800002059666,0.0,0.02350000067963265,4.697404474552642,9.4,595.53125,False
1773586815.5588799,382,0,0,0,0,9.345132999442285,0.0,0.02461099938955158,4.697386587727024,9.4,595.53125,False
1773586815.7716136,383,0,0,0,0,9.335669998108642,0.0,0.023592998331878334,4.697386587727024,18.8,595.53125,False
1773586815.9844182,384,0,0,0,0,9.337614999822108,0.0,0.024222998035838827,4.697386587727024,9.4,595.53125,False
1773586816.1974149,385,0,0,0,0,9.412059000169393,0.0,0.022610998712480068,4.697386587727024,9.4,595.53125,False
1773586816.4102528,386,0,0,0,0,9.306281001045136,0.0,0.023352000425802544,4.697386587727024,9.4,595.53125,False
1773586816.623024,387,0,0,0,0,9.334022000984987,0.0,0.023129003238864243,4.698200049958163,9.4,595.53125,False
1773586816.8358846,388,0,0,0,0,9.369465999043314,0.0,0.024259999918285757,4.698200049958163,18.8,595.53125,False
1773586817.0487454,389,0,0,0,0,9.372780998091912,0.0,0.022833999537397176,4.698200049958163,9.4,595.53125,False
1773586817.2616034,390,0,0,0,0,9.359429001051467,0.0,0.023149001208366826,4.698200049958163,9.4,595.53125,False
1773586817.4744375,391,0,0,0,0,9.329540996986907,0.0,0.023130000045057386,4.698200049958163,9.4,595.546875,False
1773586817.6872613,392,0,0,0,0,9.347169998363825,0.0,0.02375999974901788,4.698651627291519,9.4,595.546875,False
1773586817.9000168,393,0,0,0,0,9.326465999038192,0.0,0.024537999706808478,4.698651627291519,18.8,595.546875,False
1773586818.1128545,394,0,0,0,0,9.385225999722024,0.0,0.02379700163146481,4.698651627291519,9.4,595.546875,False
1773586818.3257067,395,0,0,0,0,9.380262999911793,0.0,0.02388900247751735,4.698651627291519,9.4,595.546875,False
1773586818.538492,396,0,0,0,0,9.378782000567298,0.0,0.024000000848900527,4.698651627291519,9.4,595.546875,False
1773586818.751292,397,0,0,0,0,9.381743999256287,0.0,0.023648000933462754,4.699007476638864,9.4,595.546875,False
1773586818.964142,398,0,0,0,0,9.356855000078212,0.0,0.024982000468298793,4.699007476638864,18.8,595.546875,False
1773586819.177028,399,0,0,0,0,9.416299999429611,0.0,0.022222000552574173,4.699007476638864,9.4,595.546875,False
1773586819.389824,400,0,0,0,0,9.376429999974789,0.0,0.022389001969713718,4.699007476638864,9.4,595.546875,False
1773586819.602685,401,0,0,0,0,9.385800000018207,0.0,0.02346299879718572,4.699007476638864,9.4,595.546875,False
1773586819.815677,402,0,0,0,0,9.384780998516362,0.0,0.024666998797329143,4.697803280921267,14.1,595.546875,False
1773586820.0284312,403,0,0,0,0,9.348133000457892,0.0,0.023110998881747946,4.697803280921267,14.1,595.546875,False
1773586820.2412639,404,0,0,0,0,9.380392002640292,0.0,0.023962998966453597,4.697803280921267,9.4,595.546875,False
1773586820.4540098,405,0,0,0,0,9.350541000458179,0.0,0.02325999957975,4.697803280921267,9.4,595.546875,False
1773586820.6667776,406,0,0,0,0,9.356855000078212,0.0,0.02390700319665484,4.697803280921267,14.1,595.5625,False
1773586820.8796122,407,0,0,0,0,9.386114998051198,0.0,0.02576000042608939,4.699257024454308,9.4,595.5625,False
1773586821.0925705,408,0,0,0,0,9.467855998082086,0.0,0.02607400165288709,4.699257024454308,18.8,595.5625,False
1773586821.305452,409,0,0,0,0,9.464725997531787,0.0,0.024556000425945967,4.699257024454308,9.4,595.5625,False
1773586821.5183299,410,0,0,0,0,9.421595997991972,0.0,0.025130000722128898,4.699257024454308,9.4,595.5625,False
1773586821.7312148,411,0,0,0,0,9.39011399896117,0.0,0.02594499892438762,4.699257024454308,9.4,595.5625,False
1773586821.9441612,412,0,0,0,0,9.457077998376917,0.0,0.027908001356991008,4.697419204981905,9.4,595.5625,False
1773586822.1571198,413,0,0,0,0,9.443725997698493,0.0,0.024463002773700282,4.697419204981905,18.8,595.5625,False
1773586822.36999,414,0,0,0,0,9.477559000515612,0.0,0.025612000172259286,4.697419204981905,9.4,595.5625,False
1773586822.5829692,415,0,0,0,0,9.559764002915472,0.0,0.027018999389838427,4.697419204981905,9.4,595.5625,False
1773586822.795833,416,0,0,0,0,9.395689001394203,0.0,0.025630000891396776,4.697419204981905,9.4,595.5625,False
1773586823.008736,417,0,0,0,0,9.454262999497587,0.0,0.026723002520157024,4.696515558963536,9.4,595.5625,False
1773586823.2216666,418,0,0,0,0,9.465929000725737,0.0,0.026130001060664654,4.696515558963536,18.8,595.5625,False
1773586823.4345694,419,0,0,0,0,9.451281999645289,0.0,0.025093002477660775,4.696515558963536,9.4,595.5625,False
1773586823.6474123,420,0,0,0,0,9.421097001904855,0.0,0.02485199729562737,4.696515558963536,9.4,595.5625,False
1773586823.8602862,421,0,0,0,0,9.432744998775888,0.0,0.02577800114522688,4.696515558963536,9.4,595.5625,False
1773586824.073328,422,0,0,0,0,9.5387639994442,0.0,0.0259810003626626,4.697194049935371,9.4,595.5625,False
1773586824.286231,423,0,0,0,0,9.482171000854578,0.0,0.025314999220427126,4.697194049935371,18.8,595.5625,False
1773586824.4992108,424,0,0,0,0,9.488892999797827,0.0,0.025426001229789108,4.697194049935371,9.4,595.5625,False
1773586824.7121701,425,0,0,0,0,9.471819001191761,0.0,0.02711200068006292,4.697194049935371,9.4,595.5625,False
1773586824.92505,426,0,0,0,0,9.457449003093643,0.0,0.025907000235747546,4.697194049935371,9.4,595.5625,False
1773586825.1380756,427,0,0,0,0,9.583263999957126,0.0,0.02607400165288709,4.695982371077532,9.4,595.5625,False
1773586825.3511267,428,0,0,0,0,9.503819001110969,0.0,0.02596299964352511,4.695982371077532,18.8,595.5625,False
1773586825.564148,429,0,0,0,0,9.528467002382968,0.0,0.025834000553004444,4.695982371077532,9.4,595.5625,False
1773586825.7772064,430,0,0,0,0,9.562060000462225,0.0,0.024055996618699282,4.695982371077532,9.4,595.5625,False
1773586825.9902902,431,0,0,0,0,9.594874998583691,0.0,0.025295998057117686,4.695982371077532,9.4,595.5625,False
1773586826.2032557,432,0,0,0,0,9.54094899861957,0.0,0.027685997338267043,4.69381405965121,9.4,595.5625,False
1773586826.4160311,433,0,0,0,0,9.359003001009114,0.0,0.024834000214468688,4.69381405965121,18.8,595.5625,False
1773586826.62909,434,0,0,0,0,9.555615000863327,0.0,0.0243520007643383,4.69381405965121,9.4,595.5625,False
1773586826.8420944,435,0,0,0,0,9.534818997053662,0.0,0.024889002816053107,4.69381405965121,9.4,595.5625,False
1773586827.055189,436,0,0,0,0,9.59615299871075,0.0,0.025722001737449318,4.69381405965121,9.4,595.5625,False
1773586827.2681236,437,0,0,0,0,9.51487400016049,0.0,0.02461199983372353,4.695280051924198,9.4,595.5625,False
1773586827.4811308,438,0,0,0,0,9.550189999572467,0.0,0.025240999093512073,4.695280051924198,18.8,595.5625,False
1773586827.6940873,439,0,0,0,0,9.553855998092331,0.0,0.02516699896659702,4.695280051924198,9.4,595.5625,False
1773586827.9070795,440,0,0,0,0,9.519986000668723,0.0,0.025408000510651618,4.695280051924198,9.4,595.5625,False
1773586828.1201484,441,0,0,0,0,9.511374002613593,0.0,0.024722001398913562,4.695280051924198,9.4,595.5625,False
1773586828.333129,442,0,0,0,0,9.4412629987346,0.0,0.02551800207584165,4.694795490099334,9.4,595.5625,False
1773586828.546014,443,0,0,0,0,9.469429998716805,0.0,0.024963999749161303,4.694795490099334,18.8,595.5625,False
1773586828.7589364,444,0,0,0,0,9.456521998799872,0.0,0.025092998839681968,4.694795490099334,9.4,595.5625,False
1773586828.9718518,445,0,0,0,0,9.397578000061912,0.0,0.025018998712766916,4.694795490099334,9.4,595.5625,False
1773586829.184792,446,0,0,0,0,9.418688998266589,0.0,0.04931500006932765,4.694795490099334,9.4,595.5625,False
1773586829.3977938,447,0,0,0,0,9.466578001593007,0.0,0.02431499888189137,4.696246320756576,9.4,595.5625,False
1773586829.610704,448,0,0,0,0,9.284613999625435,0.0,0.02596299964352511,4.696246320756576,23.5,595.5625,False
1773586829.8236406,449,0,0,0,0,9.466281997447368,0.0,0.02564799797255546,4.696246320756576,9.4,595.5625,False
1773586830.0365348,450,0,0,0,0,9.430004000023473,0.0,0.026907000574283302,4.696246320756576,9.4,595.5625,False
1773586830.2494745,451,0,0,0,0,9.471893001318676,0.0,0.024556000425945967,4.696246320756576,9.4,595.5625,False
1773586830.4625206,452,0,0,0,0,9.557374996802537,0.0,0.025518998882034793,4.696648085980279,9.4,595.5625,False
1773586830.6754026,453,0,0,0,0,9.428781999304192,0.0,0.02461199983372353,4.696648085980279,18.8,595.5625,False
1773586830.8882637,454,0,0,0,0,9.469151998928282,0.0,0.025166002160403877,4.696648085980279,9.4,595.5625,False
1773586831.1011763,455,0,0,0,0,9.471632998611312,0.0,0.024852000933606178,4.696648085980279,9.4,595.5625,False
1773586831.3141453,456,0,0,0,0,9.539782000501873,0.0,0.024500001018168405,4.696648085980279,9.4,595.5625,False
1773586831.5270154,457,0,0,0,0,9.44924500072375,0.0,0.025888999516610056,4.696339919601442,14.1,595.5625,False
1773586831.7398481,458,0,0,0,0,9.425022999494104,0.0,0.025037999876076356,4.696339919601442,14.1,595.5625,False
1773586831.9527922,459,0,0,0,0,9.500134001427796,0.0,0.05483299901243299,4.696339919601442,9.4,595.5625,False
1773586832.1657906,460,0,0,0,0,9.531114999845158,0.0,0.024944998585851863,4.696339919601442,9.4,595.578125,False
1773586832.3786514,461,0,0,0,0,9.420041002158541,0.0,0.02522200156818144,4.696339919601442,9.4,595.578125,False
1773586832.591566,462,0,0,0,0,9.477744999458082,0.0,0.02548100019339472,4.696841630933392,9.4,595.59375,False
1773586832.8045485,463,0,0,0,0,9.47028199880151,0.0,0.02537099862820469,4.696841630933392,18.8,595.59375,False
1773586833.0175369,464,0,0,0,0,9.482041001319885,0.0,0.02459299867041409,4.696841630933392,9.4,595.59375,False
1773586833.2303963,465,0,0,0,0,9.483041001658421,0.0,0.02486999801476486,4.696841630933392,9.4,595.59375,False
1773586833.4432013,466,0,0,0,0,9.393189000547864,0.0,0.024777000362519175,4.696841630933392,9.4,595.59375,False
1773586833.6561718,467,0,0,0,0,9.537967001961078,0.0,0.026166999305132776,4.697027827816798,9.4,595.59375,False
1773586833.8691194,468,0,0,0,0,9.454429997276748,0.0,0.02544499875511974,4.697027827816798,18.8,595.59375,False
1773586834.0820022,469,0,0,0,0,9.44767100008903,0.0,0.02564799797255546,4.697027827816798,9.4,595.59375,False
1773586834.2948487,470,0,0,0,0,9.462522000831086,0.0,0.025370001822011545,4.697027827816798,9.4,595.59375,False
1773586834.5078838,471,0,0,0,0,9.546505003527272,0.0,0.024462999135721475,4.697027827816798,9.4,595.59375,False
1773586834.7208128,472,0,0,0,0,9.467337000387488,0.0,0.024092998501146212,4.695947670736939,9.4,595.59375,False
1773586834.9336894,473,0,0,0,0,9.471188997849822,0.0,0.024500001018168405,4.695947670736939,18.8,595.59375,False
1773586835.1465862,474,0,0,0,0,9.433707000425784,0.0,0.025592999008949846,4.695947670736939,9.4,595.59375,False
1773586835.3594594,475,0,0,0,0,9.37954099936178,0.0,0.02655500065884553,4.695947670736939,9.4,595.59375,False
1773586835.5723255,476,0,0,0,0,9.399558999575675,0.0,0.025407000066479668,4.695947670736939,9.4,595.59375,False
1773586835.785241,477,0,0,0,0,9.485763999691699,0.0,0.024388999008806422,4.69747286661264,9.4,595.59375,False
1773586835.998111,478,0,0,0,0,9.46120699882158,0.0,0.024870001652743667,4.69747286661264,18.8,595.59375,False
1773586836.2110207,479,0,0,0,0,9.489225998549955,0.0,0.024482000299030915,4.69747286661264,9.4,595.59375,False
1773586836.4239645,480,0,0,0,0,9.463004000281217,0.0,0.026647998311091214,4.69747286661264,9.4,595.59375,False
1773586836.6368535,481,0,0,0,0,9.460041001148056,0.0,0.024814999051159248,4.69747286661264,9.4,595.59375,False
1773586836.849761,482,0,0,0,0,9.502689998043934,0.0,0.024999997549457476,4.697005735889287,9.4,595.59375,False
1773586837.0627027,483,0,0,0,0,9.455521998461336,0.0,0.024814999051159248,4.697005735889287,18.8,595.59375,False
1773586837.2755845,484,0,0,0,0,9.417429002496647,0.0,0.024296001356560737,4.697005735889287,9.4,595.59375,False
1773586837.4886189,485,0,0,0,0,9.53357800244703,0.0,0.026686000637710094,4.697005735889287,9.4,595.59375,False
1773586837.7015684,486,0,0,0,0,9.485910999501357,0.0,0.025499997718725353,4.697005735889287,9.4,595.59375,False
1773586837.9146562,487,0,0,0,0,9.600708002835745,0.0,0.024722998205106705,4.69609488783036,9.4,595.59375,False
1773586838.1270561,488,0,0,0,0,8.968186000856804,0.0,0.024517998099327087,4.69609488783036,18.8,595.59375,False
1773586838.33999,489,0,0,0,0,9.49820800087764,0.0,0.025110999558819458,4.69609488783036,9.4,595.59375,False
1773586838.5529358,490,0,0,0,0,9.486430000833934,0.0,0.024758999643381685,4.69609488783036,9.4,595.59375,False
1773586838.7659123,491,0,0,0,0,9.511152002232848,0.0,0.025036999431904405,4.69609488783036,9.4,595.59375,False
1773586838.9788203,492,0,0,0,0,9.46700399799738,0.0,0.026166999305132776,4.697621231619397,9.4,595.59375,False
1773586839.1917603,493,0,0,0,0,9.48372699713218,0.0,0.027499998395796865,4.697621231619397,18.8,595.59375,False
1773586839.4047854,494,0,0,0,0,9.494744997937232,0.0,0.025369998184032738,4.697621231619397,9.4,595.59375,False
1773586839.6178505,495,0,0,0,0,9.53548599864007,0.0,0.024426000891253352,4.697621231619397,9.4,595.59375,False
1773586839.8307621,496,0,0,0,0,9.414985001058085,0.0,0.02576000042608939,4.697621231619397,9.4,595.59375,False
1773586840.0436575,497,0,0,0,0,9.440559002541704,0.0,0.025870998797472566,4.695763662349579,9.4,595.59375,False
1773586840.2566106,498,0,0,0,0,9.451188998355065,0.0,0.025649002054706216,4.695763662349579,18.8,595.59375,False
1773586840.4695485,499,0,0,0,0,9.488318999501644,0.0,0.02607500209705904,4.695763662349579,9.4,595.59375,False
1773586840.6824179,500,0,0,0,0,9.427411001524888,0.0,0.025630000891396776,4.695763662349579,9.4,595.59375,False
1773586840.895368,501,0,0,0,0,9.445948999200482,0.0,0.024574001145083457,4.695763662349579,9.4,595.59375,False
1773586841.1081762,502,0,0,0,0,9.386780999193434,0.0,0.02626000059535727,4.696346229770169,9.4,595.59375,False
1773586841.3211982,503,0,0,0,0,9.51552300102776,0.0,0.02464800127199851,4.696346229770169,18.8,595.59375,False
1773586841.534064,504,0,0,0,0,9.463559999858262,0.0,0.02514799780328758,4.696346229770169,9.4,595.59375,False
1773586841.7469187,505,0,0,0,0,9.424800002307165,0.0,0.02518499968573451,4.696346229770169,9.4,595.59375,False
1773586841.959878,506,0,0,0,0,9.415410997462459,0.0,0.025295998057117686,4.696346229770169,9.4,595.59375,False
1773586842.172756,507,0,0,0,0,9.426818000065396,0.0,0.025833000108832493,4.6970236198145825,14.1,595.59375,False
1773586842.385612,508,0,0,0,0,9.44861499738181,0.0,0.025036999431904405,4.6970236198145825,18.8,595.59375,False
1773586842.5985715,509,0,0,0,0,9.485208000114653,0.0,0.024815002689138055,4.6970236198145825,9.4,595.59375,False
1773586842.8114657,510,0,0,0,0,9.428356002899818,0.0,0.02574099926277995,4.6970236198145825,9.4,595.59375,False
1773586843.024317,511,0,0,0,0,9.439058998395922,0.0,0.02516699896659702,4.6970236198145825,9.4,595.59375,False
1773586843.2372227,512,0,0,0,0,9.442356000363361,0.0,0.02607400165288709,4.69713513442083,9.4,595.59375,False
1773586843.4500802,513,0,0,0,0,9.47246700161486,0.0,0.02433299960102886,4.69713513442083,18.8,595.59375,False
1773586843.663025,514,0,0,0,0,9.45389199841884,0.0,0.025426001229789108,4.69713513442083,9.4,595.59375,False
1773586843.875884,515,0,0,0,0,9.453504000703106,0.0,0.024629996914882213,4.69713513442083,9.4,595.59375,False
1773586844.0888522,516,0,0,0,0,9.52083799711545,0.0,0.025741002900758758,4.69713513442083,9.4,595.59375,False
1773586844.3017533,517,0,0,0,0,9.428706998733105,0.0,0.02514799780328758,4.697174060577283,9.4,595.59375,False
1773586844.5145829,518,0,0,0,0,9.416169999894919,0.0,0.02461099938955158,4.697174060577283,18.8,595.59375,False
1773586844.7273962,519,0,0,0,0,9.344281002995558,0.0,0.024370998289668933,4.697174060577283,9.4,595.609375,False
1773586844.9403303,520,0,0,0,0,9.416540000529494,0.0,0.02603699977044016,4.697174060577283,9.4,595.609375,False
1773586845.153259,521,0,0,0,0,9.443226001167204,0.0,0.025074001314351335,4.697174060577283,9.4,595.609375,False
1773586845.366298,522,0,0,0,0,9.546097000566078,0.0,0.025630000891396776,4.697074116338787,9.4,595.609375,False
1773586845.5790462,523,0,0,0,0,9.314743998402264,0.0,0.024814999051159248,4.697074116338787,18.8,595.609375,False
1773586845.7918832,524,0,0,0,0,9.396410001500044,0.0,0.025037999876076356,4.697074116338787,9.4,595.609375,False
1773586846.0047226,525,0,0,0,0,9.335409999039257,0.0,0.023352000425802544,4.697074116338787,9.4,595.609375,False
1773586846.2178123,526,0,0,0,0,9.448484997847117,0.0,0.023926000721985474,4.697074116338787,9.4,595.609375,False
1773586846.430523,527,0,0,0,0,9.313780999946175,0.0,0.02401899837423116,4.697205622799395,9.4,595.609375,False
1773586846.6430557,528,0,0,0,0,9.019963999890024,0.0,0.024740998924244195,4.697205622799395,14.1,595.609375,False
1773586846.8558915,529,0,0,0,0,9.34628100003465,0.0,0.024130000383593142,4.697205622799395,9.4,595.609375,False
1773586847.0686626,530,0,0,0,0,9.331892000773223,0.0,0.02461099938955158,4.697205622799395,9.4,595.609375,False
1773586847.2814903,531,0,0,0,0,9.32505800301442,0.0,0.024852000933606178,4.697205622799395,9.4,595.609375,False
1773586847.494362,532,0,0,0,0,9.335298997029895,0.0,0.02433400004520081,4.700327116366688,9.4,595.609375,False
1773586847.7072272,533,0,0,0,0,9.376188001624541,0.0,0.02490800034138374,4.700327116366688,18.8,595.625,False
1773586847.9200346,534,0,0,0,0,9.320466000644956,0.0,0.025851997634163126,4.700327116366688,9.4,595.625,False
1773586848.1328468,535,0,0,0,0,9.356595001008827,0.0,0.023500997485825792,4.700327116366688,9.4,595.625,False
1773586848.3456953,536,0,0,0,0,9.364911002194276,0.0,0.02324099841644056,4.700327116366688,9.4,595.625,False
1773586848.558465,537,0,0,0,0,9.353946999908658,0.0,0.023592998331878334,4.698657943673963,9.4,595.625,False
1773586848.7712734,538,0,0,0,0,9.327189000032376,0.0,0.02385200059507042,4.698657943673963,18.8,595.625,False
1773586848.9840977,539,0,0,0,0,9.361688000353752,0.0,0.023684999177930877,4.698657943673963,14.1,595.625,False
1773586849.1969273,540,0,0,0,0,9.33459600128117,0.0,0.022518001060234383,4.698657943673963,9.4,595.625,False
1773586849.4097877,541,0,0,0,0,9.390206996613415,0.0,0.02288899850100279,4.698657943673963,9.4,595.625,False
1773586849.6226985,542,0,0,0,0,9.40072600133135,0.0,0.025556000764481723,4.698823228384123,9.4,595.625,False
1773586849.8355482,543,0,0,0,0,9.281984002882382,0.0,0.02388900247751735,4.698823228384123,18.8,595.625,False
1773586850.0483022,544,0,0,0,0,9.34579900058452,0.0,0.024315002519870177,4.698823228384123,9.4,595.625,False
1773586850.2612443,545,0,0,0,0,9.418484998604981,0.0,0.023684999177930877,4.698823228384123,9.4,595.640625,False
1773586850.4739792,546,0,0,0,0,9.307113999966532,0.0,0.02409200169495307,4.698823228384123,9.4,595.640625,False
1773586850.686677,547,0,0,0,0,9.288409997679992,0.0,0.024556000425945967,4.698493723249428,9.4,595.640625,False
1773586850.8994,548,0,0,0,0,9.27563200093573,0.0,0.02325899913557805,4.698493723249428,18.8,595.640625,False
1773586851.1122637,549,0,0,0,0,9.378948001540266,0.0,0.023630000214325264,4.698493723249428,9.4,595.640625,False
1773586851.3250887,550,0,0,0,0,9.33539199832012,0.0,0.023351996787823737,4.698493723249428,9.4,595.640625,False
1773586851.5379214,551,0,0,0,0,9.377300000778632,0.0,0.023666998458793387,4.698493723249428,9.4,595.640625,False
1773586851.7508836,552,0,0,0,0,9.470337001403095,0.0,0.02661100006662309,4.6991506738322215,9.4,595.640625,False
1773586851.9638839,553,0,0,0,0,9.513281998806633,0.0,0.025834000553004444,4.6991506738322215,18.8,595.640625,False
1773586852.1769001,554,0,0,0,0,9.510744999715826,0.0,0.025796998670557514,4.6991506738322215,9.4,595.640625,False
1773586852.3898022,555,0,0,0,0,9.47572600125568,0.0,0.02492600106052123,4.6991506738322215,9.4,595.640625,False
1773586852.602653,556,0,0,0,0,9.444208000786602,0.0,0.027444999432191253,4.6991506738322215,9.4,595.640625,False
1773586852.8154893,557,0,0,0,0,9.409910999238491,0.0,0.025499997718725353,4.696294697221796,9.4,595.640625,False
1773586853.0283036,558,0,0,0,0,9.393039999849861,0.0,0.025888999516610056,4.696294697221796,18.8,595.640625,False
1773586853.2412882,559,0,0,0,0,9.493652996752644,0.0,0.025296001695096493,4.696294697221796,9.4,595.640625,False
1773586853.4541502,560,0,0,0,0,9.459577999223256,0.0,0.024203000066336244,4.696294697221796,9.4,595.640625,False
1773586853.6670496,561,0,0,0,0,9.424261999811279,0.0,0.02514799780328758,4.696294697221796,14.1,595.640625,False
1773586853.8799634,562,0,0,0,0,9.440262998396065,0.0,0.025426001229789108,4.697568618842448,9.4,595.640625,False
1773586854.0930176,563,0,0,0,0,9.54574500065064,0.0,0.02505599695723504,4.697568618842448,18.8,595.640625,False
1773586854.3059597,564,0,0,0,0,9.478670999669703,0.0,0.024592001864220947,4.697568618842448,4.7,595.640625,False
1773586854.5188885,565,0,0,0,0,9.506874001090182,0.0,0.026666999474400654,4.697568618842448,14.1,595.640625,False
1773586854.7319047,566,0,0,0,0,9.505374000582378,0.0,0.02592699820525013,4.697568618842448,9.4,595.640625,False
1773586854.944818,567,0,0,0,0,9.504762998403748,0.0,0.025796998670557514,4.695425124592147,9.4,595.640625,False
1773586855.157213,568,0,0,0,0,8.980982998764375,0.0,0.024722001398913562,4.695425124592147,14.1,595.640625,False
1773586855.3700368,569,0,0,0,0,9.45515200146474,0.0,0.02572299854364246,4.695425124592147,9.4,595.640625,False
1773586855.5829039,570,0,0,0,0,9.456614996452117,0.0,0.026147998141823336,4.695425124592147,14.1,595.640625,False
1773586855.79594,571,0,0,0,0,9.552540999720804,0.0,0.02633400072227232,4.695425124592147,9.4,595.640625,False
1773586856.008853,572,0,0,0,0,9.481596000114223,0.0,0.026370998966740444,4.699004317975627,9.4,595.640625,False
1773586856.221794,573,0,0,0,0,9.47480000104406,0.0,0.02437100192764774,4.699004317975627,18.8,595.640625,False
1773586856.43469,574,0,0,0,0,9.416411001438973,0.0,0.025129000277956948,4.699004317975627,9.4,595.640625,False
1773586856.6476808,575,0,0,0,0,9.510743999271654,0.0,0.024222998035838827,4.699004317975627,9.4,595.640625,False
1773586856.8606153,576,0,0,0,0,9.429467001609737,0.0,0.027093003154732287,4.699004317975627,9.4,595.640625,False
1773586857.0734847,577,0,0,0,0,9.412448001967277,0.0,0.025315002858405933,4.696176912786425,4.7,595.640625,False
1773586857.2863998,578,0,0,0,0,9.42255900008604,0.0,0.024537002900615335,4.696176912786425,18.8,595.640625,False
1773586857.4993668,579,0,0,0,0,9.49867099916446,0.0,0.025814999389695004,4.696176912786425,9.4,595.640625,False
1773586857.7122083,580,0,0,0,0,9.36796599853551,0.0,0.02603699977044016,4.696176912786425,9.4,595.640625,False
1773586857.925177,581,0,0,0,0,9.397372999956133,0.0,0.02535199746489525,4.696176912786425,9.4,595.640625,False
1773586858.1381214,582,0,0,0,0,9.404003001691308,0.0,0.025315002858405933,4.696818488849392,9.4,595.640625,False
1773586858.350909,583,0,0,0,0,9.290057998441625,0.0,0.02353699892410077,4.696818488849392,18.8,595.640625,False
1773586858.5638244,584,0,0,0,0,9.375410998472944,0.0,0.02433299960102886,4.696818488849392,9.4,595.640625,False
1773586858.7766044,585,0,0,0,0,9.341354998468887,0.0,0.024944998585851863,4.696818488849392,14.1,595.640625,False
1773586858.9893527,586,0,0,0,0,9.35407699944335,0.0,0.023332999262493104,4.696818488849392,9.4,595.640625,False
1773586859.2022514,587,0,0,0,0,9.423429997696076,0.0,0.023908000002847984,4.698426354088253,9.4,595.640625,False
1773586859.4151258,588,0,0,0,0,9.400576996995369,0.0,0.024110999220283702,4.698426354088253,18.8,595.640625,False
1773586859.6279285,589,0,0,0,0,9.332225999969523,0.0,0.02399999721092172,4.698426354088253,9.4,595.640625,False
1773586859.8408031,590,0,0,0,0,9.338818003016058,0.0,0.026091998734045774,4.698426354088253,9.4,595.640625,False
1773586860.053737,591,0,0,0,0,9.4036699993012,0.0,0.024981000024126843,4.698426354088253,9.4,595.640625,False
1773586860.2665741,592,0,0,0,0,9.329243999673054,0.0,0.02546299947425723,4.697794862145283,9.4,595.640625,False
1773586860.4794273,593,0,0,0,0,9.401837000041269,0.0,0.025258999812649563,4.697794862145283,18.8,595.640625,False
1773586860.6922743,594,0,0,0,0,9.439041001314763,0.0,0.02457399750710465,4.697794862145283,9.4,595.640625,False
1773586860.9053407,595,0,0,0,0,9.544781998556573,0.0,0.025907000235747546,4.697794862145283,9.4,595.640625,False
1773586861.11816,596,0,0,0,0,9.419670001079794,0.0,0.02550000135670416,4.697794862145283,9.4,595.640625,False
1773586861.3310456,597,0,0,0,0,9.488522002357058,0.0,0.025592999008949846,4.697466553415977,9.4,595.640625,False
1773586861.5439425,598,0,0,0,0,9.436299998924369,0.0,0.026073998014908284,4.697466553415977,18.8,595.640625,False
1773586861.7568583,599,0,0,0,0,9.43031800125027,0.0,0.0256669991358649,4.697466553415977,9.4,595.640625,False
1773586861.96974,600,0,0,0,0,9.426781001820927,0.0,0.0243520007643383,4.697466553415977,9.4,595.640625,False
1773586862.1827145,601,0,0,0,0,9.476688999711769,0.0,0.024130000383593142,4.697466553415977,9.4,595.640625,False
1773586862.3955858,602,0,0,0,0,9.367206999741029,0.0,0.02659199890331365,4.696632308562278,14.1,595.640625,False
1773586862.6084654,603,0,0,0,0,9.440596997592365,0.0,0.02663000122993253,4.696632308562278,14.1,595.640625,False
1773586862.821401,604,0,0,0,0,9.47778199770255,0.0,0.024370998289668933,4.696632308562278,9.4,595.65625,False
1773586863.03433,605,0,0,0,0,9.49774499895284,0.0,0.02546299947425723,4.696632308562278,9.4,595.65625,False
1773586863.2471478,606,0,0,0,0,9.384188997501042,0.0,0.024537999706808478,4.696632308562278,9.4,595.65625,False
1773586863.4600468,607,0,0,0,0,9.486078000918496,0.0,0.025092998839681968,4.697428674592359,9.4,595.65625,False
1773586863.6725605,608,0,0,0,0,9.038333999342285,0.0,0.02622199826873839,4.697428674592359,18.8,595.65625,False
1773586863.88543,609,0,0,0,0,9.456040999793913,0.0,0.025649002054706216,4.697428674592359,9.4,595.65625,False
1773586864.0982895,610,0,0,0,0,9.366188998683356,0.0,0.024463002773700282,4.697428674592359,9.4,595.65625,False
1773586864.3111415,611,0,0,0,0,9.347485000034794,0.0,0.025427001673961058,4.697428674592359,9.4,595.65625,False
1773586864.5240602,612,0,0,0,0,9.462578000238864,0.0,0.024778000806691125,4.6992233286867355,9.4,595.65625,False
1773586864.737089,613,0,0,0,0,9.492467001109617,0.0,0.024499997380189598,4.6992233286867355,18.8,595.65625,False
1773586864.9499397,614,0,0,0,0,9.441373997105984,0.0,0.02548100019339472,4.6992233286867355,9.4,595.65625,False
1773586865.1628828,615,0,0,0,0,9.500282001681626,0.0,0.02537099862820469,4.6992233286867355,9.4,595.65625,False
1773586865.3757143,616,0,0,0,0,9.376392998092342,0.0,0.027630001568468288,4.6992233286867355,14.1,595.65625,False
1773586865.5886214,617,0,0,0,0,9.447725999052636,0.0,0.025870998797472566,4.696754323354704,9.4,595.65625,False
1773586865.801507,618,0,0,0,0,9.459837001486449,0.0,0.024832999770296738,4.696754323354704,14.1,595.65625,False
1773586866.014464,619,0,0,0,0,9.440596997592365,0.0,0.024536999262636527,4.696754323354704,9.4,595.65625,False
1773586866.2272475,620,0,0,0,0,9.36439199722372,0.0,0.024797001970000565,4.696754323354704,9.4,595.65625,False
1773586866.4402294,621,0,0,0,0,9.471966997807613,0.0,0.026926001737592742,4.696754323354704,9.4,595.65625,False
1773586866.6531684,622,0,0,0,0,9.47917099983897,0.0,0.025592999008949846,4.696882656097319,9.4,595.65625,False
1773586866.8662045,623,0,0,0,0,9.543394000502303,0.0,0.024721997760934755,4.696882656097319,18.8,595.65625,False
1773586867.0791578,624,0,0,0,0,9.460893001232762,0.0,0.02524100273149088,4.696882656097319,9.4,595.65625,False
1773586867.2920587,625,0,0,0,0,9.444817998883082,0.0,0.024760000087553635,4.696882656097319,9.4,595.65625,False
1773586867.5050046,626,0,0,0,0,9.498855997662758,0.0,0.025629000447224826,4.696882656097319,14.1,595.65625,False
1773586867.7179894,627,0,0,0,0,9.434985000552842,0.0,0.025445002393098548,4.695704782711207,9.4,595.65625,False
1773586867.9308555,628,0,0,0,0,9.426484997675288,0.0,0.026073998014908284,4.695704782711207,14.1,595.65625,False
1773586868.1438122,629,0,0,0,0,9.453873997699702,0.0,0.02550000135670416,4.695704782711207,14.1,595.65625,False
1773586868.3567622,630,0,0,0,0,9.42770699839457,0.0,0.02540799687267281,4.695704782711207,9.4,595.671875,False
1773586868.5697403,631,0,0,0,0,9.463428999879397,0.0,0.024999997549457476,4.695704782711207,9.4,595.671875,False
1773586868.782571,632,0,0,0,0,9.395948000019416,0.0,0.02405499981250614,4.696215823062459,9.4,595.6875,False
1773586868.9955027,633,0,0,0,0,9.404041000379948,0.0,0.02516699896659702,4.696215823062459,18.8,595.6875,False
1773586869.2084372,634,0,0,0,0,9.438002998649608,0.0,0.025370001822011545,4.696215823062459,9.4,595.6875,False
1773586869.4213433,635,0,0,0,0,9.449188997677993,0.0,0.025314999220427126,4.696215823062459,9.4,595.6875,False
1773586869.634307,636,0,0,0,0,9.425893000297947,0.0,0.025538000045344234,4.696215823062459,9.4,595.6875,False
1773586869.847139,637,0,0,0,0,9.407318000739906,0.0,0.02576000042608939,4.696820592665786,9.4,595.6875,False
1773586870.0601292,638,0,0,0,0,9.485152000706876,0.0,0.025388999347342178,4.696820592665786,18.8,595.6875,False
1773586870.2730463,639,0,0,0,0,9.47248599914019,0.0,0.025093002477660775,4.696820592665786,9.4,595.6875,False
1773586870.4858902,640,0,0,0,0,9.393429001647746,0.0,0.024778000806691125,4.696820592665786,9.4,595.6875,False
1773586870.6987202,641,0,0,0,0,9.391152001626324,0.0,0.025389002985320985,4.696820592665786,9.4,595.6875,False
1773586870.911638,642,0,0,0,0,9.401633000379661,0.0,0.0259810003626626,4.69734660590349,9.4,595.6875,False
1773586871.1245248,643,0,0,0,0,9.421836999536026,0.0,0.02570400101831183,4.69734660590349,18.8,595.6875,False
1773586871.3374588,644,0,0,0,0,9.447319000173593,0.0,0.024074997782008722,4.69734660590349,14.1,595.6875,False
1773586871.55034,645,0,0,0,0,9.401078001246788,0.0,0.024981000024126843,4.69734660590349,9.4,595.6875,False
1773586871.7631974,646,0,0,0,0,9.369429997605039,0.0,0.025518998882034793,4.69734660590349,9.4,595.6875,False
1773586871.9760625,647,0,0,0,0,9.37796699872706,0.0,0.02594399848021567,4.69725717534103,9.4,595.6875,False
1773586872.1886563,648,0,0,0,0,9.054741996806115,0.0,0.025926001399056986,4.69725717534103,14.1,595.6875,False
1773586872.401499,649,0,0,0,0,9.439743997063488,0.0,0.024147997464751825,4.69725717534103,9.4,595.6875,False
1773586872.6143904,650,0,0,0,0,9.380411000165623,0.0,0.024408000172115862,4.69725717534103,9.4,595.6875,False
1773586872.827251,651,0,0,0,0,9.37124399933964,0.0,0.025648001610534266,4.69725717534103,14.1,595.6875,False
1773586873.0401523,652,0,0,0,0,9.444632996746805,0.0,0.025591998564777896,4.698890608927155,9.4,595.6875,False
1773586873.253083,653,0,0,0,0,9.505411002464825,0.0,0.024852000933606178,4.698890608927155,18.8,595.6875,False
1773586873.4659264,654,0,0,0,0,9.447763000935083,0.0,0.025278000975959003,4.698890608927155,9.4,595.6875,False
1773586873.6787734,655,0,0,0,0,9.366318001411855,0.0,0.025518998882034793,4.698890608927155,9.4,595.6875,False
1773586873.8916295,656,0,0,0,0,9.358188002806855,0.0,0.025555997126502916,4.698890608927155,9.4,595.6875,False
1773586874.1045418,657,0,0,0,0,9.401430001162225,0.0,0.02590799704194069,4.69770330990476,9.4,595.6875,False
1773586874.317475,658,0,0,0,0,9.410781000042334,0.0,0.02327800029888749,4.69770330990476,18.8,595.6875,False
1773586874.5303442,659,0,0,0,0,9.399540002050344,0.0,0.024760000087553635,4.69770330990476,9.4,595.6875,False
1773586874.7431114,660,0,0,0,0,9.355113998026354,0.0,0.02572199809947051,4.69770330990476,9.4,595.6875,False
1773586874.9559326,661,0,0,0,0,9.364428999106167,0.0,0.025795998226385564,4.69770330990476,9.4,595.6875,False
1773586875.1688664,662,0,0,0,0,9.425447999092285,0.0,0.02577800114522688,4.697493910724069,9.4,595.6875,False
1773586875.3817647,663,0,0,0,0,9.368170001835097,0.0,0.025834000553004444,4.697493910724069,18.8,595.6875,False
1773586875.5945737,664,0,0,0,0,9.373337001306936,0.0,0.0254259975918103,4.697493910724069,9.4,595.6875,False
1773586875.8068912,665,0,0,0,0,8.866684998793062,0.0,0.025000001187436283,4.697493910724069,9.4,595.6875,False
1773586876.0196996,666,0,0,0,0,9.304854000220075,0.0,0.025352001102874056,4.697493910724069,14.1,595.6875,False
1773586876.2328668,667,0,0,0,0,9.390170002006926,0.0,0.025666002329671755,4.699485536628008,9.4,595.6875,False
1773586876.4457207,668,0,0,0,0,9.312799000326777,0.0,0.02594499892438762,4.699485536628008,18.8,595.6875,False
1773586876.6587148,669,0,0,0,0,9.404799999174429,0.0,0.025926001399056986,4.699485536628008,9.4,595.6875,False
1773586876.8716385,670,0,0,0,0,9.333909998531453,0.0,0.02575899998191744,4.699485536628008,9.4,595.6875,False
1773586877.0845807,671,0,0,0,0,9.274131996789947,0.0,0.02622299871291034,4.699485536628008,9.4,595.6875,False
1773586877.2975492,672,0,0,0,0,9.463856000365922,0.0,0.025908000679919496,4.6962873355214905,9.4,595.6875,False
1773586877.5104425,673,0,0,0,0,9.365836998767918,0.0,0.02490699989721179,4.6962873355214905,18.8,595.6875,False
1773586877.7233057,674,0,0,0,0,9.424817999388324,0.0,0.025018998712766916,4.6962873355214905,9.4,595.6875,False
1773586877.9361558,675,0,0,0,0,9.420410999155138,0.0,0.025927001843228936,4.6962873355214905,9.4,595.703125,False
1773586878.149033,676,0,0,0,0,9.404262000316521,0.0,0.02522200156818144,4.6962873355214905,9.4,595.703125,False
1773586878.3619156,677,0,0,0,0,9.43896699754987,0.0,0.025148001441266388,4.69749285851402,9.4,595.703125,False
1773586878.5747893,678,0,0,0,0,9.430873997189337,0.0,0.025555000320309773,4.69749285851402,18.8,595.703125,False
1773586878.7876635,679,0,0,0,0,9.382041000208119,0.0,0.02516599852242507,4.69749285851402,9.4,595.703125,False
1773586879.0005593,680,0,0,0,0,9.372540000185836,0.0,0.024943998141679913,4.69749285851402,9.4,595.703125,False
1773586879.2134104,681,0,0,0,0,9.36609600103111,0.0,0.024871002096915618,4.69749285851402,9.4,595.703125,False
1773586879.426334,682,0,0,0,0,9.409244001290062,0.0,0.02659199890331365,4.697606499923056,9.4,595.703125,False
1773586879.6392303,683,0,0,0,0,9.366725000290899,0.0,0.025945002562366426,4.697606499923056,18.8,595.703125,False
1773586879.8520014,684,0,0,0,0,9.317781001300318,0.0,0.023926000721985474,4.697606499923056,9.4,595.703125,False
1773586880.064854,685,0,0,0,0,9.34085499829962,0.0,0.024204000510508195,4.697606499923056,9.4,595.703125,False
1773586880.2776668,686,0,0,0,0,9.381003001180943,0.0,0.02316699828952551,4.697606499923056,9.4,595.703125,False
1773586880.490495,687,0,0,0,0,9.382133001054171,0.0,0.024149001546902582,4.698112691870502,9.4,595.703125,False
1773586880.702884,688,0,0,0,0,8.932093001931207,0.0,0.024480999854858965,4.698112691870502,18.8,595.703125,False
1773586880.9157624,689,0,0,0,0,9.448041000723606,0.0,0.024464003217872232,4.698112691870502,9.4,595.703125,False
1773586881.1286058,690,0,0,0,0,9.320577002654318,0.0,0.023980999685591087,4.698112691870502,9.4,595.703125,False
1773586881.3413777,691,0,0,0,0,9.359689000120852,0.0,0.022276999516179785,4.698112691870502,9.4,595.703125,False
1773586881.5542817,692,0,0,0,0,9.38652200056822,0.0,0.024834000214468688,4.700238625720253,9.4,595.703125,False
1773586881.767092,693,0,0,0,0,9.310650999395875,0.0,0.025592999008949846,4.700238625720253,18.8,595.703125,False
1773586881.980055,694,0,0,0,0,9.442169997782912,0.0,0.02605500048957765,4.700238625720253,9.4,595.703125,False
1773586882.1930726,695,0,0,0,0,9.48865200189175,0.0,0.02522200156818144,4.700238625720253,9.4,595.703125,False
1773586882.4060564,696,0,0,0,0,9.475910999753978,0.0,0.024852000933606178,4.700238625720253,9.4,595.703125,False
1773586882.618904,697,0,0,0,0,9.41522599896416,0.0,0.026054996851598844,4.696600754044282,9.4,595.703125,False
1773586882.8317537,698,0,0,0,0,9.411115002876613,0.0,0.025833996915025637,4.696600754044282,18.8,595.703125,False
1773586883.0448153,699,0,0,0,0,9.551244998874608,0.0,0.026148998585995287,4.696600754044282,9.4,595.703125,False
1773586883.257683,700,0,0,0,0,9.41774500097381,0.0,0.025536999601172283,4.696600754044282,9.4,595.703125,False
1773586883.4705298,701,0,0,0,0,9.41150400103652,0.0,0.024777997168712318,4.696600754044282,9.4,595.703125,False
1773586883.6834548,702,0,0,0,0,9.387706999405054,0.0,0.026778001483762637,4.696673330069565,9.4,595.703125,False
1773586883.895925,703,0,0,0,0,8.972314997663489,0.0,0.023610999051015824,4.696673330069565,18.8,595.703125,False
1773586884.1088548,704,0,0,0,0,9.450410998397274,0.0,0.025332999939564615,4.696673330069565,9.4,595.703125,False
1773586884.321976,705,0,0,0,0,9.55263399737305,0.0,0.025092002033488825,4.696673330069565,9.4,595.703125,False
1773586884.5349264,706,0,0,0,0,9.43674399968586,0.0,0.02627800131449476,4.696673330069565,9.4,595.703125,False
1773586884.7478814,707,0,0,0,0,9.435782001673942,0.0,0.025037999876076356,4.697884313183028,9.4,595.703125,False
1773586884.9608696,708,0,0,0,0,9.469652002735529,0.0,0.025278000975959003,4.697884313183028,18.8,595.703125,False
1773586885.1737785,709,0,0,0,0,9.473059999436373,0.0,0.024499997380189598,4.697884313183028,9.4,595.703125,False
1773586885.3866997,710,0,0,0,0,9.489708001638064,0.0,0.025148001441266388,4.697884313183028,9.4,595.703125,False
1773586885.599648,711,0,0,0,0,9.413187999598449,0.0,0.025852001272141933,4.697884313183028,9.4,595.703125,False
1773586885.8125556,712,0,0,0,0,9.44063299903064,0.0,0.028574999305419624,4.696171654690468,9.4,595.703125,False
1773586886.0255423,713,0,0,0,0,9.479689000727376,0.0,0.02625900015118532,4.696171654690468,18.8,595.703125,False
1773586886.2385082,714,0,0,0,0,9.464430000662105,0.0,0.025352001102874056,4.696171654690468,9.4,595.703125,False
1773586886.45143,715,0,0,0,0,9.402985000633635,0.0,0.026462999812792987,4.696171654690468,9.4,595.71875,False
1773586886.6645284,716,0,0,0,0,9.506097001576563,0.0,0.025258999812649563,4.696171654690468,9.4,595.71875,False
1773586886.8773775,717,0,0,0,0,9.420262998901308,0.0,0.02524000228731893,4.695354689640967,9.4,595.71875,False
1773586887.0903118,718,0,0,0,0,9.407300000020768,0.0,0.025871002435451373,4.695354689640967,18.8,595.71875,False
1773586887.303248,719,0,0,0,0,9.434170999156777,0.0,0.025019002350745723,4.695354689640967,9.4,595.71875,False
1773586887.5162299,720,0,0,0,0,9.453910999582149,0.0,0.02537099862820469,4.695354689640967,9.4,595.71875,False
1773586887.7292285,721,0,0,0,0,9.52937500187545,0.0,0.024962999304989353,4.695354689640967,9.4,595.71875,False
1773586887.9421406,722,0,0,0,0,9.396947996719973,0.0,0.02522200156818144,4.696125383953762,9.4,595.71875,False
1773586888.1550856,723,0,0,0,0,9.486226001172327,0.0,0.02605500048957765,4.696125383953762,18.8,595.71875,False
1773586888.367948,724,0,0,0,0,9.42689200019231,0.0,0.025426001229789108,4.696125383953762,9.4,595.71875,False
1773586888.5808852,725,0,0,0,0,9.474206999584567,0.0,0.02524100273149088,4.696125383953762,14.1,595.71875,False
1773586888.793901,726,0,0,0,0,9.436836997338105,0.0,0.024814999051159248,4.696125383953762,9.4,595.71875,False
1773586889.0067496,727,0,0,0,0,9.367409998958465,0.0,0.025055000151041895,4.696133796747161,9.4,595.71875,False
1773586889.219556,728,0,0,0,0,9.374298999318853,0.0,0.02622299871291034,4.696133796747161,18.8,595.71875,False
1773586889.4323902,729,0,0,0,0,9.408280999195995,0.0,0.02544499875511974,4.696133796747161,9.4,595.71875,False
1773586889.6454904,730,0,0,0,0,9.529762999591185,0.0,0.026685000193538144,4.696133796747161,9.4,595.71875,False
1773586889.8584232,731,0,0,0,0,9.381411000504158,0.0,0.025592999008949846,4.696133796747161,9.4,595.71875,False
1773586890.0712874,732,0,0,0,0,9.424059000593843,0.0,0.02627800131449476,4.697124613948755,9.4,595.71875,False
1773586890.2841973,733,0,0,0,0,9.481745000812225,0.0,0.026074998459080234,4.697124613948755,18.8,595.71875,False
1773586890.497151,734,0,0,0,0,9.50209700022242,0.0,0.025388999347342178,4.697124613948755,9.4,595.71875,False
1773586890.7101917,735,0,0,0,0,9.51905900001293,0.0,0.026110999897355214,4.697124613948755,9.4,595.71875,False
1773586890.9229963,736,0,0,0,0,9.35720699999365,0.0,0.02601899905130267,4.697124613948755,9.4,595.71875,False
1773586891.1359563,737,0,0,0,0,9.427781002159463,0.0,0.026110999897355214,4.6966302049145545,9.4,595.71875,False
1773586891.348825,738,0,0,0,0,9.412539999175351,0.0,0.025888999516610056,4.6966302049145545,18.8,595.71875,False
1773586891.561866,739,0,0,0,0,9.545375000016065,0.0,0.024943998141679913,4.6966302049145545,9.4,595.71875,False
1773586891.774712,740,0,0,0,0,9.419966001587454,0.0,0.024480999854858965,4.6966302049145545,9.4,595.71875,False
1773586891.9876144,741,0,0,0,0,9.430448000784963,0.0,0.025536999601172283,4.6966302049145545,9.4,595.71875,False
1773586892.20059,742,0,0,0,0,9.433188999537379,0.0,0.026888999855145812,4.696335712831712,9.4,595.71875,False
1773586892.4130442,743,0,0,0,0,8.955982000770746,0.0,0.023963002604432404,4.696335712831712,18.8,595.71875,False
1773586892.6259193,744,0,0,0,0,9.484449001320172,0.0,0.025092998839681968,4.696335712831712,9.4,595.71875,False
1773586892.838806,745,0,0,0,0,9.392243999172933,0.0,0.02607500209705904,4.696335712831712,9.4,595.75,False
1773586893.0517066,746,0,0,0,0,9.358242998132482,0.0,0.02485199729562737,4.696335712831712,9.4,595.75,False
1773586893.2646563,747,0,0,0,0,9.48726299975533,0.0,0.026165998860960826,4.69914540907499,9.4,595.75,False
1773586893.4775517,748,0,0,0,0,9.438762997888261,0.0,0.027223002689424902,4.69914540907499,18.8,595.75,False
1773586893.690516,749,0,0,0,0,9.444577997783199,0.0,0.025518998882034793,4.69914540907499,14.1,595.75,False
1773586893.9034762,750,0,0,0,0,9.360891999676824,0.0,0.02516699896659702,4.69914540907499,9.4,595.75,False
1773586894.116372,751,0,0,0,0,9.443003000342287,0.0,0.025075001758523285,4.69914540907499,9.4,595.75,False
1773586894.329289,752,0,0,0,0,9.421910999662941,0.0,0.02463000055286102,4.696375677448438,9.4,595.75,False
1773586894.542209,753,0,0,0,0,9.397706999152433,0.0,0.02512999708415009,4.696375677448438,18.8,595.75,False
1773586894.755175,754,0,0,0,0,9.40631800040137,0.0,0.025036999431904405,4.696375677448438,9.4,595.75,False
1773586894.9680817,755,0,0,0,0,9.405133001564536,0.0,0.026666999474400654,4.696375677448438,9.4,595.75,False
1773586895.1809525,756,0,0,0,0,9.39804000154254,0.0,0.025278000975959003,4.696375677448438,9.4,595.75,False
1773586895.3937929,757,0,0,0,0,9.404836997418897,0.0,0.02653699993970804,4.696608116727223,9.4,595.75,False
1773586895.6067777,758,0,0,0,0,9.482151999691268,0.0,0.02624099943204783,4.696608116727223,18.8,595.75,False
1773586895.819609,759,0,0,0,0,9.367781000037212,0.0,0.024259999918285757,4.696608116727223,9.4,595.75,False
1773586896.0324173,760,0,0,0,0,9.382447999087162,0.0,0.025389002985320985,4.696608116727223,9.4,595.75,False
1773586896.2453606,761,0,0,0,0,9.388670001499122,0.0,0.025297002139268443,4.696608116727223,9.4,595.75,False
1773586896.4583352,762,0,0,0,0,9.44659699962358,0.0,0.024834000214468688,4.697175112644519,9.4,595.75,False
1773586896.6711552,763,0,0,0,0,9.36876299965661,0.0,0.02666700311237946,4.697175112644519,18.8,595.75,False
1773586896.8839674,764,0,0,0,0,9.386262998305028,0.0,0.025260000256821513,4.697175112644519,9.4,595.75,False
1773586897.0969806,765,0,0,0,0,9.455521998461336,0.0,0.02661100006662309,4.697175112644519,9.4,595.75,False
1773586897.3098948,766,0,0,0,0,9.346557999379002,0.0,0.025296001695096493,4.697175112644519,9.4,595.75,False
1773586897.522829,767,0,0,0,0,9.437799999432173,0.0,0.025722001737449318,4.696944721169076,9.4,595.75,False
1773586897.7356715,768,0,0,0,0,9.413133000634843,0.0,0.025610999728087336,4.696944721169076,18.8,595.75,False
1773586897.9485514,769,0,0,0,0,9.39539200044237,0.0,0.024981000024126843,4.696944721169076,9.4,595.75,False
1773586898.161373,770,0,0,0,0,9.389781000209041,0.0,0.024704000679776073,4.696944721169076,14.1,595.75,False
1773586898.3742547,771,0,0,0,0,9.346984999865526,0.0,0.024981000024126843,4.696944721169076,9.4,595.75,False
1773586898.5871506,772,0,0,0,0,9.410244001628598,0.0,0.02633300027810037,4.697827485070302,9.4,595.75,False
1773586898.800196,773,0,0,0,0,9.464855000260286,0.0,0.024518998543499038,4.697827485070302,18.8,595.75,False
1773586899.0131028,774,0,0,0,0,9.44702199922176,0.0,0.025000001187436283,4.697827485070302,9.4,595.75,False
1773586899.2260258,775,0,0,0,0,9.467078001762275,0.0,0.025667002773843706,4.697827485070302,9.4,595.75,False
1773586899.4388924,776,0,0,0,0,9.40696700126864,0.0,0.026204001187579706,4.697827485070302,9.4,595.75,False
1773586899.6519475,777,0,0,0,0,9.552227002131986,0.0,0.026148001779802144,4.696515558963536,9.4,595.75,False
1773586899.8648374,778,0,0,0,0,9.419002999493387,0.0,0.025258999812649563,4.696515558963536,18.8,595.75,False
1773586900.0777714,779,0,0,0,0,9.479967000515899,0.0,0.025278000975959003,4.696515558963536,9.4,595.75,False
1773586900.2906358,780,0,0,0,0,9.358261999295792,0.0,0.026092999178217724,4.696515558963536,9.4,595.75,False
1773586900.5034513,781,0,0,0,0,9.375800000270829,0.0,0.02568499985500239,4.696515558963536,9.4,595.75,False
1773586900.7164695,782,0,0,0,0,9.488782001426443,0.0,0.02633400072227232,4.696764842168113,9.4,595.75,False
1773586900.9291606,783,0,0,0,0,9.152298000117298,0.0,0.025036999431904405,4.696764842168113,18.8,595.75,False
1773586901.1419828,784,0,0,0,0,9.405762997630518,0.0,0.023722001060377806,4.696764842168113,9.4,595.75,False
1773586901.3548245,785,0,0,0,0,9.391096002218546,0.0,0.024834000214468688,4.696764842168113,9.4,595.75,False
1773586901.5677137,786,0,0,0,0,9.455244999116985,0.0,0.02490699989721179,4.696764842168113,9.4,595.75,False
1773586901.7806642,787,0,0,0,0,9.410373997525312,0.0,0.02633300027810037,4.697890627502644,9.4,595.75,False
1773586901.9936922,788,0,0,0,0,9.467633000895148,0.0,0.02490699989721179,4.697890627502644,14.1,595.75,False
1773586902.2067082,789,0,0,0,0,9.457836997171398,0.0,0.025851997634163126,4.697890627502644,14.1,595.75,False
1773586902.41971,790,0,0,0,0,9.53187500272179,0.0,0.025814999389695004,4.697890627502644,9.4,595.75,False
1773586902.6326056,791,0,0,0,0,9.369835999677889,0.0,0.025593002646928653,4.697890627502644,9.4,595.75,False
1773586902.8454971,792,0,0,0,0,9.449929999391316,0.0,0.026740999601315707,4.695571257574055,9.4,595.75,False
1773586903.0584598,793,0,0,0,0,9.475688999373233,0.0,0.02600000152597204,4.695571257574055,18.8,595.75,False
1773586903.27135,794,0,0,0,0,9.419076999620302,0.0,0.02485199729562737,4.695571257574055,9.4,595.75,False
1773586903.484323,795,0,0,0,0,9.518560000287835,0.0,0.025499997718725353,4.695571257574055,9.4,595.75,False
1773586903.6973326,796,0,0,0,0,9.523263001028681,0.0,0.02548200063756667,4.695571257574055,9.4,595.75,False
1773586903.910224,797,0,0,0,0,9.443041002668906,0.0,0.02605500048957765,4.696032845215689,9.4,595.75,False
1773586904.1226015,798,0,0,0,0,8.913186000427231,0.0,0.024871002096915618,4.696032845215689,18.8,595.75,False
1773586904.3354928,799,0,0,0,0,9.502762997726677,0.0,0.0243520007643383,4.696032845215689,9.4,595.75,False
1773586904.5485399,800,0,0,0,0,9.421521997865057,0.0,0.02518499968573451,4.696032845215689,9.4,595.765625,False
1773586904.76159,801,0,0,0,0,9.523837001324864,0.0,0.02568499985500239,4.696032845215689,9.4,595.765625,False
1773586904.9744906,802,0,0,0,0,9.434374002012191,0.0,0.027185000362806022,4.698127426741856,9.4,595.765625,False
1773586905.1873796,803,0,0,0,0,9.414225001819432,0.0,0.026148001779802144,4.698127426741856,18.8,595.765625,False
1773586905.400255,804,0,0,0,0,9.440837002330227,0.0,0.024740998924244195,4.698127426741856,9.4,595.765625,False
1773586905.6133192,805,0,0,0,0,9.518023001874099,0.0,0.025536999601172283,4.698127426741856,9.4,595.765625,False
1773586905.8262026,806,0,0,0,0,9.437910997803556,0.0,0.025426001229789108,4.698127426741856,9.4,595.765625,False
1773586906.0391033,807,0,0,0,0,9.385040000779554,0.0,0.0259810003626626,4.696282077178261,9.4,595.765625,False
1773586906.252183,808,0,0,0,0,9.448855998925865,0.0,0.026407000405015424,4.696282077178261,18.8,595.765625,False
1773586906.4651325,809,0,0,0,0,9.491169999819249,0.0,0.025518998882034793,4.696282077178261,9.4,595.765625,False
1773586906.6780498,810,0,0,0,0,9.471280998695875,0.0,0.025017998268594965,4.696282077178261,9.4,595.765625,False
1773586906.890938,811,0,0,0,0,9.37744700058829,0.0,0.025814999389695004,4.696282077178261,9.4,595.765625,False
1773586907.1039662,812,0,0,0,0,9.44502199854469,0.0,0.025371002266183496,4.695997092589081,9.4,595.765625,False
1773586907.3169782,813,0,0,0,0,9.526671001367504,0.0,0.024611003027530387,4.695997092589081,18.8,595.765625,False
1773586907.529896,814,0,0,0,0,9.468280997680267,0.0,0.025000001187436283,4.695997092589081,9.4,595.765625,False
1773586907.7427466,815,0,0,0,0,9.39479999942705,0.0,0.02592699820525013,4.695997092589081,9.4,595.765625,False
1773586907.9557467,816,0,0,0,0,9.453782000491628,0.0,0.026369998522568494,4.695997092589081,14.1,595.78125,False
1773586908.1686664,817,0,0,0,0,9.43442999778199,0.0,0.025407000066479668,4.69596870118517,9.4,595.78125,False
1773586908.381637,818,0,0,0,0,9.449596000195015,0.0,0.025833000108832493,4.69596870118517,18.8,595.78125,False
1773586908.5946007,819,0,0,0,0,9.520596999209374,0.0,0.025610999728087336,4.69596870118517,9.4,595.78125,False
1773586908.8075209,820,0,0,0,0,9.457373998884577,0.0,0.025314999220427126,4.69596870118517,9.4,595.78125,False
1773586909.0203679,821,0,0,0,0,9.393465999892214,0.0,0.02572299854364246,4.69596870118517,9.4,595.78125,False
1773586909.2334075,822,0,0,0,0,9.581449001416331,0.0,0.02596299964352511,4.696418797929336,9.4,595.78125,False
1773586909.446385,823,0,0,0,0,9.391298997798003,0.0,0.02570399738033302,4.696418797929336,18.8,595.78125,False
1773586909.6593091,824,0,0,0,0,9.429466997971758,0.0,0.025834000553004444,4.696418797929336,9.4,595.78125,False
1773586909.872173,825,0,0,0,0,9.406076998857316,0.0,0.02600099833216518,4.696418797929336,9.4,595.78125,False
1773586910.0851047,826,0,0,0,0,9.439133002160816,0.0,0.026204001187579706,4.696418797929336,14.1,595.78125,False
1773586910.29808,827,0,0,0,0,9.474170001340099,0.0,0.025536999601172283,4.695856190478962,9.4,595.78125,False
1773586910.5110548,828,0,0,0,0,9.537245001411065,0.0,0.025463003112236038,4.695856190478962,14.1,595.78125,False
1773586910.7240207,829,0,0,0,0,9.516688998701284,0.0,0.027611000405158848,4.695856190478962,9.4,595.78125,False
1773586910.9370458,830,0,0,0,0,9.53109699912602,0.0,0.024500001018168405,4.695856190478962,14.1,595.78125,False
1773586911.1499586,831,0,0,0,0,9.475799997744616,0.0,0.025796998670557514,4.695856190478962,9.4,595.78125,False
1773586911.3627703,832,0,0,0,0,9.380798997881357,0.0,0.025073997676372528,4.695761559479926,9.4,595.78125,False
1773586911.5756567,833,0,0,0,0,9.424151998246089,0.0,0.025166002160403877,4.695761559479926,18.8,595.78125,False
1773586911.7886286,834,0,0,0,0,9.413281000888674,0.0,0.025814999389695004,4.695761559479926,4.7,595.78125,False
1773586912.001576,835,0,0,0,0,9.45278099970892,0.0,0.025092998839681968,4.695761559479926,9.4,595.78125,False
1773586912.2144196,836,0,0,0,0,9.380522002174985,0.0,0.024982000468298793,4.695761559479926,9.4,595.78125,False
1773586912.4272788,837,0,0,0,0,9.383706998050911,0.0,0.02740700074355118,4.697210883210984,9.4,595.78125,False
1773586912.6397686,838,0,0,0,0,8.987962999526644,0.0,0.025852001272141933,4.697210883210984,18.8,595.78125,False
1773586912.8526034,839,0,0,0,0,9.394374003022676,0.0,0.02518499968573451,4.697210883210984,9.4,595.78125,False
1773586913.0654445,840,0,0,0,0,9.374558998388238,0.0,0.026130001060664654,4.697210883210984,9.4,595.78125,False
1773586913.2783022,841,0,0,0,0,9.393837000970962,0.0,0.02461099938955158,4.697210883210984,9.4,595.78125,False
1773586913.491141,842,0,0,0,0,9.393707001436269,0.0,0.02550100180087611,4.699717230644149,9.4,595.78125,False
1773586913.703991,843,0,0,0,0,9.417614997801138,0.0,0.02596299964352511,4.699717230644149,18.8,595.78125,False
1773586913.9168851,844,0,0,0,0,9.416836997843347,0.0,0.026704001356847584,4.699717230644149,9.4,595.78125,False
1773586914.1297774,845,0,0,0,0,9.442484999453882,0.0,0.024406999727943912,4.699717230644149,9.4,595.78125,False
1773586914.3426485,846,0,0,0,0,9.37013200018555,0.0,0.025056000595213845,4.699717230644149,9.4,595.78125,False
1773586914.5555422,847,0,0,0,0,9.419614001672016,0.0,0.025388999347342178,4.697688577693622,14.1,595.78125,False
1773586914.768385,848,0,0,0,0,9.406985001987778,0.0,0.026425997930346057,4.697688577693622,14.1,595.78125,False
1773586914.981435,849,0,0,0,0,9.45233699894743,0.0,0.024760000087553635,4.697688577693622,9.4,595.78125,False
1773586915.1942098,850,0,0,0,0,9.32102099977783,0.0,0.025315002858405933,4.697688577693622,14.1,595.78125,False
1773586915.407038,851,0,0,0,0,9.376818001328502,0.0,0.025833000108832493,4.697688577693622,9.4,595.78125,False
1773586915.6199398,852,0,0,0,0,9.441632999369176,0.0,0.02522200156818144,4.697606499923056,9.4,595.78125,False
1773586915.832948,853,0,0,0,0,9.511448999546701,0.0,0.025296001695096493,4.697606499923056,18.8,595.78125,False
1773586916.0458279,854,0,0,0,0,9.447967000596691,0.0,0.024204000510508195,4.697606499923056,9.4,595.78125,False
1773586916.258657,855,0,0,0,0,9.396874000231037,0.0,0.02548100019339472,4.697606499923056,9.4,595.78125,False
1773586916.4714422,856,0,0,0,0,9.328577001724625,0.0,0.025556000764481723,4.697606499923056,9.4,595.78125,False
1773586916.6844034,857,0,0,0,0,9.424687999853631,0.0,0.025259996618842706,4.697396057205971,9.4,595.78125,False
1773586916.8973784,858,0,0,0,0,9.505115001957165,0.0,0.026167002943111584,4.697396057205971,18.8,595.796875,False
1773586917.1102724,859,0,0,0,0,9.367947997816373,0.0,0.025556000764481723,4.697396057205971,9.4,595.796875,False
1773586917.3231127,860,0,0,0,0,9.331206998467678,0.0,0.025408000510651618,4.697396057205971,9.4,595.796875,False
1773586917.53601,861,0,0,0,0,9.383262000483228,0.0,0.025888999516610056,4.697396057205971,9.4,595.796875,False
1773586917.748929,862,0,0,0,0,9.439058998395922,0.0,0.024406999727943912,4.696664915342984,9.4,595.796875,False
1773586917.9618125,863,0,0,0,0,9.482151999691268,0.0,0.025834000553004444,4.696664915342984,18.8,595.796875,False
1773586918.1746397,864,0,0,0,0,9.37311399684404,0.0,0.025036999431904405,4.696664915342984,9.4,595.796875,False
1773586918.387559,865,0,0,0,0,9.441762998903869,0.0,0.026204001187579706,4.696664915342984,9.4,595.796875,False
1773586918.600379,866,0,0,0,0,9.357447001093533,0.0,0.025001001631608233,4.696664915342984,9.4,595.796875,False
1773586918.813236,867,0,0,0,0,9.38931800192222,0.0,0.02594399848021567,4.6976664795501675,9.4,595.796875,False
1773586919.026083,868,0,0,0,0,9.390465998876607,0.0,0.025388999347342178,4.6976664795501675,18.8,595.796875,False
1773586919.239018,869,0,0,0,0,9.429428999283118,0.0,0.02431499888189137,4.6976664795501675,9.4,595.796875,False
1773586919.4518807,870,0,0,0,0,9.356391998153413,0.0,0.024000000848900527,4.6976664795501675,9.4,595.796875,False
1773586919.6648061,871,0,0,0,0,9.41585499822395,0.0,0.0546669980394654,4.6976664795501675,9.4,595.796875,False
1773586919.8778105,872,0,0,0,0,9.419354999408824,0.0,0.025352001102874056,4.697139342622856,9.4,595.796875,False
1773586920.090713,873,0,0,0,0,9.44048499877681,0.0,0.025834000553004444,4.697139342622856,18.8,595.796875,False
1773586920.3036077,874,0,0,0,0,9.400317998370156,0.0,0.02524000228731893,4.697139342622856,9.4,595.796875,False
1773586920.5164623,875,0,0,0,0,9.39898500291747,0.0,0.02544399831094779,4.697139342622856,9.4,595.796875,False
1773586920.7294111,876,0,0,0,0,9.443040999030927,0.0,0.025556000764481723,4.697139342622856,9.4,595.796875,False
1773586920.9422312,877,0,0,0,0,9.376502999657532,0.0,0.02537099862820469,4.69695524083533,9.4,595.796875,False
1773586921.1546667,878,0,0,0,0,8.986130000266712,0.0,0.02570400101831183,4.69695524083533,18.8,595.796875,False
1773586921.3674927,879,0,0,0,0,9.371113999804948,0.0,0.026332996640121564,4.69695524083533,9.4,595.796875,False
1773586921.5804608,880,0,0,0,0,9.452614998735953,0.0,0.02629600203363225,4.69695524083533,9.4,595.796875,False
1773586921.793499,881,0,0,0,0,9.514244997262722,0.0,0.025017998268594965,4.69695524083533,9.4,595.796875,False
1773586922.006391,882,0,0,0,0,9.385206998558715,0.0,0.024666998797329143,4.698852707133919,9.4,595.796875,False
1773586922.2193506,883,0,0,0,0,9.436151998670539,0.0,0.02461199983372353,4.698852707133919,18.8,595.796875,False
1773586922.4321961,884,0,0,0,0,9.412911000254098,0.0,0.024871002096915618,4.698852707133919,9.4,595.796875,False
1773586922.645192,885,0,0,0,0,9.448503002204234,0.0,0.025110999558819458,4.698852707133919,9.4,595.8125,False
1773586922.8581057,886,0,0,0,0,9.440502999495948,0.0,0.024982000468298793,4.698852707133919,9.4,595.8125,False
1773586923.0709512,887,0,0,0,0,9.37704099851544,0.0,0.025888999516610056,4.69660496128885,14.1,595.828125,False
1773586923.283892,888,0,0,0,0,9.422169998288155,0.0,0.026185000024270266,4.69660496128885,18.8,595.828125,False
1773586923.4968054,889,0,0,0,0,9.427447999769356,0.0,0.056240998674184084,4.69660496128885,9.4,595.828125,False
1773586923.7096355,890,0,0,0,0,9.389373997692019,0.0,0.025130000722128898,4.69660496128885,9.4,595.828125,False
1773586923.9225109,891,0,0,0,0,9.437763001187705,0.0,0.025018001906573772,4.69660496128885,9.4,595.828125,False
1773586924.135423,892,0,0,0,0,9.42972600023495,0.0,0.026130001060664654,4.697395005039758,9.4,595.828125,False
1773586924.348331,893,0,0,0,0,9.448818000237225,0.0,0.025610999728087336,4.697395005039758,18.8,595.828125,False
1773586924.5613246,894,0,0,0,0,9.480689001065912,0.0,0.02463000055286102,4.697395005039758,9.4,595.828125,False
1773586924.7743027,895,0,0,0,0,9.478967000177363,0.0,0.024982000468298793,4.697395005039758,9.4,595.828125,False
1773586924.9871554,896,0,0,0,0,9.41022600090946,0.0,0.024834000214468688,4.697395005039758,9.4,595.828125,False
1773586925.2000017,897,0,0,0,0,9.396466000907822,0.0,0.025017998268594965,4.696460867454295,9.4,595.828125,False
1773586925.4128518,898,0,0,0,0,9.37716999760596,0.0,0.02627800131449476,4.696460867454295,18.8,595.828125,False
1773586925.6258047,899,0,0,0,0,9.42846600082703,0.0,0.02427799699944444,4.696460867454295,9.4,595.828125,False
1773586925.8385937,900,0,0,0,0,9.356410002510529,0.0,0.025741002900758758,4.696460867454295,9.4,595.828125,False
1773586926.0513413,901,0,0,0,0,9.288928999012569,0.0,0.0262039975496009,4.696460867454295,9.4,595.828125,False
1773586926.2641985,902,0,0,0,0,9.403465999639593,0.0,0.025926001399056986,4.698387407173247,9.4,595.828125,False
1773586926.4769895,903,0,0,0,0,9.338890999060823,0.0,0.024796998332021758,4.698387407173247,18.8,595.828125,False
1773586926.6898544,904,0,0,0,0,9.419800000614487,0.0,0.026704001356847584,4.698387407173247,9.4,595.828125,False
1773586926.9026828,905,0,0,0,0,9.310428002208937,0.0,0.025240999093512073,4.698387407173247,9.4,595.828125,False
1773586927.1154737,906,0,0,0,0,9.312225000030594,0.0,0.024721997760934755,4.698387407173247,9.4,595.828125,False
1773586927.3284464,907,0,0,0,0,9.462097001232905,0.0,0.024999997549457476,4.6984600384273465,9.4,595.828125,False
1773586927.5414042,908,0,0,0,0,9.429335997992894,0.0,0.026703997718868777,4.6984600384273465,18.8,595.828125,False
1773586927.754336,909,0,0,0,0,9.406428998772753,0.0,0.025240999093512073,4.6984600384273465,9.4,595.828125,False
1773586927.967141,910,0,0,0,0,9.347113998956047,0.0,0.02507499812054448,4.6984600384273465,9.4,595.828125,False
1773586928.1800208,911,0,0,0,0,9.35609500083956,0.0,0.025334000383736566,4.6984600384273465,9.4,595.828125,False
1773586928.392843,912,0,0,0,0,9.359614003187744,0.0,0.025018001906573772,4.696961552657701,9.4,595.828125,False
1773586928.6056983,913,0,0,0,0,9.40539200018975,0.0,0.024666001991136,4.696961552657701,18.8,595.828125,False
1773586928.8185043,914,0,0,0,0,9.387299996888032,0.0,0.02599999788799323,4.696961552657701,9.4,595.828125,False
1773586929.0312328,915,0,0,0,0,9.278484001697507,0.0,0.024870001652743667,4.696961552657701,9.4,595.828125,False
1773586929.244019,916,0,0,0,0,9.313947000919143,0.0,0.02631499955896288,4.696961552657701,9.4,595.828125,False
1773586929.4570293,917,0,0,0,0,9.496206999756396,0.0,0.024556000425945967,4.698981154574968,9.4,595.828125,False
1773586929.6696577,918,0,0,0,0,9.13835300161736,0.0,0.02516699896659702,4.698981154574968,18.8,595.828125,False
1773586929.8825943,919,0,0,0,0,9.396910998475505,0.0,0.0262039975496009,4.698981154574968,9.4,595.828125,False
1773586930.095552,920,0,0,0,0,9.366078000311973,0.0,0.025518998882034793,4.698981154574968,9.4,595.828125,False
1773586930.308375,921,0,0,0,0,9.295892003137851,0.0,0.02600099833216518,4.698981154574968,9.4,595.828125,False
1773586930.521505,922,0,0,0,0,9.504412002570461,0.0,0.02681499972823076,4.697766448999103,9.4,595.828125,False
1773586930.7343428,923,0,0,0,0,9.279039997636573,0.0,0.02649999805726111,4.697766448999103,18.8,595.828125,False
1773586930.9467566,924,0,0,0,0,8.880296001734678,0.0,0.02516699896659702,4.697766448999103,9.4,595.828125,False
1773586931.1595685,925,0,0,0,0,9.323761998530244,0.0,0.026407000405015424,4.697766448999103,9.4,595.828125,False
1773586931.3725238,926,0,0,0,0,9.42754100105958,0.0,0.02516699896659702,4.697766448999103,9.4,595.828125,False
1773586931.5852852,927,0,0,0,0,9.27050300015253,0.0,0.026760000764625147,4.698788486046707,9.4,595.828125,False
1773586931.7981598,928,0,0,0,0,9.301964997575851,0.0,0.025388999347342178,4.698788486046707,18.8,595.828125,False
1773586932.0110295,929,0,0,0,0,9.308613000030164,0.0,0.025648001610534266,4.698788486046707,9.4,595.828125,False
1773586932.223886,930,0,0,0,0,9.373095999762882,0.0,0.024982000468298793,4.698788486046707,9.4,595.828125,False
1773586932.4367325,931,0,0,0,0,9.254854001483181,0.0,0.025296998501289636,4.698788486046707,14.1,595.828125,False
1773586932.649891,932,0,0,0,0,9.581597001670161,0.0,0.02518499968573451,4.697963243398238,9.4,595.828125,False
1773586932.8626013,933,0,0,0,0,9.226317000866402,0.0,0.024814999051159248,4.697963243398238,18.8,595.828125,False
1773586933.075469,934,0,0,0,0,9.343707002699375,0.0,0.026686000637710094,4.697963243398238,9.4,595.828125,False
1773586933.2884166,935,0,0,0,0,9.413411000423366,0.0,0.02603699977044016,4.697963243398238,9.4,595.828125,False
1773586933.501254,936,0,0,0,0,9.364300000015646,0.0,0.025518998882034793,4.697963243398238,9.4,595.828125,False
1773586933.714145,937,0,0,0,0,9.444650997465942,0.0,0.025388999347342178,4.697418152805322,9.4,595.828125,False
1773586933.927033,938,0,0,0,0,9.370891999424202,0.0,0.024556000425945967,4.697418152805322,18.8,595.828125,False
1773586934.13983,939,0,0,0,0,9.371798998472514,0.0,0.027186000806977972,4.697418152805322,9.4,595.828125,False
1773586934.352698,940,0,0,0,0,9.321094999904744,0.0,0.024982000468298793,4.697418152805322,9.4,595.828125,False
1773586934.565571,941,0,0,0,0,9.367096001369646,0.0,0.02590799704194069,4.697418152805322,9.4,595.828125,False
1773586934.7786033,942,0,0,0,0,9.507021997706033,0.0,0.026851997972698882,4.6978779988803865,14.1,595.828125,False
1773586934.9914134,943,0,0,0,0,9.27050300015253,0.0,0.024240998754976317,4.6978779988803865,14.1,595.828125,False
1773586935.2042468,944,0,0,0,0,9.343372999865096,0.0,0.024425997253274545,4.6978779988803865,9.4,595.828125,False
1773586935.4172084,945,0,0,0,0,9.419670001079794,0.0,0.026166999305132776,4.6978779988803865,14.1,595.828125,False
1773586935.6301172,946,0,0,0,0,9.43876199744409,0.0,0.02663000122993253,4.6978779988803865,9.4,595.828125,False
1773586935.8428912,947,0,0,0,0,9.332003002782585,0.0,0.02577800114522688,4.696905798813653,9.4,595.828125,False
1773586936.0556955,948,0,0,0,0,9.365650999825448,0.0,0.026204001187579706,4.696905798813653,18.8,595.828125,False
1773586936.2687654,949,0,0,0,0,9.388354999828152,0.0,0.024278000637423247,4.696905798813653,9.4,595.828125,False
1773586936.481532,950,0,0,0,0,9.345872997073457,0.0,0.025444001948926598,4.696905798813653,9.4,595.828125,False
1773586936.6943114,951,0,0,0,0,9.323076999862678,0.0,0.024962999304989353,4.696905798813653,9.4,595.828125,False
1773586936.9070795,952,0,0,0,0,9.266409997508163,0.0,0.025334000383736566,4.698391617619417,9.4,595.828125,False
1773586937.1198597,953,0,0,0,0,9.3507990022772,0.0,0.02550000135670416,4.698391617619417,18.8,595.828125,False
1773586937.3327227,954,0,0,0,0,9.340743999928236,0.0,0.025889003154588863,4.698391617619417,4.7,595.828125,False
1773586937.5457163,955,0,0,0,0,9.434928997507086,0.0,0.0248889991780743,4.698391617619417,9.4,595.828125,False
1773586937.7585137,956,0,0,0,0,9.283299001253909,0.0,0.02624099943204783,4.698391617619417,14.1,595.828125,False
1773586937.971248,957,0,0,0,0,9.331076998932986,0.0,0.025871002435451373,4.698457933142003,9.4,595.828125,False
1773586938.1836853,958,0,0,0,0,8.932018998166313,0.0,0.02633400072227232,4.698457933142003,14.1,595.828125,False
1773586938.39654,959,0,0,0,0,9.388114001922077,0.0,0.02550000135670416,4.698457933142003,9.4,595.828125,False
1773586938.609472,960,0,0,0,0,9.35955900058616,0.0,0.025426001229789108,4.698457933142003,9.4,595.828125,False
1773586938.8223467,961,0,0,0,0,9.388596001372207,0.0,0.025426001229789108,4.698457933142003,9.4,595.828125,False
1773586939.0353405,962,0,0,0,0,9.478633000981063,0.0,0.025185003323713318,4.699596115013214,14.1,595.828125,False
1773586939.2482982,963,0,0,0,0,9.50676299908082,0.0,0.024741002562223002,4.699596115013214,14.1,595.828125,False
1773586939.4611897,964,0,0,0,0,9.436225998797454,0.0,0.025389002985320985,4.699596115013214,9.4,595.828125,False
1773586939.6740983,965,0,0,0,0,9.39854100215598,0.0,0.025129000277956948,4.699596115013214,14.1,595.828125,False
1773586939.8869474,966,0,0,0,0,9.33285500286729,0.0,0.02627800131449476,4.699596115013214,9.4,595.828125,False
1773586940.0999246,967,0,0,0,0,9.371595999255078,0.0,0.02627800131449476,4.6965334391563065,9.4,595.828125,False
1773586940.3130214,968,0,0,0,0,9.506338003120618,0.0,0.024796998332021758,4.6965334391563065,18.8,595.828125,False
1773586940.5260303,969,0,0,0,0,9.509023002465256,0.0,0.024111999664455652,4.6965334391563065,9.4,595.828125,False
1773586940.738935,970,0,0,0,0,9.367966002173489,0.0,0.026555997465038672,4.6965334391563065,9.4,595.84375,False
1773586940.951891,971,0,0,0,0,9.416059001523536,0.0,0.024925997422542423,4.6965334391563065,9.4,595.859375,False
1773586941.1649692,972,0,0,0,0,9.50724500216893,0.0,0.024556000425945967,4.694954196731859,9.4,595.859375,False
1773586941.37746,973,0,0,0,0,8.97494499804452,0.0,0.02355600008741021,4.694954196731859,18.8,595.859375,False
1773586941.590347,974,0,0,0,0,9.45776200023829,0.0,0.025315002858405933,4.694954196731859,9.4,595.859375,False
1773586941.8032565,975,0,0,0,0,9.340242999314796,0.0,0.024962999304989353,4.694954196731859,9.4,595.859375,False
1773586942.0161633,976,0,0,0,0,9.419689002243103,0.0,0.025888999516610056,4.694954196731859,9.4,595.859375,False
1773586942.229064,977,0,0,0,0,9.371225998620503,0.0,0.024871002096915618,4.698280043345605,9.4,595.859375,False
1773586942.4419136,978,0,0,0,0,9.313631999248173,0.0,0.02431499888189137,4.698280043345605,18.8,595.859375,False
1773586942.65487,979,0,0,0,0,9.393559001182439,0.0,0.025851997634163126,4.698280043345605,9.4,595.859375,False
1773586942.8676805,980,0,0,0,0,9.291743001085706,0.0,0.02512999708415009,4.698280043345605,9.4,595.859375,False
1773586943.0806336,981,0,0,0,0,9.295002000726527,0.0,0.02601899905130267,4.698280043345605,9.4,595.859375,False
1773586943.2934334,982,0,0,0,0,9.308150998549536,0.0,0.02607400165288709,4.697252966927867,9.4,595.859375,False
1773586943.5065217,983,0,0,0,0,9.497226001258241,0.0,0.02490800034138374,4.697252966927867,18.8,595.859375,False
1773586943.7193503,984,0,0,0,0,9.387558999151224,0.0,0.025852001272141933,4.697252966927867,9.4,595.859375,False
1773586943.9322116,985,0,0,0,0,9.398428999702446,0.0,0.025408000510651618,4.697252966927867,9.4,595.859375,False
1773586944.145112,986,0,0,0,0,9.370207000756636,0.0,0.025036999431904405,4.697252966927867,9.4,595.859375,False
1773586944.3579893,987,0,0,0,0,9.44530000197119,0.0,0.025018998712766916,4.697386587727024,14.1,595.859375,False
1773586944.5708117,988,0,0,0,0,9.370818002935266,0.0,0.026759000320453197,4.697386587727024,14.1,595.859375,False
1773586944.7836938,989,0,0,0,0,9.36265099880984,0.0,0.02740800118772313,4.697386587727024,9.4,595.859375,False
1773586944.9966056,990,0,0,0,0,9.334744001535,0.0,0.026186000468442217,4.697386587727024,14.1,595.859375,False
1773586945.2096183,991,0,0,0,0,9.47435599664459,0.0,0.024982000468298793,4.697386587727024,9.4,595.859375,False
1773586945.4225428,992,0,0,0,0,9.402078001585323,0.0,0.02603699977044016,4.696928941758047,9.4,595.859375,False
1773586945.6354349,993,0,0,0,0,9.35754099918995,0.0,0.02544399831094779,4.696928941758047,18.8,595.859375,False
1773586945.8482606,994,0,0,0,0,9.39387399921543,0.0,0.025407000066479668,4.696928941758047,9.4,595.859375,False
1773586946.0611894,995,0,0,0,0,9.446891999687068,0.0,0.025110999558819458,4.696928941758047,9.4,595.859375,False
1773586946.2740352,996,0,0,0,0,9.397226000146475,0.0,0.025149001885438338,4.696928941758047,9.4,595.859375,False
1773586946.4869497,997,0,0,0,0,9.454226001253119,0.0,0.025296998501289636,4.697414996278403,9.4,595.859375,False
1773586946.6997502,998,0,0,0,0,9.294187002524268,0.0,0.025370001822011545,4.697414996278403,18.8,595.859375,False
1773586946.9126618,999,0,0,0,0,9.433040999283548,0.0,0.025092998839681968,4.697414996278403,4.7,595.859375,False
1773586947.125567,1000,0,0,0,0,9.467318002862157,0.0,0.026130001060664654,4.697414996278403,9.4,595.859375,False
1773586947.33845,1001,0,0,0,0,9.374596000270685,0.0,0.024443997972412035,4.697414996278403,9.4,595.859375,False
1773586947.551434,1002,0,0,0,0,9.449169996514684,0.0,0.02572299854364246,4.697175112644519,14.1,595.859375,False
1773586947.7643204,1003,0,0,0,0,9.375576999445911,0.0,0.02635200144140981,4.697175112644519,18.8,595.859375,False
1773586947.9773257,1004,0,0,0,0,9.423262999916915,0.0,0.02685200161067769,4.697175112644519,9.4,595.859375,False
1773586948.1902063,1005,0,0,0,0,9.34831799895619,0.0,0.02551800207584165,4.697175112644519,9.4,595.859375,False
1773586948.403104,1006,0,0,0,0,9.34346600115532,0.0,0.025536999601172283,4.697175112644519,9.4,595.859375,False
1773586948.6159298,1007,0,0,0,0,9.373392000270542,0.0,0.026129000616492704,4.6966891077631745,9.4,595.859375,False
1773586948.8288848,1008,0,0,0,0,9.472170000663027,0.0,0.025945002562366426,4.6966891077631745,18.8,595.859375,False
1773586949.0417635,1009,0,0,0,0,9.431761998712318,0.0,0.025648001610534266,4.6966891077631745,9.4,595.859375,False
1773586949.254608,1010,0,0,0,0,9.386466001160443,0.0,0.02600000152597204,4.6966891077631745,9.4,595.859375,False
1773586949.467396,1011,0,0,0,0,9.330966000561602,0.0,0.02601899905130267,4.6966891077631745,9.4,595.859375,False
1773586949.680373,1012,0,0,0,0,9.44033699852298,0.0,0.027425998268881813,4.697908518167066,9.4,595.859375,False
1773586949.8928072,1013,0,0,0,0,8.888018997822655,0.0,0.025056000595213845,4.697908518167066,18.8,595.859375,False
1773586950.1057985,1014,0,0,0,0,9.500207997916732,0.0,0.025018998712766916,4.697908518167066,9.4,595.859375,False
1773586950.3186738,1015,0,0,0,0,9.370520998345455,0.0,0.02796300032059662,4.697908518167066,9.4,595.859375,False
1773586950.5315487,1016,0,0,0,0,9.402484000020195,0.0,0.026223002350889146,4.697908518167066,9.4,595.859375,False
1773586950.7445579,1017,0,0,0,0,9.441484999115346,0.0,0.026110999897355214,4.698283201035205,9.4,595.859375,False
1773586950.9574215,1018,0,0,0,0,9.413707000931026,0.0,0.02461099938955158,4.698283201035205,18.8,595.859375,False
1773586951.170321,1019,0,0,0,0,9.384040000441018,0.0,0.025648001610534266,4.698283201035205,9.4,595.859375,False
1773586951.3830872,1020,0,0,0,0,9.317503001511795,0.0,0.025407000066479668,4.698283201035205,9.4,595.859375,False
1773586951.5960317,1021,0,0,0,0,9.459133001655573,0.0,0.025814999389695004,4.698283201035205,9.4,595.859375,False
1773586951.8088973,1022,0,0,0,0,9.399077000125544,0.0,0.025352001102874056,4.697331875929543,14.1,595.859375,False
1773586952.0217304,1023,0,0,0,0,9.379057999467477,0.0,0.025334000383736566,4.697331875929543,14.1,595.859375,False
1773586952.234526,1024,0,0,0,0,9.366114001750248,0.0,0.025369998184032738,4.697331875929543,9.4,595.859375,False
1773586952.4473286,1025,0,0,0,0,9.343096000520745,0.0,0.02622299871291034,4.697331875929543,9.4,595.859375,False
1773586952.6602418,1026,0,0,0,0,9.326057999714976,0.0,0.025629000447224826,4.697331875929543,14.1,595.859375,False
1773586952.873267,1027,0,0,0,0,9.488689000136219,0.0,0.024778000806691125,4.6980274419291295,9.4,595.859375,False
1773586953.0862756,1028,0,0,0,0,9.425947999261552,0.0,0.02592599776107818,4.6980274419291295,18.8,595.859375,False
1773586953.299122,1029,0,0,0,0,9.32179899973562,0.0,0.02600000152597204,4.6980274419291295,9.4,595.875,False
1773586953.5119288,1030,0,0,0,0,9.355558999232017,0.0,0.02579600186436437,4.6980274419291295,9.4,595.875,False
1773586953.7248805,1031,0,0,0,0,9.400688999448903,0.0,0.025130000722128898,4.6980274419291295,9.4,595.875,False
1773586953.9378114,1032,0,0,0,0,9.467595999012701,0.0,0.02649999805726111,4.6968637213172215,9.4,595.875,False
1773586954.1506684,1033,0,0,0,0,9.382188000017777,0.0,0.025075001758523285,4.6968637213172215,18.8,595.875,False
1773586954.3635104,1034,0,0,0,0,9.384558998135617,0.0,0.024556000425945967,4.6968637213172215,9.4,595.875,False
1773586954.5763938,1035,0,0,0,0,9.405447999597527,0.0,0.025518998882034793,4.6968637213172215,9.4,595.875,False
1773586954.7892752,1036,0,0,0,0,9.398836002219468,0.0,0.0243520007643383,4.6968637213172215,9.4,595.875,False
1773586955.0022244,1037,0,0,0,0,9.459707998757949,0.0,0.024778000806691125,4.69751495502405,9.4,595.875,False
1773586955.214995,1038,0,0,0,0,9.373076998599572,0.0,0.02579600186436437,4.69751495502405,18.8,595.875,False
1773586955.4278398,1039,0,0,0,0,9.406670000316808,0.0,0.025167002604575828,4.69751495502405,9.4,595.875,False
1773586955.6408055,1040,0,0,0,0,9.439800000109244,0.0,0.056222997955046594,4.69751495502405,9.4,595.875,False
1773586955.853606,1041,0,0,0,0,9.35502200081828,0.0,0.024814999051159248,4.69751495502405,9.4,595.875,False
1773586956.0665255,1042,0,0,0,0,9.374540000862908,0.0,0.0263700021605473,4.697728565338831,9.4,595.875,False
1773586956.2793448,1043,0,0,0,0,9.364688001369359,0.0,0.025129000277956948,4.697728565338831,18.8,595.875,False
1773586956.4921994,1044,0,0,0,0,9.392299001774518,0.0,0.02605500048957765,4.697728565338831,9.4,595.875,False
1773586956.705096,1045,0,0,0,0,9.387985002831556,0.0,0.02385200059507042,4.697728565338831,9.4,595.875,False
1773586956.917846,1046,0,0,0,0,9.349021001980873,0.0,0.025444001948926598,4.697728565338831,9.4,595.875,False
1773586957.1306841,1047,0,0,0,0,9.379947998240823,0.0,0.026092999178217724,4.698253729430667,9.4,595.875,False
1773586957.343592,1048,0,0,0,0,9.451096000702819,0.0,0.02603699977044016,4.698253729430667,14.1,595.875,False
1773586957.5565991,1049,0,0,0,0,9.455743998842081,0.0,0.0279079977190122,4.698253729430667,14.1,595.875,False
1773586957.7695115,1050,0,0,0,0,9.46853999994346,0.0,0.0262039975496009,4.698253729430667,9.4,595.875,False
1773586957.982316,1051,0,0,0,0,9.3556699976034,0.0,0.024870001652743667,4.698253729430667,9.4,595.875,False
1773586958.1951468,1052,0,0,0,0,9.355928999866592,0.0,0.027092002710560337,4.697111989444471,9.4,595.875,False
1773586958.4075482,1053,0,0,0,0,8.943630000430858,0.0,0.024556000425945967,4.697111989444471,18.8,595.875,False
1773586958.620406,1054,0,0,0,0,9.400169998116326,0.0,0.026739999157143757,4.697111989444471,9.4,595.875,False
1773586958.8332849,1055,0,0,0,0,9.381503001350211,0.0,0.023908000002847984,4.697111989444471,9.4,595.890625,False
1773586959.0461414,1056,0,0,0,0,9.383929002069635,0.0,0.025001001631608233,4.697111989444471,9.4,595.890625,False
1773586959.2589283,1057,0,0,0,0,9.348726001917385,0.0,0.024722998205106705,4.700139604423503,9.4,595.890625,False
1773586959.4717665,1058,0,0,0,0,9.387132999108871,0.0,0.02553700323915109,4.700139604423503,18.8,595.890625,False
1773586959.6847196,1059,0,0,0,0,9.392874002514873,0.0,0.026629997591953725,4.700139604423503,9.4,595.890625,False
1773586959.8975813,1060,0,0,0,0,9.398502999829361,0.0,0.02485199729562737,4.700139604423503,9.4,595.890625,False
