timestamp,frame_index,motion_regions,yolo_detections,confirmed_tracks,new_confirmations,time_mog2_ms,time_yolo_ms,time_tracker_ms,fps,cpu_percent,ram_mb,yolo_ran
1773588426.269541,0,0,0,0,0,7.695823998801643,0.0,0.026925998099613935,0.0,0.0,456.703125,False
1773588426.4800606,1,0,0,0,0,7.130597998184385,0.0,0.025888999516610056,0.0,4.8,461.609375,False
1773588426.6902654,2,0,0,0,0,7.086060999426991,0.0,0.021148000087123364,0.0,9.5,464.234375,False
1773588426.9004247,3,0,0,0,0,7.063245997414924,0.0,0.02049999966402538,0.0,14.3,467.21875,False
1773588427.1106317,4,0,0,0,0,7.133524002711056,0.0,0.021463998564286157,4.756462718340289,4.8,469.859375,False
1773588427.3208349,5,0,0,0,0,7.16421000106493,0.0,0.022111002181190997,4.756462718340289,9.5,472.484375,False
1773588427.530977,6,0,0,0,0,7.090487000823487,0.0,0.021592997654806823,4.756462718340289,9.5,475.109375,False
1773588427.7411664,7,0,0,0,0,7.08702399788308,0.0,0.020851999579463154,4.756462718340289,9.5,477.734375,False
1773588427.9513447,8,0,0,0,0,7.0076720003271475,0.0,0.02099999983329326,4.756462718340289,14.3,480.359375,False
1773588428.1616096,9,0,0,0,0,7.137912998587126,0.0,0.02046300141955726,4.757754384723111,9.5,482.984375,False
1773588428.3713791,10,0,0,0,0,6.733854999765754,0.0,0.01794499985408038,4.757754384723111,4.8,482.984375,False
1773588428.58126,11,0,0,0,0,6.789077000576071,0.0,0.01799999881768599,4.757754384723111,9.5,482.984375,False
1773588428.7911685,12,0,0,0,0,6.745557999238372,0.0,0.018760001694317907,4.757754384723111,4.8,482.984375,False
1773588429.0010896,13,0,0,0,0,6.755244001396932,0.0,0.0185370008694008,4.757754384723111,14.3,482.984375,False
1773588429.2110302,14,0,0,0,0,6.769503001123667,0.0,0.01825900108087808,4.76424490033295,4.8,482.984375,False
1773588429.4210346,15,0,0,0,0,6.807689002016559,0.0,0.019536997569957748,4.76424490033295,9.5,482.984375,False
1773588429.630909,16,0,0,0,0,6.838651999714784,0.0,0.01846299710450694,4.76424490033295,9.5,482.984375,False
1773588429.8407922,17,0,0,0,0,6.754947997251293,0.0,0.018871000065701082,4.76424490033295,4.8,482.984375,False
1773588430.0507867,18,0,0,0,0,6.79861399839865,0.0,0.018665999959921464,4.76424490033295,14.3,482.984375,False
1773588430.2606068,19,0,0,0,0,6.721595000271918,0.0,0.018167000234825537,4.763899663234651,9.5,482.984375,False
1773588430.470434,20,0,0,0,0,6.74266999703832,0.0,0.018389000615570694,4.763899663234651,4.8,482.984375,False
1773588430.680411,21,0,0,0,0,6.803280997701222,0.0,0.019573999452404678,4.763899663234651,9.5,482.984375,False
1773588430.8904054,22,0,0,0,0,6.79583699820796,0.0,0.019277998944744468,4.763899663234651,4.8,482.984375,False
1773588431.100306,23,0,0,0,0,6.793521999497898,0.0,0.018889000784838572,4.763899663234651,14.3,482.984375,False
1773588431.310116,24,0,0,0,0,6.740541000908706,0.0,0.018741000531008467,4.764060911952814,4.8,482.984375,False
1773588431.519936,25,0,0,0,0,6.737039999279659,0.0,0.018611000996315852,4.764060911952814,9.5,482.984375,False
1773588431.7297993,26,0,0,0,0,6.784410998079693,0.0,0.021203999494900927,4.764060911952814,4.8,482.984375,False
1773588431.9395974,27,0,0,0,0,6.744410999090178,0.0,0.018296999769518152,4.764060911952814,9.5,482.984375,False
1773588432.1495442,28,0,0,0,0,6.810910999774933,0.0,0.019425999198574573,4.764060911952814,14.3,482.984375,False
1773588432.3594532,29,0,0,0,0,6.79039299939177,0.0,0.018685001123230904,4.764919285118511,4.8,482.984375,False
1773588432.5694294,30,0,0,0,0,6.840596000984078,0.0,0.020054998458363116,4.764919285118511,9.5,482.984375,False
1773588432.779424,31,0,0,0,0,6.788652000977891,0.0,0.019297000108053908,4.764919285118511,4.8,482.984375,False
1773588432.9893134,32,0,0,0,0,6.775948000722565,0.0,0.019259001419413835,4.764919285118511,9.5,482.984375,False
1773588433.1991904,33,0,0,0,0,6.772874003218021,0.0,0.017111000488512218,4.764919285118511,14.3,482.984375,False
1773588433.4090376,34,0,0,0,0,6.729337001161184,0.0,0.019741000869544223,4.763778463330537,4.8,482.984375,False
1773588433.6214175,35,0,0,0,0,9.313721999205882,0.0,0.021667001419700682,4.763778463330537,9.4,482.984375,False
1773588433.8341951,36,0,0,0,0,9.339129999716533,0.0,0.022832999093225226,4.763778463330537,9.4,482.984375,False
1773588434.0468261,37,0,0,0,0,9.290981000958709,0.0,0.023407999833580106,4.763778463330537,9.4,482.984375,False
1773588434.2595825,38,0,0,0,0,9.296406999055762,0.0,0.02325999957975,4.763778463330537,18.8,482.984375,False
1773588434.4723306,39,0,0,0,0,9.35727799878805,0.0,0.022649001039098948,4.7025858086829855,9.4,482.984375,False
1773588434.6851592,40,0,0,0,0,9.392593001393834,0.0,0.022776999685447663,4.7025858086829855,9.4,482.984375,False
1773588434.898013,41,0,0,0,0,9.369055998831755,0.0,0.02296299862791784,4.7025858086829855,9.4,482.984375,False
1773588435.110829,42,0,0,0,0,9.384056000271812,0.0,0.02320400017197244,4.7025858086829855,9.4,482.984375,False
1773588435.3235443,43,0,0,0,0,9.306519001256675,0.0,0.021797000954393297,4.7025858086829855,14.1,482.984375,False
1773588435.5363913,44,0,0,0,0,9.334000998933334,0.0,0.022277999960351735,4.6990211642286335,14.1,482.984375,False
1773588435.7492805,45,0,0,0,0,9.329019001597771,0.0,0.023759002942824736,4.6990211642286335,9.4,482.984375,False
1773588435.9620473,46,0,0,0,0,9.285759002523264,0.0,0.022611002350458875,4.6990211642286335,9.4,482.984375,False
1773588436.1748743,47,0,0,0,0,9.3266850017244,0.0,0.022371001250576228,4.6990211642286335,9.4,482.984375,False
1773588436.3876874,48,0,0,0,0,9.301665999373654,0.0,0.022260002879193053,4.6990211642286335,18.8,482.984375,False
1773588436.6004708,49,0,0,0,0,9.368611001264071,0.0,0.02238899833173491,4.698889556091309,9.4,482.984375,False
1773588436.8132203,50,0,0,0,0,9.324685001047328,0.0,0.022352000087266788,4.698889556091309,9.4,482.984375,False
1773588437.0260265,51,0,0,0,0,9.379167000588495,0.0,0.023091997718438506,4.698889556091309,9.4,482.984375,False
1773588437.2388601,52,0,0,0,0,9.339629003079608,0.0,0.02348099951632321,4.698889556091309,9.4,482.984375,False
1773588437.451612,53,0,0,0,0,9.309241002483759,0.0,0.02403699909336865,4.698889556091309,18.8,482.984375,False
1773588437.6644468,54,0,0,0,0,9.329315002105432,0.0,0.02385200059507042,4.699368645135991,9.4,482.984375,False
1773588437.8772266,55,0,0,0,0,9.334629998193122,0.0,0.022815002012066543,4.699368645135991,9.4,482.984375,False
1773588438.0902374,56,0,0,0,0,9.498852999968221,0.0,0.025203997211065143,4.699368645135991,9.4,482.984375,False
1773588438.3031795,57,0,0,0,0,9.387018999404972,0.0,0.025278000975959003,4.699368645135991,9.4,482.984375,False
1773588438.5160983,58,0,0,0,0,9.361666998302098,0.0,0.026685000193538144,4.699368645135991,18.8,482.984375,False
1773588438.7290041,59,0,0,0,0,9.477092997258296,0.0,0.025001001631608233,4.696822696484066,9.4,482.984375,False
1773588438.9418802,60,0,0,0,0,9.41794499885873,0.0,0.0262039975496009,4.696822696484066,9.4,482.984375,False
1773588439.1548731,61,0,0,0,0,9.449445002246648,0.0,0.02572199809947051,4.696822696484066,9.4,482.984375,False
1773588439.3675694,62,0,0,0,0,9.226794998539845,0.0,0.02290799966431223,4.696822696484066,9.4,482.984375,False
1773588439.5800295,63,0,0,0,0,8.956775000115158,0.0,0.022871001419844106,4.696822696484066,18.8,482.984375,False
1773588439.7930489,64,0,0,0,0,9.473889997025253,0.0,0.02553700323915109,4.699078021224311,9.4,482.984375,False
1773588440.0059364,65,0,0,0,0,9.41637100186199,0.0,0.02575899998191744,4.699078021224311,9.4,482.984375,False
1773588440.218768,66,0,0,0,0,9.400982002262026,0.0,0.023203003365779296,4.699078021224311,9.4,482.984375,False
1773588440.4316053,67,0,0,0,0,9.317462998296833,0.0,0.023463002435164526,4.699078021224311,9.4,482.984375,False
1773588440.6445215,68,0,0,0,0,9.39001900042058,0.0,0.022778000129619613,4.699078021224311,18.8,482.984375,False
1773588440.857281,69,0,0,0,0,9.38033400234417,0.0,0.0235010011238046,4.698224258195869,9.4,482.984375,False
1773588441.0699892,70,0,0,0,0,9.328944001026684,0.0,0.02399999721092172,4.698224258195869,9.4,482.984375,False
1773588441.2827635,71,0,0,0,0,9.380314997542882,0.0,0.023592998331878334,4.698224258195869,9.4,482.984375,False
1773588441.4955761,72,0,0,0,0,9.34479700299562,0.0,0.023185002646641806,4.698224258195869,9.4,482.984375,False
1773588441.7084677,73,0,0,0,0,9.322611000243342,0.0,0.02437000148347579,4.698224258195869,18.8,482.984375,False
1773588441.9212837,74,0,0,0,0,9.339815002022078,0.0,0.024758999643381685,4.699184368557856,9.4,482.984375,False
1773588442.1341386,75,0,0,0,0,9.330852000857703,0.0,0.023352000425802544,4.699184368557856,9.4,482.984375,False
1773588442.3469303,76,0,0,0,0,9.315573999629123,0.0,0.023426000552717596,4.699184368557856,9.4,482.984375,False
1773588442.559802,77,0,0,0,0,9.334463000413962,0.0,0.024480999854858965,4.699184368557856,9.4,482.984375,False
1773588442.7725902,78,0,0,0,0,9.304555998824071,0.0,0.02433299960102886,4.699184368557856,18.8,482.984375,False
1773588442.985392,79,0,0,0,0,9.350629999971716,0.0,0.022852000256534666,4.6988042779545705,9.4,482.984375,False
1773588443.1981018,80,0,0,0,0,9.362870998302242,0.0,0.022111002181190997,4.6988042779545705,9.4,482.984375,False
1773588443.4108539,81,0,0,0,0,9.350297001219587,0.0,0.02403699909336865,4.6988042779545705,9.4,482.984375,False
1773588443.6236248,82,0,0,0,0,9.30344399966998,0.0,0.02431499888189137,4.6988042779545705,9.4,482.984375,False
1773588443.8364413,83,0,0,0,0,9.323870999651263,0.0,0.02355499964323826,4.6988042779545705,18.8,482.984375,False
1773588444.0492887,84,0,0,0,0,9.366815000248607,0.0,0.0235740008065477,4.699731975581989,9.4,482.984375,False
1773588444.262184,85,0,0,0,0,9.415982000064105,0.0,0.02348199996049516,4.699731975581989,9.4,482.984375,False
1773588444.475006,86,0,0,0,0,9.293073999288026,0.0,0.024184999347198755,4.699731975581989,9.4,482.984375,False
1773588444.6879416,87,0,0,0,0,9.337019000668079,0.0,0.024796998332021758,4.699731975581989,9.4,482.984375,False
1773588444.8998618,88,0,0,0,0,8.40667900047265,0.0,0.022814998374087736,4.699731975581989,18.9,482.984375,False
1773588445.1126935,89,0,0,0,0,9.424186002433999,0.0,0.023649001377634704,4.701922626356974,9.4,483.03125,False
1773588448.1451924,90,1,1,0,0,9.417315002792748,2819.5953699978418,0.042444000428076833,0.32975239072810403,156.0,685.453125,True
1773588450.8847947,91,1,1,1,1,7.125097999960417,2529.020952999417,0.05014899943489581,0.3650157818286313,159.1,695.546875,True
1773588453.620233,92,1,1,1,0,7.1614500011492055,2525.0595420002355,0.04553799954010174,0.36557339613465095,159.0,696.90625,True
1773588456.3560545,93,1,1,1,0,7.114079999155365,2525.3353230000357,0.034130000130971894,0.3655214665115448,159.7,699.53125,True
1773588459.0953293,94,1,1,1,0,7.215303001430584,2528.6836400009634,0.03546299922163598,0.3650597195806487,159.2,703.46875,True
1773588461.828349,95,1,1,1,0,7.190524000179721,2522.549605000677,0.035315002605784684,0.36589613629820905,158.8,704.796875,True
1773588464.5722828,96,1,1,1,0,7.15874700108543,2533.5593189993233,0.033408003218937665,0.36443985205891855,159.6,707.421875,True
1773588467.3081954,97,1,1,1,0,7.151209003495751,2525.400050002645,0.033111002267105505,0.3655093941916105,159.0,710.046875,True
1773588470.0477684,98,1,1,1,0,7.19167299757828,2529.158943998482,0.03387000106158666,0.36502007029738714,159.9,712.671875,True
1773588472.782055,99,1,1,1,0,7.1733569966454525,2523.862394002208,0.03359200127306394,0.36572653102224406,159.1,716.609375,True
1773588475.5230203,100,1,1,1,0,7.148708999011433,2530.5220459995326,0.03462899985606782,0.3648351541295059,159.1,708.46875,True
1773588478.2634525,101,1,1,1,0,7.1871539985295385,2529.9265989997366,0.03461200321908109,0.36490609482120595,159.8,711.109375,True
1773588481.0092132,102,1,1,1,0,7.232414001919096,2535.3217070005485,0.035000000934815034,0.3641969782524866,159.5,713.734375,True
1773588483.7586937,103,1,1,1,0,7.191820001025917,2538.9570070001355,0.034166998375440016,0.3637060819233229,157.8,716.359375,True
1773588486.499797,104,1,1,1,0,7.239320999360643,2530.6574589994852,0.03344500146340579,0.3648159556880766,159.4,720.296875,True
1773588489.2402658,105,1,1,1,0,7.211525000457186,2529.8549360013567,0.03381500209798105,0.3649014915681153,159.5,721.609375,True
1773588489.4506516,106,0,0,1,0,7.132561000616988,0.0,0.03122300040558912,0.3649014915681153,9.5,721.609375,False
1773588489.6609929,107,0,0,1,0,7.095969001966296,0.0,0.030833001801511273,0.3649014915681153,9.5,724.03125,False
1773588489.8713102,108,0,0,1,0,7.112319999578176,0.0,0.030444996809819713,0.3649014915681153,9.5,727.96875,False
1773588490.0816312,109,0,0,1,0,7.15456199759501,0.0,0.03137000021524727,0.3649014915681153,9.5,730.59375,False
1773588490.2919173,110,0,0,1,0,7.053801000438398,0.0,0.03059299706364982,4.754580968590073,9.5,733.21875,False
1773588490.5022497,111,0,0,1,0,7.078005997755099,0.0,0.029795999580528587,4.754580968590073,9.5,735.84375,False
1773588490.7125468,112,0,0,1,0,7.070671999827027,0.0,0.03103800190729089,4.754580968590073,4.8,738.46875,False
1773588490.922889,113,0,0,1,0,7.109486999979708,0.0,0.031371000659419224,4.754580968590073,14.3,741.09375,False
1773588491.1332827,114,0,0,1,0,7.164968999859411,0.0,0.03099999958067201,4.754580968590073,9.5,743.71875,False
1773588491.343682,115,0,0,1,0,7.11522800338571,0.0,0.03100100002484396,4.753911662084624,4.8,745.03125,False
1773588491.5540562,116,0,0,1,0,7.131393998861313,0.0,0.032184998417505994,4.753911662084624,9.5,747.65625,False
1773588491.7644722,117,0,0,1,0,7.074467997881584,0.0,0.03244400068069808,4.753911662084624,9.5,750.28125,False
1773588491.9748673,118,0,0,1,0,7.092986998031847,0.0,0.03072300023632124,4.753911662084624,9.5,752.90625,False
1773588492.1852212,119,0,0,1,0,7.1444499990320764,0.0,0.030277999030658975,4.753911662084624,14.3,756.84375,False
1773588492.3956041,120,0,0,1,0,7.0795060019008815,0.0,0.02990700158989057,4.753218842778226,4.8,758.15625,False
1773588492.6060102,121,0,0,0,0,7.100560997059802,0.0,0.032759999157860875,4.753218842778226,9.5,760.78125,False
1773588492.816395,122,0,0,0,0,7.120819998817751,0.0,0.031925999792292714,4.753218842778226,4.8,763.40625,False
1773588493.0267217,123,0,0,0,0,7.074004999594763,0.0,0.028186001145513728,4.753218842778226,14.3,766.03125,False
1773588493.2370207,124,0,0,0,0,7.126728000002913,0.0,0.028870999813079834,4.753218842778226,9.5,769.96875,False
1773588493.4473696,125,0,0,0,0,7.086542002070928,0.0,0.030611001420766115,4.753913817358666,9.5,771.28125,False
1773588493.6577091,126,0,0,0,0,7.103283001924865,0.0,0.0307039990730118,4.753913817358666,9.5,773.90625,False
1773588493.8680155,127,0,0,0,0,7.0643379985995125,0.0,0.029815000743838027,4.753913817358666,9.5,776.53125,False
1773588494.0783784,128,0,0,0,0,7.13394999911543,0.0,0.02907400266849436,4.753913817358666,9.5,779.15625,False
1773588494.2887075,129,0,0,0,0,7.102227998984745,0.0,0.030536997655872256,4.753913817358666,4.8,781.78125,False
1773588494.4990602,130,0,0,0,0,7.122819999494823,0.0,0.029703998734476045,4.7542662309471915,14.3,784.40625,False
1773588495.5382,131,0,0,0,0,7.048616000247421,0.0,0.029241000447655097,0.9623274062177355,81.8,770.765625,False
1773588495.748268,132,0,0,0,0,6.767503000446595,0.0,0.028573998861247674,0.9623274062177355,4.8,722.203125,False
1773588495.958419,133,0,0,0,0,6.881633999000769,0.0,0.028685000870609656,0.9623274062177355,14.3,722.203125,False
1773588496.168545,134,0,0,0,0,6.986560998484492,0.0,0.029221999284345657,0.9623274062177355,9.5,722.203125,False
1773588496.378833,135,0,0,0,0,7.084338001732249,0.0,0.030184997740434483,0.9623274062177355,4.8,722.203125,False
1773588496.589102,136,0,0,0,0,7.093208998412592,0.0,0.030667000828543678,4.7578569279766665,9.5,722.203125,False
1773588496.7993014,137,0,0,0,0,7.076598001731327,0.0,0.021758998627774417,4.7578569279766665,9.5,722.203125,False
1773588499.5447953,138,1,1,0,0,7.148376000259304,2535.0930640015577,0.039629998354939744,0.6766522916708511,159.5,722.40625,True
1773588502.2819955,139,1,1,1,1,7.146487001591595,2526.800089999597,0.03548200038494542,0.3653361694047473,159.7,728.140625,True
1773588505.0230489,140,1,1,1,0,7.149394001316978,2530.553594999219,0.03340699913678691,0.36482490413167745,159.1,728.15625,True
1773588507.762498,141,1,1,1,0,7.256709999637678,2528.993531002925,0.033906999306054786,0.3650368121732781,159.9,728.15625,True
1773588510.5062208,142,1,1,1,0,7.221821000712225,2533.1943340024736,0.034519001928856596,0.3644689553437973,159.3,728.15625,True
1773588513.2477727,143,1,1,1,0,7.173358000727603,2531.013507999887,0.03437100167502649,0.3647566912652322,160.1,728.171875,True
1773588515.9873412,144,1,1,1,0,7.1755989993107505,2529.0802380004607,0.034500000765547156,0.36502140450821846,159.1,728.171875,True
1773588518.7240372,145,1,1,1,0,7.214951001515146,2526.145796000492,0.034351996873738244,0.3654040898595431,159.7,728.171875,True
1773588521.4605553,146,1,1,1,0,7.204135003121337,2525.76601599867,0.034462998883100227,0.36543089578795185,159.3,728.171875,True
1773588524.2009108,147,1,1,1,0,7.207746002677595,2529.8185600004217,0.03398199987714179,0.3649128570518779,159.1,728.171875,True
1773588526.9389808,148,1,1,1,0,7.1742649997759145,2527.554547999898,0.034223001421196386,0.36522161485043325,160.0,728.171875,True
1773588529.6772015,149,1,1,1,0,7.243210002343403,2527.6477900006284,0.03377800021553412,0.3651999908401873,159.2,728.171875,True
1773588532.4151955,150,1,1,1,0,7.193487999757053,2527.4570860019594,0.03570399712771177,0.36523156911580484,159.2,728.171875,True
1773588535.1541228,151,1,1,1,0,7.265191001351923,2528.2995919988025,0.033111002267105505,0.3651064011291886,159.2,727.0625,True
1773588537.8952942,152,1,1,1,0,7.207895003375597,2530.61629199874,0.034388998756185174,0.36480776919866137,159.8,727.0625,True
1773588540.6331975,153,1,1,1,0,7.215894998807926,2527.348088002327,0.034925997169921175,0.3652425098927916,159.6,725.84375,True
1773588543.3721306,154,1,1,1,0,7.175950002419995,2528.4464659998775,0.034092998248524964,0.365106528256579,159.6,728.46875,True
1773588546.1112716,155,1,1,1,0,7.246506000228692,2528.5468389993184,0.03353699867147952,0.3650777043864815,159.5,731.109375,True
1773588546.321802,156,0,0,1,0,7.178283998655388,0.0,0.030334002076415345,0.3650777043864815,9.5,731.125,False
1773588546.532221,157,0,0,1,0,7.108615998731693,0.0,0.030352002795552835,0.3650777043864815,4.8,733.546875,False
1773588546.7426348,158,0,0,1,0,7.108153000444872,0.0,0.0307039990730118,0.3650777043864815,14.3,736.171875,False
1773588546.9530501,159,0,0,1,0,7.147505999455461,0.0,0.029260001610964537,0.3650777043864815,9.5,738.796875,False
1773588547.1634266,160,0,0,1,0,7.07889399927808,0.0,0.030795999919064343,4.75231621800152,9.5,741.421875,False
1773588547.3738215,161,0,0,1,0,7.121819999156287,0.0,0.030685001547681168,4.75231621800152,4.8,744.046875,False
1773588547.5842419,162,0,0,1,0,7.130468999093864,0.0,0.03126000228803605,4.75231621800152,9.5,746.671875,False
1773588547.7947268,163,0,0,1,0,7.110726997780148,0.0,0.031703999411547557,4.75231621800152,14.3,747.984375,False
1773588548.0050297,164,0,0,1,0,7.116431002941681,0.0,0.031703999411547557,4.75231621800152,4.8,751.921875,False
1773588548.2154593,165,0,0,1,0,7.1160429979499895,0.0,0.03129600008833222,4.7527039384300895,9.5,753.234375,False
1773588548.4258635,166,0,0,1,0,7.144301998778246,0.0,0.03144499714835547,4.7527039384300895,4.8,755.859375,False
1773588548.636166,167,0,0,1,0,7.086560999596259,0.0,0.0312590018438641,4.7527039384300895,9.5,758.484375,False
1773588548.8465176,168,0,0,1,0,7.090746003086679,0.0,0.030573999538319185,4.7527039384300895,14.3,762.421875,False
1773588549.0570133,169,0,0,1,0,7.185709997429512,0.0,0.028665999707300216,4.7527039384300895,9.5,765.046875,False
1773588549.267443,170,0,0,1,0,7.171043002017541,0.0,0.031333998776972294,4.7529258291350684,4.8,767.671875,False
1773588549.4777877,171,0,0,0,0,7.083191001584055,0.0,0.03157399987685494,4.7529258291350684,9.5,770.296875,False
1773588549.6880703,172,0,0,0,0,7.097949997842079,0.0,0.02981499710585922,4.7529258291350684,9.5,772.921875,False
1773588549.8984632,173,0,0,0,0,7.100357001036173,0.0,0.030759998480789363,4.7529258291350684,14.3,774.234375,False
1773588550.1087074,174,0,0,0,0,7.095764998666709,0.0,0.030906998290447518,4.7529258291350684,9.5,778.171875,False
1773588550.3190215,175,0,0,0,0,7.094894001056673,0.0,0.0301670006592758,4.754771771626069,9.5,779.484375,False
1773588550.5293207,176,0,0,0,0,7.138413002394373,0.0,0.030130002414807677,4.754771771626069,4.8,782.109375,False
1773588550.7422228,177,0,0,0,0,9.595298000931507,0.0,0.03514799755066633,4.754771771626069,9.4,784.734375,False
1773588550.9553242,178,0,0,0,0,9.387630001583602,0.0,0.03342600030009635,4.754771771626069,18.8,788.671875,False
1773588551.1685174,179,0,0,0,0,9.551704999466892,0.0,0.036408000596566126,4.754771771626069,9.4,791.296875,False
1773588551.381728,180,0,0,0,0,9.610094002709957,0.0,0.03631499930634163,4.705150678428168,9.4,793.921875,False
1773588552.4430318,181,0,0,0,0,9.563982999679865,0.0,0.035296001442475244,0.9421705551035482,82.0,788.796875,False
1773588552.6538925,182,0,0,0,0,7.094782999047311,0.0,0.03201900108251721,0.9421705551035482,9.5,758.78125,False
1773588552.8642447,183,0,0,0,0,7.067579001159174,0.0,0.03020400254172273,0.9421705551035482,14.3,719.234375,False
1773588553.0746763,184,0,0,0,0,7.139117002225248,0.0,0.03075900167459622,0.9421705551035482,4.8,719.234375,False
1773588553.2849872,185,0,0,0,0,7.1290790001512505,0.0,0.02940700142062269,0.9421705551035482,9.5,719.234375,False
1773588553.495349,186,0,0,0,0,7.088485999702243,0.0,0.03303700214019045,4.751596948775969,4.8,719.234375,False
1773588553.7057226,187,0,0,0,0,7.130320998840034,0.0,0.022462998458649963,4.751596948775969,9.5,719.234375,False
1773588553.9159737,188,0,0,0,0,7.058541999867884,0.0,0.022778000129619613,4.751596948775969,14.3,719.234375,False
1773588554.1263502,189,0,0,0,0,7.096763998561073,0.0,0.021591997210634872,4.751596948775969,4.8,719.234375,False
1773588554.3366637,190,0,0,0,0,7.019542001216905,0.0,0.02270400000270456,4.751596948775969,9.5,719.234375,False
1773588554.5469315,191,0,0,0,0,7.090005001373356,0.0,0.022203999833436683,4.754768537548726,9.5,719.234375,False
1773588554.757242,192,0,0,0,0,7.08546899841167,0.0,0.021926000044913962,4.754768537548726,4.8,719.234375,False
1773588554.9675777,193,0,0,0,0,7.074765002471395,0.0,0.023370997951133177,4.754768537548726,14.3,719.234375,False
1773588555.177984,194,0,0,0,0,7.080523999320576,0.0,0.022000000171829015,4.754768537548726,9.5,719.234375,False
1773588555.3883538,195,0,0,0,0,7.060578998789424,0.0,0.022519001504406333,4.754768537548726,4.8,719.234375,False
1773588555.598808,196,0,0,0,0,7.125653999537462,0.0,0.022000000171829015,4.7533772144553845,9.5,719.234375,False
1773588555.8092105,197,0,0,0,0,7.107024001015816,0.0,0.021332998585421592,4.7533772144553845,9.5,719.234375,False
1773588556.019593,198,0,0,0,0,7.074634999298723,0.0,0.022629999875789508,4.7533772144553845,14.3,719.234375,False
1773588556.2298734,199,0,0,0,0,7.0927469969319645,0.0,0.02127799962181598,4.7533772144553845,4.8,719.234375,False
1773588558.9872444,200,1,1,0,0,7.084820001182379,2547.0741009994526,0.03161100175930187,1.1804764639158596,159.2,714.609375,True
1773588561.7233536,201,1,1,1,1,7.139024000935024,2525.6486590005807,0.033814998460002244,0.3654798060465881,159.7,720.328125,True
1773588564.4574957,202,1,1,1,0,7.27602500046487,2523.5440920005203,0.03433399979257956,0.3657481217526838,159.1,720.328125,True
1773588567.1940477,203,1,1,1,0,7.110023998393444,2526.1586460001126,0.03372200080775656,0.36542319106849874,159.7,720.328125,True
1773588569.9378517,204,1,1,1,0,7.127338998543564,2533.4629859971756,0.03348099926370196,0.3644579025151855,159.6,720.34375,True
1773588572.6756816,205,1,1,1,0,7.150228000682546,2527.3490250001487,0.03479599763522856,0.36525256071905476,159.6,720.375,True
1773588575.4152458,206,1,1,1,0,7.167227999161696,2529.182963000494,0.034149001294281334,0.36502194454870884,159.5,720.375,True
1773588578.1522388,207,1,1,1,0,7.203061999462079,2526.436243999342,0.033833999623311684,0.36536481131590615,159.3,720.375,True
1773588580.8917494,208,1,1,1,0,7.195154001237825,2529.036685999017,0.03463000030023977,0.36502896522050016,160.2,720.375,True
1773588583.633189,209,1,1,1,0,7.1232469999813475,2530.8321230004367,0.033944001188501716,0.3647714421186032,159.0,722.953125,True
1773588586.3736908,210,1,1,1,0,7.116209002560936,2530.1678420000826,0.033906999306054786,0.3648971741397307,159.5,721.84375,True
1773588589.110911,211,1,1,1,0,7.1833399997558445,2526.6841749980813,0.033610998798394576,0.36533368731723753,159.7,721.859375,True
1773588591.8570874,212,1,1,1,0,7.186876999185188,2535.7633780004107,0.033963002351811156,0.36414287812811136,159.5,721.984375,True
1773588594.5969863,213,1,1,1,0,7.137209002394229,2529.47406399835,0.034480999602237716,0.36497684079139414,159.9,724.609375,True
1773588597.336886,214,1,1,1,0,7.185690999904182,2529.383453002083,0.03429700154811144,0.3649771583845162,159.1,727.234375,True
1773588600.0784388,215,1,1,1,0,7.202525001048343,2531.1228890022903,0.03294400084996596,0.36475643749754866,159.8,729.859375,True
1773588600.2889442,216,0,0,1,0,7.136005002394086,0.0,0.02959300036309287,0.36475643749754866,4.8,729.859375,False
1773588600.499367,217,0,0,1,0,7.102930998371448,0.0,0.031407998903887346,0.36475643749754866,9.5,732.28125,False
1773588600.7097905,218,0,0,1,0,7.122690996766323,0.0,0.030777999199926853,0.36475643749754866,14.3,734.90625,False
1773588600.9201949,219,0,0,1,0,7.065616999170743,0.0,0.03161100175930187,0.36475643749754866,9.5,737.53125,False
1773588601.130593,220,0,0,1,0,7.0896159995754715,0.0,0.030073999369051307,4.752335602520527,4.8,740.15625,False
1773588601.3409789,221,0,0,1,0,7.102191000740277,0.0,0.030649000109406188,4.752335602520527,9.5,742.78125,False
1773588601.5514116,222,0,0,1,0,7.127154000045266,0.0,0.0317960002576001,4.752335602520527,9.5,745.40625,False
1773588601.7617953,223,0,0,1,0,7.0626160013489425,0.0,0.03157500032102689,4.752335602520527,9.5,748.03125,False
1773588601.9721417,224,0,0,1,0,7.0617089986626524,0.0,0.031092997232917696,4.752335602520527,9.5,750.65625,False
1773588602.1825814,225,0,0,1,0,7.115912998415297,0.0,0.030851999326841906,4.752888127796964,9.5,753.28125,False
1773588602.3929472,226,0,0,1,0,7.097486999555258,0.0,0.03101900074398145,4.752888127796964,9.5,755.90625,False
1773588602.603393,227,0,0,1,0,7.118912999430904,0.0,0.03285200000391342,4.752888127796964,4.8,758.53125,False
1773588602.813786,228,0,0,1,0,7.086746001732536,0.0,0.029834001907147467,4.752888127796964,14.3,761.15625,False
1773588603.0241513,229,0,0,1,0,7.107116001861868,0.0,0.029888997232774273,4.752888127796964,9.5,763.78125,False
1773588603.2345564,230,0,0,1,0,7.116838998626918,0.0,0.03126000228803605,4.752958145043785,9.5,766.40625,False
1773588603.4449556,231,0,0,0,0,7.129468998755328,0.0,0.029852002626284957,4.752958145043785,4.8,769.03125,False
1773588603.6552882,232,0,0,0,0,7.071375999657903,0.0,0.030649000109406188,4.752958145043785,9.5,771.65625,False
1773588603.8657131,233,0,0,0,0,7.176265000452986,0.0,0.03014899994013831,4.752958145043785,14.3,774.28125,False
1773588604.0760334,234,0,0,0,0,7.080172003043117,0.0,0.03068599835387431,4.752958145043785,9.5,776.90625,False
1773588604.2863882,235,0,0,0,0,7.077894002577523,0.0,0.030260001949500293,4.753639035677363,4.8,779.53125,False
1773588604.4966779,236,0,0,0,0,7.014189999608789,0.0,0.02987100015161559,4.753639035677363,14.3,782.15625,False
1773588604.7070003,237,0,0,0,0,7.070208997902228,0.0,0.030258997867349535,4.753639035677363,9.5,784.78125,False
1773588604.9173627,238,0,0,0,0,7.123765000869753,0.0,0.028982001822441816,4.753639035677363,9.5,787.40625,False
1773588605.1276731,239,0,0,0,0,7.0726159974583425,0.0,0.02940800186479464,4.753639035677363,9.5,790.03125,False
1773588605.337941,240,0,0,0,0,7.045301001198823,0.0,0.0296300022455398,4.7548687959921425,9.5,792.65625,False
1773588606.358843,241,0,0,0,0,7.069375002174638,0.0,0.030258997867349535,0.9795031518612597,80.3,727.171875,False
1773588606.5693712,242,0,0,0,0,7.1200790007424075,0.0,0.031186002161120996,0.9795031518612597,9.5,719.296875,False
1773588606.7795699,243,0,0,0,0,7.02713499777019,0.0,0.030315000913105905,0.9795031518612597,14.3,719.296875,False
1773588606.992473,244,0,0,0,0,9.569464000378503,0.0,0.03670399746624753,0.9795031518612597,9.4,719.296875,False
1773588607.205547,245,0,0,0,0,9.564206000504782,0.0,0.03546300285961479,0.9795031518612597,9.4,719.296875,False
1773588607.4186428,246,0,0,0,0,9.512835000350606,0.0,0.036296001781011,4.71820180471075,9.4,719.296875,False
1773588607.631751,247,0,0,0,0,9.514408000541152,0.0,0.02601899905130267,4.71820180471075,9.4,719.296875,False
1773588607.844851,248,0,0,0,0,9.595130999514367,0.0,0.02664800194907002,4.71820180471075,18.8,719.296875,False
1773588608.0580218,249,0,0,0,0,9.592965001502307,0.0,0.024482000299030915,4.71820180471075,9.4,719.296875,False
1773588608.271119,250,0,0,0,0,9.517853999568615,0.0,0.026870999136008322,4.71820180471075,9.4,719.296875,False
1773588608.4841344,251,0,0,0,0,9.499316001893021,0.0,0.024722001398913562,4.692707028033368,9.4,719.296875,False
1773588608.6971774,252,0,0,0,0,9.532983000099193,0.0,0.02572199809947051,4.692707028033368,9.4,719.296875,False
1773588608.9101777,253,0,0,0,0,9.526371002721135,0.0,0.026500001695239916,4.692707028033368,18.8,719.296875,False
1773588609.1232219,254,0,0,0,0,9.508816001471132,0.0,0.026888999855145812,4.692707028033368,9.4,719.296875,False
1773588609.3362896,255,0,0,0,0,9.451759997318732,0.0,0.024184999347198755,4.692707028033368,14.1,719.296875,False
1773588609.5493417,256,0,0,0,0,9.445907999179326,0.0,0.024240998754976317,4.6938844483876885,9.4,719.296875,False
1773588609.7623744,257,0,0,0,0,9.420130998478271,0.0,0.023870998120401055,4.6938844483876885,9.4,719.296875,False
1773588609.9754088,258,0,0,0,0,9.430685997358523,0.0,0.024482000299030915,4.6938844483876885,14.1,719.296875,False
1773588610.188366,259,0,0,0,0,9.465242001169827,0.0,0.024315002519870177,4.6938844483876885,9.4,719.296875,False
1773588610.4013832,260,0,0,0,0,9.469001000979915,0.0,0.024796998332021758,4.6938844483876885,14.1,719.296875,False
1773588610.6143057,261,0,0,0,0,9.411019000253873,0.0,0.024684999516466632,4.694997291113509,9.4,719.296875,False
1773588610.827233,262,0,0,0,0,9.401759998581838,0.0,0.025055000151041895,4.694997291113509,9.4,719.296875,False
1773588611.0399659,263,0,0,0,0,9.226352001860505,0.0,0.024351997126359493,4.694997291113509,18.8,719.296875,False
1773588611.2530558,264,0,0,0,0,9.456963998673018,0.0,0.02379700163146481,4.694997291113509,9.4,719.296875,False
1773588611.4660976,265,0,0,0,0,9.48281599994516,0.0,0.024722001398913562,4.694997291113509,9.4,719.296875,False
1773588611.6790357,266,0,0,0,0,9.426314998563612,0.0,0.02600000152597204,4.696044412358502,9.4,719.296875,False
1773588611.8919392,267,0,0,0,0,9.450963996641804,0.0,0.02401899837423116,4.696044412358502,9.4,719.296875,False
1773588612.1049407,268,0,0,0,0,9.466520001296885,0.0,0.023407999833580106,4.696044412358502,18.8,719.296875,False
1773588612.3179755,269,0,0,0,0,9.564463998685824,0.0,0.026704001356847584,4.696044412358502,9.4,719.296875,False
1773588612.531089,270,0,0,0,0,9.515500998531934,0.0,0.024982000468298793,4.696044412358502,9.4,719.296875,False
1773588612.7440221,271,0,0,0,0,9.487872001045616,0.0,0.024778000806691125,4.694882724867352,9.4,719.296875,False
1773588612.95716,272,0,0,0,0,9.542816998873604,0.0,0.02518499968573451,4.694882724867352,9.4,719.296875,False
1773588613.1702712,273,0,0,0,0,9.629651001887396,0.0,0.025555997126502916,4.694882724867352,18.8,719.296875,False
1773588613.383305,274,0,0,0,0,9.571465001499746,0.0,0.02618599683046341,4.694882724867352,9.4,719.296875,False
1773588613.596429,275,0,0,0,0,9.596056999725988,0.0,0.025315002858405933,4.694882724867352,9.4,719.296875,False
1773588613.8095322,276,0,0,0,0,9.568891000526492,0.0,0.024388999008806422,4.692573673325223,9.4,719.296875,False
1773588614.022572,277,0,0,0,0,9.500779000518378,0.0,0.02351799776079133,4.692573673325223,14.1,719.296875,False
1773588614.2351997,278,0,0,0,0,9.135128999332665,0.0,0.026185000024270266,4.692573673325223,14.1,719.296875,False
1773588614.4484224,279,0,0,0,0,9.654558001784608,0.0,0.0268340008915402,4.692573673325223,14.1,719.296875,False
1773588614.6617851,280,0,0,0,0,9.797726001124829,0.0,0.026500001695239916,4.692573673325223,9.4,719.296875,False
1773588614.874852,281,0,0,0,0,9.546037999825785,0.0,0.023926000721985474,4.693474752524994,9.4,719.296875,False
1773588615.0879889,282,0,0,0,0,9.534871998766903,0.0,0.025073997676372528,4.693474752524994,9.4,719.296875,False
1773588615.3010108,283,0,0,0,0,9.48266799969133,0.0,0.024518998543499038,4.693474752524994,18.8,719.296875,False
1773588615.5139613,284,0,0,0,0,9.472538000409259,0.0,0.025221997930202633,4.693474752524994,9.4,719.296875,False
1773588615.726891,285,0,0,0,0,9.47813099992345,0.0,0.02518499968573451,4.693474752524994,9.4,719.296875,False
1773588615.9398952,286,0,0,0,0,9.471908000705298,0.0,0.024296001356560737,4.694644150722748,14.1,719.296875,False
1773588616.1528888,287,0,0,0,0,9.455778999836184,0.0,0.024962999304989353,4.694644150722748,9.4,719.296875,False
1773588616.3660576,288,0,0,0,0,9.516649999568472,0.0,0.024074997782008722,4.694644150722748,18.8,719.296875,False
1773588616.5791538,289,0,0,0,0,9.511222997389268,0.0,0.02375899930484593,4.694644150722748,9.4,719.296875,False
1773588616.792215,290,0,0,0,0,9.454093997192103,0.0,0.024758999643381685,4.694644150722748,9.4,719.3125,False
1773588617.0051463,291,0,0,0,0,9.466556999541353,0.0,0.02403699909336865,4.693724763545853,9.4,719.3125,False
1773588617.2180266,292,0,0,0,0,9.441760001209332,0.0,0.022758998966310173,4.693724763545853,9.4,719.328125,False
1773588617.4310777,293,0,0,0,0,9.447445001569577,0.0,0.02433299960102886,4.693724763545853,18.8,719.328125,False
1773588617.6440756,294,0,0,0,0,9.479575001023477,0.0,0.023702999897068366,4.693724763545853,9.4,719.328125,False
1773588617.8570006,295,0,0,0,0,9.508686998742633,0.0,0.024149001546902582,4.693724763545853,9.4,719.328125,False
1773588618.0698864,296,0,0,0,0,9.440612000616966,0.0,0.024111999664455652,4.695982371077532,9.4,719.328125,False
1773588618.2828727,297,0,0,0,0,9.456316001887899,0.0,0.0243520007643383,4.695982371077532,9.4,719.328125,False
1773588618.495762,298,0,0,0,0,9.419557001820067,0.0,0.02359300196985714,4.695982371077532,18.8,719.328125,False
1773588618.7089214,299,0,0,0,0,9.524037999653956,0.0,0.02375899930484593,4.695982371077532,9.4,719.328125,False
1773588618.9220836,300,0,0,0,0,9.534000997518888,0.0,0.02375899930484593,4.695982371077532,9.4,719.328125,False
1773588619.135042,301,0,0,0,0,9.431000999029493,0.0,0.025110999558819458,4.694200698460763,9.4,719.328125,False
1773588619.3480315,302,0,0,0,0,9.47750100021949,0.0,0.024833003408275545,4.694200698460763,9.4,719.328125,False
1773588619.5609431,303,0,0,0,0,9.4731299977866,0.0,0.023722001060377806,4.694200698460763,18.8,719.328125,False
1773588619.7738943,304,0,0,0,0,9.50040799943963,0.0,0.024721997760934755,4.694200698460763,9.4,719.328125,False
1773588619.9868476,305,0,0,0,0,9.437537999474443,0.0,0.024148001102730632,4.694200698460763,9.4,719.328125,False
1773588620.1998112,306,0,0,0,0,9.432278999156551,0.0,0.023888998839538544,4.695830955172955,9.4,719.328125,False
1773588620.412931,307,0,0,0,0,9.504464000201551,0.0,0.024184999347198755,4.695830955172955,9.4,719.328125,False
1773588620.6258605,308,0,0,0,0,9.480778997385642,0.0,0.024481003492837772,4.695830955172955,18.8,719.328125,False
1773588620.8388138,309,0,0,0,0,9.427279001101851,0.0,0.024796998332021758,4.695830955172955,9.4,719.328125,False
1773588621.0517569,310,0,0,0,0,9.430242000235012,0.0,0.024426000891253352,4.695830955172955,9.4,719.328125,False
1773588621.2646863,311,0,0,0,0,9.451926998735871,0.0,0.024499997380189598,4.695479791980917,9.4,719.328125,False
1773588621.4777133,312,0,0,0,0,9.47455699861166,0.0,0.02353699892410077,4.695479791980917,14.1,719.328125,False
1773588621.6906753,313,0,0,0,0,9.443723000003956,0.0,0.023592998331878334,4.695479791980917,18.8,719.328125,False
1773588621.9036043,314,0,0,0,0,9.470353001233889,0.0,0.025556000764481723,4.695479791980917,9.4,719.328125,False
1773588622.1165464,315,0,0,0,0,9.488167997915298,0.0,0.024704000679776073,4.695479791980917,9.4,719.328125,False
1773588622.329566,316,0,0,0,0,9.546483001031447,0.0,0.023128999600885436,4.695302127621465,9.4,719.328125,False
1773588622.5426457,317,0,0,0,0,9.55016800071462,0.0,0.02405600025667809,4.695302127621465,9.4,719.328125,False
1773588622.755203,318,0,0,0,0,8.960535000369418,0.0,0.023611999495187774,4.695302127621465,18.8,719.328125,False
1773588622.9682362,319,0,0,0,0,9.565280000970233,0.0,0.024925997422542423,4.695302127621465,9.4,719.34375,False
1773588623.181278,320,0,0,0,0,9.539222999592312,0.0,0.024110999220283702,4.695302127621465,9.4,719.34375,False
1773588623.3943045,321,0,0,0,0,9.557426998071605,0.0,0.02409300213912502,4.696006556466673,9.4,719.34375,False
1773588623.6072938,322,0,0,0,0,9.584372000972508,0.0,0.024721997760934755,4.696006556466673,9.4,719.34375,False
1773588623.8203535,323,0,0,0,0,9.536074998322874,0.0,0.024519002181477845,4.696006556466673,18.8,719.34375,False
1773588624.0334284,324,0,0,0,0,9.576409000146668,0.0,0.023427000996889547,4.696006556466673,9.4,719.34375,False
1773588624.2464042,325,0,0,0,0,9.5287059994007,0.0,0.023296997824218124,4.696006556466673,9.4,719.34375,False
1773588624.459352,326,0,0,0,0,9.533631000522291,0.0,0.024221997591666877,4.694616826597408,9.4,719.34375,False
1773588624.6727996,327,0,0,0,0,9.879837001790293,0.0,0.02572199809947051,4.694616826597408,9.4,719.34375,False
1773588624.8857203,328,0,0,0,0,9.520278999843867,0.0,0.02377800046815537,4.694616826597408,18.8,719.34375,False
1773588625.0987766,329,0,0,0,0,9.507243001280585,0.0,0.024223001673817635,4.694616826597408,9.4,719.34375,False
1773588625.31185,330,0,0,0,0,9.470426997722825,0.0,0.02403699909336865,4.694616826597408,9.4,719.34375,False
1773588625.5248008,331,0,0,0,0,9.489779000432463,0.0,0.02622299871291034,4.69285719240685,9.4,719.34375,False
1773588625.7377152,332,0,0,0,0,9.474020000197925,0.0,0.024241002392955124,4.69285719240685,9.4,719.34375,False
1773588625.9506607,333,0,0,0,0,9.448204000364058,0.0,0.025260000256821513,4.69285719240685,18.8,719.34375,False
1773588626.1636705,334,0,0,0,0,9.415427000931231,0.0,0.025332999939564615,4.69285719240685,9.4,719.34375,False
1773588626.3766866,335,0,0,0,0,9.4126679978217,0.0,0.024259003112092614,4.69285719240685,9.4,719.34375,False
1773588626.5895638,336,0,0,0,0,9.479779000685085,0.0,0.024463002773700282,4.695897198429709,9.4,719.34375,False
1773588626.8025758,337,0,0,0,0,9.525187000690494,0.0,0.02466700243530795,4.695897198429709,9.4,719.34375,False
1773588627.0155413,338,0,0,0,0,9.406907996890368,0.0,0.024703997041797265,4.695897198429709,18.8,719.34375,False
1773588627.2285354,339,0,0,0,0,9.492612000030931,0.0,0.024703997041797265,4.695897198429709,9.4,719.34375,False
1773588627.4414957,340,0,0,0,0,9.47285299844225,0.0,0.02522200156818144,4.695897198429709,9.4,719.34375,False
1773588627.6543949,341,0,0,0,0,9.407001001818571,0.0,0.023926000721985474,4.695572308923426,9.4,719.34375,False
1773588627.8672676,342,0,0,0,0,9.393185999215348,0.0,0.023648000933462754,4.695572308923426,9.4,719.34375,False
1773588628.0801375,343,0,0,0,0,9.418315999937477,0.0,0.025074001314351335,4.695572308923426,18.8,719.34375,False
1773588628.2931154,344,0,0,0,0,9.480205000727437,0.0,0.023982000129763037,4.695572308923426,9.4,719.34375,False
1773588628.506014,345,0,0,0,0,9.429166999325389,0.0,0.02429599771858193,4.695572308923426,14.1,719.34375,False
1773588628.7188141,346,0,0,0,0,9.408648998942226,0.0,0.025036999431904405,4.697416048453571,9.4,719.34375,False
1773588628.9311194,347,0,0,0,0,8.80240499827778,0.0,0.024184999347198755,4.697416048453571,9.4,719.34375,False
1773588629.1439369,348,0,0,0,0,9.378871000080835,0.0,0.02375999974901788,4.697416048453571,14.1,719.34375,False
1773588629.3570151,349,0,0,0,0,9.4472599994333,0.0,0.02433299960102886,4.697416048453571,9.4,719.34375,False
1773588629.5699937,350,0,0,0,0,9.368610997626092,0.0,0.023130000045057386,4.697416048453571,9.4,719.34375,False
1773588629.7828224,351,0,0,0,0,9.367370999825653,0.0,0.024166998628061265,4.699186474494252,14.1,719.34375,False
1773588629.9956372,352,0,0,0,0,9.395575001690304,0.0,0.023684999177930877,4.699186474494252,9.4,719.34375,False
1773588630.2085805,353,0,0,0,0,9.427593999134842,0.0,0.02464800127199851,4.699186474494252,14.1,719.34375,False
1773588630.421529,354,0,0,0,0,9.505538997473195,0.0,0.024184999347198755,4.699186474494252,14.1,719.34375,False
1773588630.6344976,355,0,0,0,0,9.454445000301348,0.0,0.02461199983372353,4.699186474494252,9.4,719.34375,False
1773588630.8474624,356,0,0,0,0,9.457427000597818,0.0,0.024796001525828615,4.696467177948046,9.4,719.34375,False
1773588631.0602796,357,0,0,0,0,9.402314997714711,0.0,0.024406999727943912,4.696467177948046,9.4,719.34375,False
1773588631.273068,358,0,0,0,0,9.260389000701252,0.0,0.024165998183889315,4.696467177948046,18.8,719.34375,False
1773588631.4862106,359,0,0,0,0,9.575242998835165,0.0,0.025130000722128898,4.696467177948046,9.4,719.34375,False
1773588631.6992881,360,0,0,0,0,9.500612002739217,0.0,0.025926001399056986,4.696467177948046,9.4,719.34375,False
1773588631.9122336,361,0,0,0,0,9.522519998427015,0.0,0.0256669991358649,4.695929795004045,9.4,719.34375,False
1773588632.1252685,362,0,0,0,0,9.597334999853047,0.0,0.0256669991358649,4.695929795004045,9.4,719.34375,False
1773588632.3383894,363,0,0,0,0,9.539094000501791,0.0,0.025610999728087336,4.695929795004045,18.8,719.34375,False
1773588632.5515046,364,0,0,0,0,9.611706002033316,0.0,0.026759000320453197,4.695929795004045,9.4,719.34375,False
1773588632.7645426,365,0,0,0,0,9.591186997568002,0.0,0.026685000193538144,4.695929795004045,9.4,719.34375,False
1773588632.9777024,366,0,0,0,0,9.667056998296175,0.0,0.026759000320453197,4.69278368417013,9.4,719.34375,False
1773588633.190733,367,0,0,0,0,9.573075996740954,0.0,0.02562999725341797,4.69278368417013,14.1,719.34375,False
1773588633.4038055,368,0,0,0,0,9.558408997691004,0.0,0.025834000553004444,4.69278368417013,18.8,719.34375,False
1773588633.6171265,369,0,0,0,0,9.711927999887848,0.0,0.025685003492981195,4.69278368417013,9.4,719.34375,False
1773588633.8303244,370,0,0,0,0,9.615742997993948,0.0,0.026388999685877934,4.69278368417013,9.4,719.34375,False
1773588634.0433896,371,0,0,0,0,9.57002100039972,0.0,0.02635200144140981,4.6918009952519375,9.4,719.34375,False
1773588634.2564795,372,0,0,0,0,9.574780000548344,0.0,0.026147998141823336,4.6918009952519375,9.4,719.34375,False
1773588634.468989,373,0,0,0,0,9.087110000109533,0.0,0.024130000383593142,4.6918009952519375,18.8,719.34375,False
1773588634.6820595,374,0,0,0,0,9.598964999895543,0.0,0.027574002160690725,4.6918009952519375,9.4,719.34375,False
1773588634.895152,375,0,0,0,0,9.514519999356708,0.0,0.026167002943111584,4.6918009952519375,9.4,719.359375,False
1773588635.1080565,376,0,0,0,0,9.493668003415223,0.0,0.02594399848021567,4.69629364554891,9.4,719.359375,False
1773588635.3211372,377,0,0,0,0,9.576446002029115,0.0,0.025592999008949846,4.69629364554891,9.4,719.359375,False
1773588635.5341337,378,0,0,0,0,9.582873000908876,0.0,0.025112000002991408,4.69629364554891,18.8,719.359375,False
1773588635.7471573,379,0,0,0,0,9.51276100022369,0.0,0.02631499955896288,4.69629364554891,9.4,719.359375,False
1773588635.9601684,380,0,0,0,0,9.510093997960212,0.0,0.025408000510651618,4.69629364554891,9.4,719.359375,False
1773588636.1731575,381,0,0,0,0,9.549668000545353,0.0,0.02550000135670416,4.6944434309081515,9.4,719.359375,False
1773588636.386195,382,0,0,0,0,9.52276099997107,0.0,0.02629600203363225,4.6944434309081515,9.4,719.359375,False
1773588636.5992055,383,0,0,0,0,9.501446002104785,0.0,0.026204001187579706,4.6944434309081515,18.8,719.359375,False
1773588636.8121727,384,0,0,0,0,9.543593998387223,0.0,0.027815000066766515,4.6944434309081515,9.4,719.359375,False
1773588637.025099,385,0,0,0,0,9.495872000115924,0.0,0.025574998289812356,4.6944434309081515,9.4,719.359375,False
1773588637.2380846,386,0,0,0,0,9.503372002654942,0.0,0.025796998670557514,4.6951097606652645,14.1,719.359375,False
1773588637.4511049,387,0,0,0,0,9.517187001620186,0.0,0.02544399831094779,4.6951097606652645,9.4,719.359375,False
1773588637.6641467,388,0,0,0,0,9.53585299794213,0.0,0.026500001695239916,4.6951097606652645,14.1,719.359375,False
1773588637.8771832,389,0,0,0,0,9.512483000435168,0.0,0.025407000066479668,4.6951097606652645,14.1,719.359375,False
1773588638.09022,390,0,0,0,0,9.572242001013365,0.0,0.026500001695239916,4.6951097606652645,9.4,719.375,False
1773588638.303166,391,0,0,0,0,9.453815000597388,0.0,0.026740999601315707,4.694508584149739,9.4,719.375,False
1773588638.5161061,392,0,0,0,0,9.491205000813352,0.0,0.02850100281648338,4.694508584149739,9.4,719.375,False
1773588638.7291858,393,0,0,0,0,9.527594000246609,0.0,0.025000001187436283,4.694508584149739,18.8,719.375,False
1773588638.9421992,394,0,0,0,0,9.533483000268461,0.0,0.025481996999587864,4.694508584149739,9.4,719.375,False
1773588639.1550858,395,0,0,0,0,9.472316000028513,0.0,0.02574099926277995,4.694508584149739,9.4,719.375,False
1773588639.3680117,396,0,0,0,0,9.509612998954253,0.0,0.025388999347342178,4.695529203985246,9.4,719.375,False
1773588639.5811446,397,0,0,0,0,9.555575998092536,0.0,0.024055996618699282,4.695529203985246,9.4,719.375,False
1773588639.794038,398,0,0,0,0,9.523169002932264,0.0,0.02633300027810037,4.695529203985246,18.8,719.375,False
1773588640.0071468,399,0,0,0,0,9.53320499684196,0.0,0.024944998585851863,4.695529203985246,9.4,719.375,False
1773588640.220202,400,0,0,0,0,9.481037999648834,0.0,0.02607400165288709,4.695529203985246,9.4,719.375,False
1773588640.4332068,401,0,0,0,0,9.51225999961025,0.0,0.026407997211208567,4.693935928053915,9.4,719.375,False
1773588640.6462362,402,0,0,0,0,9.551279999868711,0.0,0.02627800131449476,4.693935928053915,9.4,719.375,False
1773588640.8592248,403,0,0,0,0,9.486852999543771,0.0,0.02566599869169295,4.693935928053915,18.8,719.375,False
1773588641.072358,404,0,0,0,0,9.53366799876676,0.0,0.026148998585995287,4.693935928053915,9.4,719.375,False
1773588641.285662,405,0,0,0,0,9.559464000631124,0.0,0.026112000341527164,4.693935928053915,9.4,719.390625,False
1773588641.4985728,406,0,0,0,0,9.506426998996176,0.0,0.025852001272141933,4.693249975438872,9.4,719.390625,False
1773588641.711705,407,0,0,0,0,9.652780001488281,0.0,0.025926001399056986,4.693249975438872,9.4,719.390625,False
1773588641.924888,408,0,0,0,0,9.61709399780375,0.0,0.024982000468298793,4.693249975438872,18.8,719.390625,False
1773588642.1379097,409,0,0,0,0,9.532297997793648,0.0,0.024832999770296738,4.693249975438872,9.4,719.390625,False
1773588642.3509376,410,0,0,0,0,9.509704999800306,0.0,0.026704001356847584,4.693249975438872,14.1,719.390625,False
1773588642.5639603,411,0,0,0,0,9.531427000183612,0.0,0.026112000341527164,4.693162801335385,9.4,719.390625,False
1773588642.7770286,412,0,0,0,0,9.538075999444118,0.0,0.025555000320309773,4.693162801335385,9.4,719.390625,False
1773588642.989824,413,0,0,0,0,9.345778998977039,0.0,0.02570400101831183,4.693162801335385,18.8,719.390625,False
1773588643.2028103,414,0,0,0,0,9.503260997007601,0.0,0.02594499892438762,4.693162801335385,9.4,719.390625,False
1773588643.4158106,415,0,0,0,0,9.49529799981974,0.0,0.025313998776255175,4.693162801335385,9.4,719.390625,False
1773588643.6288106,416,0,0,0,0,9.532371997920563,0.0,0.05525899905478582,4.695487151149695,9.4,719.390625,False
1773588643.841919,417,0,0,0,0,9.583353999914834,0.0,0.026425997930346057,4.695487151149695,9.4,719.390625,False
1773588644.0549476,418,0,0,0,0,9.519612001895439,0.0,0.02633400072227232,4.695487151149695,18.8,719.390625,False
1773588644.2680836,419,0,0,0,0,9.571927999786567,0.0,0.02618599683046341,4.695487151149695,9.4,719.390625,False
1773588644.4812107,420,0,0,0,0,9.53224200202385,0.0,0.02572299854364246,4.695487151149695,9.4,719.390625,False
1773588644.694285,421,0,0,0,0,9.563409003021661,0.0,0.026981000701198354,4.69275113125817,9.4,719.390625,False
1773588644.9072013,422,0,0,0,0,9.485575999860885,0.0,0.02631499955896288,4.69275113125817,9.4,719.390625,False
1773588645.120234,423,0,0,0,0,9.482093999395147,0.0,0.02653800038387999,4.69275113125817,18.8,719.390625,False
1773588645.3333268,424,0,0,0,0,9.599483997590141,0.0,0.02546299947425723,4.69275113125817,9.4,719.390625,False
1773588645.5464253,425,0,0,0,0,9.578019999025855,0.0,0.025352001102874056,4.69275113125817,9.4,719.390625,False
1773588645.759432,426,0,0,0,0,9.489333999226801,0.0,0.02651899922057055,4.694218561031946,9.4,719.390625,False
1773588645.972411,427,0,0,0,0,9.54613100111601,0.0,0.025426001229789108,4.694218561031946,9.4,719.390625,False
1773588646.1850076,428,0,0,0,0,9.071647000382654,0.0,0.02405600025667809,4.694218561031946,18.8,719.390625,False
1773588646.398178,429,0,0,0,0,9.635909998905845,0.0,0.025056000595213845,4.694218561031946,9.4,719.390625,False
1773588646.611381,430,0,0,0,0,9.619890999601921,0.0,0.02576000042608939,4.694218561031946,9.4,719.390625,False
1773588646.824414,431,0,0,0,0,9.585538999090204,0.0,0.025852001272141933,4.694933175369349,9.4,719.390625,False
1773588647.0374897,432,0,0,0,0,9.63113200123189,0.0,0.026462999812792987,4.694933175369349,9.4,719.390625,False
1773588647.2506356,433,0,0,0,0,9.569983998517273,0.0,0.02577800114522688,4.694933175369349,18.8,719.390625,False
1773588647.4636407,434,0,0,0,0,9.521741998469224,0.0,0.026592999347485602,4.694933175369349,9.4,719.390625,False
1773588647.6766691,435,0,0,0,0,9.564427000441356,0.0,0.027018999389838427,4.694933175369349,9.4,719.390625,False
1773588647.8897736,436,0,0,0,0,9.604427999875043,0.0,0.025814999389695004,4.693402275318253,9.4,719.390625,False
1773588648.1028464,437,0,0,0,0,9.636650000174996,0.0,0.026222001906717196,4.693402275318253,9.4,719.390625,False
1773588648.3158996,438,0,0,0,0,9.53585400202428,0.0,0.026666999474400654,4.693402275318253,18.8,719.390625,False
1773588648.5292125,439,0,0,0,0,9.696705998067046,0.0,0.026130001060664654,4.693402275318253,9.4,719.390625,False
1773588648.7424266,440,0,0,0,0,9.59355799932382,0.0,0.027371002943255007,4.693402275318253,9.4,719.390625,False
1773588648.9554644,441,0,0,0,0,9.530575000098906,0.0,0.026426001568324864,4.69164670008971,9.4,719.390625,False
1773588649.1685195,442,0,0,0,0,9.543760999804363,0.0,0.026760000764625147,4.69164670008971,14.1,719.390625,False
1773588649.3815227,443,0,0,0,0,9.580095000274014,0.0,0.0260560009337496,4.69164670008971,14.1,719.390625,False
1773588649.594787,444,0,0,0,0,9.712039998703403,0.0,0.026185000024270266,4.69164670008971,9.4,719.390625,False
1773588649.807821,445,0,0,0,0,9.488946001511067,0.0,0.026167002943111584,4.69164670008971,9.4,719.390625,False
1773588650.020824,446,0,0,0,0,9.555852997436887,0.0,0.026925998099613935,4.6932478748199875,9.4,719.390625,False
1773588650.2338324,447,0,0,0,0,9.526261001155945,0.0,0.026444999093655497,4.6932478748199875,9.4,719.390625,False
1773588650.4467933,448,0,0,0,0,9.521759999188362,0.0,0.02663000122993253,4.6932478748199875,18.8,719.390625,False
1773588650.6598964,449,0,0,0,0,9.555409000313375,0.0,0.027017998945666477,4.6932478748199875,9.4,719.390625,False
1773588650.872864,450,0,0,0,0,9.454352999455296,0.0,0.025036999431904405,4.6932478748199875,9.4,719.390625,False
1773588651.0857146,451,0,0,0,0,9.422908999113133,0.0,0.025000001187436283,4.695345228390607,9.4,719.390625,False
1773588651.2986405,452,0,0,0,0,9.390907998749753,0.0,0.024204000510508195,4.695345228390607,14.1,719.390625,False
1773588651.51156,453,0,0,0,0,9.432446000573691,0.0,0.02524100273149088,4.695345228390607,14.1,719.390625,False
1773588651.7244415,454,0,0,0,0,9.461297002417268,0.0,0.02405600025667809,4.695345228390607,9.4,719.390625,False
1773588651.9373436,455,0,0,0,0,9.44644500123104,0.0,0.025148001441266388,4.695345228390607,9.4,719.390625,False
1773588652.1502738,456,0,0,0,0,9.421168000699254,0.0,0.02411100285826251,4.696763790284652,14.1,719.390625,False
1773588652.3632333,457,0,0,0,0,9.456038002099376,0.0,0.024556000425945967,4.696763790284652,9.4,719.390625,False
1773588652.5762265,458,0,0,0,0,9.490983000432607,0.0,0.02429599771858193,4.696763790284652,18.8,719.390625,False
1773588652.7892199,459,0,0,0,0,9.492409000813495,0.0,0.024834000214468688,4.696763790284652,9.4,719.390625,False
1773588653.0021904,460,0,0,0,0,9.471370998653583,0.0,0.024370998289668933,4.696763790284652,9.4,719.40625,False
1773588653.215099,461,0,0,0,0,9.411464001459535,0.0,0.02437000148347579,4.695634339369671,9.4,719.421875,False
1773588653.4279547,462,0,0,0,0,9.438908000447555,0.0,0.024814999051159248,4.695634339369671,9.4,719.421875,False
1773588653.6409621,463,0,0,0,0,9.485038001002977,0.0,0.02320400017197244,4.695634339369671,18.8,719.421875,False
1773588653.8538527,464,0,0,0,0,9.428130000742385,0.0,0.024148001102730632,4.695634339369671,9.4,719.421875,False
1773588654.0667214,465,0,0,0,0,9.422981998795876,0.0,0.026129997422685847,4.695634339369671,9.4,719.421875,False
1773588654.2795653,466,0,0,0,0,9.422538001672365,0.0,0.024333003239007667,4.697163539930836,14.1,719.421875,False
1773588654.492544,467,0,0,0,0,9.401000999787357,0.0,0.0243520007643383,4.697163539930836,9.4,719.421875,False
1773588654.7050335,468,0,0,0,0,9.084702000109246,0.0,0.02327800029888749,4.697163539930836,14.1,719.421875,False
1773588654.9180255,469,0,0,0,0,9.453074999328237,0.0,0.023741002223687246,4.697163539930836,9.4,719.421875,False
1773588655.131037,470,0,0,0,0,9.447483000258217,0.0,0.025574998289812356,4.697163539930836,9.4,719.421875,False
1773588655.3439405,471,0,0,0,0,9.437798002181808,0.0,0.025037003069883212,4.697638067956927,9.4,719.421875,False
1773588655.55693,472,0,0,0,0,9.50574200032861,0.0,0.02579600186436437,4.697638067956927,9.4,719.421875,False
1773588655.7698615,473,0,0,0,0,9.443001999898115,0.0,0.0238150023506023,4.697638067956927,18.8,719.421875,False
1773588655.9829426,474,0,0,0,0,9.483740999712609,0.0,0.02594499892438762,4.697638067956927,9.4,719.421875,False
1773588656.1960533,475,0,0,0,0,9.511019998171832,0.0,0.0248889991780743,4.697638067956927,9.4,719.421875,False
1773588656.4089768,476,0,0,0,0,9.493648998613935,0.0,0.025148001441266388,4.694659914785898,9.4,719.421875,False
1773588656.6220326,477,0,0,0,0,9.577335000358289,0.0,0.02564799797255546,4.694659914785898,14.1,719.421875,False
1773588656.83494,478,0,0,0,0,9.486260001722258,0.0,0.02596400008769706,4.694659914785898,14.1,719.421875,False
1773588657.047988,479,0,0,0,0,9.532797997962916,0.0,0.02596299964352511,4.694659914785898,9.4,719.421875,False
1773588657.261077,480,0,0,0,0,9.569834997819271,0.0,0.025296001695096493,4.694659914785898,9.4,719.421875,False
1773588657.4741175,481,0,0,0,0,9.539945996948518,0.0,0.026703997718868777,4.694226966994836,9.4,719.421875,False
1773588657.6871512,482,0,0,0,0,9.547797999402974,0.0,0.02663000122993253,4.694226966994836,9.4,719.421875,False
1773588657.9001439,483,0,0,0,0,9.505483001703396,0.0,0.025908000679919496,4.694226966994836,18.8,719.421875,False
1773588658.113201,484,0,0,0,0,9.546630997647298,0.0,0.02516699896659702,4.694226966994836,9.4,719.421875,False
1773588658.3262587,485,0,0,0,0,9.57763099722797,0.0,0.02577800114522688,4.694226966994836,9.4,719.421875,False
1773588658.5392025,486,0,0,0,0,9.526427998935105,0.0,0.024982000468298793,4.694529601710234,9.4,719.421875,False
1773588658.75228,487,0,0,0,0,9.546815999783576,0.0,0.02622299871291034,4.694529601710234,14.1,719.421875,False
1773588658.9654334,488,0,0,0,0,9.614205999241676,0.0,0.028037000447511673,4.694529601710234,18.8,719.421875,False
1773588659.1786857,489,0,0,0,0,9.658835999289295,0.0,0.025093002477660775,4.694529601710234,9.4,719.421875,False
1773588659.3917851,490,0,0,0,0,9.512927001196658,0.0,0.02577800114522688,4.694529601710234,9.4,719.421875,False
1773588659.6048622,491,0,0,0,0,9.559743000863818,0.0,0.026222001906717196,4.691908063165464,9.4,719.421875,False
1773588659.8178735,492,0,0,0,0,9.586909000063315,0.0,0.02568499985500239,4.691908063165464,9.4,719.421875,False
1773588660.0309405,493,0,0,0,0,9.556650002195965,0.0,0.027240999770583585,4.691908063165464,18.8,719.421875,False
1773588660.2439723,494,0,0,0,0,9.572668001055717,0.0,0.026760000764625147,4.691908063165464,9.4,719.421875,False
1773588660.4571145,495,0,0,0,0,9.622965000744443,0.0,0.026204001187579706,4.691908063165464,9.4,719.421875,False
1773588660.670139,496,0,0,0,0,9.536743000353454,0.0,0.024369997845496982,4.693637571803869,14.1,719.421875,False
1773588660.8832195,497,0,0,0,0,9.60150199898635,0.0,0.02651899922057055,4.693637571803869,9.4,719.421875,False
1773588661.0963156,498,0,0,0,0,9.541372000967385,0.0,0.025258999812649563,4.693637571803869,14.1,719.421875,False
1773588661.3094704,499,0,0,0,0,9.548093999910634,0.0,0.025851997634163126,4.693637571803869,14.1,719.421875,False
1773588661.5225897,500,0,0,0,0,9.507538001344074,0.0,0.02603699977044016,4.693637571803869,9.4,719.421875,False
1773588661.7355733,501,0,0,0,0,9.504445999482414,0.0,0.026703997718868777,4.69294330498452,9.4,719.421875,False
1773588661.9484646,502,0,0,0,0,9.451260000787443,0.0,0.026999998226528987,4.69294330498452,9.4,719.421875,False
1773588662.161612,503,0,0,0,0,9.549890000926098,0.0,0.026481000531930476,4.69294330498452,18.8,719.421875,False
1773588662.374597,504,0,0,0,0,9.466667001106543,0.0,0.024852000933606178,4.69294330498452,9.4,719.421875,False
1773588662.5875497,505,0,0,0,0,9.47550199998659,0.0,0.027278001653030515,4.69294330498452,4.7,719.421875,False
1773588662.8004873,506,0,0,0,0,9.440057001484092,0.0,0.0260560009337496,4.695222235605608,14.1,719.421875,False
1773588663.0135481,507,0,0,0,0,9.517186001176015,0.0,0.025851997634163126,4.695222235605608,9.4,719.421875,False
1773588663.2263787,508,0,0,0,0,9.253035997971892,0.0,0.025240999093512073,4.695222235605608,14.1,719.421875,False
1773588663.4394934,509,0,0,0,0,9.440112000447698,0.0,0.027184996724827215,4.695222235605608,14.1,719.421875,False
1773588663.6527834,510,0,0,0,0,9.544186999846715,0.0,0.027334001060808077,4.695222235605608,9.4,719.421875,False
1773588663.865786,511,0,0,0,0,9.435667998332065,0.0,0.024758999643381685,4.693529374507769,9.4,719.421875,False
1773588664.0788598,512,0,0,0,0,9.498038001765963,0.0,0.025869998353300616,4.693529374507769,9.4,719.421875,False
1773588664.2916436,513,0,0,0,0,9.324241000285838,0.0,0.02685200161067769,4.693529374507769,18.8,719.421875,False
1773588664.5047233,514,0,0,0,0,9.487334002187708,0.0,0.02664800194907002,4.693529374507769,9.4,719.421875,False
1773588664.7178247,515,0,0,0,0,9.478482999838889,0.0,0.023740001779515296,4.693529374507769,9.4,719.421875,False
1773588664.9307609,516,0,0,0,0,9.498390998487594,0.0,0.02653699993970804,4.694946839233568,9.4,719.421875,False
1773588665.1437516,517,0,0,0,0,9.47701900076936,0.0,0.026112000341527164,4.694946839233568,9.4,719.421875,False
1773588665.3566663,518,0,0,0,0,9.44570499996189,0.0,0.026741003239294514,4.694946839233568,18.8,719.421875,False
1773588665.5696979,519,0,0,0,0,9.52864899954875,0.0,0.02599999788799323,4.694946839233568,9.4,719.4375,False
1773588665.7826862,520,0,0,0,0,9.475926999584772,0.0,0.02537099862820469,4.694946839233568,14.1,719.4375,False
1773588665.9955225,521,0,0,0,0,9.41327900000033,0.0,0.02575899998191744,4.695866705269849,9.4,719.4375,False
1773588666.2085307,522,0,0,0,0,9.460315999604063,0.0,0.026408000849187374,4.695866705269849,9.4,719.4375,False
1773588666.4210777,523,0,0,0,0,9.028406002471456,0.0,0.02622199826873839,4.695866705269849,18.8,719.4375,False
1773588666.6339688,524,0,0,0,0,9.52679799956968,0.0,0.025389002985320985,4.695866705269849,9.4,719.4375,False
1773588666.8469253,525,0,0,0,0,9.54066800113651,0.0,0.026945002900902182,4.695866705269849,9.4,719.4375,False
1773588667.0599403,526,0,0,0,0,9.529186998406658,0.0,0.026592999347485602,4.697411839755725,9.4,719.4375,False
1773588667.2729864,527,0,0,0,0,9.524149998469511,0.0,0.02607400165288709,4.697411839755725,9.4,719.4375,False
1773588667.485991,528,0,0,0,0,9.498260002146708,0.0,0.026149002223974094,4.697411839755725,18.8,719.4375,False
1773588667.6989224,529,0,0,0,0,9.433555998839438,0.0,0.02657400182215497,4.697411839755725,9.4,719.4375,False
1773588667.9119232,530,0,0,0,0,9.513463999610394,0.0,0.02631499955896288,4.697411839755725,9.4,719.4375,False
1773588668.1249244,531,0,0,0,0,9.482278997893445,0.0,0.024832999770296738,4.694966809639722,9.4,719.453125,False
1773588668.3378673,532,0,0,0,0,9.523759999865433,0.0,0.02576000042608939,4.694966809639722,9.4,719.453125,False
1773588668.5509272,533,0,0,0,0,9.517038997728378,0.0,0.026500001695239916,4.694966809639722,18.8,719.453125,False
1773588668.7639008,534,0,0,0,0,9.489537998888409,0.0,0.025352001102874056,4.694966809639722,9.4,719.453125,False
1773588668.9768522,535,0,0,0,0,9.505852998699993,0.0,0.026110999897355214,4.694966809639722,9.4,719.453125,False
1773588669.189757,536,0,0,0,0,9.474149999732617,0.0,0.025148001441266388,4.69551553673107,9.4,719.453125,False
1773588669.4028392,537,0,0,0,0,9.441592999792192,0.0,0.026055997295770794,4.69551553673107,9.4,719.453125,False
1773588669.6155684,538,0,0,0,0,9.281407998059876,0.0,0.026388999685877934,4.69551553673107,18.8,719.453125,False
1773588669.8286774,539,0,0,0,0,9.524537999823224,0.0,0.026462999812792987,4.69551553673107,9.4,719.453125,False
1773588670.0417297,540,0,0,0,0,9.490168002230348,0.0,0.02574099926277995,4.69551553673107,9.4,719.453125,False
1773588670.254637,541,0,0,0,0,9.448704000533326,0.0,0.02607400165288709,4.695380971092028,9.4,719.453125,False
1773588670.4675658,542,0,0,0,0,9.457168001972605,0.0,0.025796998670557514,4.695380971092028,14.1,719.453125,False
1773588670.6805394,543,0,0,0,0,9.458335000090301,0.0,0.0262039975496009,4.695380971092028,14.1,719.453125,False
1773588670.8936412,544,0,0,0,0,9.51933499891311,0.0,0.025445002393098548,4.695380971092028,14.1,719.453125,False
1773588671.1067796,545,0,0,0,0,9.511149997706525,0.0,0.026945002900902182,4.695380971092028,9.4,719.46875,False
1773588671.3198774,546,0,0,0,0,9.505261001322651,0.0,0.026185000024270266,4.693802503493239,9.4,719.46875,False
1773588671.5329514,547,0,0,0,0,9.561853999912273,0.0,0.026148998585995287,4.693802503493239,9.4,719.46875,False
1773588671.7460175,548,0,0,0,0,9.516353002254618,0.0,0.025315002858405933,4.693802503493239,18.8,719.46875,False
1773588671.959007,549,0,0,0,0,9.482501998718362,0.0,0.026943998818751425,4.693802503493239,9.4,719.46875,False
1773588672.1719372,550,0,0,0,0,9.4480570005544,0.0,0.025371002266183496,4.693802503493239,9.4,719.46875,False
1773588672.3850236,551,0,0,0,0,9.54218600236345,0.0,0.024852000933606178,4.694172328774176,9.4,719.46875,False
1773588672.5980437,552,0,0,0,0,9.465872000873787,0.0,0.026148001779802144,4.694172328774176,9.4,719.46875,False
1773588672.8108585,553,0,0,0,0,9.309370998380473,0.0,0.023962998966453597,4.694172328774176,14.1,719.46875,False
1773588673.0237787,554,0,0,0,0,9.396520003065234,0.0,0.024278000637423247,4.694172328774176,14.1,719.46875,False
1773588673.2367373,555,0,0,0,0,9.381629999552388,0.0,0.023648000933462754,4.694172328774176,9.4,719.46875,False
1773588673.4496295,556,0,0,0,0,9.482890000072075,0.0,0.023833999875932932,4.696567096359092,9.4,719.46875,False
1773588673.6626303,557,0,0,0,0,9.458649001317099,0.0,0.02407400097581558,4.696567096359092,9.4,719.46875,False
1773588673.8756192,558,0,0,0,0,9.457113003008999,0.0,0.02375999974901788,4.696567096359092,18.8,719.46875,False
1773588674.0886743,559,0,0,0,0,9.440963996894425,0.0,0.024999997549457476,4.696567096359092,9.4,719.46875,False
1773588674.301678,560,0,0,0,0,9.436612999706995,0.0,0.024315002519870177,4.696567096359092,9.4,719.46875,False
1773588674.51464,561,0,0,0,0,9.461704998102505,0.0,0.024574001145083457,4.694820714277399,9.4,719.46875,False
1773588674.7274878,562,0,0,0,0,9.399537997524021,0.0,0.02463000055286102,4.694820714277399,9.4,719.46875,False
1773588674.940101,563,0,0,0,0,9.093036002013832,0.0,0.024092998501146212,4.694820714277399,18.8,719.46875,False
1773588675.1530383,564,0,0,0,0,9.469038002862362,0.0,0.023314998543355614,4.694820714277399,9.4,719.46875,False
1773588675.3659964,565,0,0,0,0,9.45614900047076,0.0,0.024778000806691125,4.694820714277399,9.4,719.46875,False
1773588675.5789268,566,0,0,0,0,9.431464000954293,0.0,0.02466700243530795,4.697999025969517,9.4,719.46875,False
1773588675.7918148,567,0,0,0,0,9.436779000679962,0.0,0.024241002392955124,4.697999025969517,9.4,719.46875,False
1773588676.0047636,568,0,0,0,0,9.403777999978047,0.0,0.023630000214325264,4.697999025969517,18.8,719.46875,False
1773588676.2178113,569,0,0,0,0,9.4642610019946,0.0,0.024480999854858965,4.697999025969517,9.4,719.46875,False
1773588676.430784,570,0,0,0,0,9.408426998561481,0.0,0.024222001229645684,4.697999025969517,9.4,719.46875,False
1773588676.6436486,571,0,0,0,0,9.397371999511961,0.0,0.023888998839538544,4.696074907826336,9.4,719.46875,False
1773588676.8565729,572,0,0,0,0,9.454907998588169,0.0,0.025518998882034793,4.696074907826336,9.4,719.46875,False
1773588677.0696223,573,0,0,0,0,9.439964000193868,0.0,0.025407000066479668,4.696074907826336,18.8,719.46875,False
1773588677.2825642,574,0,0,0,0,9.437092998268781,0.0,0.025611003366066143,4.696074907826336,9.4,719.46875,False
1773588677.4954667,575,0,0,0,0,9.424186002433999,0.0,0.025573997845640406,4.696074907826336,9.4,719.46875,False
1773588677.708485,576,0,0,0,0,9.550149999995483,0.0,0.025240999093512073,4.695570206225153,14.1,719.46875,False
1773588677.9214725,577,0,0,0,0,9.471389999816893,0.0,0.025649002054706216,4.695570206225153,9.4,719.46875,False
1773588678.1341805,578,0,0,0,0,9.152869999525137,0.0,0.02405600025667809,4.695570206225153,18.8,719.46875,False
1773588678.3472016,579,0,0,0,0,9.369704002892831,0.0,0.024426000891253352,4.695570206225153,9.4,719.46875,False
1773588678.5601723,580,0,0,0,0,9.372055999847362,0.0,0.02433299960102886,4.695570206225153,9.4,719.46875,False
1773588678.7731175,581,0,0,0,0,9.41213000260177,0.0,0.024480999854858965,4.696435625648876,9.4,719.46875,False
1773588678.9860122,582,0,0,0,0,9.393740998348221,0.0,0.024185999791370705,4.696435625648876,9.4,719.46875,False
1773588679.198821,583,0,0,0,0,9.375260000524577,0.0,0.02359200152568519,4.696435625648876,18.8,719.46875,False
1773588679.4116907,584,0,0,0,0,9.37318599972059,0.0,0.024258999474113807,4.696435625648876,9.4,719.46875,False
1773588679.624716,585,0,0,0,0,9.429241999896476,0.0,0.02490699989721179,4.696435625648876,9.4,719.46875,False
1773588679.8376267,586,0,0,0,0,9.471261000726372,0.0,0.02624099943204783,4.697019411819908,9.4,719.46875,False
1773588680.0506077,587,0,0,0,0,9.464242000831291,0.0,0.024165998183889315,4.697019411819908,9.4,719.46875,False
1773588680.2634325,588,0,0,0,0,9.382427000673488,0.0,0.023962998966453597,4.697019411819908,18.8,719.46875,False
1773588680.476424,589,0,0,0,0,9.476852999796392,0.0,0.024760000087553635,4.697019411819908,9.4,719.46875,False
1773588680.6894197,590,0,0,0,0,9.47642699975404,0.0,0.02373999814153649,4.697019411819908,9.4,719.46875,False
1773588680.9022415,591,0,0,0,0,9.36770400221576,0.0,0.02405600025667809,4.696525024930985,9.4,719.46875,False
1773588681.1151679,592,0,0,0,0,9.394778000569204,0.0,0.02374099858570844,4.696525024930985,9.4,719.46875,False
1773588681.3280654,593,0,0,0,0,9.379518996865954,0.0,0.02353699892410077,4.696525024930985,18.8,719.46875,False
1773588681.5409858,594,0,0,0,0,9.494019999692682,0.0,0.023925997084006667,4.696525024930985,9.4,719.46875,False
1773588681.7538426,595,0,0,0,0,9.40826000078232,0.0,0.024500001018168405,4.696525024930985,9.4,719.46875,False
1773588681.9667768,596,0,0,0,0,9.434241997951176,0.0,0.02348099951632321,4.696883708034023,9.4,719.46875,False
1773588682.1797779,597,0,0,0,0,9.469889999309089,0.0,0.02401899837423116,4.696883708034023,9.4,719.46875,False
1773588682.3927,598,0,0,0,0,9.39566799934255,0.0,0.02433400004520081,4.696883708034023,23.5,719.46875,False
1773588682.605662,599,0,0,0,0,9.453852999286028,0.0,0.02581500302767381,4.696883708034023,9.4,719.46875,False
1773588682.8185623,600,0,0,0,0,9.385166998981731,0.0,0.023759002942824736,4.696883708034023,9.4,719.46875,False
1773588683.0315106,601,0,0,0,0,9.44242699915776,0.0,0.024647997634019703,4.696067546815079,9.4,719.46875,False
1773588683.2444215,602,0,0,0,0,9.45287099966663,0.0,0.025833996915025637,4.696067546815079,9.4,719.484375,False
1773588683.4571776,603,0,0,0,0,9.197592000418808,0.0,0.02581500302767381,4.696067546815079,18.8,719.484375,False
1773588683.6702635,604,0,0,0,0,9.571223999955691,0.0,0.024260003556264564,4.696067546815079,9.4,719.484375,False
1773588683.883161,605,0,0,0,0,9.450315999856684,0.0,0.02625900015118532,4.696067546815079,9.4,719.484375,False
1773588684.0960815,606,0,0,0,0,9.489389998634579,0.0,0.02657400182215497,4.696758530874414,9.4,719.484375,False
1773588684.3092,607,0,0,0,0,9.50933499916573,0.0,0.026167002943111584,4.696758530874414,9.4,719.484375,False
1773588684.522152,608,0,0,0,0,9.518798000499373,0.0,0.02598200080683455,4.696758530874414,18.8,719.484375,False
1773588684.7352266,609,0,0,0,0,9.468964002735447,0.0,0.025296998501289636,4.696758530874414,9.4,719.484375,False
1773588684.948267,610,0,0,0,0,9.457166997890454,0.0,0.025481996999587864,4.696758530874414,9.4,719.484375,False
1773588685.1612298,611,0,0,0,0,9.473019999859389,0.0,0.025056000595213845,4.694138705885961,9.4,719.484375,False
1773588685.3741968,612,0,0,0,0,9.509168998192763,0.0,0.026500001695239916,4.694138705885961,9.4,719.484375,False
1773588685.5872152,613,0,0,0,0,9.498037998127984,0.0,0.02550000135670416,4.694138705885961,18.8,719.484375,False
1773588685.8003364,614,0,0,0,0,9.493945999565767,0.0,0.025852001272141933,4.694138705885961,9.4,719.484375,False
1773588686.0134864,615,0,0,0,0,9.511316999123665,0.0,0.026351997803431004,4.694138705885961,9.4,719.484375,False
1773588686.2263649,616,0,0,0,0,9.451945003092987,0.0,0.025888999516610056,4.69426164190998,9.4,719.484375,False
1773588686.4393315,617,0,0,0,0,9.448315999179613,0.0,0.027019003027817234,4.69426164190998,9.4,719.484375,False
1773588686.6533802,618,0,0,0,0,10.463802998856409,0.0,0.02464800127199851,4.69426164190998,18.7,719.484375,False
1773588686.8664231,619,0,0,0,0,9.525353998469654,0.0,0.02564799797255546,4.69426164190998,9.4,719.484375,False
1773588687.0793648,620,0,0,0,0,9.444963998248568,0.0,0.025610999728087336,4.69426164190998,14.1,719.484375,False
1773588687.2923326,621,0,0,0,0,9.457981999730691,0.0,0.026851997972698882,4.690637209423001,9.4,719.484375,False
1773588687.5054955,622,0,0,0,0,9.612649999326095,0.0,0.026074998459080234,4.690637209423001,9.4,719.484375,False
1773588687.7184942,623,0,0,0,0,9.51509399965289,0.0,0.025630000891396776,4.690637209423001,18.8,719.484375,False
1773588687.9314804,624,0,0,0,0,9.462186000746442,0.0,0.025148001441266388,4.690637209423001,9.4,719.484375,False
1773588688.1445847,625,0,0,0,0,9.577149998222012,0.0,0.027500002033775672,4.690637209423001,9.4,719.484375,False
1773588688.3575408,626,0,0,0,0,9.52433499696781,0.0,0.026685996999731287,4.693894954350312,9.4,719.484375,False
1773588688.5705864,627,0,0,0,0,9.518650000245543,0.0,0.025944002118194476,4.693894954350312,9.4,719.484375,False
1773588688.7836058,628,0,0,0,0,9.482760000537382,0.0,0.025852001272141933,4.693894954350312,18.8,719.484375,False
1773588688.9966762,629,0,0,0,0,9.463129998039221,0.0,0.02598200080683455,4.693894954350312,9.4,719.484375,False
1773588689.209741,630,0,0,0,0,9.473779002291849,0.0,0.025093002477660775,4.693894954350312,9.4,719.5,False
1773588689.4226825,631,0,0,0,0,9.456889998546103,0.0,0.02635200144140981,4.694213307320427,9.4,719.515625,False
1773588689.635671,632,0,0,0,0,9.547261000989238,0.0,0.025593002646928653,4.694213307320427,9.4,719.515625,False
1773588689.8487391,633,0,0,0,0,9.528186998068122,0.0,0.026185000024270266,4.694213307320427,18.8,719.515625,False
1773588690.0617237,634,0,0,0,0,9.511297997960355,0.0,0.02633300027810037,4.694213307320427,14.1,719.515625,False
1773588690.2747355,635,0,0,0,0,9.506390000751708,0.0,0.026185000024270266,4.694213307320427,9.4,719.515625,False
1773588690.4876995,636,0,0,0,0,9.438409000722459,0.0,0.025851997634163126,4.694783929108304,9.4,719.515625,False
1773588690.7007306,637,0,0,0,0,9.539687001961283,0.0,0.026778001483762637,4.694783929108304,4.7,719.515625,False
1773588690.9137914,638,0,0,0,0,9.514852998108836,0.0,0.026185000024270266,4.694783929108304,18.8,719.515625,False
1773588691.126839,639,0,0,0,0,9.462648999033263,0.0,0.026740999601315707,4.694783929108304,9.4,719.515625,False
1773588691.3398771,640,0,0,0,0,9.449722998397192,0.0,0.026166999305132776,4.694783929108304,9.4,719.515625,False
1773588691.5527866,641,0,0,0,0,9.419834001164418,0.0,0.02576000042608939,4.694444481752537,14.1,719.515625,False
1773588691.7657168,642,0,0,0,0,9.487205003097188,0.0,0.02518499968573451,4.694444481752537,9.4,719.515625,False
1773588691.9786043,643,0,0,0,0,9.293797000282211,0.0,0.024834000214468688,4.694444481752537,18.8,719.515625,False
1773588692.191586,644,0,0,0,0,9.460964000027161,0.0,0.02661100006662309,4.694444481752537,4.7,719.515625,False
1773588692.4044762,645,0,0,0,0,9.441927002626471,0.0,0.026555997465038672,4.694444481752537,14.1,719.515625,False
1773588692.617475,646,0,0,0,0,9.50496400037082,0.0,0.027000001864507794,4.696227391106702,9.4,719.515625,False
1773588692.830389,647,0,0,0,0,9.409723003045656,0.0,0.026186000468442217,4.696227391106702,9.4,719.515625,False
1773588693.0433178,648,0,0,0,0,9.421648999705212,0.0,0.025630000891396776,4.696227391106702,18.8,719.515625,False
1773588693.2563925,649,0,0,0,0,9.457815998757724,0.0,0.027425998268881813,4.696227391106702,9.4,719.515625,False
1773588693.4694946,650,0,0,0,0,9.48268700085464,0.0,0.02603699977044016,4.696227391106702,9.4,719.515625,False
1773588693.6824975,651,0,0,0,0,9.446834999835119,0.0,0.026147998141823336,4.694730328893848,9.4,719.515625,False
1773588693.8954961,652,0,0,0,0,9.488871997746173,0.0,0.025703000574139878,4.694730328893848,9.4,719.515625,False
1773588694.1083753,653,0,0,0,0,9.426557000551838,0.0,0.0259810003626626,4.694730328893848,18.8,719.515625,False
1773588694.3214097,654,0,0,0,0,9.509613002592232,0.0,0.026666999474400654,4.694730328893848,9.4,719.515625,False
1773588694.5344331,655,0,0,0,0,9.402445000887383,0.0,0.02601899905130267,4.694730328893848,9.4,719.515625,False
1773588694.7472334,656,0,0,0,0,9.350833999633323,0.0,0.02663000122993253,4.696040206118159,9.4,719.515625,False
1773588694.9602122,657,0,0,0,0,9.458463999180822,0.0,0.02581500302767381,4.696040206118159,9.4,719.515625,False
1773588695.1732488,658,0,0,0,0,9.550816997943912,0.0,0.02568499985500239,4.696040206118159,18.8,719.515625,False
1773588695.3863854,659,0,0,0,0,9.621723998861853,0.0,0.026612000510795042,4.696040206118159,9.4,719.515625,False
1773588695.5993378,660,0,0,0,0,9.433019000425702,0.0,0.02599999788799323,4.696040206118159,9.4,719.515625,False
1773588695.812197,661,0,0,0,0,9.393853000801755,0.0,0.027295998734189197,4.695006750961713,9.4,719.515625,False
1773588696.0252006,662,0,0,0,0,9.428463999938685,0.0,0.026481000531930476,4.695006750961713,9.4,719.515625,False
1773588696.2381883,663,0,0,0,0,9.469723001529928,0.0,0.027075002435594797,4.695006750961713,18.8,719.515625,False
1773588696.4510381,664,0,0,0,0,9.415093001734931,0.0,0.026666999474400654,4.695006750961713,9.4,719.515625,False
1773588696.6639767,665,0,0,0,0,9.471557001234032,0.0,0.02592599776107818,4.695006750961713,14.1,719.515625,False
1773588696.8771079,666,0,0,0,0,9.556335000524996,0.0,0.026369998522568494,4.69520751895186,9.4,719.515625,False
1773588697.0901396,667,0,0,0,0,9.52822399995057,0.0,0.026462999812792987,4.69520751895186,9.4,719.515625,False
1773588697.3030903,668,0,0,0,0,9.430612000869587,0.0,0.025630000891396776,4.69520751895186,18.8,719.515625,False
1773588697.5160844,669,0,0,0,0,9.468592998018721,0.0,0.025870998797472566,4.69520751895186,9.4,719.515625,False
1773588697.7291424,670,0,0,0,0,9.460001001571072,0.0,0.02459299867041409,4.69520751895186,9.4,719.515625,False
1773588697.942153,671,0,0,0,0,9.499149997282075,0.0,0.025332999939564615,4.694636794196175,9.4,719.515625,False
1773588698.1550586,672,0,0,0,0,9.433408002223587,0.0,0.025926001399056986,4.694636794196175,9.4,719.515625,False
1773588698.3680263,673,0,0,0,0,9.432056001969613,0.0,0.02544499875511974,4.694636794196175,18.8,719.53125,False
1773588698.5810945,674,0,0,0,0,9.546039000269957,0.0,0.025148001441266388,4.694636794196175,9.4,719.53125,False
1773588698.7939935,675,0,0,0,0,9.461853001994314,0.0,0.025555000320309773,4.694636794196175,9.4,719.53125,False
1773588699.0069306,676,0,0,0,0,9.418834000825882,0.0,0.025592999008949846,4.695860396389667,9.4,719.53125,False
1773588699.219916,677,0,0,0,0,9.397816000273451,0.0,0.02627800131449476,4.695860396389667,9.4,719.53125,False
1773588699.4328532,678,0,0,0,0,9.469797998463036,0.0,0.02598200080683455,4.695860396389667,18.8,719.53125,False
1773588699.6459355,679,0,0,0,0,9.496075999777531,0.0,0.02685200161067769,4.695860396389667,9.4,719.53125,False
1773588699.8589473,680,0,0,0,0,9.426815999177052,0.0,0.027278001653030515,4.695860396389667,9.4,719.53125,False
1773588700.071801,681,0,0,0,0,9.379019000334665,0.0,0.026592999347485602,4.69542827844536,9.4,719.53125,False
1773588700.2847164,682,0,0,0,0,9.376889000122901,0.0,0.027889000193681568,4.69542827844536,14.1,719.53125,False
1773588700.4973824,683,0,0,0,0,9.152795002592029,0.0,0.026908001018455252,4.69542827844536,18.8,719.53125,False
1773588700.7105458,684,0,0,0,0,9.545113000058336,0.0,0.025370001822011545,4.69542827844536,9.4,719.53125,False
1773588700.9235742,685,0,0,0,0,9.395722998306155,0.0,0.02664800194907002,4.69542827844536,9.4,719.53125,False
1773588701.1364245,686,0,0,0,0,9.417797999049071,0.0,0.026832996809389442,4.696487161290134,9.4,719.53125,False
1773588701.349618,687,0,0,0,0,9.479056996497093,0.0,0.025777997507248074,4.696487161290134,9.4,719.53125,False
1773588701.562702,688,0,0,0,0,9.565428001224063,0.0,0.02603699977044016,4.696487161290134,18.8,719.53125,False
1773588701.7757037,689,0,0,0,0,9.45866799884243,0.0,0.027129997761221603,4.696487161290134,9.4,719.53125,False
1773588701.9887216,690,0,0,0,0,9.474204998696223,0.0,0.026722998882178217,4.696487161290134,9.4,719.53125,False
1773588702.2016544,691,0,0,0,0,9.440944999369094,0.0,0.025610999728087336,4.693818261904581,9.4,719.53125,False
1773588702.4146943,692,0,0,0,0,9.49200100149028,0.0,0.02564899841672741,4.693818261904581,9.4,719.53125,False
1773588702.6276798,693,0,0,0,0,9.483816000283696,0.0,0.026426001568324864,4.693818261904581,18.8,719.53125,False
1773588702.8413618,694,0,0,0,0,10.174709001148585,0.0,0.024703997041797265,4.693818261904581,9.4,719.53125,False
1773588703.054423,695,0,0,0,0,9.520167997834506,0.0,0.02594499892438762,4.693818261904581,9.4,719.53125,False
1773588703.267522,696,0,0,0,0,9.448556000279495,0.0,0.028851998649770394,4.691064248606148,9.4,719.53125,False
1773588703.4807558,697,0,0,0,0,9.623521000321489,0.0,0.025112000002991408,4.691064248606148,9.4,719.53125,False
1773588703.6932995,698,0,0,0,0,9.085535999474814,0.0,0.02520400084904395,4.691064248606148,18.8,719.53125,False
1773588703.9064133,699,0,0,0,0,9.549168000376085,0.0,0.02548200063756667,4.691064248606148,9.4,719.53125,False
1773588704.1195028,700,0,0,0,0,9.491741999227088,0.0,0.027017998945666477,4.691064248606148,9.4,719.53125,False
1773588704.3325152,701,0,0,0,0,9.452630998566747,0.0,0.026425997930346057,4.694988882391553,9.4,719.53125,False
1773588704.545469,702,0,0,0,0,9.50215000193566,0.0,0.02546299947425723,4.694988882391553,9.4,719.53125,False
1773588704.7585373,703,0,0,0,0,9.506649999821093,0.0,0.025871002435451373,4.694988882391553,18.8,719.53125,False
1773588704.971473,704,0,0,0,0,9.453335002035601,0.0,0.026443998649483547,4.694988882391553,9.4,719.53125,False
1773588705.1844516,705,0,0,0,0,9.444538001844194,0.0,0.026703997718868777,4.694988882391553,9.4,719.53125,False
1773588705.397439,706,0,0,0,0,9.534020002320176,0.0,0.025926001399056986,4.6950162108480376,9.4,719.53125,False
1773588705.610532,707,0,0,0,0,9.479927000938915,0.0,0.0271480021183379,4.6950162108480376,9.4,719.53125,False
1773588705.8234136,708,0,0,0,0,9.419870999408886,0.0,0.026110999897355214,4.6950162108480376,18.8,719.53125,False
1773588706.0364227,709,0,0,0,0,9.49746400146978,0.0,0.02738900002441369,4.6950162108480376,9.4,719.53125,False
1773588706.24954,710,0,0,0,0,9.526408997771796,0.0,0.02649999805726111,4.6950162108480376,9.4,719.53125,False
1773588706.4624414,711,0,0,0,0,9.43837099839584,0.0,0.02605500048957765,4.6948522448811465,9.4,719.53125,False
1773588706.6754024,712,0,0,0,0,9.491944998444524,0.0,0.026426001568324864,4.6948522448811465,14.1,719.53125,False
1773588706.88849,713,0,0,0,0,9.473575002630241,0.0,0.0263700021605473,4.6948522448811465,18.8,719.53125,False
1773588707.1014972,714,0,0,0,0,9.47764900047332,0.0,0.024722001398913562,4.6948522448811465,9.4,719.53125,False
1773588707.314401,715,0,0,0,0,9.474612998019438,0.0,0.0260560009337496,4.6948522448811465,9.4,719.546875,False
1773588707.527435,716,0,0,0,0,9.55283499934012,0.0,0.02605500048957765,4.694874316555766,9.4,719.546875,False
1773588707.7404678,717,0,0,0,0,9.496038001088891,0.0,0.02599999788799323,4.694874316555766,9.4,719.546875,False
1773588707.9535553,718,0,0,0,0,9.609390999685274,0.0,0.027592999686021358,4.694874316555766,18.8,719.546875,False
1773588708.1665363,719,0,0,0,0,9.488668001722544,0.0,0.02572199809947051,4.694874316555766,9.4,719.546875,False
1773588708.379449,720,0,0,0,0,9.459037999477005,0.0,0.02603699977044016,4.694874316555766,9.4,719.546875,False
1773588708.5924683,721,0,0,0,0,9.44711199917947,0.0,0.026926001737592742,4.6947250740367386,9.4,719.546875,False
1773588708.805626,722,0,0,0,0,9.58433499909006,0.0,0.025258999812649563,4.6947250740367386,9.4,719.546875,False
1773588709.018013,723,0,0,0,0,8.964349999587284,0.0,0.02572199809947051,4.6947250740367386,18.8,719.546875,False
1773588709.2311358,724,0,0,0,0,9.550890998070827,0.0,0.026112000341527164,4.6947250740367386,9.4,719.546875,False
1773588709.4441965,725,0,0,0,0,9.407631001522532,0.0,0.0259810003626626,4.6947250740367386,9.4,719.546875,False
1773588709.6571524,726,0,0,0,0,9.48268700085464,0.0,0.026443998649483547,4.696190583891017,9.4,719.546875,False
1773588709.870049,727,0,0,0,0,9.36177800031146,0.0,0.02546299947425723,4.696190583891017,9.4,719.546875,False
1773588710.0829692,728,0,0,0,0,9.252888998162234,0.0,0.025630000891396776,4.696190583891017,18.8,719.546875,False
1773588710.2959993,729,0,0,0,0,9.45335299911676,0.0,0.024500001018168405,4.696190583891017,9.4,719.546875,False
1773588710.5091586,730,0,0,0,0,9.490205000474816,0.0,0.02518499968573451,4.696190583891017,9.4,719.546875,False
1773588710.7221212,731,0,0,0,0,9.514317000139272,0.0,0.025908000679919496,4.694997291113509,9.4,719.546875,False
1773588710.9350436,732,0,0,0,0,9.449297998799011,0.0,0.02649999805726111,4.694997291113509,9.4,719.546875,False
1773588711.1481109,733,0,0,0,0,9.45148299797438,0.0,0.026666999474400654,4.694997291113509,18.8,719.546875,False
1773588711.361088,734,0,0,0,0,9.519223996903747,0.0,0.026666999474400654,4.694997291113509,9.4,719.546875,False
1773588711.57406,735,0,0,0,0,9.550169001158793,0.0,0.02544399831094779,4.694997291113509,9.4,719.546875,False
1773588711.7871122,736,0,0,0,0,9.468741998716723,0.0,0.026129000616492704,4.694876418630838,14.1,719.546875,False
1773588712.0001738,737,0,0,0,0,9.512335000181338,0.0,0.025888999516610056,4.694876418630838,9.4,719.546875,False
1773588712.2127843,738,0,0,0,0,9.052498997334624,0.0,0.05663000047206879,4.694876418630838,14.1,719.546875,False
1773588712.4257288,739,0,0,0,0,9.523020002234261,0.0,0.026482000976102427,4.694876418630838,9.4,719.546875,False
1773588712.6387732,740,0,0,0,0,9.509130999504123,0.0,0.02566599869169295,4.694876418630838,14.1,719.546875,False
1773588712.8517606,741,0,0,0,0,9.48674199753441,0.0,0.025536999601172283,4.696407228942104,9.4,719.546875,False
1773588713.064785,742,0,0,0,0,9.554279000440147,0.0,0.025314999220427126,4.696407228942104,9.4,719.546875,False
1773588713.277759,743,0,0,0,0,9.5073170014075,0.0,0.027296002372168005,4.696407228942104,18.8,719.546875,False
1773588713.4908109,744,0,0,0,0,9.461631001613569,0.0,0.026369998522568494,4.696407228942104,9.4,719.5625,False
1773588713.7038033,745,0,0,0,0,9.44164899919997,0.0,0.02651899922057055,4.696407228942104,9.4,719.578125,False
1773588713.9168067,746,0,0,0,0,9.456982999836328,0.0,0.056056000175885856,4.694616826597408,9.4,719.578125,False
1773588714.129848,747,0,0,0,0,9.53242800096632,0.0,0.025295998057117686,4.694616826597408,9.4,719.578125,False
1773588714.3428063,748,0,0,0,0,9.42479700097465,0.0,0.02685200161067769,4.694616826597408,18.8,719.578125,False
1773588714.5558352,749,0,0,0,0,9.43789000302786,0.0,0.027037000108975917,4.694616826597408,9.4,719.578125,False
1773588714.7688065,750,0,0,0,0,9.426333999726921,0.0,0.05672200131812133,4.694616826597408,9.4,719.578125,False
1773588714.9817998,751,0,0,0,0,9.460778997890884,0.0,0.025591998564777896,4.694886929034439,9.4,719.578125,False
1773588715.194759,752,0,0,0,0,9.46270499844104,0.0,0.02553700323915109,4.694886929034439,9.4,719.578125,False
1773588715.4076948,753,0,0,0,0,9.37907399929827,0.0,0.025908000679919496,4.694886929034439,18.8,719.578125,False
1773588715.620678,754,0,0,0,0,9.459537999646273,0.0,0.027038000553147867,4.694886929034439,9.4,719.578125,False
1773588715.83369,755,0,0,0,0,9.50792699950398,0.0,0.025314999220427126,4.694886929034439,9.4,719.578125,False
1773588716.0465872,756,0,0,0,0,9.454315997572849,0.0,0.02598200080683455,4.695764713785112,9.4,719.578125,False
1773588716.2595627,757,0,0,0,0,9.4598709983984,0.0,0.026425997930346057,4.695764713785112,9.4,719.578125,False
1773588716.4726434,758,0,0,0,0,9.469315999012906,0.0,0.02661100006662309,4.695764713785112,23.5,719.578125,False
1773588716.685709,759,0,0,0,0,9.486834998824634,0.0,0.02664800194907002,4.695764713785112,9.4,719.578125,False
1773588716.8986516,760,0,0,0,0,9.486000999459065,0.0,0.027777998184319586,4.695764713785112,9.4,719.578125,False
1773588717.1116588,761,0,0,0,0,9.391372001118725,0.0,0.025149001885438338,4.6945768919094375,9.4,719.578125,False
1773588717.3246343,762,0,0,0,0,9.461223999096546,0.0,0.026573998184176162,4.6945768919094375,9.4,719.578125,False
1773588717.5377178,763,0,0,0,0,9.54037200062885,0.0,0.02605500048957765,4.6945768919094375,18.8,719.578125,False
1773588717.7507017,764,0,0,0,0,9.417018998647109,0.0,0.027776997740147635,4.6945768919094375,9.4,719.578125,False
1773588717.963681,765,0,0,0,0,9.419001002243022,0.0,0.027055000828113407,4.6945768919094375,9.4,719.578125,False
1773588718.1767783,766,0,0,0,0,9.454019000258995,0.0,0.02709299951675348,4.694426617461956,9.4,719.578125,False
1773588718.3901293,767,0,0,0,0,9.812003001570702,0.0,0.024740998924244195,4.694426617461956,9.4,719.578125,False
1773588718.6030746,768,0,0,0,0,9.472519999690121,0.0,0.026073998014908284,4.694426617461956,18.8,719.578125,False
1773588718.8160026,769,0,0,0,0,9.388278998812893,0.0,0.02492600106052123,4.694426617461956,9.4,719.578125,False
1773588719.0290735,770,0,0,0,0,9.42605700038257,0.0,0.024814999051159248,4.694426617461956,9.4,719.578125,False
1773588719.242041,771,0,0,0,0,9.385279001435265,0.0,0.024426000891253352,4.693674339010918,9.4,719.578125,False
1773588719.4549768,772,0,0,0,0,9.483982998062856,0.0,0.02596299964352511,4.693674339010918,9.4,719.578125,False
1773588719.6679697,773,0,0,0,0,9.46783399922424,0.0,0.024166998628061265,4.693674339010918,18.8,719.578125,False
1773588719.8810432,774,0,0,0,0,9.45129699903191,0.0,0.0243520007643383,4.693674339010918,9.4,719.578125,False
1773588720.0940123,775,0,0,0,0,9.431296999537153,0.0,0.024834000214468688,4.693674339010918,9.4,719.578125,False
1773588720.306987,776,0,0,0,0,9.372778000397375,0.0,0.02433400004520081,4.695086635644476,9.4,719.578125,False
1773588720.5199018,777,0,0,0,0,9.397223002451938,0.0,0.02492600106052123,4.695086635644476,9.4,719.578125,False
1773588720.7325084,778,0,0,0,0,8.958350001194049,0.0,0.02388900247751735,4.695086635644476,18.8,719.578125,False
1773588720.9449353,779,0,0,0,0,8.94788699952187,0.0,0.02405499981250614,4.695086635644476,9.4,719.578125,False
1773588721.1577888,780,0,0,0,0,9.406111999851419,0.0,0.025278000975959003,4.695086635644476,9.4,719.578125,False
1773588721.370834,781,0,0,0,0,9.36959300088347,0.0,0.024666998797329143,4.699938414426981,9.4,719.578125,False
1773588721.5838597,782,0,0,0,0,9.368351999000879,0.0,0.025574001483619213,4.699938414426981,14.1,719.578125,False
1773588721.7967637,783,0,0,0,0,9.296315001847688,0.0,0.024278000637423247,4.699938414426981,18.8,719.578125,False
1773588722.0096946,784,0,0,0,0,9.341408000182128,0.0,0.02462900010868907,4.699938414426981,9.4,719.578125,False
1773588722.2226415,785,0,0,0,0,9.368870996695478,0.0,0.024240998754976317,4.699938414426981,9.4,719.578125,False
1773588722.4356732,786,0,0,0,0,9.381852996739326,0.0,0.02399999721092172,4.695543922655645,9.4,719.578125,False
1773588722.6487892,787,0,0,0,0,9.609724998881575,0.0,0.04151900066062808,4.695543922655645,9.4,719.578125,False
1773588722.8617918,788,0,0,0,0,9.424519001186127,0.0,0.023702999897068366,4.695543922655645,18.8,719.578125,False
1773588723.0747862,789,0,0,0,0,9.43196400112356,0.0,0.025073997676372528,4.695543922655645,9.4,719.578125,False
1773588723.2877502,790,0,0,0,0,9.417279001354473,0.0,0.02574099926277995,4.695543922655645,9.4,719.578125,False
1773588723.500765,791,0,0,0,0,9.465982002438977,0.0,0.0235740008065477,4.694565331994983,9.4,719.578125,False
1773588723.713744,792,0,0,0,0,9.423556002730038,0.0,0.02431499888189137,4.694565331994983,14.1,719.578125,False
1773588723.9262269,793,0,0,0,0,8.896239000023343,0.0,0.02325899913557805,4.694565331994983,14.1,719.578125,False
1773588724.1391642,794,0,0,0,0,9.399279002536787,0.0,0.02466700243530795,4.694565331994983,9.4,719.578125,False
1773588724.3520794,795,0,0,0,0,9.40390799951274,0.0,0.023982000129763037,4.694565331994983,14.1,719.578125,False
1773588724.5651038,796,0,0,0,0,9.442741000384558,0.0,0.023333999706665054,4.697601238625326,9.4,719.578125,False
1773588724.778111,797,0,0,0,0,9.407909001311054,0.0,0.024982000468298793,4.697601238625326,9.4,719.578125,False
1773588724.991035,798,0,0,0,0,9.41183400209411,0.0,0.024593002308392897,4.697601238625326,18.8,719.578125,False
1773588725.2040737,799,0,0,0,0,9.494465000898344,0.0,0.024758999643381685,4.697601238625326,9.4,719.578125,False
1773588725.4170294,800,0,0,0,0,9.434649000468198,0.0,0.024500001018168405,4.697601238625326,9.4,719.59375,False
1773588725.6298954,801,0,0,0,0,9.416944998520194,0.0,0.024278000637423247,4.695804668684276,9.4,719.59375,False
1773588725.8429701,802,0,0,0,0,9.450149002077524,0.0,0.0240379995375406,4.695804668684276,9.4,719.59375,False
1773588726.0558562,803,0,0,0,0,9.425537999049993,0.0,0.02433400004520081,4.695804668684276,18.8,719.59375,False
1773588726.2688932,804,0,0,0,0,9.415149001142709,0.0,0.023611999495187774,4.695804668684276,9.4,719.59375,False
1773588726.4819486,805,0,0,0,0,9.455556999455439,0.0,0.026482000976102427,4.695804668684276,9.4,719.59375,False
1773588726.6949074,806,0,0,0,0,9.450964000279782,0.0,0.02494400177965872,4.694766062234161,9.4,719.59375,False
1773588726.9078856,807,0,0,0,0,9.4585199985886,0.0,0.024500001018168405,4.694766062234161,9.4,719.59375,False
1773588727.120898,808,0,0,0,0,9.438463999686064,0.0,0.023352000425802544,4.694766062234161,18.8,719.59375,False
1773588727.3338535,809,0,0,0,0,9.448408000025665,0.0,0.023426000552717596,4.694766062234161,9.4,719.59375,False
1773588727.5468352,810,0,0,0,0,9.479296997596975,0.0,0.02401799793005921,4.694766062234161,9.4,719.59375,False
1773588727.7598128,811,0,0,0,0,9.396315999765648,0.0,0.023926000721985474,4.695268488546569,9.4,719.59375,False
1773588727.9727333,812,0,0,0,0,9.424945998034673,0.0,0.02418500298517756,4.695268488546569,9.4,719.59375,False
1773588728.185711,813,0,0,0,0,9.430093999981182,0.0,0.024388999008806422,4.695268488546569,18.8,719.59375,False
1773588728.3986685,814,0,0,0,0,9.415687000000617,0.0,0.023926000721985474,4.695268488546569,9.4,719.59375,False
1773588728.611507,815,0,0,0,0,9.384037999552675,0.0,0.024388999008806422,4.695268488546569,9.4,719.609375,False
1773588728.824396,816,0,0,0,0,9.381705000123475,0.0,0.02431499888189137,4.696673330069565,9.4,719.609375,False
1773588729.0373406,817,0,0,0,0,9.437074997549644,0.0,0.023684999177930877,4.696673330069565,9.4,719.609375,False
1773588729.2503347,818,0,0,0,0,9.421372000360861,0.0,0.024519002181477845,4.696673330069565,18.8,719.609375,False
1773588729.4632807,819,0,0,0,0,9.47718599854852,0.0,0.024165998183889315,4.696673330069565,9.4,719.609375,False
1773588729.6761491,820,0,0,0,0,9.428797002328793,0.0,0.024258999474113807,4.696673330069565,9.4,719.609375,False
1773588729.889143,821,0,0,0,0,9.402686002431437,0.0,0.024482000299030915,4.695961340506863,9.4,719.609375,False
1773588730.1020713,822,0,0,0,0,9.380130999488756,0.0,0.023388998670270666,4.695961340506863,9.4,719.609375,False
1773588730.3149455,823,0,0,0,0,9.374242003104882,0.0,0.025000001187436283,4.695961340506863,18.8,719.609375,False
1773588730.5278237,824,0,0,0,0,9.408148998772958,0.0,0.024943998141679913,4.695961340506863,9.4,719.609375,False
1773588730.7407959,825,0,0,0,0,9.400722999998834,0.0,0.023093001800589263,4.695961340506863,9.4,719.609375,False
1773588730.9536183,826,0,0,0,0,9.41887099907035,0.0,0.024944998585851863,4.697156175506364,9.4,719.609375,False
1773588731.166531,827,0,0,0,0,9.376185997098219,0.0,0.025221997930202633,4.697156175506364,14.1,719.609375,False
1773588731.3797028,828,0,0,0,0,9.360166997794295,0.0,0.024148001102730632,4.697156175506364,18.8,719.609375,False
1773588731.5927224,829,0,0,0,0,9.483779002039228,0.0,0.024703997041797265,4.697156175506364,9.4,719.609375,False
1773588731.8057253,830,0,0,0,0,9.406241999386111,0.0,0.024499997380189598,4.697156175506364,9.4,719.609375,False
1773588732.0185916,831,0,0,0,0,9.420130998478271,0.0,0.024369997845496982,4.6949594521019,9.4,719.609375,False
1773588732.231498,832,0,0,0,0,9.369020001031458,0.0,0.02492600106052123,4.6949594521019,9.4,719.609375,False
1773588732.4440775,833,0,0,0,0,9.064758000022266,0.0,0.02350000067963265,4.6949594521019,18.8,719.609375,False
1773588732.6571333,834,0,0,0,0,9.449057000892935,0.0,0.025092998839681968,4.6949594521019,9.4,719.609375,False
1773588732.870018,835,0,0,0,0,9.42776000010781,0.0,0.02350000067963265,4.6949594521019,9.4,719.609375,False
1773588733.0829146,836,0,0,0,0,9.38735200179508,0.0,0.02463000055286102,4.697844322886297,9.4,719.609375,False
1773588733.2958357,837,0,0,0,0,9.417037999810418,0.0,0.02375999974901788,4.697844322886297,9.4,719.609375,False
1773588733.5088289,838,0,0,0,0,9.442483002203517,0.0,0.022536998585565016,4.697844322886297,18.8,719.609375,False
1773588733.7218103,839,0,0,0,0,9.430964000785025,0.0,0.026055997295770794,4.697844322886297,9.4,719.609375,False
1773588733.9348025,840,0,0,0,0,9.446390002267435,0.0,0.024296001356560737,4.697844322886297,9.4,719.609375,False
1773588734.14775,841,0,0,0,0,9.351075001177378,0.0,0.023036998754832894,4.695555487389978,9.4,719.609375,False
1773588734.3606527,842,0,0,0,0,9.376926998811541,0.0,0.024462999135721475,4.695555487389978,14.1,719.609375,False
1773588734.573538,843,0,0,0,0,9.423946001334116,0.0,0.024684999516466632,4.695555487389978,18.8,719.609375,False
1773588734.7864912,844,0,0,0,0,9.398037000210024,0.0,0.023723001504549757,4.695555487389978,9.4,719.609375,False
1773588734.9994156,845,0,0,0,0,9.379019000334665,0.0,0.024519002181477845,4.695555487389978,9.4,719.609375,False
1773588735.2123506,846,0,0,0,0,9.469723001529928,0.0,0.024647997634019703,4.696613375800601,9.4,719.609375,False
1773588735.4252317,847,0,0,0,0,9.419074998731958,0.0,0.024722998205106705,4.696613375800601,9.4,719.609375,False
1773588735.6382177,848,0,0,0,0,9.448611999687273,0.0,0.024426000891253352,4.696613375800601,18.8,719.609375,False
1773588735.8511028,849,0,0,0,0,9.378111997648375,0.0,0.024518998543499038,4.696613375800601,9.4,719.609375,False
1773588736.0639672,850,0,0,0,0,9.380425999552244,0.0,0.025278000975959003,4.696613375800601,9.4,719.609375,False
1773588736.2769547,851,0,0,0,0,9.356777998618782,0.0,0.025129000277956948,4.696567096359092,9.4,719.609375,False
1773588736.4898493,852,0,0,0,0,9.387760001118295,0.0,0.024222001229645684,4.696567096359092,14.1,719.609375,False
1773588736.70263,853,0,0,0,0,9.340778000478167,0.0,0.02464800127199851,4.696567096359092,14.1,719.609375,False
1773588736.9155116,854,0,0,0,0,9.429723999346606,0.0,0.024148997908923775,4.696567096359092,9.4,719.609375,False
1773588737.1283233,855,0,0,0,0,9.368741000798764,0.0,0.023574997612740844,4.696567096359092,9.4,719.609375,False
1773588737.3412876,856,0,0,0,0,9.37398199675954,0.0,0.02377800046815537,4.697802228572619,14.1,719.609375,False
1773588737.5543013,857,0,0,0,0,9.425389998796163,0.0,0.02305500311194919,4.697802228572619,9.4,719.609375,False
1773588737.767164,858,0,0,0,0,9.386390000145184,0.0,0.025091998395510018,4.697802228572619,18.8,719.625,False
1773588737.9800894,859,0,0,0,0,9.35448199743405,0.0,0.024369997845496982,4.697802228572619,9.4,719.625,False
1773588738.1929307,860,0,0,0,0,9.384315002535004,0.0,0.023036998754832894,4.697802228572619,9.4,719.625,False
1773588738.4058769,861,0,0,0,0,9.351630000310251,0.0,0.024981996830319986,4.696651241476599,9.4,719.625,False
1773588738.6188061,862,0,0,0,0,9.412000999873271,0.0,0.023702999897068366,4.696651241476599,9.4,719.625,False
1773588738.831762,863,0,0,0,0,9.35959300113609,0.0,0.0235740008065477,4.696651241476599,18.8,719.625,False
1773588739.0445647,864,0,0,0,0,9.351852000690997,0.0,0.02461099938955158,4.696651241476599,9.4,719.625,False
1773588739.257452,865,0,0,0,0,9.38379699800862,0.0,0.02455599678796716,4.696651241476599,9.4,719.625,False
1773588739.470357,866,0,0,0,0,9.38690800103359,0.0,0.023406999389408156,4.6971361864706305,9.4,719.625,False
1773588739.6831644,867,0,0,0,0,9.322408001025906,0.0,0.024240998754976317,4.6971361864706305,9.4,719.625,False
1773588739.8961945,868,0,0,0,0,9.384926997881848,0.0,0.022814998374087736,4.6971361864706305,18.8,719.625,False
1773588740.1090276,869,0,0,0,0,9.393075000843965,0.0,0.025074001314351335,4.6971361864706305,9.4,719.625,False
1773588740.3219984,870,0,0,0,0,9.344982001493918,0.0,0.025130000722128898,4.6971361864706305,9.4,719.625,False
1773588740.5349038,871,0,0,0,0,9.387592999701155,0.0,0.02301800122950226,4.696860565535381,9.4,719.625,False
1773588740.7478464,872,0,0,0,0,9.38487099847407,0.0,0.023686003260081634,4.696860565535381,9.4,719.625,False
1773588740.9604158,873,0,0,0,0,9.01325799713959,0.0,0.02388900247751735,4.696860565535381,18.8,719.625,False
1773588741.1734366,874,0,0,0,0,9.415297001396539,0.0,0.023944998247316107,4.696860565535381,9.4,719.625,False
1773588741.3863719,875,0,0,0,0,9.362592998513719,0.0,0.022518997866427526,4.696860565535381,9.4,719.625,False
1773588741.5992808,876,0,0,0,0,9.394573997269617,0.0,0.02433400004520081,4.697587559306385,9.4,719.625,False
1773588741.81215,877,0,0,0,0,9.355945003335364,0.0,0.023036998754832894,4.697587559306385,9.4,719.625,False
1773588742.0251079,878,0,0,0,0,9.402278999914415,0.0,0.024499997380189598,4.697587559306385,18.8,719.625,False
1773588742.238116,879,0,0,0,0,9.380260002217256,0.0,0.02324100205441937,4.697587559306385,9.4,719.625,False
1773588742.4510088,880,0,0,0,0,9.375000998261385,0.0,0.024389999452978373,4.697587559306385,9.4,719.625,False
1773588742.663984,881,0,0,0,0,9.419148998858873,0.0,0.02348199996049516,4.6961369515524565,9.4,719.625,False
1773588742.87697,882,0,0,0,0,9.384334000060335,0.0,0.025148001441266388,4.6961369515524565,9.4,719.625,False
1773588743.0898068,883,0,0,0,0,9.368926999741234,0.0,0.023704000341240317,4.6961369515524565,18.8,719.625,False
1773588743.3027978,884,0,0,0,0,9.382927000842756,0.0,0.024184999347198755,4.6961369515524565,9.4,719.625,False
1773588743.5156236,885,0,0,0,0,9.37911199798691,0.0,0.025667002773843706,4.6961369515524565,9.4,719.640625,False
1773588743.7286782,886,0,0,0,0,9.390482999151573,0.0,0.024222001229645684,4.696286283851903,9.4,719.65625,False
1773588743.941627,887,0,0,0,0,9.444130999327172,0.0,0.024703997041797265,4.696286283851903,9.4,719.65625,False
1773588744.1545765,888,0,0,0,0,9.350907999760238,0.0,0.02359300196985714,4.696286283851903,18.8,719.65625,False
1773588744.367521,889,0,0,0,0,9.432685998035595,0.0,0.02348199996049516,4.696286283851903,9.4,719.65625,False
1773588744.5805247,890,0,0,0,0,9.385444998770254,0.0,0.025445002393098548,4.696286283851903,9.4,719.65625,False
1773588744.7935033,891,0,0,0,0,9.371536998514785,0.0,0.025221997930202633,4.69551553673107,9.4,719.65625,False
1773588745.0063179,892,0,0,0,0,9.351890003017616,0.0,0.02383299943176098,4.69551553673107,9.4,719.65625,False
1773588745.2193525,893,0,0,0,0,9.369944997160928,0.0,0.02409300213912502,4.69551553673107,18.8,719.65625,False
1773588745.4323118,894,0,0,0,0,9.439853001822485,0.0,0.024778000806691125,4.69551553673107,9.4,719.65625,False
1773588745.645504,895,0,0,0,0,9.53553900035331,0.0,0.028315000236034393,4.69551553673107,9.4,719.65625,False
1773588745.8585684,896,0,0,0,0,9.449853001569863,0.0,0.026388999685877934,4.694630488620319,9.4,719.65625,False
1773588746.0716093,897,0,0,0,0,9.472926998569164,0.0,0.02603699977044016,4.694630488620319,9.4,719.65625,False
1773588746.2845602,898,0,0,0,0,9.29053800064139,0.0,0.027221998607274145,4.694630488620319,18.8,719.65625,False
1773588746.4975872,899,0,0,0,0,9.484204998443602,0.0,0.02603699977044016,4.694630488620319,9.4,719.65625,False
1773588746.7103925,900,0,0,0,0,9.305185998528032,0.0,0.02324099841644056,4.694630488620319,9.4,719.65625,False
1773588746.9232807,901,0,0,0,0,9.305055998993339,0.0,0.024167002266040072,4.696084372017576,14.1,719.65625,False
1773588747.1362033,902,0,0,0,0,9.277814999222755,0.0,0.025278000975959003,4.696084372017576,9.4,719.65625,False
1773588747.3489442,903,0,0,0,0,9.171091998723568,0.0,0.024351997126359493,4.696084372017576,18.8,719.65625,False
1773588747.561946,904,0,0,0,0,9.393649001140147,0.0,0.024685999960638583,4.696084372017576,9.4,719.65625,False
1773588747.7742507,905,0,0,0,0,8.785386002273299,0.0,0.024519002181477845,4.696084372017576,9.4,719.65625,False
1773588747.9870205,906,0,0,0,0,9.218092000082834,0.0,0.024462999135721475,4.700400861117368,9.4,719.65625,False
1773588748.199853,907,0,0,0,0,9.335260001535062,0.0,0.02546299947425723,4.700400861117368,14.1,719.65625,False
1773588748.4128122,908,0,0,0,0,9.243833002983592,0.0,0.024982000468298793,4.700400861117368,14.1,719.65625,False
1773588748.625726,909,0,0,0,0,9.353388999443268,0.0,0.024388999008806422,4.700400861117368,9.4,719.65625,False
1773588748.838726,910,0,0,0,0,9.352408000268042,0.0,0.02681499972823076,4.700400861117368,14.1,719.65625,False
1773588749.0516348,911,0,0,0,0,9.385112000018125,0.0,0.02577800114522688,4.696581821537004,9.4,719.65625,False
1773588749.2644773,912,0,0,0,0,9.250166000128957,0.0,0.025834000553004444,4.696581821537004,4.7,719.65625,False
1773588749.4774725,913,0,0,0,0,9.34839000183274,0.0,0.025926001399056986,4.696581821537004,18.8,719.65625,False
1773588749.6905637,914,0,0,0,0,9.468057000049157,0.0,0.025332999939564615,4.696581821537004,9.4,719.65625,False
1773588749.9033718,915,0,0,0,0,9.3270190009207,0.0,0.026703997718868777,4.696581821537004,9.4,719.65625,False
1773588750.1163335,916,0,0,0,0,9.359075000247685,0.0,0.025610999728087336,4.696161138533879,14.1,719.65625,False
1773588750.3293529,917,0,0,0,0,9.456353000132367,0.0,0.02681499972823076,4.696161138533879,9.4,719.65625,False
1773588750.5423744,918,0,0,0,0,9.437631000764668,0.0,0.025536999601172283,4.696161138533879,14.1,719.65625,False
1773588750.7554154,919,0,0,0,0,9.428574998310069,0.0,0.0260560009337496,4.696161138533879,9.4,719.65625,False
1773588750.9683363,920,0,0,0,0,9.381740997923771,0.0,0.02679599856492132,4.696161138533879,9.4,719.65625,False
1773588751.1813638,921,0,0,0,0,9.398852998856455,0.0,0.026073998014908284,4.69469564705432,9.4,719.65625,False
1773588751.394281,922,0,0,0,0,9.383649001392769,0.0,0.026888999855145812,4.69469564705432,14.1,719.65625,False
1773588751.6071978,923,0,0,0,0,9.459333999984665,0.0,0.026222001906717196,4.69469564705432,14.1,719.65625,False
1773588751.8202324,924,0,0,0,0,9.478020001552068,0.0,0.02522200156818144,4.69469564705432,14.1,719.65625,False
1773588752.0332358,925,0,0,0,0,9.474816000874853,0.0,0.02596299964352511,4.69469564705432,9.4,719.65625,False
1773588752.2463317,926,0,0,0,0,9.497428000031505,0.0,0.025907000235747546,4.694961554253211,9.4,719.65625,False
1773588752.459224,927,0,0,0,0,9.360001000459306,0.0,0.026962999982060865,4.694961554253211,9.4,719.65625,False
1773588752.6722612,928,0,0,0,0,9.430575999431312,0.0,0.025888999516610056,4.694961554253211,18.8,719.65625,False
1773588752.8853447,929,0,0,0,0,9.50078000096255,0.0,0.026204001187579706,4.694961554253211,9.4,719.65625,False
1773588753.0982344,930,0,0,0,0,9.337277999293292,0.0,0.025036999431904405,4.694961554253211,9.4,719.65625,False
1773588753.3111627,931,0,0,0,0,9.246814999642083,0.0,0.025870001991279423,4.695634339369671,9.4,719.65625,False
1773588753.5241818,932,0,0,0,0,9.44944499860867,0.0,0.02522200156818144,4.695634339369671,9.4,719.65625,False
1773588753.7372754,933,0,0,0,0,9.395908000442432,0.0,0.025334000383736566,4.695634339369671,18.8,719.65625,False
1773588753.9501672,934,0,0,0,0,9.406001001480035,0.0,0.02468500315444544,4.695634339369671,9.4,719.65625,False
1773588754.163094,935,0,0,0,0,9.362204000353813,0.0,0.02579700230853632,4.695634339369671,9.4,719.65625,False
1773588754.376031,936,0,0,0,0,9.301815000071656,0.0,0.026907000574283302,4.695459817210512,9.4,719.65625,False
1773588754.589134,937,0,0,0,0,9.47113100119168,0.0,0.02677799784578383,4.695459817210512,9.4,719.65625,False
1773588754.8021457,938,0,0,0,0,9.450890000152867,0.0,0.025426001229789108,4.695459817210512,18.8,719.65625,False
1773588755.0152345,939,0,0,0,0,9.486408001976088,0.0,0.02524100273149088,4.695459817210512,9.4,719.65625,False
1773588755.2281806,940,0,0,0,0,9.48918600261095,0.0,0.025852001272141933,4.695459817210512,9.4,719.65625,False
1773588755.441156,941,0,0,0,0,9.404224001627881,0.0,0.02574099926277995,4.6942143580617905,14.1,719.65625,False
1773588755.6541781,942,0,0,0,0,9.416871002031257,0.0,0.026723002520157024,4.6942143580617905,9.4,719.65625,False
1773588755.8670278,943,0,0,0,0,9.320537003077334,0.0,0.02685200161067769,4.6942143580617905,18.8,719.65625,False
1773588756.0800686,944,0,0,0,0,9.423037998203654,0.0,0.026185000024270266,4.6942143580617905,9.4,719.65625,False
1773588756.2930853,945,0,0,0,0,9.430019999854267,0.0,0.02629599839565344,4.6942143580617905,9.4,719.65625,False
1773588756.5060778,946,0,0,0,0,9.481131000939058,0.0,0.026130001060664654,4.695199109476853,9.4,719.65625,False
1773588756.7190626,947,0,0,0,0,9.409371999936411,0.0,0.027277998015051708,4.695199109476853,9.4,719.65625,False
1773588756.9320688,948,0,0,0,0,9.47066799926688,0.0,0.025314999220427126,4.695199109476853,18.8,719.65625,False
1773588757.1450694,949,0,0,0,0,9.465315997658763,0.0,0.024722001398913562,4.695199109476853,9.4,719.65625,False
1773588757.3580472,950,0,0,0,0,9.454982999159256,0.0,0.02490800034138374,4.695199109476853,9.4,719.65625,False
1773588757.5711033,951,0,0,0,0,9.440019999601645,0.0,0.026147998141823336,4.69475134843992,9.4,719.65625,False
1773588757.783984,952,0,0,0,0,9.333908001281088,0.0,0.025833000108832493,4.69475134843992,9.4,719.65625,False
1773588757.9967813,953,0,0,0,0,9.210850999807008,0.0,0.026444002287462354,4.69475134843992,18.8,719.65625,False
1773588758.2098303,954,0,0,0,0,9.445427000173368,0.0,0.025388999347342178,4.69475134843992,9.4,719.65625,False
1773588758.4226267,955,0,0,0,0,9.352185999887297,0.0,0.026723002520157024,4.69475134843992,9.4,719.65625,False
1773588758.6355803,956,0,0,0,0,9.314074002759298,0.0,0.025517998437862843,4.697153019331516,9.4,719.65625,False
1773588758.8484533,957,0,0,0,0,9.368612001708243,0.0,0.02600000152597204,4.697153019331516,9.4,719.65625,False
1773588759.0615144,958,0,0,0,0,9.42962999761221,0.0,0.025427001673961058,4.697153019331516,18.8,719.65625,False
1773588759.2744718,959,0,0,0,0,9.439835001103347,0.0,0.026444999093655497,4.697153019331516,14.1,719.65625,False
1773588759.487371,960,0,0,0,0,9.385723002196755,0.0,0.025445002393098548,4.697153019331516,9.4,719.65625,False
1773588759.7004046,961,0,0,0,0,9.444723000342492,0.0,0.02637100260471925,4.69562592836566,9.4,719.65625,False
1773588759.9133997,962,0,0,0,0,9.443576000194298,0.0,0.025221997930202633,4.69562592836566,9.4,719.65625,False
1773588760.1263576,963,0,0,0,0,9.48281599994516,0.0,0.02574099926277995,4.69562592836566,18.8,719.65625,False
1773588760.339356,964,0,0,0,0,9.455871000682237,0.0,0.026222001906717196,4.69562592836566,9.4,719.65625,False
1773588760.5523849,965,0,0,0,0,9.507187001872808,0.0,0.02707399835344404,4.69562592836566,14.1,719.65625,False
1773588760.7653577,966,0,0,0,0,9.469333999732044,0.0,0.02663000122993253,4.695024619667884,9.4,719.65625,False
1773588760.9783943,967,0,0,0,0,9.491205000813352,0.0,0.025667002773843706,4.695024619667884,9.4,719.65625,False
1773588761.1909323,968,0,0,0,0,8.953756998380413,0.0,0.025258999812649563,4.695024619667884,18.8,719.65625,False
1773588761.404136,969,0,0,0,0,9.528113001579186,0.0,0.025370001822011545,4.695024619667884,9.4,719.671875,False
1773588761.6170654,970,0,0,0,0,9.44744599837577,0.0,0.025630000891396776,4.695024619667884,9.4,719.671875,False
1773588761.8300922,971,0,0,0,0,9.498761002760148,0.0,0.0254259975918103,4.69600340183657,9.4,719.6875,False
1773588762.0431192,972,0,0,0,0,9.429241999896476,0.0,0.0259810003626626,4.69600340183657,9.4,719.6875,False
1773588762.2562163,973,0,0,0,0,9.59294700078317,0.0,0.02518499968573451,4.69600340183657,18.8,719.6875,False
1773588762.4691796,974,0,0,0,0,9.467686002608389,0.0,0.02533399674575776,4.69600340183657,9.4,719.6875,False
1773588762.6821237,975,0,0,0,0,9.43929699860746,0.0,0.026185000024270266,4.69600340183657,9.4,719.6875,False
1773588762.8950322,976,0,0,0,0,9.41014899945003,0.0,0.02592599776107818,4.6951318347612485,9.4,719.6875,False
1773588763.1079438,977,0,0,0,0,9.418796998943435,0.0,0.025499997718725353,4.6951318347612485,9.4,719.6875,False
1773588763.3210702,978,0,0,0,0,9.55565000185743,0.0,0.0254259975918103,4.6951318347612485,18.8,719.6875,False
1773588763.5341105,979,0,0,0,0,9.527964000881184,0.0,0.025314999220427126,4.6951318347612485,9.4,719.6875,False
1773588763.747099,980,0,0,0,0,9.46833499983768,0.0,0.025814999389695004,4.6951318347612485,9.4,719.6875,False
1773588763.9600077,981,0,0,0,0,9.456316001887899,0.0,0.025796998670557514,4.694955247804926,14.1,719.6875,False
1773588764.1730187,982,0,0,0,0,9.473722999246093,0.0,0.02544399831094779,4.694955247804926,9.4,719.6875,False
1773588764.3859205,983,0,0,0,0,9.384185999806505,0.0,0.024943998141679913,4.694955247804926,18.8,719.6875,False
1773588764.5988765,984,0,0,0,0,9.435816002223874,0.0,0.02505599695723504,4.694955247804926,9.4,719.6875,False
1773588764.8117187,985,0,0,0,0,9.390093000547495,0.0,0.02625900015118532,4.694955247804926,9.4,719.6875,False
1773588765.024642,986,0,0,0,0,9.436131000256864,0.0,0.02661100006662309,4.696601805854717,4.7,719.6875,False
1773588765.2375438,987,0,0,0,0,9.447057000215864,0.0,0.025258999812649563,4.696601805854717,9.4,719.6875,False
1773588765.4504428,988,0,0,0,0,9.4235939977807,0.0,0.025408000510651618,4.696601805854717,18.8,719.6875,False
1773588765.6633832,989,0,0,0,0,9.402907999174204,0.0,0.02544399831094779,4.696601805854717,9.4,719.6875,False
1773588765.876328,990,0,0,0,0,9.42448300338583,0.0,0.02649999805726111,4.696601805854717,9.4,719.6875,False
1773588766.089411,991,0,0,0,0,9.44555699970806,0.0,0.025889003154588863,4.695697422860231,14.1,719.6875,False
1773588766.3022916,992,0,0,0,0,9.360796997498255,0.0,0.024444001610390842,4.695697422860231,9.4,719.6875,False
1773588766.5151186,993,0,0,0,0,9.419963000254938,0.0,0.024778000806691125,4.695697422860231,14.1,719.6875,False
1773588766.7280517,994,0,0,0,0,9.407908000866883,0.0,0.024111999664455652,4.695697422860231,9.4,719.6875,False
1773588766.9410424,995,0,0,0,0,9.44520399934845,0.0,0.025221997930202633,4.695697422860231,14.1,719.6875,False
1773588767.1539962,996,0,0,0,0,9.445816001971252,0.0,0.025648001610534266,4.696672278227093,9.4,719.6875,False
1773588767.3670046,997,0,0,0,0,9.475797000050079,0.0,0.025536999601172283,4.696672278227093,9.4,719.6875,False
1773588767.5799406,998,0,0,0,0,9.439796998776728,0.0,0.02522200156818144,4.696672278227093,18.8,719.6875,False
1773588767.7929397,999,0,0,0,0,9.432167000340996,0.0,0.02520400084904395,4.696672278227093,9.4,719.6875,False
1773588768.005879,1000,0,0,0,0,9.45333399795345,0.0,0.024537999706808478,4.696672278227093,9.4,719.6875,False
1773588768.218776,1001,0,0,0,0,9.420890000910731,0.0,0.02537099862820469,4.695846727207425,9.4,719.6875,False
1773588768.4318209,1002,0,0,0,0,9.405074997630436,0.0,0.025388999347342178,4.695846727207425,9.4,719.6875,False
1773588768.6448786,1003,0,0,0,0,9.426537999388529,0.0,0.02601899905130267,4.695846727207425,18.8,719.6875,False
1773588768.857874,1004,0,0,0,0,9.488649000559235,0.0,0.024500001018168405,4.695846727207425,9.4,719.6875,False
1773588769.0707614,1005,0,0,0,0,9.385741999722086,0.0,0.024944998585851863,4.695846727207425,9.4,719.6875,False
1773588769.2836807,1006,0,0,0,0,9.45394500013208,0.0,0.025777997507248074,4.69526533490801,9.4,719.6875,False
1773588769.496829,1007,0,0,0,0,9.538760998111684,0.0,0.026204001187579706,4.69526533490801,9.4,719.6875,False
1773588769.7095704,1008,0,0,0,0,9.171555000648368,0.0,0.026388999685877934,4.69526533490801,18.8,719.6875,False
1773588769.9224577,1009,0,0,0,0,9.440871999686351,0.0,0.025000001187436283,4.69526533490801,9.4,719.6875,False
1773588770.1353178,1010,0,0,0,0,9.404889999132138,0.0,0.025334000383736566,4.69526533490801,14.1,719.6875,False
1773588770.3482296,1011,0,0,0,0,9.427519999007927,0.0,0.025536999601172283,4.6968269041262785,9.4,719.6875,False
1773588770.5612712,1012,0,0,0,0,9.477611998590874,0.0,0.025741002900758758,4.6968269041262785,9.4,719.6875,False
1773588770.7742243,1013,0,0,0,0,9.418352998181945,0.0,0.02605500048957765,4.6968269041262785,18.8,719.6875,False
1773588770.9872239,1014,0,0,0,0,9.37101899762638,0.0,0.02570400101831183,4.6968269041262785,9.4,719.6875,False
1773588771.2001557,1015,0,0,0,0,9.411648999957833,0.0,0.025777997507248074,4.6968269041262785,9.4,719.6875,False
1773588771.4131348,1016,0,0,0,0,9.439982997719198,0.0,0.024758999643381685,4.695234849953678,9.4,719.6875,False
1773588771.6260502,1017,0,0,0,0,9.463594000408193,0.0,0.025926001399056986,4.695234849953678,9.4,719.6875,False
1773588771.839006,1018,0,0,0,0,9.407907997228904,0.0,0.025037999876076356,4.695234849953678,18.8,719.6875,False
1773588772.051995,1019,0,0,0,0,9.456724001211114,0.0,0.024982000468298793,4.695234849953678,9.4,719.6875,False
1773588772.2650523,1020,0,0,0,0,9.443926999665564,0.0,0.024777997168712318,4.695234849953678,9.4,719.6875,False
1773588772.4781022,1021,0,0,0,0,9.489631000178633,0.0,0.025426001229789108,4.695004648769928,9.4,719.6875,False
1773588772.691015,1022,0,0,0,0,9.405945998878451,0.0,0.026482000976102427,4.695004648769928,9.4,719.6875,False
1773588772.9040086,1023,0,0,0,0,9.42276000205311,0.0,0.025813998945523053,4.695004648769928,18.8,719.6875,False
1773588773.11695,1024,0,0,0,0,9.454964001633925,0.0,0.024982000468298793,4.695004648769928,9.4,719.6875,False
1773588773.3299305,1025,0,0,0,0,9.466445997531991,0.0,0.025888999516610056,4.695004648769928,9.4,719.6875,False
1773588773.5429156,1026,0,0,0,0,9.373020002385601,0.0,0.025612000172259286,4.695687960228592,9.4,719.6875,False
1773588773.7558763,1027,0,0,0,0,9.40250100029516,0.0,0.026147998141823336,4.695687960228592,14.1,719.6875,False
1773588773.9688928,1028,0,0,0,0,9.469723998336121,0.0,0.02659300298546441,4.695687960228592,14.1,719.703125,False
1773588774.181834,1029,0,0,0,0,9.43322300008731,0.0,0.02494500222383067,4.695687960228592,9.4,719.703125,False
1773588774.3948169,1030,0,0,0,0,9.412372000952018,0.0,0.026351997803431004,4.695687960228592,9.4,719.703125,False
1773588774.607762,1031,0,0,0,0,9.455315997911384,0.0,0.02629600203363225,4.695506074832479,14.1,719.703125,False
1773588774.8207269,1032,0,0,0,0,9.452222999243531,0.0,0.026833997253561392,4.695506074832479,4.7,719.703125,False
1773588775.0337794,1033,0,0,0,0,9.485130998655222,0.0,0.026555997465038672,4.695506074832479,18.8,719.703125,False
1773588775.2468169,1034,0,0,0,0,9.435872001631651,0.0,0.026629997591953725,4.695506074832479,9.4,719.703125,False
1773588775.4596913,1035,0,0,0,0,9.404334999999264,0.0,0.026870999136008322,4.695506074832479,9.4,719.703125,False
1773588775.6727772,1036,0,0,0,0,9.458779000851791,0.0,0.02544499875511974,4.694910052088009,9.4,719.703125,False
1773588775.8857918,1037,0,0,0,0,9.464038997975877,0.0,0.026666999474400654,4.694910052088009,14.1,719.703125,False
1773588776.0988526,1038,0,0,0,0,9.451778998482041,0.0,0.025926001399056986,4.694910052088009,14.1,719.703125,False
1773588776.311758,1039,0,0,0,0,9.41622299797018,0.0,0.02537099862820469,4.694910052088009,9.4,719.703125,False
1773588776.5248406,1040,0,0,0,0,9.48533499831683,0.0,0.026777001039590687,4.694910052088009,14.1,719.703125,False
1773588776.7377253,1041,0,0,0,0,9.437204000278143,0.0,0.025612000172259286,4.695066664218931,9.4,719.703125,False
1773588776.9506342,1042,0,0,0,0,9.435927000595257,0.0,0.026055997295770794,4.695066664218931,9.4,719.703125,False
1773588777.1635282,1043,0,0,0,0,9.405482000147458,0.0,0.02596400008769706,4.695066664218931,18.8,719.703125,False
1773588777.3764563,1044,0,0,0,0,9.406520002812613,0.0,0.026739999157143757,4.695066664218931,9.4,719.703125,False
1773588777.5895567,1045,0,0,0,0,9.513111999694956,0.0,0.025851997634163126,4.695066664218931,9.4,719.703125,False
1773588777.8025036,1046,0,0,0,0,9.421187001862563,0.0,0.026481000531930476,4.695822543464558,9.4,719.703125,False
1773588778.0153403,1047,0,0,0,0,9.380390001751948,0.0,0.0260560009337496,4.695822543464558,9.4,719.703125,False
1773588778.2283454,1048,0,0,0,0,9.353352998004993,0.0,0.026110999897355214,4.695822543464558,18.8,719.703125,False
1773588778.4414604,1049,0,0,0,0,9.456428000703454,0.0,0.026073998014908284,4.695822543464558,9.4,719.703125,False
1773588778.6544409,1050,0,0,0,0,9.442094000405632,0.0,0.026426001568324864,4.695822543464558,9.4,719.703125,False
1773588778.8674653,1051,0,0,0,0,9.467575000599027,0.0,0.026426001568324864,4.695025670772483,9.4,719.703125,False
1773588779.0804214,1052,0,0,0,0,9.427205000974936,0.0,0.026203000743407756,4.695025670772483,14.1,719.703125,False
1773588779.293448,1053,0,0,0,0,9.458129999984521,0.0,0.02570400101831183,4.695025670772483,14.1,719.703125,False
1773588779.5064394,1054,0,0,0,0,9.424167998076882,0.0,0.025445002393098548,4.695025670772483,14.1,719.703125,False
1773588779.7195766,1055,0,0,0,0,9.54113099942333,0.0,0.027815000066766515,4.695025670772483,4.7,719.71875,False
1773588779.9324718,1056,0,0,0,0,9.416779001185205,0.0,0.0256669991358649,4.694835428506443,9.4,719.71875,False
1773588780.145477,1057,0,0,0,0,9.454852999624563,0.0,0.02633400072227232,4.694835428506443,14.1,719.71875,False
1773588780.358481,1058,0,0,0,0,9.426111999346176,0.0,0.02618599683046341,4.694835428506443,14.1,719.71875,False
1773588780.571418,1059,0,0,0,0,9.423909003089648,0.0,0.026037996576633304,4.694835428506443,9.4,719.71875,False
1773588780.7842777,1060,0,0,0,0,9.447612002986716,0.0,0.025297002139268443,4.694835428506443,4.7,719.71875,False
