timestamp,frame_index,motion_regions,yolo_detections,confirmed_tracks,new_confirmations,time_mog2_ms,time_yolo_ms,time_tracker_ms,fps,cpu_percent,ram_mb,yolo_ran
1773598724.35659,0,0,0,0,0,7.656197998585412,0.0,0.02694400245673023,0.0,0.0,426.8125,False
1773598724.5671914,1,0,0,0,0,7.139047000237042,0.0,0.02624099943204783,0.0,9.5,431.71875,False
1773598724.777497,2,0,0,0,0,7.136546999390703,0.0,0.021796000510221347,0.0,9.5,434.34375,False
1773598724.987748,3,0,0,0,0,7.117656998161692,0.0,0.02187100108130835,0.0,9.5,437.328125,False
1773598725.1980903,4,0,0,0,0,7.242528998176567,0.0,0.021906998881604522,4.754604683388271,9.5,439.96875,False
1773598725.4082706,5,0,0,0,0,7.1014349996403325,0.0,0.02125899845850654,4.754604683388271,9.5,442.59375,False
1773598725.6184978,6,0,0,0,0,7.165232000261312,0.0,0.021500000002561137,4.754604683388271,9.5,445.21875,False
1773598725.8287218,7,0,0,0,0,7.094639000570169,0.0,0.021129999367985874,4.754604683388271,9.5,447.84375,False
1773598726.0388982,8,0,0,0,0,7.112010000128066,0.0,0.021480998839251697,4.754604683388271,9.5,451.78125,False
1773598726.2494733,9,0,0,0,0,7.555049000075087,0.0,0.019795999833149835,4.755607389002486,9.5,454.40625,False
1773598726.4596603,10,0,0,0,0,7.071157000609674,0.0,0.021703999664168805,4.755607389002486,4.8,454.40625,False
1773598726.6701808,11,0,0,0,0,7.418529999995371,0.0,0.021445001038955525,4.755607389002486,9.5,454.40625,False
1773598726.8803763,12,0,0,0,0,7.077083999320166,0.0,0.021629999537253752,4.755607389002486,9.5,454.40625,False
1773598727.0905607,13,0,0,0,0,7.046546998026315,0.0,0.02020399915636517,4.755607389002486,14.3,454.40625,False
1773598727.3006966,14,0,0,0,0,7.035027003439609,0.0,0.021759999071946368,4.756554417548032,4.8,454.40625,False
1773598727.5108943,15,0,0,0,0,7.082157000695588,0.0,0.020332998246885836,4.756554417548032,9.5,454.40625,False
1773598727.7210786,16,0,0,0,0,7.062954002321931,0.0,0.02025900175794959,4.756554417548032,4.8,454.40625,False
1773598727.9312158,17,0,0,0,0,7.0697869996365625,0.0,0.02022300031967461,4.756554417548032,9.5,454.40625,False
1773598728.1414135,18,0,0,0,0,7.073101998685161,0.0,0.020351999410195276,4.756554417548032,14.3,454.40625,False
1773598728.35157,19,0,0,0,0,7.1119910026027355,0.0,0.020630002836696804,4.757821307187555,4.8,454.40625,False
1773598728.5618093,20,0,0,0,0,7.1807879976404365,0.0,0.02070399932563305,4.757821307187555,9.5,454.40625,False
1773598728.7719214,21,0,0,0,0,7.060399002511986,0.0,0.020037001377204433,4.757821307187555,4.8,454.40625,False
1773598728.9820652,22,0,0,0,0,7.067916998494184,0.0,0.023481003154302016,4.757821307187555,9.5,454.40625,False
1773598729.192257,23,0,0,0,0,7.056361999275396,0.0,0.021739997464464977,4.757821307187555,14.3,454.40625,False
1773598729.4024518,24,0,0,0,0,7.087027999659767,0.0,0.021740997908636928,4.757923853325904,4.8,454.40625,False
1773598729.6150012,25,0,0,0,0,9.373154000059003,0.0,0.024519002181477845,4.757923853325904,9.4,454.40625,False
1773598729.8278277,26,0,0,0,0,9.383450000314042,0.0,0.025297002139268443,4.757923853325904,9.4,454.40625,False
1773598730.0404828,27,0,0,0,0,9.292449998611119,0.0,0.023332999262493104,4.757923853325904,9.4,454.40625,False
1773598730.2528205,28,0,0,0,0,8.942521999415476,0.0,0.02486999801476486,4.757923853325904,18.8,454.40625,False
1773598730.4655583,29,0,0,0,0,9.413597999810008,0.0,0.023906999558676034,4.703345165975457,9.4,454.40625,False
1773598730.6783087,30,0,0,0,0,9.400356997502968,0.0,0.023426000552717596,4.703345165975457,9.4,454.40625,False
1773598730.8910408,31,0,0,0,0,9.366006001073401,0.0,0.02520400084904395,4.703345165975457,9.4,454.40625,False
1773598731.1039002,32,0,0,0,0,9.406932000274537,0.0,0.02574099926277995,4.703345165975457,9.4,454.40625,False
1773598731.3167214,33,0,0,0,0,9.321727997303242,0.0,0.024982000468298793,4.703345165975457,18.8,454.40625,False
1773598731.5294082,34,0,0,0,0,9.351135999168037,0.0,0.024204000510508195,4.699939467732895,9.4,454.40625,False
1773598731.7421727,35,0,0,0,0,9.34137600052054,0.0,0.024426000891253352,4.699939467732895,9.4,454.40625,False
1773598731.9550655,36,0,0,0,0,9.373524997499771,0.0,0.026148001779802144,4.699939467732895,9.4,454.40625,False
1773598732.1679244,37,0,0,0,0,9.334468999441015,0.0,0.025573997845640406,4.699939467732895,9.4,454.40625,False
1773598732.3806849,38,0,0,0,0,9.240856998076197,0.0,0.025352001102874056,4.699939467732895,18.8,454.40625,False
1773598732.5935118,39,0,0,0,0,9.367486996779917,0.0,0.02461199983372353,4.698802172360723,9.4,454.40625,False
1773598732.8063734,40,0,0,0,0,9.490209999057697,0.0,0.023628999770153314,4.698802172360723,9.4,454.40625,False
1773598733.019063,41,0,0,0,0,9.32343100066646,0.0,0.024406999727943912,4.698802172360723,9.4,454.40625,False
1773598733.2318287,42,0,0,0,0,9.411228998942534,0.0,0.024852000933606178,4.698802172360723,9.4,454.40625,False
1773598733.4447029,43,0,0,0,0,9.469469998293789,0.0,0.024740998924244195,4.698802172360723,18.8,454.40625,False
1773598733.657499,44,0,0,0,0,9.417135999683524,0.0,0.024536999262636527,4.699373910393446,9.4,454.40625,False
1773598733.8702052,45,0,0,0,0,9.33765399895492,0.0,0.024796998332021758,4.699373910393446,9.4,454.40625,False
1773598734.0829675,46,0,0,0,0,9.365042998979334,0.0,0.02651899922057055,4.699373910393446,9.4,454.40625,False
1773598734.295675,47,0,0,0,0,9.342356999695767,0.0,0.02631499955896288,4.699373910393446,9.4,454.40625,False
1773598734.5083895,48,0,0,0,0,9.337597999547143,0.0,0.025777997507248074,4.699373910393446,18.8,454.40625,False
1773598734.7212677,49,0,0,0,0,9.42576499801362,0.0,0.02433299960102886,4.700209129578534,9.4,454.40625,False
1773598734.9340017,50,0,0,0,0,9.351099000923568,0.0,0.02464800127199851,4.700209129578534,9.4,454.40625,False
1773598735.1469605,51,0,0,0,0,9.573248000378953,0.0,0.026722998882178217,4.700209129578534,9.4,454.40625,False
1773598735.3597333,52,0,0,0,0,9.378098999150097,0.0,0.025685003492981195,4.700209129578534,9.4,454.40625,False
1773598735.5725892,53,0,0,0,0,9.397284000442596,0.0,0.024091998056974262,4.700209129578534,23.5,454.40625,False
1773598735.7854388,54,0,0,0,0,9.412043000338599,0.0,0.02383299943176098,4.698524250536639,9.4,454.40625,False
1773598735.9981797,55,0,0,0,0,9.378097998705925,0.0,0.024518001737305894,4.698524250536639,4.7,454.40625,False
1773598736.2109232,56,0,0,0,0,9.359117000713013,0.0,0.024834000214468688,4.698524250536639,9.4,454.734375,False
1773598736.4236867,57,0,0,0,0,9.374247001687763,0.0,0.027519003197085112,4.698524250536639,14.1,454.734375,False
1773598736.6364193,58,0,0,0,0,9.359061001305236,0.0,0.02353699892410077,4.698524250536639,14.1,454.734375,False
1773598736.8490696,59,0,0,0,0,9.257412999431835,0.0,0.022315001842798665,4.700821250386103,9.4,454.734375,False
1773598737.0620263,60,0,0,0,0,9.480895001615863,0.0,0.024130000383593142,4.700821250386103,9.4,454.734375,False
1773598737.2748306,61,0,0,0,0,9.354393998364685,0.0,0.02546299947425723,4.700821250386103,14.1,454.734375,False
1773598737.487785,62,0,0,0,0,9.476414001255762,0.0,0.025240999093512073,4.700821250386103,9.4,454.734375,False
1773598737.7006106,63,0,0,0,0,9.408469002664788,0.0,0.02570399738033302,4.700821250386103,18.8,454.734375,False
1773598737.913495,64,0,0,0,0,9.41702399722999,0.0,0.02579600186436437,4.697438144240993,9.4,454.734375,False
1773598738.1262786,65,0,0,0,0,9.401414001331432,0.0,0.02524100273149088,4.697438144240993,9.4,454.734375,False
1773598738.339142,66,0,0,0,0,9.399598999152659,0.0,0.024518001737305894,4.697438144240993,9.4,454.734375,False
1773598738.5519154,67,0,0,0,0,9.41311700080405,0.0,0.024166998628061265,4.697438144240993,9.4,454.734375,False
1773598738.764353,68,0,0,0,0,8.897891999367857,0.0,0.024426000891253352,4.697438144240993,18.8,454.734375,False
1773598738.9774,69,0,0,0,0,9.712748000310967,0.0,0.024278000637423247,4.699610859191084,9.4,454.734375,False
1773598739.190242,70,0,0,0,0,9.464820999710355,0.0,0.023962998966453597,4.699610859191084,9.4,454.734375,False
1773598739.402977,71,0,0,0,0,9.357171998999547,0.0,0.024462999135721475,4.699610859191084,9.4,454.734375,False
1773598739.6158013,72,0,0,0,0,9.454413997445954,0.0,0.02327800029888749,4.699610859191084,9.4,454.734375,False
1773598739.8286343,73,0,0,0,0,9.425635998923099,0.0,0.025315002858405933,4.699610859191084,18.8,454.734375,False
1773598740.0414317,74,0,0,0,0,9.412321000127122,0.0,0.024500997824361548,4.6991980571781715,9.4,454.734375,False
1773598740.254216,75,0,0,0,0,9.36635799735086,0.0,0.025093002477660775,4.6991980571781715,9.4,454.734375,False
1773598740.4670563,76,0,0,0,0,9.325413000624394,0.0,0.024278000637423247,4.6991980571781715,9.4,454.734375,False
1773598740.6799145,77,0,0,0,0,9.420376998605207,0.0,0.02651899922057055,4.6991980571781715,9.4,454.734375,False
1773598740.8927832,78,0,0,0,0,9.365338999486994,0.0,0.02575899998191744,4.6991980571781715,18.8,454.734375,False
1773598741.105719,79,0,0,0,0,9.520784999040188,0.0,0.025258999812649563,4.698004288158326,9.4,454.734375,False
1773598741.3191874,80,0,0,0,0,9.94102800177643,0.0,0.02575899998191744,4.698004288158326,9.4,454.734375,False
1773598741.5320747,81,0,0,0,0,9.464820999710355,0.0,0.0256669991358649,4.698004288158326,9.4,454.734375,False
1773598741.7450871,82,0,0,0,0,9.472173001995543,0.0,0.025297002139268443,4.698004288158326,9.4,454.734375,False
1773598741.9579346,83,0,0,0,0,9.4274500006577,0.0,0.024981000024126843,4.698004288158326,18.8,454.734375,False
1773598742.1706202,84,0,0,0,0,9.280154001316987,0.0,0.022315001842798665,4.695241157153131,9.4,454.734375,False
1773598742.3834424,85,0,0,0,0,9.323802001745207,0.0,0.022908003302291036,4.695241157153131,9.4,454.734375,False
1773598742.5963514,86,0,0,0,0,9.416617001988925,0.0,0.023870998120401055,4.695241157153131,14.1,454.734375,False
1773598742.8092346,87,0,0,0,0,9.37180199980503,0.0,0.023445001716027036,4.695241157153131,9.4,454.734375,False
1773598743.0219772,88,0,0,0,0,9.330338998552179,0.0,0.02242600021418184,4.695241157153131,14.1,454.734375,False
1773598743.2347932,89,0,0,0,0,9.413543000846403,0.0,0.023332999262493104,4.698469512234739,14.1,454.828125,False
1773598743.8303444,90,1,1,0,0,9.546266999677755,382.5350629995228,0.04129599983571097,4.698469512234739,125.9,501.75,True
1773598744.3115635,91,1,1,1,1,7.2002689994405955,270.7712189985614,0.04570400051306933,1.8572784517956265,116.4,504.890625,True
1773598744.7894678,92,1,1,1,0,7.222787997307023,267.4461610004073,0.04201800038572401,1.8572784517956265,113.0,508.3125,True
1773598745.3107662,93,1,1,1,0,7.204991001344752,310.91757499962114,0.03344499782542698,1.8572784517956265,124.7,516.890625,True
1773598745.8191392,94,1,1,1,0,7.328067000344163,297.87932299950626,0.034704000427154824,1.816295108808501,122.0,521.640625,True
1773598746.3613431,95,1,1,1,0,7.2628809975867625,331.7092479992425,0.03472199750831351,1.816295108808501,123.6,524.734375,True
1773598746.8905141,96,1,1,1,0,7.279473000380676,318.7619589989481,0.03272300091339275,1.9037729327529833,122.8,529.609375,True
1773598747.4516063,97,1,1,1,0,7.2518989982199855,350.66111299965996,0.03390700294403359,1.9037729327529833,126.5,532.484375,True
1773598747.9806693,98,1,1,1,0,7.2390479981550016,318.51197599826264,0.03340799958095886,1.8342919955838488,124.7,537.28125,True
1773598748.4499784,99,1,1,1,0,7.30423300046823,258.84912200126564,0.03448200004640967,1.8342919955838488,117.2,536.734375,True
1773598748.9195526,100,1,1,1,0,7.238028996653156,259.0211240021745,0.03314900095574558,2.1962876666492703,115.0,539.359375,True
1773598749.3890488,101,1,1,1,0,7.259843998326687,259.0827169988188,0.03346300218254328,2.1962876666492703,117.1,541.984375,True
1773598749.8776793,102,1,1,1,0,7.275363001099322,278.08372999788844,0.03501799801597372,2.1962876666492703,116.7,545.234375,True
1773598750.3871875,103,1,1,1,0,7.295233001059387,299.0113300002122,0.03786999877775088,1.886650396948292,123.7,548.0,True
1773598750.9357018,104,1,1,1,0,7.285806997970212,337.95227099835756,0.03405600000405684,1.886650396948292,125.8,554.484375,True
1773598751.4646986,105,1,1,1,0,7.279880999703892,318.50684699747944,0.033853000786621124,1.8903262108714722,124.8,555.65625,True
1773598751.6752596,106,0,0,1,0,7.205769001302542,0.0,0.029703998734476045,1.8903262108714722,4.7,558.28125,False
1773598751.8857572,107,0,0,1,0,7.188196002971381,0.0,0.028943999495822936,1.8903262108714722,9.5,560.90625,False
1773598752.0962765,108,0,0,1,0,7.2157139984483365,0.0,0.028647998988162726,3.7786335292933235,14.3,563.53125,False
1773598752.3067546,109,0,0,1,0,7.1271399974648375,0.0,0.03014899994013831,3.7786335292933235,4.8,566.15625,False
1773598752.517224,110,0,0,1,0,7.155010000133188,0.0,0.03020400254172273,3.7786335292933235,9.5,568.78125,False
1773598752.7276459,111,0,0,1,0,7.1047310011636,0.0,0.031130002753343433,3.7786335292933235,4.8,571.40625,False
1773598752.9381099,112,0,0,1,0,7.149453998863464,0.0,0.032463998650200665,3.7786335292933235,9.5,574.03125,False
1773598753.148601,113,0,0,1,0,7.104953998350538,0.0,0.030278002668637782,4.751544196580496,14.3,576.65625,False
1773598753.3590362,114,0,0,1,0,7.151492001867155,0.0,0.029500999517040327,4.751544196580496,9.5,579.28125,False
1773598753.569483,115,0,0,1,0,7.163954000134254,0.0,0.02909300019382499,4.751544196580496,4.8,581.90625,False
1773598753.7823915,116,0,0,1,0,9.526321999146603,0.0,0.03635200118878856,4.751544196580496,9.4,584.53125,False
1773598753.995633,117,0,0,1,0,9.54489600189845,0.0,0.03699999797390774,4.751544196580496,14.1,587.15625,False
1773598754.2089167,118,0,0,1,0,9.583932998793898,0.0,0.036370998714119196,4.715597242081485,18.8,589.78125,False
1773598754.4223194,119,0,0,1,0,9.605285002180608,0.0,0.03601800199248828,4.715597242081485,9.4,592.40625,False
1773598754.6355152,120,0,0,1,0,9.530933002679376,0.0,0.035593002394307405,4.715597242081485,9.4,595.03125,False
1773598754.8486905,121,0,0,0,0,9.529098999337293,0.0,0.03829700290225446,4.715597242081485,9.4,597.65625,False
1773598755.0618231,122,0,0,0,0,9.546395998768276,0.0,0.036962999729439616,4.715597242081485,9.4,600.28125,False
1773598755.2749753,123,0,0,0,0,9.541283998260042,0.0,0.03490800008876249,4.690214443784686,23.5,602.90625,False
1773598755.4880996,124,0,0,0,0,9.547952002321836,0.0,0.03488900256343186,4.690214443784686,9.4,605.53125,False
1773598755.7013192,125,0,0,0,0,9.601395999197848,0.0,0.034666998544707894,4.690214443784686,9.4,608.15625,False
1773598755.9143946,126,0,0,0,0,9.499248000793159,0.0,0.033629999961704016,4.690214443784686,9.4,610.78125,False
1773598756.127429,127,0,0,0,0,9.462525002163602,0.0,0.034666998544707894,4.690214443784686,9.4,613.40625,False
1773598756.3406658,128,0,0,0,0,9.618525997211691,0.0,0.03379700137884356,4.691880770880321,18.8,616.03125,False
1773598756.5538065,129,0,0,0,0,9.559840000292752,0.0,0.03262999962316826,4.691880770880321,9.4,618.65625,False
1773598756.7668896,130,0,0,0,0,9.444896000786684,0.0,0.034647997381398454,4.691880770880321,9.4,621.28125,False
1773598757.8265638,131,0,0,0,0,9.475746999669354,0.0,0.035240998840890825,2.01885929079671,82.1,557.765625,False
1773598758.0373259,132,0,0,0,0,6.857266998849809,0.0,0.027871003112522885,2.01885929079671,9.5,530.203125,False
1773598758.2473896,133,0,0,0,0,6.8518789994413964,0.0,0.027870999474544078,2.01885929079671,14.3,530.203125,False
1773598758.457405,134,0,0,0,0,6.8571379997592885,0.0,0.026647998311091214,2.01885929079671,4.8,530.203125,False
1773598758.667443,135,0,0,0,0,6.907934002811089,0.0,0.026740999601315707,2.01885929079671,9.5,530.203125,False
1773598758.8774624,136,0,0,0,0,6.87847099834471,0.0,0.028092999855289236,4.757923853325904,9.5,530.203125,False
1773598759.0874662,137,0,0,0,0,6.8855079989589285,0.0,0.01931399674504064,4.757923853325904,4.8,530.203125,False
1773598759.5766628,138,1,1,0,0,6.903786001203116,279.0919399994891,0.038037000194890425,4.757923853325904,120.6,527.65625,True
1773598760.1253839,139,1,1,1,1,7.246085002407199,338.2251990005898,0.036666999221779406,2.4039303762789657,127.6,532.875,True
1773598760.6333768,140,1,1,1,0,7.281696001882665,297.4076709979272,0.03431500226724893,2.4039303762789657,118.1,532.265625,True
1773598761.1029484,141,1,1,1,0,7.162583999161143,259.1438470008143,0.03433299934840761,2.4039303762789657,117.1,535.6875,True
1773598761.572486,142,1,1,1,0,7.259843998326687,258.9153830012947,0.033389002055628225,1.852540676530267,115.0,535.609375,True
1773598762.0638602,143,1,1,1,0,7.192473000031896,280.82148899920867,0.034982000215677544,1.852540676530267,122.1,536.28125,True
1773598762.5915866,144,1,1,1,0,7.288380998943467,317.1283570009109,0.034130000130971894,2.163590081839747,123.2,533.625,True
1773598763.1212852,145,1,1,1,0,7.258565998199629,319.251462999091,0.03461100277490914,2.163590081839747,122.7,535.625,True
1773598763.6497746,146,1,1,1,0,7.271881000633584,318.0017509985191,0.036110999644733965,1.8900170039633857,123.0,537.28125,True
1773598764.2010987,147,1,1,1,0,7.257491997734178,340.8811049994256,0.03351900159032084,1.8900170039633857,128.8,541.484375,True
1773598764.727159,148,1,1,1,0,7.251325001561781,315.6072170022526,0.03353800275363028,1.856354921373975,123.6,544.125,True
1773598765.2555726,149,1,1,1,0,7.325325997953769,317.9130280004756,0.03448200004640967,1.856354921373975,123.0,546.125,True
1773598765.7624295,150,1,1,1,0,7.336325998039683,296.3063870010956,0.03516700235195458,1.931866345172872,118.4,548.53125,True
1773598766.230488,151,1,1,1,0,7.324565998715116,257.5555209987215,0.03422199733904563,1.931866345172872,117.5,553.625,True
1773598766.7383096,152,1,1,1,0,7.346103997406317,297.27231899960316,0.03533400013111532,1.931866345172872,120.1,553.859375,True
1773598767.2454588,153,1,1,1,0,7.2146400016208645,296.7490739974892,0.034204000257886946,1.855547636648701,122.3,553.4375,True
1773598767.7335331,154,1,1,1,0,7.235844001115765,277.63815299840644,0.03492600080789998,1.855547636648701,118.8,562.984375,True
1773598768.2622187,155,1,1,1,0,7.264731997565832,318.2338080005138,0.03592699795262888,2.1097949462151946,121.1,561.6875,True
1773598768.4727461,156,0,0,1,0,7.251435999933165,0.0,0.03264800034230575,2.1097949462151946,9.5,563.375,False
1773598768.6831703,157,0,0,1,0,7.164454000303522,0.0,0.031092997232917696,2.1097949462151946,9.5,566.0,False
1773598768.8936312,158,0,0,1,0,7.189398998889374,0.0,0.0293890007014852,2.1097949462151946,9.5,568.625,False
1773598769.1039805,159,0,0,1,0,7.134786999813514,0.0,0.030055001843720675,2.1097949462151946,9.5,571.25,False
1773598769.3144553,160,0,0,1,0,7.1891769985086285,0.0,0.03120299879810773,4.7519350212620655,9.5,573.875,False
1773598769.5248718,161,0,0,1,0,7.170362001488684,0.0,0.02905600194935687,4.7519350212620655,9.5,576.5,False
1773598769.7352295,162,0,0,1,0,7.12361999831046,0.0,0.02927799869212322,4.7519350212620655,4.8,579.125,False
1773598769.9456198,163,0,0,1,0,7.136305997846648,0.0,0.030629998946096748,4.7519350212620655,14.3,581.75,False
1773598770.1560223,164,0,0,1,0,7.124286999896867,0.0,0.02985199898830615,4.7519350212620655,9.5,584.375,False
1773598770.36649,165,0,0,1,0,7.16478699905565,0.0,0.030277999030658975,4.752685627986644,4.8,587.0,False
1773598770.576972,166,0,0,1,0,7.214917997771408,0.0,0.029667000490007922,4.752685627986644,14.3,589.625,False
1773598770.7873702,167,0,0,1,0,7.1446019974246155,0.0,0.030221999622881413,4.752685627986644,9.5,592.25,False
1773598770.997817,168,0,0,1,0,7.1944359988265205,0.0,0.028889000532217324,4.752685627986644,9.5,594.875,False
1773598771.2082314,169,0,0,1,0,7.158620999689447,0.0,0.03012999877682887,4.752685627986644,9.5,597.5,False
1773598771.4186826,170,0,0,1,0,7.1717139981046785,0.0,0.031408002541866153,4.752003933658042,9.5,600.125,False
1773598771.62908,171,0,0,0,0,7.186955001088791,0.0,0.031685001886216924,4.752003933658042,4.8,602.75,False
1773598771.8394744,172,0,0,0,0,7.151509998948313,0.0,0.02790699727484025,4.752003933658042,9.5,605.375,False
1773598772.0495949,173,0,0,0,0,6.870470999274403,0.0,0.02622299871291034,4.752003933658042,9.5,608.0,False
1773598772.2623475,174,0,0,0,0,9.477784999035066,0.0,0.031110997952055186,4.752003933658042,9.4,610.625,False
1773598772.4754553,175,0,0,0,0,9.515173002000665,0.0,0.03346299854456447,4.731567851676438,9.4,613.25,False
1773598772.6885424,176,0,0,0,0,9.45121100085089,0.0,0.03274100163253024,4.731567851676438,9.4,615.875,False
1773598772.901536,177,0,0,0,0,9.46833999842056,0.0,0.030963001336203888,4.731567851676438,9.4,618.5,False
1773598773.1141663,178,0,0,0,0,9.031300000060583,0.0,0.03118599852314219,4.731567851676438,18.8,621.125,False
1773598773.327217,179,0,0,0,0,9.448135999264196,0.0,0.03262999962316826,4.731567851676438,9.4,623.765625,False
1773598773.5402865,180,0,0,0,0,9.492229000898078,0.0,0.031741001293994486,4.695584925152606,9.4,626.390625,False
1773598774.5982518,181,0,0,0,0,9.504877001745626,0.0,0.03285200000391342,0.9451556509406028,82.2,560.890625,False
1773598774.8092477,182,0,0,0,0,6.890360000397777,0.0,0.02681499972823076,0.9451556509406028,9.5,532.015625,False
1773598775.019329,183,0,0,0,0,6.843137001851574,0.0,0.027592999686021358,0.9451556509406028,14.3,532.015625,False
1773598775.2294018,184,0,0,0,0,6.848451997939264,0.0,0.025629000447224826,0.9451556509406028,9.5,532.015625,False
1773598775.4395342,185,0,0,0,0,6.8973600027675275,0.0,0.026110999897355214,0.9451556509406028,4.8,532.015625,False
1773598775.6500797,186,0,0,0,0,7.297103999007959,0.0,0.02929599941126071,4.75373601381997,9.5,532.015625,False
1773598775.8600214,187,0,0,0,0,6.794248998630792,0.0,0.019538001652108505,4.75373601381997,4.8,532.015625,False
1773598776.0702157,188,0,0,0,0,6.880730001284974,0.0,0.01822199919843115,4.75373601381997,14.3,532.015625,False
1773598776.2802942,189,0,0,0,0,6.84947099944111,0.0,0.01801899998099543,4.75373601381997,9.5,532.015625,False
1773598776.4904115,190,0,0,0,0,6.866675001219846,0.0,0.019056002201978117,4.75373601381997,4.8,532.015625,False
1773598776.7004673,191,0,0,0,0,6.817581997893285,0.0,0.01911100116558373,4.760139929345304,9.5,532.015625,False
1773598776.9105196,192,0,0,0,0,6.86365599904093,0.0,0.018982002075063065,4.760139929345304,4.8,532.015625,False
1773598777.1205804,193,0,0,0,0,6.831025999417761,0.0,0.017889000446302816,4.760139929345304,14.3,532.015625,False
1773598777.3305519,194,0,0,0,0,6.822989002102986,0.0,0.018890001229010522,4.760139929345304,9.5,532.015625,False
1773598777.5406137,195,0,0,0,0,6.8895080003130715,0.0,0.018647999240783975,4.760139929345304,4.8,532.015625,False
1773598777.750629,196,0,0,0,0,6.856637999590021,0.0,0.019388997316127643,4.761156861369566,9.5,532.015625,False
1773598777.960632,197,0,0,0,0,6.828525998571422,0.0,0.019167000573361292,4.761156861369566,9.5,532.015625,False
1773598778.1706269,198,0,0,0,0,6.8435260000114795,0.0,0.01849999898695387,4.761156861369566,9.5,532.015625,False
1773598778.380733,199,0,0,0,0,6.878397001855774,0.0,0.03464800101937726,4.761156861369566,9.5,532.015625,False
1773598778.8604207,200,1,1,0,0,6.98295300026075,269.5177669993427,0.03648200072348118,3.604353354849895,118.8,535.3125,True
1773598779.3424566,201,1,1,1,1,9.730544999911217,268.8038169981155,0.03485200068098493,3.604353354849895,114.1,535.421875,True
1773598779.8113828,202,1,1,1,0,7.223102998977993,258.4722120009246,0.033592998079257086,3.604353354849895,115.2,527.390625,True
1773598780.2985225,203,1,1,1,0,7.23467699936009,276.53342300254735,0.03563000063877553,1.899232505765999,121.1,528.328125,True
1773598780.7676377,204,1,1,1,0,7.249121998029295,258.6029729973234,0.03424099850235507,1.899232505765999,115.1,527.0625,True
1773598781.2304795,205,1,1,1,0,7.227974001580151,252.31041299775825,0.0345739972544834,2.2778310798041157,112.3,526.859375,True
1773598781.6822908,206,1,1,1,0,7.284955001523485,241.34384100034367,0.03398199987714179,2.2778310798041157,112.9,538.578125,True
1773598782.1330817,207,1,1,1,0,7.284324998181546,240.3075379988877,0.03418500273255631,2.2778310798041157,113.1,541.8125,True
1773598782.583864,208,1,1,1,0,7.2780110021994915,240.27322300025844,0.034222000977024436,1.99083399883473,115.4,544.4375,True
1773598783.0343175,209,1,1,1,0,7.266751003044192,240.00716500086128,0.03348199970787391,1.99083399883473,111.0,547.0625,True
1773598783.5029764,210,1,1,1,0,7.273603001522133,258.1820439991134,0.03259200093452819,2.3661412466264906,117.4,547.046875,True
1773598783.9907737,211,1,1,1,0,7.24325099872658,277.34630000122706,0.03616699905251153,2.3661412466264906,118.9,551.140625,True
1773598784.497925,212,1,1,1,0,7.271251000929624,296.6606670015608,0.034537002647994086,2.3661412466264906,120.3,553.59375,True
1773598785.0283682,213,1,1,1,0,7.239418002427556,319.85641099890927,0.034092998248524964,1.8230258775718655,124.4,569.625,True
1773598785.5161347,214,1,1,1,0,7.267380999110173,277.27650299857487,0.03370400008861907,1.8230258775718655,118.9,568.015625,True
1773598786.0234199,215,1,1,1,0,7.242640000185929,296.753519000049,0.034259002859471366,1.9644090245734722,118.3,572.875,True
1773598786.2338932,216,0,0,1,0,7.240659000672167,0.0,0.02957399919978343,1.9644090245734722,9.5,574.625,False
1773598786.4442687,217,0,0,1,0,7.112972001777962,0.0,0.029221999284345657,1.9644090245734722,9.5,577.25,False
1773598786.654763,218,0,0,1,0,7.170305998442927,0.0,0.03016600021510385,3.8589346055056675,14.3,579.875,False
1773598786.8651564,219,0,0,1,0,7.172065998020116,0.0,0.029943999834358692,3.8589346055056675,4.8,582.5,False
1773598787.0755827,220,0,0,1,0,7.156490999477683,0.0,0.03074100095545873,3.8589346055056675,14.3,585.125,False
1773598787.2859879,221,0,0,1,0,7.154991999414051,0.0,0.02961100108223036,3.8589346055056675,4.8,587.75,False
1773598787.4963136,222,0,0,1,0,7.100842998625012,0.0,0.030686001991853118,3.8589346055056675,9.5,590.375,False
1773598787.7067628,223,0,0,1,0,7.149583998398157,0.0,0.030037001124583185,4.75285365852553,14.3,593.0,False
1773598787.9172308,224,0,0,1,0,7.188268999016145,0.0,0.029925999115221202,4.75285365852553,9.5,595.625,False
1773598788.127553,225,0,0,1,0,7.099195001501357,0.0,0.030777999199926853,4.75285365852553,4.8,598.25,False
1773598788.337924,226,0,0,1,0,7.118435998563655,0.0,0.0295369973173365,4.75285365852553,9.5,600.875,False
1773598788.5483055,227,0,0,1,0,7.091842999216169,0.0,0.031128998671192676,4.75285365852553,9.5,603.5,False
1773598788.7587464,228,0,0,1,0,7.120177000615513,0.0,0.030648003303213045,4.752941987034497,14.3,606.125,False
1773598788.969175,229,0,0,1,0,7.177953997597797,0.0,0.03125999865005724,4.752941987034497,4.8,608.75,False
1773598789.1807435,230,0,0,1,0,8.276960998045979,0.0,0.03405600000405684,4.752941987034497,9.5,611.375,False
1773598789.3937523,231,0,0,0,0,9.566396001901012,0.0,0.03566699888324365,4.752941987034497,9.4,614.0,False
1773598789.6068902,232,0,0,0,0,9.544803000608226,0.0,0.03511099930619821,4.752941987034497,9.4,616.625,False
1773598789.8200107,233,0,0,0,0,9.521080999547848,0.0,0.03653699968708679,4.711567171137014,18.8,619.25,False
1773598790.0332203,234,0,0,0,0,9.670229999755975,0.0,0.033906999306054786,4.711567171137014,9.4,621.875,False
1773598790.24633,235,0,0,0,0,9.546599998429883,0.0,0.034278000384802,4.711567171137014,9.4,624.5,False
1773598790.4593892,236,0,0,0,0,9.485598999162903,0.0,0.03540799662005156,4.711567171137014,14.1,627.125,False
1773598790.67239,237,0,0,0,0,9.467635998589685,0.0,0.03488899892545305,4.711567171137014,9.4,629.75,False
1773598790.8855374,238,0,0,0,0,9.544357999402564,0.0,0.03487099820631556,4.692486524343447,14.1,632.375,False
1773598791.0985985,239,0,0,0,0,9.521895000943914,0.0,0.03463000030023977,4.692486524343447,14.1,635.0,False
1773598791.3117032,240,0,0,0,0,9.54317300056573,0.0,0.03457400089246221,4.692486524343447,9.4,637.625,False
1773598792.367717,241,0,0,0,0,9.50639599977876,0.0,0.06603799920412712,2.023956946340236,81.4,572.140625,False
1773598792.5786324,242,0,0,0,0,6.858879001811147,0.0,0.02596299964352511,2.023956946340236,9.5,541.953125,False
1773598792.7887769,243,0,0,0,0,6.909507999807829,0.0,0.02655500065884553,2.023956946340236,14.3,541.953125,False
1773598792.9987907,244,0,0,0,0,6.861989000753965,0.0,0.025296998501289636,2.023956946340236,9.5,541.953125,False
1773598793.2089257,245,0,0,0,0,6.968434998270823,0.0,0.026721998438006267,2.023956946340236,4.8,541.953125,False
1773598793.419167,246,0,0,0,0,7.052749999274965,0.0,0.029963000997668132,4.755469357110317,9.5,541.953125,False
1773598793.629537,247,0,0,0,0,7.133658000384457,0.0,0.021184998331591487,4.755469357110317,9.5,541.953125,False
1773598793.8395634,248,0,0,0,0,6.8784520008193795,0.0,0.02049999966402538,4.755469357110317,9.5,541.953125,False
1773598794.0495582,249,0,0,0,0,6.867303996841656,0.0,0.018445000023348257,4.755469357110317,9.5,541.953125,False
1773598794.259597,250,0,0,0,0,6.855081999674439,0.0,0.018871000065701082,4.755469357110317,9.5,541.953125,False
1773598794.4696586,251,0,0,0,0,6.850173998827813,0.0,0.018389000615570694,4.759642968676239,4.8,541.953125,False
1773598794.6796308,252,0,0,0,0,6.809082002291689,0.0,0.02049999966402538,4.759642968676239,9.5,541.953125,False
1773598794.8896568,253,0,0,0,0,6.878915999550372,0.0,0.018591999833006412,4.759642968676239,9.5,541.953125,False
1773598795.0996454,254,0,0,0,0,6.8378780015336815,0.0,0.018408001778880134,4.759642968676239,9.5,541.953125,False
1773598795.3096616,255,0,0,0,0,6.86708200009889,0.0,0.019037001038668677,4.759642968676239,9.5,541.953125,False
1773598795.5197353,256,0,0,0,0,6.828933001088444,0.0,0.019536997569957748,4.76157845897245,4.8,541.96875,False
1773598795.7297273,257,0,0,0,0,6.850822999695083,0.0,0.019315000827191398,4.76157845897245,9.5,541.96875,False
1773598795.9397633,258,0,0,0,0,6.807063000451308,0.0,0.018906997865997255,4.76157845897245,14.3,541.96875,False
1773598796.1497405,259,0,0,0,0,6.84710000132327,0.0,0.0180000024556648,4.76157845897245,4.8,541.96875,False
1773598796.3597841,260,0,0,0,0,6.807285000832053,0.0,0.018647999240783975,4.76157845897245,9.5,541.96875,False
1773598796.5699267,261,0,0,0,0,6.942564003111329,0.0,0.019203998817829415,4.76103363924787,4.8,541.96875,False
1773598796.782582,262,0,0,0,0,9.358153998618945,0.0,0.023721997422399,4.76103363924787,9.4,541.96875,False
1773598796.9954567,263,0,0,0,0,9.357635000924347,0.0,0.02399999721092172,4.76103363924787,18.8,541.96875,False
1773598797.2083185,264,0,0,0,0,9.37880200217478,0.0,0.023092001356417313,4.76103363924787,9.4,541.96875,False
1773598797.4212265,265,0,0,0,0,9.423838997463463,0.0,0.023111002519726753,4.76103363924787,9.4,541.96875,False
1773598797.6341007,266,0,0,0,0,9.389691000251332,0.0,0.02325900277355686,4.698704264330794,9.4,541.96875,False
1773598797.8469627,267,0,0,0,0,9.407875997567317,0.0,0.024444998416583985,4.698704264330794,14.1,541.96875,False
1773598798.059901,268,0,0,0,0,9.39113499771338,0.0,0.022629999875789508,4.698704264330794,14.1,541.96875,False
1773598798.2728665,269,0,0,0,0,9.475136997934896,0.0,0.022814998374087736,4.698704264330794,9.4,541.96875,False
1773598798.4858878,270,0,0,0,0,9.53582100191852,0.0,0.022314998204819858,4.698704264330794,14.1,541.96875,False
1773598798.698826,271,0,0,0,0,9.482413999648998,0.0,0.024148001102730632,4.696057031124742,9.4,541.96875,False
1773598798.9118075,272,0,0,0,0,9.490876997006126,0.0,0.022628999431617558,4.696057031124742,9.4,541.96875,False
1773598799.1248686,273,0,0,0,0,9.508931998425396,0.0,0.02240799949504435,4.696057031124742,18.8,541.96875,False
1773598799.7519064,274,1,1,0,0,9.549672999128234,414.0731779989437,0.030629998946096748,2.8485823998348296,130.8,545.140625,True
1773598800.3330398,275,1,1,1,1,7.186454000475351,370.69537400020636,0.0359820005542133,2.8485823998348296,130.8,547.21875,True
1773598800.543468,276,0,0,1,0,7.142009999370202,0.0,0.030832998163532466,2.8485823998348296,4.8,547.21875,False
1773598800.753883,277,0,0,1,0,7.215232999442378,0.0,0.030259001505328342,2.9941812583359013,9.5,551.03125,False
1773598801.3209927,278,1,1,1,0,7.21378799789818,356.68152300058864,0.03507499786792323,2.9941812583359013,130.5,552.015625,True
1773598801.8886023,279,1,1,1,0,7.194695001089713,357.20508200029144,0.03418500273255631,1.7625429205244887,130.4,554.3125,True
1773598802.0989962,280,0,0,1,0,7.17163900117157,0.0,0.029999999242136255,1.7625429205244887,4.8,555.890625,False
1773598802.3094032,281,0,0,1,0,7.19113900049706,0.0,0.03072199979214929,1.7625429205244887,9.5,558.515625,False
1773598802.5198493,282,0,0,1,0,7.209177001641365,0.0,0.02992600275320001,1.7625429205244887,9.5,561.140625,False
1773598802.7299519,283,0,0,1,0,6.8558040002244525,0.0,0.028056001610821113,1.7625429205244887,9.5,563.765625,False
1773598802.9400187,284,0,0,1,0,6.828248002420878,0.0,0.02707399835344404,4.755506021050149,9.5,566.390625,False
1773598803.150127,285,0,0,1,0,6.868322001537308,0.0,0.02550000135670416,4.755506021050149,4.8,569.015625,False
1773598803.3602312,286,0,0,1,0,6.856341002276167,0.0,0.02796300032059662,4.755506021050149,9.5,571.640625,False
1773598803.570368,287,0,0,1,0,6.878120002511423,0.0,0.026721998438006267,4.755506021050149,9.5,574.28125,False
1773598803.7804663,288,0,0,1,0,6.863155998871662,0.0,0.028426002245396376,4.755506021050149,14.3,576.90625,False
1773598803.9905949,289,0,0,1,0,6.893342000694247,0.0,0.027815000066766515,4.759291917710386,4.8,579.53125,False
1773598804.200705,290,0,0,1,0,6.857618998765247,0.0,0.027481000870466232,4.759291917710386,9.5,582.15625,False
1773598804.410752,291,0,0,1,0,6.814137002947973,0.0,0.027056001272285357,4.759291917710386,9.5,584.78125,False
1773598804.6234767,292,0,0,1,0,9.398414000315825,0.0,0.03251899761380628,4.759291917710386,9.4,587.40625,False
1773598804.836527,293,0,0,1,0,9.405728000274394,0.0,0.033390002499800175,4.759291917710386,18.8,590.046875,False
1773598805.049622,294,0,0,1,0,9.44821000302909,0.0,0.034407999919494614,4.721545799051887,9.4,592.671875,False
1773598805.2626276,295,0,0,0,0,9.39163599832682,0.0,0.0325740002153907,4.721545799051887,9.4,595.296875,False
1773598805.4756224,296,0,0,0,0,9.400488001119811,0.0,0.03188900154782459,4.721545799051887,9.4,597.921875,False
1773598805.688636,297,0,0,0,0,9.417913999641314,0.0,0.033074000384658575,4.721545799051887,9.4,600.546875,False
1773598805.9015887,298,0,0,0,0,9.389487000589725,0.0,0.03325999932712875,4.721545799051887,18.8,603.171875,False
1773598806.114544,299,0,0,0,0,9.38958000187995,0.0,0.03359200127306394,4.695164420710868,9.4,605.796875,False
1773598806.327545,300,0,0,0,0,9.405524000612786,0.0,0.03229599678888917,4.695164420710868,9.4,608.421875,False
1773598806.540558,301,0,0,0,0,9.434728002815973,0.0,0.03259200093452819,4.695164420710868,9.4,611.046875,False
1773598806.7535238,302,0,0,0,0,9.43669199841679,0.0,0.03331500192871317,4.695164420710868,9.4,613.671875,False
1773598806.9664583,303,0,0,0,0,9.386264999193372,0.0,0.032833002478582785,4.695164420710868,18.8,616.296875,False
1773598807.1793354,304,0,0,0,0,9.370487001433503,0.0,0.03268599903094582,4.6957626109145165,9.4,618.921875,False
1773598808.0664084,305,0,0,0,0,9.426616998098325,0.0,0.03153800207655877,4.6957626109145165,78.9,545.546875,False
1773598808.276552,306,0,0,0,0,6.865453000500565,0.0,0.026165998860960826,1.8227616618522418,4.8,545.546875,False
1773598808.4865644,307,0,0,0,0,6.863656002678908,0.0,0.02812999809975736,1.8227616618522418,9.5,545.546875,False
1773598808.6966991,308,0,0,0,0,6.848526998510351,0.0,0.02548200063756667,1.8227616618522418,9.5,545.546875,False
1773598808.9067106,309,0,0,0,0,6.85867499851156,0.0,0.028037000447511673,1.8227616618522418,9.5,545.546875,False
1773598809.116729,310,0,0,0,0,6.8409710002015345,0.0,0.04307400013203733,1.8227616618522418,9.5,545.546875,False
1773598809.3266544,311,0,0,0,0,6.82074799988186,0.0,0.019167000573361292,4.761354678639799,4.8,545.546875,False
1773598809.536722,312,0,0,0,0,6.866341002023546,0.0,0.03248100256314501,4.761354678639799,4.8,545.546875,False
1773598809.7468197,313,0,0,0,0,6.90982299784082,0.0,0.02044400025624782,4.761354678639799,14.3,545.546875,False
1773598809.9568686,314,0,0,0,0,6.888118998176651,0.0,0.017907001165440306,4.761354678639799,9.5,545.546875,False
1773598810.1669214,315,0,0,0,0,6.857305001176428,0.0,0.018203001673100516,4.761354678639799,4.8,545.546875,False
1773598810.376947,316,0,0,0,0,6.882599998789374,0.0,0.018945000192616135,4.760578637379161,9.5,545.546875,False
1773598810.587278,317,0,0,0,0,7.103083000401966,0.0,0.02025900175794959,4.760578637379161,9.5,545.546875,False
1773598810.797375,318,0,0,0,0,6.894471000123303,0.0,0.018685001123230904,4.760578637379161,9.5,545.546875,False
1773598811.0074043,319,0,0,0,0,6.8989709980087355,0.0,0.01959299697773531,4.760578637379161,9.5,545.546875,False
1773598811.5775537,320,1,2,0,0,6.901230000948999,360.1219720003428,0.03327800004626624,3.3315804220688894,131.5,542.4375,True
1773598812.1464024,321,1,2,2,2,7.117195000319043,358.4977950013126,0.037166999391047284,3.3315804220688894,128.3,544.40625,True
1773598812.734707,322,1,2,2,0,7.17075099964859,377.77631000062684,0.03507400106173009,1.728383991560625,130.9,547.484375,True
1773598813.300898,323,1,2,2,0,7.229195998661453,355.7290910030133,0.035000000934815034,1.728383991560625,128.9,550.296875,True
1773598813.8685746,324,1,1,2,0,7.223381002404494,357.22271200211253,0.034685999708017334,1.7639038241640674,130.4,552.140625,True
1773598814.4373856,325,1,1,2,0,7.220381001388887,358.36107100112713,0.03605600068112835,1.7639038241640674,128.3,554.59375,True
1773598814.648053,326,0,0,2,0,7.436047999362927,0.0,0.029833001462975517,1.7639038241640674,9.5,556.171875,False
1773598814.8586652,327,0,0,2,0,7.184232999861706,0.0,0.030592000257456675,1.7639038241640674,4.7,558.796875,False
1773598815.0691452,328,0,0,2,0,7.194825000624405,0.0,0.029388997063506395,2.746999630179614,14.3,561.421875,False
1773598815.2795215,329,0,0,2,0,7.112638999387855,0.0,0.03142600326100364,2.746999630179614,9.5,564.046875,False
1773598815.4897673,330,0,0,2,0,6.906989998242352,0.0,0.02875900099752471,2.746999630179614,9.5,566.671875,False
1773598815.6999118,331,0,0,2,0,6.855693998659262,0.0,0.02959300036309287,2.746999630179614,4.8,569.296875,False
1773598815.9100528,332,0,0,2,0,6.8604520020016935,0.0,0.030221999622881413,2.746999630179614,9.5,571.921875,False
1773598816.1201935,333,0,0,2,0,6.8349519970070105,0.0,0.028685000870609656,4.755384169550605,14.3,574.546875,False
1773598816.3303657,334,0,0,2,0,6.860212000901811,0.0,0.028092999855289236,4.755384169550605,4.8,577.171875,False
1773598816.540475,335,0,0,2,0,6.855749001260847,0.0,0.028869999368907884,4.755384169550605,9.5,579.796875,False
1773598816.75062,336,0,0,2,0,6.828988996858243,0.0,0.031037998269312084,4.755384169550605,9.5,582.421875,False
1773598816.9607658,337,0,0,2,0,6.864785998914158,0.0,0.0296300022455398,4.755384169550605,9.5,585.046875,False
1773598817.17087,338,0,0,2,0,6.856359999801498,0.0,0.027777998184319586,4.758880443893984,9.5,587.671875,False
1773598817.3810687,339,0,0,1,0,6.8687679995491635,0.0,0.03020400254172273,4.758880443893984,9.5,590.296875,False
1773598817.5924642,340,0,0,1,0,8.077385999058606,0.0,0.03233300230931491,4.758880443893984,4.7,592.921875,False
1773598817.805311,341,0,0,0,0,9.379098999488633,0.0,0.03644499884103425,4.758880443893984,9.4,595.546875,False
1773598818.0183995,342,0,0,0,0,9.433931998501066,0.0,0.035258999560028315,4.758880443893984,14.1,598.171875,False
1773598818.231406,343,0,0,0,0,9.370338997541694,0.0,0.03540800025803037,4.72644072747204,18.8,600.796875,False
1773598818.4443576,344,0,0,0,0,9.3953200012038,0.0,0.03429599746596068,4.72644072747204,9.4,603.421875,False
1773598818.6574495,345,0,0,0,0,9.472433001064928,0.0,0.034982000215677544,4.72644072747204,9.4,606.046875,False
1773598818.8704135,346,0,0,0,0,9.36196900147479,0.0,0.03366699820617214,4.72644072747204,9.4,608.671875,False
1773598819.083332,347,0,0,0,0,9.382005999214016,0.0,0.033833999623311684,4.72644072747204,9.4,611.296875,False
1773598819.2963085,348,0,0,0,0,9.373098000651225,0.0,0.03429599746596068,4.69501305754836,18.8,613.921875,False
1773598819.509356,349,0,0,0,0,9.439728997676866,0.0,0.03348199970787391,4.69501305754836,9.4,616.546875,False
1773598819.722254,350,0,0,0,0,9.357098999316804,0.0,0.03488899892545305,4.69501305754836,9.4,619.171875,False
1773598820.6044729,351,0,0,0,0,9.385320998262614,0.0,0.03424099850235507,2.819181343937544,78.2,553.671875,False
1773598820.8149326,352,0,0,0,0,6.9010639999760315,0.0,0.028648999432334676,2.819181343937544,9.5,545.796875,False
1773598821.025035,353,0,0,0,0,6.868174998089671,0.0,0.027908001356991008,2.819181343937544,14.3,545.796875,False
1773598821.235103,354,0,0,0,0,6.853581999166636,0.0,0.031093000870896503,2.819181343937544,4.8,545.796875,False
1773598821.445183,355,0,0,0,0,6.86428599874489,0.0,0.02601899905130267,2.819181343937544,9.5,545.796875,False
1773598821.6551368,356,0,0,0,0,6.8428039994614664,0.0,0.02713000139920041,4.75896575676481,4.8,545.796875,False
1773598821.8651705,357,0,0,0,0,6.8506190000334755,0.0,0.01940800211741589,4.75896575676481,9.5,545.796875,False
1773598822.0753136,358,0,0,0,0,6.867618998512626,0.0,0.01968500146176666,4.75896575676481,14.3,545.796875,False
1773598822.285326,359,0,0,0,0,6.853415001387475,0.0,0.0190739992831368,4.75896575676481,4.8,545.796875,False
1773598822.4953222,360,0,0,0,0,6.84682299834094,0.0,0.0182229996426031,4.75896575676481,9.5,545.796875,False
1773598822.705438,361,0,0,0,0,6.9474339979933575,0.0,0.018407998140901327,4.760538653248838,4.8,545.796875,False
1773598822.915565,362,0,0,0,0,6.90497100003995,0.0,0.018832997739082202,4.760538653248838,9.5,545.796875,False
1773598823.125657,363,0,0,0,0,6.860952002170961,0.0,0.01992599936784245,4.760538653248838,9.5,545.796875,False
1773598823.335725,364,0,0,0,0,6.855100000393577,0.0,0.01825900108087808,4.760538653248838,9.5,545.796875,False
1773598823.5458956,365,0,0,0,0,6.951452996872831,0.0,0.019295999663881958,4.760538653248838,9.5,545.796875,False
1773598823.7558737,366,0,0,0,0,6.871564000903163,0.0,0.019019000319531187,4.759953016744878,4.8,545.796875,False
1773598823.9659207,367,0,0,0,0,6.884619000629755,0.0,0.018963000911753625,4.759953016744878,9.5,545.796875,False
1773598824.1759164,368,0,0,0,0,6.837619002908468,0.0,0.018999999156221747,4.759953016744878,14.3,545.796875,False
1773598824.385974,369,0,0,0,0,6.912341999850469,0.0,0.019869999960064888,4.759953016744878,4.8,545.796875,False
1773598824.5960188,370,0,0,0,0,6.917285998497391,0.0,0.018129998352378607,4.759953016744878,9.5,545.796875,False
1773598824.8061461,371,0,0,0,0,6.884193000587402,0.0,0.01994400008697994,4.760683463828352,9.5,545.796875,False
1773598825.0178957,372,0,0,0,0,8.467832998576341,0.0,0.02053700154647231,4.760683463828352,4.7,545.796875,False
1773598825.2307148,373,0,0,0,0,9.427247001440264,0.0,0.023074000637279823,4.760683463828352,18.8,545.796875,False
1773598825.443707,374,0,0,0,0,9.422857998288237,0.0,0.021907999325776473,4.760683463828352,9.4,545.796875,False
1773598825.6568487,375,0,0,0,0,9.50845199986361,0.0,0.02272200072184205,4.760683463828352,9.4,545.8125,False
1773598825.8698096,376,0,0,0,0,9.406635999766877,0.0,0.02212899926234968,4.700927676639069,9.4,545.8125,False
1773598826.0827348,377,0,0,0,0,9.369321000122,0.0,0.02211099854321219,4.700927676639069,9.4,545.8125,False
1773598826.2952807,378,0,0,0,0,8.990022000944009,0.0,0.023054999473970383,4.700927676639069,18.8,545.8125,False
1773598826.5083082,379,0,0,0,0,9.40174700008356,0.0,0.022776999685447663,4.700927676639069,9.4,545.8125,False
1773598826.7214122,380,0,0,0,0,9.460580000450136,0.0,0.023833999875932932,4.700927676639069,9.4,545.8125,False
1773598826.9343739,381,0,0,0,0,9.407544002897339,0.0,0.023130000045057386,4.696792191303479,9.4,545.8125,False
1773598827.1472569,382,0,0,0,0,9.397302001161734,0.0,0.02214800042565912,4.696792191303479,9.4,545.8125,False
1773598827.3600821,383,0,0,0,0,9.34139500168385,0.0,0.021944997570244595,4.696792191303479,18.8,545.8125,False
1773598827.5730407,384,0,0,0,0,9.467914002016187,0.0,0.02301800122950226,4.696792191303479,9.4,545.8125,False
1773598827.7858949,385,0,0,0,0,9.362560998852132,0.0,0.021888998162467033,4.696792191303479,9.4,545.8125,False
1773598827.998859,386,0,0,0,0,9.393635999003891,0.0,0.0218700006371364,4.697097260941909,9.4,545.8125,False
1773598828.2117858,387,0,0,0,0,9.373561999382218,0.0,0.022332998923957348,4.697097260941909,9.4,545.8125,False
1773598828.424764,388,0,0,0,0,9.397154997714097,0.0,0.023982000129763037,4.697097260941909,18.8,545.8125,False
1773598828.637727,389,0,0,0,0,9.434339001018088,0.0,0.022037002054275945,4.697097260941909,9.4,545.8125,False
1773598828.8507726,390,0,0,0,0,9.390765000716783,0.0,0.02292600038344972,4.697097260941909,9.4,545.8125,False
1773598829.0636365,391,0,0,0,0,9.386525001900736,0.0,0.02357500125071965,4.6958435727920556,9.4,545.8125,False
1773598829.2765949,392,0,0,0,0,9.43167199875461,0.0,0.02292600038344972,4.6958435727920556,9.4,545.8125,False
1773598829.4895353,393,0,0,0,0,9.441320999030722,0.0,0.025130000722128898,4.6958435727920556,18.8,545.8125,False
1773598829.7024128,394,0,0,0,0,9.377394999319222,0.0,0.02355499964323826,4.6958435727920556,9.4,545.8125,False
1773598829.9153984,395,0,0,0,0,9.417838999070227,0.0,0.024204000510508195,4.6958435727920556,9.4,545.8125,False
1773598830.1282995,396,0,0,0,0,9.417228000529576,0.0,0.02301900167367421,4.696322040882137,9.4,545.8125,False
1773598830.3413,397,0,0,0,0,9.429265999642666,0.0,0.022593001631321386,4.696322040882137,14.1,545.8125,False
1773598830.5542347,398,0,0,0,0,9.371969001222169,0.0,0.022759999410482123,4.696322040882137,14.1,545.8125,False
1773598830.76715,399,0,0,0,0,9.368505998281762,0.0,0.02327800029888749,4.696322040882137,9.4,545.828125,False
1773598830.9800696,400,0,0,0,0,9.418932000698987,0.0,0.02318599945283495,4.696322040882137,9.4,545.828125,False
1773598831.1930451,401,0,0,0,0,9.413673000381095,0.0,0.021481002477230504,4.695943464669897,14.1,545.828125,False
1773598831.4059618,402,0,0,0,0,9.448469001654303,0.0,0.022297001123661175,4.695943464669897,9.4,545.828125,False
1773598831.6189275,403,0,0,0,0,9.478728999965824,0.0,0.022537002223543823,4.695943464669897,18.8,545.828125,False
1773598831.8318722,404,0,0,0,0,9.451932000956731,0.0,0.02274100188515149,4.695943464669897,9.4,545.828125,False
1773598832.0447853,405,0,0,0,0,9.409320999111515,0.0,0.037722998968092725,4.695943464669897,9.4,545.828125,False
1773598832.257801,406,0,0,0,0,9.46209900212125,0.0,0.0229439974646084,4.695931898024381,9.4,545.84375,False
1773598832.4707499,407,0,0,0,0,9.406229000887834,0.0,0.023352000425802544,4.695931898024381,9.4,545.84375,False
1773598832.6838064,408,0,0,0,0,9.432024999114219,0.0,0.024203000066336244,4.695931898024381,18.8,545.84375,False
1773598832.8968086,409,0,0,0,0,9.436025000468362,0.0,0.022277999960351735,4.695931898024381,9.4,545.84375,False
1773598833.1096776,410,0,0,0,0,9.389653998368885,0.0,0.02264899740112014,4.695931898024381,9.4,545.84375,False
1773598833.3226702,411,0,0,0,0,9.371135998662794,0.0,0.02350000067963265,4.695434586164495,9.4,545.84375,False
1773598833.5356472,412,0,0,0,0,9.454949999053497,0.0,0.023333999706665054,4.695434586164495,9.4,545.84375,False
1773598833.7486467,413,0,0,0,0,9.422783998161322,0.0,0.02294499790878035,4.695434586164495,18.8,545.84375,False
1773598833.9616036,414,0,0,0,0,9.478617997956462,0.0,0.02379600118729286,4.695434586164495,9.4,545.84375,False
1773598834.1745036,415,0,0,0,0,9.418061999895144,0.0,0.023130000045057386,4.695434586164495,9.4,545.84375,False
1773598834.3873718,416,0,0,0,0,9.373690998472739,0.0,0.023130000045057386,4.696159035308212,9.4,545.84375,False
1773598834.600333,417,0,0,0,0,9.416339002200402,0.0,0.023018998035695404,4.696159035308212,9.4,545.84375,False
1773598834.813362,418,0,0,0,0,9.428525001567323,0.0,0.022814998374087736,4.696159035308212,18.8,545.84375,False
1773598835.0262783,419,0,0,0,0,9.42574700093246,0.0,0.02385200059507042,4.696159035308212,9.4,545.84375,False
1773598835.2392607,420,0,0,0,0,9.37350599997444,0.0,0.021371000912040472,4.696159035308212,9.4,545.84375,False
1773598835.4521234,421,0,0,0,0,9.388172002218198,0.0,0.02246300209662877,4.695931898024381,9.4,545.84375,False
1773598835.6652575,422,0,0,0,0,9.498876999714412,0.0,0.024723001843085513,4.695931898024381,9.4,545.84375,False
1773598835.8781862,423,0,0,0,0,9.464062000915874,0.0,0.02300000051036477,4.695931898024381,18.8,545.84375,False
1773598836.0911632,424,0,0,0,0,9.424469000805402,0.0,0.02331500218133442,4.695931898024381,9.4,545.84375,False
1773598836.304099,425,0,0,0,0,9.459987999434816,0.0,0.02190700251958333,4.695931898024381,9.4,545.84375,False
1773598836.5170903,426,0,0,0,0,9.514894998574164,0.0,0.02161100201192312,4.694998342205872,9.4,545.84375,False
1773598836.730066,427,0,0,0,0,9.513154996966477,0.0,0.02359300196985714,4.694998342205872,9.4,545.84375,False
1773598836.9429972,428,0,0,0,0,9.461822002776898,0.0,0.022648000594926998,4.694998342205872,18.8,545.84375,False
1773598837.1560912,429,0,0,0,0,9.566674001689535,0.0,0.023944998247316107,4.694998342205872,9.4,545.84375,False
1773598837.3691278,430,0,0,0,0,9.542969000904122,0.0,0.023184999008663,4.694998342205872,9.4,545.84375,False
1773598837.5821908,431,0,0,0,0,9.536859000945697,0.0,0.023092998162610456,4.694416109119244,9.4,545.84375,False
1773598837.795143,432,0,0,0,0,9.500469997874461,0.0,0.02377800046815537,4.694416109119244,14.1,545.84375,False
1773598838.0076213,433,0,0,0,0,9.016947999043623,0.0,0.02185199991799891,4.694416109119244,18.8,545.84375,False
1773598838.220577,434,0,0,0,0,9.535378001601202,0.0,0.022536998585565016,4.694416109119244,9.4,545.84375,False
1773598838.4335575,435,0,0,0,0,9.531357998639578,0.0,0.023018998035695404,4.694416109119244,9.4,545.84375,False
1773598838.646697,436,0,0,0,0,9.547061999910511,0.0,0.02433299960102886,4.697084636584658,9.4,545.84375,False
1773598838.8597867,437,0,0,0,0,9.596580999641446,0.0,0.0254259975918103,4.697084636584658,9.4,545.84375,False
1773598839.0728757,438,0,0,0,0,9.578526001860155,0.0,0.024482000299030915,4.697084636584658,18.8,545.84375,False
1773598839.2858582,439,0,0,0,0,9.526747999188956,0.0,0.022276999516179785,4.697084636584658,9.4,545.84375,False
1773598839.4988635,440,0,0,0,0,9.470451001106994,0.0,0.022778000129619613,4.697084636584658,9.4,545.84375,False
1773598839.7118573,441,0,0,0,0,9.52602499819477,0.0,0.02344499807804823,4.6940609548017305,9.4,545.84375,False
1773598839.924916,442,0,0,0,0,9.510839998256415,0.0,0.021945001208223403,4.6940609548017305,9.4,545.84375,False
1773598840.1379492,443,0,0,0,0,9.493376997852465,0.0,0.02333300290047191,4.6940609548017305,18.8,545.84375,False
1773598840.3509748,444,0,0,0,0,9.478154002863448,0.0,0.022260002879193053,4.6940609548017305,9.4,545.84375,False
1773598840.5639594,445,0,0,0,0,9.463487000175519,0.0,0.02350000067963265,4.6940609548017305,9.4,545.84375,False
1773598840.777015,446,0,0,0,0,9.4649139973626,0.0,0.023074000637279823,4.694139756593927,9.4,545.84375,False
1773598840.9899635,447,0,0,0,0,9.475042999838479,0.0,0.024499997380189598,4.694139756593927,9.4,545.84375,False
1773598841.2029333,448,0,0,0,0,9.437412998522632,0.0,0.022554999304702505,4.694139756593927,18.8,545.84375,False
1773598841.4158454,449,0,0,0,0,9.460488003242062,0.0,0.0235740008065477,4.694139756593927,9.4,545.84375,False
1773598841.6287892,450,0,0,0,0,9.448987999348901,0.0,0.02322300133528188,4.694139756593927,9.4,545.84375,False
1773598841.8416922,451,0,0,0,0,9.460894998483127,0.0,0.02316699828952551,4.696271560527126,9.4,545.84375,False
1773598842.054715,452,0,0,0,0,9.483450998232001,0.0,0.022815002012066543,4.696271560527126,9.4,545.84375,False
1773598842.2676733,453,0,0,0,0,9.408246998646064,0.0,0.0235740008065477,4.696271560527126,18.8,545.84375,False
1773598842.4805763,454,0,0,0,0,9.41267300004256,0.0,0.022814998374087736,4.696271560527126,14.1,545.84375,False
1773598842.6935456,455,0,0,0,0,9.42857999689295,0.0,0.021722997189499438,4.696271560527126,4.7,545.84375,False
1773598842.9064817,456,0,0,0,0,9.418618003110169,0.0,0.021926000044913962,4.695765765221116,14.1,545.84375,False
1773598843.1193447,457,0,0,0,0,9.416321001481265,0.0,0.022814998374087736,4.695765765221116,9.4,545.84375,False
1773598843.3321805,458,0,0,0,0,9.383264998177765,0.0,0.023389002308249474,4.695765765221116,18.8,545.84375,False
1773598843.5451968,459,0,0,0,0,9.459025000978727,0.0,0.02327800029888749,4.695765765221116,9.4,545.84375,False
1773598843.7581565,460,0,0,0,0,9.434598996449495,0.0,0.022462998458649963,4.695765765221116,9.4,545.859375,False
1773598843.971011,461,0,0,0,0,9.404303000337677,0.0,0.023149001208366826,4.696926837844587,4.7,545.859375,False
1773598844.1839018,462,0,0,0,0,9.408562000317033,0.0,0.023945001885294914,4.696926837844587,9.4,545.859375,False
1773598844.3968506,463,0,0,0,0,9.433153998543276,0.0,0.02301900167367421,4.696926837844587,18.8,545.859375,False
1773598844.6097915,464,0,0,0,0,9.48737699945923,0.0,0.023906999558676034,4.696926837844587,9.4,545.859375,False
1773598844.8227081,465,0,0,0,0,9.407135999936145,0.0,0.022814998374087736,4.696926837844587,9.4,545.859375,False
1773598845.035902,466,0,0,0,0,9.459357999730855,0.0,0.023352000425802544,4.695346279638764,14.1,545.859375,False
1773598845.2487333,467,0,0,0,0,9.364950001327088,0.0,0.02301900167367421,4.695346279638764,9.4,545.859375,False
1773598845.461723,468,0,0,0,0,9.461265999561874,0.0,0.021702999219996855,4.695346279638764,18.8,545.859375,False
1773598845.6745987,469,0,0,0,0,9.42374700025539,0.0,0.023630000214325264,4.695346279638764,9.4,545.859375,False
1773598845.8875425,470,0,0,0,0,9.389469003508566,0.0,0.02286999733769335,4.695346279638764,9.4,545.875,False
1773598846.1004808,471,0,0,0,0,9.410988001036458,0.0,0.022519001504406333,4.696708041135433,9.4,545.875,False
1773598846.313392,472,0,0,0,0,9.432432998437434,0.0,0.0235740008065477,4.696708041135433,9.4,545.875,False
1773598846.5261056,473,0,0,0,0,9.241023999493336,0.0,0.021944000764051452,4.696708041135433,18.8,545.875,False
1773598846.7390409,474,0,0,0,0,9.418006000487367,0.0,0.023388998670270666,4.696708041135433,9.4,545.875,False
1773598846.9519424,475,0,0,0,0,9.441246998903807,0.0,0.02407500141998753,4.696708041135433,9.4,545.875,False
1773598847.1649144,476,0,0,0,0,9.433340001123725,0.0,0.02351800139877014,4.6973213545761405,9.4,545.875,False
1773598847.377843,477,0,0,0,0,9.41252499978873,0.0,0.02375899930484593,4.6973213545761405,9.4,545.875,False
1773598847.59082,478,0,0,0,0,9.435968997422606,0.0,0.02331500218133442,4.6973213545761405,18.8,545.875,False
1773598847.8036816,479,0,0,0,0,9.404894997715019,0.0,0.02387100175837986,4.6973213545761405,9.4,545.875,False
1773598848.0166378,480,0,0,0,0,9.392505999130663,0.0,0.023111002519726753,4.6973213545761405,9.4,545.875,False
1773598848.2295477,481,0,0,0,0,9.45289499941282,0.0,0.021500000002561137,4.696438780859715,9.4,545.875,False
1773598848.4425766,482,0,0,0,0,9.415488002559869,0.0,0.025463003112236038,4.696438780859715,14.1,545.875,False
1773598848.655532,483,0,0,0,0,9.34263499948429,0.0,0.026592999347485602,4.696438780859715,18.8,545.875,False
1773598848.868447,484,0,0,0,0,9.371524000016507,0.0,0.022463998902821913,4.696438780859715,9.4,545.875,False
1773598849.081477,485,0,0,0,0,9.438654000405222,0.0,0.02464800127199851,4.696438780859715,9.4,545.875,False
1773598849.2945,486,0,0,0,0,9.440449997782707,0.0,0.022889002138981596,4.695141295151639,9.4,545.875,False
1773598849.5073972,487,0,0,0,0,9.413802999915788,0.0,0.023092001356417313,4.695141295151639,9.4,545.875,False
1773598849.720372,488,0,0,0,0,9.425635998923099,0.0,0.023610999051015824,4.695141295151639,18.8,545.875,False
1773598849.9333565,489,0,0,0,0,9.41921000048751,0.0,0.022832999093225226,4.695141295151639,9.4,545.875,False
1773598850.1463134,490,0,0,0,0,9.408949998032767,0.0,0.02238899833173491,4.695141295151639,9.4,545.875,False
1773598850.3592927,491,0,0,0,0,9.463617996516405,0.0,0.023167001927504316,4.695690063032327,9.4,545.875,False
1773598850.5721996,492,0,0,0,0,9.494765999988886,0.0,0.022815002012066543,4.695690063032327,9.4,545.875,False
1773598850.7850928,493,0,0,0,0,9.450728000956587,0.0,0.02274100188515149,4.695690063032327,18.8,545.875,False
1773598850.9980204,494,0,0,0,0,9.47941399863339,0.0,0.021906998881604522,4.695690063032327,9.4,545.875,False
1773598851.2110677,495,0,0,0,0,9.46672800273518,0.0,0.021389001631177962,4.695690063032327,9.4,545.875,False
1773598851.4240837,496,0,0,0,0,9.513154996966477,0.0,0.022611002350458875,4.695742633737797,9.4,545.875,False
1773598851.6371567,497,0,0,0,0,9.530488001473714,0.0,0.022648000594926998,4.695742633737797,9.4,545.875,False
1773598851.8500602,498,0,0,0,0,9.452654001506744,0.0,0.02275900260428898,4.695742633737797,18.8,545.875,False
1773598852.0630195,499,0,0,0,0,9.449987999687437,0.0,0.022815002012066543,4.695742633737797,9.4,545.875,False
1773598852.2759185,500,0,0,0,0,9.45072900140076,0.0,0.024111999664455652,4.695742633737797,9.4,545.875,False
1773598852.4889147,501,0,0,0,0,9.388745998876402,0.0,0.02325999957975,4.695612260548408,9.4,545.875,False
1773598852.7019207,502,0,0,0,0,9.441931997571373,0.0,0.02494500222383067,4.695612260548408,9.4,545.875,False
1773598852.9149652,503,0,0,0,0,9.435413998289732,0.0,0.024556000425945967,4.695612260548408,18.8,545.875,False
1773598853.1278555,504,0,0,0,0,9.369136001623701,0.0,0.02383299943176098,4.695612260548408,9.4,545.875,False
1773598853.3407724,505,0,0,0,0,9.348209001473151,0.0,0.02296399907208979,4.695612260548408,9.4,545.875,False
1773598853.553657,506,0,0,0,0,9.426303000509506,0.0,0.0238150023506023,4.696005504922835,9.4,545.875,False
1773598853.7665007,507,0,0,0,0,9.345931001007557,0.0,0.024278000637423247,4.696005504922835,9.4,545.875,False
1773598853.9792807,508,0,0,0,0,9.3416720010282,0.0,0.023406999389408156,4.696005504922835,18.8,545.875,False
1773598854.1921537,509,0,0,0,0,9.365764999529347,0.0,0.02342599691473879,4.696005504922835,9.4,545.875,False
1773598854.404985,510,0,0,0,0,9.385006000229623,0.0,0.022296000679489225,4.696005504922835,14.1,545.875,False
1773598854.6178875,511,0,0,0,0,9.37882099970011,0.0,0.023610999051015824,4.698223205658608,9.4,545.875,False
1773598854.8307993,512,0,0,0,0,9.338913001556648,0.0,0.02403699909336865,4.698223205658608,9.4,545.875,False
1773598855.043297,513,0,0,0,0,9.062911998626078,0.0,0.023962998966453597,4.698223205658608,18.8,545.875,False
1773598855.2562432,514,0,0,0,0,9.415673001058167,0.0,0.023610999051015824,4.698223205658608,9.4,545.875,False
1773598855.4691446,515,0,0,0,0,9.437579999939771,0.0,0.023128999600885436,4.698223205658608,9.4,545.875,False
1773598855.682094,516,0,0,0,0,9.402414001669968,0.0,0.023592998331878334,4.698342145353526,9.4,545.875,False
1773598855.8951159,517,0,0,0,0,9.490192001976538,0.0,0.023685999622102827,4.698342145353526,9.4,545.875,False
1773598856.108085,518,0,0,0,0,9.435302999918349,0.0,0.023980999685591087,4.698342145353526,18.8,545.890625,False
1773598856.3209877,519,0,0,0,0,9.433821000129683,0.0,0.022852000256534666,4.698342145353526,9.4,545.890625,False
1773598856.5338755,520,0,0,0,0,9.42626599862706,0.0,0.023074000637279823,4.698342145353526,9.4,545.890625,False
1773598856.746755,521,0,0,0,0,9.356487997138174,0.0,0.022501000785268843,4.696336764523438,9.4,545.890625,False
1773598856.9595838,522,0,0,0,0,9.357302002172219,0.0,0.02274100188515149,4.696336764523438,9.4,545.890625,False
1773598857.1723957,523,0,0,0,0,9.37863500075764,0.0,0.02272200072184205,4.696336764523438,18.8,545.890625,False
1773598857.3853226,524,0,0,0,0,9.403006002685288,0.0,0.022814998374087736,4.696336764523438,9.4,545.890625,False
1773598857.5981364,525,0,0,0,0,9.363469001982594,0.0,0.022500000341096893,4.696336764523438,9.4,545.890625,False
1773598857.8110073,526,0,0,0,0,9.355932001199108,0.0,0.023666998458793387,4.698111639383228,9.4,545.890625,False
1773598858.0239594,527,0,0,0,0,9.414320997166215,0.0,0.02324000161024742,4.698111639383228,9.4,545.890625,False
1773598858.2362661,528,0,0,0,0,8.84622499870602,0.0,0.021480998839251697,4.698111639383228,18.8,545.890625,False
1773598858.4491632,529,0,0,0,0,9.414413998456439,0.0,0.022259999241214246,4.698111639383228,9.4,545.890625,False
1773598858.6620412,530,0,0,0,0,9.356135000416543,0.0,0.023704000341240317,4.698111639383228,9.4,545.890625,False
1773598858.8748453,531,0,0,0,0,9.365580001031049,0.0,0.022259002435021102,4.699992133630567,9.4,545.890625,False
1773598859.0878034,532,0,0,0,0,9.355006000987487,0.0,0.02298199979122728,4.699992133630567,9.4,545.890625,False
1773598859.3007133,533,0,0,0,0,9.351469001558144,0.0,0.023130000045057386,4.699992133630567,18.8,545.890625,False
1773598859.5137367,534,0,0,0,0,9.430246998817893,0.0,0.022519001504406333,4.699992133630567,9.4,545.890625,False
1773598859.7265348,535,0,0,0,0,9.351228000014089,0.0,0.023926000721985474,4.699992133630567,9.4,545.890625,False
1773598859.939458,536,0,0,0,0,9.390080002049217,0.0,0.02216700158896856,4.6965481641231674,9.4,545.890625,False
1773598860.152263,537,0,0,0,0,9.371894000651082,0.0,0.023388998670270666,4.6965481641231674,9.4,545.890625,False
1773598860.3651772,538,0,0,0,0,9.387912999955006,0.0,0.021943997126072645,4.6965481641231674,18.8,545.890625,False
1773598860.5779607,539,0,0,0,0,9.366877002321417,0.0,0.02270400000270456,4.6965481641231674,9.4,545.890625,False
1773598860.7908108,540,0,0,0,0,9.341338998638093,0.0,0.023445001716027036,4.6965481641231674,9.4,545.890625,False
1773598861.003624,541,0,0,0,0,9.36163500227849,0.0,0.02351900184294209,4.698518987182957,9.4,545.90625,False
1773598861.2164776,542,0,0,0,0,9.404746997461189,0.0,0.02270400000270456,4.698518987182957,14.1,545.90625,False
1773598861.429443,543,0,0,0,0,9.38430300084292,0.0,0.022352000087266788,4.698518987182957,14.1,545.90625,False
1773598861.6422758,544,0,0,0,0,9.37602500198409,0.0,0.023093001800589263,4.698518987182957,9.4,545.90625,False
1773598861.855098,545,0,0,0,0,9.370580002723727,0.0,0.02183299875468947,4.698518987182957,14.1,545.921875,False
1773598862.0679898,546,0,0,0,0,9.375764999276726,0.0,0.023684999177930877,4.697668584126301,9.4,545.921875,False
1773598862.2808576,547,0,0,0,0,9.36570900012157,0.0,0.02242600021418184,4.697668584126301,9.4,545.921875,False
1773598862.4937475,548,0,0,0,0,9.378987000673078,0.0,0.022223000996746123,4.697668584126301,18.8,545.921875,False
1773598862.7066948,549,0,0,0,0,9.439710000151535,0.0,0.024758999643381685,4.697668584126301,9.4,545.921875,False
1773598862.9195807,550,0,0,0,0,9.360117001051549,0.0,0.022963002265896648,4.697668584126301,9.4,545.921875,False
1773598863.1325114,551,0,0,0,0,9.397914000146557,0.0,0.02290799966431223,4.696988904084002,9.4,545.921875,False
1773598863.345391,552,0,0,0,0,9.432377002667636,0.0,0.022833999537397176,4.696988904084002,9.4,545.921875,False
1773598863.5578477,553,0,0,0,0,8.965318000264233,0.0,0.02072200004477054,4.696988904084002,18.8,545.921875,False
1773598863.7708187,554,0,0,0,0,9.416412998689339,0.0,0.02377700002398342,4.696988904084002,9.4,545.921875,False
1773598863.983778,555,0,0,0,0,9.356765000120504,0.0,0.025315002858405933,4.696988904084002,9.4,545.921875,False
1773598864.1967528,556,0,0,0,0,9.434635998331942,0.0,0.02320400017197244,4.698190577237404,9.4,545.921875,False
1773598864.40961,557,0,0,0,0,9.289931000239449,0.0,0.022575000912183896,4.698190577237404,9.4,545.921875,False
1773598864.6224818,558,0,0,0,0,9.268338002584642,0.0,0.022612002794630826,4.698190577237404,18.8,545.921875,False
1773598864.8348866,559,0,0,0,0,8.941077001509257,0.0,0.021796000510221347,4.698190577237404,9.4,545.921875,False
1773598865.0477922,560,0,0,0,0,9.397190999152372,0.0,0.02353699892410077,4.698190577237404,9.4,545.921875,False
1773598865.2607887,561,0,0,0,0,9.400339000421809,0.0,0.02427799699944444,4.699496067678595,14.1,545.921875,False
1773598865.4736755,562,0,0,0,0,9.40143199841259,0.0,0.02331500218133442,4.699496067678595,9.4,545.921875,False
1773598865.6866093,563,0,0,0,0,9.434266001335345,0.0,0.02348199996049516,4.699496067678595,18.8,545.921875,False
1773598865.8995173,564,0,0,0,0,9.470803001022432,0.0,0.023389002308249474,4.699496067678595,9.4,545.921875,False
1773598866.1124167,565,0,0,0,0,9.454803002881818,0.0,0.023426000552717596,4.699496067678595,9.4,545.921875,False
1773598866.3254008,566,0,0,0,0,9.44571000218275,0.0,0.02259299799334258,4.69617060307269,9.4,545.921875,False
1773598866.5383785,567,0,0,0,0,9.454488001210848,0.0,0.02381399826845154,4.69617060307269,9.4,545.921875,False
1773598866.7512608,568,0,0,0,0,9.385358000145061,0.0,0.022333002561936155,4.69617060307269,18.8,545.921875,False
1773598866.9641774,569,0,0,0,0,9.418784000445157,0.0,0.02268499883939512,4.69617060307269,4.7,545.921875,False
1773598867.17699,570,0,0,0,0,9.373154000059003,0.0,0.022055999579606578,4.69617060307269,14.1,545.921875,False
1773598867.3899174,571,0,0,0,0,9.429451001778943,0.0,0.022796000848757103,4.696968916471907,9.4,545.921875,False
1773598867.6026964,572,0,0,0,0,9.34419099939987,0.0,0.023610999051015824,4.696968916471907,9.4,545.921875,False
1773598867.815638,573,0,0,0,0,9.354875997814815,0.0,0.02353700256207958,4.696968916471907,18.8,545.921875,False
1773598868.0286477,574,0,0,0,0,9.43169200036209,0.0,0.023167001927504316,4.696968916471907,4.7,545.921875,False
1773598868.241565,575,0,0,0,0,9.424727999430615,0.0,0.022649001039098948,4.696968916471907,9.4,545.921875,False
1773598868.4544032,576,0,0,0,0,9.38722800128744,0.0,0.022797001292929053,4.697107781291456,9.4,545.921875,False
1773598868.6672974,577,0,0,0,0,9.396581001055893,0.0,0.023869997676229104,4.697107781291456,14.1,545.921875,False
1773598868.8801885,578,0,0,0,0,9.372969001560705,0.0,0.022667001758236438,4.697107781291456,14.1,545.921875,False
1773598869.0930467,579,0,0,0,0,9.421692000614712,0.0,0.02377800046815537,4.697107781291456,9.4,545.921875,False
1773598869.3058414,580,0,0,0,0,9.372709999297513,0.0,0.022628999431617558,4.697107781291456,9.4,545.921875,False
1773598869.518645,581,0,0,0,0,9.371599000587594,0.0,0.022222997358767316,4.698200049958163,9.4,545.921875,False
1773598869.731535,582,0,0,0,0,9.367987997393357,0.0,0.023406999389408156,4.698200049958163,9.4,545.921875,False
1773598869.9444296,583,0,0,0,0,9.386098998220405,0.0,0.023352000425802544,4.698200049958163,18.8,545.921875,False
1773598870.1572692,584,0,0,0,0,9.401375999004813,0.0,0.02296299862791784,4.698200049958163,9.4,545.921875,False
1773598870.3701625,585,0,0,0,0,9.395616998517653,0.0,0.023296997824218124,4.698200049958163,14.1,545.921875,False
1773598870.583001,586,0,0,0,0,9.366932001285022,0.0,0.023332999262493104,4.697681211622704,9.4,545.921875,False
1773598870.795841,587,0,0,0,0,9.384190998389386,0.0,0.024536999262636527,4.697681211622704,9.4,545.921875,False
1773598871.008661,588,0,0,0,0,9.355394999147393,0.0,0.023906999558676034,4.697681211622704,18.8,545.921875,False
1773598871.2215621,589,0,0,0,0,9.397616999194724,0.0,0.023980999685591087,4.697681211622704,9.4,545.921875,False
1773598871.4343333,590,0,0,0,0,9.347857998363907,0.0,0.022202999389264733,4.697681211622704,9.4,545.921875,False
1773598871.6471896,591,0,0,0,0,9.366987000248628,0.0,0.022296000679489225,4.698391617619417,9.4,545.921875,False
1773598871.8600502,592,0,0,0,0,9.445043000596343,0.0,0.02322300133528188,4.698391617619417,9.4,545.921875,False
1773598872.0723655,593,0,0,0,0,8.846798999002203,0.0,0.0228709977818653,4.698391617619417,18.8,545.921875,False
1773598872.2853398,594,0,0,0,0,9.405061999132158,0.0,0.024556000425945967,4.698391617619417,9.4,545.921875,False
1773598872.498183,595,0,0,0,0,9.38067199967918,0.0,0.023629996576346457,4.698391617619417,9.4,545.921875,False
1773598872.7111828,596,0,0,0,0,9.466692001296906,0.0,0.022759999410482123,4.699330735630602,9.4,545.921875,False
1773598872.924017,597,0,0,0,0,9.39769099932164,0.0,0.024000000848900527,4.699330735630602,9.4,545.921875,False
1773598873.1369445,598,0,0,0,0,9.386432000610512,0.0,0.02294499790878035,4.699330735630602,18.8,545.921875,False
1773598873.3497562,599,0,0,0,0,9.370041996589862,0.0,0.023833999875932932,4.699330735630602,9.4,545.921875,False
1773598873.5626812,600,0,0,0,0,9.375634999742033,0.0,0.022314998204819858,4.699330735630602,9.4,545.921875,False
1773598873.7754993,601,0,0,0,0,9.343653997348156,0.0,0.023573997168568894,4.697847479990233,9.4,545.921875,False
1773598873.9883306,602,0,0,0,0,9.329430999059696,0.0,0.02344499807804823,4.697847479990233,9.4,545.921875,False
1773598874.2011702,603,0,0,0,0,9.374838999065105,0.0,0.02374099858570844,4.697847479990233,18.8,545.921875,False
1773598874.4139962,604,0,0,0,0,9.37941300071543,0.0,0.02327699985471554,4.697847479990233,9.4,545.921875,False
1773598874.6269023,605,0,0,0,0,9.364265002659522,0.0,0.023648000933462754,4.697847479990233,9.4,545.921875,False
1773598874.8398292,606,0,0,0,0,9.391321000293829,0.0,0.024740998924244195,4.69782643271081,9.4,545.921875,False
1773598875.053001,607,0,0,0,0,9.432432001631241,0.0,0.02296299862791784,4.69782643271081,9.4,545.921875,False
1773598875.2658424,608,0,0,0,0,9.383227999933297,0.0,0.022796000848757103,4.69782643271081,18.8,545.921875,False
1773598875.478756,609,0,0,0,0,9.361264998005936,0.0,0.02457399750710465,4.69782643271081,9.4,545.921875,False
1773598875.6918445,610,0,0,0,0,9.358913001051405,0.0,0.024240998754976317,4.69782643271081,9.4,545.921875,False
1773598875.904812,611,0,0,0,0,9.365358000650303,0.0,0.039500002458225936,4.695010955350928,14.1,545.9375,False
1773598876.1178148,612,0,0,0,0,9.347691000584746,0.0,0.02377800046815537,4.695010955350928,9.4,545.9375,False
1773598876.3306386,613,0,0,0,0,9.35367200145265,0.0,0.02290699922014028,4.695010955350928,18.8,545.9375,False
1773598876.5435011,614,0,0,0,0,9.393839998665499,0.0,0.023926000721985474,4.695010955350928,9.4,545.9375,False
1773598876.756299,615,0,0,0,0,9.357636001368519,0.0,0.025130000722128898,4.695010955350928,9.4,545.9375,False
1773598876.9691365,616,0,0,0,0,9.369635001348797,0.0,0.023110998881747946,4.6977138329692885,9.4,545.9375,False
1773598877.1821527,617,0,0,0,0,9.409950998815475,0.0,0.024149001546902582,4.6977138329692885,9.4,545.9375,False
1773598877.395029,618,0,0,0,0,9.322338002675679,0.0,0.023185002646641806,4.6977138329692885,14.1,545.9375,False
1773598877.60781,619,0,0,0,0,9.338597999885678,0.0,0.02320400017197244,4.6977138329692885,14.1,545.9375,False
1773598877.8206701,620,0,0,0,0,9.3761349999113,0.0,0.023648000933462754,4.6977138329692885,9.4,545.9375,False
1773598878.0336518,621,0,0,0,0,9.363728000607807,0.0,0.02301900167367421,4.69699626798397,9.4,545.9375,False
1773598878.2465482,622,0,0,0,0,9.381394997035386,0.0,0.023167001927504316,4.69699626798397,9.4,545.9375,False
1773598878.4595668,623,0,0,0,0,9.448117001738865,0.0,0.02331500218133442,4.69699626798397,18.8,545.9375,False
1773598878.672578,624,0,0,0,0,9.4603770012327,0.0,0.02325999957975,4.69699626798397,9.4,545.9375,False
1773598878.8855517,625,0,0,0,0,9.466802999668289,0.0,0.022518001060234383,4.69699626798397,9.4,545.9375,False
1773598879.0985134,626,0,0,0,0,9.42343199858442,0.0,0.02303800283698365,4.695454560720231,9.4,545.9375,False
1773598879.3113954,627,0,0,0,0,9.437543001695303,0.0,0.02383299943176098,4.695454560720231,9.4,545.9375,False
1773598879.5242858,628,0,0,0,0,9.434284002054483,0.0,0.02383299943176098,4.695454560720231,18.8,545.9375,False
1773598879.737148,629,0,0,0,0,9.406729001057101,0.0,0.022612002794630826,4.695454560720231,9.4,545.9375,False
1773598879.9501488,630,0,0,0,0,9.390266000991687,0.0,0.02329700146219693,4.695454560720231,9.4,545.953125,False
1773598880.1630013,631,0,0,0,0,9.407616998942103,0.0,0.02327800029888749,4.697114093523806,9.4,545.953125,False
1773598880.3759482,632,0,0,0,0,9.478913998464122,0.0,0.02383300306973979,4.697114093523806,9.4,545.96875,False
1773598880.5884364,633,0,0,0,0,8.896336999896448,0.0,0.02048100213869475,4.697114093523806,18.8,545.96875,False
1773598880.8013802,634,0,0,0,0,9.393060998263536,0.0,0.02240799949504435,4.697114093523806,9.4,545.96875,False
1773598881.0143294,635,0,0,0,0,9.414117997948779,0.0,0.021777999791083857,4.697114093523806,9.4,545.96875,False
1773598881.2272406,636,0,0,0,0,9.460673998546554,0.0,0.02298199979122728,4.698203207540238,14.1,545.96875,False
1773598881.4400873,637,0,0,0,0,9.396320998348529,0.0,0.02329700146219693,4.698203207540238,9.4,545.96875,False
1773598881.652983,638,0,0,0,0,9.471635999943828,0.0,0.024167002266040072,4.698203207540238,14.1,545.96875,False
1773598881.8658798,639,0,0,0,0,9.380172999954084,0.0,0.023130000045057386,4.698203207540238,14.1,545.96875,False
1773598882.078726,640,0,0,0,0,9.378931998071494,0.0,0.024443997972412035,4.698203207540238,9.4,545.96875,False
1773598882.2916372,641,0,0,0,0,9.36758000170812,0.0,0.023093001800589263,4.697480232030193,9.4,545.96875,False
1773598882.504481,642,0,0,0,0,9.34093199975905,0.0,0.022852000256534666,4.697480232030193,9.4,545.96875,False
1773598882.7172928,643,0,0,0,0,9.382783999171806,0.0,0.022371001250576228,4.697480232030193,18.8,545.96875,False
1773598882.9302664,644,0,0,0,0,9.377784001117107,0.0,0.02268499883939512,4.697480232030193,9.4,545.96875,False
1773598883.1430535,645,0,0,0,0,9.326135001174407,0.0,0.02344499807804823,4.697480232030193,9.4,545.96875,False
1773598883.3558528,646,0,0,0,0,9.349968000606168,0.0,0.02348199996049516,4.69831583074295,14.1,545.96875,False
1773598883.5686982,647,0,0,0,0,9.327578998636454,0.0,0.023371001589111984,4.69831583074295,4.7,545.96875,False
1773598883.78149,648,0,0,0,0,9.352708999358583,0.0,0.023926000721985474,4.69831583074295,18.8,545.96875,False
1773598883.9943411,649,0,0,0,0,9.339042997453362,0.0,0.023333999706665054,4.69831583074295,9.4,545.96875,False
1773598884.2071102,650,0,0,0,0,9.340264998172643,0.0,0.022999996872385964,4.69831583074295,9.4,545.96875,False
1773598884.4198725,651,0,0,0,0,9.331152999948245,0.0,0.02272200072184205,4.699144356124959,9.4,545.96875,False
1773598884.6327069,652,0,0,0,0,9.298190998379141,0.0,0.022852000256534666,4.699144356124959,9.4,545.96875,False
1773598884.8455937,653,0,0,0,0,9.334542002761737,0.0,0.02325899913557805,4.699144356124959,18.8,545.96875,False
1773598885.0584867,654,0,0,0,0,9.331060999102192,0.0,0.022815002012066543,4.699144356124959,9.4,545.96875,False
1773598885.271335,655,0,0,0,0,9.34728300126153,0.0,0.023962998966453597,4.699144356124959,9.4,545.96875,False
1773598885.4841533,656,0,0,0,0,9.320895002019824,0.0,0.021945001208223403,4.698033756633504,9.4,545.96875,False
1773598885.697086,657,0,0,0,0,9.357023998745717,0.0,0.022759999410482123,4.698033756633504,9.4,545.96875,False
1773598885.9098911,658,0,0,0,0,9.325950002676109,0.0,0.022554999304702505,4.698033756633504,18.8,545.96875,False
1773598886.1226292,659,0,0,0,0,9.30646900087595,0.0,0.02372299786657095,4.698033756633504,9.4,545.96875,False
1773598886.33539,660,0,0,0,0,9.291580001445254,0.0,0.02374099858570844,4.698033756633504,9.4,545.96875,False
1773598886.5481462,661,0,0,0,0,9.333357000286924,0.0,0.021927000489085913,4.699270713497918,9.4,545.96875,False
1773598886.7610128,662,0,0,0,0,9.347079998406116,0.0,0.02261199915665202,4.699270713497918,14.1,545.96875,False
1773598886.9738815,663,0,0,0,0,9.376560999953654,0.0,0.02292600038344972,4.699270713497918,14.1,545.96875,False
1773598887.1867857,664,0,0,0,0,9.36120999904233,0.0,0.02288899850100279,4.699270713497918,14.1,545.96875,False
1773598887.3997228,665,0,0,0,0,9.345839000161504,0.0,0.023111002519726753,4.699270713497918,9.4,545.96875,False
1773598887.6125746,666,0,0,0,0,9.33826500113355,0.0,0.023629996576346457,4.6974402486125415,9.4,545.96875,False
1773598887.8254771,667,0,0,0,0,9.358969000459183,0.0,0.022685002477373928,4.6974402486125415,9.4,545.96875,False
1773598888.0382638,668,0,0,0,0,9.31583899728139,0.0,0.022481999621959403,4.6974402486125415,18.8,545.96875,False
1773598888.251088,669,0,0,0,0,9.30895000055898,0.0,0.02348199996049516,4.6974402486125415,9.4,545.96875,False
1773598888.4639006,670,0,0,0,0,9.301468999183271,0.0,0.022574000468011945,4.6974402486125415,9.4,545.96875,False
1773598888.6766906,671,0,0,0,0,9.319394001067849,0.0,0.022592001187149435,4.6987411109599995,9.4,545.96875,False
1773598888.8895652,672,0,0,0,0,9.350395001092693,0.0,0.0229439974646084,4.6987411109599995,9.4,545.96875,False
1773598889.1018963,673,0,0,0,0,8.804391000012401,0.0,0.021463001758093014,4.6987411109599995,18.8,545.96875,False
1773598889.3147228,674,0,0,0,0,9.355838999908883,0.0,0.022555999748874456,4.6987411109599995,9.4,545.96875,False
1773598889.5275922,675,0,0,0,0,9.34000599954743,0.0,0.02292600038344972,4.6987411109599995,9.4,545.96875,False
1773598889.7404637,676,0,0,0,0,9.349246000056155,0.0,0.025092002033488825,4.700187007715189,9.4,545.96875,False
1773598889.953351,677,0,0,0,0,9.345264999865321,0.0,0.023389002308249474,4.700187007715189,9.4,545.96875,False
1773598890.166186,678,0,0,0,0,9.305339001002721,0.0,0.022240001271711662,4.700187007715189,18.8,545.96875,False
1773598890.3789802,679,0,0,0,0,9.309245997428661,0.0,0.023054999473970383,4.700187007715189,9.4,545.96875,False
1773598890.591786,680,0,0,0,0,9.352043001854327,0.0,0.02350000067963265,4.700187007715189,9.4,545.96875,False
1773598890.8045752,681,0,0,0,0,9.321654000814306,0.0,0.022591997549170628,4.698863235348485,9.4,545.96875,False
1773598891.0173538,682,0,0,0,0,9.325042999989819,0.0,0.022832999093225226,4.698863235348485,9.4,545.984375,False
1773598891.2301528,683,0,0,0,0,9.354636000352912,0.0,0.02290799966431223,4.698863235348485,18.8,545.984375,False
1773598891.4429977,684,0,0,0,0,9.340098000393482,0.0,0.02320400017197244,4.698863235348485,9.4,545.984375,False
1773598891.6559978,685,0,0,0,0,9.37317200077814,0.0,0.024593002308392897,4.698863235348485,9.4,545.984375,False
1773598891.8689008,686,0,0,0,0,9.355616999528138,0.0,0.023111002519726753,4.697725408394722,9.4,545.984375,False
1773598892.081761,687,0,0,0,0,9.340839002106804,0.0,0.02325999957975,4.697725408394722,9.4,545.984375,False
1773598892.2945726,688,0,0,0,0,9.290858000895241,0.0,0.023685002815909684,4.697725408394722,18.8,545.984375,False
1773598892.5074444,689,0,0,0,0,9.318856999016134,0.0,0.023186003090813756,4.697725408394722,9.4,545.984375,False
1773598892.72033,690,0,0,0,0,9.333616999356309,0.0,0.023982000129763037,4.697725408394722,9.4,545.984375,False
1773598892.9331188,691,0,0,0,0,9.338764997664839,0.0,0.022258998797042295,4.69830846270481,9.4,545.984375,False
1773598893.1459382,692,0,0,0,0,9.351728000183357,0.0,0.022889002138981596,4.69830846270481,9.4,545.984375,False
1773598893.3587291,693,0,0,0,0,9.357523998914985,0.0,0.02292600038344972,4.69830846270481,18.8,545.984375,False
1773598893.5716043,694,0,0,0,0,9.408876998350024,0.0,0.023093001800589263,4.69830846270481,9.4,545.984375,False
1773598893.7844853,695,0,0,0,0,9.368597999127815,0.0,0.022795997210778296,4.69830846270481,9.4,545.984375,False
1773598893.997458,696,0,0,0,0,9.421579998161178,0.0,0.023906999558676034,4.697748559416724,9.4,545.984375,False
1773598894.21026,697,0,0,0,0,9.37195000005886,0.0,0.021537001885008067,4.697748559416724,9.4,545.984375,False
1773598894.4231358,698,0,0,0,0,9.328190997621277,0.0,0.02274100188515149,4.697748559416724,18.8,545.984375,False
1773598894.6360197,699,0,0,0,0,9.358097999211168,0.0,0.022370000806404278,4.697748559416724,9.4,545.984375,False
1773598894.8489623,700,0,0,0,0,9.384005999891087,0.0,0.02329700146219693,4.697748559416724,9.4,545.984375,False
1773598895.061864,701,0,0,0,0,9.389377002662513,0.0,0.022074000298744068,4.697443405173399,9.4,545.984375,False
1773598895.274741,702,0,0,0,0,9.37022799917031,0.0,0.02351900184294209,4.697443405173399,9.4,545.984375,False
1773598895.4875555,703,0,0,0,0,9.368597999127815,0.0,0.022240001271711662,4.697443405173399,18.8,545.984375,False
1773598895.7004128,704,0,0,0,0,9.394654000061564,0.0,0.023685999622102827,4.697443405173399,9.4,545.984375,False
1773598895.9133058,705,0,0,0,0,9.375968998938333,0.0,0.022018000890966505,4.697443405173399,9.4,545.984375,False
1773598896.1261327,706,0,0,0,0,9.413376999873435,0.0,0.023332999262493104,4.698093747171715,9.4,545.984375,False
1773598896.3389387,707,0,0,0,0,9.3635240009462,0.0,0.02348199996049516,4.698093747171715,9.4,545.984375,False
1773598896.5519075,708,0,0,0,0,9.391043000505306,0.0,0.023388998670270666,4.698093747171715,18.8,545.984375,False
1773598896.7647223,709,0,0,0,0,9.3498019996332,0.0,0.02348199996049516,4.698093747171715,9.4,545.984375,False
1773598896.9776394,710,0,0,0,0,9.386524998262757,0.0,0.02346299879718572,4.698093747171715,9.4,545.984375,False
1773598897.190587,711,0,0,0,0,9.3769320010324,0.0,0.02188900180044584,4.6972561232370325,9.4,545.984375,False
1773598897.4034796,712,0,0,0,0,9.350134998385329,0.0,0.023333999706665054,4.6972561232370325,9.4,545.984375,False
1773598897.615934,713,0,0,0,0,8.926892001909437,0.0,0.022685002477373928,4.6972561232370325,18.8,545.984375,False
1773598897.8291066,714,0,0,0,0,9.522543001367012,0.0,0.024684999516466632,4.6972561232370325,9.4,545.984375,False
1773598898.0421782,715,0,0,0,0,9.496321999904467,0.0,0.025166002160403877,4.6972561232370325,9.4,546.0,False
1773598898.2552075,716,0,0,0,0,9.4921730014903,0.0,0.026501002139411867,4.696580769735519,9.4,546.0,False
1773598898.4681551,717,0,0,0,0,9.394802000315394,0.0,0.023426000552717596,4.696580769735519,14.1,546.0,False
1773598898.6810718,718,0,0,0,0,9.358913001051405,0.0,0.02266699812025763,4.696580769735519,18.8,546.0,False
1773598898.8940055,719,0,0,0,0,9.382525000546593,0.0,0.022555999748874456,4.696580769735519,9.4,546.0,False
1773598899.106831,720,0,0,0,0,9.32204300261219,0.0,0.022093001462053508,4.696580769735519,9.4,546.0,False
1773598899.3196526,721,0,0,0,0,9.363821001898032,0.0,0.022814998374087736,4.697230872882479,9.4,546.0,False
1773598899.5325599,722,0,0,0,0,9.34885699825827,0.0,0.023869997676229104,4.697230872882479,9.4,546.0,False
1773598899.7454429,723,0,0,0,0,9.363449997181306,0.0,0.023573997168568894,4.697230872882479,18.8,546.0,False
1773598899.9583755,724,0,0,0,0,9.447988002648344,0.0,0.02594499892438762,4.697230872882479,9.4,546.0,False
1773598900.1713293,725,0,0,0,0,9.380393999890657,0.0,0.027277998015051708,4.697230872882479,9.4,546.0,False
1773598900.384199,726,0,0,0,0,9.356245998787927,0.0,0.02301900167367421,4.696873188688187,9.4,546.0,False
1773598900.5971394,727,0,0,0,0,9.390579998580506,0.0,0.022574000468011945,4.696873188688187,9.4,546.0,False
1773598900.8100133,728,0,0,0,0,9.33874700058368,0.0,0.023648000933462754,4.696873188688187,18.8,546.0,False
1773598901.0228808,729,0,0,0,0,9.37069100109511,0.0,0.02401899837423116,4.696873188688187,9.4,546.0,False
1773598901.2356577,730,0,0,0,0,9.325562001322396,0.0,0.022852000256534666,4.696873188688187,9.4,546.0,False
1773598901.4484851,731,0,0,0,0,9.3017460021656,0.0,0.022833999537397176,4.697971662777736,9.4,546.0,False
1773598901.6613822,732,0,0,0,0,9.340043001429876,0.0,0.022184998670127243,4.697971662777736,9.4,546.0,False
1773598901.8741527,733,0,0,0,0,9.290820999012794,0.0,0.022352000087266788,4.697971662777736,14.1,546.0,False
1773598902.0870106,734,0,0,0,0,9.343172001536004,0.0,0.02322199725313112,4.697971662777736,9.4,546.0,False
1773598902.2998917,735,0,0,0,0,9.366357000544667,0.0,0.025649002054706216,4.697971662777736,14.1,546.0,False
1773598902.5129282,736,0,0,0,0,9.423709998372942,0.0,0.023130000045057386,4.6973013641345265,9.4,546.0,False
1773598902.7257783,737,0,0,0,0,9.397302997967927,0.0,0.022833002731204033,4.6973013641345265,9.4,546.0,False
1773598902.9385457,738,0,0,0,0,9.32082100189291,0.0,0.023333999706665054,4.6973013641345265,18.8,546.0,False
1773598903.151482,739,0,0,0,0,9.395765999215655,0.0,0.02300000051036477,4.6973013641345265,9.4,546.0,False
1773598903.7907555,740,1,0,0,0,9.394691998750204,426.4862960008031,0.013610999303637072,3.130152361847447,134.5,550.609375,True
1773598904.3779912,741,1,0,0,0,7.202750999567797,376.86310000208323,0.013426000805338845,3.130152361847447,132.8,552.84375,True
1773598904.5884116,742,0,0,0,0,7.164714003010886,0.0,0.02151899752789177,3.130152361847447,9.5,552.84375,False
1773598904.7988122,743,0,0,0,0,7.121491002180846,0.0,0.023426000552717596,2.9761217950234107,14.3,552.84375,False
1773598905.009172,744,0,0,0,0,7.118862002243986,0.0,0.021314997866284102,2.9761217950234107,4.8,552.84375,False
1773598905.2192924,745,0,0,0,0,6.829860001744237,0.0,0.018611000996315852,2.9761217950234107,9.5,552.84375,False
1773598905.429479,746,0,0,0,0,6.8887859997630585,0.0,0.018999999156221747,2.9761217950234107,9.5,552.84375,False
1773598905.6394587,747,0,0,0,0,6.82713700007298,0.0,0.018481001461623237,2.9761217950234107,4.8,552.84375,False
1773598905.8495276,748,0,0,0,0,6.857229996967362,0.0,0.01803800114430487,4.758594290146113,14.3,552.84375,False
1773598906.059572,749,0,0,0,0,6.884138001623796,0.0,0.01909300044644624,4.758594290146113,9.5,552.84375,False
1773598906.2696702,750,0,0,0,0,6.88721199912834,0.0,0.018889000784838572,4.758594290146113,4.8,552.84375,False
1773598906.4796367,751,0,0,0,0,6.801118997827871,0.0,0.01827800224418752,4.758594290146113,9.5,552.84375,False
1773598906.68971,752,0,0,0,0,6.909933999850182,0.0,0.018593000277178362,4.758594290146113,4.8,552.84375,False
1773598906.8997197,753,0,0,0,0,6.843581999419257,0.0,0.018128997908206657,4.761048771445585,14.3,552.859375,False
1773598907.109778,754,0,0,0,0,6.895360002090456,0.0,0.018759001250145957,4.761048771445585,4.8,552.859375,False
1773598907.3198254,755,0,0,0,0,6.860933997813845,0.0,0.01937100023496896,4.761048771445585,9.5,552.859375,False
1773598907.5298376,756,0,0,0,0,6.85848899956909,0.0,0.01829600296332501,4.761048771445585,9.5,552.859375,False
1773598907.7398221,757,0,0,0,0,6.827878001786303,0.0,0.019425999198574573,4.761048771445585,4.8,552.859375,False
1773598907.949881,758,0,0,0,0,6.843897001090227,0.0,0.018648999684955925,4.761179560877156,14.3,552.859375,False
1773598908.159975,759,0,0,0,0,6.8638419979834,0.0,0.018591999833006412,4.761179560877156,9.5,552.859375,False
1773598908.3701463,760,0,0,0,0,6.876155999634648,0.0,0.018980997992912307,4.761179560877156,4.8,552.859375,False
1773598908.582761,761,0,0,0,0,9.371099000418326,0.0,0.024204000510508195,4.761179560877156,9.4,552.859375,False
1773598908.795626,762,0,0,0,0,9.350820997497067,0.0,0.02290699922014028,4.761179560877156,9.4,552.859375,False
1773598909.0085807,763,0,0,0,0,9.357228002045304,0.0,0.022554999304702505,4.7230749065475495,18.8,552.859375,False
1773598909.2213945,764,0,0,0,0,9.350060998258414,0.0,0.022778000129619613,4.7230749065475495,9.4,552.859375,False
1773598909.4342597,765,0,0,0,0,9.347004997835029,0.0,0.02157400012947619,4.7230749065475495,9.4,552.859375,False
1773598909.6470747,766,0,0,0,0,9.345413996925345,0.0,0.02353699892410077,4.7230749065475495,9.4,552.859375,False
1773598909.8599303,767,0,0,0,0,9.372931999678258,0.0,0.02244500137749128,4.7230749065475495,9.4,552.859375,False
1773598910.0727668,768,0,0,0,0,9.32420900062425,0.0,0.03674099934869446,4.698345303126604,18.8,552.859375,False
1773598910.285682,769,0,0,0,0,9.366969003167469,0.0,0.022111002181190997,4.698345303126604,9.4,552.859375,False
1773598910.4984856,770,0,0,0,0,9.319171997049125,0.0,0.023388998670270666,4.698345303126604,9.4,552.859375,False
1773598910.71159,771,0,0,0,0,9.41580300059286,0.0,0.02322300133528188,4.698345303126604,9.4,552.859375,False
1773598910.9245453,772,0,0,0,0,9.38350599972182,0.0,0.023665998014621437,4.698345303126604,9.4,552.859375,False
1773598911.1368432,773,0,0,0,0,8.816853998723673,0.0,0.022963002265896648,4.698871657954107,14.1,552.859375,False
1773598911.3497362,774,0,0,0,0,9.437191001779865,0.0,0.024499997380189598,4.698871657954107,9.4,552.859375,False
1773598911.5627317,775,0,0,0,0,9.435266001673881,0.0,0.02359200152568519,4.698871657954107,14.1,552.859375,False
1773598911.7755947,776,0,0,0,0,9.373895001772325,0.0,0.02266699812025763,4.698871657954107,9.4,552.859375,False
1773598911.988456,777,0,0,0,0,9.385080000356538,0.0,0.022352000087266788,4.698871657954107,9.4,552.859375,False
1773598912.2013817,778,0,0,0,0,9.389136001118459,0.0,0.023648000933462754,4.696895279368865,14.1,552.859375,False
1773598912.4143114,779,0,0,0,0,9.36993200230063,0.0,0.023332999262493104,4.696895279368865,14.1,552.859375,False
1773598912.6272087,780,0,0,0,0,9.395488003065111,0.0,0.02242700065835379,4.696895279368865,9.4,552.859375,False
1773598912.8400123,781,0,0,0,0,9.348932002467336,0.0,0.022000000171829015,4.696895279368865,9.4,552.859375,False
1773598913.0530164,782,0,0,0,0,9.455266001168638,0.0,0.02325899913557805,4.696895279368865,9.4,552.859375,False
1773598913.266001,783,0,0,0,0,9.36524599819677,0.0,0.02240799949504435,4.696560785596824,18.8,552.859375,False
1773598913.478877,784,0,0,0,0,9.388228001625976,0.0,0.02325999957975,4.696560785596824,9.4,552.859375,False
1773598913.6918795,785,0,0,0,0,9.50437699793838,0.0,0.023796997993486002,4.696560785596824,9.4,552.859375,False
1773598913.9048872,786,0,0,0,0,9.398080001119524,0.0,0.022667001758236438,4.696560785596824,9.4,552.859375,False
1773598914.117734,787,0,0,0,0,9.312431000580546,0.0,0.022480999177787453,4.696560785596824,9.4,552.859375,False
1773598914.3305016,788,0,0,0,0,9.226320002198918,0.0,0.023074000637279823,4.697059388073738,18.8,552.859375,False
1773598914.543406,789,0,0,0,0,9.316652998677455,0.0,0.022371001250576228,4.697059388073738,9.4,552.859375,False
1773598914.7563746,790,0,0,0,0,9.432821003429126,0.0,0.02322200089110993,4.697059388073738,9.4,552.859375,False
1773598914.9693537,791,0,0,0,0,9.453542999835918,0.0,0.022296000679489225,4.697059388073738,9.4,552.859375,False
1773598915.182216,792,0,0,0,0,9.363117002067156,0.0,0.0220929978240747,4.697059388073738,9.4,552.859375,False
1773598915.3950872,793,0,0,0,0,9.365208999952301,0.0,0.02268499883939512,4.696650189644021,18.8,552.859375,False
1773598915.608143,794,0,0,0,0,9.422709998034406,0.0,0.022593001631321386,4.696650189644021,9.4,552.859375,False
1773598915.8211486,795,0,0,0,0,9.419247002369957,0.0,0.02296299862791784,4.696650189644021,9.4,552.859375,False
1773598916.0340192,796,0,0,0,0,9.384025001054397,0.0,0.02349999704165384,4.696650189644021,9.4,552.859375,False
1773598916.246874,797,0,0,0,0,9.3580610009667,0.0,0.02183399919886142,4.696650189644021,9.4,552.859375,False
1773598916.4597163,798,0,0,0,0,9.402247000252828,0.0,0.022518001060234383,4.696477695475315,18.8,552.859375,False
1773598916.6727357,799,0,0,0,0,9.452469003008446,0.0,0.022852000256534666,4.696477695475315,9.4,552.859375,False
1773598916.8856647,800,0,0,0,0,9.41796899860492,0.0,0.02351800139877014,4.696477695475315,9.4,552.875,False
1773598917.0985065,801,0,0,0,0,9.353265002573607,0.0,0.02238899833173491,4.696477695475315,9.4,552.875,False
1773598917.3114345,802,0,0,0,0,9.389691000251332,0.0,0.023666001652600244,4.696477695475315,14.1,552.875,False
1773598917.5243633,803,0,0,0,0,9.409746999153867,0.0,0.022000000171829015,4.696410384114787,14.1,552.875,False
1773598917.7372956,804,0,0,0,0,9.422876999451546,0.0,0.023352000425802544,4.696410384114787,9.4,552.875,False
1773598917.9501584,805,0,0,0,0,9.291689999372466,0.0,0.02151899752789177,4.696410384114787,14.1,552.875,False
1773598918.163107,806,0,0,0,0,9.363728000607807,0.0,0.02296299862791784,4.696410384114787,9.4,552.875,False
1773598918.3759913,807,0,0,0,0,9.394838998559862,0.0,0.02298199979122728,4.696410384114787,9.4,552.875,False
1773598918.5889785,808,0,0,0,0,9.493303001363529,0.0,0.02242600021418184,4.6965334391563065,14.1,552.875,False
1773598918.8018913,809,0,0,0,0,9.39241399828461,0.0,0.023463002435164526,4.6965334391563065,14.1,552.875,False
1773598919.0147457,810,0,0,0,0,9.361468997667544,0.0,0.02264799695694819,4.6965334391563065,9.4,552.875,False
1773598919.2277381,811,0,0,0,0,9.400265000294894,0.0,0.023111999325919896,4.6965334391563065,9.4,552.875,False
1773598919.4407244,812,0,0,0,0,9.380506002344191,0.0,0.022610998712480068,4.6965334391563065,4.7,552.875,False
1773598919.6532466,813,0,0,0,0,9.004262999951607,0.0,0.02316699828952551,4.698069540278938,23.5,552.875,False
1773598919.866175,814,0,0,0,0,9.420766000403091,0.0,0.022333999368129298,4.698069540278938,9.4,552.875,False
1773598920.0790625,815,0,0,0,0,9.37634000001708,0.0,0.022796000848757103,4.698069540278938,9.4,552.875,False
1773598920.2919676,816,0,0,0,0,9.425709999050014,0.0,0.022814998374087736,4.698069540278938,9.4,552.875,False
1773598920.5049205,817,0,0,0,0,9.37083900134894,0.0,0.02218500230810605,4.698069540278938,9.4,552.875,False
1773598920.717916,818,0,0,0,0,9.380858002259629,0.0,0.023296997824218124,4.696326247627374,18.8,552.875,False
1773598920.9308882,819,0,0,0,0,9.338099000160582,0.0,0.022277999960351735,4.696326247627374,9.4,552.875,False
1773598921.1437702,820,0,0,0,0,9.377080001286231,0.0,0.02403699909336865,4.696326247627374,9.4,552.875,False
1773598921.3567872,821,0,0,0,0,9.365710000565741,0.0,0.022037002054275945,4.696326247627374,9.4,552.875,False
1773598921.5697155,822,0,0,0,0,9.375746001751395,0.0,0.022759999410482123,4.696326247627374,9.4,552.875,False
1773598921.7826173,823,0,0,0,0,9.320913002738962,0.0,0.02244500137749128,4.696189532264761,18.8,552.875,False
1773598921.9954765,824,0,0,0,0,9.34763499753899,0.0,0.02211099854321219,4.696189532264761,9.4,552.890625,False
1773598922.208351,825,0,0,0,0,9.362654000142356,0.0,0.02298199979122728,4.696189532264761,9.4,552.890625,False
1773598922.4211962,826,0,0,0,0,9.33807900219108,0.0,0.023017997591523454,4.696189532264761,9.4,552.890625,False
1773598922.6340752,827,0,0,0,0,9.373208999022609,0.0,0.02303800283698365,4.696189532264761,9.4,552.890625,False
1773598922.8469305,828,0,0,0,0,9.360505999211455,0.0,0.022759999410482123,4.697818013851847,18.8,552.890625,False
1773598923.059871,829,0,0,0,0,9.373412998684216,0.0,0.02387000131420791,4.697818013851847,9.4,552.890625,False
1773598923.2728212,830,0,0,0,0,9.374876000947552,0.0,0.022758998966310173,4.697818013851847,9.4,552.890625,False
1773598923.485668,831,0,0,0,0,9.36543199713924,0.0,0.023814998712623492,4.697818013851847,9.4,552.890625,False
1773598923.6986027,832,0,0,0,0,9.371931999339722,0.0,0.023111002519726753,4.697818013851847,9.4,552.890625,False
1773598923.911475,833,0,0,0,0,9.338264997495571,0.0,0.0240379995375406,4.696868980963046,18.8,552.890625,False
1773598924.1244178,834,0,0,0,0,9.375634999742033,0.0,0.023111002519726753,4.696868980963046,9.4,552.890625,False
1773598924.3373296,835,0,0,0,0,9.40500599972438,0.0,0.02314899757038802,4.696868980963046,9.4,552.890625,False
1773598924.5502331,836,0,0,0,0,9.358635998069076,0.0,0.02290799966431223,4.696868980963046,9.4,552.890625,False
1773598924.7630703,837,0,0,0,0,9.322783000243362,0.0,0.023388998670270666,4.696868980963046,9.4,552.890625,False
1773598924.9759274,838,0,0,0,0,9.341283999674488,0.0,0.02129600034095347,4.6972708527358895,18.8,552.890625,False
1773598925.188795,839,0,0,0,0,9.362635999423219,0.0,0.023740001779515296,4.6972708527358895,9.4,552.890625,False
1773598925.4016535,840,0,0,0,0,9.372505999635905,0.0,0.02292600038344972,4.6972708527358895,9.4,552.890625,False
1773598925.61451,841,0,0,0,0,9.378690996527439,0.0,0.02214900086983107,4.6972708527358895,9.4,552.890625,False
1773598925.8273602,842,0,0,0,0,9.31785799912177,0.0,0.022776999685447663,4.6972708527358895,9.4,552.890625,False
1773598926.0401716,843,0,0,0,0,9.331468001619214,0.0,0.023648997739655897,4.698165316835463,18.8,552.890625,False
1773598926.2530124,844,0,0,0,0,9.362783999677049,0.0,0.02261199915665202,4.698165316835463,9.4,552.890625,False
1773598926.4658809,845,0,0,0,0,9.347172002890147,0.0,0.022296000679489225,4.698165316835463,9.4,552.890625,False
1773598926.6786778,846,0,0,0,0,9.335339000244858,0.0,0.02346299879718572,4.698165316835463,9.4,552.890625,False
1773598926.8914814,847,0,0,0,0,9.315765000792453,0.0,0.02212999970652163,4.698165316835463,9.4,552.890625,False
1773598927.1043694,848,0,0,0,0,9.329467997304164,0.0,0.02290699922014028,4.698385301952993,18.8,552.890625,False
1773598927.317215,849,0,0,0,0,9.363968998513883,0.0,0.022648000594926998,4.698385301952993,9.4,552.890625,False
1773598927.5300083,850,0,0,0,0,9.312597998359706,0.0,0.022593001631321386,4.698385301952993,9.4,552.890625,False
1773598927.7428029,851,0,0,0,0,9.342245997686405,0.0,0.022333002561936155,4.698385301952993,9.4,552.890625,False
1773598927.9555905,852,0,0,0,0,9.307005999289686,0.0,0.022462998458649963,4.698385301952993,9.4,552.890625,False
1773598928.1678572,853,0,0,0,0,8.714816001884174,0.0,0.022222000552574173,4.701503094091175,18.8,552.890625,False
1773598928.3807154,854,0,0,0,0,9.318338998127729,0.0,0.022814998374087736,4.701503094091175,14.1,552.890625,False
1773598928.593638,855,0,0,0,0,9.439468998607481,0.0,0.022815002012066543,4.701503094091175,9.4,552.890625,False
1773598928.8063977,856,0,0,0,0,9.288634999393253,0.0,0.02244500137749128,4.701503094091175,9.4,552.890625,False
1773598929.0192318,857,0,0,0,0,9.302394999394892,0.0,0.02350000067963265,4.701503094091175,9.4,552.890625,False
1773598929.2320511,858,0,0,0,0,9.345116999611491,0.0,0.02325999957975,4.698403196385292,18.8,552.90625,False
1773598929.4449186,859,0,0,0,0,9.368745999381645,0.0,0.021944997570244595,4.698403196385292,9.4,552.90625,False
1773598929.6578405,860,0,0,0,0,9.378876002301695,0.0,0.024166998628061265,4.698403196385292,9.4,552.90625,False
1773598929.8707302,861,0,0,0,0,9.426505999726942,0.0,0.022296000679489225,4.698403196385292,9.4,552.90625,False
1773598930.0836217,862,0,0,0,0,9.348247000161791,0.0,0.023036998754832894,4.698403196385292,9.4,552.90625,False
1773598930.2964365,863,0,0,0,0,9.324154001660645,0.0,0.02324100205441937,4.69760229088393,18.8,552.90625,False
1773598930.5093474,864,0,0,0,0,9.438469998713117,0.0,0.022963002265896648,4.69760229088393,9.4,552.90625,False
1773598930.7223287,865,0,0,0,0,9.387968999362784,0.0,0.024000000848900527,4.69760229088393,9.4,552.90625,False
1773598930.9352236,866,0,0,0,0,9.351987002446549,0.0,0.024462999135721475,4.69760229088393,9.4,552.90625,False
1773598931.1480172,867,0,0,0,0,9.31987600051798,0.0,0.023036998754832894,4.69760229088393,9.4,552.90625,False
1773598931.3609293,868,0,0,0,0,9.351728000183357,0.0,0.02209199737990275,4.697026775815537,18.8,552.90625,False
1773598931.5737624,869,0,0,0,0,9.393839001859305,0.0,0.023167001927504316,4.697026775815537,9.4,552.90625,False
1773598931.7866156,870,0,0,0,0,9.348653999040835,0.0,0.023314998543355614,4.697026775815537,9.4,552.90625,False
1773598931.9994988,871,0,0,0,0,9.333635000075446,0.0,0.022481999621959403,4.697026775815537,9.4,552.90625,False
1773598932.212332,872,0,0,0,0,9.355764999781968,0.0,0.02301900167367421,4.697026775815537,9.4,552.90625,False
1773598932.425217,873,0,0,0,0,9.326153001893545,0.0,0.022833999537397176,4.697991658924988,18.8,552.90625,False
1773598932.6381133,874,0,0,0,0,9.35215400022571,0.0,0.022889002138981596,4.697991658924988,9.4,552.90625,False
1773598932.8510096,875,0,0,0,0,9.450451001612237,0.0,0.022296000679489225,4.697991658924988,9.4,552.90625,False
1773598933.063961,876,0,0,0,0,9.388228001625976,0.0,0.023704000341240317,4.697991658924988,9.4,552.90625,False
1773598933.2768118,877,0,0,0,0,9.345467999082757,0.0,0.02268499883939512,4.697991658924988,9.4,552.90625,False
1773598933.4896677,878,0,0,0,0,9.385968998685712,0.0,0.023314998543355614,4.697287686561983,18.8,552.90625,False
1773598933.7025697,879,0,0,0,0,9.358431001601275,0.0,0.02325999957975,4.697287686561983,9.4,552.90625,False
1773598933.9154942,880,0,0,0,0,9.303301998443203,0.0,0.022758998966310173,4.697287686561983,9.4,552.90625,False
1773598934.1282904,881,0,0,0,0,9.344097998109646,0.0,0.02318599945283495,4.697287686561983,9.4,552.90625,False
1773598934.3411424,882,0,0,0,0,9.367913000460248,0.0,0.023982000129763037,4.697287686561983,9.4,552.90625,False
1773598934.5539358,883,0,0,0,0,9.33780199920875,0.0,0.023167001927504316,4.698048491009725,18.8,552.90625,False
1773598934.766804,884,0,0,0,0,9.330190998298349,0.0,0.022833999537397176,4.698048491009725,9.4,552.90625,False
1773598934.9797254,885,0,0,0,0,9.314209997683065,0.0,0.021944997570244595,4.698048491009725,9.4,552.921875,False
1773598935.192485,886,0,0,0,0,9.330264998425264,0.0,0.02259299799334258,4.698048491009725,9.4,552.921875,False
1773598935.4055345,887,0,0,0,0,9.403506999660749,0.0,0.02266699812025763,4.698048491009725,9.4,552.921875,False
1773598935.6185331,888,0,0,0,0,9.37417299792287,0.0,0.021944997570244595,4.696633360386848,18.8,552.921875,False
1773598935.8314128,889,0,0,0,0,9.3416720010282,0.0,0.022593001631321386,4.696633360386848,9.4,552.921875,False
1773598936.0442603,890,0,0,0,0,9.382579999510199,0.0,0.024426000891253352,4.696633360386848,9.4,552.921875,False
1773598936.2570832,891,0,0,0,0,9.36648700007936,0.0,0.022037002054275945,4.696633360386848,9.4,552.921875,False
1773598936.4699385,892,0,0,0,0,9.38380200022948,0.0,0.02325899913557805,4.696633360386848,9.4,552.921875,False
1773598936.682261,893,0,0,0,0,8.81533600113471,0.0,0.023130000045057386,4.700590501102217,18.8,552.921875,False
1773598936.8950725,894,0,0,0,0,9.370821000629803,0.0,0.02403699909336865,4.700590501102217,9.4,552.921875,False
1773598937.1080008,895,0,0,0,0,9.365394998894772,0.0,0.02459299867041409,4.700590501102217,9.4,552.9375,False
1773598937.3210082,896,0,0,0,0,9.437247001187643,0.0,0.024297001800732687,4.700590501102217,9.4,552.9375,False
1773598937.5340044,897,0,0,0,0,9.447042997635435,0.0,0.023796997993486002,4.700590501102217,9.4,552.9375,False
1773598937.7468672,898,0,0,0,0,9.376228001201525,0.0,0.024517998099327087,4.696460867454295,18.8,552.9375,False
1773598937.9597588,899,0,0,0,0,9.332765002909582,0.0,0.024221997591666877,4.696460867454295,9.4,552.9375,False
1773598938.1727855,900,0,0,0,0,9.379691000503954,0.0,0.04114799958188087,4.696460867454295,9.4,552.9375,False
1773598938.3856556,901,0,0,0,0,9.41846999921836,0.0,0.023702999897068366,4.696460867454295,9.4,552.9375,False
1773598938.5985358,902,0,0,0,0,9.33122700007516,0.0,0.023388998670270666,4.696460867454295,9.4,552.9375,False
1773598938.8113732,903,0,0,0,0,9.286246000556275,0.0,0.023426000552717596,4.697039399861764,18.8,552.9375,False
1773598939.0242205,904,0,0,0,0,9.360617001220817,0.0,0.023573997168568894,4.697039399861764,9.4,552.9375,False
1773598939.2370458,905,0,0,0,0,9.343042998807505,0.0,0.022722997528035194,4.697039399861764,9.4,552.9375,False
1773598939.4498954,906,0,0,0,0,9.368856997753028,0.0,0.023370001144940034,4.697039399861764,9.4,552.9375,False
1773598939.6626925,907,0,0,0,0,9.322450001491234,0.0,0.02431499888189137,4.697039399861764,9.4,552.9375,False
1773598939.8756251,908,0,0,0,0,9.369840001454577,0.0,0.024852000933606178,4.6981474242151,18.8,552.9375,False
1773598940.0884,909,0,0,0,0,9.308671997132478,0.0,0.023036998754832894,4.6981474242151,14.1,552.9375,False
1773598940.3013053,910,0,0,0,0,9.333636000519618,0.0,0.023610999051015824,4.6981474242151,9.4,552.9375,False
1773598940.5141976,911,0,0,0,0,9.316653999121627,0.0,0.02353699892410077,4.6981474242151,9.4,552.9375,False
1773598940.7270153,912,0,0,0,0,9.353024997835746,0.0,0.024704000679776073,4.6981474242151,9.4,552.9375,False
1773598940.9398768,913,0,0,0,0,9.301468999183271,0.0,0.02355499964323826,4.698135846709841,18.8,552.9375,False
1773598941.152704,914,0,0,0,0,9.318078999058343,0.0,0.022871001419844106,4.698135846709841,4.7,552.9375,False
1773598941.3656785,915,0,0,0,0,9.41296900055022,0.0,0.023073996999301016,4.698135846709841,9.4,552.9375,False
1773598941.5784988,916,0,0,0,0,9.319523996964563,0.0,0.023888998839538544,4.698135846709841,9.4,552.9375,False
1773598941.7912672,917,0,0,0,0,9.297763997892616,0.0,0.02325999957975,4.698135846709841,9.4,552.9375,False
1773598942.003551,918,0,0,0,0,8.829575999698136,0.0,0.021944000764051452,4.700630538166376,18.8,552.9375,False
1773598942.2166746,919,0,0,0,0,9.451376001379685,0.0,0.03225899854442105,4.700630538166376,14.1,552.9375,False
1773598942.4295406,920,0,0,0,0,9.351321001304314,0.0,0.024204000510508195,4.700630538166376,9.4,552.9375,False
1773598942.6423254,921,0,0,0,0,9.298375000071246,0.0,0.023684999177930877,4.700630538166376,9.4,552.9375,False
1773598942.8550985,922,0,0,0,0,9.31111599857104,0.0,0.023426000552717596,4.700630538166376,9.4,552.9375,False
1773598943.0679307,923,0,0,0,0,9.347246003017062,0.0,0.02211199898738414,4.697648590729167,18.8,552.9375,False
1773598943.2808723,924,0,0,0,0,9.378005997859873,0.0,0.02374099858570844,4.697648590729167,9.4,552.9375,False
1773598943.493794,925,0,0,0,0,9.38458000018727,0.0,0.02294500154675916,4.697648590729167,9.4,552.9375,False
1773598943.7066936,926,0,0,0,0,9.36165399980382,0.0,0.023666001652600244,4.697648590729167,9.4,552.9375,False
1773598943.919545,927,0,0,0,0,9.290023997891694,0.0,0.024536999262636527,4.697648590729167,14.1,552.9375,False
1773598944.1323285,928,0,0,0,0,9.31191299969214,0.0,0.023130000045057386,4.697473918813733,14.1,552.9375,False
1773598944.345159,929,0,0,0,0,9.345172002213076,0.0,0.02355600008741021,4.697473918813733,9.4,552.9375,False
1773598944.558139,930,0,0,0,0,9.515488000033656,0.0,0.02300000051036477,4.697473918813733,9.4,552.9375,False
1773598944.7710004,931,0,0,0,0,9.316061001300113,0.0,0.02385200059507042,4.697473918813733,14.1,552.9375,False
1773598944.9839153,932,0,0,0,0,9.307004998845514,0.0,0.023796997993486002,4.697473918813733,9.4,552.9375,False
1773598945.1961544,933,0,0,0,0,8.761853001487907,0.0,0.022480999177787453,4.7000110936426704,14.1,552.9375,False
1773598945.4089332,934,0,0,0,0,9.370265001052758,0.0,0.023407999833580106,4.7000110936426704,9.4,552.9375,False
1773598945.6218154,935,0,0,0,0,9.34843199866009,0.0,0.024000000848900527,4.7000110936426704,9.4,552.9375,False
1773598945.8346853,936,0,0,0,0,9.348691000923282,0.0,0.022815002012066543,4.7000110936426704,9.4,552.9375,False
1773598946.0474608,937,0,0,0,0,9.291264999774285,0.0,0.023407999833580106,4.7000110936426704,14.1,552.9375,False
1773598946.260347,938,0,0,0,0,9.355764999781968,0.0,0.022628999431617558,4.698434775127747,18.8,552.9375,False
1773598946.4732566,939,0,0,0,0,9.373025000968482,0.0,0.022203999833436683,4.698434775127747,9.4,552.9375,False
1773598946.6860251,940,0,0,0,0,9.31376399967121,0.0,0.024703000235604122,4.698434775127747,9.4,552.9375,False
1773598946.8988483,941,0,0,0,0,9.306802003266057,0.0,0.02292600038344972,4.698434775127747,9.4,552.9375,False
1773598947.1116998,942,0,0,0,0,9.326635001343675,0.0,0.0235740008065477,4.698434775127747,4.7,552.9375,False
1773598947.324517,943,0,0,0,0,9.262022998882458,0.0,0.023148000764194876,4.698552672850293,18.8,552.9375,False
1773598947.5373397,944,0,0,0,0,9.365210000396473,0.0,0.023055999918142334,4.698552672850293,9.4,552.9375,False
1773598947.7503662,945,0,0,0,0,9.40000600166968,0.0,0.024722998205106705,4.698552672850293,9.4,552.9375,False
1773598947.9631462,946,0,0,0,0,9.29959799759672,0.0,0.02374099858570844,4.698552672850293,9.4,552.9375,False
1773598948.1760504,947,0,0,0,0,9.338913001556648,0.0,0.024444998416583985,4.698552672850293,9.4,552.9375,False
1773598948.3889017,948,0,0,0,0,9.353246001410298,0.0,0.023518998204963282,4.697507589497609,18.8,552.9375,False
1773598948.6017802,949,0,0,0,0,9.389172999362927,0.0,0.024426000891253352,4.697507589497609,9.4,552.9375,False
1773598948.8146412,950,0,0,0,0,9.311709000030532,0.0,0.024722001398913562,4.697507589497609,9.4,552.9375,False
1773598949.027432,951,0,0,0,0,9.311357000115095,0.0,0.02372299786657095,4.697507589497609,9.4,552.9375,False
1773598949.240343,952,0,0,0,0,9.302911999839125,0.0,0.02353699892410077,4.697507589497609,14.1,552.9375,False
1773598949.4532006,953,0,0,0,0,9.294709001551382,0.0,0.025148001441266388,4.698024284583308,18.8,552.9375,False
1773598949.666372,954,0,0,0,0,9.480710999923758,0.0,0.025370001822011545,4.698024284583308,9.4,552.9375,False
1773598949.8791678,955,0,0,0,0,9.18326399914804,0.0,0.025203997211065143,4.698024284583308,9.4,552.9375,False
1773598950.0921423,956,0,0,0,0,9.359487001347588,0.0,0.024925997422542423,4.698024284583308,9.4,552.9375,False
1773598950.3050432,957,0,0,0,0,9.283060997404391,0.0,0.02431499888189137,4.698024284583308,9.4,552.9375,False
1773598950.5179098,958,0,0,0,0,9.358560997497989,0.0,0.02409300213912502,4.696075959401257,18.8,552.9375,False
1773598950.7307763,959,0,0,0,0,9.355172998766648,0.0,0.02387100175837986,4.696075959401257,9.4,552.9375,False
1773598950.9436235,960,0,0,0,0,9.343376001197612,0.0,0.02437100192764774,4.696075959401257,9.4,552.9375,False
1773598951.1565828,961,0,0,0,0,9.378413000376895,0.0,0.022871001419844106,4.696075959401257,9.4,552.9375,False
1773598951.3694644,962,0,0,0,0,9.381821000715718,0.0,0.022352000087266788,4.696075959401257,9.4,552.9375,False
1773598951.5824764,963,0,0,0,0,9.419450998393586,0.0,0.023110998881747946,4.696762738401662,14.1,552.9375,False
1773598951.795351,964,0,0,0,0,9.3865979979455,0.0,0.02320400017197244,4.696762738401662,14.1,552.9375,False
1773598952.0082722,965,0,0,0,0,9.344080001028487,0.0,0.024000000848900527,4.696762738401662,9.4,552.9375,False
1773598952.2213376,966,0,0,0,0,9.426802000234602,0.0,0.02268499883939512,4.696762738401662,9.4,552.953125,False
1773598952.4342167,967,0,0,0,0,9.341062002931722,0.0,0.02292600038344972,4.696762738401662,9.4,552.953125,False
1773598952.6471996,968,0,0,0,0,9.37022799917031,0.0,0.02274100188515149,4.696054927992326,18.8,552.953125,False
1773598952.8600404,969,0,0,0,0,9.365412999613909,0.0,0.02407500141998753,4.696054927992326,9.4,552.953125,False
1773598953.0729668,970,0,0,0,0,9.395765002409462,0.0,0.022889002138981596,4.696054927992326,9.4,552.96875,False
1773598953.285913,971,0,0,0,0,9.397450998221757,0.0,0.02270400000270456,4.696054927992326,9.4,552.984375,False
1773598953.498876,972,0,0,0,0,9.400745999300852,0.0,0.02318599945283495,4.696054927992326,9.4,552.984375,False
1773598953.7113097,973,0,0,0,0,8.95305900121457,0.0,0.02357500125071965,4.6987011060751795,18.8,552.984375,False
1773598953.9241693,974,0,0,0,0,9.350320000521606,0.0,0.02329600101802498,4.6987011060751795,14.1,552.984375,False
1773598954.1370823,975,0,0,0,0,9.421692000614712,0.0,0.02324099841644056,4.6987011060751795,9.4,552.984375,False
1773598954.3499544,976,0,0,0,0,9.39300599929993,0.0,0.02292600038344972,4.6987011060751795,9.4,552.984375,False
1773598954.5628133,977,0,0,0,0,9.318561002146453,0.0,0.023610999051015824,4.6987011060751795,9.4,552.984375,False
1773598954.7757306,978,0,0,0,0,9.361764998175204,0.0,0.024018001568038017,4.6974581358468255,18.8,552.984375,False
1773598954.988686,979,0,0,0,0,9.339524000097299,0.0,0.02405600025667809,4.6974581358468255,9.4,552.984375,False
1773598955.201562,980,0,0,0,0,9.340486998553388,0.0,0.023796997993486002,4.6974581358468255,9.4,552.984375,False
1773598955.4143536,981,0,0,0,0,9.315450002759462,0.0,0.02268599928356707,4.6974581358468255,9.4,552.984375,False
1773598955.6272526,982,0,0,0,0,9.329320000688313,0.0,0.024482000299030915,4.6974581358468255,9.4,552.984375,False
1773598955.8401103,983,0,0,0,0,9.290671998314792,0.0,0.02292600038344972,4.697575984560274,18.8,552.984375,False
1773598956.052978,984,0,0,0,0,9.360542997455923,0.0,0.02385200059507042,4.697575984560274,9.4,552.984375,False
1773598956.2657838,985,0,0,0,0,9.315949999290751,0.0,0.024852000933606178,4.697575984560274,9.4,552.984375,False
1773598956.4786437,986,0,0,0,0,9.335098002338782,0.0,0.023630000214325264,4.697575984560274,9.4,552.984375,False
1773598956.6915903,987,0,0,0,0,9.344116002466762,0.0,0.023388998670270666,4.697575984560274,9.4,552.984375,False
1773598956.904388,988,0,0,0,0,9.317709002061747,0.0,0.02292600038344972,4.698023232135644,18.8,552.984375,False
1773598957.1173103,989,0,0,0,0,9.365190999233164,0.0,0.023426000552717596,4.698023232135644,9.4,552.984375,False
1773598957.3301365,990,0,0,0,0,9.327228002803167,0.0,0.02324000161024742,4.698023232135644,9.4,552.984375,False
1773598957.5429847,991,0,0,0,0,9.364228000777075,0.0,0.02329600101802498,4.698023232135644,9.4,552.984375,False
1773598957.755907,992,0,0,0,0,9.30335800148896,0.0,0.023592998331878334,4.698023232135644,9.4,552.984375,False
1773598957.9687293,993,0,0,0,0,9.301672002038686,0.0,0.023352000425802544,4.697805385619978,18.8,552.984375,False
1773598958.1816487,994,0,0,0,0,9.363506000227062,0.0,0.023463002435164526,4.697805385619978,9.4,552.984375,False
1773598958.3944666,995,0,0,0,0,9.321838999312604,0.0,0.02320400017197244,4.697805385619978,9.4,552.984375,False
1773598958.6096225,996,0,0,0,0,11.386815000150818,0.0,0.04096300108358264,4.697805385619978,9.3,552.984375,False
1773598958.8227215,997,0,0,0,0,9.389376999024535,0.0,0.025352001102874056,4.697805385619978,9.4,552.984375,False
1773598959.0355675,998,0,0,0,0,9.327597999799764,0.0,0.023592998331878334,4.686721939308557,18.8,552.984375,False
1773598959.2485182,999,0,0,0,0,9.386931000335608,0.0,0.023295997380046174,4.686721939308557,9.4,552.984375,False
1773598959.4613101,1000,0,0,0,0,9.320967998064589,0.0,0.02325999957975,4.686721939308557,9.4,552.984375,False
1773598959.6742055,1001,0,0,0,0,9.338005998870358,0.0,0.02385200059507042,4.686721939308557,9.4,552.984375,False
1773598959.8870065,1002,0,0,0,0,9.326098002929939,0.0,0.023666998458793387,4.686721939308557,9.4,552.984375,False
1773598960.0999298,1003,0,0,0,0,9.313765000115382,0.0,0.02390700319665484,4.697620179352309,18.8,552.984375,False
1773598960.312811,1004,0,0,0,0,9.34978300210787,0.0,0.02324100205441937,4.697620179352309,9.4,552.984375,False
1773598960.5257378,1005,0,0,0,0,9.373412998684216,0.0,0.02324000161024742,4.697620179352309,9.4,552.984375,False
1773598960.7385898,1006,0,0,0,0,9.296413001720794,0.0,0.023630000214325264,4.697620179352309,9.4,552.984375,False
1773598960.9514115,1007,0,0,0,0,9.311080000770744,0.0,0.023148000764194876,4.697620179352309,9.4,552.984375,False
1773598961.1642935,1008,0,0,0,0,9.334597998531535,0.0,0.023074000637279823,4.697650695289272,18.8,552.984375,False
1773598961.377191,1009,0,0,0,0,9.35980199938058,0.0,0.022778000129619613,4.697650695289272,9.4,552.984375,False
1773598961.590102,1010,0,0,0,0,9.373912998853484,0.0,0.023407999833580106,4.697650695289272,9.4,552.984375,False
1773598961.8028092,1011,0,0,0,0,9.26980099757202,0.0,0.02407500141998753,4.697650695289272,9.4,552.984375,False
1773598962.0157483,1012,0,0,0,0,9.446840002055978,0.0,0.026999998226528987,4.697650695289272,9.4,552.984375,False
1773598962.2283816,1013,0,0,0,0,8.976040000561625,0.0,0.025260000256821513,4.6992127988584675,18.8,552.984375,False
1773598962.4412823,1014,0,0,0,0,9.368579001602484,0.0,0.02387000131420791,4.6992127988584675,9.4,552.984375,False
1773598962.6541634,1015,0,0,0,0,9.38163600221742,0.0,0.025777997507248074,4.6992127988584675,9.4,552.984375,False
1773598962.8669958,1016,0,0,0,0,9.344838999822969,0.0,0.02407400097581558,4.6992127988584675,14.1,552.984375,False
1773598963.07977,1017,0,0,0,0,9.299338998971507,0.0,0.024500001018168405,4.6992127988584675,9.4,552.984375,False
1773598963.29275,1018,0,0,0,0,9.326671999588143,0.0,0.024258999474113807,4.697381326921883,14.1,552.984375,False
1773598963.5055544,1019,0,0,0,0,9.323783000581898,0.0,0.023352000425802544,4.697381326921883,9.4,552.984375,False
1773598963.7185087,1020,0,0,0,0,9.311523997894255,0.0,0.024517998099327087,4.697381326921883,14.1,552.984375,False
1773598963.9313948,1021,0,0,0,0,9.413932002644287,0.0,0.022610998712480068,4.697381326921883,9.4,552.984375,False
1773598964.1443164,1022,0,0,0,0,9.350931999506429,0.0,0.023110998881747946,4.697381326921883,9.4,552.984375,False
1773598964.3571584,1023,0,0,0,0,9.33000599980005,0.0,0.023684999177930877,4.69737290965817,18.8,552.984375,False
1773598964.5701003,1024,0,0,0,0,9.376894999149954,0.0,0.023944998247316107,4.69737290965817,9.4,552.984375,False
1773598964.7829628,1025,0,0,0,0,9.370821000629803,0.0,0.023610999051015824,4.69737290965817,9.4,552.984375,False
1773598964.9958584,1026,0,0,0,0,9.329393997177249,0.0,0.023666998458793387,4.69737290965817,9.4,552.984375,False
1773598965.2087522,1027,0,0,0,0,9.31393100108835,0.0,0.02322299769730307,4.69737290965817,9.4,552.984375,False
1773598965.421783,1028,0,0,0,0,9.349116000521462,0.0,0.02290799966431223,4.6964829542566155,18.8,552.984375,False
1773598965.6346583,1029,0,0,0,0,9.321542998804944,0.0,0.02355600008741021,4.6964829542566155,9.4,552.984375,False
1773598965.8475206,1030,0,0,0,0,9.286209002311807,0.0,0.023704000341240317,4.6964829542566155,9.4,552.984375,False
1773598966.060436,1031,0,0,0,0,9.343672001705272,0.0,0.023314998543355614,4.6964829542566155,9.4,552.984375,False
1773598966.2733438,1032,0,0,0,0,9.314172002632404,0.0,0.02381400190643035,4.6964829542566155,9.4,552.984375,False
1773598966.4861999,1033,0,0,0,0,9.293505998357432,0.0,0.02355600008741021,4.697406578894023,18.8,552.984375,False
1773598966.6990225,1034,0,0,0,0,9.320098000898724,0.0,0.024111999664455652,4.697406578894023,9.4,552.984375,False
1773598966.9118567,1035,0,0,0,0,9.349857999040978,0.0,0.023963002604432404,4.697406578894023,9.4,552.984375,False
1773598967.1247613,1036,0,0,0,0,9.301820002292516,0.0,0.02327800029888749,4.697406578894023,9.4,552.984375,False
1773598967.3376396,1037,0,0,0,0,9.36133900177083,0.0,0.023389002308249474,4.697406578894023,9.4,553.0,False
1773598967.5504396,1038,0,0,0,0,9.361376000015298,0.0,0.022629999875789508,4.6981989974317475,18.8,553.0,False
1773598967.7633812,1039,0,0,0,0,9.330412998679094,0.0,0.024722001398913562,4.6981989974317475,9.4,553.0,False
1773598967.9761965,1040,0,0,0,0,9.330079999926966,0.0,0.023445001716027036,4.6981989974317475,9.4,553.0,False
1773598968.189091,1041,0,0,0,0,9.316043000580976,0.0,0.02388900247751735,4.6981989974317475,9.4,553.0,False
1773598968.4019363,1042,0,0,0,0,9.361264998005936,0.0,0.024814999051159248,4.6981989974317475,9.4,553.0,False
1773598968.6148791,1043,0,0,0,0,9.359895000670804,0.0,0.0238150023506023,4.69734660590349,18.8,553.0,False
1773598968.827736,1044,0,0,0,0,9.362283999507781,0.0,0.024778000806691125,4.69734660590349,9.4,553.0,False
1773598969.040697,1045,0,0,0,0,9.389449998707278,0.0,0.023055999918142334,4.69734660590349,14.1,553.0,False
1773598969.2534902,1046,0,0,0,0,9.372191001602914,0.0,0.02290799966431223,4.69734660590349,9.4,553.0,False
1773598969.4662554,1047,0,0,0,0,9.289543002523715,0.0,0.023036998754832894,4.69734660590349,9.4,553.0,False
1773598969.6790497,1048,0,0,0,0,9.300783000071533,0.0,0.023648000933462754,4.698498986546508,18.8,553.0,False
1773598969.891985,1049,0,0,0,0,9.390505998453591,0.0,0.024259999918285757,4.698498986546508,9.4,553.0,False
1773598970.1049218,1050,0,0,0,0,9.351172000606311,0.0,0.022814998374087736,4.698498986546508,9.4,553.0,False
1773598970.3177311,1051,0,0,0,0,9.335171998827718,0.0,0.023388998670270666,4.698498986546508,9.4,553.0,False
1773598970.5306277,1052,0,0,0,0,9.31394999861368,0.0,0.02370399670326151,4.698498986546508,9.4,553.0,False
1773598970.7429523,1053,0,0,0,0,8.805149998806883,0.0,0.023352000425802544,4.6996424541694815,18.8,553.0,False
1773598970.955849,1054,0,0,0,0,9.356893999211024,0.0,0.023741002223687246,4.6996424541694815,9.4,553.0,False
1773598971.1687613,1055,0,0,0,0,9.305209998274222,0.0,0.02349999704165384,4.6996424541694815,9.4,553.015625,False
1773598971.3816826,1056,0,0,0,0,9.369727999001043,0.0,0.023980999685591087,4.6996424541694815,9.4,553.015625,False
1773598971.5944967,1057,0,0,0,0,9.327708998171147,0.0,0.023130000045057386,4.6996424541694815,9.4,553.015625,False
1773598971.8073025,1058,0,0,0,0,9.319598000729457,0.0,0.02518600012990646,4.697768553664812,14.1,553.015625,False
1773598972.0200405,1059,0,0,0,0,9.286746000725543,0.0,0.02322199725313112,4.697768553664812,9.4,553.015625,False
1773598972.2328107,1060,0,0,0,0,9.328653999546077,0.0,0.022593001631321386,4.697768553664812,9.4,553.015625,False
