timestamp,frame_index,motion_regions,yolo_detections,confirmed_tracks,new_confirmations,time_mog2_ms,time_yolo_ms,time_tracker_ms,fps,cpu_percent,ram_mb,yolo_ran
1773588081.117305,0,0,0,0,0,7.609174001117935,0.0,0.027573998522711918,0.0,0.0,456.703125,False
1773588081.327834,1,0,0,0,0,7.1031150000635535,0.0,0.024778000806691125,0.0,4.7,461.609375,False
1773588081.538076,2,0,0,0,0,7.1271720007644035,0.0,0.022054999135434628,0.0,9.5,464.234375,False
1773588081.748207,3,0,0,0,0,6.965949000004912,0.0,0.02042599953711033,0.0,14.3,467.21875,False
1773588081.9584274,4,0,0,0,0,7.123671999579528,0.0,0.02111200228682719,4.756544708052789,4.8,469.859375,False
1773588082.1686318,5,0,0,0,0,7.072060001519276,0.0,0.01994500053115189,4.756544708052789,9.5,472.484375,False
1773588082.3787596,6,0,0,0,0,7.0515229999728035,0.0,0.0215559994103387,4.756544708052789,4.8,475.109375,False
1773588082.5889065,7,0,0,0,0,7.058338000206277,0.0,0.021351999748731032,4.756544708052789,9.5,477.734375,False
1773588082.7991002,8,0,0,0,0,7.081783001922304,0.0,0.02153799869120121,4.756544708052789,14.3,480.359375,False
1773588083.0092976,9,0,0,0,0,7.108079000317957,0.0,0.021703999664168805,4.7579594756505195,4.8,482.984375,False
1773588083.2194252,10,0,0,0,0,7.062671000312548,0.0,0.021611998818116263,4.7579594756505195,9.5,482.984375,False
1773588083.4296536,11,0,0,0,0,7.08137499896111,0.0,0.02011099786614068,4.7579594756505195,4.8,482.984375,False
1773588083.6399028,12,0,0,0,0,7.039151998469606,0.0,0.021129999367985874,4.7579594756505195,9.5,482.984375,False
1773588083.8501697,13,0,0,0,0,7.047170998703223,0.0,0.021389001631177962,4.7579594756505195,14.3,482.984375,False
1773588084.0604115,14,0,0,0,0,7.031263998214854,0.0,0.02081500133499503,4.756889958903631,4.8,482.984375,False
1773588084.2707372,15,0,0,0,0,7.092744999681599,0.0,0.021241001377347857,4.756889958903631,14.3,482.984375,False
1773588084.4808776,16,0,0,0,0,7.077189999108668,0.0,0.02214900086983107,4.756889958903631,9.5,482.984375,False
1773588084.691034,17,0,0,0,0,7.013096997980028,0.0,0.02072200004477054,4.756889958903631,4.8,482.984375,False
1773588084.9013412,18,0,0,0,0,7.079764000081923,0.0,0.020389001292642206,4.756889958903631,14.3,482.984375,False
1773588085.1115148,19,0,0,0,0,7.03817099929438,0.0,0.020389001292642206,4.756960094107037,9.5,482.984375,False
1773588085.3217318,20,0,0,0,0,7.088782000209903,0.0,0.02153699824702926,4.756960094107037,4.8,482.984375,False
1773588085.5320406,21,0,0,0,0,7.087115998729132,0.0,0.02094499723170884,4.756960094107037,4.8,482.984375,False
1773588085.7423203,22,0,0,0,0,7.061078998958692,0.0,0.02242600021418184,4.756960094107037,9.5,482.984375,False
1773588085.9526353,23,0,0,0,0,7.124190000467934,0.0,0.022999996872385964,4.756960094107037,14.3,482.984375,False
1773588086.1628113,24,0,0,0,0,7.112431001587538,0.0,0.02107399996020831,4.755969760846715,4.8,482.984375,False
1773588086.3730307,25,0,0,0,0,7.073152999510057,0.0,0.020296000002417713,4.755969760846715,9.5,482.984375,False
1773588086.5832272,26,0,0,0,0,7.1218749981198926,0.0,0.021202999050728977,4.755969760846715,4.8,482.984375,False
1773588086.7934487,27,0,0,0,0,7.14639400030137,0.0,0.021110998204676434,4.755969760846715,9.5,482.984375,False
1773588087.0037408,28,0,0,0,0,7.0960970006126445,0.0,0.021055999241070822,4.755969760846715,14.3,482.984375,False
1773588087.2139397,29,0,0,0,0,7.054189998598304,0.0,0.02018499799305573,4.756784220506447,4.8,482.984375,False
1773588087.4241586,30,0,0,0,0,7.0696340007998515,0.0,0.021723000827478245,4.756784220506447,9.5,482.984375,False
1773588087.634495,31,0,0,0,0,7.0799490022182,0.0,0.02074100120807998,4.756784220506447,9.5,482.984375,False
1773588087.8447163,32,0,0,0,0,7.04630099789938,0.0,0.02070399932563305,4.756784220506447,4.8,482.984375,False
1773588088.054964,33,0,0,0,0,7.077097001456423,0.0,0.0215559994103387,4.756784220506447,14.3,482.984375,False
1773588088.265208,34,0,0,0,0,7.078115999320289,0.0,0.020889001461910084,4.756207058044427,4.8,482.984375,False
1773588088.4777985,35,0,0,0,0,9.405648001120426,0.0,0.02429699816275388,4.756207058044427,9.4,482.984375,False
1773588088.6908088,36,0,0,0,0,9.466445000725798,0.0,0.025426001229789108,4.756207058044427,9.4,482.984375,False
1773588088.9034762,37,0,0,0,0,9.197572999255499,0.0,0.02546399991842918,4.756207058044427,9.4,482.984375,False
1773588089.116295,38,0,0,0,0,9.291999998822575,0.0,0.02212899926234968,4.756207058044427,18.8,482.984375,False
1773588089.3291237,39,0,0,0,0,9.3553510014317,0.0,0.02533399674575776,4.699813074393971,9.4,482.984375,False
1773588089.5420547,40,0,0,0,0,9.46392599871615,0.0,0.024463002773700282,4.699813074393971,9.4,482.984375,False
1773588089.755021,41,0,0,0,0,9.411963001184631,0.0,0.024462999135721475,4.699813074393971,9.4,482.984375,False
1773588089.9678779,42,0,0,0,0,9.358924999105511,0.0,0.024981000024126843,4.699813074393971,14.1,484.296875,False
1773588090.1807134,43,0,0,0,0,9.389091999764787,0.0,0.025203997211065143,4.699813074393971,18.8,484.296875,False
1773588090.393628,44,0,0,0,0,9.438371002033819,0.0,0.024852000933606178,4.697018359822418,9.4,484.296875,False
1773588090.606385,45,0,0,0,0,9.362704000523081,0.0,0.024388999008806422,4.697018359822418,9.4,484.296875,False
1773588090.8191638,46,0,0,0,0,9.36299900058657,0.0,0.025036999431904405,4.697018359822418,9.4,484.296875,False
1773588091.0320072,47,0,0,0,0,9.372461998282233,0.0,0.02461199983372353,4.697018359822418,9.4,484.296875,False
1773588091.245058,48,0,0,0,0,9.502167002210626,0.0,0.024778000806691125,4.697018359822418,18.8,484.296875,False
1773588091.4579606,49,0,0,0,0,9.362628999951994,0.0,0.024574001145083457,4.6977864433994725,9.4,484.296875,False
1773588091.6708996,50,0,0,0,0,9.510333999060094,0.0,0.024963999749161303,4.6977864433994725,9.4,484.296875,False
1773588091.8837545,51,0,0,0,0,9.316146999481134,0.0,0.024666998797329143,4.6977864433994725,9.4,484.296875,False
1773588092.0965333,52,0,0,0,0,9.345277001557406,0.0,0.025388999347342178,4.6977864433994725,9.4,484.296875,False
1773588092.3095179,53,0,0,0,0,9.459740002057515,0.0,0.025870001991279423,4.6977864433994725,18.8,484.296875,False
1773588092.5224402,54,0,0,0,0,9.423481002158951,0.0,0.02403699909336865,4.697127770085429,9.4,484.296875,False
1773588092.7352931,55,0,0,0,0,9.442407001188258,0.0,0.02568499985500239,4.697127770085429,9.4,484.296875,False
1773588092.9482262,56,0,0,0,0,9.37518499995349,0.0,0.02455599678796716,4.697127770085429,14.1,484.296875,False
1773588093.1611934,57,0,0,0,0,9.481444998527877,0.0,0.025370001822011545,4.697127770085429,9.4,484.296875,False
1773588093.3741,58,0,0,0,0,9.431555001356173,0.0,0.025296998501289636,4.697127770085429,18.8,484.296875,False
1773588093.5869212,59,0,0,0,0,9.434389001398813,0.0,0.025388999347342178,4.697146706994546,9.4,484.296875,False
1773588093.7997458,60,0,0,0,0,9.345888000098057,0.0,0.024852000933606178,4.697146706994546,9.4,484.296875,False
1773588094.0126288,61,0,0,0,0,9.39088800078025,0.0,0.024684999516466632,4.697146706994546,4.7,484.296875,False
1773588094.2254705,62,0,0,0,0,9.364925997942919,0.0,0.024778000806691125,4.697146706994546,14.1,484.296875,False
1773588094.4382544,63,0,0,0,0,9.409981001226697,0.0,0.02598200080683455,4.697146706994546,14.1,484.296875,False
1773588094.652088,64,0,0,0,0,10.303691000444815,0.0,0.023648000933462754,4.694067258847743,9.4,484.296875,False
1773588094.8650281,65,0,0,0,0,9.416591998160584,0.0,0.025575001927791163,4.694067258847743,9.4,484.296875,False
1773588095.0779636,66,0,0,0,0,9.421758997632423,0.0,0.025389002985320985,4.694067258847743,9.4,484.296875,False
1773588095.2908194,67,0,0,0,0,9.379388000525068,0.0,0.024518998543499038,4.694067258847743,9.4,484.296875,False
1773588095.5037513,68,0,0,0,0,9.424851999938255,0.0,0.025536999601172283,4.694067258847743,18.8,484.296875,False
1773588095.7168043,69,0,0,0,0,9.423073999641929,0.0,0.026092999178217724,4.696098042583379,9.4,484.296875,False
1773588095.9296556,70,0,0,0,0,9.392685002239887,0.0,0.024758999643381685,4.696098042583379,9.4,484.296875,False
1773588096.1424165,71,0,0,0,0,9.371389001898933,0.0,0.024611003027530387,4.696098042583379,14.1,484.296875,False
1773588096.3552365,72,0,0,0,0,9.334276997833513,0.0,0.024703997041797265,4.696098042583379,9.4,484.296875,False
1773588096.5681252,73,0,0,0,0,9.40857399837114,0.0,0.025036999431904405,4.696098042583379,18.8,484.296875,False
1773588096.7810411,74,0,0,0,0,9.40479600103572,0.0,0.024666998797329143,4.698242151401473,9.4,484.296875,False
1773588096.9939835,75,0,0,0,0,9.400943999935407,0.0,0.024722998205106705,4.698242151401473,9.4,484.296875,False
1773588097.206943,76,0,0,0,0,9.377463000419084,0.0,0.02461099938955158,4.698242151401473,9.4,484.296875,False
1773588097.4197886,77,0,0,0,0,9.365166999486974,0.0,0.024480999854858965,4.698242151401473,9.4,484.296875,False
1773588097.6322658,78,0,0,0,0,9.049553002114408,0.0,0.02464800127199851,4.698242151401473,18.8,484.296875,False
1773588097.8452756,79,0,0,0,0,9.414185002242448,0.0,0.02407400097581558,4.69821689044494,9.4,484.296875,False
1773588098.0581548,80,0,0,0,0,9.381128998938948,0.0,0.024296001356560737,4.69821689044494,9.4,484.296875,False
1773588098.2709663,81,0,0,0,0,9.396443998411996,0.0,0.02568499985500239,4.69821689044494,9.4,484.296875,False
1773588098.483854,82,0,0,0,0,9.381998999742791,0.0,0.024462999135721475,4.69821689044494,9.4,484.296875,False
1773588098.6968133,83,0,0,0,0,9.416000000783242,0.0,0.02653699993970804,4.69821689044494,18.8,484.296875,False
1773588098.9097624,84,0,0,0,0,9.464519000175642,0.0,0.02407400097581558,4.69713513442083,9.4,484.296875,False
1773588099.1225812,85,0,0,0,0,9.412573999725282,0.0,0.02553700323915109,4.69713513442083,9.4,484.296875,False
1773588099.3355162,86,0,0,0,0,9.344185000372818,0.0,0.0248889991780743,4.69713513442083,9.4,484.296875,False
1773588099.5485544,87,0,0,0,0,9.454221999476431,0.0,0.02457399750710465,4.69713513442083,9.4,484.296875,False
1773588099.7614553,88,0,0,0,0,9.412796000106027,0.0,0.024684999516466632,4.69713513442083,14.1,484.296875,False
1773588099.974401,89,0,0,0,0,9.445276999031194,0.0,0.024500001018168405,4.696405125496003,14.1,484.34375,False
1773588101.0876822,90,1,1,0,0,9.58555599936517,900.2281850007421,0.047685996833024547,0.8981959861215865,130.2,549.1875,True
1773588101.927881,91,1,1,1,1,7.149541997932829,629.6487409999827,0.049944999773288146,0.8981959861215865,134.5,556.0625,True
1773588102.7685535,92,1,1,1,0,7.205190999229671,630.1415769994492,0.043259999074507505,1.1898746566131342,133.2,557.609375,True
1773588103.6083212,93,1,1,1,0,7.179412001278251,629.4057209997845,0.034666998544707894,1.1898746566131342,133.4,554.59375,True
1773588104.4502413,94,1,1,1,0,7.195302001491655,631.4789380012371,0.03485200068098493,1.1892677077533982,135.4,557.78125,True
1773588105.2931883,95,1,1,1,0,7.115856999007519,632.5651109982573,0.035556000511860475,1.1892677077533982,134.1,559.796875,True
1773588106.1357348,96,1,1,1,0,7.2523939998063724,632.0289600007527,0.03316700167488307,1.186595609999328,132.9,562.421875,True
1773588106.975397,97,1,1,1,0,7.203524000942707,629.2497210015426,0.03407400072319433,1.186595609999328,133.4,581.828125,True
1773588107.8184566,98,1,1,1,0,7.223153002996696,632.54985200183,0.03398099943296984,1.1885527486194774,135.2,584.453125,True
1773588108.6600668,99,1,1,1,0,7.162653000705177,631.2871600021026,0.034241002140333876,1.1885527486194774,133.1,587.078125,True
1773588109.5026178,100,1,1,1,0,7.192950000899145,632.0566449976468,0.034407999919494614,1.187535125869883,132.9,589.71875,True
1773588110.343551,101,1,1,1,0,7.197042999905534,630.5041369996616,0.03487000140012242,1.187535125869883,133.2,584.109375,True
1773588111.185475,102,1,1,1,0,7.274486997630447,631.3465300008829,0.03588899926398881,1.1884545784132619,133.0,586.734375,True
1773588112.027495,103,1,1,1,0,7.195022997620981,631.5204019992962,0.03414800085010938,1.1884545784132619,136.6,589.359375,True
1773588112.8704169,104,1,1,1,0,7.286320000275737,632.4136479997833,0.034111999411834404,1.1869859844491768,132.9,592.5,True
1773588113.7122462,105,1,1,1,0,7.1954679988266435,631.3944760004233,0.033055999665521085,1.1869859844491768,134.2,602.765625,True
1773588113.9226842,106,0,0,1,0,7.124670999473892,0.0,0.029204002203186974,1.9007020849562222,4.8,604.6875,False
1773588114.133117,107,0,0,1,0,7.128393997845706,0.0,0.029963000997668132,1.9007020849562222,9.5,607.3125,False
1773588114.3435252,108,0,0,1,0,7.1121900000434835,0.0,0.028630001907004043,1.9007020849562222,14.3,609.9375,False
1773588114.5540187,109,0,0,1,0,7.197135000751587,0.0,0.029407998226815835,1.9007020849562222,9.5,612.5625,False
1773588114.7644258,110,0,0,1,0,7.08246800058987,0.0,0.03274100163253024,1.9007020849562222,4.8,615.1875,False
1773588114.9748304,111,0,0,1,0,7.117781999113504,0.0,0.0307039990730118,4.752223605260015,9.5,617.8125,False
1773588115.18523,112,0,0,1,0,7.123448998754611,0.0,0.028851998649770394,4.752223605260015,9.5,620.4375,False
1773588115.3956902,113,0,0,1,0,7.135190000553848,0.0,0.030351999157574028,4.752223605260015,14.3,623.0625,False
1773588115.6061268,114,0,0,1,0,7.169522999902256,0.0,0.03038899740204215,4.752223605260015,4.8,625.6875,False
1773588115.8165436,115,0,0,1,0,7.119522997527383,0.0,0.029870003345422447,4.752223605260015,9.5,628.3125,False
1773588116.0269477,116,0,0,1,0,7.132763999834424,0.0,0.033093001547968015,4.75232914099662,4.8,630.9375,False
1773588116.2373512,117,0,0,1,0,7.124931002181256,0.0,0.03044500044779852,4.75232914099662,9.5,633.5625,False
1773588116.4477541,118,0,0,1,0,7.097690002410673,0.0,0.030221999622881413,4.75232914099662,14.3,636.1875,False
1773588116.6581836,119,0,0,1,0,7.146300999011146,0.0,0.03014899994013831,4.75232914099662,9.5,638.8125,False
1773588116.8685994,120,0,0,1,0,7.136579002690269,0.0,0.030000002880115062,4.75232914099662,4.8,641.4375,False
1773588117.0790105,121,0,0,0,0,7.150560999434674,0.0,0.03198199920007028,4.75261454171981,9.5,644.0625,False
1773588117.2893891,122,0,0,0,0,7.0870609997655265,0.0,0.02990800203406252,4.75261454171981,9.5,646.6875,False
1773588117.4998066,123,0,0,0,0,7.10007900124765,0.0,0.026982001145370305,4.75261454171981,9.5,649.3125,False
1773588117.710246,124,0,0,0,0,7.181469001807272,0.0,0.02964800296467729,4.75261454171981,9.5,651.9375,False
1773588117.9205675,125,0,0,0,0,7.07387500006007,0.0,0.029629998607560992,4.75261454171981,9.5,654.5625,False
1773588118.1309419,126,0,0,0,0,7.1296159985649865,0.0,0.02844499977072701,4.753132658544695,9.5,657.1875,False
1773588118.3413498,127,0,0,0,0,7.121653001377126,0.0,0.031167000997811556,4.753132658544695,9.5,659.8125,False
1773588118.5518553,128,0,0,0,0,7.156431001931196,0.0,0.029684997571166605,4.753132658544695,14.3,662.4375,False
1773588118.762221,129,0,0,0,0,7.092522999300854,0.0,0.029667000490007922,4.753132658544695,4.8,665.0625,False
1773588118.9725604,130,0,0,0,0,7.079986000462668,0.0,0.03048200233024545,4.753132658544695,9.5,667.6875,False
1773588119.9964478,131,0,0,0,0,7.187245999375591,0.0,0.028944999939994887,2.680199007925376,81.1,606.796875,False
1773588120.2068667,132,0,0,0,0,7.1368940007232595,0.0,0.03050000304938294,2.680199007925376,9.5,606.796875,False
1773588120.4196336,133,0,0,0,0,9.495278001850238,0.0,0.034925997169921175,2.680199007925376,14.1,606.796875,False
1773588120.6327367,134,0,0,0,0,9.490240998275112,0.0,0.03570399712771177,2.680199007925376,9.4,606.796875,False
1773588120.8458166,135,0,0,0,0,9.522278000076767,0.0,0.03483399996184744,2.680199007925376,9.4,606.796875,False
1773588121.0589194,136,0,0,0,0,9.524704000796191,0.0,0.03616699905251153,4.706335408354408,9.4,606.796875,False
1773588121.272081,137,0,0,0,0,9.616685998480534,0.0,0.023888998839538544,4.706335408354408,9.4,606.796875,False
1773588122.138138,138,1,1,0,0,9.696983001049375,652.8862340019259,0.039963000745046884,1.8530657200840932,136.2,584.703125,True
1773588122.977993,139,1,1,1,1,7.133338000130607,629.3099840004288,0.036890000046696514,1.8530657200840932,132.2,595.0625,True
1773588123.8877125,140,1,1,1,0,7.160172001022147,699.3428409987246,0.03394499799469486,1.1431368519627878,131.9,590.28125,True
1773588124.7312696,141,1,1,1,0,7.189875999756623,633.0850250014919,0.033314998290734366,1.1431368519627878,132.8,586.71875,True
1773588125.5732145,142,1,1,1,0,7.192820001364453,631.4470889992663,0.033074000384658575,1.186588056897781,133.0,590.34375,True
1773588126.4951365,143,1,1,1,0,7.115856999007519,711.4438390017312,0.034091997804353014,1.186588056897781,133.4,585.65625,True
1773588127.3471215,144,1,1,1,0,9.020978999615181,639.5409520009707,0.03488899892545305,0.9766153208521596,129.1,581.484375,True
1773588128.1858053,145,1,1,1,0,7.201727999927243,628.0778670006839,0.03464800101937726,1.2589381053454318,132.3,584.640625,True
1773588129.0257037,146,1,1,1,0,7.141579000744969,629.4387630005076,0.034388998756185174,1.2589381053454318,133.3,582.71875,True
1773588129.8710282,147,1,1,1,0,6.978097000683192,634.9686670000665,0.03316599759273231,1.186804281466709,132.5,571.078125,True
1773588130.7156153,148,1,1,1,0,7.245765002153348,633.9584390007076,0.03518499943311326,1.186804281466709,135.0,597.796875,True
1773588131.5684354,149,1,1,1,0,7.16089400157216,642.2626910025429,0.03568600004655309,1.17825554128336,132.5,597.8125,True
1773588132.4066901,150,1,1,1,0,7.242765001137741,627.620252998895,0.03703800030052662,1.17825554128336,133.6,583.8125,True
1773588133.2482522,151,1,1,1,0,6.9587999969371594,631.2240160004876,0.03538899909472093,1.1906075987562827,133.1,583.8125,True
1773588134.092684,152,1,1,1,0,7.017152998741949,634.0210689995729,0.034407999919494614,1.1906075987562827,131.4,583.8125,True
1773588134.936378,153,1,1,1,0,7.190800999524072,633.1047860003309,0.034223001421196386,1.184741946089957,135.1,583.8125,True
1773588135.7782283,154,1,1,1,0,7.20720900062588,631.3080350009841,0.03487099820631556,1.184741946089957,133.0,583.8125,True
1773588136.6188529,155,1,1,1,0,7.186746002844302,630.0664349982981,0.034463002521079034,1.1887277439687562,134.4,583.8125,True
1773588136.8292878,156,0,0,1,0,7.2066350003296975,0.0,0.029925999115221202,1.1887277439687562,4.8,586.328125,False
1773588137.0396597,157,0,0,1,0,7.101781997334911,0.0,0.031425999623024836,1.1887277439687562,9.5,588.953125,False
1773588137.2499924,158,0,0,1,0,7.069281997246435,0.0,0.029981998522998765,1.1887277439687562,14.3,591.578125,False
1773588137.4603117,159,0,0,1,0,7.091818999469979,0.0,0.030333998438436538,1.1887277439687562,4.8,594.203125,False
1773588137.6707678,160,0,0,1,0,7.1322820003842935,0.0,0.03094499697908759,4.75339445282581,9.5,595.515625,False
1773588137.8811855,161,0,0,1,0,7.116671000403585,0.0,0.029740996978944167,4.75339445282581,9.5,598.140625,False
1773588138.091606,162,0,0,1,0,7.130542002414586,0.0,0.030518000130541623,4.75339445282581,4.8,600.765625,False
1773588138.3020651,163,0,0,1,0,7.130913003493333,0.0,0.030389001040020958,4.75339445282581,9.5,604.703125,False
1773588138.512538,164,0,0,1,0,7.128560999262845,0.0,0.030017999961273745,4.75339445282581,9.5,607.328125,False
1773588138.7230718,165,0,0,1,0,7.148616001359187,0.0,0.031945000955602154,4.751448384364087,9.5,609.953125,False
1773588138.9335601,166,0,0,1,0,7.118411998817464,0.0,0.031147999834502116,4.751448384364087,9.5,612.578125,False
1773588139.1438847,167,0,0,1,0,7.091208000929328,0.0,0.0307039990730118,4.751448384364087,9.5,615.203125,False
1773588139.3543565,168,0,0,1,0,7.128653000108898,0.0,0.029703998734476045,4.751448384364087,14.3,616.515625,False
1773588139.5649207,169,0,0,1,0,7.122041999537032,0.0,0.22220499886316247,4.751448384364087,4.7,619.140625,False
1773588139.775313,170,0,0,1,0,7.168652999098413,0.0,0.0307039990730118,4.751786435709273,9.5,621.765625,False
1773588139.985702,171,0,0,0,0,7.085709003149532,0.0,0.03099999958067201,4.751786435709273,4.8,624.390625,False
1773588140.1960595,172,0,0,0,0,7.1101719986472744,0.0,0.029500999517040327,4.751786435709273,9.5,627.015625,False
1773588140.4064183,173,0,0,0,0,7.1075419982662424,0.0,0.030278002668637782,4.751786435709273,14.3,630.953125,False
1773588140.6168427,174,0,0,0,0,7.1873750021040905,0.0,0.029221999284345657,4.751786435709273,4.8,633.578125,False
1773588140.8273036,175,0,0,0,0,7.143671999074286,0.0,0.029555001674452797,4.752898899546819,14.3,636.203125,False
1773588141.0376234,176,0,0,0,0,7.1360609981638845,0.0,0.02929699985543266,4.752898899546819,4.8,638.828125,False
1773588141.247974,177,0,0,0,0,7.11350499841501,0.0,0.02881500040530227,4.752898899546819,9.5,641.453125,False
1773588141.458604,178,0,0,0,0,7.180487002187874,0.0,0.032203999580815434,4.752898899546819,14.2,642.765625,False
1773588141.6709182,179,0,0,0,0,9.013015998789342,0.0,0.03548200038494542,4.752898899546819,9.4,645.390625,False
1773588141.884008,180,0,0,0,0,9.550037000735756,0.0,0.034370998037047684,4.731927636764119,9.4,648.03125,False
1773588142.969746,181,0,0,0,0,9.529908002150478,0.0,0.035240998840890825,0.9209696664153251,82.0,587.78125,False
1773588143.1798258,182,0,0,0,0,6.791632000386016,0.0,0.0282219989458099,0.9209696664153251,4.8,583.84375,False
1773588143.389865,183,0,0,0,0,6.821965998824453,0.0,0.027425998268881813,0.9209696664153251,19.0,583.84375,False
1773588143.6001341,184,0,0,0,0,7.087263998982962,0.0,0.029351998819038272,0.9209696664153251,4.8,583.84375,False
1773588143.8103924,185,0,0,0,0,6.981836999329971,0.0,0.03137099702144042,0.9209696664153251,9.5,583.84375,False
1773588144.0207417,186,0,0,0,0,7.079208000504877,0.0,0.031649000447941944,4.757684226096354,4.8,583.84375,False
1773588144.230971,187,0,0,0,0,7.081431002006866,0.0,0.02124099773936905,4.757684226096354,9.5,583.84375,False
1773588144.441362,188,0,0,0,0,7.098337999195792,0.0,0.021371000912040472,4.757684226096354,9.5,583.84375,False
1773588144.6516385,189,0,0,0,0,7.056337999529205,0.0,0.021703999664168805,4.757684226096354,9.5,583.84375,False
1773588144.861928,190,0,0,0,0,7.103282998286886,0.0,0.022723001166014,4.757684226096354,9.5,583.84375,False
1773588145.072247,191,0,0,0,0,7.080467999912798,0.0,0.022537002223543823,4.754953965087972,4.8,583.84375,False
1773588145.28259,192,0,0,0,0,7.132837999961339,0.0,0.022055999579606578,4.754953965087972,9.5,583.84375,False
1773588145.4929612,193,0,0,0,0,7.112560000678059,0.0,0.022722997528035194,4.754953965087972,14.3,583.84375,False
1773588145.7033978,194,0,0,0,0,7.105819997377694,0.0,0.02242700065835379,4.754953965087972,4.8,583.84375,False
1773588145.913847,195,0,0,0,0,7.134079001843929,0.0,0.021667001419700682,4.754953965087972,9.5,583.84375,False
1773588146.1242363,196,0,0,0,0,7.061300999339437,0.0,0.021501000446733087,4.752911825711094,9.5,583.84375,False
1773588146.3346481,197,0,0,0,0,7.086893998348387,0.0,0.021981999452691525,4.752911825711094,4.8,583.84375,False
1773588146.5452456,198,0,0,0,0,7.271413000125904,0.0,0.021628999093081802,4.752911825711094,14.2,583.84375,False
1773588146.755629,199,0,0,0,0,7.097098001395352,0.0,0.022258998797042295,4.752911825711094,4.8,583.84375,False
1773588147.6234586,200,1,1,0,0,7.10759799767402,657.4307099981525,0.03396299871383235,2.667992296841928,133.7,587.90625,True
1773588148.469743,201,1,1,1,1,7.169597000029171,635.7260449985915,0.03455499972915277,2.667992296841928,133.5,583.78125,True
1773588149.3117642,202,1,1,1,0,7.134171999496175,631.6179290006403,0.03438900239416398,1.1846204814904462,133.0,583.78125,True
1773588150.1544828,203,1,1,1,0,7.20424600149272,632.1975239989115,0.034278000384802,1.1846204814904462,135.3,583.796875,True
1773588150.9954143,204,1,1,1,0,7.2485429991502315,630.4619030015601,0.03412899968679994,1.1878939888537512,132.0,583.859375,True
1773588151.8342626,205,1,1,1,0,7.179856998845935,628.3005200020852,0.033816002542153,1.1878939888537512,134.7,582.5,True
1773588152.6735444,206,1,1,1,0,7.17869100117241,628.8917279998714,0.0350560003425926,1.1918021660869342,132.3,569.5625,True
1773588153.5127323,207,1,1,1,0,7.110097998520359,628.6818930020672,0.05542700091609731,1.1918021660869342,132.3,580.96875,True
1773588154.3509948,208,1,1,1,0,7.163061000028392,627.8524629997264,0.034796001273207366,1.1922864600300296,136.0,580.96875,True
1773588155.1886346,209,1,1,1,0,7.180987002357142,627.0790140006284,0.034130000130971894,1.1922864600300296,132.5,580.96875,True
1773588156.027307,210,1,1,1,0,7.185561000369489,628.2461880000483,0.03468500290182419,1.193097037214875,132.3,580.96875,True
1773588156.8673637,211,1,1,1,0,7.205412999610417,629.487047001021,0.033907999750226736,1.193097037214875,133.3,580.96875,True
1773588157.7062182,212,1,1,1,0,7.241616000101203,628.3696329992381,0.034814998798538,1.1912446738337816,132.3,580.96875,True
1773588158.5450432,213,1,1,1,0,7.194374997197883,628.2496880012332,0.034073997085215524,1.1912446738337816,134.7,580.96875,True
1773588159.381754,214,1,1,1,0,7.220765000965912,626.2724919979519,0.0332589988829568,1.1936508297890203,133.9,580.96875,True
1773588160.2213829,215,1,1,1,0,7.175283000833588,629.0934899989225,0.03400100104045123,1.1936508297890203,133.4,580.96875,True
1773588160.4317963,216,0,0,1,0,7.166005998442415,0.0,0.031055998988449574,1.9047606937476698,9.5,582.15625,False
1773588160.6421635,217,0,0,1,0,7.130042002245318,0.0,0.028851998649770394,1.9047606937476698,4.8,584.78125,False
1773588160.8525944,218,0,0,1,0,7.117357003153302,0.0,0.029741000616922975,1.9047606937476698,14.3,587.40625,False
1773588161.062992,219,0,0,1,0,7.176135000918293,0.0,0.029834001907147467,1.9047606937476698,9.5,590.03125,False
1773588161.2733004,220,0,0,1,0,7.1271710003202315,0.0,0.029795999580528587,1.9047606937476698,4.8,592.65625,False
1773588161.4836547,221,0,0,1,0,7.125059997633798,0.0,0.030073999369051307,4.753488188653337,9.5,595.28125,False
1773588161.6940434,222,0,0,1,0,7.1179859987751115,0.0,0.030240997148212045,4.753488188653337,9.5,597.90625,False
1773588161.904459,223,0,0,1,0,7.162560999859124,0.0,0.030481998692266643,4.753488188653337,14.3,600.53125,False
1773588162.1148326,224,0,0,1,0,7.1135239995783195,0.0,0.03133300197077915,4.753488188653337,4.8,603.15625,False
1773588162.3252563,225,0,0,1,0,7.170320001023356,0.0,0.029147999157430604,4.753488188653337,9.5,605.78125,False
1773588162.538174,226,0,0,1,0,9.626037997804815,0.0,0.03572299829102121,4.7416764963969715,9.4,608.40625,False
1773588162.7513418,227,0,0,1,0,9.53987100001541,0.0,0.03794500298681669,4.7416764963969715,9.4,611.03125,False
1773588162.9640777,228,0,0,1,0,9.108406000450486,0.0,0.03629599814303219,4.7416764963969715,18.8,613.65625,False
1773588163.1772647,229,0,0,1,0,9.621631001209607,0.0,0.034444001357769594,4.7416764963969715,9.4,616.28125,False
1773588163.3904572,230,0,0,1,0,9.590335001121275,0.0,0.034722001146292314,4.7416764963969715,9.4,618.90625,False
1773588163.6036806,231,0,0,0,0,9.595464001904475,0.0,0.03600000127335079,4.692625124243741,14.1,621.53125,False
1773588163.8168156,232,0,0,0,0,9.551056002237601,0.0,0.06737000148859806,4.692625124243741,9.4,624.15625,False
1773588164.0300314,233,0,0,0,0,9.601555997505784,0.0,0.034222000977024436,4.692625124243741,18.8,626.78125,False
1773588164.2432215,234,0,0,0,0,9.639685998990899,0.0,0.03592600114643574,4.692625124243741,9.4,629.40625,False
1773588164.4563217,235,0,0,0,0,9.541297000396298,0.0,0.03538900273269974,4.692625124243741,9.4,632.03125,False
1773588164.6695685,236,0,0,0,0,9.645464000641368,0.0,0.03355599983478896,4.690886918227908,9.4,634.65625,False
1773588164.882622,237,0,0,0,0,9.51709299988579,0.0,0.03472199750831351,4.690886918227908,9.4,637.28125,False
1773588165.0957208,238,0,0,0,0,9.54874099988956,0.0,0.03501899846014567,4.690886918227908,18.8,639.921875,False
1773588165.3087957,239,0,0,0,0,9.492408000369323,0.0,0.06096300057834014,4.690886918227908,9.4,642.546875,False
1773588165.5219567,240,0,0,0,0,9.616389997972874,0.0,0.034149001294281334,4.690886918227908,14.1,645.171875,False
1773588166.579786,241,0,0,0,0,9.532797001156723,0.0,0.03635200118878856,2.617423236865126,81.3,579.6875,False
1773588166.789742,242,0,0,0,0,6.771559001208516,0.0,0.02738900002441369,2.617423236865126,4.8,579.6875,False
1773588167.0000563,243,0,0,0,0,7.089577997248853,0.0,0.030297000193968415,2.617423236865126,14.3,579.6875,False
1773588167.2103684,244,0,0,0,0,7.09680100044352,0.0,0.030407001759158447,2.617423236865126,9.5,579.6875,False
1773588167.4206436,245,0,0,0,0,7.0607830020890106,0.0,0.030073999369051307,2.617423236865126,4.8,579.6875,False
1773588167.6309288,246,0,0,0,0,7.087689999025315,0.0,0.030519000574713573,4.756857589507273,9.5,579.6875,False
1773588167.8411748,247,0,0,0,0,7.063430999551201,0.0,0.02211099854321219,4.756857589507273,9.5,579.6875,False
1773588168.0514517,248,0,0,0,0,7.075097997585544,0.0,0.022370000806404278,4.756857589507273,9.5,579.6875,False
1773588168.261739,249,0,0,0,0,7.106060998921748,0.0,0.02077699900837615,4.756857589507273,9.5,579.6875,False
1773588168.4720156,250,0,0,0,0,7.080874998791842,0.0,0.022500000341096893,4.756857589507273,9.5,579.6875,False
1773588168.6822846,251,0,0,0,0,7.024004000413697,0.0,0.02240799949504435,4.755785332561094,4.8,579.6875,False
1773588168.892544,252,0,0,0,0,7.048079001833685,0.0,0.021982003090670332,4.755785332561094,9.5,579.6875,False
1773588169.1029298,253,0,0,0,0,7.1219860001292545,0.0,0.022018000890966505,4.755785332561094,14.3,579.6875,False
1773588169.31335,254,0,0,0,0,7.102690000465373,0.0,0.021759999071946368,4.755785332561094,9.5,579.6875,False
1773588169.5237262,255,0,0,0,0,7.083190001139883,0.0,0.022184998670127243,4.755785332561094,4.8,579.6875,False
1773588169.7340894,256,0,0,0,0,7.057763999910094,0.0,0.021667001419700682,4.7537166178749,9.5,579.6875,False
1773588169.944465,257,0,0,0,0,7.055041998683009,0.0,0.022481999621959403,4.7537166178749,9.5,579.6875,False
1773588170.1549044,258,0,0,0,0,7.085096996888751,0.0,0.0224069990508724,4.7537166178749,9.5,579.6875,False
1773588170.3652856,259,0,0,0,0,7.082431002345402,0.0,0.021741001546615735,4.7537166178749,9.5,579.6875,False
1773588170.5756676,260,0,0,0,0,7.151985999371391,0.0,0.02125999890267849,4.7537166178749,9.5,579.6875,False
1773588170.7858784,261,0,0,0,0,7.051171000057366,0.0,0.022852000256534666,4.753813599183047,4.8,579.6875,False
1773588170.998618,262,0,0,0,0,9.47424200057867,0.0,0.026204001187579706,4.753813599183047,9.4,579.6875,False
1773588171.211643,263,0,0,0,0,9.48931500170147,0.0,0.0271480021183379,4.753813599183047,18.8,579.6875,False
1773588171.4247074,264,0,0,0,0,9.54863099832437,0.0,0.02568600029917434,4.753813599183047,9.4,579.6875,False
1773588171.637988,265,0,0,0,0,9.566796998115024,0.0,0.025869998353300616,4.753813599183047,9.4,579.6875,False
1773588171.85101,266,0,0,0,0,9.499927000433672,0.0,0.02592599776107818,4.694462346179081,9.4,579.6875,False
1773588172.0640824,267,0,0,0,0,9.505704998446163,0.0,0.02603699977044016,4.694462346179081,9.4,579.6875,False
1773588172.27663,268,0,0,0,0,9.01679399976274,0.0,0.024611003027530387,4.694462346179081,14.1,579.6875,False
1773588172.4896765,269,0,0,0,0,9.554501000820892,0.0,0.025314999220427126,4.694462346179081,9.4,579.6875,False
1773588172.702708,270,0,0,0,0,9.553981999488315,0.0,0.025573997845640406,4.694462346179081,9.4,579.6875,False
1773588172.9158387,271,0,0,0,0,9.547612000460504,0.0,0.02537099862820469,4.695602798259999,14.1,579.6875,False
1773588173.1290357,272,0,0,0,0,9.614946000510827,0.0,0.02544499875511974,4.695602798259999,9.4,579.6875,False
1773588173.342262,273,0,0,0,0,9.582204998878296,0.0,0.025092998839681968,4.695602798259999,18.8,579.6875,False
1773588173.5555186,274,0,0,0,0,9.663354001531843,0.0,0.024778000806691125,4.695602798259999,9.4,579.6875,False
1773588173.768829,275,0,0,0,0,9.665816000051564,0.0,0.025833000108832493,4.695602798259999,9.4,579.6875,False
1773588173.9819837,276,0,0,0,0,9.608537999156397,0.0,0.024018001568038017,4.689747706729759,9.4,579.6875,False
1773588174.1950533,277,0,0,0,0,9.631796998291975,0.0,0.025407000066479668,4.689747706729759,9.4,579.6875,False
1773588174.4082143,278,0,0,0,0,9.59772300120676,0.0,0.02550000135670416,4.689747706729759,18.8,579.6875,False
1773588174.6213152,279,0,0,0,0,9.61740899947472,0.0,0.024092998501146212,4.689747706729759,9.4,579.6875,False
1773588174.8344173,280,0,0,0,0,9.614648999558995,0.0,0.025518998882034793,4.689747706729759,9.4,579.6875,False
1773588175.047547,281,0,0,0,0,9.584241997799836,0.0,0.024575001589255407,4.692419327338868,9.4,579.6875,False
1773588175.2608178,282,0,0,0,0,9.694502001366345,0.0,0.02635200144140981,4.692419327338868,9.4,579.6875,False
1773588175.4740279,283,0,0,0,0,9.625131002394482,0.0,0.026186000468442217,4.692419327338868,18.8,579.6875,False
1773588175.6871028,284,0,0,0,0,9.515038000245113,0.0,0.02648199733812362,4.692419327338868,9.4,579.6875,False
1773588175.9001641,285,0,0,0,0,9.486963001108961,0.0,0.024778000806691125,4.692419327338868,9.4,579.6875,False
1773588176.113254,286,0,0,0,0,9.485149003012339,0.0,0.025018998712766916,4.691703378765954,9.4,579.6875,False
1773588176.3262515,287,0,0,0,0,9.513611999864224,0.0,0.024684999516466632,4.691703378765954,14.1,579.6875,False
1773588176.5393412,288,0,0,0,0,9.447648000787012,0.0,0.02627800131449476,4.691703378765954,14.1,579.6875,False
1773588176.7524886,289,0,0,0,0,9.576741998898797,0.0,0.02624099943204783,4.691703378765954,14.1,579.703125,False
1773588176.9655828,290,0,0,0,0,9.534426000755047,0.0,0.02550000135670416,4.691703378765954,9.4,579.703125,False
1773588177.1786008,291,0,0,0,0,9.488462997978786,0.0,0.024204000510508195,4.693310894204505,9.4,579.703125,False
1773588177.3916075,292,0,0,0,0,9.449832999962382,0.0,0.024981996830319986,4.693310894204505,14.1,579.703125,False
1773588177.6045473,293,0,0,0,0,9.413463001692435,0.0,0.025556000764481723,4.693310894204505,14.1,579.71875,False
1773588177.8176196,294,0,0,0,0,9.530703999189427,0.0,0.024574001145083457,4.693310894204505,9.4,579.71875,False
1773588178.0307114,295,0,0,0,0,9.537000001728302,0.0,0.024814999051159248,4.693310894204505,9.4,579.71875,False
1773588178.243735,296,0,0,0,0,9.45707399660023,0.0,0.025518998882034793,4.694282657259382,9.4,579.71875,False
1773588178.45679,297,0,0,0,0,9.447667001950322,0.0,0.0525739997101482,4.694282657259382,9.4,579.71875,False
1773588178.669896,298,0,0,0,0,9.535222998238169,0.0,0.024482000299030915,4.694282657259382,18.8,579.71875,False
1773588178.8829615,299,0,0,0,0,9.50774100056151,0.0,0.026962999982060865,4.694282657259382,9.4,579.71875,False
1773588179.0960093,300,0,0,0,0,9.538278998661553,0.0,0.02624099943204783,4.694282657259382,9.4,579.71875,False
1773588179.3089967,301,0,0,0,0,9.497723000094993,0.0,0.024110999220283702,4.693644925199197,14.1,579.71875,False
1773588179.5220592,302,0,0,0,0,9.518056001979858,0.0,0.024740998924244195,4.693644925199197,9.4,579.71875,False
1773588179.7350101,303,0,0,0,0,9.481147997576045,0.0,0.025536999601172283,4.693644925199197,14.1,579.71875,False
1773588179.9480627,304,0,0,0,0,9.488907002378255,0.0,0.02516699896659702,4.693644925199197,9.4,579.71875,False
1773588180.1611524,305,0,0,0,0,9.506390000751708,0.0,0.024426000891253352,4.693644925199197,14.1,579.71875,False
1773588180.3741903,306,0,0,0,0,9.559259997331537,0.0,0.024832999770296738,4.694007371094262,9.4,579.71875,False
1773588180.5871854,307,0,0,0,0,9.506296999461483,0.0,0.025610999728087336,4.694007371094262,9.4,579.71875,False
1773588180.7999952,308,0,0,0,0,9.247166002751328,0.0,0.027186000806977972,4.694007371094262,14.1,579.71875,False
1773588181.0130982,309,0,0,0,0,9.525927001959644,0.0,0.024536999262636527,4.694007371094262,14.1,579.71875,False
1773588181.2260697,310,0,0,0,0,9.487074999924516,0.0,0.02548200063756667,4.694007371094262,9.4,579.71875,False
1773588181.4390893,311,0,0,0,0,9.45096299983561,0.0,0.02520400084904395,4.695322101050247,9.4,579.71875,False
1773588181.652286,312,0,0,0,0,9.629724001570139,0.0,0.025870998797472566,4.695322101050247,9.4,579.71875,False
1773588181.8653343,313,0,0,0,0,9.525610999844503,0.0,0.025258999812649563,4.695322101050247,18.8,579.71875,False
1773588182.0784285,314,0,0,0,0,9.523870998236816,0.0,0.02433299960102886,4.695322101050247,9.4,579.71875,False
1773588182.291532,315,0,0,0,0,9.49788900106796,0.0,0.024815002689138055,4.695322101050247,9.4,579.71875,False
1773588182.5046217,316,0,0,0,0,9.54283399914857,0.0,0.0259810003626626,4.692608323819761,14.1,579.71875,False
1773588182.717746,317,0,0,0,0,9.615555998607306,0.0,0.024296001356560737,4.692608323819761,4.7,579.71875,False
1773588182.930826,318,0,0,0,0,9.545982000418007,0.0,0.024499997380189598,4.692608323819761,18.8,579.71875,False
1773588183.1439235,319,0,0,0,0,9.581446000083815,0.0,0.027018999389838427,4.692608323819761,9.4,579.71875,False
1773588183.35705,320,0,0,0,0,9.590722998837009,0.0,0.024167002266040072,4.692608323819761,9.4,579.71875,False
1773588183.570161,321,0,0,0,0,9.651963999203872,0.0,0.024723001843085513,4.692409877914447,9.4,579.71875,False
1773588183.7832377,322,0,0,0,0,9.550334001687588,0.0,0.02385200059507042,4.692409877914447,14.1,579.734375,False
1773588183.9957535,323,0,0,0,0,9.039276003022678,0.0,0.025371002266183496,4.692409877914447,14.1,579.734375,False
1773588184.2088857,324,0,0,0,0,9.636613001930527,0.0,0.02461099938955158,4.692409877914447,14.1,579.734375,False
1773588184.4220483,325,0,0,0,0,9.70329800111358,0.0,0.024666998797329143,4.692409877914447,9.4,579.734375,False
1773588184.6352074,326,0,0,0,0,9.64748300248175,0.0,0.025814999389695004,4.694632590477056,9.4,579.734375,False
1773588184.8483472,327,0,0,0,0,9.584130999428453,0.0,0.02601900268928148,4.694632590477056,9.4,579.734375,False
1773588185.0615313,328,0,0,0,0,9.595334999175975,0.0,0.025314999220427126,4.694632590477056,18.8,579.734375,False
1773588185.2745097,329,0,0,0,0,9.494204001384787,0.0,0.025777997507248074,4.694632590477056,9.4,579.734375,False
1773588185.4875903,330,0,0,0,0,9.550203998514917,0.0,0.025408000510651618,4.694632590477056,9.4,579.734375,False
1773588185.7005594,331,0,0,0,0,9.487556002568454,0.0,0.02574099926277995,4.693372864916302,9.4,579.734375,False
1773588185.9136074,332,0,0,0,0,9.52864899954875,0.0,0.025352001102874056,4.693372864916302,9.4,579.734375,False
1773588186.126659,333,0,0,0,0,9.53163099984522,0.0,0.02548100019339472,4.693372864916302,18.8,579.734375,False
1773588186.3397028,334,0,0,0,0,9.472667003137758,0.0,0.02679599856492132,4.693372864916302,9.4,579.734375,False
1773588186.5528593,335,0,0,0,0,9.558686000673333,0.0,0.026482000976102427,4.693372864916302,9.4,579.734375,False
1773588186.7659802,336,0,0,0,0,9.601964000466978,0.0,0.025296998501289636,4.6928361898185145,9.4,579.734375,False
1773588186.979052,337,0,0,0,0,9.524556000542361,0.0,0.025036999431904405,4.6928361898185145,9.4,579.734375,False
1773588187.1919947,338,0,0,0,0,9.489926000242122,0.0,0.025536999601172283,4.6928361898185145,18.8,579.734375,False
1773588187.4050071,339,0,0,0,0,9.468352000112645,0.0,0.024518001737305894,4.6928361898185145,9.4,579.734375,False
1773588187.617946,340,0,0,0,0,9.46690799901262,0.0,0.025332999939564615,4.6928361898185145,9.4,579.734375,False
1773588187.8308654,341,0,0,0,0,9.389295999426395,0.0,0.02625900015118532,4.695387278684062,9.4,579.734375,False
1773588188.0438416,342,0,0,0,0,9.516314999928,0.0,0.02546399991842918,4.695387278684062,14.1,579.734375,False
1773588188.2568755,343,0,0,0,0,9.547093999572098,0.0,0.026112000341527164,4.695387278684062,18.8,579.734375,False
1773588188.4700167,344,0,0,0,0,9.54890799766872,0.0,0.026129000616492704,4.695387278684062,9.4,579.734375,False
1773588188.6830294,345,0,0,0,0,9.47533399812528,0.0,0.025388999347342178,4.695387278684062,9.4,579.734375,False
1773588188.896015,346,0,0,0,0,9.511946002021432,0.0,0.026148001779802144,4.694185988210098,9.4,579.734375,False
1773588189.1091833,347,0,0,0,0,9.530704002827406,0.0,0.024981000024126843,4.694185988210098,9.4,579.734375,False
1773588189.3221335,348,0,0,0,0,9.41587000124855,0.0,0.026130001060664654,4.694185988210098,18.8,579.734375,False
1773588189.5351315,349,0,0,0,0,9.52970400248887,0.0,0.02601900268928148,4.694185988210098,9.4,579.734375,False
1773588189.7480643,350,0,0,0,0,9.388258997205412,0.0,0.026407997211208567,4.694185988210098,9.4,579.734375,False
1773588189.9610076,351,0,0,0,0,9.471926001424436,0.0,0.025371002266183496,4.694834377487024,9.4,579.734375,False
1773588190.1739452,352,0,0,0,0,9.487815001193667,0.0,0.02548200063756667,4.694834377487024,9.4,579.734375,False
1773588190.3869288,353,0,0,0,0,9.432480997929815,0.0,0.025555997126502916,4.694834377487024,18.8,579.734375,False
1773588190.6000051,354,0,0,0,0,9.527444999548607,0.0,0.02520400084904395,4.694834377487024,9.4,579.734375,False
1773588190.8130832,355,0,0,0,0,9.48639000125695,0.0,0.024370998289668933,4.694834377487024,9.4,579.734375,False
1773588191.026031,356,0,0,0,0,9.49011200282257,0.0,0.024684999516466632,4.694747144515648,9.4,579.734375,False
1773588191.2389314,357,0,0,0,0,9.380055998917669,0.0,0.0254259975918103,4.694747144515648,9.4,579.734375,False
1773588191.452062,358,0,0,0,0,9.506925998721272,0.0,0.025445002393098548,4.694747144515648,18.8,579.734375,False
1773588191.6650887,359,0,0,0,0,9.499888998107053,0.0,0.02633300027810037,4.694747144515648,9.4,579.734375,False
1773588191.8781645,360,0,0,0,0,9.53861200105166,0.0,0.025056000595213845,4.694747144515648,9.4,579.734375,False
1773588192.0912392,361,0,0,0,0,9.526222998829326,0.0,0.025610999728087336,4.693938029288766,9.4,579.734375,False
1773588192.3042045,362,0,0,0,0,9.546778001094935,0.0,0.024482000299030915,4.693938029288766,9.4,579.734375,False
1773588192.5170214,363,0,0,0,0,9.171276000415673,0.0,0.024741002562223002,4.693938029288766,18.8,579.734375,False
1773588192.73005,364,0,0,0,0,9.586020001734141,0.0,0.024962999304989353,4.693938029288766,9.4,579.734375,False
1773588192.943116,365,0,0,0,0,9.481648001383292,0.0,0.026166999305132776,4.693938029288766,9.4,579.734375,False
1773588193.1562018,366,0,0,0,0,9.559278998494847,0.0,0.025518998882034793,4.695025670772483,9.4,579.734375,False
1773588193.3693728,367,0,0,0,0,9.568926998326788,0.0,0.024834000214468688,4.695025670772483,9.4,579.734375,False
1773588193.5824685,368,0,0,0,0,9.56013000177336,0.0,0.025056000595213845,4.695025670772483,18.8,579.734375,False
1773588193.7954843,369,0,0,0,0,9.48916700144764,0.0,0.02572300218162127,4.695025670772483,9.4,579.734375,False
1773588194.0084574,370,0,0,0,0,9.512055999948643,0.0,0.024722001398913562,4.695025670772483,9.4,579.734375,False
1773588194.2224116,371,0,0,0,0,10.403005999251036,0.0,0.043796997488243505,4.689468757700614,9.3,579.734375,False
1773588194.435416,372,0,0,0,0,9.55002000046079,0.0,0.02462900010868907,4.689468757700614,9.4,579.734375,False
1773588194.6486816,373,0,0,0,0,9.72326100236387,0.0,0.025258999812649563,4.689468757700614,18.8,579.734375,False
1773588194.861656,374,0,0,0,0,9.527518999675522,0.0,0.02463000055286102,4.689468757700614,9.4,579.75,False
1773588195.07464,375,0,0,0,0,9.466611001698766,0.0,0.025517998437862843,4.689468757700614,9.4,579.75,False
1773588195.2875686,376,0,0,0,0,9.453963000851218,0.0,0.025518998882034793,4.69420910435968,9.4,579.75,False
1773588195.500566,377,0,0,0,0,9.459778000746155,0.0,0.025649002054706216,4.69420910435968,14.1,579.75,False
1773588195.7135859,378,0,0,0,0,9.481871002208209,0.0,0.02388900247751735,4.69420910435968,14.1,579.75,False
1773588195.9265945,379,0,0,0,0,9.487889001320582,0.0,0.025499997718725353,4.69420910435968,9.4,579.75,False
1773588196.139609,380,0,0,0,0,9.438519002287649,0.0,0.025517998437862843,4.69420910435968,9.4,579.75,False
1773588196.352586,381,0,0,0,0,9.41431500177714,0.0,0.025908000679919496,4.6949258179369435,14.1,579.75,False
1773588196.5656974,382,0,0,0,0,9.545611999783432,0.0,0.026277997676515952,4.6949258179369435,9.4,579.75,False
1773588196.7786713,383,0,0,0,0,9.443129998544464,0.0,0.026926001737592742,4.6949258179369435,14.1,579.75,False
1773588196.9916902,384,0,0,0,0,9.462130001338664,0.0,0.02631499955896288,4.6949258179369435,14.1,579.75,False
1773588197.2045972,385,0,0,0,0,9.41855600103736,0.0,0.025408000510651618,4.6949258179369435,9.4,579.75,False
1773588197.4176362,386,0,0,0,0,9.48840800265316,0.0,0.02594499892438762,4.6944654987390555,9.4,579.75,False
1773588197.630604,387,0,0,0,0,9.512536998954602,0.0,0.02711100023589097,4.6944654987390555,9.4,579.75,False
1773588197.843551,388,0,0,0,0,9.478779000346549,0.0,0.027222999051446095,4.6944654987390555,18.8,579.75,False
1773588198.0565999,389,0,0,0,0,9.495647998846835,0.0,0.026166999305132776,4.6944654987390555,9.4,579.75,False
1773588198.2696497,390,0,0,0,0,9.507445000053849,0.0,0.026223002350889146,4.6944654987390555,9.4,579.75,False
1773588198.4827666,391,0,0,0,0,9.515740999631817,0.0,0.027259000489721075,4.694294215781758,9.4,579.75,False
1773588198.695857,392,0,0,0,0,9.505334001005394,0.0,0.026148998585995287,4.694294215781758,9.4,579.75,False
1773588198.908861,393,0,0,0,0,9.534204000374302,0.0,0.027166999643668532,4.694294215781758,18.8,579.765625,False
1773588199.121916,394,0,0,0,0,9.525037999992492,0.0,0.02550000135670416,4.694294215781758,9.4,579.765625,False
1773588199.3348699,395,0,0,0,0,9.482019002462039,0.0,0.02626000059535727,4.694294215781758,9.4,579.765625,False
1773588199.547776,396,0,0,0,0,9.45274199693813,0.0,0.025334000383736566,4.694780776120632,9.4,579.765625,False
1773588199.760819,397,0,0,0,0,9.516111997072585,0.0,0.02625900015118532,4.694780776120632,9.4,579.765625,False
1773588199.97395,398,0,0,0,0,9.527908001473406,0.0,0.024536999262636527,4.694780776120632,18.8,579.765625,False
1773588200.1868477,399,0,0,0,0,9.46235199808143,0.0,0.025592999008949846,4.694780776120632,9.4,579.765625,False
1773588200.3998775,400,0,0,0,0,9.503408000455238,0.0,0.025258999812649563,4.694780776120632,9.4,579.765625,False
1773588200.6129434,401,0,0,0,0,9.502833996521076,0.0,0.025073997676372528,4.694081968354287,9.4,579.765625,False
1773588200.8259654,402,0,0,0,0,9.508277998975245,0.0,0.02524100273149088,4.694081968354287,14.1,579.765625,False
1773588201.0387414,403,0,0,0,0,9.226129001035588,0.0,0.02631499955896288,4.694081968354287,14.1,579.765625,False
1773588201.2517788,404,0,0,0,0,9.515444999124156,0.0,0.025852001272141933,4.694081968354287,9.4,579.765625,False
1773588201.4647565,405,0,0,0,0,9.473944999626838,0.0,0.026703000912675634,4.694081968354287,14.1,579.765625,False
1773588201.6779928,406,0,0,0,0,9.538334001263138,0.0,0.025574001483619213,4.694617877519424,9.4,579.78125,False
1773588201.8909698,407,0,0,0,0,9.457129999645986,0.0,0.02659300298546441,4.694617877519424,9.4,579.78125,False
1773588202.1039662,408,0,0,0,0,9.49464900259045,0.0,0.025814999389695004,4.694617877519424,18.8,579.78125,False
1773588202.3169754,409,0,0,0,0,9.456703999603633,0.0,0.025907000235747546,4.694617877519424,9.4,579.78125,False
1773588202.5299242,410,0,0,0,0,9.443259998079157,0.0,0.024685999960638583,4.694617877519424,9.4,579.78125,False
1773588202.7428322,411,0,0,0,0,9.485816000960767,0.0,0.024740998924244195,4.695568103528765,9.4,579.78125,False
1773588202.9558854,412,0,0,0,0,9.532852000120329,0.0,0.025111003196798265,4.695568103528765,9.4,579.78125,False
1773588203.168935,413,0,0,0,0,9.489166997809662,0.0,0.026112000341527164,4.695568103528765,18.8,579.78125,False
1773588203.3820121,414,0,0,0,0,9.505815000011353,0.0,0.024518001737305894,4.695568103528765,9.4,579.78125,False
1773588203.595063,415,0,0,0,0,9.523130000161473,0.0,0.024278000637423247,4.695568103528765,9.4,579.78125,False
1773588203.807948,416,0,0,0,0,9.433741000975715,0.0,0.02624099943204783,4.694349907641946,9.4,579.78125,False
1773588204.0209339,417,0,0,0,0,9.448906999750761,0.0,0.025926001399056986,4.694349907641946,9.4,579.78125,False
1773588204.2339866,418,0,0,0,0,9.49948199922801,0.0,0.024832999770296738,4.694349907641946,18.8,579.78125,False
1773588204.4469848,419,0,0,0,0,9.484260001045186,0.0,0.02516699896659702,4.694349907641946,9.4,579.78125,False
1773588204.6599824,420,0,0,0,0,9.532834999845363,0.0,0.02713000139920041,4.694349907641946,9.4,579.78125,False
1773588204.873129,421,0,0,0,0,9.510038002190413,0.0,0.02607400165288709,4.6940262828513255,9.4,579.78125,False
1773588205.086181,422,0,0,0,0,9.513426997727947,0.0,0.025408000510651618,4.6940262828513255,14.1,579.78125,False
1773588205.299159,423,0,0,0,0,9.440111000003526,0.0,0.02681499972823076,4.6940262828513255,14.1,579.78125,False
1773588205.5122173,424,0,0,0,0,9.452741000131937,0.0,0.025426001229789108,4.6940262828513255,14.1,579.78125,False
1773588205.7253225,425,0,0,0,0,9.47266699949978,0.0,0.025258999812649563,4.6940262828513255,9.4,579.78125,False
1773588205.9383335,426,0,0,0,0,9.576798001944553,0.0,0.024740998924244195,4.693948535491244,9.4,579.78125,False
1773588206.1513388,427,0,0,0,0,9.537334997730795,0.0,0.0248889991780743,4.693948535491244,9.4,579.78125,False
1773588206.3643765,428,0,0,0,0,9.571668000717182,0.0,0.024556000425945967,4.693948535491244,18.8,579.78125,False
1773588206.5776014,429,0,0,0,0,9.662816999480128,0.0,0.025870001991279423,4.693948535491244,9.4,579.78125,False
1773588206.7907407,430,0,0,0,0,9.560037997289328,0.0,0.02548100019339472,4.693948535491244,9.4,579.78125,False
1773588207.0038042,431,0,0,0,0,9.527260001050308,0.0,0.028389000362949446,4.692862443083307,9.4,579.78125,False
1773588207.2170293,432,0,0,0,0,9.526075002213474,0.0,0.026223002350889146,4.692862443083307,9.4,579.78125,False
1773588207.4299638,433,0,0,0,0,9.425741001905408,0.0,0.025222998374374583,4.692862443083307,18.8,579.78125,False
1773588207.6430788,434,0,0,0,0,9.537796999211423,0.0,0.025592999008949846,4.692862443083307,9.4,579.78125,False
1773588207.856125,435,0,0,0,0,9.541889998217812,0.0,0.025407000066479668,4.692862443083307,9.4,579.78125,False
1773588208.0693455,436,0,0,0,0,9.596666997822467,0.0,0.02522200156818144,4.69235528198519,9.4,579.78125,False
1773588208.2823503,437,0,0,0,0,9.47888899827376,0.0,0.024536999262636527,4.69235528198519,9.4,579.78125,False
1773588208.495492,438,0,0,0,0,9.598463999282103,0.0,0.02594499892438762,4.69235528198519,18.8,579.78125,False
1773588208.708636,439,0,0,0,0,9.620871998777147,0.0,0.025630000891396776,4.69235528198519,9.4,579.78125,False
1773588208.9218035,440,0,0,0,0,9.577205000823596,0.0,0.02411100285826251,4.69235528198519,14.1,579.78125,False
1773588209.1348193,441,0,0,0,0,9.574241998052457,0.0,0.02603699977044016,4.692781583968633,9.4,579.78125,False
1773588209.3477335,442,0,0,0,0,9.452778002014384,0.0,0.02518499968573451,4.692781583968633,9.4,579.78125,False
1773588209.560791,443,0,0,0,0,9.421630002179882,0.0,0.05557399708777666,4.692781583968633,18.8,579.78125,False
1773588209.77382,444,0,0,0,0,9.57950099837035,0.0,0.025814999389695004,4.692781583968633,9.4,579.78125,False
1773588209.9869006,445,0,0,0,0,9.538426998915384,0.0,0.025408000510651618,4.692781583968633,9.4,579.78125,False
1773588210.199982,446,0,0,0,0,9.480945001996588,0.0,0.026148998585995287,4.694136604471439,9.4,579.78125,False
1773588210.413009,447,0,0,0,0,9.502556000370532,0.0,0.025110999558819458,4.694136604471439,9.4,579.78125,False
1773588210.6261442,448,0,0,0,0,9.60538999788696,0.0,0.02518499968573451,4.694136604471439,18.8,579.78125,False
1773588210.839074,449,0,0,0,0,9.489519001363078,0.0,0.02537099862820469,4.694136604471439,9.4,579.78125,False
1773588211.0521364,450,0,0,0,0,9.573297000315506,0.0,0.026926001737592742,4.694136604471439,9.4,579.78125,False
1773588211.2652698,451,0,0,0,0,9.530889001325704,0.0,0.02544399831094779,4.693553534636452,9.4,579.78125,False
1773588211.4783504,452,0,0,0,0,9.47950000045239,0.0,0.02562999725341797,4.693553534636452,9.4,579.78125,False
1773588211.691255,453,0,0,0,0,9.457962998567382,0.0,0.025352001102874056,4.693553534636452,18.8,579.78125,False
1773588211.904296,454,0,0,0,0,9.504908997769235,0.0,0.026482000976102427,4.693553534636452,9.4,579.78125,False
1773588212.1173518,455,0,0,0,0,9.502167002210626,0.0,0.02544399831094779,4.693553534636452,9.4,579.78125,False
1773588212.3303683,456,0,0,0,0,9.485074999247445,0.0,0.02490699989721179,4.694400346693385,14.1,579.78125,False
1773588212.5433154,457,0,0,0,0,9.431499998754589,0.0,0.02629599839565344,4.694400346693385,9.4,579.78125,False
1773588212.755806,458,0,0,0,0,8.969905000412837,0.0,0.024739998480072245,4.694400346693385,18.8,579.78125,False
1773588212.9688537,459,0,0,0,0,9.527890000754269,0.0,0.025092998839681968,4.694400346693385,9.4,579.796875,False
1773588213.1819031,460,0,0,0,0,9.52881600096589,0.0,0.026074998459080234,4.694400346693385,9.4,579.796875,False
1773588213.3949184,461,0,0,0,0,9.587407999788411,0.0,0.025813998945523053,4.696836371348821,9.4,579.796875,False
1773588213.6079218,462,0,0,0,0,9.519852999801515,0.0,0.025536999601172283,4.696836371348821,9.4,579.796875,False
1773588213.8209639,463,0,0,0,0,9.496537000813987,0.0,0.023888998839538544,4.696836371348821,18.8,579.796875,False
1773588214.0339031,464,0,0,0,0,9.512537999398774,0.0,0.024184999347198755,4.696836371348821,9.4,579.8125,False
1773588214.2467892,465,0,0,0,0,9.444796000025235,0.0,0.025426001229789108,4.696836371348821,9.4,579.8125,False
1773588214.4597893,466,0,0,0,0,9.385055000166176,0.0,0.024518998543499038,4.695386227417545,9.4,579.8125,False
1773588214.6726813,467,0,0,0,0,9.475889000896132,0.0,0.025556000764481723,4.695386227417545,9.4,579.8125,False
1773588214.885736,468,0,0,0,0,9.518611997918924,0.0,0.02466700243530795,4.695386227417545,18.8,579.8125,False
1773588215.0986598,469,0,0,0,0,9.50211200324702,0.0,0.025833000108832493,4.695386227417545,9.4,579.8125,False
1773588215.3115883,470,0,0,0,0,9.465297000133432,0.0,0.025667002773843706,4.695386227417545,9.4,579.8125,False
1773588215.524704,471,0,0,0,0,9.474481998040574,0.0,0.02629599839565344,4.695442996483039,9.4,579.8125,False
1773588215.7376602,472,0,0,0,0,9.516296999208862,0.0,0.025426001229789108,4.695442996483039,9.4,579.8125,False
1773588215.9506993,473,0,0,0,0,9.527296999294776,0.0,0.025407000066479668,4.695442996483039,18.8,579.8125,False
1773588216.1637373,474,0,0,0,0,9.551074999762932,0.0,0.026648998755263165,4.695442996483039,9.4,579.8125,False
1773588216.3767755,475,0,0,0,0,9.451685997191817,0.0,0.02622299871291034,4.695442996483039,9.4,579.8125,False
1773588216.5898428,476,0,0,0,0,9.529167997243349,0.0,0.025388999347342178,4.694049397428017,9.4,579.8125,False
1773588216.8028667,477,0,0,0,0,9.48781599799986,0.0,0.02625900015118532,4.694049397428017,9.4,579.8125,False
1773588217.0158398,478,0,0,0,0,9.49935300013749,0.0,0.026092999178217724,4.694049397428017,18.8,579.8125,False
1773588217.228788,479,0,0,0,0,9.42227800260298,0.0,0.025741002900758758,4.694049397428017,9.4,579.8125,False
1773588217.4417686,480,0,0,0,0,9.476777999225305,0.0,0.024796998332021758,4.694049397428017,9.4,579.8125,False
1773588217.6547632,481,0,0,0,0,9.464815000683302,0.0,0.025481996999587864,4.695216979647251,9.4,579.8125,False
1773588217.867922,482,0,0,0,0,9.560501002852106,0.0,0.023980999685591087,4.695216979647251,9.4,579.8125,False
1773588218.0808623,483,0,0,0,0,9.492870998656144,0.0,0.02622199826873839,4.695216979647251,18.8,579.8125,False
1773588218.2938821,484,0,0,0,0,9.50261199977831,0.0,0.025185003323713318,4.695216979647251,9.4,579.8125,False
1773588218.506889,485,0,0,0,0,9.546167999360478,0.0,0.02405499981250614,4.695216979647251,9.4,579.8125,False
1773588218.7198982,486,0,0,0,0,9.579371002473636,0.0,0.024796998332021758,4.69423327148676,9.4,579.8125,False
1773588218.9330752,487,0,0,0,0,9.559297999658156,0.0,0.02596299964352511,4.69423327148676,9.4,579.8125,False
1773588219.1461213,488,0,0,0,0,9.582185997714987,0.0,0.0243520007643383,4.69423327148676,18.8,579.8125,False
1773588219.3592012,489,0,0,0,0,9.540389000903815,0.0,0.026204001187579706,4.69423327148676,9.4,579.8125,False
1773588219.5722673,490,0,0,0,0,9.543166997900698,0.0,0.02548100019339472,4.69423327148676,9.4,579.8125,False
1773588219.785308,491,0,0,0,0,9.581908998370636,0.0,0.024814999051159248,4.693014717811821,9.4,579.8125,False
1773588219.9983654,492,0,0,0,0,9.532353000395233,0.0,0.02574099926277995,4.693014717811821,14.1,579.8125,False
1773588220.2114189,493,0,0,0,0,9.532723001029808,0.0,0.02494400177965872,4.693014717811821,14.1,579.8125,False
1773588220.4244344,494,0,0,0,0,9.555630000249948,0.0,0.025000001187436283,4.693014717811821,9.4,579.8125,False
1773588220.6375096,495,0,0,0,0,9.609778997401008,0.0,0.02598200080683455,4.693014717811821,14.1,579.8125,False
1773588220.8505735,496,0,0,0,0,9.520649000478443,0.0,0.024685999960638583,4.693698500632048,9.4,579.8125,False
1773588221.0635748,497,0,0,0,0,9.537205001834081,0.0,0.024445002054562792,4.693698500632048,9.4,579.8125,False
1773588221.2764223,498,0,0,0,0,9.30018500002916,0.0,0.025814999389695004,4.693698500632048,14.1,579.8125,False
1773588221.4895408,499,0,0,0,0,9.573556999384891,0.0,0.02494400177965872,4.693698500632048,9.4,579.8125,False
1773588221.7025788,500,0,0,0,0,9.491630000411533,0.0,0.025518998882034793,4.693698500632048,9.4,579.8125,False
1773588221.9155169,501,0,0,0,0,9.438852001039777,0.0,0.026464000256964937,4.695099249263939,9.4,579.8125,False
1773588222.1286237,502,0,0,0,0,9.482148998358753,0.0,0.026500001695239916,4.695099249263939,14.1,579.8125,False
1773588222.3416636,503,0,0,0,0,9.526724003080744,0.0,0.025592999008949846,4.695099249263939,18.8,579.8125,False
1773588222.5546572,504,0,0,0,0,9.546167999360478,0.0,0.025295998057117686,4.695099249263939,9.4,579.8125,False
1773588222.7676299,505,0,0,0,0,9.447427000850439,0.0,0.025093002477660775,4.695099249263939,9.4,579.8125,False
1773588222.9805882,506,0,0,0,0,9.486463997745886,0.0,0.025870001991279423,4.694656761964799,9.4,579.8125,False
1773588223.19357,507,0,0,0,0,9.473427002376411,0.0,0.024758999643381685,4.694656761964799,9.4,579.8125,False
1773588223.4065201,508,0,0,0,0,9.481648998189485,0.0,0.024165998183889315,4.694656761964799,18.8,579.8125,False
1773588223.6193984,509,0,0,0,0,9.427371001947904,0.0,0.0248889991780743,4.694656761964799,9.4,579.8125,False
1773588223.832418,510,0,0,0,0,9.414684998773737,0.0,0.02572199809947051,4.694656761964799,9.4,579.8125,False
1773588224.0454285,511,0,0,0,0,9.505223002634011,0.0,0.026091998734045774,4.695393586293042,9.4,579.8125,False
1773588224.2584505,512,0,0,0,0,9.510963998764055,0.0,0.025018001906573772,4.695393586293042,9.4,579.8125,False
1773588224.4714282,513,0,0,0,0,9.439648001716705,0.0,0.025278000975959003,4.695393586293042,18.8,579.8125,False
1773588224.684389,514,0,0,0,0,9.473759000684367,0.0,0.025055000151041895,4.695393586293042,9.4,579.8125,False
1773588224.8974383,515,0,0,0,0,9.475500999542419,0.0,0.024685999960638583,4.695393586293042,9.4,579.8125,False
1773588225.110357,516,0,0,0,0,9.462685000471538,0.0,0.025517998437862843,4.695167574213868,14.1,579.8125,False
1773588225.3232899,517,0,0,0,0,9.418184999958612,0.0,0.026185000024270266,4.695167574213868,9.4,579.8125,False
1773588225.5362065,518,0,0,0,0,9.449462999327807,0.0,0.027444999432191253,4.695167574213868,18.8,579.8125,False
1773588225.7493274,519,0,0,0,0,9.543833999487106,0.0,0.026445002731634304,4.695167574213868,9.4,579.828125,False
1773588225.9622736,520,0,0,0,0,9.503927001787815,0.0,0.02464900171617046,4.695167574213868,9.4,579.828125,False
1773588226.1752698,521,0,0,0,0,9.461482000915566,0.0,0.02546299947425723,4.695241157153131,9.4,579.828125,False
1773588226.388183,522,0,0,0,0,9.397869998792885,0.0,0.025574998289812356,4.695241157153131,9.4,579.828125,False
1773588226.6011872,523,0,0,0,0,9.511297001154162,0.0,0.025610999728087336,4.695241157153131,18.8,579.828125,False
1773588226.8142812,524,0,0,0,0,9.466073999647051,0.0,0.024962999304989353,4.695241157153131,9.4,579.828125,False
1773588227.0272157,525,0,0,0,0,9.451352001633495,0.0,0.02601899905130267,4.695241157153131,9.4,579.828125,False
1773588227.2402332,526,0,0,0,0,9.46577799913939,0.0,0.02599999788799323,4.695033028517852,9.4,579.828125,False
1773588227.4531631,527,0,0,0,0,9.452963000512682,0.0,0.02594399848021567,4.695033028517852,9.4,579.828125,False
1773588227.6663692,528,0,0,0,0,9.555131000524852,0.0,0.025018001906573772,4.695033028517852,18.8,579.828125,False
1773588227.8793442,529,0,0,0,0,9.452333997614915,0.0,0.025834000553004444,4.695033028517852,9.4,579.828125,False
1773588228.0923688,530,0,0,0,0,9.493944999121595,0.0,0.025352001102874056,4.695033028517852,9.4,579.828125,False
1773588228.305344,531,0,0,0,0,9.495890000835061,0.0,0.02629600203363225,4.694326790105604,9.4,579.828125,False
1773588228.5184066,532,0,0,0,0,9.49935300013749,0.0,0.02548100019339472,4.694326790105604,9.4,579.828125,False
1773588228.7313342,533,0,0,0,0,9.447518998058513,0.0,0.025370001822011545,4.694326790105604,18.8,579.828125,False
1773588228.9442484,534,0,0,0,0,9.43837099839584,0.0,0.02512999708415009,4.694326790105604,9.4,579.828125,False
1773588229.157237,535,0,0,0,0,9.432147999177687,0.0,0.02603699977044016,4.694326790105604,9.4,579.84375,False
1773588229.3701382,536,0,0,0,0,9.449944998777937,0.0,0.02548200063756667,4.6957468394450865,9.4,579.84375,False
1773588229.5831769,537,0,0,0,0,9.491777997027384,0.0,0.025888999516610056,4.6957468394450865,9.4,579.84375,False
1773588229.7961736,538,0,0,0,0,9.44442599939066,0.0,0.025888999516610056,4.6957468394450865,18.8,579.84375,False
1773588230.0092866,539,0,0,0,0,9.49774100081413,0.0,0.024574001145083457,4.6957468394450865,9.4,579.84375,False
1773588230.222228,540,0,0,0,0,9.478259999013972,0.0,0.02518499968573451,4.6957468394450865,9.4,579.84375,False
1773588230.4352112,541,0,0,0,0,9.455889001401374,0.0,0.02600000152597204,4.694539059673855,9.4,579.84375,False
1773588230.648181,542,0,0,0,0,9.417630000825739,0.0,0.025056000595213845,4.694539059673855,9.4,579.84375,False
1773588230.8621154,543,0,0,0,0,9.501279000687646,0.0,0.02598200080683455,4.694539059673855,18.7,579.84375,False
1773588231.075146,544,0,0,0,0,9.487315997830592,0.0,0.025388999347342178,4.694539059673855,9.4,579.859375,False
1773588231.288067,545,0,0,0,0,9.454111001105048,0.0,0.02622299871291034,4.694539059673855,14.1,579.859375,False
1773588231.5011046,546,0,0,0,0,9.492075001617195,0.0,0.024814999051159248,4.69089531226304,9.4,579.859375,False
1773588231.7144191,547,0,0,0,0,9.497110997472191,0.0,0.025278000975959003,4.69089531226304,9.4,579.859375,False
1773588231.9273558,548,0,0,0,0,9.471149001910817,0.0,0.026054996851598844,4.69089531226304,18.8,579.859375,False
1773588232.1404448,549,0,0,0,0,9.458241001993883,0.0,0.02568499985500239,4.69089531226304,9.4,579.859375,False
1773588232.3534963,550,0,0,0,0,9.48279700241983,0.0,0.026666999474400654,4.69089531226304,9.4,579.859375,False
1773588232.5665033,551,0,0,0,0,9.448426000744803,0.0,0.026462999812792987,4.693090333762625,9.4,579.859375,False
1773588232.779476,552,0,0,0,0,9.488390001934022,0.0,0.025852001272141933,4.693090333762625,9.4,579.859375,False
1773588232.992259,553,0,0,0,0,9.2385740026657,0.0,0.027240999770583585,4.693090333762625,18.8,579.859375,False
1773588233.2053237,554,0,0,0,0,9.52377800058457,0.0,0.025592999008949846,4.693090333762625,9.4,579.859375,False
1773588233.4182255,555,0,0,0,0,9.463721999054542,0.0,0.02463000055286102,4.693090333762625,9.4,579.859375,False
1773588233.6311545,556,0,0,0,0,9.458981003263034,0.0,0.024778000806691125,4.696405125496003,9.4,579.859375,False
1773588233.844228,557,0,0,0,0,9.509982999588829,0.0,0.026425997930346057,4.696405125496003,9.4,579.859375,False
1773588234.0573688,558,0,0,0,0,9.495722999417922,0.0,0.02603800021461211,4.696405125496003,18.8,579.859375,False
1773588234.270417,559,0,0,0,0,9.492908000538591,0.0,0.025741002900758758,4.696405125496003,9.4,579.859375,False
1773588234.4834363,560,0,0,0,0,9.49744500030647,0.0,0.025871002435451373,4.696405125496003,9.4,579.859375,False
1773588234.6965222,561,0,0,0,0,9.493186000327114,0.0,0.02707399835344404,4.6933266493150745,9.4,579.859375,False
1773588234.9095883,562,0,0,0,0,9.481297001912026,0.0,0.024795997887849808,4.6933266493150745,9.4,579.859375,False
1773588235.1226077,563,0,0,0,0,9.548131001793081,0.0,0.03812900104094297,4.6933266493150745,18.8,579.859375,False
1773588235.3356564,564,0,0,0,0,9.515222998743411,0.0,0.024204000510508195,4.6933266493150745,9.4,579.859375,False
1773588235.5486977,565,0,0,0,0,9.49140900047496,0.0,0.025352001102874056,4.6933266493150745,14.1,579.859375,False
1773588235.7617598,566,0,0,0,0,9.512999997241423,0.0,0.02462900010868907,4.693684844033018,9.4,579.859375,False
1773588235.9747605,567,0,0,0,0,9.47903699852759,0.0,0.02568499985500239,4.693684844033018,9.4,579.859375,False
1773588236.1877532,568,0,0,0,0,9.501907999947434,0.0,0.025649002054706216,4.693684844033018,18.8,579.859375,False
1773588236.4007819,569,0,0,0,0,9.493334000580944,0.0,0.026148001779802144,4.693684844033018,9.4,579.859375,False
1773588236.6138918,570,0,0,0,0,9.486556999036111,0.0,0.02485199729562737,4.693684844033018,9.4,579.859375,False
1773588236.8268082,571,0,0,0,0,9.438352000870509,0.0,0.02596400008769706,4.694638896058557,9.4,579.859375,False
1773588237.039878,572,0,0,0,0,9.445427000173368,0.0,0.02550000135670416,4.694638896058557,9.4,579.859375,False
1773588237.252915,573,0,0,0,0,9.475834001932526,0.0,0.026482000976102427,4.694638896058557,18.8,579.859375,False
1773588237.4659345,574,0,0,0,0,9.50198200007435,0.0,0.025129000277956948,4.694638896058557,9.4,579.859375,False
1773588237.6789353,575,0,0,0,0,9.518056001979858,0.0,0.02626000059535727,4.694638896058557,9.4,579.859375,False
1773588237.891944,576,0,0,0,0,9.472390000155428,0.0,0.025000001187436283,4.694241677502334,9.4,579.859375,False
1773588238.1048884,577,0,0,0,0,9.480352000537096,0.0,0.02538999979151413,4.694241677502334,9.4,579.859375,False
1773588238.3178906,578,0,0,0,0,9.445149000384845,0.0,0.024796001525828615,4.694241677502334,18.8,579.859375,False
1773588238.5308917,579,0,0,0,0,9.394704000442289,0.0,0.02492600106052123,4.694241677502334,9.4,579.859375,False
1773588238.7438715,580,0,0,0,0,9.430666999833193,0.0,0.02492600106052123,4.694241677502334,9.4,579.859375,False
1773588238.956893,581,0,0,0,0,9.40498199997819,0.0,0.023630000214325264,4.695072970966537,9.4,579.859375,False
1773588239.1699724,582,0,0,0,0,9.460444998694584,0.0,0.024647997634019703,4.695072970966537,9.4,579.859375,False
1773588239.3830235,583,0,0,0,0,9.481149001658196,0.0,0.02633400072227232,4.695072970966537,18.8,579.859375,False
1773588239.5960448,584,0,0,0,0,9.480723001615843,0.0,0.024222001229645684,4.695072970966537,9.4,579.859375,False
1773588239.809127,585,0,0,0,0,9.49774100081413,0.0,0.02664800194907002,4.695072970966537,9.4,579.859375,False
1773588240.0221183,586,0,0,0,0,9.479278000071645,0.0,0.024704000679776073,4.693842425007481,9.4,579.859375,False
1773588240.2350655,587,0,0,0,0,9.413982003025012,0.0,0.02564899841672741,4.693842425007481,14.1,579.859375,False
1773588240.4479423,588,0,0,0,0,9.411667000676971,0.0,0.0256669991358649,4.693842425007481,14.1,579.859375,False
1773588240.6609251,589,0,0,0,0,9.48931500170147,0.0,0.02600000152597204,4.693842425007481,14.1,579.859375,False
1773588240.8739266,590,0,0,0,0,9.460221997869667,0.0,0.02516699896659702,4.693842425007481,9.4,579.859375,False
1773588241.086867,591,0,0,0,0,9.465851999266306,0.0,0.025240999093512073,4.695971855768652,9.4,579.859375,False
1773588241.2998185,592,0,0,0,0,9.463037000386976,0.0,0.025871002435451373,4.695971855768652,9.4,579.859375,False
1773588241.5128717,593,0,0,0,0,9.463390000746585,0.0,0.02607500209705904,4.695971855768652,18.8,579.859375,False
1773588241.725879,594,0,0,0,0,9.523426997475326,0.0,0.025148001441266388,4.695971855768652,9.4,579.859375,False
1773588241.938928,595,0,0,0,0,9.435445001145126,0.0,0.025574998289812356,4.695971855768652,9.4,579.859375,False
1773588242.1518788,596,0,0,0,0,9.488945001066895,0.0,0.02648099689395167,4.694783929108304,9.4,579.859375,False
1773588242.364963,597,0,0,0,0,9.523982000246178,0.0,0.0262970024778042,4.694783929108304,9.4,579.859375,False
1773588242.5779445,598,0,0,0,0,9.508148999884725,0.0,0.02576000042608939,4.694783929108304,18.8,579.859375,False
1773588242.790934,599,0,0,0,0,9.462038000492612,0.0,0.026296998839825392,4.694783929108304,9.4,579.859375,False
1773588243.0038376,600,0,0,0,0,9.43692600048962,0.0,0.026166999305132776,4.694783929108304,9.4,579.859375,False
1773588243.2168376,601,0,0,0,0,9.520000003249152,0.0,0.025296001695096493,4.694992035658757,9.4,579.859375,False
1773588243.4298894,602,0,0,0,0,9.596668001904618,0.0,0.025592999008949846,4.694992035658757,9.4,579.859375,False
1773588243.642861,603,0,0,0,0,9.423425999557367,0.0,0.02685200161067769,4.694992035658757,18.8,579.859375,False
1773588243.8557963,604,0,0,0,0,9.461204001127044,0.0,0.025092998839681968,4.694992035658757,9.4,579.859375,False
1773588244.0687692,605,0,0,0,0,9.407869998540264,0.0,0.025445002393098548,4.694992035658757,14.1,579.875,False
1773588244.2816525,606,0,0,0,0,9.427591998246498,0.0,0.025796998670557514,4.6956732406551795,9.4,579.875,False
1773588244.494554,607,0,0,0,0,9.44301900017308,0.0,0.025612000172259286,4.6956732406551795,9.4,579.875,False
1773588244.7071257,608,0,0,0,0,8.986146000097506,0.0,0.025148001441266388,4.6956732406551795,18.8,579.875,False
1773588244.920002,609,0,0,0,0,9.400499999173917,0.0,0.026425997930346057,4.6956732406551795,9.4,579.875,False
1773588245.1330485,610,0,0,0,0,9.449834000406554,0.0,0.025630000891396776,4.6956732406551795,9.4,579.875,False
1773588245.346106,611,0,0,0,0,9.495704998698784,0.0,0.02601899905130267,4.6973087290142725,9.4,579.875,False
1773588245.5591247,612,0,0,0,0,9.448279000935145,0.0,0.02635200144140981,4.6973087290142725,9.4,579.875,False
1773588245.7720366,613,0,0,0,0,9.430685997358523,0.0,0.026445002731634304,4.6973087290142725,18.8,579.875,False
1773588245.985042,614,0,0,0,0,9.515093002846697,0.0,0.02624099943204783,4.6973087290142725,9.4,579.875,False
1773588246.1979418,615,0,0,0,0,9.417519002454355,0.0,0.027017998945666477,4.6973087290142725,9.4,579.875,False
1773588246.4109566,616,0,0,0,0,9.53642700187629,0.0,0.025851997634163126,4.695446150360261,9.4,579.875,False
1773588246.623926,617,0,0,0,0,9.462186000746442,0.0,0.027556001441553235,4.695446150360261,9.4,579.875,False
1773588246.8368642,618,0,0,0,0,9.432185001060134,0.0,0.025834000553004444,4.695446150360261,18.8,579.875,False
1773588247.049735,619,0,0,0,0,9.414852000190876,0.0,0.026166999305132776,4.695446150360261,9.4,579.875,False
1773588247.2626185,620,0,0,0,0,9.425297001143917,0.0,0.025592999008949846,4.695446150360261,9.4,579.875,False
1773588247.4755871,621,0,0,0,0,9.40998199803289,0.0,0.025092998839681968,4.696528180261947,9.4,579.875,False
1773588247.6886704,622,0,0,0,0,9.53209399813204,0.0,0.02600000152597204,4.696528180261947,9.4,579.875,False
1773588247.9016445,623,0,0,0,0,9.523390002868837,0.0,0.025833000108832493,4.696528180261947,18.8,579.875,False
1773588248.1147296,624,0,0,0,0,9.507445000053849,0.0,0.027481997676659375,4.696528180261947,9.4,579.875,False
1773588248.327728,625,0,0,0,0,9.530834002362099,0.0,0.024981000024126843,4.696528180261947,9.4,579.875,False
1773588248.5407958,626,0,0,0,0,9.513185999821872,0.0,0.05638899892801419,4.693896004949161,14.1,579.875,False
1773588248.7538455,627,0,0,0,0,9.50870499946177,0.0,0.025426001229789108,4.693896004949161,9.4,579.875,False
1773588248.9667447,628,0,0,0,0,9.436537002329715,0.0,0.02564799797255546,4.693896004949161,18.8,579.875,False
1773588249.1796193,629,0,0,0,0,9.383370001160074,0.0,0.02579700230853632,4.693896004949161,9.4,579.890625,False
1773588249.3925722,630,0,0,0,0,9.462223002628889,0.0,0.025869998353300616,4.693896004949161,9.4,579.890625,False
1773588249.6055605,631,0,0,0,0,9.521871001197724,0.0,0.02457399750710465,4.695862499347844,9.4,579.890625,False
1773588249.8185084,632,0,0,0,0,9.420574002433568,0.0,0.025278000975959003,4.695862499347844,9.4,579.90625,False
1773588250.0314693,633,0,0,0,0,9.428278000996215,0.0,0.025037003069883212,4.695862499347844,18.8,579.90625,False
1773588250.244477,634,0,0,0,0,9.469611999520566,0.0,0.026685000193538144,4.695862499347844,9.4,579.90625,False
1773588250.4574807,635,0,0,0,0,9.486778999416856,0.0,0.025518998882034793,4.695862499347844,9.4,579.90625,False
1773588250.6705768,636,0,0,0,0,9.46888900216436,0.0,0.02575899998191744,4.694788133098454,9.4,579.90625,False
1773588250.8834467,637,0,0,0,0,9.39250000010361,0.0,0.0288520022877492,4.694788133098454,9.4,579.90625,False
1773588251.0964584,638,0,0,0,0,9.456963001866825,0.0,0.025148001441266388,4.694788133098454,18.8,579.90625,False
1773588251.309451,639,0,0,0,0,9.4540739992226,0.0,0.02486999801476486,4.694788133098454,9.4,579.90625,False
1773588251.5224504,640,0,0,0,0,9.434592997422442,0.0,0.02457399750710465,4.694788133098454,9.4,579.90625,False
1773588251.7353208,641,0,0,0,0,9.401925999554805,0.0,0.02629599839565344,4.695981319544525,9.4,579.90625,False
1773588251.9481611,642,0,0,0,0,9.389167000335874,0.0,0.025203997211065143,4.695981319544525,9.4,579.90625,False
1773588252.1611543,643,0,0,0,0,9.418019002623623,0.0,0.025222998374374583,4.695981319544525,14.1,579.90625,False
1773588252.3741577,644,0,0,0,0,9.495870999671752,0.0,0.02522300201235339,4.695981319544525,9.4,579.90625,False
1773588252.5870295,645,0,0,0,0,9.402759998920374,0.0,0.02575899998191744,4.695981319544525,9.4,579.90625,False
1773588252.8000786,646,0,0,0,0,9.465185001317877,0.0,0.02711100023589097,4.695964495080455,14.1,579.90625,False
1773588253.0130696,647,0,0,0,0,9.399760001542745,0.0,0.025926001399056986,4.695964495080455,9.4,579.90625,False
1773588253.2259517,648,0,0,0,0,9.31498099816963,0.0,0.026759000320453197,4.695964495080455,18.8,579.90625,False
1773588253.4388654,649,0,0,0,0,9.463538001000416,0.0,0.025536999601172283,4.695964495080455,9.4,579.90625,False
1773588253.6519477,650,0,0,0,0,9.548871999868425,0.0,0.02651899922057055,4.695964495080455,9.4,579.90625,False
1773588253.8650405,651,0,0,0,0,9.461130001000129,0.0,0.02505599695723504,4.694935277497129,9.4,579.90625,False
1773588254.0779338,652,0,0,0,0,9.419815000001108,0.0,0.025000001187436283,4.694935277497129,9.4,579.90625,False
1773588254.2908316,653,0,0,0,0,9.415184998943005,0.0,0.025110999558819458,4.694935277497129,18.8,579.90625,False
1773588254.5036938,654,0,0,0,0,9.406110999407247,0.0,0.025056000595213845,4.694935277497129,9.4,579.90625,False
1773588254.7165308,655,0,0,0,0,9.372685999551322,0.0,0.02594499892438762,4.694935277497129,14.1,579.90625,False
1773588254.9294596,656,0,0,0,0,9.455204002733808,0.0,0.025258999812649563,4.6974097354096305,9.4,579.90625,False
1773588255.1425078,657,0,0,0,0,9.419593003258342,0.0,0.026481000531930476,4.6974097354096305,9.4,579.90625,False
1773588255.3554044,658,0,0,0,0,9.42946299983305,0.0,0.02635200144140981,4.6974097354096305,14.1,579.90625,False
1773588255.5684602,659,0,0,0,0,9.47109299886506,0.0,0.026740999601315707,4.6974097354096305,9.4,579.90625,False
1773588255.7814012,660,0,0,0,0,9.467075000429759,0.0,0.024814999051159248,4.6974097354096305,9.4,579.90625,False
1773588255.9943662,661,0,0,0,0,9.432296999875689,0.0,0.025833000108832493,4.6952674373332455,14.1,579.90625,False
1773588256.2072725,662,0,0,0,0,9.378277998621343,0.0,0.026482000976102427,4.6952674373332455,9.4,579.90625,False
1773588256.4203334,663,0,0,0,0,9.511741998721845,0.0,0.02598200080683455,4.6952674373332455,14.1,579.90625,False
1773588256.6332192,664,0,0,0,0,9.423759998753667,0.0,0.025610999728087336,4.6952674373332455,14.1,579.90625,False
1773588256.8461237,665,0,0,0,0,9.439704001124483,0.0,0.0259810003626626,4.6952674373332455,9.4,579.90625,False
1773588257.0589452,666,0,0,0,0,9.368777999043232,0.0,0.026629997591953725,4.696722767197169,9.4,579.90625,False
1773588257.2718365,667,0,0,0,0,9.424445001059212,0.0,0.026092999178217724,4.696722767197169,9.4,579.90625,False
1773588257.4848487,668,0,0,0,0,9.458611999434652,0.0,0.02544399831094779,4.696722767197169,18.8,579.90625,False
1773588257.697818,669,0,0,0,0,9.457814998313552,0.0,0.02553700323915109,4.696722767197169,9.4,579.90625,False
1773588257.910728,670,0,0,0,0,9.463815000344766,0.0,0.025852001272141933,4.696722767197169,9.4,579.90625,False
1773588258.1237075,671,0,0,0,0,9.410999999090564,0.0,0.02677799784578383,4.6958814260562,9.4,579.90625,False
1773588258.336517,672,0,0,0,0,9.33153699952527,0.0,0.0268340008915402,4.6958814260562,9.4,579.90625,False
1773588258.5495188,673,0,0,0,0,9.46381599715096,0.0,0.025926001399056986,4.6958814260562,18.8,579.90625,False
1773588258.762503,674,0,0,0,0,9.461538000323344,0.0,0.025593002646928653,4.6958814260562,9.4,579.90625,False
1773588258.9754233,675,0,0,0,0,9.39388900224003,0.0,0.02459299867041409,4.6958814260562,9.4,579.90625,False
1773588259.188459,676,0,0,0,0,9.460444998694584,0.0,0.024832999770296738,4.696022329680763,9.4,579.921875,False
1773588259.401373,677,0,0,0,0,9.438260000024457,0.0,0.025221997930202633,4.696022329680763,9.4,579.921875,False
1773588259.6143088,678,0,0,0,0,9.442962997127324,0.0,0.026500001695239916,4.696022329680763,18.8,579.921875,False
1773588259.827186,679,0,0,0,0,9.422852999705356,0.0,0.025332999939564615,4.696022329680763,9.4,579.921875,False
1773588260.0401587,680,0,0,0,0,9.361111002363032,0.0,0.02562899680924602,4.696022329680763,9.4,579.921875,False
1773588260.2530458,681,0,0,0,0,9.401481998793315,0.0,0.025592999008949846,4.696570251746586,9.4,579.921875,False
1773588260.4658802,682,0,0,0,0,9.381796000525355,0.0,0.02566599869169295,4.696570251746586,14.1,579.921875,False
1773588260.678684,683,0,0,0,0,9.344517999124946,0.0,0.026500001695239916,4.696570251746586,14.1,579.921875,False
1773588260.8916118,684,0,0,0,0,9.39329699758673,0.0,0.024684999516466632,4.696570251746586,9.4,579.921875,False
1773588261.1044867,685,0,0,0,0,9.41637100186199,0.0,0.02574099926277995,4.696570251746586,14.1,579.921875,False
1773588261.3175168,686,0,0,0,0,9.42681499873288,0.0,0.025277997337980196,4.697153019331516,9.4,579.921875,False
1773588261.53046,687,0,0,0,0,9.378684997500386,0.0,0.026388999685877934,4.697153019331516,9.4,579.921875,False
1773588261.7437644,688,0,0,0,0,9.49198200032697,0.0,0.0271480021183379,4.697153019331516,18.8,579.921875,False
1773588261.9567728,689,0,0,0,0,9.442314996704226,0.0,0.02550000135670416,4.697153019331516,9.4,579.921875,False
1773588262.169768,690,0,0,0,0,9.484851998422528,0.0,0.027037000108975917,4.697153019331516,9.4,579.921875,False
1773588262.3828382,691,0,0,0,0,9.431277998373844,0.0,0.02648199733812362,4.693507315477067,9.4,579.921875,False
1773588262.5958154,692,0,0,0,0,9.421925999049563,0.0,0.026130001060664654,4.693507315477067,4.7,579.921875,False
1773588262.8087986,693,0,0,0,0,9.442982001928613,0.0,0.0262039975496009,4.693507315477067,18.8,579.921875,False
1773588263.0217428,694,0,0,0,0,9.466629999224097,0.0,0.026574998628348112,4.693507315477067,9.4,579.921875,False
1773588263.2348058,695,0,0,0,0,9.508835002634441,0.0,0.027185000362806022,4.693507315477067,9.4,579.921875,False
1773588263.4478362,696,0,0,0,0,9.475555998506024,0.0,0.027464000595500693,4.694868010341841,9.4,579.921875,False
1773588263.6609192,697,0,0,0,0,9.505370999249863,0.0,0.02624099943204783,4.694868010341841,9.4,579.921875,False
1773588263.8739605,698,0,0,0,0,9.499351999693317,0.0,0.02625900015118532,4.694868010341841,18.8,579.921875,False
1773588264.0869567,699,0,0,0,0,9.440092999284388,0.0,0.02655500065884553,4.694868010341841,9.4,579.921875,False
1773588264.2999551,700,0,0,0,0,9.52772299933713,0.0,0.024425997253274545,4.694868010341841,14.1,579.921875,False
1773588264.5130165,701,0,0,0,0,9.513779001281364,0.0,0.025630000891396776,4.693987408849349,9.4,579.921875,False
1773588264.7260275,702,0,0,0,0,9.477907999098534,0.0,0.02655600110301748,4.693987408849349,9.4,579.921875,False
1773588264.9385846,703,0,0,0,0,8.952831001806771,0.0,0.024999997549457476,4.693987408849349,14.1,579.921875,False
1773588265.1515884,704,0,0,0,0,9.596611998858862,0.0,0.02601899905130267,4.693987408849349,9.4,579.921875,False
1773588265.3647032,705,0,0,0,0,9.542353000142612,0.0,0.02683300044736825,4.693987408849349,14.1,579.921875,False
1773588265.5778058,706,0,0,0,0,9.546760000375798,0.0,0.026222001906717196,4.695809925958468,9.4,579.921875,False
1773588265.7908611,707,0,0,0,0,9.487389997957507,0.0,0.027297002816339955,4.695809925958468,9.4,579.921875,False
1773588266.0038161,708,0,0,0,0,9.464186001423514,0.0,0.02687100277398713,4.695809925958468,18.8,579.921875,False
1773588266.216939,709,0,0,0,0,9.47374099996523,0.0,0.025258999812649563,4.695809925958468,9.4,579.921875,False
1773588266.4300234,710,0,0,0,0,9.495130998402601,0.0,0.026185000024270266,4.695809925958468,9.4,579.921875,False
1773588266.6430001,711,0,0,0,0,9.501297001406783,0.0,0.026092999178217724,4.693967446774223,9.4,579.921875,False
1773588266.8559053,712,0,0,0,0,9.459666998736793,0.0,0.02827800199156627,4.693967446774223,9.4,579.921875,False
1773588267.0689142,713,0,0,0,0,9.428018998733023,0.0,0.025612000172259286,4.693967446774223,18.8,579.921875,False
1773588267.2819028,714,0,0,0,0,9.441278001759201,0.0,0.02548200063756667,4.693967446774223,9.4,579.9375,False
1773588267.4947884,715,0,0,0,0,9.43959299911512,0.0,0.025926001399056986,4.693967446774223,9.4,579.9375,False
1773588267.707866,716,0,0,0,0,9.54020499921171,0.0,0.02600000152597204,4.695421970743171,9.4,579.9375,False
1773588267.920911,717,0,0,0,0,9.4845189996704,0.0,0.02577800114522688,4.695421970743171,9.4,579.9375,False
1773588268.133845,718,0,0,0,0,9.46281500000623,0.0,0.02507499812054448,4.695421970743171,18.8,579.9375,False
1773588268.346812,719,0,0,0,0,9.441536996746436,0.0,0.02592599776107818,4.695421970743171,9.4,579.9375,False
1773588268.5600343,720,0,0,0,0,9.62987200182397,0.0,0.026112000341527164,4.695421970743171,9.4,579.9375,False
1773588268.7730653,721,0,0,0,0,9.45159299953957,0.0,0.02546299947425723,4.693940130525499,9.4,579.9375,False
1773588268.986075,722,0,0,0,0,9.42994499928318,0.0,0.024666001991136,4.693940130525499,9.4,579.9375,False
1773588269.1990116,723,0,0,0,0,9.379369999805931,0.0,0.026869998691836372,4.693940130525499,18.8,579.9375,False
1773588269.411866,724,0,0,0,0,9.394370001245989,0.0,0.02653699993970804,4.693940130525499,9.4,579.9375,False
1773588269.6249518,725,0,0,0,0,9.525075001874939,0.0,0.02490699989721179,4.693940130525499,9.4,579.9375,False
1773588269.8378806,726,0,0,0,0,9.476390001509571,0.0,0.0256669991358649,4.695677446238166,14.1,579.9375,False
1773588270.0507994,727,0,0,0,0,9.46611200197367,0.0,0.02633300027810037,4.695677446238166,9.4,579.9375,False
1773588270.2637565,728,0,0,0,0,9.40824099961901,0.0,0.025852001272141933,4.695677446238166,14.1,579.9375,False
1773588270.476849,729,0,0,0,0,9.467388998018578,0.0,0.1164639979833737,4.695677446238166,9.4,579.9375,False
1773588270.6899285,730,0,0,0,0,9.455519000766799,0.0,0.02594499892438762,4.695677446238166,9.4,579.9375,False
1773588270.9029384,731,0,0,0,0,9.457649000978563,0.0,0.026092999178217724,4.694596859168496,14.1,579.9375,False
1773588271.1158278,732,0,0,0,0,9.365259000333026,0.0,0.02568499985500239,4.694596859168496,9.4,579.9375,False
1773588271.3288994,733,0,0,0,0,9.445888998016017,0.0,0.025074001314351335,4.694596859168496,14.1,579.9375,False
1773588271.541866,734,0,0,0,0,9.454185998038156,0.0,0.02546299947425723,4.694596859168496,14.1,579.9375,False
1773588271.7548125,735,0,0,0,0,9.413667001354042,0.0,0.025389002985320985,4.694596859168496,9.4,579.9375,False
1773588271.9676864,736,0,0,0,0,9.413889001734788,0.0,0.0255190025200136,4.695960288983274,9.4,579.9375,False
1773588272.180687,737,0,0,0,0,9.423925999726634,0.0,0.026426001568324864,4.695960288983274,9.4,579.9375,False
1773588272.3936205,738,0,0,0,0,9.46874100191053,0.0,0.0256669991358649,4.695960288983274,18.8,579.9375,False
1773588272.6066008,739,0,0,0,0,9.4500560007873,0.0,0.02407400097581558,4.695960288983274,9.4,579.9375,False
1773588272.8196099,740,0,0,0,0,9.414055999513948,0.0,0.024240998754976317,4.695960288983274,9.4,579.9375,False
1773588273.0327022,741,0,0,0,0,9.453593000216642,0.0,0.024518998543499038,4.6948448877023905,9.4,579.9375,False
1773588273.245632,742,0,0,0,0,9.379629998875316,0.0,0.023944998247316107,4.6948448877023905,9.4,579.9375,False
1773588273.458087,743,0,0,0,0,8.912070999940624,0.0,0.025130000722128898,4.6948448877023905,18.8,579.9375,False
1773588273.671022,744,0,0,0,0,9.373906999826431,0.0,0.024388999008806422,4.6948448877023905,9.4,579.9375,False
1773588273.8840187,745,0,0,0,0,9.384814999066293,0.0,0.024703997041797265,4.6948448877023905,9.4,579.953125,False
1773588274.096998,746,0,0,0,0,9.405371001776075,0.0,0.024241002392955124,4.697967453084215,9.4,579.953125,False
1773588274.3098345,747,0,0,0,0,9.352870998554863,0.0,0.024554999981774017,4.697967453084215,9.4,579.96875,False
1773588274.522795,748,0,0,0,0,9.398017999046715,0.0,0.024778000806691125,4.697967453084215,18.8,579.96875,False
1773588274.7356548,749,0,0,0,0,9.377037000376731,0.0,0.025036999431904405,4.697967453084215,9.4,579.96875,False
1773588274.94879,750,0,0,0,0,9.473945003264816,0.0,0.02599999788799323,4.697967453084215,9.4,579.96875,False
1773588275.161804,751,0,0,0,0,9.536370998830535,0.0,0.0256669991358649,4.695617517391781,9.4,579.96875,False
1773588275.3747745,752,0,0,0,0,9.430944999621715,0.0,0.025630000891396776,4.695617517391781,9.4,579.96875,False
1773588275.5879428,753,0,0,0,0,9.502020002400968,0.0,0.027148998924531043,4.695617517391781,18.8,579.96875,False
1773588275.8009775,754,0,0,0,0,9.468890002608532,0.0,0.025667002773843706,4.695617517391781,9.4,579.96875,False
1773588276.0140238,755,0,0,0,0,9.52614899870241,0.0,0.027203997888136655,4.695617517391781,9.4,579.96875,False
1773588276.2270083,756,0,0,0,0,9.432890001335181,0.0,0.026759000320453197,4.693962193624777,14.1,579.96875,False
1773588276.4399607,757,0,0,0,0,9.40748200082453,0.0,0.025795998226385564,4.693962193624777,9.4,579.96875,False
1773588276.653126,758,0,0,0,0,9.557909001159715,0.0,0.02629600203363225,4.693962193624777,18.8,579.96875,False
1773588276.8660827,759,0,0,0,0,9.492630000750069,0.0,0.02535199746489525,4.693962193624777,9.4,579.96875,False
1773588277.079081,760,0,0,0,0,9.460740999202244,0.0,0.026444999093655497,4.693962193624777,9.4,579.96875,False
1773588277.2921295,761,0,0,0,0,9.4793899988872,0.0,0.02635200144140981,4.694326790105604,9.4,579.96875,False
1773588277.5051482,762,0,0,0,0,9.44053800049005,0.0,0.024704000679776073,4.694326790105604,9.4,579.96875,False
1773588277.7183313,763,0,0,0,0,9.473333997448208,0.0,0.02570400101831183,4.694326790105604,18.8,579.96875,False
1773588277.9313867,764,0,0,0,0,9.500481999566546,0.0,0.026704001356847584,4.694326790105604,9.4,579.96875,False
1773588278.1443377,765,0,0,0,0,9.454221999476431,0.0,0.026130001060664654,4.694326790105604,9.4,579.96875,False
1773588278.3574433,766,0,0,0,0,9.46268600091571,0.0,0.025445002393098548,4.693436938050899,9.4,579.96875,False
1773588278.570371,767,0,0,0,0,9.421111000847304,0.0,0.025499997718725353,4.693436938050899,9.4,579.96875,False
1773588278.7833955,768,0,0,0,0,9.421463997568935,0.0,0.026704001356847584,4.693436938050899,18.8,579.96875,False
1773588278.9963908,769,0,0,0,0,9.463926002354128,0.0,0.02570400101831183,4.693436938050899,9.4,579.96875,False
1773588279.209339,770,0,0,0,0,9.462112000619527,0.0,0.025370001822011545,4.693436938050899,9.4,579.96875,False
1773588279.4224281,771,0,0,0,0,9.44520399934845,0.0,0.02492600106052123,4.694892184253886,9.4,579.96875,False
1773588279.6352894,772,0,0,0,0,9.402555999258766,0.0,0.02494500222383067,4.694892184253886,14.1,579.96875,False
1773588279.8483095,773,0,0,0,0,9.447630000067875,0.0,0.026926001737592742,4.694892184253886,14.1,579.96875,False
1773588280.061353,774,0,0,0,0,9.440314999665134,0.0,0.025036999431904405,4.694892184253886,9.4,579.96875,False
1773588280.2744837,775,0,0,0,0,9.472648998780642,0.0,0.02662900078576058,4.694892184253886,14.1,579.96875,False
1773588280.48749,776,0,0,0,0,9.427684999536723,0.0,0.02564799797255546,4.694613673834183,9.4,579.96875,False
1773588280.7004437,777,0,0,0,0,9.417425997526152,0.0,0.026425997930346057,4.694613673834183,9.4,579.96875,False
1773588280.9134917,778,0,0,0,0,9.471315002883784,0.0,0.02679599856492132,4.694613673834183,18.8,579.96875,False
1773588281.1265435,779,0,0,0,0,9.464740996918408,0.0,0.02764799864962697,4.694613673834183,9.4,579.96875,False
1773588281.3395166,780,0,0,0,0,9.425167001609225,0.0,0.025092998839681968,4.694613673834183,9.4,579.96875,False
1773588281.5526164,781,0,0,0,0,9.521427000436233,0.0,0.026740999601315707,4.694390889288678,9.4,579.96875,False
1773588281.765575,782,0,0,0,0,9.41742600116413,0.0,0.024982000468298793,4.694390889288678,9.4,579.96875,False
1773588281.9785933,783,0,0,0,0,9.484260001045186,0.0,0.026740999601315707,4.694390889288678,18.8,579.96875,False
1773588282.1916084,784,0,0,0,0,9.41542600048706,0.0,0.02596299964352511,4.694390889288678,9.4,579.96875,False
1773588282.404643,785,0,0,0,0,9.528870999929495,0.0,0.02568600029917434,4.694390889288678,4.7,579.96875,False
1773588282.6176631,786,0,0,0,0,9.481908000452677,0.0,0.025852001272141933,4.694513838522219,9.4,579.96875,False
1773588282.8306823,787,0,0,0,0,9.39700000162702,0.0,0.025332999939564615,4.694513838522219,14.1,579.96875,False
1773588283.0435817,788,0,0,0,0,9.411314997123554,0.0,0.02463000055286102,4.694513838522219,18.8,579.96875,False
1773588283.2566721,789,0,0,0,0,9.461297002417268,0.0,0.025908000679919496,4.694513838522219,4.7,579.96875,False
1773588283.4696298,790,0,0,0,0,9.452055997826392,0.0,0.024166998628061265,4.694513838522219,14.1,579.96875,False
1773588283.6826663,791,0,0,0,0,9.539186001347844,0.0,0.026110999897355214,4.694817561240318,9.4,579.96875,False
1773588283.8956504,792,0,0,0,0,9.427036999113625,0.0,0.02548100019339472,4.694817561240318,9.4,579.96875,False
1773588284.1085758,793,0,0,0,0,9.443425999052124,0.0,0.02505599695723504,4.694817561240318,14.1,579.96875,False
1773588284.3216896,794,0,0,0,0,9.50074200227391,0.0,0.024684999516466632,4.694817561240318,14.1,579.96875,False
1773588284.5346112,795,0,0,0,0,9.466593000979628,0.0,0.02581500302767381,4.694817561240318,9.4,579.96875,False
1773588284.7476013,796,0,0,0,0,9.419556001375895,0.0,0.025610999728087336,4.695139192839369,9.4,579.96875,False
1773588284.960535,797,0,0,0,0,9.450944999116473,0.0,0.02494500222383067,4.695139192839369,9.4,579.96875,False
1773588285.173279,798,0,0,0,0,9.08668400006718,0.0,0.024408000172115862,4.695139192839369,18.8,579.96875,False
1773588285.3862908,799,0,0,0,0,9.4600000011269,0.0,0.02427799699944444,4.695139192839369,9.4,579.984375,False
1773588285.5993266,800,0,0,0,0,9.438426000997424,0.0,0.024999997549457476,4.695139192839369,9.4,579.984375,False
1773588285.8123457,801,0,0,0,0,9.477277999394573,0.0,0.025833000108832493,4.695963443555454,9.4,579.984375,False
1773588286.025304,802,0,0,0,0,9.429186000488698,0.0,0.024426000891253352,4.695963443555454,9.4,579.984375,False
1773588286.2383804,803,0,0,0,0,9.437962999072624,0.0,0.02550100180087611,4.695963443555454,18.8,579.984375,False
1773588286.4514198,804,0,0,0,0,9.51211199935642,0.0,0.025407000066479668,4.695963443555454,9.4,579.984375,False
1773588286.6644616,805,0,0,0,0,9.51181600248674,0.0,0.026962999982060865,4.695963443555454,9.4,579.984375,False
1773588286.8773985,806,0,0,0,0,9.45472300008987,0.0,0.024925997422542423,4.6945895027901345,9.4,579.984375,False
1773588287.0904408,807,0,0,0,0,9.4503899999836,0.0,0.025148001441266388,4.6945895027901345,9.4,579.984375,False
1773588287.3033733,808,0,0,0,0,9.468853000726085,0.0,0.02570399738033302,4.6945895027901345,23.5,579.984375,False
1773588287.5164094,809,0,0,0,0,9.51133399939863,0.0,0.024982000468298793,4.6945895027901345,9.4,579.984375,False
1773588287.729523,810,0,0,0,0,9.494092999375425,0.0,0.024684999516466632,4.6945895027901345,9.4,579.984375,False
1773588287.942538,811,0,0,0,0,9.456519001105335,0.0,0.026074998459080234,4.69423432223706,9.4,579.984375,False
1773588288.1554697,812,0,0,0,0,9.369184997922275,0.0,0.025630000891396776,4.69423432223706,9.4,579.984375,False
1773588288.368482,813,0,0,0,0,9.461982001084834,0.0,0.025536999601172283,4.69423432223706,18.8,579.984375,False
1773588288.5815437,814,0,0,0,0,9.450870998989558,0.0,0.025592999008949846,4.69423432223706,9.4,579.984375,False
1773588288.794517,815,0,0,0,0,9.438425997359445,0.0,0.025592999008949846,4.69423432223706,9.4,579.984375,False
1773588289.0074558,816,0,0,0,0,9.401499999512453,0.0,0.02596299964352511,4.695215928456991,9.4,579.984375,False
1773588289.2205625,817,0,0,0,0,9.508890001598047,0.0,0.02568499985500239,4.695215928456991,9.4,579.984375,False
1773588289.4335194,818,0,0,0,0,9.478777999902377,0.0,0.024778000806691125,4.695215928456991,18.8,580.0,False
1773588289.6465702,819,0,0,0,0,9.505816000455525,0.0,0.028925998776685447,4.695215928456991,9.4,580.0,False
1773588289.859478,820,0,0,0,0,9.431925998796942,0.0,0.02598200080683455,4.695215928456991,9.4,580.0,False
1773588290.0724556,821,0,0,0,0,9.435445001145126,0.0,0.025110999558819458,4.694857500022946,14.1,580.0,False
1773588290.285571,822,0,0,0,0,9.49700099954498,0.0,0.025091998395510018,4.694857500022946,9.4,580.0,False
1773588290.4985526,823,0,0,0,0,9.431130001757992,0.0,0.025278000975959003,4.694857500022946,18.8,580.0,False
1773588290.7114432,824,0,0,0,0,9.400463000929449,0.0,0.02568499985500239,4.694857500022946,9.4,580.0,False
1773588290.924447,825,0,0,0,0,9.453390000999207,0.0,0.027889000193681568,4.694857500022946,9.4,580.0,False
1773588291.1374717,826,0,0,0,0,9.445777999644633,0.0,0.02492600106052123,4.6947650112458,9.4,580.0,False
1773588291.3505137,827,0,0,0,0,9.423166997294175,0.0,0.0260560009337496,4.6947650112458,9.4,580.0,False
1773588291.563552,828,0,0,0,0,9.488037998380605,0.0,0.025499997718725353,4.6947650112458,18.8,580.0,False
1773588291.7767258,829,0,0,0,0,9.449537999898894,0.0,0.02546299947425723,4.6947650112458,9.4,580.0,False
1773588291.989869,830,0,0,0,0,9.558760997606441,0.0,0.02625900015118532,4.6947650112458,9.4,580.0,False
1773588292.2028944,831,0,0,0,0,9.394240998517489,0.0,0.02605500048957765,4.692982161694525,9.4,580.0,False
1773588292.4157517,832,0,0,0,0,9.372462998726405,0.0,0.026628997147781774,4.692982161694525,9.4,580.0,False
1773588292.6288123,833,0,0,0,0,9.461018998990767,0.0,0.05757400140282698,4.692982161694525,18.8,580.0,False
1773588292.8418064,834,0,0,0,0,9.459167002205504,0.0,0.025334000383736566,4.692982161694525,9.4,580.0,False
1773588293.0547945,835,0,0,0,0,9.429038000234868,0.0,0.025926001399056986,4.692982161694525,9.4,580.0,False
1773588293.2678843,836,0,0,0,0,9.449482000491116,0.0,0.026481000531930476,4.694892184253886,9.4,580.0,False
1773588293.4808166,837,0,0,0,0,9.42522200057283,0.0,0.02685200161067769,4.694892184253886,9.4,580.0,False
1773588293.693298,838,0,0,0,0,8.94253400110756,0.0,0.02653699993970804,4.694892184253886,18.8,580.0,False
1773588293.9063416,839,0,0,0,0,9.464370999921812,0.0,0.026091998734045774,4.694892184253886,9.4,580.0,False
1773588294.11933,840,0,0,0,0,9.397667003213428,0.0,0.025870998797472566,4.694892184253886,9.4,580.0,False
1773588294.3322773,841,0,0,0,0,9.456648997002048,0.0,0.02637100260471925,4.697558096428479,9.4,580.0,False
1773588294.5452857,842,0,0,0,0,9.433018996787723,0.0,0.025426001229789108,4.697558096428479,9.4,580.0,False
1773588294.7582822,843,0,0,0,0,9.41294500080403,0.0,0.02685200161067769,4.697558096428479,18.8,580.0,False
1773588294.971156,844,0,0,0,0,9.372574000735767,0.0,0.02598200080683455,4.697558096428479,9.4,580.0,False
1773588295.1841776,845,0,0,0,0,9.437852000701241,0.0,0.025796998670557514,4.697558096428479,9.4,580.0,False
1773588295.3971374,846,0,0,0,0,9.432000999368029,0.0,0.025296001695096493,4.695413560499948,9.4,580.0,False
1773588295.6102827,847,0,0,0,0,9.51963099942077,0.0,0.025833000108832493,4.695413560499948,9.4,580.0,False
1773588295.8232532,848,0,0,0,0,9.43385299979127,0.0,0.02568499985500239,4.695413560499948,18.8,580.0,False
1773588296.036161,849,0,0,0,0,9.436889002245152,0.0,0.02633300027810037,4.695413560499948,9.4,580.0,False
1773588296.2492065,850,0,0,0,0,9.480500997597119,0.0,0.025370001822011545,4.695413560499948,9.4,580.0,False
1773588296.4622297,851,0,0,0,0,9.477057003095979,0.0,0.0259810003626626,4.6944413292207905,14.1,580.0,False
1773588296.6750593,852,0,0,0,0,9.338943997136084,0.0,0.026130001060664654,4.6944413292207905,9.4,580.0,False
1773588296.8874574,853,0,0,0,0,8.861108002747642,0.0,0.024834000214468688,4.6944413292207905,18.8,580.0,False
1773588297.100332,854,0,0,0,0,9.414870997716207,0.0,0.025611003366066143,4.6944413292207905,9.4,580.0,False
1773588297.313395,855,0,0,0,0,9.447927001019707,0.0,0.025332999939564615,4.6944413292207905,9.4,580.0,False
1773588297.5263882,856,0,0,0,0,9.453833001316525,0.0,0.025129000277956948,4.698557936279446,9.4,580.0,False
1773588297.7394264,857,0,0,0,0,9.4603340003232,0.0,0.027870999474544078,4.698557936279446,9.4,580.015625,False
1773588297.9524312,858,0,0,0,0,9.418482000910444,0.0,0.025851997634163126,4.698557936279446,18.8,580.015625,False
1773588298.1655395,859,0,0,0,0,9.46239000040805,0.0,0.025907000235747546,4.698557936279446,9.4,580.015625,False
1773588298.3785295,860,0,0,0,0,9.497260001808172,0.0,0.02568499985500239,4.698557936279446,9.4,580.015625,False
1773588298.591569,861,0,0,0,0,9.402056002727477,0.0,0.025481996999587864,4.694068309523725,9.4,580.015625,False
1773588298.8045459,862,0,0,0,0,9.412796000106027,0.0,0.02522200156818144,4.694068309523725,9.4,580.015625,False
1773588299.0175157,863,0,0,0,0,9.421889000805095,0.0,0.02574099926277995,4.694068309523725,18.8,580.015625,False
1773588299.230501,864,0,0,0,0,9.433000999706564,0.0,0.026129000616492704,4.694068309523725,9.4,580.015625,False
1773588299.4434538,865,0,0,0,0,9.391981002409011,0.0,0.02601799860713072,4.694068309523725,9.4,580.015625,False
1773588299.6563733,866,0,0,0,0,9.432371000002604,0.0,0.02631500319694169,4.695706885530009,9.4,580.015625,False
1773588299.8693666,867,0,0,0,0,9.432036997168325,0.0,0.025017998268594965,4.695706885530009,9.4,580.015625,False
1773588300.082357,868,0,0,0,0,9.415462998731527,0.0,0.025130000722128898,4.695706885530009,18.8,580.015625,False
1773588300.295281,869,0,0,0,0,9.427166998648318,0.0,0.025055000151041895,4.695706885530009,9.4,580.015625,False
1773588300.508334,870,0,0,0,0,9.500296997430269,0.0,0.026185000024270266,4.695706885530009,9.4,580.015625,False
1773588300.721347,871,0,0,0,0,9.514500998193398,0.0,0.025649002054706216,4.694927920058135,9.4,580.015625,False
1773588300.9342182,872,0,0,0,0,9.369815001264215,0.0,0.02488999962224625,4.694927920058135,9.4,580.015625,False
1773588301.147226,873,0,0,0,0,9.386000001541106,0.0,0.025630000891396776,4.694927920058135,18.8,580.015625,False
1773588301.360227,874,0,0,0,0,9.457353000470903,0.0,0.0256669991358649,4.694927920058135,9.4,580.015625,False
1773588301.5732408,875,0,0,0,0,9.50763099899632,0.0,0.02494400177965872,4.694927920058135,9.4,580.015625,False
1773588301.7862751,876,0,0,0,0,9.400388997164555,0.0,0.025092998839681968,4.695169676551555,9.4,580.015625,False
1773588301.9991906,877,0,0,0,0,9.4383329997072,0.0,0.025889999960782006,4.695169676551555,14.1,580.015625,False
1773588302.2121513,878,0,0,0,0,9.44616699780454,0.0,0.025869998353300616,4.695169676551555,14.1,580.015625,False
1773588302.425135,879,0,0,0,0,9.476852999796392,0.0,0.02568499985500239,4.695169676551555,9.4,580.015625,False
1773588302.6381085,880,0,0,0,0,9.46766700144508,0.0,0.02496300294296816,4.695169676551555,9.4,580.015625,False
1773588302.8510704,881,0,0,0,0,9.422167000593618,0.0,0.02663000122993253,4.695760508045805,14.1,580.015625,False
1773588303.0640652,882,0,0,0,0,9.537834997900063,0.0,0.025110999558819458,4.695760508045805,9.4,580.015625,False
1773588303.2770877,883,0,0,0,0,9.498649000306614,0.0,0.02492700150469318,4.695760508045805,14.1,580.015625,False
1773588303.4900947,884,0,0,0,0,9.457722000661306,0.0,0.024721997760934755,4.695760508045805,14.1,580.03125,False
1773588303.7030823,885,0,0,0,0,9.431147998839151,0.0,0.027555000997381285,4.695760508045805,9.4,580.03125,False
1773588303.915998,886,0,0,0,0,9.442222999496153,0.0,0.024408000172115862,4.695169676551555,9.4,580.03125,False
1773588304.1290932,887,0,0,0,0,9.517074999166653,0.0,0.02466700243530795,4.695169676551555,9.4,580.03125,False
1773588304.342093,888,0,0,0,0,9.490259999438422,0.0,0.026462999812792987,4.695169676551555,18.8,580.03125,False
1773588304.5550153,889,0,0,0,0,9.452686001168331,0.0,0.025388999347342178,4.695169676551555,9.4,580.046875,False
1773588304.7680094,890,0,0,0,0,9.456870997382794,0.0,0.026666999474400654,4.695169676551555,9.4,580.046875,False
1773588304.9809976,891,0,0,0,0,9.482204000960337,0.0,0.025649002054706216,4.694817561240318,9.4,580.046875,False
1773588305.193872,892,0,0,0,0,9.410037000634475,0.0,0.024962999304989353,4.694817561240318,9.4,580.046875,False
1773588305.4065835,893,0,0,0,0,9.234794997610152,0.0,0.024518998543499038,4.694817561240318,18.8,580.046875,False
1773588305.6195142,894,0,0,0,0,9.431815000425559,0.0,0.025888999516610056,4.694817561240318,9.4,580.046875,False
1773588305.8324757,895,0,0,0,0,9.425833999557653,0.0,0.02535199746489525,4.694817561240318,9.4,580.046875,False
1773588306.0453918,896,0,0,0,0,9.437204000278143,0.0,0.024962999304989353,4.697535999512585,9.4,580.046875,False
1773588306.258446,897,0,0,0,0,9.4034069988993,0.0,0.02518499968573451,4.697535999512585,9.4,580.046875,False
1773588306.4714112,898,0,0,0,0,9.464964001381304,0.0,0.025870998797472566,4.697535999512585,18.8,580.046875,False
1773588306.6844008,899,0,0,0,0,9.439814999495866,0.0,0.02566599869169295,4.697535999512585,9.4,580.046875,False
1773588306.8973563,900,0,0,0,0,9.461167002882576,0.0,0.02594499892438762,4.697535999512585,9.4,580.046875,False
1773588307.1103954,901,0,0,0,0,9.411871000338579,0.0,0.026890000299317762,4.694808102154485,9.4,580.046875,False
1773588307.3231516,902,0,0,0,0,9.304462000727654,0.0,0.02550000135670416,4.694808102154485,9.4,580.046875,False
1773588307.536056,903,0,0,0,0,9.409129997948185,0.0,0.02544499875511974,4.694808102154485,18.8,580.046875,False
1773588307.7490442,904,0,0,0,0,9.493983001448214,0.0,0.02574099926277995,4.694808102154485,9.4,580.046875,False
1773588307.961914,905,0,0,0,0,9.401445000548847,0.0,0.025221997930202633,4.694808102154485,9.4,580.046875,False
1773588308.1748314,906,0,0,0,0,9.353630000987323,0.0,0.025092998839681968,4.69734555375943,14.1,580.046875,False
1773588308.3878036,907,0,0,0,0,9.4177410028351,0.0,0.02576000042608939,4.69734555375943,9.4,580.046875,False
1773588308.6002269,908,0,0,0,0,8.918219002225669,0.0,0.02598200080683455,4.69734555375943,14.1,580.046875,False
1773588308.8131397,909,0,0,0,0,9.402537001733435,0.0,0.025149001885438338,4.69734555375943,9.4,580.046875,False
1773588309.0261934,910,0,0,0,0,9.495296999375569,0.0,0.025056000595213845,4.69734555375943,14.1,580.046875,False
1773588309.2391818,911,0,0,0,0,9.410647999175126,0.0,0.02598199716885574,4.697718042208301,9.4,580.046875,False
1773588309.4520864,912,0,0,0,0,9.36005499897874,0.0,0.02603699977044016,4.697718042208301,9.4,580.046875,False
1773588309.6650286,913,0,0,0,0,9.361704000184545,0.0,0.026721998438006267,4.697718042208301,18.8,580.046875,False
1773588309.877958,914,0,0,0,0,9.45690799926524,0.0,0.024814999051159248,4.697718042208301,9.4,580.046875,False
1773588310.0908046,915,0,0,0,0,9.347832998173544,0.0,0.027019003027817234,4.697718042208301,9.4,580.046875,False
1773588310.30362,916,0,0,0,0,9.313203001511283,0.0,0.025314999220427126,4.697323458843051,9.4,580.046875,False
1773588310.5166817,917,0,0,0,0,9.568389999913052,0.0,0.02600099833216518,4.697323458843051,9.4,580.046875,False
1773588310.72967,918,0,0,0,0,9.451204001379665,0.0,0.02550000135670416,4.697323458843051,18.8,580.046875,False
1773588310.942564,919,0,0,0,0,9.401277999131707,0.0,0.0256669991358649,4.697323458843051,9.4,580.046875,False
1773588311.155584,920,0,0,0,0,9.395407996635186,0.0,0.02629599839565344,4.697323458843051,9.4,580.046875,False
1773588311.3684578,921,0,0,0,0,9.402815001521958,0.0,0.025852001272141933,4.695560744106233,9.4,580.046875,False
1773588311.5815125,922,0,0,0,0,9.482723002292914,0.0,0.024852000933606178,4.695560744106233,9.4,580.046875,False
1773588311.794472,923,0,0,0,0,9.41946300008567,0.0,0.02463000055286102,4.695560744106233,18.8,580.046875,False
1773588312.0075092,924,0,0,0,0,9.4046670019452,0.0,0.027555000997381285,4.695560744106233,9.4,580.046875,False
1773588312.2203605,925,0,0,0,0,9.390833998622838,0.0,0.02548100019339472,4.695560744106233,9.4,580.046875,False
1773588312.433357,926,0,0,0,0,9.483852998528164,0.0,0.024871002096915618,4.695270590974629,9.4,580.046875,False
1773588312.6462674,927,0,0,0,0,9.395518998644548,0.0,0.02848199801519513,4.695270590974629,14.1,580.046875,False
1773588312.859118,928,0,0,0,0,9.375388999615097,0.0,0.025536999601172283,4.695270590974629,14.1,580.046875,False
1773588313.072072,929,0,0,0,0,9.38985199900344,0.0,0.025332999939564615,4.695270590974629,14.1,580.046875,False
1773588313.2850158,930,0,0,0,0,9.433703999093268,0.0,0.02522200156818144,4.695270590974629,9.4,580.046875,False
1773588313.497934,931,0,0,0,0,9.366017999127507,0.0,0.025388999347342178,4.696698574430222,9.4,580.046875,False
1773588313.7108881,932,0,0,0,0,9.433573999558575,0.0,0.026185000024270266,4.696698574430222,9.4,580.046875,False
1773588313.9238536,933,0,0,0,0,9.292573999118758,0.0,0.025278000975959003,4.696698574430222,18.8,580.046875,False
1773588314.136831,934,0,0,0,0,9.426832999452017,0.0,0.025203000404872,4.696698574430222,9.4,580.046875,False
1773588314.3498447,935,0,0,0,0,9.484297002927633,0.0,0.025352001102874056,4.696698574430222,9.4,580.046875,False
1773588314.562811,936,0,0,0,0,9.41387100101565,0.0,0.025203000404872,4.69541145794385,9.4,580.046875,False
1773588314.7756774,937,0,0,0,0,9.403315001691226,0.0,0.025426001229789108,4.69541145794385,9.4,580.046875,False
1773588314.988649,938,0,0,0,0,9.44518500182312,0.0,0.026462999812792987,4.69541145794385,18.8,580.046875,False
1773588315.2016609,939,0,0,0,0,9.455315001105191,0.0,0.02492600106052123,4.69541145794385,9.4,580.046875,False
1773588315.41465,940,0,0,0,0,9.439686000405345,0.0,0.028092999855289236,4.69541145794385,9.4,580.046875,False
1773588315.6275792,941,0,0,0,0,9.42855599714676,0.0,0.024852000933606178,4.695867756751528,9.4,580.046875,False
1773588315.8405662,942,0,0,0,0,9.409816000697901,0.0,0.024721997760934755,4.695867756751528,9.4,580.046875,False
1773588316.0534637,943,0,0,0,0,9.397908001119504,0.0,0.02599999788799323,4.695867756751528,18.8,580.046875,False
1773588316.266437,944,0,0,0,0,9.485352999035968,0.0,0.028351998480502516,4.695867756751528,9.4,580.046875,False
1773588316.4793224,945,0,0,0,0,9.396371002367232,0.0,0.02525900345062837,4.695867756751528,14.1,580.046875,False
1773588316.6923182,946,0,0,0,0,9.444407998671522,0.0,0.026388999685877934,4.696004453379468,9.4,580.046875,False
1773588316.9053392,947,0,0,0,0,9.469148000789573,0.0,0.024666998797329143,4.696004453379468,9.4,580.046875,False
1773588317.1177166,948,0,0,0,0,8.898496998881456,0.0,0.025112000002991408,4.696004453379468,18.8,580.046875,False
1773588317.3305485,949,0,0,0,0,9.371832999022445,0.0,0.02546299947425723,4.696004453379468,9.4,580.046875,False
1773588317.5434608,950,0,0,0,0,9.407370002008975,0.0,0.025480996555415913,4.696004453379468,9.4,580.046875,False
1773588317.7563875,951,0,0,0,0,9.383222997712437,0.0,0.024982000468298793,4.698945357041309,9.4,580.046875,False
1773588317.969374,952,0,0,0,0,9.332721998362103,0.0,0.02490699989721179,4.698945357041309,9.4,580.046875,False
1773588318.1822681,953,0,0,0,0,9.331276996817905,0.0,0.023962998966453597,4.698945357041309,18.8,580.046875,False
1773588318.3952239,954,0,0,0,0,9.402519001014298,0.0,0.02570400101831183,4.698945357041309,9.4,580.046875,False
1773588318.6080935,955,0,0,0,0,9.379259998240741,0.0,0.026482000976102427,4.698945357041309,9.4,580.046875,False
1773588318.8209565,956,0,0,0,0,9.367999999085441,0.0,0.025500998162897304,4.696724870927812,9.4,580.046875,False
1773588319.0340157,957,0,0,0,0,9.453981998376548,0.0,0.02494500222383067,4.696724870927812,9.4,580.046875,False
1773588319.2469504,958,0,0,0,0,9.386203997564735,0.0,0.025814999389695004,4.696724870927812,18.8,580.046875,False
1773588319.459826,959,0,0,0,0,9.405408000020543,0.0,0.026425997930346057,4.696724870927812,9.4,580.046875,False
1773588319.6728127,960,0,0,0,0,9.403816002304666,0.0,0.026721998438006267,4.696724870927812,9.4,580.046875,False
1773588319.8858502,961,0,0,0,0,9.49698200201965,0.0,0.024797001970000565,4.695306332539719,9.4,580.046875,False
1773588320.0987973,962,0,0,0,0,9.408296999026788,0.0,0.026703997718868777,4.695306332539719,9.4,580.046875,False
1773588320.3116937,963,0,0,0,0,9.413314997800626,0.0,0.02490699989721179,4.695306332539719,18.8,580.046875,False
1773588320.5247705,964,0,0,0,0,9.494427002209704,0.0,0.025370001822011545,4.695306332539719,9.4,580.046875,False
1773588320.737903,965,0,0,0,0,9.502909000730142,0.0,0.024538003344787285,4.695306332539719,9.4,580.046875,False
1773588320.9508343,966,0,0,0,0,9.446426000067731,0.0,0.02574099926277995,4.694948941373584,14.1,580.046875,False
1773588321.1638346,967,0,0,0,0,9.437204000278143,0.0,0.02544499875511974,4.694948941373584,9.4,580.046875,False
1773588321.3767927,968,0,0,0,0,9.429685000213794,0.0,0.054592997912550345,4.694948941373584,14.1,580.046875,False
1773588321.589773,969,0,0,0,0,9.478833999310154,0.0,0.025111003196798265,4.694948941373584,14.1,580.0625,False
1773588321.8028855,970,0,0,0,0,9.416704000614118,0.0,0.025518998882034793,4.694948941373584,9.4,580.0625,False
1773588322.0159028,971,0,0,0,0,9.370425999804866,0.0,0.026092999178217724,4.694536957900868,9.4,580.078125,False
1773588322.2288294,972,0,0,0,0,9.33340800111182,0.0,0.024092998501146212,4.694536957900868,9.4,580.078125,False
1773588322.4417944,973,0,0,0,0,9.38311100253486,0.0,0.023962998966453597,4.694536957900868,18.8,580.078125,False
1773588322.6550152,974,0,0,0,0,9.600445999240037,0.0,0.024536999262636527,4.694536957900868,9.4,580.078125,False
1773588322.867956,975,0,0,0,0,9.380333001899999,0.0,0.02427799699944444,4.694536957900868,9.4,580.078125,False
1773588323.0810034,976,0,0,0,0,9.458666998398257,0.0,0.02546299947425723,4.694419261617118,9.4,580.078125,False
1773588323.2940652,977,0,0,0,0,9.518500999547541,0.0,0.025352001102874056,4.694419261617118,9.4,580.078125,False
1773588323.5070221,978,0,0,0,0,9.445277999475366,0.0,0.02579600186436437,4.694419261617118,14.1,580.078125,False
1773588323.7199962,979,0,0,0,0,9.407407000253443,0.0,0.025332999939564615,4.694419261617118,9.4,580.078125,False
1773588323.9329095,980,0,0,0,0,9.418777997780126,0.0,0.02572199809947051,4.694419261617118,14.1,580.078125,False
1773588324.1459665,981,0,0,0,0,9.433093000552617,0.0,0.02603800021461211,4.694993086748766,9.4,580.078125,False
1773588324.3588004,982,0,0,0,0,9.349573996587424,0.0,0.025612000172259286,4.694993086748766,9.4,580.078125,False
1773588324.5719075,983,0,0,0,0,9.473630001593847,0.0,0.025258999812649563,4.694993086748766,18.8,580.078125,False
1773588324.7848573,984,0,0,0,0,9.446167001442518,0.0,0.025536999601172283,4.694993086748766,9.4,580.078125,False
1773588324.9979358,985,0,0,0,0,9.453500002564397,0.0,0.025870001991279423,4.694993086748766,9.4,580.078125,False
1773588325.2108386,986,0,0,0,0,9.343832996819401,0.0,0.024890003260225058,4.6954104066665066,14.1,580.078125,False
1773588325.423791,987,0,0,0,0,9.393684998940444,0.0,0.026369998522568494,4.6954104066665066,9.4,580.078125,False
1773588325.636382,988,0,0,0,0,8.949663999374025,0.0,0.025258999812649563,4.6954104066665066,18.8,580.078125,False
1773588325.8492594,989,0,0,0,0,9.423055998922791,0.0,0.025426001229789108,4.6954104066665066,9.4,580.078125,False
1773588326.0622578,990,0,0,0,0,9.439352001209045,0.0,0.026185000024270266,4.6954104066665066,9.4,580.078125,False
1773588326.2751586,991,0,0,0,0,9.378184997331118,0.0,0.026074998459080234,4.697851689468749,9.4,580.078125,False
1773588326.4880693,992,0,0,0,0,9.356185000797268,0.0,0.025314999220427126,4.697851689468749,9.4,580.078125,False
1773588326.7011669,993,0,0,0,0,9.446759999264032,0.0,0.024962999304989353,4.697851689468749,18.8,580.078125,False
1773588326.9141283,994,0,0,0,0,9.432019000087166,0.0,0.025408000510651618,4.697851689468749,9.4,580.078125,False
1773588327.127093,995,0,0,0,0,9.397870999237057,0.0,0.02574099926277995,4.697851689468749,9.4,580.078125,False
1773588327.3399584,996,0,0,0,0,9.382906999235274,0.0,0.025296001695096493,4.6957310680815985,9.4,580.078125,False
1773588327.553092,997,0,0,0,0,9.464167000260204,0.0,0.02603699977044016,4.6957310680815985,9.4,580.078125,False
1773588327.7660308,998,0,0,0,0,9.396056000696262,0.0,0.02550100180087611,4.6957310680815985,14.1,580.078125,False
1773588327.978952,999,0,0,0,0,9.383093001815723,0.0,0.02574099926277995,4.6957310680815985,14.1,580.078125,False
1773588328.1918285,1000,0,0,0,0,9.41179600340547,0.0,0.02633400072227232,4.6957310680815985,9.4,580.078125,False
1773588328.4048858,1001,0,0,0,0,9.466019000683445,0.0,0.026462999812792987,4.695118169820213,9.4,580.078125,False
1773588328.6178124,1002,0,0,0,0,9.397204001288628,0.0,0.026223002350889146,4.695118169820213,9.4,580.078125,False
1773588328.8307104,1003,0,0,0,0,9.408537000126671,0.0,0.025610999728087336,4.695118169820213,18.8,580.078125,False
1773588329.043682,1004,0,0,0,0,9.40201900084503,0.0,0.02490699989721179,4.695118169820213,9.4,580.078125,False
1773588329.256581,1005,0,0,0,0,9.401925999554805,0.0,0.0259810003626626,4.695118169820213,9.4,580.078125,False
1773588329.4695752,1006,0,0,0,0,9.422797000297578,0.0,0.02505599695723504,4.696247372408266,9.4,580.078125,False
1773588329.6825535,1007,0,0,0,0,9.425407002709107,0.0,0.0256669991358649,4.696247372408266,9.4,580.078125,False
1773588329.8954194,1008,0,0,0,0,9.38703700012411,0.0,0.025240999093512073,4.696247372408266,18.8,580.078125,False
1773588330.1082854,1009,0,0,0,0,9.400352002558066,0.0,0.024778000806691125,4.696247372408266,9.4,580.078125,False
1773588330.3214812,1010,0,0,0,0,9.550742001010804,0.0,0.025389002985320985,4.696247372408266,9.4,580.078125,False
1773588330.5344098,1011,0,0,0,0,9.446093001315603,0.0,0.025555000320309773,4.695562846796031,9.4,580.078125,False
1773588330.747192,1012,0,0,0,0,9.312221998698078,0.0,0.024241002392955124,4.695562846796031,9.4,580.078125,False
1773588330.9601035,1013,0,0,0,0,9.38453699927777,0.0,0.025871002435451373,4.695562846796031,18.8,580.078125,False
1773588331.1730425,1014,0,0,0,0,9.430629997950746,0.0,0.02490800034138374,4.695562846796031,9.4,580.078125,False
1773588331.386012,1015,0,0,0,0,9.41935299852048,0.0,0.02577800114522688,4.695562846796031,9.4,580.078125,False
1773588331.5989134,1016,0,0,0,0,9.416167002200382,0.0,0.025555000320309773,4.697043607892253,9.4,580.078125,False
1773588331.811841,1017,0,0,0,0,9.372055999847362,0.0,0.02603699977044016,4.697043607892253,9.4,580.078125,False
1773588332.0247424,1018,0,0,0,0,9.359370000311173,0.0,0.027314999897498637,4.697043607892253,23.5,580.078125,False
1773588332.2376926,1019,0,0,0,0,9.421093000128167,0.0,0.024944998585851863,4.697043607892253,9.4,580.078125,False
1773588332.4506059,1020,0,0,0,0,9.434537998458836,0.0,0.025239998649340123,4.697043607892253,4.7,580.078125,False
1773588332.663605,1021,0,0,0,0,9.361388998513576,0.0,0.025314999220427126,4.6962168747004895,9.4,580.078125,False
1773588332.8765132,1022,0,0,0,0,9.331925000878982,0.0,0.02735199814196676,4.6962168747004895,9.4,580.078125,False
1773588333.089401,1023,0,0,0,0,9.395982000569347,0.0,0.028352002118481323,4.6962168747004895,18.8,580.078125,False
1773588333.302399,1024,0,0,0,0,9.428019002371002,0.0,0.025295998057117686,4.6962168747004895,9.4,580.078125,False
1773588333.5154347,1025,0,0,0,0,9.39064900012454,0.0,0.026425997930346057,4.6962168747004895,14.1,580.078125,False
1773588333.7283356,1026,0,0,0,0,9.386240999447182,0.0,0.025388999347342178,4.696027587442339,9.4,580.078125,False
1773588333.941362,1027,0,0,0,0,9.451390000322135,0.0,0.024943998141679913,4.696027587442339,9.4,580.078125,False
1773588334.1540258,1028,0,0,0,0,9.076608999748714,0.0,0.02459299867041409,4.696027587442339,18.8,580.078125,False
1773588334.3669853,1029,0,0,0,0,9.393074000399793,0.0,0.02520400084904395,4.696027587442339,9.4,580.078125,False
1773588334.5799682,1030,0,0,0,0,9.418018998985644,0.0,0.025833000108832493,4.696027587442339,9.4,580.078125,False
1773588334.7929692,1031,0,0,0,0,9.432278002350358,0.0,0.025314999220427126,4.696433522177339,9.4,580.09375,False
1773588335.0059009,1032,0,0,0,0,9.393723001267063,0.0,0.024444998416583985,4.696433522177339,9.4,580.09375,False
1773588335.2188833,1033,0,0,0,0,9.351630000310251,0.0,0.02603699977044016,4.696433522177339,18.8,580.09375,False
1773588335.431774,1034,0,0,0,0,9.406647997820983,0.0,0.025888999516610056,4.696433522177339,9.4,580.09375,False
1773588335.644779,1035,0,0,0,0,9.47846399867558,0.0,0.02520400084904395,4.696433522177339,9.4,580.09375,False
1773588335.8578107,1036,0,0,0,0,9.403519001352834,0.0,0.025851997634163126,4.695523947339609,9.4,580.09375,False
1773588336.0707736,1037,0,0,0,0,9.41246299771592,0.0,0.02514899824745953,4.695523947339609,9.4,580.09375,False
1773588336.283748,1038,0,0,0,0,9.396184999786783,0.0,0.025648001610534266,4.695523947339609,18.8,580.09375,False
1773588336.4966917,1039,0,0,0,0,9.411945000465494,0.0,0.026092999178217724,4.695523947339609,9.4,580.09375,False
1773588336.7097547,1040,0,0,0,0,9.442167000088375,0.0,0.02546299947425723,4.695523947339609,9.4,580.09375,False
1773588336.9227118,1041,0,0,0,0,9.415407999767922,0.0,0.025332999939564615,4.69530843500167,9.4,580.09375,False
1773588337.1356442,1042,0,0,0,0,9.345741000288399,0.0,0.025203000404872,4.69530843500167,9.4,580.09375,False
1773588337.3485816,1043,0,0,0,0,9.417704000952654,0.0,0.02596299964352511,4.69530843500167,18.8,580.09375,False
1773588337.5615659,1044,0,0,0,0,9.44848200015258,0.0,0.025648001610534266,4.69530843500167,9.4,580.09375,False
1773588337.7745225,1045,0,0,0,0,9.40809299936518,0.0,0.025888999516610056,4.69530843500167,9.4,580.09375,False
1773588337.9874086,1046,0,0,0,0,9.406982000655262,0.0,0.025499997718725353,4.696212668151192,9.4,580.09375,False
1773588338.2003217,1047,0,0,0,0,9.42511200264562,0.0,0.02638900332385674,4.696212668151192,9.4,580.09375,False
1773588338.4133148,1048,0,0,0,0,9.410147999005858,0.0,0.02596299964352511,4.696212668151192,18.8,580.09375,False
1773588338.6262894,1049,0,0,0,0,9.398537000379292,0.0,0.024537999706808478,4.696212668151192,9.4,580.09375,False
1773588338.8391511,1050,0,0,0,0,9.371536998514785,0.0,0.025426001229789108,4.696212668151192,9.4,580.09375,False
1773588339.0521033,1051,0,0,0,0,9.396369998285081,0.0,0.02655600110301748,4.696177964407029,9.4,580.09375,False
1773588339.265065,1052,0,0,0,0,9.35429700257373,0.0,0.024778000806691125,4.696177964407029,9.4,580.09375,False
1773588339.478056,1053,0,0,0,0,9.441389000130584,0.0,0.02516699896659702,4.696177964407029,18.8,580.09375,False
1773588339.6909392,1054,0,0,0,0,9.372167001856724,0.0,0.02487099845893681,4.696177964407029,9.4,580.109375,False
1773588339.9038296,1055,0,0,0,0,9.402389001479605,0.0,0.02574099926277995,4.696177964407029,9.4,580.109375,False
1773588340.116936,1056,0,0,0,0,9.469889002502896,0.0,0.025629000447224826,4.695553384706771,9.4,580.109375,False
1773588340.3299325,1057,0,0,0,0,9.451018999243388,0.0,0.02512999708415009,4.695553384706771,9.4,580.109375,False
1773588340.5428576,1058,0,0,0,0,9.431722999579506,0.0,0.025277000531787053,4.695553384706771,18.8,580.109375,False
1773588340.7557125,1059,0,0,0,0,9.396018998813815,0.0,0.02631500319694169,4.695553384706771,9.4,580.109375,False
1773588340.968671,1060,0,0,0,0,9.379129998706048,0.0,0.024685999960638583,4.695553384706771,9.4,580.109375,False
