timestamp,frame_index,motion_regions,yolo_detections,confirmed_tracks,new_confirmations,time_mog2_ms,time_yolo_ms,time_tracker_ms,fps,cpu_percent,ram_mb,yolo_ran
1773593151.527641,0,0,0,0,0,7.673084000998642,0.0,0.028369999199640006,0.0,0.0,457.0,False
1773593151.7380686,1,0,0,0,0,7.075376997818239,0.0,0.025388999347342178,0.0,14.3,461.90625,False
1773593151.94821,2,0,0,0,0,7.068062001053477,0.0,0.021202999050728977,0.0,4.8,464.53125,False
1773593152.1584141,3,0,0,0,0,7.068098999297945,0.0,0.021592997654806823,0.0,14.3,467.515625,False
1773593152.3686297,4,0,0,0,0,7.104284002707573,0.0,0.022332998923957348,4.756817667858469,4.8,470.15625,False
1773593152.578834,5,0,0,0,0,7.148099997721147,0.0,0.021649000700563192,4.756817667858469,9.5,472.78125,False
1773593152.7889016,6,0,0,0,0,7.069802999467356,0.0,0.02048100213869475,4.756817667858469,9.5,475.40625,False
1773593152.9989681,7,0,0,0,0,7.029227999737486,0.0,0.02159300129278563,4.756817667858469,9.5,478.03125,False
1773593153.209098,8,0,0,0,0,7.055802998365834,0.0,0.020907998987240717,4.756817667858469,9.5,481.96875,False
1773593153.4191895,9,0,0,0,0,7.0714699977543205,0.0,0.022277999960351735,4.7592335942590145,9.5,484.59375,False
1773593153.6293054,10,0,0,0,0,7.066913996823132,0.0,0.02048099850071594,4.7592335942590145,9.5,484.59375,False
1773593153.8394494,11,0,0,0,0,7.079746999806957,0.0,0.02185199991799891,4.7592335942590145,4.8,484.59375,False
1773593154.049594,12,0,0,0,0,7.078524999087676,0.0,0.021388997993199155,4.7592335942590145,9.5,484.59375,False
1773593154.2597244,13,0,0,0,0,7.013765000010608,0.0,0.021703999664168805,4.7592335942590145,9.5,484.59375,False
1773593154.469845,14,0,0,0,0,7.0638770012010355,0.0,0.02051800038316287,4.758918240358103,9.5,484.59375,False
1773593154.6799393,15,0,0,0,0,6.980338999710511,0.0,0.020426003175089136,4.758918240358103,9.5,484.59375,False
1773593154.8900776,16,0,0,0,0,7.014449998678174,0.0,0.021741001546615735,4.758918240358103,4.8,484.59375,False
1773593155.100267,17,0,0,0,0,7.007542997598648,0.0,0.0202410010388121,4.758918240358103,9.5,484.59375,False
1773593155.3104925,18,0,0,0,0,7.067098998959409,0.0,0.021333999029593542,4.758918240358103,14.3,484.59375,False
1773593155.5206447,19,0,0,0,0,7.082544001605129,0.0,0.021408002794487402,4.758404259881255,4.8,484.59375,False
1773593155.7307482,20,0,0,0,0,7.057044000248425,0.0,0.021203999494900927,4.758404259881255,9.5,484.59375,False
1773593155.9408772,21,0,0,0,0,7.102839997969568,0.0,0.02075899828923866,4.758404259881255,4.8,484.59375,False
1773593156.151002,22,0,0,0,0,7.056432001263602,0.0,0.021480998839251697,4.758404259881255,9.5,484.59375,False
1773593156.36119,23,0,0,0,0,7.039673000690527,0.0,0.01994400008697994,4.758404259881255,14.3,484.59375,False
1773593156.5713234,24,0,0,0,0,7.058950999635272,0.0,0.02127799962181598,4.758734663156154,4.8,484.59375,False
1773593156.7814972,25,0,0,0,0,7.057414000883,0.0,0.01992599936784245,4.758734663156154,9.5,484.59375,False
1773593156.9916785,26,0,0,0,0,7.049469000776298,0.0,0.021241001377347857,4.758734663156154,4.8,484.59375,False
1773593157.2018018,27,0,0,0,0,7.062135999149177,0.0,0.022074000298744068,4.758734663156154,9.5,484.59375,False
1773593157.4119413,28,0,0,0,0,7.055581001623068,0.0,0.021407999156508595,4.758734663156154,14.3,484.59375,False
1773593157.6221058,29,0,0,0,0,7.073987999319797,0.0,0.021203999494900927,4.758363232611734,4.8,484.59375,False
1773593157.832217,30,0,0,0,0,7.0471360013470985,0.0,0.021537001885008067,4.758363232611734,9.5,484.59375,False
1773593158.0423625,31,0,0,0,0,7.0275059988489375,0.0,0.02129600034095347,4.758363232611734,9.5,484.59375,False
1773593158.252575,32,0,0,0,0,7.034025002212729,0.0,0.02153699824702926,4.758363232611734,4.8,484.59375,False
1773593158.4627626,33,0,0,0,0,7.037840001430595,0.0,0.020870000298600644,4.758363232611734,14.3,484.59375,False
1773593158.672846,34,0,0,0,0,7.036266000795877,0.0,0.019777999114012346,4.758537063526063,4.8,484.59375,False
1773593158.8854105,35,0,0,0,0,9.381095002026996,0.0,0.025258999812649563,4.758537063526063,9.4,484.59375,False
1773593159.0982072,36,0,0,0,0,9.370186999149155,0.0,0.025407000066479668,4.758537063526063,9.4,484.59375,False
1773593159.3110437,37,0,0,0,0,9.414428001036867,0.0,0.025314999220427126,4.758537063526063,9.4,484.59375,False
1773593159.5239522,38,0,0,0,0,9.437076001631794,0.0,0.0256669991358649,4.758537063526063,18.8,484.59375,False
1773593159.7368627,39,0,0,0,0,9.41968700135476,0.0,0.024629996914882213,4.6993654859871805,9.4,484.59375,False
1773593159.9496415,40,0,0,0,0,9.402890998899238,0.0,0.025278000975959003,4.6993654859871805,9.4,484.59375,False
1773593160.1623764,41,0,0,0,0,9.37057600094704,0.0,0.023943997803144157,4.6993654859871805,9.4,484.59375,False
1773593160.3750546,42,0,0,0,0,9.334056998341111,0.0,0.02485199729562737,4.6993654859871805,9.4,484.59375,False
1773593160.5878267,43,0,0,0,0,9.410446997208055,0.0,0.024870001652743667,4.6993654859871805,18.8,484.59375,False
1773593160.8006425,44,0,0,0,0,9.44107699979213,0.0,0.0245749979512766,4.700349239548925,9.4,484.59375,False
1773593161.0134242,45,0,0,0,0,9.443669001484523,0.0,0.024666998797329143,4.700349239548925,9.4,484.59375,False
1773593161.2261877,46,0,0,0,0,9.355539001262514,0.0,0.024703997041797265,4.700349239548925,9.4,484.59375,False
1773593161.4389637,47,0,0,0,0,9.354427998914616,0.0,0.02351800139877014,4.700349239548925,14.1,484.59375,False
1773593161.6518981,48,0,0,0,0,9.563391999108717,0.0,0.02576000042608939,4.700349239548925,14.1,484.59375,False
1773593161.8647454,49,0,0,0,0,9.35626199861872,0.0,0.024758999643381685,4.698825333996842,9.4,484.59375,False
1773593162.0775404,50,0,0,0,0,9.43407700106036,0.0,0.025536999601172283,4.698825333996842,9.4,484.59375,False
1773593162.2902882,51,0,0,0,0,9.366038997541182,0.0,0.024001001293072477,4.698825333996842,9.4,484.59375,False
1773593162.5030446,52,0,0,0,0,9.328038999228738,0.0,0.02524100273149088,4.698825333996842,9.4,484.59375,False
1773593162.7157764,53,0,0,0,0,9.39959500101395,0.0,0.025610999728087336,4.698825333996842,18.8,484.59375,False
1773593162.9286683,54,0,0,0,0,9.428039000340505,0.0,0.025574001483619213,4.699597168165708,9.4,484.59375,False
1773593163.141453,55,0,0,0,0,9.349706000648439,0.0,0.02518499968573451,4.699597168165708,9.4,484.59375,False
1773593163.35425,56,0,0,0,0,9.36618700143299,0.0,0.025000001187436283,4.699597168165708,9.4,484.59375,False
1773593163.5671506,57,0,0,0,0,9.446612999454373,0.0,0.025536999601172283,4.699597168165708,9.4,484.59375,False
1773593163.7799864,58,0,0,0,0,9.31446499816957,0.0,0.025407000066479668,4.699597168165708,18.8,484.59375,False
1773593163.992866,59,0,0,0,0,9.352149998449022,0.0,0.026148998585995287,4.698252676880201,9.4,484.59375,False
1773593164.2056415,60,0,0,0,0,9.375167999678524,0.0,0.025722001737449318,4.698252676880201,9.4,484.59375,False
1773593164.4184227,61,0,0,0,0,9.360760999697959,0.0,0.025536999601172283,4.698252676880201,14.1,484.59375,False
1773593164.6312017,62,0,0,0,0,9.389372000441654,0.0,0.025055000151041895,4.698252676880201,9.4,484.59375,False
1773593164.8438394,63,0,0,0,0,9.23972300006426,0.0,0.02492600106052123,4.698252676880201,18.8,484.59375,False
1773593165.0566761,64,0,0,0,0,9.28916799966828,0.0,0.02564899841672741,4.700311314221166,9.4,484.59375,False
1773593165.2695026,65,0,0,0,0,9.340593998786062,0.0,0.02483399657648988,4.700311314221166,9.4,484.59375,False
1773593165.482365,66,0,0,0,0,9.30666899876087,0.0,0.024815002689138055,4.700311314221166,9.4,484.59375,False
1773593165.6953073,67,0,0,0,0,9.488854000665015,0.0,0.026462999812792987,4.700311314221166,9.4,484.59375,False
1773593165.9078863,68,0,0,0,0,9.11824099966907,0.0,0.026148001779802144,4.700311314221166,18.8,484.59375,False
1773593166.1207416,69,0,0,0,0,9.358150000480236,0.0,0.024907996703404933,4.698882186253595,9.4,484.59375,False
1773593166.3335602,70,0,0,0,0,9.345668000605656,0.0,0.024665998353157192,4.698882186253595,9.4,484.59375,False
1773593166.5463905,71,0,0,0,0,9.372298001835588,0.0,0.025427001673961058,4.698882186253595,9.4,484.59375,False
1773593166.7591848,72,0,0,0,0,9.344131001853384,0.0,0.02461099938955158,4.698882186253595,9.4,484.59375,False
1773593166.9719815,73,0,0,0,0,9.378224000101909,0.0,0.024259999918285757,4.698882186253595,18.8,484.59375,False
1773593167.1848829,74,0,0,0,0,9.388279999257065,0.0,0.025741002900758758,4.698518987182957,9.4,484.59375,False
1773593167.3976338,75,0,0,0,0,9.369521001644898,0.0,0.025278000975959003,4.698518987182957,9.4,484.59375,False
1773593167.61043,76,0,0,0,0,9.369520001200726,0.0,0.02562999725341797,4.698518987182957,9.4,484.59375,False
1773593167.8231814,77,0,0,0,0,9.35685399963404,0.0,0.025592999008949846,4.698518987182957,9.4,484.59375,False
1773593168.035931,78,0,0,0,0,9.324334998382255,0.0,0.026203000743407756,4.698518987182957,18.8,484.59375,False
1773593168.248718,79,0,0,0,0,9.364854002342327,0.0,0.025612000172259286,4.700086935220822,9.4,484.59375,False
1773593168.461542,80,0,0,0,0,9.351668999443064,0.0,0.024166998628061265,4.700086935220822,9.4,484.59375,False
1773593168.6743286,81,0,0,0,0,9.402372998010833,0.0,0.02577800114522688,4.700086935220822,14.1,484.59375,False
1773593168.8871672,82,0,0,0,0,9.397187001013663,0.0,0.024556000425945967,4.700086935220822,9.4,485.265625,False
1773593169.100006,83,0,0,0,0,9.428540000953944,0.0,0.025314999220427126,4.700086935220822,14.1,485.265625,False
1773593169.3128576,84,0,0,0,0,9.369464998599142,0.0,0.02623999898787588,4.69852319786496,9.4,485.265625,False
1773593169.5257516,85,0,0,0,0,9.419093999895267,0.0,0.024462999135721475,4.69852319786496,14.1,485.265625,False
1773593169.7384665,86,0,0,0,0,9.339150001324015,0.0,0.025591998564777896,4.69852319786496,9.4,485.265625,False
1773593169.9512022,87,0,0,0,0,9.359002000564942,0.0,0.025536999601172283,4.69852319786496,9.4,485.265625,False
1773593170.163959,88,0,0,0,0,9.358113002235768,0.0,0.02490699989721179,4.69852319786496,14.1,485.265625,False
1773593170.3769155,89,0,0,0,0,9.522928001388209,0.0,0.02379600118729286,4.6989748373235125,9.4,485.359375,False
1773593171.58664,90,1,1,0,0,9.543965999910142,996.8359940030496,0.040499999158782884,0.8265913736050311,133.1,563.296875,True
1773593172.4860542,91,1,1,1,1,7.126765998691553,688.9501029982057,0.047501001972705126,0.8265913736050311,133.4,565.265625,True
1773593173.370935,92,1,1,1,0,7.109099002263974,674.5406989975891,0.04281499786884524,0.998621697186229,135.6,570.03125,True
1773593174.374139,93,1,1,1,0,7.207192000350915,792.7734259974386,0.034278000384802,1.119748771575927,137.6,599.28125,True
1773593175.3611104,94,1,1,1,0,7.180452001193771,776.6199559991946,0.03414899765630253,1.119748771575927,136.8,602.109375,True
1773593176.3486595,95,1,1,1,0,7.233969998196699,777.0834040020418,0.03644499884103425,0.9183337719588256,138.7,605.1875,True
1773593177.3332403,96,1,1,1,0,7.19045200094115,774.1305889976502,0.03370400008861907,1.0694240202405825,137.1,607.359375,True
1773593178.3929498,97,1,1,1,0,7.235008000861853,849.2216060003557,0.034167002013418823,0.9436507638315024,138.7,596.265625,True
1773593179.3794012,98,1,1,1,0,7.194729998445837,776.0266559998854,0.03474099867162295,0.9436507638315024,137.9,627.84375,True
1773593180.2627938,99,1,1,1,0,7.203581000794657,672.9957269999431,0.03320299947517924,0.9187751253859715,133.6,625.234375,True
1773593181.1480448,100,1,1,1,0,7.23006299813278,674.7372560021176,0.03488899892545305,1.1999929047050388,134.4,627.859375,True
1773593182.0326023,101,1,1,1,0,7.197988998086657,674.0528080008517,0.034741002309601754,1.1999929047050388,134.5,630.96875,True
1773593182.9707353,102,1,1,1,0,7.184821999544511,727.5697289987875,0.034463002521079034,1.0972767063783677,135.4,635.125,True
1773593183.9573581,103,1,1,1,0,7.214118999399943,776.191953002126,0.03425999966566451,1.0972767063783677,137.8,640.96875,True
1773593185.0028179,104,1,1,1,0,7.227433001389727,835.1044449991605,0.03340799958095886,0.9186515680556705,139.7,614.890625,True
1773593186.0472589,105,1,1,1,0,7.207691996882204,834.0513830007694,0.03483399996184744,0.9564816432230867,138.8,617.515625,True
1773593186.257574,106,0,0,1,0,7.137118001992349,0.0,0.029463000828400254,0.9574759895027695,9.5,619.203125,False
1773593186.4679363,107,0,0,1,0,7.085950997861801,0.0,0.02990800203406252,0.9574759895027695,4.8,621.828125,False
1773593186.6782863,108,0,0,1,0,7.035839000309352,0.0,0.030056002287892625,0.9574759895027695,14.3,624.453125,False
1773593186.8885915,109,0,0,1,0,7.088543999998365,0.0,0.030352999601745978,0.9574759895027695,9.5,627.078125,False
1773593187.0989537,110,0,0,1,0,7.135062998713693,0.0,0.030499999411404133,0.9574759895027695,4.8,629.703125,False
1773593187.3092678,111,0,0,1,0,7.091470000887057,0.0,0.02983299782499671,4.754264075353591,9.5,632.328125,False
1773593187.5196128,112,0,0,1,0,7.1426549984607846,0.0,0.030408002203330398,4.754264075353591,9.5,634.953125,False
1773593187.7299728,113,0,0,1,0,7.076191999658477,0.0,0.02959300036309287,4.754264075353591,14.3,637.578125,False
1773593187.94022,114,0,0,1,0,7.069487000990193,0.0,0.029629998607560992,4.754264075353591,4.8,641.515625,False
1773593188.15066,115,0,0,1,0,7.117025001207367,0.0,0.02925899752881378,4.754264075353591,9.5,642.828125,False
1773593188.3610373,116,0,0,1,0,7.1264139987761155,0.0,0.029610997444251552,4.7540258943018845,9.5,645.453125,False
1773593188.5714424,117,0,0,1,0,7.136691998312017,0.0,0.0301670006592758,4.7540258943018845,4.8,648.078125,False
1773593188.7818272,118,0,0,1,0,7.080450999637833,0.0,0.028408001526258886,4.7540258943018845,14.3,650.703125,False
1773593188.9922278,119,0,0,1,0,7.099192000168841,0.0,0.03099999958067201,4.7540258943018845,9.5,653.328125,False
1773593189.202655,120,0,0,1,0,7.151820998842595,0.0,0.029741000616922975,4.7540258943018845,9.5,655.953125,False
1773593189.4130418,121,0,0,0,0,7.118303001334425,0.0,0.03194499731762335,4.752756716380026,4.8,658.578125,False
1773593189.6233985,122,0,0,0,0,7.126913998945383,0.0,0.03155599915771745,4.752756716380026,4.8,661.203125,False
1773593189.833779,123,0,0,0,0,7.086690999130951,0.0,0.027259000489721075,4.752756716380026,14.3,663.828125,False
1773593190.0440185,124,0,0,0,0,7.058450999466004,0.0,0.029574002837762237,4.752756716380026,9.5,667.765625,False
1773593190.2544565,125,0,0,0,0,7.168414002080681,0.0,0.030666000384371728,4.752756716380026,4.8,669.078125,False
1773593190.4648213,126,0,0,0,0,7.14956199954031,0.0,0.03040799856535159,4.7540420596816855,9.5,671.703125,False
1773593190.6772227,127,0,0,0,0,9.106943998631323,0.0,0.03177799953846261,4.7540420596816855,14.1,674.328125,False
1773593190.890266,128,0,0,0,0,9.509890998742776,0.0,0.0340369988407474,4.7540420596816855,14.1,676.953125,False
1773593191.1034675,129,0,0,0,0,9.499613999651046,0.0,0.03535200085025281,4.7540420596816855,14.1,679.578125,False
1773593191.3166277,130,0,0,0,0,9.553152001899434,0.0,0.03479699807940051,4.7540420596816855,9.4,682.203125,False
1773593192.3611195,131,0,0,0,0,9.512873999483418,0.0,0.03509300222503953,4.706148472823009,81.4,667.25,False
1773593192.571758,132,0,0,0,0,6.798357000661781,0.0,0.027777998184319586,0.9570805363461159,9.5,581.9375,False
1773593192.7819726,133,0,0,0,0,7.066173002385767,0.0,0.028814996767323464,0.9570805363461159,9.5,581.9375,False
1773593192.9922082,134,0,0,0,0,7.075302000885131,0.0,0.029406997782643884,0.9570805363461159,9.5,581.9375,False
1773593193.2025251,135,0,0,0,0,7.096303001162596,0.0,0.028703001589747146,0.9570805363461159,4.8,581.9375,False
1773593193.4127834,136,0,0,0,0,7.11198800127022,0.0,0.032037001801654696,0.9570805363461159,9.5,581.9375,False
1773593193.6231155,137,0,0,0,0,7.196006998128723,0.0,0.022147996787680313,4.7575471529040145,9.5,581.9375,False
1773593194.5576797,138,1,1,0,0,7.082803000230342,724.3753760012623,0.037462999898707494,1.9174758812823756,134.8,598.453125,True
1773593195.5457215,139,1,1,1,1,7.148303000576561,777.6678330010327,0.036167002690490335,1.9174758812823756,136.6,603.734375,True
1773593196.536352,140,1,1,1,0,7.097563000570517,780.2302560012322,0.03635200118878856,0.9174563496108421,138.3,580.984375,True
1773593197.4689317,141,1,1,1,0,7.1192109971889295,722.2257879984681,0.03425899922149256,1.098132524568738,136.2,607.640625,True
1773593198.4022255,142,1,1,1,0,7.158877000620123,722.9373859991028,0.03398199987714179,1.098132524568738,133.9,610.0625,True
1773593199.338662,143,1,1,1,0,7.15472899901215,725.9995890017308,0.03448200004640967,0.9658842358576379,137.8,610.390625,True
1773593200.328241,144,1,1,1,0,7.247137000376824,779.1442859997915,0.03661099981400184,1.096512798257837,137.4,590.9375,True
1773593201.3166802,145,1,1,1,0,7.17237799835857,777.9247229991597,0.03650000144261867,1.096512798257837,137.6,593.671875,True
1773593202.3687224,146,1,1,1,0,7.175988997914828,841.662336999434,0.05614900146611035,0.9170744079570227,140.7,596.921875,True
1773593203.3618987,147,1,1,1,0,7.182635999924969,782.693493001716,0.03566699888324365,0.9504742282432186,137.9,596.796875,True
1773593204.3478243,148,1,1,1,0,7.208359998912783,775.5070790008176,0.03635200118878856,1.0654944536828024,137.9,599.421875,True
1773593205.3373497,149,1,1,1,0,7.250710998050636,779.0006189970882,0.03453699901001528,1.0654944536828024,137.4,602.046875,True
1773593206.2733858,150,1,1,1,0,7.22006300202338,725.6156430012197,0.036296001781011,0.9161709712368504,136.7,626.640625,True
1773593207.1547108,151,1,1,1,0,7.207451002614107,670.8447319979314,0.03359300171723589,1.1659167794786833,132.8,629.4375,True
1773593208.1448615,152,1,1,1,0,7.198710001830477,779.7750860008819,0.034426000638632104,1.1659167794786833,137.4,609.921875,True
1773593209.0800908,153,1,1,1,0,7.174396003392758,724.7692300006747,0.03361100243637338,0.9155915866855476,136.9,634.515625,True
1773593210.014667,154,1,1,1,0,7.191618002252653,724.1642270018929,0.03425899922149256,1.1313710027754884,135.9,639.4375,True
1773593211.0611978,155,1,1,1,0,7.231469997350359,836.028098998213,0.033685002563288435,0.9555348545603206,139.5,621.546875,True
1773593211.2715695,156,0,0,1,0,7.153692000429146,0.0,0.02925999797298573,0.9555348545603206,9.5,623.25,False
1773593211.4819276,157,0,0,1,0,7.114580999768805,0.0,0.028870999813079834,0.9555348545603206,9.5,625.875,False
1773593211.6923099,158,0,0,1,0,7.068098999297945,0.0,0.030073999369051307,0.9555348545603206,14.3,628.5,False
1773593211.902683,159,0,0,1,0,7.139229001040803,0.0,0.029943999834358692,0.9555348545603206,4.8,631.125,False
1773593212.113036,160,0,0,1,0,7.111432998499367,0.0,0.030814997444394976,4.753725238275391,9.5,633.75,False
1773593212.3234754,161,0,0,1,0,7.078284001181601,0.0,0.02898199818446301,4.753725238275391,9.5,636.375,False
1773593212.53382,162,0,0,1,0,7.118080997315701,0.0,0.028147998818894848,4.753725238275391,9.5,639.0,False
1773593212.7441287,163,0,0,1,0,7.0126719983818475,0.0,0.030925999453756958,4.753725238275391,9.5,641.625,False
1773593212.9545212,164,0,0,1,0,7.080988001689548,0.0,0.03044500044779852,4.753725238275391,9.5,644.25,False
1773593213.164815,165,0,0,1,0,7.091338997270213,0.0,0.031425999623024836,4.753858858481056,9.5,646.875,False
1773593213.3751514,166,0,0,1,0,7.084654000209412,0.0,0.030871000490151346,4.753858858481056,4.8,649.5,False
1773593213.5855544,167,0,0,1,0,7.158896001783432,0.0,0.02883400156861171,4.753858858481056,9.5,652.125,False
1773593213.7958198,168,0,0,1,0,7.000913999945624,0.0,0.030111001251498237,4.753858858481056,14.3,654.75,False
1773593214.0061522,169,0,0,1,0,7.1163030006573536,0.0,0.03127699892502278,4.753858858481056,4.8,657.375,False
1773593214.2164776,170,0,0,1,0,7.074246997945011,0.0,0.030611001420766115,4.754418205222725,9.5,660.0,False
1773593214.4268153,171,0,0,0,0,7.089710001309868,0.0,0.029964001441840082,4.754418205222725,4.8,662.625,False
1773593214.6371753,172,0,0,0,0,7.12135900175781,0.0,0.027722999220713973,4.754418205222725,9.5,665.25,False
1773593214.8474867,173,0,0,0,0,7.064191999234026,0.0,0.029815000743838027,4.754418205222725,14.3,667.875,False
1773593215.0577812,174,0,0,0,0,7.1497850003652275,0.0,0.02853700061677955,4.754418205222725,9.5,670.5,False
1773593215.2680306,175,0,0,0,0,7.057617000100436,0.0,0.02907400266849436,4.754876342497691,4.8,673.125,False
1773593215.4783359,176,0,0,0,0,7.0996729991748,0.0,0.02881500040530227,4.754876342497691,9.5,675.75,False
1773593215.6885645,177,0,0,0,0,7.019191001745639,0.0,0.029482001991709694,4.754876342497691,9.5,678.375,False
1773593215.8988614,178,0,0,0,0,7.069098999636481,0.0,0.02955599848064594,4.754876342497691,9.5,681.0,False
1773593216.1092424,179,0,0,0,0,7.166006998886587,0.0,0.02957499964395538,4.754876342497691,9.5,683.640625,False
1773593216.3195145,180,0,0,0,0,7.088376001775032,0.0,0.028555998142110184,4.7551890044961285,9.5,686.265625,False
1773593217.3935513,181,0,0,0,0,7.083377000526525,0.0,0.029278002330102026,0.9310498146581548,82.9,620.765625,False
1773593217.6045938,182,0,0,0,0,6.821615999797359,0.0,0.027110996597912163,0.9310498146581548,4.7,582.703125,False
1773593217.8146536,183,0,0,0,0,6.813615997089073,0.0,0.028017999284202233,0.9310498146581548,14.3,582.703125,False
1773593218.024958,184,0,0,0,0,7.06583999999566,0.0,0.02851799945347011,0.9310498146581548,4.8,582.703125,False
1773593218.2352867,185,0,0,0,0,7.079914001224097,0.0,0.029741000616922975,0.9310498146581548,9.5,582.703125,False
1773593218.4456327,186,0,0,0,0,7.1588589999009855,0.0,0.031906998628983274,4.752568229083927,9.5,582.703125,False
1773593218.6558707,187,0,0,0,0,6.993690996750956,0.0,0.02159300129278563,4.752568229083927,4.8,582.703125,False
1773593218.8661888,188,0,0,0,0,7.073802000377327,0.0,0.021148000087123364,4.752568229083927,14.3,582.703125,False
1773593219.0764444,189,0,0,0,0,7.048709998343838,0.0,0.020945000869687647,4.752568229083927,9.5,582.703125,False
1773593219.2868123,190,0,0,0,0,7.122858001821442,0.0,0.021722000383306295,4.752568229083927,4.8,582.703125,False
1773593219.4970615,191,0,0,0,0,7.067228998494102,0.0,0.022000000171829015,4.755445633685797,9.5,585.203125,False
1773593219.707322,192,0,0,0,0,7.071227999404073,0.0,0.022518001060234383,4.755445633685797,9.5,585.203125,False
1773593219.9175909,193,0,0,0,0,7.079321003402583,0.0,0.02077699900837615,4.755445633685797,9.5,585.203125,False
1773593220.1278307,194,0,0,0,0,7.0421360032923985,0.0,0.02129600034095347,4.755445633685797,9.5,585.203125,False
1773593220.338162,195,0,0,0,0,7.095320997905219,0.0,0.022852000256534666,4.755445633685797,9.5,585.203125,False
1773593220.5485978,196,0,0,0,0,7.134988998586778,0.0,0.02275900260428898,4.755112452412642,4.8,585.203125,False
1773593220.758864,197,0,0,0,0,7.0960619996185414,0.0,0.022370000806404278,4.755112452412642,9.5,585.203125,False
1773593220.969201,198,0,0,0,0,7.080487997882301,0.0,0.0229439974646084,4.755112452412642,14.3,585.203125,False
1773593221.1794891,199,0,0,0,0,7.064969999191817,0.0,0.021518000721698627,4.755112452412642,4.8,585.203125,False
1773593222.0848804,200,1,1,0,0,7.0761179995315615,695.0357140012784,0.03235200347262435,2.6035822732734557,134.7,602.3125,True
1773593222.9652917,201,1,1,1,1,7.144580999010941,669.9102080019657,0.0352040005964227,2.6035822732734557,132.9,602.5625,True
1773593223.8158774,202,1,2,1,0,7.124877000023844,640.183210001851,0.03805599772022106,1.1554023333634054,134.0,607.484375,True
1773593224.7512615,203,1,1,1,0,7.190155996795511,724.8919339981512,0.03648200072348118,1.1554023333634054,136.8,612.484375,True
1773593225.6343346,204,1,1,1,0,7.200562999059912,672.6355949977005,0.03570399712771177,0.9639527564085917,133.6,611.484375,True
1773593226.473855,205,1,1,1,0,7.164822000049753,629.1809950016614,0.03620400093495846,1.23412899067541,132.2,598.09375,True
1773593227.3108094,206,1,1,1,0,7.096229001035681,626.6589240003668,0.036704001104226336,1.23412899067541,132.6,600.46875,True
1773593228.1491835,207,1,1,1,0,7.235488999867812,627.9461730009643,0.0350560003425926,1.1937975979482058,133.6,603.34375,True
1773593228.9875627,208,1,1,1,0,7.18700699871988,627.9921169989393,0.035834000300383195,1.1937975979482058,134.8,605.96875,True
1773593229.8262334,209,1,1,1,0,7.221674000902567,628.2740070018917,0.03722299879882485,1.1925696976469211,132.4,608.71875,True
1773593230.7084475,210,1,1,1,0,7.196599999588216,671.8655160002527,0.03346299854456447,1.1925696976469211,133.8,624.234375,True
1773593231.6444397,211,1,1,1,0,7.235211000079289,725.5682530012564,0.03331500192871317,1.0999851824849103,135.7,626.921875,True
1773593232.6351497,212,1,1,1,0,7.227508001960814,780.290683000203,0.03405600000405684,1.0999851824849103,139.3,624.3125,True
1773593233.62425,213,1,1,1,0,7.253932999446988,778.6690060020192,0.0338890022248961,0.9151886299654767,137.5,619.28125,True
1773593234.508183,214,1,1,1,0,7.223951000923989,673.4939150010177,0.03375900269020349,1.129264640572421,134.6,607.828125,True
1773593235.496684,215,1,1,1,0,7.165376999182627,778.0502420027915,0.03270399975008331,1.129264640572421,136.6,625.15625,True
1773593235.7071362,216,0,0,1,0,7.151394998800242,0.0,0.03174099765601568,0.9170335044975987,9.5,626.46875,False
1773593235.9174776,217,0,0,1,0,7.097729001543485,0.0,0.029795999580528587,0.9170335044975987,4.8,630.40625,False
1773593236.1280017,218,0,0,1,0,7.03978399906191,0.0,0.03046300116693601,0.9170335044975987,14.3,633.03125,False
1773593236.3383937,219,0,0,1,0,7.10309900023276,0.0,0.02959199991892092,0.9170335044975987,9.5,635.65625,False
1773593236.5488594,220,0,0,1,0,7.194804002210731,0.0,0.030554998375009745,0.9170335044975987,9.5,638.28125,False
1773593236.7592738,221,0,0,1,0,7.1063949981180485,0.0,0.029500002710847184,4.751845653475303,9.5,640.90625,False
1773593236.9696944,222,0,0,1,0,7.136469001125079,0.0,0.028943999495822936,4.751845653475303,9.5,643.53125,False
1773593237.1801317,223,0,0,1,0,7.096283999999287,0.0,0.03040699812117964,4.751845653475303,14.3,646.15625,False
1773593237.3905663,224,0,0,1,0,7.134709998354083,0.0,0.02953799776150845,4.751845653475303,4.8,648.78125,False
1773593237.6010213,225,0,0,1,0,7.161507001001155,0.0,0.031093000870896503,4.751845653475303,9.5,651.40625,False
1773593237.8114383,226,0,0,1,0,7.076858000800712,0.0,0.030203998903743923,4.752141764446359,9.5,654.03125,False
1773593238.0218391,227,0,0,1,0,7.118100002116989,0.0,0.02877799852285534,4.752141764446359,4.8,656.65625,False
1773593238.2322135,228,0,0,1,0,7.055432000925066,0.0,0.030667000828543678,4.752141764446359,14.3,659.28125,False
1773593238.4426405,229,0,0,1,0,7.13897000241559,0.0,0.030037001124583185,4.752141764446359,9.5,661.90625,False
1773593238.653099,230,0,0,1,0,7.0855799967830535,0.0,0.03251899761380628,4.752141764446359,9.5,664.53125,False
1773593238.8634465,231,0,0,0,0,7.089784001436783,0.0,0.03046300116693601,4.752682396746564,4.8,667.15625,False
1773593239.0737681,232,0,0,0,0,7.100802999048028,0.0,0.02800000220304355,4.752682396746564,9.5,669.78125,False
1773593239.2841709,233,0,0,0,0,7.123951003450202,0.0,0.02955599848064594,4.752682396746564,14.3,672.40625,False
1773593239.4945354,234,0,0,0,0,7.112524999683956,0.0,0.028832997486460954,4.752682396746564,4.8,675.03125,False
1773593239.7049036,235,0,0,0,0,7.097061999957077,0.0,0.028963000659132376,4.752682396746564,9.5,677.65625,False
1773593239.9152262,236,0,0,0,0,7.089673999871593,0.0,0.028647998988162726,4.753814676775366,4.8,680.28125,False
1773593240.1256194,237,0,0,0,0,7.138098997529596,0.0,0.030945000617066398,4.753814676775366,9.5,682.921875,False
1773593240.3360054,238,0,0,0,0,7.1069329969759565,0.0,0.029241000447655097,4.753814676775366,14.3,685.546875,False
1773593240.5464098,239,0,0,0,0,7.150042998546269,0.0,0.028944999939994887,4.753814676775366,9.5,688.171875,False
1773593240.7567616,240,0,0,0,0,7.041654000204289,0.0,0.06768599996576086,4.753814676775366,4.8,690.796875,False
1773593241.7830381,241,0,0,0,0,7.099618000211194,0.0,0.02988900087075308,4.753628260572429,81.8,630.5625,False
1773593241.9973974,242,0,0,0,0,10.805287998664426,0.0,0.03620400093495846,0.9741178416005032,9.3,591.1875,False
1773593242.210437,243,0,0,0,0,9.524707002128707,0.0,0.03474099867162295,0.9741178416005032,18.8,591.1875,False
1773593242.423637,244,0,0,0,0,9.529373000987107,0.0,0.03492600080789998,0.9741178416005032,9.4,591.1875,False
1773593242.636803,245,0,0,0,0,9.591762001946336,0.0,0.06572200072696432,0.9741178416005032,9.4,591.1875,False
1773593242.8497775,246,0,0,0,0,9.513966000668006,0.0,0.03507400106173009,0.9741178416005032,9.4,591.1875,False
1773593243.0627656,247,0,0,0,0,9.5103179992293,0.0,0.026296998839825392,4.687548475841317,9.4,591.1875,False
1773593243.2757092,248,0,0,0,0,9.475262002524687,0.0,0.024815002689138055,4.687548475841317,18.8,591.1875,False
1773593243.488738,249,0,0,0,0,9.535688001051312,0.0,0.02574099926277995,4.687548475841317,9.4,591.1875,False
1773593243.7017648,250,0,0,0,0,9.551429000566714,0.0,0.02655600110301748,4.687548475841317,9.4,591.1875,False
1773593243.914773,251,0,0,0,0,9.512872999039246,0.0,0.02494400177965872,4.687548475841317,9.4,591.1875,False
1773593244.127709,252,0,0,0,0,9.468799002206651,0.0,0.025833996915025637,4.69489428634496,9.4,591.1875,False
1773593244.3407114,253,0,0,0,0,9.459557997615775,0.0,0.025870001991279423,4.69489428634496,18.8,591.1875,False
1773593244.553813,254,0,0,0,0,9.555872999044368,0.0,0.026130001060664654,4.69489428634496,9.4,591.1875,False
1773593244.7668629,255,0,0,0,0,9.465262002777308,0.0,0.025907000235747546,4.69489428634496,9.4,591.1875,False
1773593244.979863,256,0,0,0,0,9.519557999738026,0.0,0.02677799784578383,4.69489428634496,9.4,591.1875,False
1773593245.1929443,257,0,0,0,0,9.51298500149278,0.0,0.026111996703548357,4.693963244253725,14.1,591.1875,False
1773593245.4059644,258,0,0,0,0,9.500613999989582,0.0,0.025240999093512073,4.693963244253725,14.1,591.1875,False
1773593245.619031,259,0,0,0,0,9.503725999820745,0.0,0.029703998734476045,4.693963244253725,14.1,591.1875,False
1773593245.8320947,260,0,0,0,0,9.53092899726471,0.0,0.02711200068006292,4.693963244253725,9.4,591.1875,False
1773593246.0451372,261,0,0,0,0,9.52229900212842,0.0,0.026425997930346057,4.693963244253725,9.4,591.1875,False
1773593246.258201,262,0,0,0,0,9.552930001518689,0.0,0.025591998564777896,4.6938497790447,9.4,591.1875,False
1773593246.4712186,263,0,0,0,0,9.527353999146726,0.0,0.02522200156818144,4.6938497790447,18.8,591.1875,False
1773593246.684213,264,0,0,0,0,9.493039997323649,0.0,0.025388999347342178,4.6938497790447,4.7,591.1875,False
1773593246.8972237,265,0,0,0,0,9.525892000965541,0.0,0.025295998057117686,4.6938497790447,14.1,591.1875,False
1773593247.110225,266,0,0,0,0,9.537818001263076,0.0,0.02601800224510953,4.6938497790447,9.4,591.1875,False
1773593247.3232648,267,0,0,0,0,9.497965998889413,0.0,0.025871002435451373,4.694392990930875,9.4,591.1875,False
1773593247.5364017,268,0,0,0,0,9.64165199911804,0.0,0.026648998755263165,4.694392990930875,18.8,591.1875,False
1773593247.7495296,269,0,0,0,0,9.562483999616234,0.0,0.02624099943204783,4.694392990930875,9.4,591.1875,False
1773593247.9625392,270,0,0,0,0,9.549076999974204,0.0,0.02626000059535727,4.694392990930875,9.4,591.1875,False
1773593248.175606,271,0,0,0,0,9.550448001391487,0.0,0.02623999898787588,4.694392990930875,9.4,591.1875,False
1773593248.388715,272,0,0,0,0,9.59452200186206,0.0,0.026204001187579706,4.693460046823774,9.4,591.1875,False
1773593248.6018972,273,0,0,0,0,9.705912001663819,0.0,0.02459299867041409,4.693460046823774,18.8,591.1875,False
1773593248.8150165,274,0,0,0,0,9.638930001528934,0.0,0.025240999093512073,4.693460046823774,9.4,591.1875,False
1773593249.0280883,275,0,0,0,0,9.583706996636465,0.0,0.0256669991358649,4.693460046823774,9.4,591.1875,False
1773593249.2412567,276,0,0,0,0,9.677410998847336,0.0,0.02535199746489525,4.693460046823774,9.4,591.1875,False
1773593249.454448,277,0,0,0,0,9.632151999539929,0.0,0.02603699977044016,4.691913311718239,9.4,591.1875,False
1773593250.6483305,278,1,1,0,0,9.663541000918485,980.7429319989751,0.03227799970773049,1.5326621753492045,143.2,606.96875,True
1773593250.858648,279,0,0,0,0,7.129692003218224,0.0,0.029740996978944167,1.5326621753492045,9.5,606.96875,False
1773593251.069035,280,0,0,0,0,7.13522899968666,0.0,0.030462997528957203,1.5326621753492045,9.5,606.96875,False
1773593251.279343,281,0,0,0,0,7.119025998690631,0.0,0.031055998988449574,1.5326621753492045,4.8,606.96875,False
1773593251.4897418,282,0,0,0,0,7.152303001930704,0.0,0.0307039990730118,1.5326621753492045,9.5,606.96875,False
1773593251.700017,283,0,0,0,0,7.064820998493815,0.0,0.030462997528957203,4.7544720991433955,14.3,606.96875,False
1773593251.910326,284,0,0,0,0,7.084821001626551,0.0,0.03170300260535441,4.7544720991433955,4.8,606.96875,False
1773593252.1207433,285,0,0,0,0,7.103747000655858,0.0,0.062371000240091234,4.7544720991433955,9.5,606.96875,False
1773593252.3309643,286,0,0,0,0,7.0858770013728645,0.0,0.021592997654806823,4.7544720991433955,9.5,606.96875,False
1773593252.5413363,287,0,0,0,0,7.137913999031298,0.0,0.0220929978240747,4.7544720991433955,4.8,606.96875,False
1773593252.7516103,288,0,0,0,0,7.076562000293052,0.0,0.022037002054275945,4.754683375095336,14.3,606.984375,False
1773593252.9618633,289,0,0,0,0,7.066543999826536,0.0,0.022796000848757103,4.754683375095336,9.5,606.984375,False
1773593253.1721663,290,0,0,0,0,7.061264997901162,0.0,0.022093001462053508,4.754683375095336,4.8,606.984375,False
1773593253.3824134,291,0,0,0,0,7.077914000547025,0.0,0.021833002392668277,4.754683375095336,9.5,606.984375,False
1773593253.5927427,292,0,0,0,0,7.0891180002945475,0.0,0.02159200084861368,4.754683375095336,4.8,606.984375,False
1773593253.8029847,293,0,0,0,0,7.055840000248281,0.0,0.022055999579606578,4.755679643265974,14.3,607.0,False
1773593254.0132356,294,0,0,0,0,7.086302000971045,0.0,0.021796000510221347,4.755679643265974,9.5,607.0,False
1773593254.2234707,295,0,0,0,0,7.082117997924797,0.0,0.02242700065835379,4.755679643265974,4.8,607.0,False
1773593254.4336946,296,0,0,0,0,7.095709999703104,0.0,0.022037002054275945,4.755679643265974,9.5,607.0,False
1773593254.6439686,297,0,0,0,0,7.061079999402864,0.0,0.022315001842798665,4.755679643265974,4.8,607.0,False
1773593254.8558438,298,0,0,0,0,8.58797799810418,0.0,0.024297001800732687,4.749138219571372,14.2,607.0,False
1773593255.068766,299,0,0,0,0,9.490631997323362,0.0,0.025371002266183496,4.749138219571372,9.4,607.0,False
1773593255.2817764,300,0,0,0,0,9.537428999465192,0.0,0.025017998268594965,4.749138219571372,9.4,607.0,False
1773593255.4947174,301,0,0,0,0,9.487243998592021,0.0,0.02629599839565344,4.749138219571372,9.4,607.0,False
1773593255.7077763,302,0,0,0,0,9.544522003125167,0.0,0.026426001568324864,4.749138219571372,9.4,607.0,False
1773593255.9208179,303,0,0,0,0,9.486373000981985,0.0,0.05679700188920833,4.695002546580027,18.8,607.0,False
1773593256.1339612,304,0,0,0,0,9.559613998135319,0.0,0.02429699816275388,4.695002546580027,9.4,607.0,False
1773593256.3469307,305,0,0,0,0,9.503892000793712,0.0,0.026241003070026636,4.695002546580027,9.4,607.0,False
1773593256.559997,306,0,0,0,0,9.563800002069911,0.0,0.026444002287462354,4.695002546580027,9.4,607.0,False
1773593256.773025,307,0,0,0,0,9.531503001198871,0.0,0.02570400101831183,4.695002546580027,14.1,607.0,False
1773593256.9859934,308,0,0,0,0,9.525724999548402,0.0,0.025352001102874056,4.694050448096004,14.1,607.0,False
1773593257.1989608,309,0,0,0,0,9.50720699984231,0.0,0.0262039975496009,4.694050448096004,9.4,607.0,False
1773593257.4119089,310,0,0,0,0,9.504003002803074,0.0,0.025722001737449318,4.694050448096004,14.1,607.0,False
1773593257.624983,311,0,0,0,0,9.612911002477631,0.0,0.025018998712766916,4.694050448096004,9.4,607.0,False
1773593257.8380342,312,0,0,0,0,9.542391999275424,0.0,0.024184999347198755,4.694050448096004,14.1,607.0,False
1773593258.0510156,313,0,0,0,0,9.499651001533493,0.0,0.02522200156818144,4.694753450404879,14.1,607.0,False
1773593258.263986,314,0,0,0,0,9.523392000119202,0.0,0.025814999389695004,4.694753450404879,14.1,607.0,False
1773593258.4771485,315,0,0,0,0,9.569022000505356,0.0,0.02570400101831183,4.694753450404879,9.4,607.0,False
1773593258.6903477,316,0,0,0,0,9.666319001553347,0.0,0.02550000135670416,4.694753450404879,9.4,607.0,False
1773593258.9034674,317,0,0,0,0,9.571151000272948,0.0,0.026666999474400654,4.694753450404879,9.4,607.0,False
1773593259.1165447,318,0,0,0,0,9.585522002453217,0.0,0.025592999008949846,4.69263247446706,18.8,607.0,False
1773593259.329643,319,0,0,0,0,9.643966001021909,0.0,0.0248889991780743,4.69263247446706,4.7,607.0,False
1773593259.5428274,320,0,0,0,0,9.68341100087855,0.0,0.025240999093512073,4.69263247446706,9.4,607.0,False
1773593259.7558756,321,0,0,0,0,9.580892001395114,0.0,0.024704000679776073,4.69263247446706,9.4,607.015625,False
1773593259.9690564,322,0,0,0,0,9.626244001992745,0.0,0.02514799780328758,4.69263247446706,14.1,607.015625,False
1773593260.1821594,323,0,0,0,0,9.612614001525799,0.0,0.026462999812792987,4.692031932142519,14.1,607.015625,False
1773593260.3952339,324,0,0,0,0,9.590539997589076,0.0,0.025278000975959003,4.692031932142519,9.4,607.015625,False
1773593261.568192,325,1,1,0,0,9.620706998248352,959.9510820007708,0.031611998565495014,1.442885617117424,143.2,606.09375,True
1773593261.778533,326,0,0,0,0,7.149729997763643,0.0,0.029797000024700537,1.442885617117424,9.5,606.09375,False
1773593261.9888084,327,0,0,0,0,7.1245809995161835,0.0,0.029703998734476045,1.442885617117424,9.5,606.09375,False
1773593262.1990812,328,0,0,0,0,7.116969001799589,0.0,0.028907998057547957,1.442885617117424,9.5,606.09375,False
1773593262.4093015,329,0,0,0,0,7.0728770006098785,0.0,0.029556002118624747,1.442885617117424,9.5,606.09375,False
1773593262.61954,330,0,0,0,0,7.065598998451605,0.0,0.030629998946096748,4.7559546609173,4.8,606.09375,False
1773593262.8297625,331,0,0,0,0,7.068783997965511,0.0,0.0307039990730118,4.7559546609173,9.5,606.09375,False
1773593263.0401282,332,0,0,0,0,7.081357998686144,0.0,0.03342600030009635,4.7559546609173,4.8,606.09375,False
1773593263.2501605,333,0,0,0,0,6.844579998869449,0.0,0.019110997527604923,4.7559546609173,14.3,606.09375,False
1773593263.4600523,334,0,0,0,0,6.768690000171773,0.0,0.01964799957931973,4.7559546609173,9.5,606.09375,False
1773593263.6700037,335,0,0,0,0,6.810337999922922,0.0,0.01964799957931973,4.759765038530422,4.8,606.09375,False
1773593263.8799295,336,0,0,0,0,6.806264002079843,0.0,0.019333001546328887,4.759765038530422,9.5,606.09375,False
1773593264.0899096,337,0,0,0,0,6.831671998952515,0.0,0.02016700091189705,4.759765038530422,9.5,606.09375,False
1773593264.2997468,338,0,0,0,0,6.729985998390475,0.0,0.018980997992912307,4.759765038530422,14.3,606.09375,False
1773593264.5096793,339,0,0,0,0,6.800596998800756,0.0,0.018945000192616135,4.759765038530422,4.8,606.09375,False
1773593264.71959,340,0,0,0,0,6.76450399987516,0.0,0.019593000615714118,4.763781709676159,9.5,606.09375,False
1773593264.9295816,341,0,0,0,0,6.836966997070704,0.0,0.019758997950702906,4.763781709676159,4.8,606.09375,False
1773593265.1395643,342,0,0,0,0,6.811522998759756,0.0,0.019592000171542168,4.763781709676159,9.5,606.09375,False
1773593265.3496425,343,0,0,0,0,6.852061000245158,0.0,0.018981998437084258,4.763781709676159,14.3,606.09375,False
1773593265.559604,344,0,0,0,0,6.753226000000723,0.0,0.019204002455808222,4.763781709676159,4.8,606.09375,False
1773593265.7713063,345,0,0,0,0,8.508181999786757,0.0,0.023444001271855086,4.754331977490992,9.4,606.09375,False
1773593265.9841793,346,0,0,0,0,9.474058999330737,0.0,0.02651899922057055,4.754331977490992,9.4,606.09375,False
1773593266.1971397,347,0,0,0,0,9.453613001824124,0.0,0.025203997211065143,4.754331977490992,9.4,606.09375,False
1773593266.4100971,348,0,0,0,0,9.440391000680393,0.0,0.024760000087553635,4.754331977490992,18.8,606.09375,False
1773593266.623083,349,0,0,0,0,9.51435399838374,0.0,0.024834000214468688,4.754331977490992,9.4,606.09375,False
1773593266.8360398,350,0,0,0,0,9.43155799905071,0.0,0.024741002562223002,4.696092784664035,9.4,606.09375,False
1773593267.0490718,351,0,0,0,0,9.498150000581518,0.0,0.025499997718725353,4.696092784664035,9.4,606.09375,False
1773593267.262002,352,0,0,0,0,9.47803999952157,0.0,0.02662900078576058,4.696092784664035,9.4,606.09375,False
1773593267.4749691,353,0,0,0,0,9.474853999563493,0.0,0.02546299947425723,4.696092784664035,18.8,606.09375,False
1773593267.687909,354,0,0,0,0,9.487262002949137,0.0,0.025573997845640406,4.696092784664035,9.4,606.09375,False
1773593267.9010062,355,0,0,0,0,9.466854000493186,0.0,0.024704000679776073,4.694973116119067,9.4,606.09375,False
1773593268.1139479,356,0,0,0,0,9.492761997535126,0.0,0.02518600012990646,4.694973116119067,14.1,606.09375,False
1773593268.3268785,357,0,0,0,0,9.459225002501626,0.0,0.02603699977044016,4.694973116119067,9.4,606.09375,False
1773593268.5399067,358,0,0,0,0,9.563687999616377,0.0,0.024834000214468688,4.694973116119067,14.1,606.09375,False
1773593268.7530055,359,0,0,0,0,9.549374000926036,0.0,0.025407000066479668,4.694973116119067,9.4,606.09375,False
1773593268.9659085,360,0,0,0,0,9.462465000979137,0.0,0.024556000425945967,4.695273744620249,9.4,606.09375,False
1773593269.1788402,361,0,0,0,0,9.474057998886565,0.0,0.025444001948926598,4.695273744620249,9.4,606.09375,False
1773593269.3917646,362,0,0,0,0,9.498724997683894,0.0,0.025148001441266388,4.695273744620249,9.4,606.09375,False
1773593269.6049461,363,0,0,0,0,9.628299998439616,0.0,0.025296001695096493,4.695273744620249,18.8,606.09375,False
1773593269.8179524,364,0,0,0,0,9.569965997798136,0.0,0.024666998797329143,4.695273744620249,9.4,606.09375,False
1773593270.030944,365,0,0,0,0,9.536300000036135,0.0,0.024556000425945967,4.694700901845553,9.4,606.09375,False
1773593270.2440133,366,0,0,0,0,9.54650299900095,0.0,0.025389002985320985,4.694700901845553,14.1,606.09375,False
1773593270.4571648,367,0,0,0,0,9.606763000192586,0.0,0.024796001525828615,4.694700901845553,9.4,606.09375,False
1773593270.6702604,368,0,0,0,0,9.628633000829723,0.0,0.02546299947425723,4.694700901845553,14.1,606.09375,False
1773593270.8832705,369,0,0,0,0,9.549021000566427,0.0,0.025037999876076356,4.694700901845553,9.4,606.09375,False
1773593271.0963407,370,0,0,0,0,9.594539998943219,0.0,0.02516699896659702,4.693111338625848,14.1,606.09375,False
1773593271.3093612,371,0,0,0,0,9.538188001897652,0.0,0.024796001525828615,4.693111338625848,9.4,606.09375,False
1773593271.5226097,372,0,0,0,0,9.58176299900515,0.0,0.02575899998191744,4.693111338625848,9.4,606.09375,False
1773593271.735574,373,0,0,0,0,9.378168000694131,0.0,0.025500998162897304,4.693111338625848,18.8,606.09375,False
1773593271.948699,374,0,0,0,0,9.53263299743412,0.0,0.025592002202756703,4.693111338625848,9.4,606.09375,False
1773593272.1617105,375,0,0,0,0,9.491837001405656,0.0,0.02626000059535727,4.693244723895186,9.4,606.109375,False
1773593272.3747346,376,0,0,0,0,9.436465999897337,0.0,0.025556000764481723,4.693244723895186,9.4,606.109375,False
1773593272.5879657,377,0,0,0,0,9.45900199803873,0.0,0.02735199814196676,4.693244723895186,9.4,606.109375,False
1773593272.8009102,378,0,0,0,0,9.34624300134601,0.0,0.024778000806691125,4.693244723895186,18.8,606.109375,False
1773593273.0139937,379,0,0,0,0,9.529114002361894,0.0,0.025795998226385564,4.693244723895186,9.4,606.109375,False
1773593273.2269561,380,0,0,0,0,9.495428002992412,0.0,0.025556000764481723,4.693747875153118,9.4,606.109375,False
1773593273.44007,381,0,0,0,0,9.467039002629463,0.0,0.02598200080683455,4.693747875153118,9.4,606.109375,False
1773593273.6531253,382,0,0,0,0,9.56413300082204,0.0,0.026110999897355214,4.693747875153118,9.4,606.109375,False
1773593273.8660896,383,0,0,0,0,9.488465999311302,0.0,0.02494500222383067,4.693747875153118,18.8,606.109375,False
1773593274.0790536,384,0,0,0,0,9.4891139997344,0.0,0.024722001398913562,4.693747875153118,9.4,606.109375,False
1773593274.2920065,385,0,0,0,0,9.476335999352159,0.0,0.02572299854364246,4.694624183061403,9.4,606.109375,False
1773593274.505021,386,0,0,0,0,9.499354997387854,0.0,0.025575001927791163,4.694624183061403,9.4,606.109375,False
1773593274.7179854,387,0,0,0,0,9.483095000177855,0.0,0.026185000024270266,4.694624183061403,9.4,606.109375,False
1773593274.9309459,388,0,0,0,0,9.478650998062221,0.0,0.025297002139268443,4.694624183061403,18.8,606.109375,False
1773593275.1439044,389,0,0,0,0,9.486947001278168,0.0,0.025536999601172283,4.694624183061403,9.4,606.109375,False
1773593275.356935,390,0,0,0,0,9.480020999035332,0.0,0.02574099926277995,4.695147602099746,9.4,606.109375,False
1773593275.5699947,391,0,0,0,0,9.569484998792177,0.0,0.026906996936304495,4.695147602099746,9.4,606.109375,False
1773593275.7830472,392,0,0,0,0,9.48068800062174,0.0,0.027239999326411635,4.695147602099746,9.4,606.125,False
1773593275.9961386,393,0,0,0,0,9.517761998722563,0.0,0.026186000468442217,4.695147602099746,18.8,606.125,False
1773593276.2092466,394,0,0,0,0,9.613466998416698,0.0,0.025945002562366426,4.695147602099746,9.4,606.125,False
1773593276.4223032,395,0,0,0,0,9.487094997894019,0.0,0.027037000108975917,4.693232120238292,9.4,606.125,False
1773593276.6352632,396,0,0,0,0,9.47476199871744,0.0,0.026112000341527164,4.693232120238292,9.4,606.125,False
1773593276.8482466,397,0,0,0,0,9.49596600185032,0.0,0.02516699896659702,4.693232120238292,14.1,606.125,False
1773593277.0613308,398,0,0,0,0,9.551374001603108,0.0,0.025240999093512073,4.693232120238292,14.1,606.125,False
1773593277.2743626,399,0,0,0,0,9.472816997003974,0.0,0.026833997253561392,4.693232120238292,9.4,606.125,False
1773593277.4873903,400,0,0,0,0,9.479465999902459,0.0,0.025536999601172283,4.694468651303264,14.1,606.125,False
1773593277.7004645,401,0,0,0,0,9.545168999466114,0.0,0.02629599839565344,4.694468651303264,9.4,606.125,False
1773593277.9134214,402,0,0,0,0,9.474261998548172,0.0,0.02548100019339472,4.694468651303264,9.4,606.125,False
1773593278.126412,403,0,0,0,0,9.486391001701122,0.0,0.02570399738033302,4.694468651303264,18.8,606.125,False
1773593278.339401,404,0,0,0,0,9.428187997400528,0.0,0.026407997211208567,4.694468651303264,9.4,606.125,False
1773593278.5523937,405,0,0,0,0,9.50924399876385,0.0,0.027056001272285357,4.6948280713803925,9.4,606.140625,False
1773593278.7653844,406,0,0,0,0,9.499613999651046,0.0,0.02663000122993253,4.6948280713803925,9.4,606.140625,False
1773593278.9784474,407,0,0,0,0,9.475075999944238,0.0,0.02564799797255546,4.6948280713803925,9.4,606.140625,False
1773593279.1913717,408,0,0,0,0,9.436855001695221,0.0,0.025426001229789108,4.6948280713803925,18.8,606.140625,False
1773593279.4043531,409,0,0,0,0,9.478464999119751,0.0,0.024556000425945967,4.6948280713803925,9.4,606.140625,False
1773593279.617412,410,0,0,0,0,9.546372999466257,0.0,0.02570400101831183,4.6947366347379065,9.4,606.140625,False
1773593279.8303514,411,0,0,0,0,9.4677250017412,0.0,0.026204001187579706,4.6947366347379065,9.4,606.140625,False
1773593280.0434256,412,0,0,0,0,9.53528099853429,0.0,0.025055000151041895,4.6947366347379065,9.4,606.140625,False
1773593280.256364,413,0,0,0,0,9.464964998187497,0.0,0.025000001187436283,4.6947366347379065,18.8,606.140625,False
1773593280.46945,414,0,0,0,0,9.584541003277991,0.0,0.02550000135670416,4.6947366347379065,9.4,606.140625,False
1773593280.682461,415,0,0,0,0,9.506132002570666,0.0,0.02607400165288709,4.694611571994384,9.4,606.140625,False
1773593280.895361,416,0,0,0,0,9.429835998162162,0.0,0.026481000531930476,4.694611571994384,9.4,606.140625,False
1773593281.1083016,417,0,0,0,0,9.454854000068735,0.0,0.025648001610534266,4.694611571994384,9.4,606.140625,False
1773593281.3213458,418,0,0,0,0,9.52481800050009,0.0,0.026073998014908284,4.694611571994384,18.8,606.140625,False
1773593281.5343432,419,0,0,0,0,9.49081699945964,0.0,0.02679599856492132,4.694611571994384,9.4,606.140625,False
1773593281.7473276,420,0,0,0,0,9.46679900152958,0.0,0.026926001737592742,4.69548084328933,9.4,606.140625,False
1773593281.9605505,421,0,0,0,0,9.548780999466544,0.0,0.026296998839825392,4.69548084328933,9.4,606.140625,False
1773593282.1735156,422,0,0,0,0,9.489984000538243,0.0,0.027722999220713973,4.69548084328933,9.4,606.140625,False
1773593282.3865302,423,0,0,0,0,9.52168799994979,0.0,0.025759996788110584,4.69548084328933,18.8,606.140625,False
1773593282.5994706,424,0,0,0,0,9.45616900207824,0.0,0.02609300281619653,4.69548084328933,9.4,606.140625,False
1773593282.8125324,425,0,0,0,0,9.565595999447396,0.0,0.024128999939421192,4.693987408849349,9.4,606.140625,False
1773593283.0255058,426,0,0,0,0,9.481540000706445,0.0,0.022611002350458875,4.693987408849349,9.4,606.140625,False
1773593283.2385628,427,0,0,0,0,9.55255799999577,0.0,0.024999997549457476,4.693987408849349,9.4,606.140625,False
1773593283.4516098,428,0,0,0,0,9.586170002876315,0.0,0.02579600186436437,4.693987408849349,18.8,606.140625,False
1773593283.6647692,429,0,0,0,0,9.670226001617266,0.0,0.02492600106052123,4.693987408849349,14.1,606.140625,False
1773593283.8778145,430,0,0,0,0,9.58502199864597,0.0,0.024684999516466632,4.693558786871253,9.4,606.140625,False
1773593284.0908046,431,0,0,0,0,9.544076998281525,0.0,0.024647997634019703,4.693558786871253,9.4,606.140625,False
1773593284.303862,432,0,0,0,0,9.5717619988136,0.0,0.025075001758523285,4.693558786871253,9.4,606.140625,False
1773593284.5165787,433,0,0,0,0,9.07312900017132,0.0,0.024536999262636527,4.693558786871253,18.8,606.140625,False
1773593284.7296665,434,0,0,0,0,9.589872999640647,0.0,0.025240999093512073,4.693558786871253,9.4,606.140625,False
1773593284.9426935,435,0,0,0,0,9.566873999574455,0.0,0.025037003069883212,4.695342074648961,9.4,606.140625,False
1773593285.1557944,436,0,0,0,0,9.636392998800147,0.0,0.0235740008065477,4.695342074648961,9.4,606.140625,False
1773593285.368843,437,0,0,0,0,9.606225001334678,0.0,0.024777997168712318,4.695342074648961,9.4,606.140625,False
1773593285.5819383,438,0,0,0,0,9.662947999458993,0.0,0.024666998797329143,4.695342074648961,18.8,606.140625,False
1773593285.7949677,439,0,0,0,0,9.53404100073385,0.0,0.024852000933606178,4.695342074648961,9.4,606.140625,False
1773593286.00796,440,0,0,0,0,9.546503002638929,0.0,0.025612000172259286,4.693705854218289,9.4,606.140625,False
1773593286.2209907,441,0,0,0,0,9.53761399796349,0.0,0.023814998712623492,4.693705854218289,9.4,606.140625,False
1773593286.4340363,442,0,0,0,0,9.606689000065671,0.0,0.025000001187436283,4.693705854218289,9.4,606.140625,False
1773593286.6471007,443,0,0,0,0,9.53370700153755,0.0,0.02570399738033302,4.693705854218289,18.8,606.140625,False
1773593286.86011,444,0,0,0,0,9.498483999777818,0.0,0.025369998184032738,4.693705854218289,9.4,606.140625,False
1773593287.0732095,445,0,0,0,0,9.530929000902688,0.0,0.02603699977044016,4.693738420377182,9.4,606.140625,False
1773593287.2861383,446,0,0,0,0,9.490168999036541,0.0,0.0255190025200136,4.693738420377182,9.4,606.140625,False
1773593287.4991314,447,0,0,0,0,9.532410000247182,0.0,0.026425997930346057,4.693738420377182,9.4,606.140625,False
1773593287.7121434,448,0,0,0,0,9.518205999484053,0.0,0.02709199907258153,4.693738420377182,18.8,606.140625,False
1773593287.925243,449,0,0,0,0,9.603022001101635,0.0,0.02514899824745953,4.693738420377182,9.4,606.140625,False
1773593288.1382163,450,0,0,0,0,9.528353999485262,0.0,0.025388999347342178,4.694784980105136,9.4,606.140625,False
1773593288.3511314,451,0,0,0,0,9.476983999775257,0.0,0.025260000256821513,4.694784980105136,14.1,606.140625,False
1773593288.5640726,452,0,0,0,0,9.49222499912139,0.0,0.02496300294296816,4.694784980105136,9.4,606.140625,False
1773593288.7770648,453,0,0,0,0,9.488742998655653,0.0,0.025722001737449318,4.694784980105136,14.1,606.140625,False
1773593288.9900546,454,0,0,0,0,9.55539200003841,0.0,0.025481996999587864,4.694784980105136,9.4,606.140625,False
1773593289.2029655,455,0,0,0,0,9.478781001234893,0.0,0.024982000468298793,4.695959237460156,14.1,606.140625,False
1773593289.4159267,456,0,0,0,0,9.505373000138206,0.0,0.024758999643381685,4.695959237460156,9.4,606.140625,False
1773593289.6289392,457,0,0,0,0,9.509577001153957,0.0,0.024482000299030915,4.695959237460156,9.4,606.140625,False
1773593289.841957,458,0,0,0,0,9.530076997180004,0.0,0.025388999347342178,4.695959237460156,18.8,606.140625,False
1773593290.0548892,459,0,0,0,0,9.49124300313997,0.0,0.02546299947425723,4.695959237460156,9.4,606.140625,False
1773593290.2678378,460,0,0,0,0,9.463779999350663,0.0,0.025630000891396776,4.695441945191574,9.4,606.15625,False
1773593290.4807389,461,0,0,0,0,9.427483997569652,0.0,0.024943998141679913,4.695441945191574,4.7,606.15625,False
1773593290.6937935,462,0,0,0,0,9.502946999418782,0.0,0.024982000468298793,4.695441945191574,9.4,606.15625,False
1773593290.9066944,463,0,0,0,0,9.464205999393016,0.0,0.02494500222383067,4.695441945191574,18.8,606.171875,False
1773593291.1197047,464,0,0,0,0,9.552781000820687,0.0,0.02600000152597204,4.695441945191574,9.4,606.171875,False
1773593291.3328621,465,0,0,0,0,9.553410996886669,0.0,0.025612000172259286,4.695205416580285,9.4,606.171875,False
1773593291.5459082,466,0,0,0,0,9.593391998350853,0.0,0.024426000891253352,4.695205416580285,9.4,606.171875,False
1773593291.7588463,467,0,0,0,0,9.473594996961765,0.0,0.02568499985500239,4.695205416580285,9.4,606.171875,False
1773593291.9717572,468,0,0,0,0,9.454705999814905,0.0,0.025036999431904405,4.695205416580285,18.8,606.171875,False
1773593292.1847649,469,0,0,0,0,9.48892799715395,0.0,0.02603699977044016,4.695205416580285,9.4,606.171875,False
1773593292.3977218,470,0,0,0,0,9.466650997637771,0.0,0.024426000891253352,4.695293717807553,9.4,606.171875,False
1773593292.6106606,471,0,0,0,0,9.482927998760715,0.0,0.02463000055286102,4.695293717807553,14.1,606.171875,False
1773593292.8235958,472,0,0,0,0,9.467798998230137,0.0,0.024388999008806422,4.695293717807553,9.4,606.171875,False
1773593293.0360858,473,0,0,0,0,8.981333001429448,0.0,0.025074001314351335,4.695293717807553,18.8,606.171875,False
1773593293.248989,474,0,0,0,0,9.480946999246953,0.0,0.02516699896659702,4.695293717807553,9.4,606.171875,False
1773593293.4620168,475,0,0,0,0,9.580539997841697,0.0,0.02605500048957765,4.697965348240284,9.4,606.171875,False
1773593293.6750562,476,0,0,0,0,9.580428999470314,0.0,0.02657400182215497,4.697965348240284,9.4,606.171875,False
1773593293.8879728,477,0,0,0,0,9.457502997975098,0.0,0.02624099943204783,4.697965348240284,9.4,606.171875,False
1773593294.1009436,478,0,0,0,0,9.488298997894162,0.0,0.0243520007643383,4.697965348240284,18.8,606.171875,False
1773593294.3139615,479,0,0,0,0,9.533133001241367,0.0,0.025092998839681968,4.697965348240284,9.4,606.171875,False
1773593294.5269728,480,0,0,0,0,9.501225002168212,0.0,0.024852000933606178,4.695051948540408,9.4,606.171875,False
1773593294.739984,481,0,0,0,0,9.500206000666367,0.0,0.02546399991842918,4.695051948540408,9.4,606.171875,False
1773593294.9528866,482,0,0,0,0,9.466686999076046,0.0,0.02603699977044016,4.695051948540408,9.4,606.171875,False
1773593295.165946,483,0,0,0,0,9.628095998778008,0.0,0.02459299867041409,4.695051948540408,18.8,606.171875,False
1773593295.3788898,484,0,0,0,0,9.434816998691531,0.0,0.024148001102730632,4.695051948540408,9.4,606.171875,False
1773593295.591819,485,0,0,0,0,9.48424300077022,0.0,0.024315002519870177,4.6955176393803795,9.4,606.171875,False
1773593295.8049521,486,0,0,0,0,9.615410999685992,0.0,0.024796998332021758,4.6955176393803795,9.4,606.171875,False
1773593296.0181231,487,0,0,0,0,9.587745000317227,0.0,0.024462999135721475,4.6955176393803795,9.4,606.171875,False
1773593296.2312148,488,0,0,0,0,9.597708001820138,0.0,0.025795998226385564,4.6955176393803795,18.8,606.171875,False
1773593296.4442046,489,0,0,0,0,9.496131999185309,0.0,0.025074001314351335,4.6955176393803795,9.4,606.171875,False
1773593296.6573544,490,0,0,0,0,9.560559003148228,0.0,0.026130001060664654,4.692477074648386,9.4,606.171875,False
1773593296.8704257,491,0,0,0,0,9.59578100082581,0.0,0.025036999431904405,4.692477074648386,9.4,606.171875,False
1773593297.083402,492,0,0,0,0,9.484835998591734,0.0,0.024259999918285757,4.692477074648386,14.1,606.171875,False
1773593297.2965982,493,0,0,0,0,9.615225000743521,0.0,0.025148001441266388,4.692477074648386,18.8,606.171875,False
1773593297.5096083,494,0,0,0,0,9.604503997252323,0.0,0.024684999516466632,4.692477074648386,9.4,606.171875,False
1773593297.7227376,495,0,0,0,0,9.57083699904615,0.0,0.026333997084293514,4.693164901878115,9.4,606.171875,False
1773593297.93572,496,0,0,0,0,9.541447001538472,0.0,0.024666998797329143,4.693164901878115,9.4,606.171875,False
1773593298.1488595,497,0,0,0,0,9.621096000046236,0.0,0.026166999305132776,4.693164901878115,9.4,606.171875,False
1773593298.3619266,498,0,0,0,0,9.550910999678308,0.0,0.024721997760934755,4.693164901878115,18.8,606.171875,False
1773593298.574921,499,0,0,0,0,9.57454000308644,0.0,0.02548200063756667,4.693164901878115,9.4,606.171875,False
1773593298.7878747,500,0,0,0,0,9.485410002525896,0.0,0.02464900171617046,4.694252185064138,9.4,606.171875,False
1773593299.0009022,501,0,0,0,0,9.49783599935472,0.0,0.025000001187436283,4.694252185064138,9.4,606.171875,False
1773593299.2138474,502,0,0,0,0,9.518761999061098,0.0,0.025148001441266388,4.694252185064138,9.4,606.171875,False
1773593299.4267597,503,0,0,0,0,9.45354000214138,0.0,0.026092999178217724,4.694252185064138,18.8,606.171875,False
1773593299.6396692,504,0,0,0,0,9.418001998710679,0.0,0.02661100006662309,4.694252185064138,9.4,606.171875,False
1773593299.8527625,505,0,0,0,0,9.462373000133084,0.0,0.025499997718725353,4.695457714612988,9.4,606.171875,False
1773593300.0656724,506,0,0,0,0,9.490780998021364,0.0,0.024684999516466632,4.695457714612988,9.4,606.171875,False
1773593300.2785747,507,0,0,0,0,9.468614000070374,0.0,0.02600000152597204,4.695457714612988,9.4,606.171875,False
1773593300.491517,508,0,0,0,0,9.481707002123585,0.0,0.026277997676515952,4.695457714612988,18.8,606.171875,False
1773593300.7044315,509,0,0,0,0,9.443390998058021,0.0,0.025834000553004444,4.695457714612988,9.4,606.171875,False
1773593300.9174125,510,0,0,0,0,9.546318000502652,0.0,0.026407000405015424,4.69625578563874,9.4,606.171875,False
1773593301.1304338,511,0,0,0,0,9.481039000093006,0.0,0.025630000891396776,4.69625578563874,9.4,606.171875,False
1773593301.3433797,512,0,0,0,0,9.5126509986585,0.0,0.02431499888189137,4.69625578563874,9.4,606.171875,False
1773593301.556334,513,0,0,0,0,9.382946998812258,0.0,0.024795997887849808,4.69625578563874,18.8,606.171875,False
1773593301.7693126,514,0,0,0,0,9.482150999247096,0.0,0.026648998755263165,4.69625578563874,9.4,606.171875,False
1773593301.9822185,515,0,0,0,0,9.4574470022053,0.0,0.025036999431904405,4.695696371454833,9.4,606.171875,False
1773593302.1951573,516,0,0,0,0,9.463761001825333,0.0,0.02544499875511974,4.695696371454833,9.4,606.171875,False
1773593302.4080615,517,0,0,0,0,9.455891999095911,0.0,0.025408000510651618,4.695696371454833,9.4,606.171875,False
1773593302.621179,518,0,0,0,0,9.429427998838946,0.0,0.024611003027530387,4.695696371454833,18.8,606.171875,False
1773593302.8341453,519,0,0,0,0,9.51326200083713,0.0,0.02626000059535727,4.695696371454833,9.4,606.1875,False
1773593303.0471315,520,0,0,0,0,9.521485000732355,0.0,0.025130000722128898,4.695274795836397,9.4,606.1875,False
1773593303.2601323,521,0,0,0,0,9.521170002699364,0.0,0.02594499892438762,4.695274795836397,9.4,606.1875,False
1773593303.4731712,522,0,0,0,0,9.562429000652628,0.0,0.026166999305132776,4.695274795836397,9.4,606.1875,False
1773593303.6861303,523,0,0,0,0,9.479484000621596,0.0,0.025240999093512073,4.695274795836397,18.8,606.1875,False
1773593303.8990498,524,0,0,0,0,9.43729799837456,0.0,0.02626000059535727,4.695274795836397,9.4,606.1875,False
1773593304.1120095,525,0,0,0,0,9.486225000728155,0.0,0.026629997591953725,4.695388329951048,9.4,606.1875,False
1773593304.3250096,526,0,0,0,0,9.505353998974897,0.0,0.025296998501289636,4.695388329951048,14.1,606.1875,False
1773593304.5379694,527,0,0,0,0,9.489872998528881,0.0,0.026388999685877934,4.695388329951048,9.4,606.1875,False
1773593304.750459,528,0,0,0,0,9.009813999000471,0.0,0.02463000055286102,4.695388329951048,18.8,606.1875,False
1773593304.9633958,529,0,0,0,0,9.501779997663107,0.0,0.026408000849187374,4.695388329951048,9.4,606.1875,False
1773593305.1763551,530,0,0,0,0,9.453762002522126,0.0,0.02520400084904395,4.697706466819168,9.4,606.1875,False
1773593305.3892348,531,0,0,0,0,9.435686999495374,0.0,0.024369997845496982,4.697706466819168,9.4,606.1875,False
1773593305.6022613,532,0,0,0,0,9.52107700140914,0.0,0.025630000891396776,4.697706466819168,9.4,606.1875,False
1773593305.8151686,533,0,0,0,0,9.44622500173864,0.0,0.02568499985500239,4.697706466819168,18.8,606.1875,False
1773593306.028084,534,0,0,0,0,9.46911299979547,0.0,0.02544499875511974,4.697706466819168,9.4,606.203125,False
1773593306.2410192,535,0,0,0,0,9.461427998758154,0.0,0.026370998966740444,4.696301007268998,9.4,606.203125,False
1773593306.4539487,536,0,0,0,0,9.48287299979711,0.0,0.02507499812054448,4.696301007268998,9.4,606.203125,False
1773593306.6669295,537,0,0,0,0,9.53337300234125,0.0,0.025592999008949846,4.696301007268998,9.4,606.203125,False
1773593306.8798463,538,0,0,0,0,9.468113999901107,0.0,0.02537099862820469,4.696301007268998,18.8,606.203125,False
1773593307.092872,539,0,0,0,0,9.48157600214472,0.0,0.024778000806691125,4.696301007268998,9.4,606.203125,False
1773593307.3057892,540,0,0,0,0,9.481891000177711,0.0,0.02537099862820469,4.695853036050879,9.4,606.203125,False
1773593307.5186572,541,0,0,0,0,9.43683500008774,0.0,0.025130000722128898,4.695853036050879,9.4,606.203125,False
1773593307.7316473,542,0,0,0,0,9.439243000088027,0.0,0.024554999981774017,4.695853036050879,9.4,606.203125,False
1773593307.9446602,543,0,0,0,0,9.48207599867601,0.0,0.02596299964352511,4.695853036050879,18.8,606.203125,False
1773593308.1576827,544,0,0,0,0,9.546040000714129,0.0,0.02568499985500239,4.695853036050879,9.4,606.203125,False
1773593308.3705583,545,0,0,0,0,9.425816999282688,0.0,0.025110999558819458,4.695876168621909,14.1,606.21875,False
1773593308.5834358,546,0,0,0,0,9.433947001525667,0.0,0.02570299693616107,4.695876168621909,9.4,606.21875,False
1773593308.7963614,547,0,0,0,0,9.491224998782855,0.0,0.025536999601172283,4.695876168621909,9.4,606.21875,False
1773593309.0093431,548,0,0,0,0,9.46337300047162,0.0,0.024814999051159248,4.695876168621909,18.8,606.21875,False
1773593309.2222826,549,0,0,0,0,9.513318000244908,0.0,0.0256669991358649,4.695876168621909,9.4,606.21875,False
1773593309.4352198,550,0,0,0,0,9.47570700009237,0.0,0.026351997803431004,4.696351488257061,9.4,606.21875,False
1773593309.6483347,551,0,0,0,0,9.61652199839591,0.0,0.023833999875932932,4.696351488257061,9.4,606.21875,False
1773593309.861455,552,0,0,0,0,9.574317999067716,0.0,0.02601899905130267,4.696351488257061,9.4,606.21875,False
1773593310.0744135,553,0,0,0,0,9.488391999184387,0.0,0.025296998501289636,4.696351488257061,18.8,606.21875,False
1773593310.2873251,554,0,0,0,0,9.466170002269791,0.0,0.02596400008769706,4.696351488257061,4.7,606.21875,False
1773593310.5004096,555,0,0,0,0,9.504836998530664,0.0,0.02574099926277995,4.694019978915373,9.4,606.21875,False
1773593310.7134302,556,0,0,0,0,9.542817999317776,0.0,0.02572199809947051,4.694019978915373,14.1,606.21875,False
1773593310.9263518,557,0,0,0,0,9.484465001150966,0.0,0.025056000595213845,4.694019978915373,9.4,606.21875,False
1773593311.1392205,558,0,0,0,0,9.430557998712175,0.0,0.025371002266183496,4.694019978915373,14.1,606.21875,False
1773593311.3521643,559,0,0,0,0,9.472705998632591,0.0,0.02651899922057055,4.694019978915373,14.1,606.21875,False
1773593311.5651867,560,0,0,0,0,9.50454000121681,0.0,0.025536999601172283,4.695779433932015,9.4,606.21875,False
1773593311.7780895,561,0,0,0,0,9.477224997681333,0.0,0.024685999960638583,4.695779433932015,9.4,606.21875,False
1773593311.99106,562,0,0,0,0,9.533188000204973,0.0,0.02568600029917434,4.695779433932015,4.7,606.21875,False
1773593312.2041004,563,0,0,0,0,9.490020998782711,0.0,0.02599999788799323,4.695779433932015,18.8,606.21875,False
1773593312.4170454,564,0,0,0,0,9.491558001172962,0.0,0.02633400072227232,4.695779433932015,9.4,606.21875,False
1773593312.630037,565,0,0,0,0,9.557780998875387,0.0,0.024962999304989353,4.6955228960118935,9.4,606.21875,False
1773593312.8429596,566,0,0,0,0,9.471613997448003,0.0,0.025870001991279423,4.6955228960118935,9.4,606.21875,False
1773593313.055892,567,0,0,0,0,9.501354998064926,0.0,0.02605500048957765,4.6955228960118935,14.1,606.21875,False
1773593313.268448,568,0,0,0,0,9.013647999381647,0.0,0.024871002096915618,4.6955228960118935,14.1,606.21875,False
1773593313.4813302,569,0,0,0,0,9.454725000978215,0.0,0.025833000108832493,4.6955228960118935,9.4,606.21875,False
1773593313.694275,570,0,0,0,0,9.493281002505682,0.0,0.026073998014908284,4.698211627779854,9.4,606.21875,False
1773593313.9071884,571,0,0,0,0,9.456335999857401,0.0,0.026666999474400654,4.698211627779854,14.1,606.21875,False
1773593314.1200821,572,0,0,0,0,9.443039001780562,0.0,0.025888999516610056,4.698211627779854,9.4,606.21875,False
1773593314.3330433,573,0,0,0,0,9.48941000024206,0.0,0.02492600106052123,4.698211627779854,18.8,606.21875,False
1773593314.5459752,574,0,0,0,0,9.48553999842261,0.0,0.025000001187436283,4.698211627779854,9.4,606.21875,False
1773593314.759009,575,0,0,0,0,9.49361299717566,0.0,0.025777997507248074,4.696035999885351,9.4,606.21875,False
1773593314.9719863,576,0,0,0,0,9.52061399948434,0.0,0.024684999516466632,4.696035999885351,9.4,606.21875,False
1773593315.1850228,577,0,0,0,0,9.512558001006255,0.0,0.02492600106052123,4.696035999885351,9.4,606.21875,False
1773593315.3980916,578,0,0,0,0,9.512262000498595,0.0,0.024445002054562792,4.696035999885351,18.8,606.21875,False
1773593315.6109085,579,0,0,0,0,9.395798999321414,0.0,0.02512999708415009,4.696035999885351,9.4,606.21875,False
1773593315.8238256,580,0,0,0,0,9.461428999202326,0.0,0.026148001779802144,4.695639596262479,9.4,606.21875,False
1773593316.0369065,581,0,0,0,0,9.562355000525713,0.0,0.024037002731347457,4.695639596262479,14.1,606.21875,False
1773593316.249843,582,0,0,0,0,9.49535499967169,0.0,0.025870998797472566,4.695639596262479,9.4,606.21875,False
1773593316.4627533,583,0,0,0,0,9.456872998271137,0.0,0.02683300044736825,4.695639596262479,18.8,606.21875,False
1773593316.6757472,584,0,0,0,0,9.494058998825494,0.0,0.02568600029917434,4.695639596262479,9.4,606.21875,False
1773593316.888627,585,0,0,0,0,9.430687001440674,0.0,0.025388999347342178,4.695840418380923,9.4,606.21875,False
1773593317.1016414,586,0,0,0,0,9.474223999859532,0.0,0.025888999516610056,4.695840418380923,9.4,606.21875,False
1773593317.3145356,587,0,0,0,0,9.434261999558657,0.0,0.02514799780328758,4.695840418380923,9.4,606.21875,False
1773593317.5274467,588,0,0,0,0,9.44279900068068,0.0,0.025296998501289636,4.695840418380923,18.8,606.21875,False
1773593317.7403777,589,0,0,0,0,9.437854001589585,0.0,0.025315002858405933,4.695840418380923,9.4,606.21875,False
1773593317.9535298,590,0,0,0,0,9.564243999193422,0.0,0.02611100353533402,4.69515180674123,9.4,606.21875,False
1773593318.1664605,591,0,0,0,0,9.41174300169223,0.0,0.025018998712766916,4.69515180674123,9.4,606.21875,False
1773593318.3793552,592,0,0,0,0,9.43376199938939,0.0,0.02466700243530795,4.69515180674123,9.4,606.21875,False
1773593318.5922577,593,0,0,0,0,9.465577000810299,0.0,0.02551800207584165,4.69515180674123,18.8,606.21875,False
1773593318.8052022,594,0,0,0,0,9.469725002418272,0.0,0.025796998670557514,4.69515180674123,9.4,606.21875,False
1773593319.0181878,595,0,0,0,0,9.545837001496693,0.0,0.026296998839825392,4.696325195940358,9.4,606.21875,False
1773593319.231155,596,0,0,0,0,9.454650000407128,0.0,0.024740998924244195,4.696325195940358,9.4,606.21875,False
1773593319.4441388,597,0,0,0,0,9.452465001231758,0.0,0.0248889991780743,4.696325195940358,9.4,606.21875,False
1773593319.6572144,598,0,0,0,0,9.479021002334775,0.0,0.025556000764481723,4.696325195940358,18.8,606.21875,False
1773593319.8700707,599,0,0,0,0,9.41798400162952,0.0,0.02601800224510953,4.696325195940358,9.4,606.21875,False
1773593320.083008,600,0,0,0,0,9.455891999095911,0.0,0.025795998226385564,4.6956732406551795,9.4,606.21875,False
1773593320.2958732,601,0,0,0,0,9.40315000116243,0.0,0.025221997930202633,4.6956732406551795,9.4,606.21875,False
1773593320.5088491,602,0,0,0,0,9.49739199859323,0.0,0.02535199746489525,4.6956732406551795,9.4,606.21875,False
1773593320.7218502,603,0,0,0,0,9.532242998830043,0.0,0.026112000341527164,4.6956732406551795,18.8,606.21875,False
1773593320.9347248,604,0,0,0,0,9.405668002727907,0.0,0.02568499985500239,4.6956732406551795,9.4,606.234375,False
1773593321.147661,605,0,0,0,0,9.470224998949561,0.0,0.025574001483619213,4.696375677448438,9.4,606.234375,False
1773593321.3606856,606,0,0,0,0,9.427705997950397,0.0,0.025315002858405933,4.696375677448438,14.1,606.234375,False
1773593321.5736642,607,0,0,0,0,9.534372999041807,0.0,0.025092998839681968,4.696375677448438,9.4,606.234375,False
1773593321.7865272,608,0,0,0,0,9.357168997667031,0.0,0.024982000468298793,4.696375677448438,18.8,606.234375,False
1773593321.9994478,609,0,0,0,0,9.381854000821477,0.0,0.024778000806691125,4.696375677448438,9.4,606.234375,False
1773593322.2123709,610,0,0,0,0,9.443983999517513,0.0,0.025796998670557514,4.696127487149285,9.4,606.234375,False
1773593322.4253042,611,0,0,0,0,9.456743999180617,0.0,0.025795998226385564,4.696127487149285,9.4,606.234375,False
1773593322.6382005,612,0,0,0,0,9.43750300211832,0.0,0.024444998416583985,4.696127487149285,9.4,606.234375,False
1773593322.8510904,613,0,0,0,0,9.405613000126323,0.0,0.025517998437862843,4.696127487149285,18.8,606.234375,False
1773593323.0639417,614,0,0,0,0,9.401205999893136,0.0,0.024482000299030915,4.696127487149285,9.4,606.234375,False
1773593323.2768338,615,0,0,0,0,9.434891999262618,0.0,0.025258999812649563,4.697194049935371,9.4,606.234375,False
1773593323.4897368,616,0,0,0,0,9.466094998060726,0.0,0.02575899998191744,4.697194049935371,9.4,606.234375,False
1773593323.7026405,617,0,0,0,0,9.437447002710542,0.0,0.025630000891396776,4.697194049935371,9.4,606.234375,False
1773593323.9154868,618,0,0,0,0,9.377871996548492,0.0,0.024684999516466632,4.697194049935371,14.1,606.234375,False
1773593324.1283417,619,0,0,0,0,9.423224000784103,0.0,0.02685200161067769,4.697194049935371,9.4,606.234375,False
1773593324.3413315,620,0,0,0,0,9.495002999756252,0.0,0.025001001631608233,4.697066752194718,14.1,606.234375,False
1773593324.5542998,621,0,0,0,0,9.437853997951606,0.0,0.025481996999587864,4.697066752194718,9.4,606.234375,False
1773593324.767214,622,0,0,0,0,9.441391001018928,0.0,0.024222001229645684,4.697066752194718,9.4,606.234375,False
1773593324.980144,623,0,0,0,0,9.477947001869325,0.0,0.026370998966740444,4.697066752194718,18.8,606.234375,False
1773593325.1931257,624,0,0,0,0,9.502927998255473,0.0,0.024519002181477845,4.697066752194718,9.4,606.234375,False
1773593325.4060547,625,0,0,0,0,9.497335999185452,0.0,0.024832999770296738,4.696050721733145,9.4,606.234375,False
1773593325.6190457,626,0,0,0,0,9.465539998927852,0.0,0.027166999643668532,4.696050721733145,9.4,606.234375,False
1773593325.83205,627,0,0,0,0,9.465780000027735,0.0,0.025963003281503916,4.696050721733145,9.4,606.234375,False
1773593326.0451198,628,0,0,0,0,9.581410999089712,0.0,0.026147998141823336,4.696050721733145,18.8,606.234375,False
1773593326.2580569,629,0,0,0,0,9.482762001425726,0.0,0.02518600012990646,4.696050721733145,9.4,606.234375,False
1773593326.4709888,630,0,0,0,0,9.47367000117083,0.0,0.0248889991780743,4.695154960227286,9.4,606.25,False
1773593326.683969,631,0,0,0,0,9.492168999713613,0.0,0.02651899922057055,4.695154960227286,9.4,606.265625,False
1773593326.8971107,632,0,0,0,0,9.564168998622335,0.0,0.026166999305132776,4.695154960227286,14.1,606.265625,False
1773593327.1101015,633,0,0,0,0,9.51766999787651,0.0,0.026760000764625147,4.695154960227286,14.1,606.265625,False
1773593327.3230534,634,0,0,0,0,9.43376199938939,0.0,0.02601799860713072,4.695154960227286,14.1,606.265625,False
1773593327.5359821,635,0,0,0,0,9.465150997129967,0.0,0.02590699659776874,4.694895337391202,9.4,606.265625,False
1773593327.7489514,636,0,0,0,0,9.463428999879397,0.0,0.027537000278243795,4.694895337391202,9.4,606.265625,False
1773593327.9620383,637,0,0,0,0,9.57954000114114,0.0,0.024704000679776073,4.694895337391202,9.4,606.265625,False
1773593328.174993,638,0,0,0,0,9.436872001970187,0.0,0.025630000891396776,4.694895337391202,18.8,606.265625,False
1773593328.387921,639,0,0,0,0,9.477687999606133,0.0,0.024704000679776073,4.694895337391202,9.4,606.265625,False
1773593328.6008837,640,0,0,0,0,9.456225001486018,0.0,0.02624099943204783,4.695247464369528,9.4,606.265625,False
1773593328.8138766,641,0,0,0,0,9.508985000138637,0.0,0.024444001610390842,4.695247464369528,9.4,606.265625,False
1773593329.026818,642,0,0,0,0,9.398761998454574,0.0,0.0260560009337496,4.695247464369528,9.4,606.265625,False
1773593329.239695,643,0,0,0,0,9.404206000908744,0.0,0.02663000122993253,4.695247464369528,18.8,606.265625,False
1773593329.4526463,644,0,0,0,0,9.389057999214856,0.0,0.024092998501146212,4.695247464369528,9.4,606.265625,False
1773593329.6656322,645,0,0,0,0,9.494465997704538,0.0,0.025203000404872,4.695929795004045,9.4,606.265625,False
1773593329.878506,646,0,0,0,0,9.426280001207488,0.0,0.024704000679776073,4.695929795004045,9.4,606.265625,False
1773593330.0912707,647,0,0,0,0,9.327261002908926,0.0,0.025073997676372528,4.695929795004045,9.4,606.265625,False
1773593330.30392,648,0,0,0,0,9.18827900022734,0.0,0.025814999389695004,4.695929795004045,18.8,606.265625,False
1773593330.5168626,649,0,0,0,0,9.487613999226596,0.0,0.02548200063756667,4.695929795004045,9.4,606.265625,False
1773593330.7299004,650,0,0,0,0,9.487539999099681,0.0,0.025908000679919496,4.698094799650972,9.4,606.265625,False
1773593330.9427674,651,0,0,0,0,9.4197250000434,0.0,0.024258999474113807,4.698094799650972,9.4,606.265625,False
1773593331.1556153,652,0,0,0,0,9.364519999508047,0.0,0.025612000172259286,4.698094799650972,9.4,606.265625,False
1773593331.36856,653,0,0,0,0,9.400503000506433,0.0,0.024907996703404933,4.698094799650972,18.8,606.265625,False
1773593331.581582,654,0,0,0,0,9.463799000513973,0.0,0.0259810003626626,4.698094799650972,9.4,606.265625,False
1773593331.79442,655,0,0,0,0,9.37355800124351,0.0,0.02487099845893681,4.696961552657701,9.4,606.265625,False
1773593332.007346,656,0,0,0,0,9.407039000507211,0.0,0.025555000320309773,4.696961552657701,9.4,606.265625,False
1773593332.220182,657,0,0,0,0,9.406409997609444,0.0,0.02596400008769706,4.696961552657701,9.4,606.265625,False
1773593332.4332085,658,0,0,0,0,9.477742998569738,0.0,0.025332999939564615,4.696961552657701,18.8,606.265625,False
1773593332.6463957,659,0,0,0,0,9.44340999922133,0.0,0.0248889991780743,4.696961552657701,9.4,606.265625,False
1773593332.8593616,660,0,0,0,0,9.409169000718975,0.0,0.026204001187579706,4.695162318377888,9.4,606.265625,False
1773593333.0723023,661,0,0,0,0,9.491853998042643,0.0,0.026426001568324864,4.695162318377888,9.4,606.265625,False
1773593333.285279,662,0,0,0,0,9.429687001102138,0.0,0.025814999389695004,4.695162318377888,9.4,606.265625,False
1773593333.4976695,663,0,0,0,0,8.947518002969446,0.0,0.025296001695096493,4.695162318377888,18.8,606.265625,False
1773593333.7107313,664,0,0,0,0,9.626336002838798,0.0,0.025869998353300616,4.695162318377888,9.4,606.265625,False
1773593333.9236183,665,0,0,0,0,9.420094997039996,0.0,0.02570400101831183,4.6980842748796166,9.4,606.265625,False
1773593334.1366384,666,0,0,0,0,9.533798998745624,0.0,0.02553700323915109,4.6980842748796166,14.1,606.265625,False
1773593334.3495815,667,0,0,0,0,9.426668999367394,0.0,0.0256669991358649,4.6980842748796166,9.4,606.265625,False
1773593334.562603,668,0,0,0,0,9.5352999996976,0.0,0.025555000320309773,4.6980842748796166,14.1,606.265625,False
1773593334.775555,669,0,0,0,0,9.42161399871111,0.0,0.02663000122993253,4.6980842748796166,9.4,606.265625,False
1773593334.9885354,670,0,0,0,0,9.438484001293546,0.0,0.02514799780328758,4.695341023402687,14.1,606.265625,False
1773593335.2014892,671,0,0,0,0,9.417002002010122,0.0,0.024981000024126843,4.695341023402687,9.4,606.265625,False
1773593335.4144702,672,0,0,0,0,9.415928001544671,0.0,0.02514799780328758,4.695341023402687,9.4,606.265625,False
1773593335.6274097,673,0,0,0,0,9.407723999174777,0.0,0.02544499875511974,4.695341023402687,18.8,606.265625,False
1773593335.8402529,674,0,0,0,0,9.411797997017857,0.0,0.024834000214468688,4.695341023402687,9.4,606.265625,False
1773593336.0532506,675,0,0,0,0,9.430299000086961,0.0,0.02403699909336865,4.696012865739594,9.4,606.28125,False
1773593336.2661402,676,0,0,0,0,9.438631997909397,0.0,0.025408000510651618,4.696012865739594,9.4,606.28125,False
1773593336.4789774,677,0,0,0,0,9.387445999891497,0.0,0.024704000679776073,4.696012865739594,9.4,606.28125,False
1773593336.6919625,678,0,0,0,0,9.443613998882938,0.0,0.025888999516610056,4.696012865739594,18.8,606.28125,False
1773593336.9048727,679,0,0,0,0,9.434706000320148,0.0,0.025592999008949846,4.696012865739594,9.4,606.28125,False
1773593337.1177607,680,0,0,0,0,9.425132000615122,0.0,0.024740998924244195,4.69693630547,9.4,606.28125,False
1773593337.3306224,681,0,0,0,0,9.35281700003543,0.0,0.02461099938955158,4.69693630547,14.1,606.28125,False
1773593337.543537,682,0,0,0,0,9.367780003231019,0.0,0.025888999516610056,4.69693630547,9.4,606.28125,False
1773593337.7564108,683,0,0,0,0,9.359095001855167,0.0,0.025833000108832493,4.69693630547,18.8,606.28125,False
1773593337.9693563,684,0,0,0,0,9.426280001207488,0.0,0.024092998501146212,4.69693630547,9.4,606.28125,False
1773593338.18237,685,0,0,0,0,9.45320600294508,0.0,0.02550000135670416,4.696564992769785,9.4,606.28125,False
1773593338.39521,686,0,0,0,0,9.40081700173323,0.0,0.02490800034138374,4.696564992769785,9.4,606.28125,False
1773593338.6080627,687,0,0,0,0,9.40989099763101,0.0,0.025370001822011545,4.696564992769785,9.4,606.28125,False
1773593338.8210068,688,0,0,0,0,9.473002999584423,0.0,0.02546399991842918,4.696564992769785,18.8,606.28125,False
1773593339.0338984,689,0,0,0,0,9.458150001592003,0.0,0.024554999981774017,4.696564992769785,9.4,606.28125,False
1773593339.2469232,690,0,0,0,0,9.495948001131183,0.0,0.025852001272141933,4.696830059862886,9.4,606.28125,False
1773593339.4598897,691,0,0,0,0,9.512872999039246,0.0,0.02603699977044016,4.696830059862886,9.4,606.28125,False
1773593339.6728246,692,0,0,0,0,9.4753919984214,0.0,0.027722999220713973,4.696830059862886,9.4,606.28125,False
1773593339.8857822,693,0,0,0,0,9.43033599833143,0.0,0.02459299867041409,4.696830059862886,18.8,606.28125,False
1773593340.0987206,694,0,0,0,0,9.424224001122639,0.0,0.025445002393098548,4.696830059862886,9.4,606.28125,False
1773593340.311654,695,0,0,0,0,9.48409500051639,0.0,0.02487099845893681,4.696004453379468,9.4,606.28125,False
1773593340.5246377,696,0,0,0,0,9.47728099708911,0.0,0.02490800034138374,4.696004453379468,9.4,606.28125,False
1773593340.7376058,697,0,0,0,0,9.479798998654587,0.0,0.025092998839681968,4.696004453379468,9.4,606.28125,False
1773593340.9504826,698,0,0,0,0,9.43498400010867,0.0,0.02594499892438762,4.696004453379468,14.1,606.28125,False
1773593341.1633785,699,0,0,0,0,9.451132002141094,0.0,0.026185000024270266,4.696004453379468,9.4,606.28125,False
1773593341.3763192,700,0,0,0,0,9.486281000135932,0.0,0.02599999788799323,4.696370418907377,9.4,606.28125,False
1773593341.5893888,701,0,0,0,0,9.541243998683058,0.0,0.026130001060664654,4.696370418907377,9.4,606.28125,False
1773593341.8022785,702,0,0,0,0,9.44078099928447,0.0,0.02568499985500239,4.696370418907377,9.4,606.28125,False
1773593342.0146613,703,0,0,0,0,8.933203000196954,0.0,0.0230370023928117,4.696370418907377,18.8,606.28125,False
1773593342.2276304,704,0,0,0,0,9.429169000213733,0.0,0.02516699896659702,4.696370418907377,9.4,606.28125,False
1773593342.4405913,705,0,0,0,0,9.437854001589585,0.0,0.02568600029917434,4.698156896761844,9.4,606.28125,False
1773593342.6535165,706,0,0,0,0,9.494150999671547,0.0,0.02649999805726111,4.698156896761844,9.4,606.28125,False
1773593342.8664174,707,0,0,0,0,9.436520998860942,0.0,0.024982000468298793,4.698156896761844,9.4,606.28125,False
1773593343.0793242,708,0,0,0,0,9.431077000044752,0.0,0.025908000679919496,4.698156896761844,18.8,606.28125,False
1773593343.2923002,709,0,0,0,0,9.444669001823058,0.0,0.026055997295770794,4.698156896761844,9.4,606.28125,False
1773593343.505281,710,0,0,0,0,9.519485000055283,0.0,0.02594399848021567,4.696089629918081,9.4,606.28125,False
1773593343.7182183,711,0,0,0,0,9.487650000664871,0.0,0.024796998332021758,4.696089629918081,14.1,606.28125,False
1773593343.9310827,712,0,0,0,0,9.415650001756148,0.0,0.024704000679776073,4.696089629918081,9.4,606.28125,False
1773593344.1439807,713,0,0,0,0,9.438242999749491,0.0,0.025536999601172283,4.696089629918081,14.1,606.28125,False
1773593344.3570106,714,0,0,0,0,9.47539200205938,0.0,0.025869998353300616,4.696089629918081,9.4,606.28125,False
1773593344.569945,715,0,0,0,0,9.482502002356341,0.0,0.02461099938955158,4.696337816215635,14.1,606.296875,False
1773593344.7828832,716,0,0,0,0,9.497428000031505,0.0,0.025556000764481723,4.696337816215635,9.4,606.296875,False
1773593344.9957097,717,0,0,0,0,9.394297998369439,0.0,0.02429599771858193,4.696337816215635,9.4,606.296875,False
1773593345.208683,718,0,0,0,0,9.42516899885959,0.0,0.026686000637710094,4.696337816215635,18.8,606.296875,False
1773593345.421633,719,0,0,0,0,9.500613999989582,0.0,0.02601899905130267,4.696337816215635,9.4,606.296875,False
1773593345.6345656,720,0,0,0,0,9.425428001122782,0.0,0.025426001229789108,4.696510300109219,9.4,606.296875,False
1773593345.8474863,721,0,0,0,0,9.44466899818508,0.0,0.025833000108832493,4.696510300109219,14.1,606.296875,False
1773593346.060365,722,0,0,0,0,9.426466000149958,0.0,0.0262039975496009,4.696510300109219,9.4,606.296875,False
1773593346.2733371,723,0,0,0,0,9.4753919984214,0.0,0.025149001885438338,4.696510300109219,18.8,606.296875,False
1773593346.4862292,724,0,0,0,0,9.468798998568673,0.0,0.025870998797472566,4.696510300109219,9.4,606.296875,False
1773593346.6990995,725,0,0,0,0,9.413114003109513,0.0,0.02601899905130267,4.696892123544617,9.4,606.296875,False
1773593346.9120526,726,0,0,0,0,9.439946999918902,0.0,0.024184999347198755,4.696892123544617,9.4,606.296875,False
1773593347.124933,727,0,0,0,0,9.399613001733087,0.0,0.02438900264678523,4.696892123544617,9.4,606.296875,False
1773593347.3378305,728,0,0,0,0,9.445316998608178,0.0,0.025852001272141933,4.696892123544617,18.8,606.296875,False
1773593347.5508037,729,0,0,0,0,9.447150998312281,0.0,0.025481996999587864,4.696892123544617,9.4,606.296875,False
1773593347.7636576,730,0,0,0,0,9.380576000694418,0.0,0.024778000806691125,4.696816385034882,9.4,606.296875,False
1773593347.976547,731,0,0,0,0,9.407354002178181,0.0,0.02594499892438762,4.696816385034882,9.4,606.296875,False
1773593348.1895447,732,0,0,0,0,9.438372999284184,0.0,0.024796998332021758,4.696816385034882,9.4,606.296875,False
1773593348.4024684,733,0,0,0,0,9.401280000020051,0.0,0.025814999389695004,4.696816385034882,14.1,606.296875,False
1773593348.6153846,734,0,0,0,0,9.388594000483863,0.0,0.025110999558819458,4.696816385034882,9.4,606.296875,False
1773593348.828234,735,0,0,0,0,9.390631999849575,0.0,0.025629000447224826,4.696709092993923,9.4,606.296875,False
1773593349.0411994,736,0,0,0,0,9.515909998299321,0.0,0.025926001399056986,4.696709092993923,14.1,606.296875,False
1773593349.254169,737,0,0,0,0,9.51470699874335,0.0,0.02548200063756667,4.696709092993923,9.4,606.296875,False
1773593349.4671664,738,0,0,0,0,9.473558999161469,0.0,0.02505599695723504,4.696709092993923,18.8,606.296875,False
1773593349.6800773,739,0,0,0,0,9.460446999582928,0.0,0.02631499955896288,4.696709092993923,9.4,606.296875,False
1773593349.89308,740,0,0,0,0,9.516706002614228,0.0,0.025129000277956948,4.695493459027008,9.4,606.296875,False
1773593350.1061196,741,0,0,0,0,9.528632999717956,0.0,0.025573997845640406,4.695493459027008,9.4,606.296875,False
1773593350.318998,742,0,0,0,0,9.423335999599658,0.0,0.025240999093512073,4.695493459027008,9.4,606.296875,False
1773593350.531471,743,0,0,0,0,9.010703000967624,0.0,0.025870001991279423,4.695493459027008,18.8,606.296875,False
1773593350.7444093,744,0,0,0,0,9.420649999810848,0.0,0.025888999516610056,4.695493459027008,9.4,606.296875,False
1773593350.9573941,745,0,0,0,0,9.428540000953944,0.0,0.024536999262636527,4.697961138558079,9.4,606.3125,False
1773593351.170315,746,0,0,0,0,9.464317001402378,0.0,0.0243520007643383,4.697961138558079,9.4,606.328125,False
1773593351.3833175,747,0,0,0,0,9.40313099999912,0.0,0.02461099938955158,4.697961138558079,9.4,606.328125,False
1773593351.5963862,748,0,0,0,0,9.529595998174045,0.0,0.025536999601172283,4.697961138558079,18.8,606.328125,False
1773593351.8093896,749,0,0,0,0,9.442909999052063,0.0,0.02487099845893681,4.697961138558079,9.4,606.328125,False
1773593352.0223014,750,0,0,0,0,9.444409999559866,0.0,0.0248889991780743,4.6952043653952025,9.4,606.328125,False
1773593352.2351909,751,0,0,0,0,9.433983999770135,0.0,0.02629599839565344,4.6952043653952025,9.4,606.328125,False
1773593352.4481716,752,0,0,0,0,9.511020998616004,0.0,0.025332999939564615,4.6952043653952025,9.4,606.328125,False
1773593352.661099,753,0,0,0,0,9.454983999603428,0.0,0.0255190025200136,4.6952043653952025,18.8,606.328125,False
1773593352.8740342,754,0,0,0,0,9.421355000085896,0.0,0.026722998882178217,4.6952043653952025,9.4,606.328125,False
1773593353.0869317,755,0,0,0,0,9.427483997569652,0.0,0.02433400004520081,4.69646402269905,9.4,606.328125,False
1773593353.2999022,756,0,0,0,0,9.43952099987655,0.0,0.025073997676372528,4.69646402269905,9.4,606.328125,False
1773593353.512879,757,0,0,0,0,9.449113000300713,0.0,0.02492600106052123,4.69646402269905,9.4,606.328125,False
1773593353.7259302,758,0,0,0,0,9.430594996956643,0.0,0.025593002646928653,4.69646402269905,18.8,606.328125,False
1773593353.938837,759,0,0,0,0,9.460020999540575,0.0,0.025388999347342178,4.69646402269905,9.4,606.328125,False
1773593354.1516898,760,0,0,0,0,9.402575997228269,0.0,0.025869998353300616,4.695910867905787,9.4,606.328125,False
1773593354.364785,761,0,0,0,0,9.539983999275137,0.0,0.025130000722128898,4.695910867905787,14.1,606.328125,False
1773593354.5776634,762,0,0,0,0,9.428632001799997,0.0,0.024758999643381685,4.695910867905787,9.4,606.328125,False
1773593354.7905414,763,0,0,0,0,9.430557998712175,0.0,0.024962999304989353,4.695910867905787,18.8,606.328125,False
1773593355.0033834,764,0,0,0,0,9.399001999554457,0.0,0.025277997337980196,4.695910867905787,9.4,606.328125,False
1773593355.2162652,765,0,0,0,0,9.42422500156681,0.0,0.025000001187436283,4.696716456016546,9.4,606.328125,False
1773593355.4292333,766,0,0,0,0,9.425317999557592,0.0,0.025278000975959003,4.696716456016546,9.4,606.328125,False
1773593355.6421068,767,0,0,0,0,9.44029899983434,0.0,0.025240999093512073,4.696716456016546,9.4,606.328125,False
1773593355.8550317,768,0,0,0,0,9.410705999471247,0.0,0.02518600012990646,4.696716456016546,18.8,606.328125,False
1773593356.0680096,769,0,0,0,0,9.453594997467007,0.0,0.02544399831094779,4.696716456016546,9.4,606.328125,False
1773593356.2810621,770,0,0,0,0,9.499076997599332,0.0,0.025703000574139878,4.695710039761743,9.4,606.328125,False
1773593356.4939713,771,0,0,0,0,9.431927999685286,0.0,0.024814999051159248,4.695710039761743,9.4,606.328125,False
1773593356.7069619,772,0,0,0,0,9.526707002805779,0.0,0.02564899841672741,4.695710039761743,9.4,606.328125,False
1773593356.9198105,773,0,0,0,0,9.319723998487461,0.0,0.024574001145083457,4.695710039761743,18.8,606.328125,False
1773593357.1327493,774,0,0,0,0,9.396428002219182,0.0,0.024388999008806422,4.695710039761743,14.1,606.328125,False
1773593357.34574,775,0,0,0,0,9.54242900115787,0.0,0.025888999516610056,4.696279973844266,9.4,606.328125,False
1773593357.5586216,776,0,0,0,0,9.443317998375278,0.0,0.025833000108832493,4.696279973844266,9.4,606.328125,False
1773593357.7715526,777,0,0,0,0,9.388891001435695,0.0,0.02629600203363225,4.696279973844266,9.4,606.328125,False
1773593357.9844813,778,0,0,0,0,9.40711399744032,0.0,0.025260000256821513,4.696279973844266,14.1,606.328125,False
1773593358.1974058,779,0,0,0,0,9.442817001399817,0.0,0.02598200080683455,4.696279973844266,9.4,606.328125,False
1773593358.4103932,780,0,0,0,0,9.386871999595314,0.0,0.025592999008949846,4.696380936001275,9.4,606.328125,False
1773593358.6232994,781,0,0,0,0,9.42765100262477,0.0,0.02568499985500239,4.696380936001275,14.1,606.328125,False
1773593358.8362207,782,0,0,0,0,9.42800299890223,0.0,0.02542699803598225,4.696380936001275,9.4,606.328125,False
1773593359.049268,783,0,0,0,0,9.496355000010226,0.0,0.024834000214468688,4.696380936001275,14.1,606.328125,False
1773593359.2621531,784,0,0,0,0,9.420557998964796,0.0,0.025630000891396776,4.696380936001275,9.4,606.328125,False
1773593359.475063,785,0,0,0,0,9.44546599930618,0.0,0.025388999347342178,4.696324144253813,14.1,606.328125,False
1773593359.6879966,786,0,0,0,0,9.442427999601932,0.0,0.024852000933606178,4.696324144253813,9.4,606.328125,False
1773593359.901022,787,0,0,0,0,9.466131999943173,0.0,0.025777997507248074,4.696324144253813,9.4,606.328125,False
1773593360.1139417,788,0,0,0,0,9.462354999413947,0.0,0.0248889991780743,4.696324144253813,18.8,606.328125,False
1773593360.3269167,789,0,0,0,0,9.508983999694465,0.0,0.025110999558819458,4.696324144253813,9.4,606.328125,False
1773593360.5398753,790,0,0,0,0,9.473206002439838,0.0,0.026981997507391497,4.6956732406551795,9.4,606.328125,False
1773593360.7529833,791,0,0,0,0,9.52931700157933,0.0,0.02633300027810037,4.6956732406551795,9.4,606.328125,False
1773593360.966,792,0,0,0,0,9.471094999753404,0.0,0.0248889991780743,4.6956732406551795,9.4,606.328125,False
1773593361.1790435,793,0,0,0,0,9.525817000394454,0.0,0.025112000002991408,4.6956732406551795,18.8,606.328125,False
1773593361.3919947,794,0,0,0,0,9.475781000219285,0.0,0.02490800034138374,4.6956732406551795,9.4,606.328125,False
1773593361.6049962,795,0,0,0,0,9.520743999019032,0.0,0.024351997126359493,4.6942973681159215,9.4,606.328125,False
1773593361.817989,796,0,0,0,0,9.485613998549525,0.0,0.025722001737449318,4.6942973681159215,9.4,606.328125,False
1773593362.0309067,797,0,0,0,0,9.455539999180473,0.0,0.025295998057117686,4.6942973681159215,9.4,606.328125,False
1773593362.243324,798,0,0,0,0,8.945962999860058,0.0,0.024315002519870177,4.6942973681159215,18.8,606.328125,False
1773593362.4561915,799,0,0,0,0,9.454558003199054,0.0,0.025036999431904405,4.6942973681159215,9.4,606.328125,False
1773593362.6694684,800,0,0,0,0,9.566798999003367,0.0,0.02550000135670416,4.697176164712228,9.4,606.34375,False
1773593362.882383,801,0,0,0,0,9.437576998607256,0.0,0.02627800131449476,4.697176164712228,9.4,606.34375,False
1773593363.095245,802,0,0,0,0,9.419001999049215,0.0,0.026148001779802144,4.697176164712228,9.4,606.34375,False
1773593363.3082135,803,0,0,0,0,9.431057998881442,0.0,0.02624099943204783,4.697176164712228,18.8,606.34375,False
1773593363.5213077,804,0,0,0,0,9.51466900005471,0.0,0.02459299867041409,4.697176164712228,9.4,606.34375,False
1773593363.7343307,805,0,0,0,0,9.550503000355093,0.0,0.027333000616636127,4.695437740030418,9.4,606.34375,False
1773593363.9472077,806,0,0,0,0,9.409650003362913,0.0,0.026186000468442217,4.695437740030418,9.4,606.34375,False
1773593364.1601505,807,0,0,0,0,9.462409998377552,0.0,0.026573998184176162,4.695437740030418,9.4,606.34375,False
1773593364.373098,808,0,0,0,0,9.45061399761471,0.0,0.02537099862820469,4.695437740030418,18.8,606.34375,False
1773593364.5860229,809,0,0,0,0,9.47333600197453,0.0,0.025795998226385564,4.695437740030418,9.4,606.34375,False
1773593364.7989483,810,0,0,0,0,9.435446998395491,0.0,0.026482000976102427,4.69654606055082,9.4,606.34375,False
1773593365.0118175,811,0,0,0,0,9.415132000867743,0.0,0.0254259975918103,4.69654606055082,9.4,606.34375,False
1773593365.2248218,812,0,0,0,0,9.459650998906,0.0,0.026165998860960826,4.69654606055082,9.4,606.34375,False
1773593365.4377663,813,0,0,0,0,9.446798998396844,0.0,0.02459199822624214,4.69654606055082,18.8,606.34375,False
1773593365.6517534,814,0,0,0,0,10.423304000141798,0.0,0.025352001102874056,4.69654606055082,9.3,606.34375,False
1773593365.864714,815,0,0,0,0,9.418687001016224,0.0,0.025407000066479668,4.691582675824844,14.1,606.34375,False
1773593366.0776353,816,0,0,0,0,9.452947000681888,0.0,0.02629599839565344,4.691582675824844,9.4,606.34375,False
1773593366.2905517,817,0,0,0,0,9.453632999793626,0.0,0.026907997380476445,4.691582675824844,9.4,606.359375,False
1773593366.5034242,818,0,0,0,0,9.370391002448741,0.0,0.025352001102874056,4.691582675824844,18.8,606.359375,False
1773593366.7164502,819,0,0,0,0,9.558596000715625,0.0,0.025592999008949846,4.691582675824844,9.4,606.359375,False
1773593366.9294183,820,0,0,0,0,9.51779900060501,0.0,0.0245749979512766,4.696008659555764,9.4,606.359375,False
1773593367.1423335,821,0,0,0,0,9.444131999771344,0.0,0.02516699896659702,4.696008659555764,9.4,606.359375,False
1773593367.3552852,822,0,0,0,0,9.49239200053853,0.0,0.024814999051159248,4.696008659555764,9.4,606.359375,False
1773593367.5683136,823,0,0,0,0,9.449927998502972,0.0,0.02663000122993253,4.696008659555764,18.8,606.359375,False
1773593367.7813065,824,0,0,0,0,9.522651002043858,0.0,0.026555997465038672,4.696008659555764,9.4,606.359375,False
1773593367.994271,825,0,0,0,0,9.42857599875424,0.0,0.025741002900758758,4.695502920874755,9.4,606.359375,False
1773593368.2072642,826,0,0,0,0,9.479391999775544,0.0,0.025889003154588863,4.695502920874755,14.1,606.359375,False
1773593368.420195,827,0,0,0,0,9.41344599777949,0.0,0.02494500222383067,4.695502920874755,9.4,606.359375,False
1773593368.6331446,828,0,0,0,0,9.461686997383367,0.0,0.02570400101831183,4.695502920874755,18.8,606.359375,False
1773593368.8460462,829,0,0,0,0,9.429576999536948,0.0,0.026926001737592742,4.695502920874755,9.4,606.359375,False
1773593369.0589335,830,0,0,0,0,9.40959499712335,0.0,0.024834000214468688,4.696335712831712,9.4,606.359375,False
1773593369.2718263,831,0,0,0,0,9.42624299932504,0.0,0.026407000405015424,4.696335712831712,9.4,606.359375,False
1773593369.4848049,832,0,0,0,0,9.428966000996297,0.0,0.025388999347342178,4.696335712831712,9.4,606.359375,False
1773593369.6977518,833,0,0,0,0,9.478058000240708,0.0,0.024778000806691125,4.696335712831712,18.8,606.359375,False
1773593369.910627,834,0,0,0,0,9.402724001120077,0.0,0.025315002858405933,4.696335712831712,9.4,606.359375,False
1773593370.1235065,835,0,0,0,0,9.411872997588944,0.0,0.02546299947425723,4.696739597095085,9.4,606.359375,False
1773593370.336437,836,0,0,0,0,9.383890999743016,0.0,0.02537099862820469,4.696739597095085,9.4,606.359375,False
1773593370.5495958,837,0,0,0,0,9.516262001852738,0.0,0.026592999347485602,4.696739597095085,9.4,606.359375,False
1773593370.7625356,838,0,0,0,0,9.449039000173798,0.0,0.02649999805726111,4.696739597095085,18.8,606.359375,False
1773593370.9754455,839,0,0,0,0,9.473669000726659,0.0,0.025260000256821513,4.696739597095085,9.4,606.359375,False
1773593371.1884537,840,0,0,0,0,9.502576998784207,0.0,0.02649999805726111,4.695082431119715,9.4,606.359375,False
1773593371.401438,841,0,0,0,0,9.472521000134293,0.0,0.02568600029917434,4.695082431119715,9.4,606.359375,False
1773593371.6143558,842,0,0,0,0,9.37366799917072,0.0,0.025573997845640406,4.695082431119715,9.4,606.359375,False
1773593371.8271935,843,0,0,0,0,9.382315998664126,0.0,0.02626000059535727,4.695082431119715,18.8,606.359375,False
1773593372.0400405,844,0,0,0,0,9.38228000086383,0.0,0.026445002731634304,4.695082431119715,9.4,606.359375,False
1773593372.2529297,845,0,0,0,0,9.402114003023598,0.0,0.02518499968573451,4.697162487868783,9.4,606.359375,False
1773593372.4658551,846,0,0,0,0,9.407279998413287,0.0,0.02564799797255546,4.697162487868783,9.4,606.359375,False
1773593372.678839,847,0,0,0,0,9.46039100017515,0.0,0.026888999855145812,4.697162487868783,9.4,606.359375,False
1773593372.8916423,848,0,0,0,0,9.347890998469666,0.0,0.025296001695096493,4.697162487868783,18.8,606.359375,False
1773593373.104587,849,0,0,0,0,9.401002000231529,0.0,0.025315002858405933,4.697162487868783,9.4,606.359375,False
1773593373.3175604,850,0,0,0,0,9.41615099873161,0.0,0.02685200161067769,4.6964587639601465,9.4,606.359375,False
1773593373.5304573,851,0,0,0,0,9.419297999556875,0.0,0.02546299947425723,4.6964587639601465,9.4,606.359375,False
1773593373.7433975,852,0,0,0,0,9.474077000049874,0.0,0.027000001864507794,4.6964587639601465,14.1,606.359375,False
1773593373.9557352,853,0,0,0,0,8.89053599894396,0.0,0.023963002604432404,4.6964587639601465,18.8,606.359375,False
1773593374.1685894,854,0,0,0,0,9.416205997695215,0.0,0.025334000383736566,4.6964587639601465,9.4,606.359375,False
1773593374.381483,855,0,0,0,0,9.392576001118869,0.0,0.025092998839681968,4.699585583514233,9.4,606.359375,False
1773593374.594361,856,0,0,0,0,9.40535400150111,0.0,0.025536999601172283,4.699585583514233,9.4,606.359375,False
1773593374.8072298,857,0,0,0,0,9.412038998561911,0.0,0.025278000975959003,4.699585583514233,9.4,606.359375,False
1773593375.0200691,858,0,0,0,0,9.346891001769109,0.0,0.025334000383736566,4.699585583514233,18.8,606.375,False
1773593375.2331157,859,0,0,0,0,9.460168999794405,0.0,0.0248889991780743,4.699585583514233,4.7,606.375,False
1773593375.4459307,860,0,0,0,0,9.375187000841834,0.0,0.024556000425945967,4.697279269633854,9.4,606.375,False
1773593375.6588464,861,0,0,0,0,9.389668997755507,0.0,0.02664800194907002,4.697279269633854,14.1,606.375,False
1773593375.8718333,862,0,0,0,0,9.42581799972686,0.0,0.025814999389695004,4.697279269633854,4.7,606.375,False
1773593376.08477,863,0,0,0,0,9.399760998348938,0.0,0.025370001822011545,4.697279269633854,18.8,606.375,False
1773593376.2977242,864,0,0,0,0,9.504040001047542,0.0,0.02459199822624214,4.697279269633854,9.4,606.375,False
1773593376.5106301,865,0,0,0,0,9.459650998906,0.0,0.02594399848021567,4.696183222517115,9.4,606.375,False
1773593376.7235193,866,0,0,0,0,9.353982997708954,0.0,0.025408000510651618,4.696183222517115,9.4,606.375,False
1773593376.9363759,867,0,0,0,0,9.392815998580772,0.0,0.02550000135670416,4.696183222517115,9.4,606.375,False
1773593377.1493227,868,0,0,0,0,9.427224998944439,0.0,0.025852001272141933,4.696183222517115,18.8,606.375,False
1773593377.3622093,869,0,0,0,0,9.430484002223238,0.0,0.02596299964352511,4.696183222517115,9.4,606.375,False
1773593377.5751135,870,0,0,0,0,9.403372001543175,0.0,0.027795998903457075,4.697124613948755,9.4,606.375,False
1773593377.7880378,871,0,0,0,0,9.449206001590937,0.0,0.025573997845640406,4.697124613948755,14.1,606.375,False
1773593378.0012233,872,0,0,0,0,9.550522001518402,0.0,0.02522300201235339,4.697124613948755,9.4,606.375,False
1773593378.2141244,873,0,0,0,0,9.438392000447493,0.0,0.025352001102874056,4.697124613948755,18.8,606.375,False
1773593378.4270573,874,0,0,0,0,9.415538999746786,0.0,0.025610999728087336,4.697124613948755,9.4,606.375,False
1773593378.640008,875,0,0,0,0,9.436262000235729,0.0,0.025908000679919496,4.6953136911647855,9.4,606.375,False
1773593378.8529577,876,0,0,0,0,9.488687999692047,0.0,0.025649002054706216,4.6953136911647855,9.4,606.375,False
1773593379.0658455,877,0,0,0,0,9.441428999707568,0.0,0.02574099926277995,4.6953136911647855,9.4,606.375,False
1773593379.2788117,878,0,0,0,0,9.486095997999655,0.0,0.025870998797472566,4.6953136911647855,18.8,606.375,False
1773593379.4917226,879,0,0,0,0,9.386205998453079,0.0,0.026167002943111584,4.6953136911647855,4.7,606.375,False
1773593379.704632,880,0,0,0,0,9.411242997884983,0.0,0.02622199826873839,4.696625997624759,14.1,606.375,False
1773593379.9175177,881,0,0,0,0,9.435799001948908,0.0,0.025500998162897304,4.696625997624759,9.4,606.375,False
1773593380.1303678,882,0,0,0,0,9.406040000612848,0.0,0.025591998564777896,4.696625997624759,9.4,606.375,False
1773593380.3432698,883,0,0,0,0,9.432262002519565,0.0,0.026388999685877934,4.696625997624759,18.8,606.375,False
1773593380.5561438,884,0,0,0,0,9.379094000905752,0.0,0.02459299867041409,4.696625997624759,9.4,606.375,False
1773593380.7691011,885,0,0,0,0,9.424984000361292,0.0,0.02562899680924602,4.6972708527358895,9.4,606.390625,False
1773593380.981989,886,0,0,0,0,9.424964999197982,0.0,0.02518499968573451,4.6972708527358895,9.4,606.390625,False
1773593381.1950643,887,0,0,0,0,9.491447002801578,0.0,0.025407000066479668,4.6972708527358895,9.4,606.390625,False
1773593381.4080377,888,0,0,0,0,9.511465999821667,0.0,0.025130000722128898,4.6972708527358895,18.8,606.40625,False
1773593381.6209366,889,0,0,0,0,9.425150998140452,0.0,0.025240999093512073,4.6972708527358895,9.4,606.40625,False
1773593381.8338244,890,0,0,0,0,9.419150002941024,0.0,0.026722002075985074,4.69584883015336,9.4,606.40625,False
1773593382.0468419,891,0,0,0,0,9.41800299915485,0.0,0.02603699977044016,4.69584883015336,14.1,606.40625,False
1773593382.2598143,892,0,0,0,0,9.47207599892863,0.0,0.026647998311091214,4.69584883015336,4.7,606.40625,False
1773593382.472157,893,0,0,0,0,8.87194300230476,0.0,0.023666998458793387,4.69584883015336,18.8,606.40625,False
1773593382.6851075,894,0,0,0,0,9.451262001675786,0.0,0.025556000764481723,4.69584883015336,9.4,606.40625,False
1773593382.8980575,895,0,0,0,0,9.511298998404527,0.0,0.024797001970000565,4.698228468349632,9.4,606.40625,False
1773593383.110874,896,0,0,0,0,9.375187000841834,0.0,0.025426001229789108,4.698228468349632,9.4,606.40625,False
1773593383.3237185,897,0,0,0,0,9.395594999659806,0.0,0.025888999516610056,4.698228468349632,14.1,606.40625,False
1773593383.5366964,898,0,0,0,0,9.50239199664793,0.0,0.02437000148347579,4.698228468349632,14.1,606.40625,False
1773593383.7495663,899,0,0,0,0,9.42609500270919,0.0,0.026110999897355214,4.698228468349632,9.4,606.40625,False
1773593383.962507,900,0,0,0,0,9.431206002773251,0.0,0.025408000510651618,4.697267696406929,9.4,606.40625,False
1773593384.1753244,901,0,0,0,0,9.353445999295218,0.0,0.025556000764481723,4.697267696406929,9.4,606.40625,False
1773593384.3880892,902,0,0,0,0,9.301242000219645,0.0,0.025612000172259286,4.697267696406929,14.1,606.40625,False
1773593384.6010864,903,0,0,0,0,9.392520998517284,0.0,0.02518499968573451,4.697267696406929,18.8,606.40625,False
1773593384.8139954,904,0,0,0,0,9.446242998819798,0.0,0.0248889991780743,4.697267696406929,4.7,606.40625,False
1773593385.026763,905,0,0,0,0,9.3145570026536,0.0,0.02490800034138374,4.6981474242151,9.4,606.40625,False
1773593385.2395282,906,0,0,0,0,9.28590900002746,0.0,0.02522300201235339,4.6981474242151,14.1,606.40625,False
1773593385.4523764,907,0,0,0,0,9.39663200188079,0.0,0.024889002816053107,4.6981474242151,9.4,606.40625,False
1773593385.665262,908,0,0,0,0,9.419688001798932,0.0,0.025130000722128898,4.6981474242151,14.1,606.40625,False
1773593385.8781836,909,0,0,0,0,9.48148500174284,0.0,0.02562999725341797,4.6981474242151,9.4,606.40625,False
1773593386.091052,910,0,0,0,0,9.382909000123618,0.0,0.02492600106052123,4.697985344333782,14.1,606.40625,False
1773593386.304055,911,0,0,0,0,9.401909999724012,0.0,0.025851997634163126,4.697985344333782,9.4,606.40625,False
1773593386.5169883,912,0,0,0,0,9.464631999435369,0.0,0.025203997211065143,4.697985344333782,9.4,606.40625,False
1773593386.7298028,913,0,0,0,0,9.342205001303228,0.0,0.02596299964352511,4.697985344333782,18.8,606.40625,False
1773593386.9427195,914,0,0,0,0,9.374594999826513,0.0,0.024629996914882213,4.697985344333782,9.4,606.40625,False
1773593387.155479,915,0,0,0,0,9.280686997954035,0.0,0.02570400101831183,4.697370805346954,9.4,606.40625,False
1773593387.3682802,916,0,0,0,0,9.33172400254989,0.0,0.025649002054706216,4.697370805346954,9.4,606.40625,False
1773593387.5811582,917,0,0,0,0,9.43642899801489,0.0,0.02485199729562737,4.697370805346954,9.4,606.40625,False
1773593387.7940705,918,0,0,0,0,9.4162610002968,0.0,0.025239998649340123,4.697370805346954,14.1,606.40625,False
1773593388.0069146,919,0,0,0,0,9.374706001835875,0.0,0.024796001525828615,4.697370805346954,9.4,606.40625,False
1773593388.2197316,920,0,0,0,0,9.370206000312464,0.0,0.024778000806691125,4.698126374247979,14.1,606.40625,False
1773593388.432789,921,0,0,0,0,9.506335998594295,0.0,0.05644499833579175,4.698126374247979,9.4,606.40625,False
1773593388.6458302,922,0,0,0,0,9.491058997809887,0.0,0.027556001441553235,4.698126374247979,9.4,606.40625,False
1773593388.8588448,923,0,0,0,0,9.476577000896214,0.0,0.02544499875511974,4.698126374247979,18.8,606.40625,False
1773593389.0716417,924,0,0,0,0,9.34733499889262,0.0,0.0254259975918103,4.698126374247979,9.4,606.40625,False
1773593389.2844448,925,0,0,0,0,9.34716799747548,0.0,0.02433299960102886,4.696084372017576,9.4,606.40625,False
1773593389.4972947,926,0,0,0,0,9.42378100080532,0.0,0.024926997866714373,4.696084372017576,9.4,606.40625,False
1773593389.7101936,927,0,0,0,0,9.325298000476323,0.0,0.024406999727943912,4.696084372017576,9.4,606.40625,False
1773593389.9230907,928,0,0,0,0,9.445297997444868,0.0,0.025073997676372528,4.696084372017576,18.8,606.40625,False
1773593390.1359568,929,0,0,0,0,9.411668997927336,0.0,0.025593002646928653,4.696084372017576,9.4,606.40625,False
1773593390.3488944,930,0,0,0,0,9.398113001225283,0.0,0.024166998628061265,4.697283478094148,9.4,606.40625,False
1773593390.5618207,931,0,0,0,0,9.379353999975137,0.0,0.02576000042608939,4.697283478094148,9.4,606.40625,False
1773593390.7747414,932,0,0,0,0,9.457206000661245,0.0,0.026223002350889146,4.697283478094148,9.4,606.40625,False
1773593390.98727,933,0,0,0,0,8.98600000073202,0.0,0.024832999770296738,4.697283478094148,18.8,606.40625,False
1773593391.200195,934,0,0,0,0,9.33592699948349,0.0,0.025555997126502916,4.697283478094148,9.4,606.40625,False
1773593391.4131496,935,0,0,0,0,9.400724000443006,0.0,0.025908000679919496,4.698124269261641,9.4,606.40625,False
1773593391.626058,936,0,0,0,0,9.402632000274025,0.0,0.025389002985320985,4.698124269261641,9.4,606.40625,False
1773593391.838858,937,0,0,0,0,9.336983999673976,0.0,0.025110999558819458,4.698124269261641,9.4,606.40625,False
1773593392.051781,938,0,0,0,0,9.389427999849431,0.0,0.02548100019339472,4.698124269261641,18.8,606.40625,False
1773593392.2648623,939,0,0,0,0,9.502594999503344,0.0,0.024297001800732687,4.698124269261641,9.4,606.40625,False
1773593392.477689,940,0,0,0,0,9.383797998452792,0.0,0.025092998839681968,4.6968763444869905,9.4,606.40625,False
1773593392.6908298,941,0,0,0,0,9.464983999350807,0.0,0.02516699896659702,4.6968763444869905,9.4,606.40625,False
1773593392.9037416,942,0,0,0,0,9.443946997635067,0.0,0.02594499892438762,4.6968763444869905,9.4,606.40625,False
1773593393.1166403,943,0,0,0,0,9.320537999883527,0.0,0.02633400072227232,4.6968763444869905,18.8,606.40625,False
1773593393.329601,944,0,0,0,0,9.430836002138676,0.0,0.025000001187436283,4.6968763444869905,9.4,606.40625,False
1773593393.5425363,945,0,0,0,0,9.382483000081265,0.0,0.024593002308392897,4.6955249986677945,9.4,606.40625,False
1773593393.7554057,946,0,0,0,0,9.36420599828125,0.0,0.025110999558819458,4.6955249986677945,9.4,606.40625,False
1773593393.968212,947,0,0,0,0,9.33955800064723,0.0,0.025388999347342178,4.6955249986677945,9.4,606.40625,False
1773593394.1822653,948,0,0,0,0,9.431651000340935,0.0,0.024684999516466632,4.6955249986677945,18.8,606.40625,False
1773593394.395126,949,0,0,0,0,9.348001996841049,0.0,0.025332999939564615,4.6955249986677945,9.3,606.40625,False
1773593394.6079934,950,0,0,0,0,9.391890998813324,0.0,0.026149002223974094,4.6928613929470755,14.1,606.40625,False
1773593394.8208418,951,0,0,0,0,9.374557997944066,0.0,0.026500001695239916,4.6928613929470755,9.4,606.40625,False
1773593395.033798,952,0,0,0,0,9.326520998001797,0.0,0.024962999304989353,4.6928613929470755,9.4,606.40625,False
1773593395.2466366,953,0,0,0,0,9.372632001031889,0.0,0.0260560009337496,4.6928613929470755,18.8,606.40625,False
1773593395.459487,954,0,0,0,0,9.350667998660356,0.0,0.026647998311091214,4.6928613929470755,9.4,606.40625,False
1773593395.672253,955,0,0,0,0,9.293186998547753,0.0,0.02659300298546441,4.698112691870502,9.4,606.40625,False
1773593395.8850691,956,0,0,0,0,9.335409002233064,0.0,0.024834000214468688,4.698112691870502,9.4,606.40625,False
1773593396.0980477,957,0,0,0,0,9.458262000407558,0.0,0.025518998882034793,4.698112691870502,9.4,606.40625,False
1773593396.310898,958,0,0,0,0,9.359243002108997,0.0,0.025278000975959003,4.698112691870502,18.8,606.40625,False
1773593396.5238495,959,0,0,0,0,9.413058000063756,0.0,0.02572299854364246,4.698112691870502,9.4,606.421875,False
1773593396.736778,960,0,0,0,0,9.393762000399875,0.0,0.02627800131449476,4.696922630023321,9.4,606.421875,False
1773593396.9496527,961,0,0,0,0,9.419797999726143,0.0,0.025332999939564615,4.696922630023321,9.4,606.421875,False
1773593397.1626163,962,0,0,0,0,9.447484000702389,0.0,0.025834000553004444,4.696922630023321,9.4,606.421875,False
1773593397.375667,963,0,0,0,0,9.386410001752665,0.0,0.025036999431904405,4.696922630023321,18.8,606.421875,False
1773593397.5886981,964,0,0,0,0,9.474540001974674,0.0,0.025555000320309773,4.696922630023321,9.4,606.421875,False
1773593397.8015704,965,0,0,0,0,9.425262000149814,0.0,0.024962999304989353,4.6957373766142805,14.1,606.421875,False
1773593398.0145507,966,0,0,0,0,9.513818000414176,0.0,0.026666999474400654,4.6957373766142805,9.4,606.421875,False
1773593398.2274423,967,0,0,0,0,9.434260999114485,0.0,0.025426001229789108,4.6957373766142805,9.4,606.421875,False
1773593398.44034,968,0,0,0,0,9.40924300084589,0.0,0.025573997845640406,4.6957373766142805,14.1,606.421875,False
1773593398.653266,969,0,0,0,0,9.451502999581862,0.0,0.026112000341527164,4.6957373766142805,14.1,606.421875,False
1773593398.8661842,970,0,0,0,0,9.420614002010552,0.0,0.026167002943111584,4.696587080551492,9.4,606.4375,False
1773593399.0792642,971,0,0,0,0,9.533799999189796,0.0,0.02492600106052123,4.696587080551492,9.4,606.453125,False
1773593399.2922053,972,0,0,0,0,9.442057998967357,0.0,0.025889003154588863,4.696587080551492,9.4,606.453125,False
1773593399.5050218,973,0,0,0,0,9.322113000962418,0.0,0.02512999708415009,4.696587080551492,18.8,606.453125,False
1773593399.7183416,974,0,0,0,0,9.658244001911953,0.0,0.025036999431904405,4.696587080551492,9.4,606.453125,False
1773593399.9313836,975,0,0,0,0,9.523984997940715,0.0,0.025037003069883212,4.693967446774223,9.4,606.453125,False
1773593400.1442444,976,0,0,0,0,9.402760999364546,0.0,0.025592002202756703,4.693967446774223,9.4,606.453125,False
1773593400.357197,977,0,0,0,0,9.409761998540489,0.0,0.025517998437862843,4.693967446774223,9.4,606.453125,False
1773593400.5702007,978,0,0,0,0,9.521429001324577,0.0,0.025408000510651618,4.693967446774223,18.8,606.453125,False
1773593400.7830973,979,0,0,0,0,9.45226100157015,0.0,0.02577800114522688,4.693967446774223,9.4,606.453125,False
1773593400.9959521,980,0,0,0,0,9.384909997606883,0.0,0.02626000059535727,4.696754323354704,9.4,606.453125,False
1773593401.2095695,981,0,0,0,0,10.153674000321189,0.0,0.025018998712766916,4.696754323354704,9.4,606.453125,False
1773593401.422446,982,0,0,0,0,9.384113000123762,0.0,0.02520400084904395,4.696754323354704,9.4,606.453125,False
1773593401.6352422,983,0,0,0,0,9.334075999504421,0.0,0.025666002329671755,4.696754323354704,18.8,606.453125,False
1773593401.8480272,984,0,0,0,0,9.31113100159564,0.0,0.024777997168712318,4.696754323354704,9.4,606.453125,False
1773593402.0608919,985,0,0,0,0,9.387908998178318,0.0,0.025314999220427126,4.695072970966537,9.4,606.453125,False
1773593402.2736733,986,0,0,0,0,9.34481600052095,0.0,0.027518002752913162,4.695072970966537,9.4,606.453125,False
1773593402.4865873,987,0,0,0,0,9.386095000081696,0.0,0.024796001525828615,4.695072970966537,9.4,606.453125,False
1773593402.6989415,988,0,0,0,0,8.864832001563627,0.0,0.025056000595213845,4.695072970966537,18.8,606.453125,False
1773593402.9117322,989,0,0,0,0,9.3797990011808,0.0,0.025371002266183496,4.695072970966537,9.4,606.453125,False
1773593403.124646,990,0,0,0,0,9.435484000277938,0.0,0.02520400084904395,4.70048619721694,9.4,606.453125,False
1773593403.33752,991,0,0,0,0,9.416613000212237,0.0,0.025389002985320985,4.70048619721694,9.4,606.453125,False
1773593403.5504248,992,0,0,0,0,9.42844699966372,0.0,0.02544399831094779,4.70048619721694,9.4,606.453125,False
1773593403.7633445,993,0,0,0,0,9.43668699983391,0.0,0.026982001145370305,4.70048619721694,18.8,606.453125,False
1773593403.976207,994,0,0,0,0,9.365502002765425,0.0,0.025426001229789108,4.70048619721694,9.4,606.453125,False
1773593404.1891496,995,0,0,0,0,9.413687999767717,0.0,0.025018998712766916,4.696946825098557,9.4,606.453125,False
1773593404.4020076,996,0,0,0,0,9.386149999045301,0.0,0.02592599776107818,4.696946825098557,9.4,606.453125,False
1773593404.6149466,997,0,0,0,0,9.43885400192812,0.0,0.0262039975496009,4.696946825098557,9.4,606.453125,False
1773593404.8278403,998,0,0,0,0,9.417465000296943,0.0,0.02568499985500239,4.696946825098557,18.8,606.453125,False
1773593405.040827,999,0,0,0,0,9.439094999834197,0.0,0.025481996999587864,4.696946825098557,9.4,606.453125,False
1773593405.2536578,1000,0,0,0,0,9.359112998936325,0.0,0.0262039975496009,4.696994164010194,9.4,606.453125,False
1773593405.4665277,1001,0,0,0,0,9.364112996991025,0.0,0.02574099926277995,4.696994164010194,9.4,606.453125,False
1773593405.6795561,1002,0,0,0,0,9.446133000892587,0.0,0.027519003197085112,4.696994164010194,9.4,606.453125,False
1773593405.8923557,1003,0,0,0,0,9.340909000457032,0.0,0.02546399991842918,4.696994164010194,23.5,606.453125,False
1773593406.1053495,1004,0,0,0,0,9.496280003077118,0.0,0.025018998712766916,4.696994164010194,9.4,606.453125,False
1773593406.31819,1005,0,0,0,0,9.40315000116243,0.0,0.02601799860713072,4.696898435197354,9.4,606.453125,False
1773593406.531133,1006,0,0,0,0,9.44546599930618,0.0,0.026482000976102427,4.696898435197354,9.4,606.453125,False
1773593406.7440586,1007,0,0,0,0,9.46572500106413,0.0,0.02598200080683455,4.696898435197354,9.4,606.453125,False
1773593406.9570215,1008,0,0,0,0,9.387299000081839,0.0,0.025000001187436283,4.696898435197354,18.8,606.453125,False
1773593407.169997,1009,0,0,0,0,9.436724001716357,0.0,0.02603699977044016,4.696898435197354,9.4,606.453125,False
1773593407.382809,1010,0,0,0,0,9.344724003312876,0.0,0.024426000891253352,4.696538698062443,9.4,606.453125,False
1773593407.5957887,1011,0,0,0,0,9.436632000870304,0.0,0.02572299854364246,4.696538698062443,9.4,606.453125,False
1773593407.8086746,1012,0,0,0,0,9.361389998957748,0.0,0.025130000722128898,4.696538698062443,9.4,606.453125,False
1773593408.0216842,1013,0,0,0,0,9.419649999472313,0.0,0.025739998818608,4.696538698062443,18.8,606.453125,False
1773593408.2345855,1014,0,0,0,0,9.416225002496503,0.0,0.025889003154588863,4.696538698062443,9.4,606.453125,False
1773593408.4474382,1015,0,0,0,0,9.358021001389716,0.0,0.026073998014908284,4.6964892648097205,9.4,606.453125,False
1773593408.6603196,1016,0,0,0,0,9.414132000529207,0.0,0.026665999030228704,4.6964892648097205,9.4,606.453125,False
1773593408.8732135,1017,0,0,0,0,9.40581699978793,0.0,0.02492600106052123,4.6964892648097205,9.4,606.453125,False
1773593409.0860946,1018,0,0,0,0,9.42139100152417,0.0,0.025538000045344234,4.6964892648097205,18.8,606.453125,False
1773593409.2989416,1019,0,0,0,0,9.3994089984335,0.0,0.024981000024126843,4.6964892648097205,9.4,606.453125,False
1773593409.5119207,1020,0,0,0,0,9.375908997753868,0.0,0.02572199809947051,4.697182477128373,9.4,606.453125,False
1773593409.7248662,1021,0,0,0,0,9.43359499797225,0.0,0.025314999220427126,4.697182477128373,9.4,606.453125,False
1773593409.9378438,1022,0,0,0,0,9.475446997385006,0.0,0.02596299964352511,4.697182477128373,9.4,606.453125,False
1773593410.1507106,1023,0,0,0,0,9.376799000165192,0.0,0.024999997549457476,4.697182477128373,18.8,606.453125,False
1773593410.3637037,1024,0,0,0,0,9.385446999658598,0.0,0.02622299871291034,4.697182477128373,9.4,606.453125,False
1773593410.5766892,1025,0,0,0,0,9.435594998649321,0.0,0.02596400008769706,4.695904558906939,9.4,606.453125,False
1773593410.7895753,1026,0,0,0,0,9.428632001799997,0.0,0.026110999897355214,4.695904558906939,9.4,606.453125,False
1773593411.0024436,1027,0,0,0,0,9.384742999827722,0.0,0.025408000510651618,4.695904558906939,14.1,606.453125,False
1773593411.2149158,1028,0,0,0,0,8.92159199793241,0.0,0.02459299867041409,4.695904558906939,14.1,606.453125,False
1773593411.427758,1029,0,0,0,0,9.391020001203287,0.0,0.026186000468442217,4.695904558906939,9.4,606.453125,False
1773593411.6407852,1030,0,0,0,0,9.412909999809926,0.0,0.025870998797472566,4.698706369836895,9.4,606.46875,False
1773593411.8537154,1031,0,0,0,0,9.412095001607668,0.0,0.025314999220427126,4.698706369836895,14.1,606.46875,False
1773593412.0666156,1032,0,0,0,0,9.43970699881902,0.0,0.024943998141679913,4.698706369836895,9.4,606.46875,False
1773593412.2795749,1033,0,0,0,0,9.415836000698619,0.0,0.026370998966740444,4.698706369836895,14.1,606.46875,False
1773593412.4924674,1034,0,0,0,0,9.41848399816081,0.0,0.02622299871291034,4.698706369836895,14.1,606.46875,False
1773593412.705481,1035,0,0,0,0,9.524447999865515,0.0,0.025055000151041895,4.696128538747754,9.4,606.46875,False
1773593412.9183984,1036,0,0,0,0,9.436038999410812,0.0,0.02564799797255546,4.696128538747754,9.4,606.46875,False
1773593413.1314015,1037,0,0,0,0,9.455373001401313,0.0,0.024647997634019703,4.696128538747754,9.4,606.46875,False
1773593413.3442504,1038,0,0,0,0,9.363280001707608,0.0,0.025722001737449318,4.696128538747754,18.8,606.46875,False
1773593413.5571685,1039,0,0,0,0,9.432539001863915,0.0,0.02607400165288709,4.696128538747754,9.4,606.46875,False
1773593413.7700605,1040,0,0,0,0,9.414853997441242,0.0,0.025314999220427126,4.696758530874414,9.4,606.46875,False
1773593413.982844,1041,0,0,0,0,9.316186999058118,0.0,0.02564899841672741,4.696758530874414,9.4,606.46875,False
1773593414.1957486,1042,0,0,0,0,9.344594000140205,0.0,0.02516599852242507,4.696758530874414,9.4,606.46875,False
1773593414.4087548,1043,0,0,0,0,9.378557002492016,0.0,0.024556000425945967,4.696758530874414,23.5,606.46875,False
1773593414.6217885,1044,0,0,0,0,9.520965999399778,0.0,0.025054996513063088,4.696758530874414,4.7,606.46875,False
1773593414.834843,1045,0,0,0,0,9.45820600099978,0.0,0.024814999051159248,4.6958204405421675,9.4,606.46875,False
1773593415.0476856,1046,0,0,0,0,9.354797999549191,0.0,0.025036999431904405,4.6958204405421675,9.4,606.46875,False
1773593415.2605896,1047,0,0,0,0,9.392002000822686,0.0,0.025463003112236038,4.6958204405421675,9.4,606.46875,False
1773593415.4734905,1048,0,0,0,0,9.4137989981391,0.0,0.02550000135670416,4.6958204405421675,18.8,606.46875,False
1773593415.6864786,1049,0,0,0,0,9.389521001139656,0.0,0.02490800034138374,4.6958204405421675,9.4,606.46875,False
1773593415.8993046,1050,0,0,0,0,9.3579470012628,0.0,0.025795998226385564,4.697214039463593,9.4,606.46875,False
1773593416.1121385,1051,0,0,0,0,9.366835001856089,0.0,0.025371002266183496,4.697214039463593,14.1,606.46875,False
1773593416.325014,1052,0,0,0,0,9.395723998750327,0.0,0.024240001948783174,4.697214039463593,9.4,606.46875,False
1773593416.53787,1053,0,0,0,0,9.355872000014642,0.0,0.025629000447224826,4.697214039463593,14.1,606.46875,False
1773593416.7507684,1054,0,0,0,0,9.374910001497483,0.0,0.025240999093512073,4.697214039463593,9.4,606.46875,False
1773593416.9637177,1055,0,0,0,0,9.361038999486482,0.0,0.025130000722128898,4.697442352985974,14.1,606.484375,False
1773593417.176628,1056,0,0,0,0,9.394798998982878,0.0,0.025741002900758758,4.697442352985974,9.4,606.484375,False
1773593417.3894951,1057,0,0,0,0,9.3947429995751,0.0,0.025518998882034793,4.697442352985974,9.4,606.484375,False
1773593417.6023633,1058,0,0,0,0,9.378631999425124,0.0,0.025037003069883212,4.697442352985974,18.8,606.484375,False
1773593417.8152003,1059,0,0,0,0,9.376354002597509,0.0,0.025148001441266388,4.697442352985974,9.4,606.484375,False
1773593418.0279665,1060,0,0,0,0,9.337445997516625,0.0,0.025260000256821513,4.698155844254765,9.4,606.484375,False
