timestamp,frame_index,motion_regions,yolo_detections,confirmed_tracks,new_confirmations,time_mog2_ms,time_yolo_ms,time_tracker_ms,fps,cpu_percent,ram_mb,yolo_ran
1773587344.7809587,0,0,0,0,0,7.688318997679744,0.0,0.026407000405015424,0.0,0.0,456.953125,False
1773587344.9914703,1,0,0,0,0,7.129353001801064,0.0,0.025037999876076356,0.0,9.5,461.859375,False
1773587345.201625,2,0,0,0,0,7.082131000061054,0.0,0.021500000002561137,0.0,4.8,464.484375,False
1773587345.4117975,3,0,0,0,0,7.024074999208096,0.0,0.020666000636992976,0.0,14.3,467.46875,False
1773587345.6220317,4,0,0,0,0,7.13503799852333,0.0,0.02125899845850654,4.756522052718041,9.5,470.109375,False
1773587345.832146,5,0,0,0,0,7.027019000815926,0.0,0.021573996491497383,4.756522052718041,4.8,472.734375,False
1773587346.0422297,6,0,0,0,0,7.060001000354532,0.0,0.02105500243487768,4.756522052718041,9.5,475.359375,False
1773587346.2522664,7,0,0,0,0,6.9982969980628695,0.0,0.02105500243487768,4.756522052718041,4.8,477.984375,False
1773587346.4623513,8,0,0,0,0,7.027332998404745,0.0,0.022593001631321386,4.756522052718041,14.3,481.921875,False
1773587346.6724231,9,0,0,0,0,6.995463001658209,0.0,0.02190700251958333,4.760150733990642,9.5,484.546875,False
1773587346.8826497,10,0,0,0,0,7.064740999339847,0.0,0.021518000721698627,4.760150733990642,4.8,484.546875,False
1773587347.092864,11,0,0,0,0,7.090203998814104,0.0,0.021981999452691525,4.760150733990642,9.5,484.546875,False
1773587347.3030453,12,0,0,0,0,7.033834001049399,0.0,0.021666997781721875,4.760150733990642,9.5,484.546875,False
1773587347.5131855,13,0,0,0,0,7.056834001559764,0.0,0.02053700154647231,4.760150733990642,9.5,484.546875,False
1773587347.723341,14,0,0,0,0,7.016259001829894,0.0,0.021036998077761382,4.757746829079274,9.5,484.546875,False
1773587347.9335432,15,0,0,0,0,6.980629997997312,0.0,0.021370000467868522,4.757746829079274,9.5,484.546875,False
1773587348.143639,16,0,0,0,0,7.007907999650342,0.0,0.02127799962181598,4.757746829079274,4.8,484.546875,False
1773587348.3538392,17,0,0,0,0,7.050203999824589,0.0,0.02124099773936905,4.757746829079274,9.5,484.546875,False
1773587348.5640063,18,0,0,0,0,7.033444999251515,0.0,0.021926000044913962,4.757746829079274,14.3,484.546875,False
1773587348.7740488,19,0,0,0,0,6.9732410011056345,0.0,0.02125899845850654,4.758679592757347,4.8,484.546875,False
1773587348.9841344,20,0,0,0,0,7.017371000983985,0.0,0.021370000467868522,4.758679592757347,9.5,484.546875,False
1773587349.1942592,21,0,0,0,0,7.048908002616372,0.0,0.021500000002561137,4.758679592757347,4.8,484.546875,False
1773587349.4044337,22,0,0,0,0,7.036574002995621,0.0,0.021463001758093014,4.758679592757347,9.5,484.546875,False
1773587349.6146803,23,0,0,0,0,7.083353000780335,0.0,0.02292599674547091,4.758679592757347,9.5,484.546875,False
1773587349.8247972,24,0,0,0,0,7.056649003061466,0.0,0.021166997612453997,4.758514389208281,9.5,484.546875,False
1773587350.0349913,25,0,0,0,0,7.063166998705128,0.0,0.022055999579606578,4.758514389208281,4.8,484.546875,False
1773587350.2452621,26,0,0,0,0,7.067520000418881,0.0,0.021777999791083857,4.758514389208281,9.5,484.546875,False
1773587350.4554048,27,0,0,0,0,7.037111001409357,0.0,0.021758998627774417,4.758514389208281,4.8,484.546875,False
1773587350.6656773,28,0,0,0,0,7.07453799986979,0.0,0.022500000341096893,4.758514389208281,14.3,484.546875,False
1773587350.875829,29,0,0,0,0,6.99874099882436,0.0,0.02220300302724354,4.757279505188053,9.5,484.546875,False
1773587351.0860662,30,0,0,0,0,7.074409000779269,0.0,0.02294500154675916,4.757279505188053,4.8,484.546875,False
1773587351.296182,31,0,0,0,0,7.00498199876165,0.0,0.021926000044913962,4.757279505188053,9.5,484.546875,False
1773587351.5064716,32,0,0,0,0,7.116223001503386,0.0,0.022480999177787453,4.757279505188053,4.8,484.546875,False
1773587351.7169268,33,0,0,0,0,7.310223998501897,0.0,0.019017999875359237,4.757279505188053,14.3,484.546875,False
1773587351.9270656,34,0,0,0,0,7.026741001027403,0.0,0.02129600034095347,4.756317085688923,9.5,484.546875,False
1773587352.13958,35,0,0,0,0,9.318919997895136,0.0,0.0262039975496009,4.756317085688923,9.4,484.546875,False
1773587352.3524413,36,0,0,0,0,9.422901999641908,0.0,0.02574099926277995,4.756317085688923,9.4,484.546875,False
1773587352.565491,37,0,0,0,0,9.523755001282552,0.0,0.02490699989721179,4.756317085688923,9.4,484.546875,False
1773587352.777937,38,0,0,0,0,8.861863003403414,0.0,0.02631499955896288,4.756317085688923,18.8,484.546875,False
1773587352.9907386,39,0,0,0,0,9.312975998909678,0.0,0.02605500048957765,4.700903440533959,9.4,484.546875,False
1773587353.2036953,40,0,0,0,0,9.465162002015859,0.0,0.02574099926277995,4.700903440533959,9.4,484.546875,False
1773587353.4166596,41,0,0,0,0,9.363012999529019,0.0,0.025795998226385564,4.700903440533959,9.4,484.546875,False
1773587353.6296527,42,0,0,0,0,9.425678999832598,0.0,0.024500001018168405,4.700903440533959,9.4,484.546875,False
1773587353.8426127,43,0,0,0,0,9.387532001710497,0.0,0.026092999178217724,4.700903440533959,18.8,484.546875,False
1773587354.0555973,44,0,0,0,0,9.38716099699377,0.0,0.025871002435451373,4.695445099067382,9.4,484.546875,False
1773587354.2685437,45,0,0,0,0,9.344882997538662,0.0,0.025000997993629426,4.695445099067382,9.4,484.546875,False
1773587354.4816446,46,0,0,0,0,9.513142998912372,0.0,0.025277997337980196,4.695445099067382,9.4,484.546875,False
1773587354.6945245,47,0,0,0,0,9.447568998439237,0.0,0.026482000976102427,4.695445099067382,9.4,484.546875,False
1773587354.9073958,48,0,0,0,0,9.395680001034634,0.0,0.02600000152597204,4.695445099067382,18.8,484.546875,False
1773587355.1202316,49,0,0,0,0,9.38077200044063,0.0,0.02522200156818144,4.6964587639601465,9.4,484.546875,False
1773587355.3331263,50,0,0,0,0,9.40073499805294,0.0,0.025260000256821513,4.6964587639601465,9.4,484.546875,False
1773587355.5461693,51,0,0,0,0,9.502384000370512,0.0,0.025592999008949846,4.6964587639601465,9.4,484.546875,False
1773587355.758983,52,0,0,0,0,9.38293900253484,0.0,0.026130001060664654,4.6964587639601465,9.4,484.546875,False
1773587355.971925,53,0,0,0,0,9.45093900008942,0.0,0.025056000595213845,4.6964587639601465,18.8,484.546875,False
1773587356.184908,54,0,0,0,0,9.498476996668614,0.0,0.025463003112236038,4.696249475713058,9.4,484.546875,False
1773587356.397647,55,0,0,0,0,9.341717002826044,0.0,0.0259810003626626,4.696249475713058,14.1,484.546875,False
1773587356.6105607,56,0,0,0,0,9.433866001927527,0.0,0.026110999897355214,4.696249475713058,9.4,484.546875,False
1773587356.823376,57,0,0,0,0,9.38436499927775,0.0,0.02562999725341797,4.696249475713058,9.4,484.546875,False
1773587357.036203,58,0,0,0,0,9.384606000821805,0.0,0.024889002816053107,4.696249475713058,18.8,484.546875,False
1773587357.2490923,59,0,0,0,0,9.378513001138344,0.0,0.024369997845496982,4.698433722496159,9.4,484.546875,False
1773587357.461889,60,0,0,0,0,9.402234998560743,0.0,0.025091998395510018,4.698433722496159,9.4,484.546875,False
1773587357.6748374,61,0,0,0,0,9.448197997699026,0.0,0.028611000743694603,4.698433722496159,9.4,484.546875,False
1773587357.887626,62,0,0,0,0,9.279179001168814,0.0,0.025851997634163126,4.698433722496159,14.1,484.546875,False
1773587358.1006649,63,0,0,0,0,9.400587998243282,0.0,0.026444999093655497,4.698433722496159,14.1,484.546875,False
1773587358.3135939,64,0,0,0,0,9.468753996770829,0.0,0.02520400084904395,4.697064648157796,9.4,484.546875,False
1773587358.5264554,65,0,0,0,0,9.35803199899965,0.0,0.025573997845640406,4.697064648157796,9.4,484.546875,False
1773587358.7392726,66,0,0,0,0,9.383012999023777,0.0,0.026167002943111584,4.697064648157796,14.1,484.546875,False
1773587358.9522245,67,0,0,0,0,9.48008699924685,0.0,0.026110999897355214,4.697064648157796,9.4,484.546875,False
1773587359.16509,68,0,0,0,0,9.39434599786182,0.0,0.025295998057117686,4.697064648157796,14.1,484.8125,False
1773587359.3779962,69,0,0,0,0,9.492790999502176,0.0,0.025814999389695004,4.697471814412017,14.1,484.8125,False
1773587359.5908375,70,0,0,0,0,9.418383000593167,0.0,0.02609300281619653,4.697471814412017,9.4,484.8125,False
1773587359.8036315,71,0,0,0,0,9.340160999272484,0.0,0.025574001483619213,4.697471814412017,9.4,484.8125,False
1773587360.0164309,72,0,0,0,0,9.367457001644652,0.0,0.025739998818608,4.697471814412017,9.4,484.8125,False
1773587360.229275,73,0,0,0,0,9.393828000611393,0.0,0.025110999558819458,4.697471814412017,18.8,484.8125,False
1773587360.4420848,74,0,0,0,0,9.388956998009235,0.0,0.025888999516610056,4.6988674466475215,9.4,484.8125,False
1773587360.6558259,75,0,0,0,0,9.527736001473386,0.0,0.025908000679919496,4.6988674466475215,9.4,484.8125,False
1773587360.8689072,76,0,0,0,0,9.550310998747591,0.0,0.025517998437862843,4.6988674466475215,9.4,484.8125,False
1773587361.0819044,77,0,0,0,0,9.498087998508709,0.0,0.02575899998191744,4.6988674466475215,9.4,484.8125,False
1773587361.2942958,78,0,0,0,0,8.846548000292387,0.0,0.02464800127199851,4.6988674466475215,18.8,484.8125,False
1773587361.5070632,79,0,0,0,0,9.292901999288006,0.0,0.02592599776107818,4.694949992444298,9.4,484.8125,False
1773587361.7199905,80,0,0,0,0,9.481958000833401,0.0,0.02633300027810037,4.694949992444298,9.4,484.8125,False
1773587361.9329512,81,0,0,0,0,9.413903000677237,0.0,0.02490699989721179,4.694949992444298,9.4,484.8125,False
1773587362.145876,82,0,0,0,0,9.498179999354761,0.0,0.024796998332021758,4.694949992444298,9.4,484.8125,False
1773587362.3587244,83,0,0,0,0,9.39119800023036,0.0,0.026388999685877934,4.694949992444298,14.1,484.8125,False
1773587362.5716546,84,0,0,0,0,9.469309999985853,0.0,0.025888999516610056,4.6966554488116214,9.4,484.8125,False
1773587362.784468,85,0,0,0,0,9.366272002807818,0.0,0.02518499968573451,4.6966554488116214,14.1,484.8125,False
1773587362.9973817,86,0,0,0,0,9.400771999935387,0.0,0.024834000214468688,4.6966554488116214,9.4,484.8125,False
1773587363.2102966,87,0,0,0,0,9.409420999872964,0.0,0.024982000468298793,4.6966554488116214,9.4,484.8125,False
1773587363.423132,88,0,0,0,0,9.394160999363521,0.0,0.02568600029917434,4.6966554488116214,18.8,484.8125,False
1773587363.636078,89,0,0,0,0,9.524070002953522,0.0,0.024426000891253352,4.69734660590349,9.4,484.859375,False
1773587364.8440096,90,1,1,0,0,9.616032999474555,994.9056750010641,0.04124100087210536,0.8278150975898393,131.6,562.453125,True
1773587365.7415853,91,1,1,1,1,7.155112001782982,687.1087510007783,0.04563000038615428,0.8278150975898393,134.8,566.046875,True
1773587366.6255693,92,1,1,1,0,7.1121860019047745,673.5756429989124,0.04364800042822026,1.1226148338488537,135.8,569.0,True
1773587367.6260552,93,1,1,1,0,7.134056999348104,790.1295089977793,0.03303700214019045,0.9995138625432043,136.9,598.21875,True
1773587368.6109295,94,1,1,1,0,7.168815998738864,774.5062959984352,0.03546299922163598,0.9995138625432043,137.1,601.046875,True
1773587369.5965846,95,1,1,1,0,7.168334999732906,775.2336339981412,0.03355599983478896,0.9200894225244994,138.0,603.671875,True
1773587370.5805118,96,1,1,1,0,7.16983500024071,773.5207739970065,0.03242599996156059,1.070904629245935,137.2,605.859375,True
1773587371.6394691,97,1,1,1,0,7.188946001406293,848.5165290003351,0.033352000173181295,0.9443036321760411,138.8,595.203125,True
1773587372.623672,98,1,1,1,0,7.226556997920852,773.7676109973108,0.03318499875604175,0.9443036321760411,138.2,626.78125,True
1773587373.5084734,99,1,1,1,0,7.203094002761645,674.3875609972747,0.03351900159032084,0.9206634003118264,134.5,624.171875,True
1773587374.3926105,100,1,1,1,0,7.119870999304112,673.7769659994228,0.03231499795219861,1.1998027362902295,134.6,626.25,True
1773587375.2774553,101,1,1,1,0,7.211983000161126,674.3803219978872,0.03401800131541677,1.1998027362902295,134.5,629.359375,True
1773587376.2143683,102,1,1,1,0,7.144889998016879,726.3341750003747,0.03348199970787391,1.0978288565936085,135.6,634.0625,True
1773587377.198791,103,1,1,1,0,7.224779998068698,774.019413998758,0.03355599983478896,1.0978288565936085,139.2,639.453125,True
1773587378.2421408,104,1,1,1,0,7.217852999019669,832.9537499994331,0.03207400004612282,0.9204845866217679,139.0,614.203125,True
1773587379.2847862,105,1,1,1,0,7.122428000002401,832.2438210016116,0.03370400008861907,0.9583731960115005,138.1,616.453125,True
1773587379.4951222,106,0,0,1,0,7.110444999852916,0.0,0.029241000447655097,0.9591792910957612,9.5,618.140625,False
1773587379.7054539,107,0,0,1,0,7.040649001282873,0.0,0.03120399924227968,0.9591792910957612,9.5,620.765625,False
1773587379.9157977,108,0,0,1,0,7.077907997881994,0.0,0.030093000532360747,0.9591792910957612,9.5,623.390625,False
1773587380.126113,109,0,0,1,0,7.090297000104329,0.0,0.029480997909558937,0.9591792910957612,9.5,626.015625,False
1773587380.3364534,110,0,0,1,0,7.096612000168534,0.0,0.029777998861391097,0.9591792910957612,14.3,628.640625,False
1773587380.5468616,111,0,0,1,0,7.1308719998341985,0.0,0.030019000405445695,4.754275931142581,4.8,631.265625,False
1773587380.757225,112,0,0,1,0,7.096760997228557,0.0,0.02929699985543266,4.754275931142581,9.5,633.890625,False
1773587380.9675546,113,0,0,1,0,7.041667002340546,0.0,0.030093000532360747,4.754275931142581,14.3,636.515625,False
1773587381.1779344,114,0,0,1,0,7.1463530002802145,0.0,0.030093000532360747,4.754275931142581,9.5,639.140625,False
1773587381.3881981,115,0,0,1,0,7.050537999020889,0.0,0.03012999877682887,4.754275931142581,4.8,641.765625,False
1773587381.5985322,116,0,0,1,0,7.0741310009907465,0.0,0.03103700146311894,4.75382545272542,9.5,644.390625,False
1773587381.8089297,117,0,0,1,0,7.0848899995326065,0.0,0.03012899833265692,4.75382545272542,9.5,647.015625,False
1773587382.0192094,118,0,0,1,0,7.054649002384394,0.0,0.030111001251498237,4.75382545272542,9.5,649.640625,False
1773587382.2295249,119,0,0,1,0,7.122667997464305,0.0,0.02961100108223036,4.75382545272542,9.5,653.578125,False
1773587382.439871,120,0,0,1,0,7.091315997968195,0.0,0.029703998734476045,4.75382545272542,9.5,656.203125,False
1773587382.6509118,121,0,0,0,0,7.724614999460755,0.0,0.031110997952055186,4.754223119446582,9.5,657.515625,False
1773587382.8612463,122,0,0,0,0,7.098518999555381,0.0,0.030203998903743923,4.754223119446582,4.8,660.140625,False
1773587383.071606,123,0,0,0,0,7.087297999532893,0.0,0.029241000447655097,4.754223119446582,14.3,662.765625,False
1773587383.2819352,124,0,0,0,0,7.111242000974016,0.0,0.028166999982204288,4.754223119446582,9.5,665.390625,False
1773587383.4922087,125,0,0,0,0,7.037407998723211,0.0,0.029907998396083713,4.754223119446582,4.8,668.015625,False
1773587383.7025435,126,0,0,0,0,7.041889999527484,0.0,0.02794399915728718,4.751656161819211,9.5,670.640625,False
1773587383.9141884,127,0,0,0,0,8.336804999999003,0.0,0.03177799953846261,4.751656161819211,9.5,673.265625,False
1773587384.1271257,128,0,0,0,0,9.341402001155075,0.0,0.03372300125192851,4.751656161819211,18.8,675.890625,False
1773587384.339728,129,0,0,0,0,8.997196000564145,0.0,0.033852997148642316,4.751656161819211,9.4,678.515625,False
1773587384.552913,130,0,0,0,0,9.528513997793198,0.0,0.034407999919494614,4.751656161819211,9.4,681.140625,False
1773587385.6118126,131,0,0,0,0,9.466310999414418,0.0,0.03355599983478896,4.712505210457543,82.2,654.375,False
1773587385.8236732,132,0,0,0,0,7.001203997788252,0.0,0.03151900091324933,0.9432265545131491,4.7,588.5625,False
1773587386.0339763,133,0,0,0,0,7.0485939977515955,0.0,0.02924099680967629,0.9432265545131491,14.3,588.5625,False
1773587386.2441692,134,0,0,0,0,7.02881500183139,0.0,0.029165999876568094,0.9432265545131491,9.5,588.5625,False
1773587386.4544795,135,0,0,0,0,7.0339449994207826,0.0,0.029906997951911762,0.9432265545131491,4.8,588.5625,False
1773587386.664679,136,0,0,0,0,6.998001001193188,0.0,0.03329600076540373,0.9432265545131491,9.5,588.5625,False
1773587386.874901,137,0,0,0,0,7.065093999699457,0.0,0.021464002202264965,4.7565393139058925,4.8,588.5625,False
1773587387.810963,138,1,1,0,0,7.094020002114121,725.7581280027807,0.039685000956524163,1.9149987547018281,138.9,605.109375,True
1773587388.7995322,139,1,1,1,1,7.170428001700202,777.9320760018891,0.035518998629413545,1.9149987547018281,136.6,610.390625,True
1773587389.785708,140,1,1,1,0,7.1761319995857775,775.6792130021495,0.034480999602237716,0.916969349558623,136.9,587.640625,True
1773587390.7190382,141,1,1,1,0,7.124149000446778,722.8718929982278,0.03542600097716786,1.1004007487639753,137.1,612.28125,True
1773587391.6539247,142,1,1,1,0,7.144890001654858,724.4466060001287,0.03287000072305091,1.1004007487639753,134.8,609.78125,True
1773587392.5866969,143,1,1,1,0,7.128574998205295,722.3304470026051,0.03435200051171705,0.9643723136222316,136.2,612.40625,True
1773587393.5747538,144,1,1,1,0,7.203799003036693,777.5355229969136,0.034426000638632104,1.0996441621687165,137.6,590.890625,True
1773587394.5629015,145,1,1,1,0,7.183241999882739,777.7032099984353,0.03398199987714179,1.0996441621687165,138.6,593.078125,True
1773587395.6125226,146,1,1,1,0,7.251001999975415,839.1116349994263,0.03479699807940051,0.9172783781839161,140.1,596.4375,True
1773587396.5981474,147,1,1,1,0,7.229131002532085,775.2099770004861,0.034130000130971894,0.952777551879907,137.0,596.203125,True
1773587397.5864534,148,1,1,1,0,7.211299001937732,777.9152149996662,0.034222000977024436,1.0684038390974093,138.6,598.9375,True
1773587398.5728915,149,1,1,1,0,7.208224000351038,776.0324820010283,0.033888998586917296,1.0684038390974093,137.9,601.453125,True
1773587399.5082936,150,1,1,1,0,7.172113000706304,725.0377089985705,0.03459299841779284,0.9187690876105717,135.8,626.15625,True
1773587400.3889117,151,1,1,1,0,7.229520000691991,670.1259500005108,0.0359820005542133,1.1668312881186989,134.0,628.953125,True
1773587401.3767385,152,1,1,1,0,7.232889998704195,777.3885300011898,0.05509300171979703,1.1668312881186989,137.7,609.4375,True
1773587402.3142595,153,1,1,1,0,7.242464998853393,727.0709260010335,0.03379600093467161,0.9175797863554793,137.6,634.03125,True
1773587403.248923,154,1,1,1,0,7.20196499969461,724.2715220017999,0.032463998650200665,1.129822222132432,135.9,636.65625,True
1773587404.2945175,155,1,1,1,0,7.146224001189694,835.2566050016321,0.03312999979243614,0.9563970205626418,138.7,621.4375,True
1773587404.5049012,156,0,0,1,0,7.16405699859024,0.0,0.02929599941126071,0.9563970205626418,4.8,623.140625,False
1773587404.715257,157,0,0,1,0,7.107854002242675,0.0,0.02959300036309287,0.9563970205626418,9.5,625.765625,False
1773587404.9256089,158,0,0,1,0,7.091372001013951,0.0,0.029296003049239516,0.9563970205626418,14.3,628.390625,False
1773587405.135874,159,0,0,1,0,7.041482000204269,0.0,0.030351999157574028,0.9563970205626418,9.5,631.015625,False
1773587405.3462,160,0,0,1,0,7.079186001647031,0.0,0.030628998501924798,4.754435451144405,4.8,633.640625,False
1773587405.556759,161,0,0,1,0,7.042723998893052,0.0,0.059592999605229124,4.754435451144405,9.5,636.265625,False
1773587405.7670138,162,0,0,1,0,7.039649000944337,0.0,0.02940700142062269,4.754435451144405,9.5,638.890625,False
1773587405.9773514,163,0,0,1,0,7.074167999235215,0.0,0.029721999453613535,4.754435451144405,14.3,641.515625,False
1773587406.1877112,164,0,0,1,0,7.11927900192677,0.0,0.02957399919978343,4.754435451144405,4.8,644.140625,False
1773587406.3980188,165,0,0,1,0,7.102352999936556,0.0,0.031129999115364626,4.75367674892931,9.5,646.765625,False
1773587406.6083727,166,0,0,1,0,7.09826100137434,0.0,0.029611997888423502,4.75367674892931,9.5,649.390625,False
1773587406.8187506,167,0,0,1,0,7.086464000167325,0.0,0.02959300036309287,4.75367674892931,9.5,652.015625,False
1773587407.0291042,168,0,0,1,0,7.121113001630874,0.0,0.02986999970744364,4.75367674892931,9.5,654.640625,False
1773587407.2394497,169,0,0,1,0,7.114427000487922,0.0,0.029445000109262764,4.75367674892931,14.3,657.265625,False
1773587407.4498,170,0,0,1,0,7.1170749979501124,0.0,0.03011199805769138,4.753827607921293,4.8,659.890625,False
1773587407.6600554,171,0,0,0,0,7.005075000051875,0.0,0.031703999411547557,4.753827607921293,9.5,662.515625,False
1773587407.8704302,172,0,0,0,0,7.098056998074753,0.0,0.029147999157430604,4.753827607921293,9.5,665.140625,False
1773587408.0807588,173,0,0,0,0,7.039020001684548,0.0,0.06122199920355342,4.753827607921293,14.3,667.765625,False
1773587408.290999,174,0,0,0,0,7.088057001965353,0.0,0.0289999989036005,4.753827607921293,4.8,670.390625,False
1773587408.501253,175,0,0,0,0,7.065334000799339,0.0,0.02849999873433262,4.755323785280834,9.5,673.015625,False
1773587408.7115738,176,0,0,0,0,7.0907609988353215,0.0,0.02931500057457015,4.755323785280834,9.5,675.640625,False
1773587408.9218576,177,0,0,0,0,7.131539001420606,0.0,0.029667000490007922,4.755323785280834,4.8,678.265625,False
1773587409.132179,178,0,0,0,0,7.083946002239827,0.0,0.029240000003483146,4.755323785280834,14.3,680.890625,False
1773587409.3425252,179,0,0,0,0,7.110408998414641,0.0,0.029074999474687502,4.755323785280834,9.5,683.515625,False
1773587409.5529072,180,0,0,0,0,7.177408999268664,0.0,0.02911100091296248,4.754426828167926,4.8,686.15625,False
1773587410.5940924,181,0,0,0,0,7.046370999887586,0.0,0.030037001124583185,0.9604274851950553,81.6,620.65625,False
1773587410.8050134,182,0,0,0,0,6.855075000203215,0.0,0.02935200245701708,0.9604274851950553,9.5,589.15625,False
1773587411.015319,183,0,0,0,0,7.028981999610551,0.0,0.029351998819038272,0.9604274851950553,9.5,589.15625,False
1773587411.2255905,184,0,0,0,0,7.076705001964001,0.0,0.0293890007014852,0.9604274851950553,9.5,589.15625,False
1773587411.4358814,185,0,0,0,0,7.006499999988591,0.0,0.030000999686308205,0.9604274851950553,9.5,589.15625,False
1773587411.646165,186,0,0,0,0,7.073705000948394,0.0,0.04285199975129217,4.752715786439266,4.8,589.15625,False
1773587411.8564336,187,0,0,0,0,7.0298709979397245,0.0,0.021945001208223403,4.752715786439266,9.5,589.15625,False
1773587412.0667758,188,0,0,0,0,7.070094001392135,0.0,0.022111002181190997,4.752715786439266,14.3,589.15625,False
1773587412.2770784,189,0,0,0,0,7.068426999467192,0.0,0.0207779994525481,4.752715786439266,4.8,589.15625,False
1773587412.4873228,190,0,0,0,0,7.052631000988185,0.0,0.022648000594926998,4.752715786439266,9.5,589.15625,False
1773587412.6975842,191,0,0,0,0,7.031537999864668,0.0,0.021370000467868522,4.755415440578735,9.5,589.15625,False
1773587412.9078207,192,0,0,0,0,7.021112000074936,0.0,0.02187100108130835,4.755415440578735,4.8,589.15625,False
1773587413.1180365,193,0,0,0,0,7.028686999547062,0.0,0.021815001673530787,4.755415440578735,14.3,589.15625,False
1773587413.3282392,194,0,0,0,0,7.009111999650486,0.0,0.0210190009966027,4.755415440578735,9.5,589.15625,False
1773587413.5386133,195,0,0,0,0,7.15609400140238,0.0,0.020870000298600644,4.755415440578735,4.8,589.15625,False
1773587413.7489371,196,0,0,0,0,7.097686997440178,0.0,0.021260002540657297,4.755750821254329,9.5,589.15625,False
1773587413.9591346,197,0,0,0,0,7.034520000161137,0.0,0.021500000002561137,4.755750821254329,9.5,589.15625,False
1773587414.1694014,198,0,0,0,0,7.068500999594107,0.0,0.02162900273106061,4.755750821254329,9.5,589.15625,False
1773587414.3796492,199,0,0,0,0,7.08342700090725,0.0,0.021185001969570294,4.755750821254329,9.5,589.15625,False
1773587415.2869678,200,1,1,0,0,7.11820500146132,696.8985519997659,0.031128998671192676,2.6006953906728363,134.5,602.484375,True
1773587416.1677186,201,1,1,1,1,7.113427000149386,670.146371001465,0.03401900175958872,2.6006953906728363,132.8,605.734375,True
1773587417.0214627,202,1,1,1,0,7.1327049990941305,643.3053559994732,0.03385200034244917,1.1530737400991369,133.5,591.234375,True
1773587417.9553478,203,1,1,1,0,7.1394460028386675,723.4965690004174,0.03346399898873642,1.1530737400991369,137.1,612.03125,True
1773587418.8368285,204,1,1,1,0,7.249780002894113,671.0067300009541,0.03324100180179812,0.9653860309053048,132.7,610.515625,True
1773587419.6768522,205,1,1,1,0,7.161113000620389,629.6704499982297,0.03346400262671523,1.2349240292644594,134.5,597.71875,True
1773587420.5148876,206,1,1,1,0,7.143168000766309,627.6634770001692,0.03240699879825115,1.2349240292644594,132.5,600.34375,True
1773587421.353757,207,1,1,1,0,7.145075996959349,628.4820569999283,0.03316699803690426,1.1926744838907488,133.5,603.3125,True
1773587422.191641,208,1,1,1,0,7.167484000092372,627.4339409974345,0.033611999242566526,1.1926744838907488,133.7,619.75,True
1773587423.031819,209,1,1,1,0,7.190372001787182,629.8152320014196,0.03261199890403077,1.1918511027233558,134.5,622.375,True
1773587423.9149625,210,1,1,1,0,7.208334998722421,672.7098350020242,0.03294500129413791,1.1918511027233558,134.7,623.703125,True
1773587424.850352,211,1,1,1,0,7.224336000945186,724.98545399867,0.03220300277462229,1.0997868891253146,134.7,626.390625,True
1773587425.8403387,212,1,1,1,0,7.226391000585863,779.5351570021012,0.034222000977024436,1.0997868891253146,138.4,623.78125,True
1773587426.827472,213,1,1,1,0,7.168168998759938,776.7457549998653,0.03331500192871317,0.9157605064657525,138.8,618.734375,True
1773587427.7143917,214,1,1,1,0,7.172131001425441,676.4777110001887,0.03375999949639663,1.1286382086037223,134.2,607.28125,True
1773587428.7009315,215,1,1,1,0,7.193465000455035,776.1674760004098,0.03375999949639663,1.1286382086037223,137.9,623.65625,True
1773587428.911316,216,0,0,1,0,7.120113001292339,0.0,0.03072300023632124,0.9186767195411417,4.8,624.96875,False
1773587429.1216574,217,0,0,1,0,7.145280000258936,0.0,0.030017999961273745,0.9186767195411417,9.5,628.90625,False
1773587429.332062,218,0,0,1,0,7.093927000823896,0.0,0.0307039990730118,0.9186767195411417,14.3,631.53125,False
1773587429.5424662,219,0,0,1,0,7.117928002116969,0.0,0.030519000574713573,0.9186767195411417,9.5,634.15625,False
1773587429.752801,220,0,0,1,0,7.1063169998524245,0.0,0.030944000172894448,0.9186767195411417,9.5,636.78125,False
1773587429.9631393,221,0,0,1,0,7.087853002303746,0.0,0.02929599941126071,4.753393375423995,9.5,639.40625,False
1773587430.173515,222,0,0,1,0,7.106854001904139,0.0,0.030314997275127098,4.753393375423995,4.8,642.03125,False
1773587430.3839316,223,0,0,1,0,7.072445998346666,0.0,0.03018600182258524,4.753393375423995,14.3,643.34375,False
1773587430.594278,224,0,0,1,0,7.105279997631442,0.0,0.029797000024700537,4.753393375423995,4.8,647.28125,False
1773587430.8046167,225,0,0,1,0,7.0712419983465225,0.0,0.030111001251498237,4.753393375423995,14.3,649.90625,False
1773587431.0149024,226,0,0,1,0,7.067317001201445,0.0,0.03020400254172273,4.753821142339536,4.8,652.53125,False
1773587431.2252572,227,0,0,1,0,7.122260998585261,0.0,0.031147999834502116,4.753821142339536,9.5,655.15625,False
1773587431.4356143,228,0,0,1,0,7.110298000043258,0.0,0.031111001590033993,4.753821142339536,14.3,657.78125,False
1773587431.6460137,229,0,0,1,0,7.14424200123176,0.0,0.03724099951796234,4.753821142339536,4.8,660.40625,False
1773587431.8562646,230,0,0,1,0,7.057020000502234,0.0,0.029721999453613535,4.753821142339536,9.5,663.03125,False
1773587432.0665646,231,0,0,0,0,7.06098299997393,0.0,0.02909300019382499,4.754294253841869,9.5,665.65625,False
1773587432.2768314,232,0,0,0,0,7.097686000633985,0.0,0.028667000151472166,4.754294253841869,4.8,668.28125,False
1773587432.4871235,233,0,0,0,0,7.102168998244451,0.0,0.0284630004898645,4.754294253841869,14.3,670.90625,False
1773587432.6974592,234,0,0,0,0,7.141224003134994,0.0,0.030314997275127098,4.754294253841869,9.5,673.53125,False
1773587432.9076722,235,0,0,0,0,7.0410389998869505,0.0,0.028407001082086936,4.754294253841869,4.8,676.15625,False
1773587433.117934,236,0,0,0,0,7.100075999915134,0.0,0.029129998438293114,4.755926618445625,9.5,678.78125,False
1773587433.328243,237,0,0,0,0,7.112464001693297,0.0,0.029519000236177817,4.755926618445625,9.5,681.421875,False
1773587433.538559,238,0,0,0,0,7.104722997610224,0.0,0.029241000447655097,4.755926618445625,9.5,684.046875,False
1773587433.7487488,239,0,0,0,0,6.994168001256185,0.0,0.059426001826068386,4.755926618445625,9.5,686.671875,False
1773587433.9590156,240,0,0,0,0,7.097779001924209,0.0,0.029556002118624747,4.755926618445625,4.8,689.296875,False
1773587434.9752157,241,0,0,0,0,7.072946002153913,0.0,0.0289999989036005,4.755748664314288,80.7,623.8125,False
1773587435.1872783,242,0,0,0,0,8.085321998805739,0.0,0.033074000384658575,0.9834015537274876,14.2,591.0,False
1773587435.4002454,243,0,0,0,0,9.494163001363631,0.0,0.036926001484971493,0.9834015537274876,14.1,591.0,False
1773587435.613486,244,0,0,0,0,9.535163000691682,0.0,0.034704000427154824,0.9834015537274876,9.4,591.0,False
1773587435.8265026,245,0,0,0,0,9.503625999059295,0.0,0.03566700252122246,0.9834015537274876,9.4,591.0,False
1773587436.0394614,246,0,0,0,0,9.4503469990741,0.0,0.036092998925596476,0.9834015537274876,9.4,591.0,False
1773587436.2524667,247,0,0,0,0,9.50542200007476,0.0,0.026686000637710094,4.700115376443662,14.1,591.0,False
1773587436.465469,248,0,0,0,0,9.50212600218947,0.0,0.025610999728087336,4.700115376443662,18.8,591.0,False
1773587436.6784606,249,0,0,0,0,9.455884999624686,0.0,0.025630000891396776,4.700115376443662,9.4,591.0,False
1773587436.89146,250,0,0,0,0,9.459237000555731,0.0,0.02851799945347011,4.700115376443662,9.4,591.0,False
1773587437.1045156,251,0,0,0,0,9.482089000812266,0.0,0.025888999516610056,4.700115376443662,9.4,591.0,False
1773587437.3175495,252,0,0,0,0,9.456939998926828,0.0,0.026390000130049884,4.694251134305841,9.4,591.0,False
1773587437.5306623,253,0,0,0,0,9.568606998072937,0.0,0.025296001695096493,4.694251134305841,18.8,591.0,False
1773587437.7436717,254,0,0,0,0,9.477699997660238,0.0,0.026722002075985074,4.694251134305841,9.4,591.0,False
1773587437.9566662,255,0,0,0,0,9.470717999647604,0.0,0.026611996872816235,4.694251134305841,9.4,591.0,False
1773587438.1696596,256,0,0,0,0,9.489107000263175,0.0,0.024740998924244195,4.694251134305841,9.4,591.0,False
1773587438.3828132,257,0,0,0,0,9.474978000071133,0.0,0.026870999136008322,4.694092475201119,9.4,591.0,False
1773587438.5956273,258,0,0,0,0,9.307828000601148,0.0,0.025648001610534266,4.694092475201119,18.8,591.0,False
1773587438.8087065,259,0,0,0,0,9.43088499843725,0.0,0.025833000108832493,4.694092475201119,4.7,591.0,False
1773587439.0218065,260,0,0,0,0,9.46564400146599,0.0,0.02564799797255546,4.694092475201119,9.4,591.0,False
1773587439.2348704,261,0,0,0,0,9.44347699987702,0.0,0.025908000679919496,4.694092475201119,14.1,591.0,False
1773587439.4478981,262,0,0,0,0,9.43151499814121,0.0,0.025888999516610056,4.694191241860466,9.4,591.0,False
1773587439.6601572,263,0,0,0,0,8.624360998510383,0.0,0.025795998226385564,4.694191241860466,14.1,591.0,False
1773587439.8731923,264,0,0,0,0,9.482884997851215,0.0,0.02570400101831183,4.694191241860466,9.4,591.0,False
1773587440.08632,265,0,0,0,0,9.49718199990457,0.0,0.02681499972823076,4.694191241860466,14.1,591.0,False
1773587440.2993398,266,0,0,0,0,9.486995997576742,0.0,0.02738900002441369,4.694191241860466,9.4,591.0,False
1773587440.5124006,267,0,0,0,0,9.447661999729462,0.0,0.02631499955896288,4.696949980996313,9.4,591.0,False
1773587440.7255106,268,0,0,0,0,9.505088000878459,0.0,0.025648001610534266,4.696949980996313,18.8,591.0,False
1773587440.9386923,269,0,0,0,0,9.540478000417352,0.0,0.026147998141823336,4.696949980996313,9.4,591.0,False
1773587441.1517699,270,0,0,0,0,9.546311001031427,0.0,0.026185000024270266,4.696949980996313,9.4,591.0,False
1773587441.3649316,271,0,0,0,0,9.568921999743907,0.0,0.025110999558819458,4.696949980996313,9.4,591.0,False
1773587441.5783002,272,0,0,0,0,9.714534997328883,0.0,0.02598200080683455,4.692306986645235,14.1,591.0,False
1773587441.790859,273,0,0,0,0,9.038846001203638,0.0,0.025260000256821513,4.692306986645235,14.1,591.0,False
1773587442.0039926,274,0,0,0,0,9.620107997761806,0.0,0.02592599776107818,4.692306986645235,9.4,591.0,False
1773587442.2172658,275,0,0,0,0,9.638626001105877,0.0,0.02492600106052123,4.692306986645235,9.4,591.0,False
1773587442.4303916,276,0,0,0,0,9.576607997587416,0.0,0.02518600012990646,4.692306986645235,9.4,591.0,False
1773587442.6435704,277,0,0,0,0,9.59679299921845,0.0,0.02627800131449476,4.693072479776718,14.1,591.0,False
1773587442.8568606,278,0,0,0,0,9.746386000188068,0.0,0.025592999008949846,4.693072479776718,18.8,591.0,False
1773587443.0700521,279,0,0,0,0,9.632866996980738,0.0,0.026462999812792987,4.693072479776718,9.4,591.0,False
1773587443.2832754,280,0,0,0,0,9.62708999941242,0.0,0.02620299710542895,4.693072479776718,9.4,591.0,False
1773587443.4966364,281,0,0,0,0,9.737035001307959,0.0,0.023110998881747946,4.693072479776718,9.4,591.0,False
1773587443.7098625,282,0,0,0,0,9.571032998792361,0.0,0.024574001145083457,4.6893146158942605,9.4,591.0,False
1773587443.9229567,283,0,0,0,0,9.48919999791542,0.0,0.025869998353300616,4.6893146158942605,18.8,591.0,False
1773587444.1360247,284,0,0,0,0,9.481717999733519,0.0,0.02600000152597204,4.6893146158942605,9.4,591.0,False
1773587444.3490527,285,0,0,0,0,9.49497799956589,0.0,0.024889002816053107,4.6893146158942605,9.4,591.0,False
1773587444.5622547,286,0,0,0,0,9.582737999153323,0.0,0.024760000087553635,4.6893146158942605,9.4,591.0,False
1773587444.7752366,287,0,0,0,0,9.47764400189044,0.0,0.025795998226385564,4.692311186200548,14.1,591.0,False
1773587444.9882488,288,0,0,0,0,9.46953300081077,0.0,0.02570299693616107,4.692311186200548,14.1,591.0,False
1773587445.2011883,289,0,0,0,0,9.407828998519108,0.0,0.02466700243530795,4.692311186200548,9.4,591.0,False
1773587445.4142284,290,0,0,0,0,9.541384999465663,0.0,0.025851997634163126,4.692311186200548,14.1,591.015625,False
1773587445.6273248,291,0,0,0,0,9.493162997387117,0.0,0.026147998141823336,4.692311186200548,9.4,591.015625,False
1773587445.8403256,292,0,0,0,0,9.474626000155695,0.0,0.02599999788799323,4.694488617641581,9.4,591.015625,False
1773587446.0533745,293,0,0,0,0,9.49182900149026,0.0,0.025278000975959003,4.694488617641581,18.8,591.03125,False
1773587446.2664719,294,0,0,0,0,9.472551999351708,0.0,0.02607400165288709,4.694488617641581,9.4,591.03125,False
1773587446.4794204,295,0,0,0,0,9.461311001359718,0.0,0.026073998014908284,4.694488617641581,9.4,591.03125,False
1773587446.6925306,296,0,0,0,0,9.49716299874126,0.0,0.02548200063756667,4.694488617641581,9.4,591.03125,False
1773587446.905546,297,0,0,0,0,9.52008899912471,0.0,0.02574099926277995,4.693969548037293,9.4,591.03125,False
1773587447.1187248,298,0,0,0,0,9.45207000040682,0.0,0.025610999728087336,4.693969548037293,18.8,591.03125,False
1773587447.331702,299,0,0,0,0,9.455773997615324,0.0,0.026388999685877934,4.693969548037293,9.4,591.03125,False
1773587447.5447981,300,0,0,0,0,9.553236999636283,0.0,0.05640800009132363,4.693969548037293,9.4,591.03125,False
1773587447.7577674,301,0,0,0,0,9.494125999481184,0.0,0.025314999220427126,4.693969548037293,9.4,591.03125,False
1773587447.9708195,302,0,0,0,0,9.526107998681255,0.0,0.02607400165288709,4.693738420377182,9.4,591.03125,False
1773587448.1839478,303,0,0,0,0,9.492848002992105,0.0,0.02594499892438762,4.693738420377182,18.8,591.03125,False
1773587448.3970232,304,0,0,0,0,9.543590000248514,0.0,0.02548200063756667,4.693738420377182,9.4,591.03125,False
1773587448.6102686,305,0,0,0,0,9.592997001163894,0.0,0.025130000722128898,4.693738420377182,14.1,591.03125,False
1773587448.8232808,306,0,0,0,0,9.438441000384046,0.0,0.02496300294296816,4.693738420377182,9.4,591.03125,False
1773587449.0364301,307,0,0,0,0,9.482477998972172,0.0,0.02550000135670416,4.692312236090551,9.4,591.03125,False
1773587449.2495308,308,0,0,0,0,9.568923000188079,0.0,0.025777997507248074,4.692312236090551,18.8,591.03125,False
1773587449.4625847,309,0,0,0,0,9.471050998399733,0.0,0.025112000002991408,4.692312236090551,9.4,591.03125,False
1773587449.6756213,310,0,0,0,0,9.452940001210663,0.0,0.025407000066479668,4.692312236090551,9.4,591.03125,False
1773587449.8885813,311,0,0,0,0,9.482163000939181,0.0,0.025056000595213845,4.692312236090551,4.7,591.03125,False
1773587450.1015816,312,0,0,0,0,9.514366000075825,0.0,0.024982000468298793,4.693890751959619,14.1,591.03125,False
1773587450.3140469,313,0,0,0,0,8.97486399844638,0.0,0.024962999304989353,4.693890751959619,14.1,591.03125,False
1773587450.527227,314,0,0,0,0,9.508441002253676,0.0,0.02635200144140981,4.693890751959619,14.1,591.03125,False
1773587450.7402227,315,0,0,0,0,9.412996001628926,0.0,0.026222001906717196,4.693890751959619,9.4,591.03125,False
1773587450.9533823,316,0,0,0,0,9.52412599872332,0.0,0.02466700243530795,4.693890751959619,9.4,591.03125,False
1773587451.1665428,317,0,0,0,0,9.480274002271472,0.0,0.025426001229789108,4.6952642836960985,9.4,591.03125,False
1773587451.3795927,318,0,0,0,0,9.421496000868501,0.0,0.025630000891396776,4.6952642836960985,18.8,591.03125,False
1773587451.5926945,319,0,0,0,0,9.534015000099316,0.0,0.0256669991358649,4.6952642836960985,9.4,591.03125,False
1773587451.805768,320,0,0,0,0,9.522626001853496,0.0,0.024259999918285757,4.6952642836960985,9.4,591.03125,False
1773587452.0189993,321,0,0,0,0,9.603163998690434,0.0,0.025370001822011545,4.6952642836960985,9.4,591.046875,False
1773587452.232077,322,0,0,0,0,9.586108000803506,0.0,0.025130000722128898,4.692641924788019,9.4,591.046875,False
1773587452.4452677,323,0,0,0,0,9.659849001764087,0.0,0.024871002096915618,4.692641924788019,18.8,591.046875,False
1773587452.6584785,324,0,0,0,0,9.616682000341825,0.0,0.025260000256821513,4.692641924788019,9.4,591.046875,False
1773587452.8716233,325,0,0,0,0,9.64592300078948,0.0,0.025407000066479668,4.692641924788019,9.4,591.046875,False
1773587453.0847614,326,0,0,0,0,9.631052002077922,0.0,0.025055000151041895,4.692641924788019,14.1,591.046875,False
1773587453.2979176,327,0,0,0,0,9.703978998004459,0.0,0.02568600029917434,4.691578477573442,9.4,591.046875,False
1773587453.510602,328,0,0,0,0,9.064567999303108,0.0,0.024703000235604122,4.691578477573442,14.1,591.046875,False
1773587453.7236025,329,0,0,0,0,9.506033999059582,0.0,0.025907000235747546,4.691578477573442,14.1,591.046875,False
1773587453.9366643,330,0,0,0,0,9.527645001071505,0.0,0.026426001568324864,4.691578477573442,9.4,591.046875,False
1773587454.1497068,331,0,0,0,0,9.516792000795249,0.0,0.02564799797255546,4.691578477573442,9.4,591.046875,False
1773587454.3627846,332,0,0,0,0,9.509718998742756,0.0,0.02570400101831183,4.69505825524848,9.4,591.046875,False
1773587454.575785,333,0,0,0,0,9.493514997302555,0.0,0.025036999431904405,4.69505825524848,18.8,591.046875,False
1773587454.7888825,334,0,0,0,0,9.54986700162408,0.0,0.024982000468298793,4.69505825524848,9.4,591.046875,False
1773587455.0019476,335,0,0,0,0,9.518385002593277,0.0,0.025222998374374583,4.69505825524848,9.4,591.046875,False
1773587455.2149017,336,0,0,0,0,9.479792999627534,0.0,0.028148002456873655,4.69505825524848,9.4,591.046875,False
1773587455.427798,337,0,0,0,0,9.479403001023456,0.0,0.02629599839565344,4.694180734571489,9.4,591.046875,False
1773587455.6408153,338,0,0,0,0,9.473810998315457,0.0,0.05646399949910119,4.694180734571489,18.8,591.046875,False
1773587455.8538835,339,0,0,0,0,9.511403000942664,0.0,0.02637100260471925,4.694180734571489,9.4,591.046875,False
1773587456.0669346,340,0,0,0,0,9.4996629995876,0.0,0.02596299964352511,4.694180734571489,9.4,591.046875,False
1773587456.279881,341,0,0,0,0,9.490755997831002,0.0,0.02577800114522688,4.694180734571489,9.4,591.046875,False
1773587456.4930432,342,0,0,0,0,9.523460001219064,0.0,0.025129000277956948,4.694476007302884,9.4,591.046875,False
1773587456.7061944,343,0,0,0,0,9.510960000625346,0.0,0.026167002943111584,4.694476007302884,18.8,591.046875,False
1773587456.9192588,344,0,0,0,0,9.503181998297805,0.0,0.025944002118194476,4.694476007302884,9.4,591.046875,False
1773587457.132232,345,0,0,0,0,9.52397800210747,0.0,0.025945002562366426,4.694476007302884,9.4,591.046875,False
1773587457.345204,346,0,0,0,0,9.473958998569287,0.0,0.024426000891253352,4.694476007302884,14.1,591.046875,False
1773587457.5582266,347,0,0,0,0,9.475940001721028,0.0,0.025517998437862843,4.6933266493150745,9.4,591.046875,False
1773587457.7711473,348,0,0,0,0,9.445495998079423,0.0,0.028870999813079834,4.6933266493150745,14.1,591.046875,False
1773587457.9840767,349,0,0,0,0,9.453218000999186,0.0,0.026612000510795042,4.6933266493150745,9.4,591.046875,False
1773587458.1970384,350,0,0,0,0,9.455403000174556,0.0,0.02601799860713072,4.6933266493150745,14.1,591.046875,False
1773587458.4101527,351,0,0,0,0,9.51134799834108,0.0,0.025926001399056986,4.6933266493150745,9.4,591.046875,False
1773587458.623095,352,0,0,0,0,9.46799599842052,0.0,0.025074001314351335,4.695376766040087,9.4,591.046875,False
1773587458.8360589,353,0,0,0,0,9.461884998017922,0.0,0.02629600203363225,4.695376766040087,18.8,591.046875,False
1773587459.0492313,354,0,0,0,0,9.49234899962903,0.0,0.025870001991279423,4.695376766040087,9.4,591.046875,False
1773587459.2623584,355,0,0,0,0,9.466865998547291,0.0,0.02572199809947051,4.695376766040087,9.4,591.046875,False
1773587459.4753282,356,0,0,0,0,9.483199999522185,0.0,0.0260560009337496,4.695376766040087,9.4,591.046875,False
1773587459.6882553,357,0,0,0,0,9.430533002159791,0.0,0.026982001145370305,4.694183886753244,9.4,591.046875,False
1773587459.901352,358,0,0,0,0,9.5146069979819,0.0,0.02575899998191744,4.694183886753244,18.8,591.046875,False
1773587460.1142504,359,0,0,0,0,9.447792999708327,0.0,0.02494500222383067,4.694183886753244,9.4,591.046875,False
1773587460.3271828,360,0,0,0,0,9.46755199765903,0.0,0.025314999220427126,4.694183886753244,9.4,591.046875,False
1773587460.540195,361,0,0,0,0,9.52103400049964,0.0,0.025240999093512073,4.694183886753244,9.4,591.046875,False
1773587460.7534096,362,0,0,0,0,9.617645999242086,0.0,0.024944998585851863,4.695227491575734,9.4,591.046875,False
1773587460.9664946,363,0,0,0,0,9.517515001789434,0.0,0.025517998437862843,4.695227491575734,18.8,591.046875,False
1773587461.1794956,364,0,0,0,0,9.549903999868548,0.0,0.025907000235747546,4.695227491575734,9.4,591.046875,False
1773587461.3926716,365,0,0,0,0,9.563737999997102,0.0,0.02550000135670416,4.695227491575734,9.4,591.046875,False
1773587461.6058497,366,0,0,0,0,9.559497000736883,0.0,0.0248889991780743,4.695227491575734,9.4,591.046875,False
1773587461.818968,367,0,0,0,0,9.494571000686847,0.0,0.025741002900758758,4.691419999078338,9.4,591.046875,False
1773587462.031787,368,0,0,0,0,9.372699001687579,0.0,0.024758999643381685,4.691419999078338,18.8,591.046875,False
1773587462.2448738,369,0,0,0,0,9.602497000742005,0.0,0.02524100273149088,4.691419999078338,9.4,591.046875,False
1773587462.4579473,370,0,0,0,0,9.544737000396708,0.0,0.024760000087553635,4.691419999078338,9.4,591.046875,False
1773587462.6709967,371,0,0,0,0,9.568571000272641,0.0,0.025426001229789108,4.691419999078338,9.4,591.046875,False
1773587462.8840525,372,0,0,0,0,9.579274999850895,0.0,0.02576000042608939,4.694855397964814,9.4,591.046875,False
1773587463.0971658,373,0,0,0,0,9.609404998627724,0.0,0.025019002350745723,4.694855397964814,18.8,591.046875,False
1773587463.310394,374,0,0,0,0,9.62114499998279,0.0,0.024091998056974262,4.694855397964814,9.4,591.046875,False
1773587463.5234137,375,0,0,0,0,9.53177399787819,0.0,0.024796001525828615,4.694855397964814,9.4,591.0625,False
1773587463.7364166,376,0,0,0,0,9.47155100220698,0.0,0.026685000193538144,4.694855397964814,14.1,591.0625,False
1773587463.949579,377,0,0,0,0,9.49827500153333,0.0,0.024425997253274545,4.692447675840479,9.4,591.0625,False
1773587464.162645,378,0,0,0,0,9.482145000220044,0.0,0.024982000468298793,4.692447675840479,18.8,591.0625,False
1773587464.3756661,379,0,0,0,0,9.4742179971945,0.0,0.026962999982060865,4.692447675840479,9.4,591.0625,False
1773587464.5886965,380,0,0,0,0,9.506718997727148,0.0,0.025851997634163126,4.692447675840479,4.7,591.0625,False
1773587464.8017774,381,0,0,0,0,9.53551500060712,0.0,0.02603699977044016,4.692447675840479,9.4,591.0625,False
1773587465.0147953,382,0,0,0,0,9.540144998027245,0.0,0.025295998057117686,4.693800402379721,14.1,591.0625,False
1773587465.2272725,383,0,0,0,0,8.989530997496331,0.0,0.0284630004898645,4.693800402379721,14.1,591.0625,False
1773587465.4403472,384,0,0,0,0,9.588311000698013,0.0,0.02572199809947051,4.693800402379721,14.1,591.0625,False
1773587465.6536016,385,0,0,0,0,9.51055200130213,0.0,0.026091998734045774,4.693800402379721,9.4,591.0625,False
1773587465.8666208,386,0,0,0,0,9.452996000618441,0.0,0.025796998670557514,4.693800402379721,9.4,591.0625,False
1773587466.0795639,387,0,0,0,0,9.453348000533879,0.0,0.026519002858549356,4.695451406831712,9.4,591.0625,False
1773587466.292593,388,0,0,0,0,9.456422001676401,0.0,0.025833000108832493,4.695451406831712,18.8,591.0625,False
1773587466.5055923,389,0,0,0,0,9.515330002614064,0.0,0.02581500302767381,4.695451406831712,9.4,591.0625,False
1773587466.7186954,390,0,0,0,0,9.45708899962483,0.0,0.02574099926277995,4.695451406831712,9.4,591.0625,False
1773587466.9316957,391,0,0,0,0,9.509125997283263,0.0,0.02568499985500239,4.695451406831712,9.4,591.0625,False
1773587467.1447892,392,0,0,0,0,9.556737997627351,0.0,0.05335300011211075,4.694453939373182,9.4,591.078125,False
1773587467.3578544,393,0,0,0,0,9.534459000860807,0.0,0.025278000975959003,4.694453939373182,18.8,591.078125,False
1773587467.5709002,394,0,0,0,0,9.562293002090883,0.0,0.025296001695096493,4.694453939373182,9.4,591.078125,False
1773587467.783912,395,0,0,0,0,9.525015000690473,0.0,0.02607400165288709,4.694453939373182,9.4,591.078125,False
1773587467.9969277,396,0,0,0,0,9.502292999968631,0.0,0.026204001187579706,4.694453939373182,9.4,591.078125,False
1773587468.2100282,397,0,0,0,0,9.481978002440883,0.0,0.025926001399056986,4.6936155117561285,9.4,591.078125,False
1773587468.4229808,398,0,0,0,0,9.48510700254701,0.0,0.025278000975959003,4.6936155117561285,18.8,591.078125,False
1773587468.6359928,399,0,0,0,0,9.474347996729193,0.0,0.02461099938955158,4.6936155117561285,14.1,591.078125,False
1773587468.8490317,400,0,0,0,0,9.526125999400392,0.0,0.024832999770296738,4.6936155117561285,9.4,591.078125,False
1773587469.06205,401,0,0,0,0,9.478811000008136,0.0,0.025258999812649563,4.6936155117561285,9.4,591.078125,False
1773587469.2750652,402,0,0,0,0,9.47562600049423,0.0,0.02548200063756667,4.694403499170089,14.1,591.078125,False
1773587469.4880342,403,0,0,0,0,9.500774001935497,0.0,0.025536999601172283,4.694403499170089,14.1,591.078125,False
1773587469.7011867,404,0,0,0,0,9.524367000267375,0.0,0.025092998839681968,4.694403499170089,14.1,591.078125,False
1773587469.9141562,405,0,0,0,0,9.520496998447925,0.0,0.025332999939564615,4.694403499170089,9.4,591.078125,False
1773587470.12712,406,0,0,0,0,9.46581099924515,0.0,0.025258999812649563,4.694403499170089,9.4,591.09375,False
1773587470.340021,407,0,0,0,0,9.443791997910012,0.0,0.02735199814196676,4.694864857241232,9.4,591.09375,False
1773587470.5530746,408,0,0,0,0,9.522645003016805,0.0,0.024777000362519175,4.694864857241232,18.8,591.09375,False
1773587470.7660124,409,0,0,0,0,9.47923800049466,0.0,0.024462999135721475,4.694864857241232,9.4,591.09375,False
1773587470.9790418,410,0,0,0,0,9.56338500327547,0.0,0.024741002562223002,4.694864857241232,9.4,591.09375,False
1773587471.1920412,411,0,0,0,0,9.480847998929676,0.0,0.025407000066479668,4.694864857241232,9.4,591.09375,False
1773587471.405096,412,0,0,0,0,9.542830001009861,0.0,0.026943998818751425,4.694953145659263,9.4,591.09375,False
1773587471.6181862,413,0,0,0,0,9.47219999943627,0.0,0.024778000806691125,4.694953145659263,18.8,591.09375,False
1773587471.8311205,414,0,0,0,0,9.465977000218118,0.0,0.024370998289668933,4.694953145659263,9.4,591.09375,False
1773587472.0440774,415,0,0,0,0,9.480793003604049,0.0,0.025852001272141933,4.694953145659263,9.4,591.09375,False
1773587472.2570791,416,0,0,0,0,9.443422000913415,0.0,0.02522200156818144,4.694953145659263,9.4,591.09375,False
1773587472.4700105,417,0,0,0,0,9.489497002505232,0.0,0.025074001314351335,4.694954196731859,9.4,591.09375,False
1773587472.683007,418,0,0,0,0,9.491830001934431,0.0,0.026388999685877934,4.694954196731859,18.8,591.09375,False
1773587472.8959148,419,0,0,0,0,9.453866998228477,0.0,0.02568499985500239,4.694954196731859,9.4,591.09375,False
1773587473.1090002,420,0,0,0,0,9.513495999271981,0.0,0.024741002562223002,4.694954196731859,9.4,591.09375,False
1773587473.3220103,421,0,0,0,0,9.575885997037403,0.0,0.024815002689138055,4.694954196731859,9.4,591.09375,False
1773587473.5350945,422,0,0,0,0,9.523904001980554,0.0,0.025795998226385564,4.694948941373584,9.4,591.09375,False
1773587473.747599,423,0,0,0,0,9.00464200094575,0.0,0.02487099845893681,4.694948941373584,18.8,591.09375,False
1773587473.9606693,424,0,0,0,0,9.523885000817245,0.0,0.024815002689138055,4.694948941373584,9.4,591.09375,False
1773587474.1737044,425,0,0,0,0,9.51462599914521,0.0,0.025092998839681968,4.694948941373584,9.4,591.09375,False
1773587474.3866675,426,0,0,0,0,9.513254997727927,0.0,0.02572199809947051,4.694948941373584,9.4,591.09375,False
1773587474.5997458,427,0,0,0,0,9.498922998318449,0.0,0.02431499888189137,4.696338867908303,9.4,591.09375,False
1773587474.8127706,428,0,0,0,0,9.507404000032693,0.0,0.025388999347342178,4.696338867908303,18.8,591.09375,False
1773587475.0259025,429,0,0,0,0,9.579496996593662,0.0,0.02575899998191744,4.696338867908303,9.4,591.09375,False
1773587475.2389226,430,0,0,0,0,9.5367370013264,0.0,0.024278000637423247,4.696338867908303,9.4,591.09375,False
1773587475.4520183,431,0,0,0,0,9.568830999342026,0.0,0.025093002477660775,4.696338867908303,9.4,591.09375,False
1773587475.6652386,432,0,0,0,0,9.702663999632932,0.0,0.024240998754976317,4.6932814849477875,9.4,591.09375,False
1773587475.8783033,433,0,0,0,0,9.58373799949186,0.0,0.026110999897355214,4.6932814849477875,18.8,591.09375,False
1773587476.091371,434,0,0,0,0,9.5631259973743,0.0,0.02490800034138374,4.6932814849477875,9.4,591.09375,False
1773587476.304433,435,0,0,0,0,9.57859000118333,0.0,0.02516699896659702,4.6932814849477875,9.4,591.09375,False
1773587476.5176277,436,0,0,0,0,9.555495998938568,0.0,0.02409200169495307,4.6932814849477875,14.1,591.09375,False
1773587476.7306352,437,0,0,0,0,9.53642200329341,0.0,0.02518499968573451,4.692331134190944,9.4,591.09375,False
1773587476.9436588,438,0,0,0,0,9.53103399660904,0.0,0.025610999728087336,4.692331134190944,14.1,591.09375,False
1773587477.15672,439,0,0,0,0,9.541774001263548,0.0,0.024982000468298793,4.692331134190944,14.1,591.09375,False
1773587477.369838,440,0,0,0,0,9.58388599974569,0.0,0.024296001356560737,4.692331134190944,9.4,591.09375,False
1773587477.582874,441,0,0,0,0,9.55577399872709,0.0,0.02512999708415009,4.692331134190944,9.4,591.09375,False
1773587477.7958632,442,0,0,0,0,9.522588999971049,0.0,0.025388999347342178,4.693690096561702,9.4,591.09375,False
1773587478.0089817,443,0,0,0,0,9.563162999256747,0.0,0.025575001927791163,4.693690096561702,18.8,591.09375,False
1773587478.2219799,444,0,0,0,0,9.556367000186583,0.0,0.02577800114522688,4.693690096561702,9.4,591.09375,False
1773587478.435057,445,0,0,0,0,9.513477998552844,0.0,0.025610999728087336,4.693690096561702,9.4,591.09375,False
1773587478.6480398,446,0,0,0,0,9.500996002316242,0.0,0.025388999347342178,4.693690096561702,9.4,591.09375,False
1773587478.8621871,447,0,0,0,0,9.620070999517338,0.0,0.02520400084904395,4.689995223126508,9.3,591.09375,False
1773587479.0751998,448,0,0,0,0,9.516218997305259,0.0,0.02598200080683455,4.689995223126508,18.8,591.09375,False
1773587479.28813,449,0,0,0,0,9.470477998547722,0.0,0.025610999728087336,4.689995223126508,9.4,591.09375,False
1773587479.5011795,450,0,0,0,0,9.546164001221769,0.0,0.025260000256821513,4.689995223126508,9.4,591.09375,False
1773587479.7141805,451,0,0,0,0,9.528811999189202,0.0,0.026518002414377406,4.689995223126508,9.4,591.09375,False
1773587479.927228,452,0,0,0,0,9.48188499751268,0.0,0.02600000152597204,4.693594502379639,9.4,591.09375,False
1773587480.1402094,453,0,0,0,0,9.460217999730958,0.0,0.024758999643381685,4.693594502379639,18.8,591.09375,False
1773587480.3533316,454,0,0,0,0,9.495052003330784,0.0,0.025371002266183496,4.693594502379639,9.4,591.09375,False
1773587480.566372,455,0,0,0,0,9.499736999714514,0.0,0.02522200156818144,4.693594502379639,9.4,591.09375,False
1773587480.779291,456,0,0,0,0,9.426589000213426,0.0,0.024870001652743667,4.693594502379639,9.4,591.09375,False
1773587480.992403,457,0,0,0,0,9.574663999956101,0.0,0.025888999516610056,4.694463397031935,14.1,591.09375,False
1773587481.2055068,458,0,0,0,0,9.506700000201818,0.0,0.025278000975959003,4.694463397031935,18.8,591.09375,False
1773587481.4184346,459,0,0,0,0,9.451125999476062,0.0,0.02620299710542895,4.694463397031935,9.4,591.09375,False
1773587481.6313837,460,0,0,0,0,9.458792999794241,0.0,0.026573998184176162,4.694463397031935,4.7,591.109375,False
1773587481.844361,461,0,0,0,0,9.486330000072485,0.0,0.025056000595213845,4.694463397031935,9.4,591.109375,False
1773587482.0574496,462,0,0,0,0,9.549089001666289,0.0,0.02457399750710465,4.694688290366356,14.1,591.109375,False
1773587482.270506,463,0,0,0,0,9.49588500225218,0.0,0.02518499968573451,4.694688290366356,14.1,591.125,False
1773587482.4835289,464,0,0,0,0,9.540904997265898,0.0,0.025407000066479668,4.694688290366356,9.4,591.125,False
1773587482.696488,465,0,0,0,0,9.467460000450956,0.0,0.02655500065884553,4.694688290366356,14.1,591.125,False
1773587482.9095669,466,0,0,0,0,9.51058999999077,0.0,0.024758999643381685,4.694688290366356,9.4,591.125,False
1773587483.12258,467,0,0,0,0,9.46518099954119,0.0,0.026129000616492704,4.694068309523725,9.4,591.125,False
1773587483.3356483,468,0,0,0,0,9.50497899975744,0.0,0.02577800114522688,4.694068309523725,18.8,591.125,False
1773587483.5486891,469,0,0,0,0,9.461977999308147,0.0,0.025055000151041895,4.694068309523725,9.4,591.125,False
1773587483.761725,470,0,0,0,0,9.478275002038572,0.0,0.024388999008806422,4.694068309523725,9.4,591.125,False
1773587483.9746265,471,0,0,0,0,9.483922000072198,0.0,0.0256669991358649,4.694068309523725,14.1,591.125,False
1773587484.187591,472,0,0,0,0,9.466310999414418,0.0,0.026722002075985074,4.694499126308914,9.4,591.125,False
1773587484.400587,473,0,0,0,0,9.478496001975145,0.0,0.02548200063756667,4.694499126308914,14.1,591.125,False
1773587484.6136312,474,0,0,0,0,9.574163999786833,0.0,0.025000001187436283,4.694499126308914,9.4,591.125,False
1773587484.8266878,475,0,0,0,0,9.483366997301346,0.0,0.025130000722128898,4.694499126308914,14.1,591.125,False
1773587485.0396588,476,0,0,0,0,9.47971899950062,0.0,0.0248889991780743,4.694499126308914,9.4,591.125,False
1773587485.252604,477,0,0,0,0,9.452996000618441,0.0,0.025834000553004444,4.69483122443159,9.4,591.125,False
1773587485.4652863,478,0,0,0,0,9.15156900009606,0.0,0.025352001102874056,4.69483122443159,14.1,591.125,False
1773587485.6782415,479,0,0,0,0,9.437773998797638,0.0,0.025185003323713318,4.69483122443159,9.4,591.125,False
1773587485.8913362,480,0,0,0,0,9.47986699975445,0.0,0.0248889991780743,4.69483122443159,9.4,591.125,False
1773587486.1044157,481,0,0,0,0,9.44290400002501,0.0,0.02548100019339472,4.69483122443159,14.1,591.125,False
1773587486.3174205,482,0,0,0,0,9.528979000606341,0.0,0.02546399991842918,4.695794154171207,9.4,591.125,False
1773587486.5304239,483,0,0,0,0,9.512886001175502,0.0,0.02490699989721179,4.695794154171207,18.8,591.125,False
1773587486.7434404,484,0,0,0,0,9.518181999737862,0.0,0.025610999728087336,4.695794154171207,9.4,591.125,False
1773587486.9564705,485,0,0,0,0,9.53210800071247,0.0,0.024796001525828615,4.695794154171207,9.4,591.125,False
1773587487.1695678,486,0,0,0,0,9.536737998132594,0.0,0.02353700256207958,4.695794154171207,9.4,591.125,False
1773587487.38258,487,0,0,0,0,9.49512599981972,0.0,0.025260000256821513,4.694265844964808,9.4,591.125,False
1773587487.5955508,488,0,0,0,0,9.49482999931206,0.0,0.025445002393098548,4.694265844964808,18.8,591.125,False
1773587487.8086264,489,0,0,0,0,9.549775000778027,0.0,0.025796998670557514,4.694265844964808,9.4,591.125,False
1773587488.021676,490,0,0,0,0,9.572053000738379,0.0,0.024758999643381685,4.694265844964808,14.1,591.125,False
1773587488.2348032,491,0,0,0,0,9.588496999640483,0.0,0.02570400101831183,4.694265844964808,9.4,591.125,False
1773587488.4479048,492,0,0,0,0,9.549627000524197,0.0,0.02535199746489525,4.693424333361607,9.4,591.125,False
1773587488.6610715,493,0,0,0,0,9.56434800173156,0.0,0.026110999897355214,4.693424333361607,18.8,591.125,False
1773587488.8741095,494,0,0,0,0,9.578812001564074,0.0,0.024740998924244195,4.693424333361607,9.4,591.125,False
1773587489.0871456,495,0,0,0,0,9.551089999149553,0.0,0.02518499968573451,4.693424333361607,9.4,591.125,False
1773587489.3001318,496,0,0,0,0,9.518811999441823,0.0,0.025630000891396776,4.693424333361607,9.4,591.125,False
1773587489.5132113,497,0,0,0,0,9.563367999362526,0.0,0.026054996851598844,4.693524122338794,9.4,591.125,False
1773587489.7263138,498,0,0,0,0,9.542126997985179,0.0,0.024741002562223002,4.693524122338794,18.8,591.125,False
1773587489.9392514,499,0,0,0,0,9.454867002204992,0.0,0.025871002435451373,4.693524122338794,9.4,591.125,False
1773587490.1522293,500,0,0,0,0,9.485108002991183,0.0,0.025851997634163126,4.693524122338794,9.4,591.125,False
1773587490.3652759,501,0,0,0,0,9.534737997455522,0.0,0.026147998141823336,4.693524122338794,14.1,591.125,False
1773587490.5782778,502,0,0,0,0,9.53738499811152,0.0,0.025129000277956948,4.694417159951398,9.4,591.125,False
1773587490.7913709,503,0,0,0,0,9.461497000302188,0.0,0.026574998628348112,4.694417159951398,18.8,591.125,False
1773587491.0045354,504,0,0,0,0,9.570199999870965,0.0,0.025426001229789108,4.694417159951398,9.4,591.125,False
1773587491.2175703,505,0,0,0,0,9.569238001859048,0.0,0.024444998416583985,4.694417159951398,9.4,591.125,False
1773587491.4304802,506,0,0,0,0,9.439181001653196,0.0,0.025370001822011545,4.694417159951398,9.4,591.125,False
1773587491.6434467,507,0,0,0,0,9.461607998673571,0.0,0.02631499955896288,4.693938029288766,9.4,591.125,False
1773587491.8564498,508,0,0,0,0,9.495349000644637,0.0,0.026259996957378462,4.693938029288766,18.8,591.125,False
1773587492.0695179,509,0,0,0,0,9.475477996602422,0.0,0.024943998141679913,4.693938029288766,9.4,591.125,False
1773587492.2824564,510,0,0,0,0,9.449143999518128,0.0,0.025130000722128898,4.693938029288766,9.4,591.125,False
1773587492.4954586,511,0,0,0,0,9.490255997661734,0.0,0.025814999389695004,4.693938029288766,9.4,591.125,False
1773587492.708604,512,0,0,0,0,9.60181199843646,0.0,0.025370001822011545,4.6949594521019,9.4,591.125,False
1773587492.921585,513,0,0,0,0,9.514256002148613,0.0,0.025833000108832493,4.6949594521019,18.8,591.125,False
1773587493.1347034,514,0,0,0,0,9.522348998871166,0.0,0.02546299947425723,4.6949594521019,9.4,591.125,False
1773587493.3476772,515,0,0,0,0,9.426274002180435,0.0,0.026129997422685847,4.6949594521019,9.4,591.125,False
1773587493.5607455,516,0,0,0,0,9.458625998377101,0.0,0.02603699977044016,4.6949594521019,9.4,591.125,False
1773587493.773713,517,0,0,0,0,9.497274997556815,0.0,0.02485099685145542,4.693577695013866,9.4,591.125,False
1773587493.9866529,518,0,0,0,0,9.470608001720393,0.0,0.024962999304989353,4.693577695013866,18.8,591.140625,False
1773587494.1995852,519,0,0,0,0,9.447995998925762,0.0,0.026686000637710094,4.693577695013866,9.4,591.140625,False
1773587494.4125943,520,0,0,0,0,9.485719001531834,0.0,0.026408000849187374,4.693577695013866,9.4,591.140625,False
1773587494.6256313,521,0,0,0,0,9.48268199863378,0.0,0.02492600106052123,4.693577695013866,9.4,591.140625,False
1773587494.8386111,522,0,0,0,0,9.486015002039494,0.0,0.02600000152597204,4.69533261344944,9.4,591.140625,False
1773587495.0516365,523,0,0,0,0,9.449682002014015,0.0,0.02598200080683455,4.69533261344944,18.8,591.140625,False
1773587495.2646537,524,0,0,0,0,9.516089998214738,0.0,0.02568499985500239,4.69533261344944,9.4,591.140625,False
1773587495.4776652,525,0,0,0,0,9.494459998677485,0.0,0.02490800034138374,4.69533261344944,14.1,591.140625,False
1773587495.690842,526,0,0,0,0,9.447664000617806,0.0,0.025944002118194476,4.69533261344944,9.4,591.140625,False
1773587495.9038599,527,0,0,0,0,9.443774000828853,0.0,0.025315002858405933,4.69395378861012,9.4,591.140625,False
1773587496.1168547,528,0,0,0,0,9.495015001448337,0.0,0.025888999516610056,4.69395378861012,18.8,591.140625,False
1773587496.329838,529,0,0,0,0,9.45134900030098,0.0,0.0259810003626626,4.69395378861012,9.4,591.140625,False
1773587496.5427842,530,0,0,0,0,9.477367002546089,0.0,0.026166999305132776,4.69395378861012,9.4,591.140625,False
1773587496.7557597,531,0,0,0,0,9.505311001703376,0.0,0.025814999389695004,4.69395378861012,9.4,591.140625,False
1773587496.96885,532,0,0,0,0,9.516312002233462,0.0,0.026501002139411867,4.695123425557352,14.1,591.140625,False
1773587497.1815188,533,0,0,0,0,9.158384000329534,0.0,0.025833000108832493,4.695123425557352,14.1,591.140625,False
1773587497.3945258,534,0,0,0,0,9.500829997705296,0.0,0.02601899905130267,4.695123425557352,9.4,591.15625,False
1773587497.6075587,535,0,0,0,0,9.47395999901346,0.0,0.02575899998191744,4.695123425557352,14.1,591.15625,False
1773587497.8205767,536,0,0,0,0,9.506941998552065,0.0,0.0254259975918103,4.695123425557352,9.4,591.15625,False
1773587498.0336728,537,0,0,0,0,9.496126000158256,0.0,0.025833000108832493,4.695445099067382,9.4,591.15625,False
1773587498.2467008,538,0,0,0,0,9.469774999161018,0.0,0.025278000975959003,4.695445099067382,18.8,591.15625,False
1773587498.4596741,539,0,0,0,0,9.414459000254283,0.0,0.02574099926277995,4.695445099067382,9.4,591.15625,False
1773587498.672687,540,0,0,0,0,9.455571002035867,0.0,0.02548200063756667,4.695445099067382,4.7,591.15625,False
1773587498.885661,541,0,0,0,0,9.482329998718342,0.0,0.02535199746489525,4.695445099067382,14.1,591.15625,False
1773587499.0987408,542,0,0,0,0,9.493293000559788,0.0,0.02629599839565344,4.6942900126761264,9.4,591.15625,False
1773587499.3116508,543,0,0,0,0,9.42932999896584,0.0,0.02629599839565344,4.6942900126761264,18.8,591.15625,False
1773587499.5247412,544,0,0,0,0,9.499664000031771,0.0,0.02516699896659702,4.6942900126761264,9.4,591.15625,False
1773587499.7378006,545,0,0,0,0,9.563331001118058,0.0,0.02544499875511974,4.6942900126761264,9.4,591.171875,False
1773587499.9507582,546,0,0,0,0,9.421273996849777,0.0,0.025426001229789108,4.6942900126761264,9.4,591.171875,False
1773587500.1636367,547,0,0,0,0,9.38236599904485,0.0,0.0248889991780743,4.694804949134345,9.4,591.171875,False
1773587500.3761485,548,0,0,0,0,8.97519800128066,0.0,0.024832999770296738,4.694804949134345,18.8,591.171875,False
1773587500.5891683,549,0,0,0,0,9.494293000898324,0.0,0.024554999981774017,4.694804949134345,9.4,591.171875,False
1773587500.8021863,550,0,0,0,0,9.484293001150945,0.0,0.02624099943204783,4.694804949134345,9.4,591.171875,False
1773587501.015115,551,0,0,0,0,9.481903998675989,0.0,0.024647997634019703,4.694804949134345,9.4,591.171875,False
1773587501.2281528,552,0,0,0,0,9.497978000581497,0.0,0.025536999601172283,4.697480232030193,9.4,591.171875,False
1773587501.4413385,553,0,0,0,0,9.525590001430828,0.0,0.025389002985320985,4.697480232030193,18.8,591.171875,False
1773587501.6543725,554,0,0,0,0,9.527553000225453,0.0,0.02607500209705904,4.697480232030193,9.4,591.171875,False
1773587501.8674066,555,0,0,0,0,9.4758119994367,0.0,0.025833000108832493,4.697480232030193,9.4,591.171875,False
1773587502.0803857,556,0,0,0,0,9.478811000008136,0.0,0.02655600110301748,4.697480232030193,9.4,591.171875,False
1773587502.293533,557,0,0,0,0,9.560718997818185,0.0,0.025870998797472566,4.693716359381459,14.1,591.171875,False
1773587502.50654,558,0,0,0,0,9.51121899925056,0.0,0.02592599776107818,4.693716359381459,14.1,591.171875,False
1773587502.7194638,559,0,0,0,0,9.437069998966763,0.0,0.026722998882178217,4.693716359381459,14.1,591.171875,False
1773587502.9325807,560,0,0,0,0,9.527775000606198,0.0,0.026129997422685847,4.693716359381459,9.4,591.171875,False
1773587503.1455903,561,0,0,0,0,9.546794000925729,0.0,0.02635200144140981,4.693716359381459,9.4,591.171875,False
1773587503.3586898,562,0,0,0,0,9.58764599999995,0.0,0.026482000976102427,4.69390020734926,9.4,591.171875,False
1773587503.5718105,563,0,0,0,0,9.542848998535192,0.0,0.026462999812792987,4.69390020734926,18.8,591.171875,False
1773587503.7849174,564,0,0,0,0,9.593497001333162,0.0,0.026462999812792987,4.69390020734926,9.4,591.171875,False
1773587503.9980674,565,0,0,0,0,9.557571000186726,0.0,0.02570400101831183,4.69390020734926,9.4,591.171875,False
1773587504.2110543,566,0,0,0,0,9.524977998808026,0.0,0.026092999178217724,4.69390020734926,9.4,591.171875,False
1773587504.4240007,567,0,0,0,0,9.464479000598658,0.0,0.02653699993970804,4.693056726372553,9.4,591.171875,False
1773587504.6371381,568,0,0,0,0,9.629738000512589,0.0,0.02570399738033302,4.693056726372553,18.8,591.171875,False
1773587504.8501053,569,0,0,0,0,9.51258900022367,0.0,0.026166999305132776,4.693056726372553,9.4,591.171875,False
1773587505.06307,570,0,0,0,0,9.481200999289285,0.0,0.026926001737592742,4.693056726372553,9.4,591.171875,False
1773587505.2760496,571,0,0,0,0,9.514942001260351,0.0,0.026129997422685847,4.693056726372553,9.4,591.171875,False
1773587505.489153,572,0,0,0,0,9.516015998087823,0.0,0.0248889991780743,4.6943215361518265,9.4,591.171875,False
1773587505.7021923,573,0,0,0,0,9.520349001832074,0.0,0.025556000764481723,4.6943215361518265,18.8,591.171875,False
1773587505.915114,574,0,0,0,0,9.468440999626182,0.0,0.02577800114522688,4.6943215361518265,9.4,591.171875,False
1773587506.1281807,575,0,0,0,0,9.510238000075333,0.0,0.025888999516610056,4.6943215361518265,9.4,591.171875,False
1773587506.3412852,576,0,0,0,0,9.492144999967422,0.0,0.025092998839681968,4.6943215361518265,14.1,591.171875,False
1773587506.5542598,577,0,0,0,0,9.49795999986236,0.0,0.02631499955896288,4.694287911126134,9.4,591.171875,False
1773587506.767171,578,0,0,0,0,9.451125999476062,0.0,0.02651899922057055,4.694287911126134,18.8,591.171875,False
1773587506.980088,579,0,0,0,0,9.435644999030046,0.0,0.02520400084904395,4.694287911126134,9.4,591.171875,False
1773587507.1930869,580,0,0,0,0,9.504164001555182,0.0,0.024722998205106705,4.694287911126134,9.4,591.171875,False
1773587507.4059896,581,0,0,0,0,9.45788600074593,0.0,0.025074001314351335,4.694287911126134,9.4,591.171875,False
1773587507.6189706,582,0,0,0,0,9.516256999631878,0.0,0.02599999788799323,4.696223184538566,9.4,591.171875,False
1773587507.832092,583,0,0,0,0,9.56499699896085,0.0,0.02551800207584165,4.696223184538566,18.8,591.171875,False
1773587508.0450873,584,0,0,0,0,9.513385997706791,0.0,0.025888999516610056,4.696223184538566,9.4,591.171875,False
1773587508.2581105,585,0,0,0,0,9.511071002634708,0.0,0.025574998289812356,4.696223184538566,9.4,591.171875,False
1773587508.4710772,586,0,0,0,0,9.428923000086797,0.0,0.025908000679919496,4.696223184538566,9.4,591.171875,False
1773587508.6840265,587,0,0,0,0,9.45958900047117,0.0,0.02605500048957765,4.694396143397699,9.4,591.171875,False
1773587508.896523,588,0,0,0,0,8.973938998678932,0.0,0.026851997972698882,4.694396143397699,18.8,591.171875,False
1773587509.1094687,589,0,0,0,0,9.460811997996643,0.0,0.025795998226385564,4.694396143397699,9.4,591.171875,False
1773587509.3224247,590,0,0,0,0,9.47440399977495,0.0,0.025240999093512073,4.694396143397699,9.4,591.171875,False
1773587509.535374,591,0,0,0,0,9.454811999603407,0.0,0.025314999220427126,4.694396143397699,9.4,591.171875,False
1773587509.7483382,592,0,0,0,0,9.493459998338949,0.0,0.025148001441266388,4.697974820052828,14.1,591.171875,False
1773587509.9613416,593,0,0,0,0,9.49264500013669,0.0,0.025203997211065143,4.697974820052828,14.1,591.171875,False
1773587510.1743085,594,0,0,0,0,9.496441998635419,0.0,0.026110999897355214,4.697974820052828,14.1,591.171875,False
1773587510.3873107,595,0,0,0,0,9.447107000596588,0.0,0.025426001229789108,4.697974820052828,9.4,591.171875,False
1773587510.6002784,596,0,0,0,0,9.432033999473788,0.0,0.025926001399056986,4.697974820052828,9.4,591.171875,False
1773587510.813268,597,0,0,0,0,9.498071001871722,0.0,0.02518499968573451,4.695162318377888,9.4,591.171875,False
1773587511.0263207,598,0,0,0,0,9.466922998399241,0.0,0.02518600012990646,4.695162318377888,18.8,591.171875,False
1773587511.2391696,599,0,0,0,0,9.39719999951194,0.0,0.025610999728087336,4.695162318377888,9.4,591.171875,False
1773587511.452177,600,0,0,0,0,9.454663999349577,0.0,0.027075002435594797,4.695162318377888,9.4,591.171875,False
1773587511.6652253,601,0,0,0,0,9.56655300251441,0.0,0.024796998332021758,4.695162318377888,9.4,591.171875,False
1773587511.878177,602,0,0,0,0,9.470700999372639,0.0,0.02598200080683455,4.695185444144216,9.4,591.171875,False
1773587512.0911067,603,0,0,0,0,9.457033997023245,0.0,0.025574001483619213,4.695185444144216,18.8,591.171875,False
1773587512.3040655,604,0,0,0,0,9.462886002438609,0.0,0.02564799797255546,4.695185444144216,9.4,591.1875,False
1773587512.5170822,605,0,0,0,0,9.51968299705186,0.0,0.025001001631608233,4.695185444144216,9.4,591.1875,False
1773587512.7301173,606,0,0,0,0,9.463755999604473,0.0,0.025054996513063088,4.695185444144216,9.4,591.1875,False
1773587512.9429822,607,0,0,0,0,9.401978000823874,0.0,0.025110999558819458,4.695339972156884,9.4,591.1875,False
1773587513.1559367,608,0,0,0,0,9.427441000298131,0.0,0.025610999728087336,4.695339972156884,18.8,591.1875,False
1773587513.3689938,609,0,0,0,0,9.452793001401005,0.0,0.025296998501289636,4.695339972156884,9.4,591.1875,False
1773587513.5820324,610,0,0,0,0,9.56596100149909,0.0,0.025240999093512073,4.695339972156884,9.4,591.1875,False
1773587513.7949479,611,0,0,0,0,9.43994100089185,0.0,0.025926001399056986,4.695339972156884,14.1,591.1875,False
1773587514.0079107,612,0,0,0,0,9.429090001503937,0.0,0.025369998184032738,4.695292666582932,9.4,591.1875,False
1773587514.2209651,613,0,0,0,0,9.543570999085205,0.0,0.025389002985320985,4.695292666582932,18.8,591.1875,False
1773587514.4339082,614,0,0,0,0,9.463829999731388,0.0,0.02551800207584165,4.695292666582932,9.4,591.1875,False
1773587514.6468196,615,0,0,0,0,9.469219003221951,0.0,0.024091998056974262,4.695292666582932,9.4,591.1875,False
1773587514.8597298,616,0,0,0,0,9.425459000340197,0.0,0.025110999558819458,4.695292666582932,9.4,591.1875,False
1773587515.0727422,617,0,0,0,0,9.5080710016191,0.0,0.025741002900758758,4.696089629918081,9.4,591.1875,False
1773587515.285752,618,0,0,0,0,9.52771900119842,0.0,0.025908000679919496,4.696089629918081,18.8,591.1875,False
1773587515.4987123,619,0,0,0,0,9.420032998605166,0.0,0.02548200063756667,4.696089629918081,9.4,591.1875,False
1773587515.711645,620,0,0,0,0,9.419033998710802,0.0,0.025278000975959003,4.696089629918081,9.4,591.1875,False
1773587515.9247558,621,0,0,0,0,9.495812002569437,0.0,0.02601799860713072,4.696089629918081,9.4,591.1875,False
1773587516.1377528,622,0,0,0,0,9.527220001473324,0.0,0.02433299960102886,4.694677780852118,9.4,591.1875,False
1773587516.3508246,623,0,0,0,0,9.522645999822998,0.0,0.025610999728087336,4.694677780852118,18.8,591.1875,False
1773587516.5638514,624,0,0,0,0,9.553830001095776,0.0,0.02600000152597204,4.694677780852118,9.4,591.1875,False
1773587516.776921,625,0,0,0,0,9.553940999467159,0.0,0.02683300044736825,4.694677780852118,9.4,591.1875,False
1773587516.9898777,626,0,0,0,0,9.492422999755945,0.0,0.02550100180087611,4.694677780852118,9.4,591.1875,False
1773587517.2028205,627,0,0,0,0,9.449625998968259,0.0,0.02627800131449476,4.694378279475011,14.1,591.1875,False
1773587517.4157696,628,0,0,0,0,9.406625998963136,0.0,0.025945002562366426,4.694378279475011,14.1,591.1875,False
1773587517.6287992,629,0,0,0,0,9.488996998697985,0.0,0.05748199691879563,4.694378279475011,9.4,591.1875,False
1773587517.8418207,630,0,0,0,0,9.5375340024475,0.0,0.025536999601172283,4.694378279475011,14.1,591.203125,False
1773587518.0548239,631,0,0,0,0,9.46238600226934,0.0,0.02663000122993253,4.694378279475011,9.4,591.203125,False
1773587518.2679014,632,0,0,0,0,9.499719999439549,0.0,0.02577800114522688,4.695055101892326,9.4,591.21875,False
1773587518.4809659,633,0,0,0,0,9.561442002450349,0.0,0.026130001060664654,4.695055101892326,18.8,591.21875,False
1773587518.6939678,634,0,0,0,0,9.518515998934163,0.0,0.026462999812792987,4.695055101892326,9.4,591.21875,False
1773587518.907034,635,0,0,0,0,9.484127000177978,0.0,0.02592599776107818,4.695055101892326,9.4,591.21875,False
1773587519.119973,636,0,0,0,0,9.448718999919947,0.0,0.02520400084904395,4.695055101892326,9.4,591.21875,False
1773587519.3329735,637,0,0,0,0,9.488329997111578,0.0,0.025944002118194476,4.693989510130292,9.4,591.21875,False
1773587519.545949,638,0,0,0,0,9.502144999714801,0.0,0.025092002033488825,4.693989510130292,18.8,591.21875,False
1773587519.7589395,639,0,0,0,0,9.439292996830773,0.0,0.02713000139920041,4.693989510130292,9.4,591.21875,False
1773587519.9718957,640,0,0,0,0,9.487923001870513,0.0,0.025592999008949846,4.693989510130292,9.4,591.21875,False
1773587520.1849227,641,0,0,0,0,9.518570997897768,0.0,0.02572299854364246,4.693989510130292,9.4,591.21875,False
1773587520.3979774,642,0,0,0,0,9.519737999653444,0.0,0.025000001187436283,4.695256925225896,14.1,591.21875,False
1773587520.610517,643,0,0,0,0,9.068475999811199,0.0,0.024703000235604122,4.695256925225896,14.1,591.21875,False
1773587520.8236194,644,0,0,0,0,9.495237998635275,0.0,0.025075001758523285,4.695256925225896,9.4,591.21875,False
1773587521.0364852,645,0,0,0,0,9.387588997924468,0.0,0.0254259975918103,4.695256925225896,9.4,591.21875,False
1773587521.2495158,646,0,0,0,0,9.470255998166976,0.0,0.024204000510508195,4.695256925225896,14.1,591.21875,False
1773587521.4623444,647,0,0,0,0,9.35807100177044,0.0,0.025407000066479668,4.696679641134288,9.4,591.21875,False
1773587521.675199,648,0,0,0,0,9.366849000798538,0.0,0.026130001060664654,4.696679641134288,18.8,591.21875,False
1773587521.8880959,649,0,0,0,0,9.413274001417449,0.0,0.02599999788799323,4.696679641134288,9.4,591.21875,False
1773587522.101032,650,0,0,0,0,9.449681998376036,0.0,0.025388999347342178,4.696679641134288,9.4,591.21875,False
1773587522.3140287,651,0,0,0,0,9.47145999816712,0.0,0.02522200156818144,4.696679641134288,9.4,591.21875,False
1773587522.5269573,652,0,0,0,0,9.488625997619238,0.0,0.025258999812649563,4.697151967274176,14.1,591.21875,False
1773587522.7398918,653,0,0,0,0,9.454941002331907,0.0,0.025814999389695004,4.697151967274176,14.1,591.21875,False
1773587522.9529657,654,0,0,0,0,9.520719002466649,0.0,0.0255190025200136,4.697151967274176,14.1,591.21875,False
1773587523.1659095,655,0,0,0,0,9.378923001349904,0.0,0.025426001229789108,4.697151967274176,9.4,591.21875,False
1773587523.3787253,656,0,0,0,0,9.332681001978926,0.0,0.026760000764625147,4.697151967274176,9.4,591.21875,False
1773587523.591698,657,0,0,0,0,9.478645002673147,0.0,0.024240998754976317,4.695960288983274,9.4,591.21875,False
1773587523.8046346,658,0,0,0,0,9.43023700165213,0.0,0.0256669991358649,4.695960288983274,14.1,591.21875,False
1773587524.0174656,659,0,0,0,0,9.388625996507471,0.0,0.024388999008806422,4.695960288983274,9.4,591.21875,False
1773587524.2303524,660,0,0,0,0,9.43371899847989,0.0,0.025630000891396776,4.695960288983274,9.4,591.21875,False
1773587524.4432461,661,0,0,0,0,9.420163001777837,0.0,0.02607400165288709,4.695960288983274,9.4,591.21875,False
1773587524.656245,662,0,0,0,0,9.445312000025297,0.0,0.02570400101831183,4.696979436246541,9.4,591.21875,False
1773587524.8692057,663,0,0,0,0,9.462181998969754,0.0,0.025130000722128898,4.696979436246541,18.8,591.21875,False
1773587525.0821369,664,0,0,0,0,9.461071000259835,0.0,0.025055000151041895,4.696979436246541,9.4,591.21875,False
1773587525.2950907,665,0,0,0,0,9.415570999408374,0.0,0.025888999516610056,4.696979436246541,9.4,591.21875,False
1773587525.507977,666,0,0,0,0,9.421089001989458,0.0,0.02518499968573451,4.696979436246541,9.4,591.21875,False
1773587525.7217321,667,0,0,0,0,9.949072999006603,0.0,0.025000001187436283,4.694667271384931,14.0,591.21875,False
1773587525.9346824,668,0,0,0,0,9.48157099992386,0.0,0.025018998712766916,4.694667271384931,18.8,591.21875,False
1773587526.1475663,669,0,0,0,0,9.391626001161058,0.0,0.025926001399056986,4.694667271384931,9.4,591.21875,False
1773587526.3604655,670,0,0,0,0,9.437978002097225,0.0,0.02740800118772313,4.694667271384931,9.4,591.21875,False
1773587526.5734243,671,0,0,0,0,9.442051999940304,0.0,0.02572199809947051,4.694667271384931,9.4,591.21875,False
1773587526.7863557,672,0,0,0,0,9.447682001336943,0.0,0.024870001652743667,4.694251134305841,9.4,591.21875,False
1773587526.9992754,673,0,0,0,0,9.438496999791823,0.0,0.0259810003626626,4.694251134305841,18.8,591.21875,False
1773587527.2122562,674,0,0,0,0,9.447496999200666,0.0,0.025278000975959003,4.694251134305841,9.4,591.21875,False
1773587527.4252756,675,0,0,0,0,9.506496997346403,0.0,0.02514799780328758,4.694251134305841,9.4,591.234375,False
1773587527.6382742,676,0,0,0,0,9.531756997603225,0.0,0.02631499955896288,4.694251134305841,9.4,591.234375,False
1773587527.8513045,677,0,0,0,0,9.479664000537014,0.0,0.026185000024270266,4.695163369544143,9.4,591.234375,False
1773587528.0643308,678,0,0,0,0,9.44416399943293,0.0,0.02570399738033302,4.695163369544143,18.8,591.234375,False
1773587528.277328,679,0,0,0,0,9.434810999664478,0.0,0.026462999812792987,4.695163369544143,9.4,591.234375,False
1773587528.490207,680,0,0,0,0,9.399329999723705,0.0,0.025332999939564615,4.695163369544143,14.1,591.234375,False
1773587528.703028,681,0,0,0,0,9.34870000128285,0.0,0.0256669991358649,4.695163369544143,9.4,591.234375,False
1773587528.9159143,682,0,0,0,0,9.397625999554293,0.0,0.025888999516610056,4.696227391106702,9.4,591.234375,False
1773587529.1285584,683,0,0,0,0,9.090717001527082,0.0,0.025888999516610056,4.696227391106702,18.8,591.234375,False
1773587529.341506,684,0,0,0,0,9.484719997999491,0.0,0.026110999897355214,4.696227391106702,9.4,591.234375,False
1773587529.5545018,685,0,0,0,0,9.421533999557141,0.0,0.026073998014908284,4.696227391106702,9.4,591.234375,False
1773587529.7673094,686,0,0,0,0,9.358754999993835,0.0,0.025000001187436283,4.696227391106702,9.4,591.234375,False
1773587529.9801843,687,0,0,0,0,9.401310999237467,0.0,0.02550000135670416,4.698060068084451,9.4,591.234375,False
1773587530.193243,688,0,0,0,0,9.480218999669887,0.0,0.02572199809947051,4.698060068084451,18.8,591.234375,False
1773587530.4061334,689,0,0,0,0,9.45086699721287,0.0,0.025888999516610056,4.698060068084451,9.4,591.234375,False
1773587530.6191459,690,0,0,0,0,9.387422000145307,0.0,0.02596299964352511,4.698060068084451,9.4,591.234375,False
1773587530.8320363,691,0,0,0,0,9.4327560000238,0.0,0.025258999812649563,4.698060068084451,9.4,591.234375,False
1773587531.0450723,692,0,0,0,0,9.52916399910464,0.0,0.024962999304989353,4.695903507408779,9.4,591.234375,False
1773587531.2580135,693,0,0,0,0,9.474312002566876,0.0,0.025556000764481723,4.695903507408779,18.8,591.234375,False
1773587531.4709215,694,0,0,0,0,9.423014998901635,0.0,0.02514799780328758,4.695903507408779,9.4,591.234375,False
1773587531.68389,695,0,0,0,0,9.481329998379806,0.0,0.026648998755263165,4.695903507408779,9.4,591.234375,False
1773587531.8969188,696,0,0,0,0,9.529385999485385,0.0,0.024556000425945967,4.695903507408779,9.4,591.234375,False
1773587532.1099694,697,0,0,0,0,9.50558899785392,0.0,0.025610999728087336,4.695162318377888,14.1,591.234375,False
1773587532.322385,698,0,0,0,0,8.945327001129044,0.0,0.025630000891396776,4.695162318377888,14.1,591.234375,False
1773587532.5352688,699,0,0,0,0,9.454330000153277,0.0,0.026445002731634304,4.695162318377888,9.4,591.234375,False
1773587532.7482812,700,0,0,0,0,9.458090000407537,0.0,0.026555997465038672,4.695162318377888,14.1,591.234375,False
1773587532.9613867,701,0,0,0,0,9.495220001554117,0.0,0.025332999939564615,4.695162318377888,9.4,591.234375,False
1773587533.1744564,702,0,0,0,0,9.490126998571213,0.0,0.02516699896659702,4.697184581270858,4.7,591.234375,False
1773587533.3874586,703,0,0,0,0,9.53368300179136,0.0,0.02663000122993253,4.697184581270858,18.8,591.234375,False
1773587533.6004014,704,0,0,0,0,9.467793999647256,0.0,0.02594499892438762,4.697184581270858,9.4,591.234375,False
1773587533.813379,705,0,0,0,0,9.479200998612214,0.0,0.02570400101831183,4.697184581270858,9.4,591.234375,False
1773587534.026354,706,0,0,0,0,9.474978000071133,0.0,0.02535199746489525,4.697184581270858,14.1,591.234375,False
1773587534.2392862,707,0,0,0,0,9.467700998357031,0.0,0.02574099926277995,4.695328408484114,9.4,591.234375,False
1773587534.4523225,708,0,0,0,0,9.477052997681312,0.0,0.02607400165288709,4.695328408484114,18.8,591.234375,False
1773587534.6653194,709,0,0,0,0,9.473775000515161,0.0,0.025036999431904405,4.695328408484114,9.4,591.234375,False
1773587534.8782647,710,0,0,0,0,9.462737001740607,0.0,0.02622199826873839,4.695328408484114,9.4,591.234375,False
1773587535.0912921,711,0,0,0,0,9.483645000727847,0.0,0.025499997718725353,4.695328408484114,9.4,591.234375,False
1773587535.30428,712,0,0,0,0,9.498331000941107,0.0,0.025685003492981195,4.695060357488269,9.4,591.234375,False
1773587535.5174608,713,0,0,0,0,9.508682000159752,0.0,0.025276996893808246,4.695060357488269,18.8,591.234375,False
1773587535.7305987,714,0,0,0,0,9.5507930018357,0.0,0.0262039975496009,4.695060357488269,9.4,591.234375,False
1773587535.943578,715,0,0,0,0,9.45355299700168,0.0,0.026869998691836372,4.695060357488269,9.4,591.25,False
1773587536.1564786,716,0,0,0,0,9.428590001334669,0.0,0.02600000152597204,4.695060357488269,9.4,591.25,False
1773587536.3694649,717,0,0,0,0,9.461552999709966,0.0,0.026165998860960826,4.6939107133824285,9.4,591.25,False
1773587536.5824492,718,0,0,0,0,9.47440399977495,0.0,0.02564799797255546,4.6939107133824285,18.8,591.25,False
1773587536.7953162,719,0,0,0,0,9.385330002260162,0.0,0.02629600203363225,4.6939107133824285,9.4,591.25,False
1773587537.0084145,720,0,0,0,0,9.489033996942453,0.0,0.02622199826873839,4.6939107133824285,9.4,591.25,False
1773587537.2215512,721,0,0,0,0,9.493719000602141,0.0,0.025888999516610056,4.6939107133824285,14.1,591.25,False
1773587537.434546,722,0,0,0,0,9.470496999711031,0.0,0.025612000172259286,4.6946746280070215,14.1,591.25,False
1773587537.6476314,723,0,0,0,0,9.52822000181186,0.0,0.024519002181477845,4.6946746280070215,14.1,591.25,False
1773587537.8607125,724,0,0,0,0,9.47909000024083,0.0,0.02577800114522688,4.6946746280070215,9.4,591.25,False
1773587538.07377,725,0,0,0,0,9.506831000180682,0.0,0.026148998585995287,4.6946746280070215,9.4,591.25,False
1773587538.2867205,726,0,0,0,0,9.486348997597815,0.0,0.026112000341527164,4.6946746280070215,9.4,591.25,False
1773587538.4996352,727,0,0,0,0,9.418441000889288,0.0,0.026222001906717196,4.694037840111216,9.4,591.25,False
1773587538.7125955,728,0,0,0,0,9.442701000807574,0.0,0.025278000975959003,4.694037840111216,18.8,591.25,False
1773587538.925499,729,0,0,0,0,9.446959000342758,0.0,0.025888999516610056,4.694037840111216,9.4,591.25,False
1773587539.1385672,730,0,0,0,0,9.50060800096253,0.0,0.025945002562366426,4.694037840111216,9.4,591.25,False
1773587539.3515785,731,0,0,0,0,9.440645000722725,0.0,0.02598200080683455,4.694037840111216,9.4,591.25,False
1773587539.564615,732,0,0,0,0,9.524313001747942,0.0,0.024834000214468688,4.6955176393803795,9.4,591.25,False
1773587539.7775998,733,0,0,0,0,9.501164000539575,0.0,0.025296998501289636,4.6955176393803795,18.8,591.25,False
1773587539.9906003,734,0,0,0,0,9.455514998990111,0.0,0.025907000235747546,4.6955176393803795,9.4,591.25,False
1773587540.2035246,735,0,0,0,0,9.42981200205395,0.0,0.02631499955896288,4.6955176393803795,9.4,591.25,False
1773587540.4166217,736,0,0,0,0,9.41140400027507,0.0,0.026130001060664654,4.6955176393803795,9.4,591.25,False
1773587540.6295898,737,0,0,0,0,9.49749699793756,0.0,0.026130001060664654,4.694672526112643,14.1,591.25,False
1773587540.842156,738,0,0,0,0,9.043254001880996,0.0,0.025370001822011545,4.694672526112643,18.8,591.25,False
1773587541.0551467,739,0,0,0,0,9.44588600032148,0.0,0.02598099672468379,4.694672526112643,9.4,591.25,False
1773587541.2681224,740,0,0,0,0,9.501348999037873,0.0,0.02564899841672741,4.694672526112643,9.4,591.25,False
1773587541.4811528,741,0,0,0,0,9.532219999528024,0.0,0.02562999725341797,4.694672526112643,9.4,591.25,False
1773587541.694152,742,0,0,0,0,9.513663997495314,0.0,0.02605500048957765,4.696884759971198,9.4,591.25,False
1773587541.9071922,743,0,0,0,0,9.478182000748347,0.0,0.0260560009337496,4.696884759971198,18.8,591.25,False
1773587542.1201856,744,0,0,0,0,9.49075600146898,0.0,0.02607400165288709,4.696884759971198,9.4,591.265625,False
1773587542.3332002,745,0,0,0,0,9.475589999055956,0.0,0.026148998585995287,4.696884759971198,9.4,591.265625,False
1773587542.546235,746,0,0,0,0,9.461959998589009,0.0,0.02466700243530795,4.696884759971198,9.4,591.28125,False
1773587542.7592213,747,0,0,0,0,9.411868002644042,0.0,0.027334001060808077,4.6945264490641625,9.4,591.28125,False
1773587542.9721618,748,0,0,0,0,9.460034001676831,0.0,0.02659199890331365,4.6945264490641625,18.8,591.28125,False
1773587543.1851816,749,0,0,0,0,9.447090000321623,0.0,0.024684999516466632,4.6945264490641625,9.4,591.28125,False
1773587543.3982234,750,0,0,0,0,9.444719002203783,0.0,0.025277997337980196,4.6945264490641625,9.4,591.28125,False
1773587543.6111727,751,0,0,0,0,9.474219001276651,0.0,0.026703997718868777,4.6945264490641625,9.4,591.28125,False
1773587543.8241677,752,0,0,0,0,9.490367003309075,0.0,0.02572199809947051,4.695065613095978,14.1,591.28125,False
1773587544.0371616,753,0,0,0,0,9.483885998633923,0.0,0.02626000059535727,4.695065613095978,14.1,591.28125,False
1773587544.250241,754,0,0,0,0,9.494348996668123,0.0,0.0248889991780743,4.695065613095978,14.1,591.28125,False
1773587544.4631991,755,0,0,0,0,9.454145001654979,0.0,0.025889999960782006,4.695065613095978,9.4,591.28125,False
1773587544.6761305,756,0,0,0,0,9.431163001863752,0.0,0.026851997972698882,4.695065613095978,9.4,591.28125,False
1773587544.8891642,757,0,0,0,0,9.472662997723091,0.0,0.025388999347342178,4.6949258179369435,9.4,591.28125,False
1773587545.1021035,758,0,0,0,0,9.447200998693006,0.0,0.02575899998191744,4.6949258179369435,18.8,591.28125,False
1773587545.3150299,759,0,0,0,0,9.410849001142196,0.0,0.026369998522568494,4.6949258179369435,9.4,591.28125,False
1773587545.5280492,760,0,0,0,0,9.463088998018065,0.0,0.02631499955896288,4.6949258179369435,9.4,591.28125,False
1773587545.7411401,761,0,0,0,0,9.57734999974491,0.0,0.024796998332021758,4.6949258179369435,9.4,591.28125,False
1773587545.9543085,762,0,0,0,0,9.580404999724124,0.0,0.024758999643381685,4.6944276682988155,9.4,591.28125,False
1773587546.1671827,763,0,0,0,0,9.412960000190651,0.0,0.024813998606987298,4.6944276682988155,18.8,591.28125,False
1773587546.3801317,764,0,0,0,0,9.446386000490747,0.0,0.026351997803431004,4.6944276682988155,9.4,591.28125,False
1773587546.5931396,765,0,0,0,0,9.480144999542972,0.0,0.025556000764481723,4.6944276682988155,9.4,591.28125,False
1773587546.806167,766,0,0,0,0,9.445108000363689,0.0,0.025056000595213845,4.6944276682988155,9.4,591.28125,False
1773587547.019114,767,0,0,0,0,9.43664500300656,0.0,0.02598200080683455,4.695181239442485,9.4,591.28125,False
1773587547.2320158,768,0,0,0,0,9.405034001247259,0.0,0.026704001356847584,4.695181239442485,18.8,591.28125,False
1773587547.44526,769,0,0,0,0,9.659202001785161,0.0,0.023945001885294914,4.695181239442485,9.4,591.28125,False
1773587547.658181,770,0,0,0,0,9.363181998196524,0.0,0.025073997676372528,4.695181239442485,9.4,591.28125,False
1773587547.8710742,771,0,0,0,0,9.441403999517206,0.0,0.02575899998191744,4.695181239442485,14.1,591.28125,False
1773587548.084106,772,0,0,0,0,9.461571000429103,0.0,0.02574099926277995,4.69501305754836,9.4,591.28125,False
1773587548.297218,773,0,0,0,0,9.463088998018065,0.0,0.025834000553004444,4.69501305754836,18.8,591.28125,False
1773587548.5101945,774,0,0,0,0,9.503700999630382,0.0,0.026129997422685847,4.69501305754836,9.4,591.28125,False
1773587548.7231338,775,0,0,0,0,9.42795999799273,0.0,0.025741002900758758,4.69501305754836,9.4,591.28125,False
1773587548.9360878,776,0,0,0,0,9.443626000575023,0.0,0.02624099943204783,4.69501305754836,9.4,591.28125,False
1773587549.1491916,777,0,0,0,0,9.52492299984442,0.0,0.025407000066479668,4.694946839233568,9.4,591.28125,False
1773587549.361746,778,0,0,0,0,9.075255002244376,0.0,0.02568600029917434,4.694946839233568,18.8,591.28125,False
1773587549.5746999,779,0,0,0,0,9.454107999772532,0.0,0.02546399991842918,4.694946839233568,9.4,591.28125,False
1773587549.7877333,780,0,0,0,0,9.415386000910075,0.0,0.026351997803431004,4.694946839233568,9.4,591.28125,False
1773587550.0006843,781,0,0,0,0,9.446718999242876,0.0,0.02596299964352511,4.694946839233568,9.4,591.28125,False
1773587550.2137356,782,0,0,0,0,9.500830998149468,0.0,0.02533399674575776,4.696428263506739,9.4,591.28125,False
1773587550.4267714,783,0,0,0,0,9.462941001402214,0.0,0.026166999305132776,4.696428263506739,18.8,591.28125,False
1773587550.6397495,784,0,0,0,0,9.459164000872988,0.0,0.026110999897355214,4.696428263506739,9.4,591.28125,False
1773587550.8529649,785,0,0,0,0,9.575571999448584,0.0,0.025352001102874056,4.696428263506739,9.4,591.28125,False
1773587551.0658824,786,0,0,0,0,9.453237998968689,0.0,0.025129000277956948,4.696428263506739,9.4,591.28125,False
1773587551.2788496,787,0,0,0,0,9.47346000248217,0.0,0.025352001102874056,4.694300520454318,14.1,591.28125,False
1773587551.4918153,788,0,0,0,0,9.457348998694215,0.0,0.025499997718725353,4.694300520454318,14.1,591.28125,False
1773587551.7047596,789,0,0,0,0,9.424144998774864,0.0,0.025332999939564615,4.694300520454318,14.1,591.28125,False
1773587551.917731,790,0,0,0,0,9.47833099780837,0.0,0.025592002202756703,4.694300520454318,9.4,591.28125,False
1773587552.1306798,791,0,0,0,0,9.480238000833197,0.0,0.0248889991780743,4.694300520454318,9.4,591.28125,False
1773587552.3437073,792,0,0,0,0,9.44542299839668,0.0,0.02629600203363225,4.695279000705696,9.4,591.28125,False
1773587552.556771,793,0,0,0,0,9.466108000196982,0.0,0.025592999008949846,4.695279000705696,18.8,591.28125,False
1773587552.769782,794,0,0,0,0,9.550997001497308,0.0,0.024982000468298793,4.695279000705696,9.4,591.28125,False
1773587552.9827487,795,0,0,0,0,9.39223800014588,0.0,0.025795998226385564,4.695279000705696,9.4,591.28125,False
1773587553.1958253,796,0,0,0,0,9.419590001925826,0.0,0.024204000510508195,4.695279000705696,9.4,591.28125,False
1773587553.408903,797,0,0,0,0,9.505977999651805,0.0,0.025258999812649563,4.694302622015601,9.4,591.28125,False
1773587553.621698,798,0,0,0,0,9.302181002567522,0.0,0.02574099926277995,4.694302622015601,18.8,591.28125,False
1773587553.8346279,799,0,0,0,0,9.438256001885748,0.0,0.02622299871291034,4.694302622015601,9.4,591.28125,False
1773587554.047568,800,0,0,0,0,9.406737000972498,0.0,0.02522300201235339,4.694302622015601,9.4,591.296875,False
1773587554.2604883,801,0,0,0,0,9.440182002435904,0.0,0.024240998754976317,4.694302622015601,9.4,591.296875,False
1773587554.4735365,802,0,0,0,0,9.480589000304462,0.0,0.024982000468298793,4.696360953563142,14.1,591.296875,False
1773587554.6865926,803,0,0,0,0,9.46690400087391,0.0,0.025499997718725353,4.696360953563142,14.1,591.296875,False
1773587554.899577,804,0,0,0,0,9.48642300136271,0.0,0.02564899841672741,4.696360953563142,9.4,591.296875,False
1773587555.1126418,805,0,0,0,0,9.487237999564968,0.0,0.02574099926277995,4.696360953563142,9.4,591.296875,False
1773587555.325658,806,0,0,0,0,9.483293997618603,0.0,0.024575001589255407,4.696360953563142,9.4,591.296875,False
1773587555.5386477,807,0,0,0,0,9.483868001552764,0.0,0.026500001695239916,4.694345704436585,9.4,591.296875,False
1773587555.7518666,808,0,0,0,0,9.43979300063802,0.0,0.026869998691836372,4.694345704436585,18.8,591.296875,False
1773587555.9648604,809,0,0,0,0,9.444831001019338,0.0,0.02574099926277995,4.694345704436585,9.4,591.296875,False
1773587556.1777835,810,0,0,0,0,9.460719000344398,0.0,0.025018998712766916,4.694345704436585,14.1,591.296875,False
1773587556.3907354,811,0,0,0,0,9.459996999794384,0.0,0.026129997422685847,4.694345704436585,9.4,591.296875,False
1773587556.603667,812,0,0,0,0,9.420385998964775,0.0,0.0256669991358649,4.694420312450684,9.4,591.296875,False
1773587556.8166044,813,0,0,0,0,9.428515000763582,0.0,0.024834000214468688,4.694420312450684,18.8,591.296875,False
1773587557.0295405,814,0,0,0,0,9.469386001001112,0.0,0.025703000574139878,4.694420312450684,9.4,591.296875,False
1773587557.2425835,815,0,0,0,0,9.48923800024204,0.0,0.025574001483619213,4.694420312450684,9.4,591.296875,False
1773587557.4555745,816,0,0,0,0,9.424218998901779,0.0,0.027019003027817234,4.694420312450684,9.4,591.296875,False
1773587557.668481,817,0,0,0,0,9.434997002244927,0.0,0.02685200161067769,4.695745788017558,9.4,591.3125,False
1773587557.8816166,818,0,0,0,0,9.493700999883004,0.0,0.025352001102874056,4.695745788017558,18.8,591.3125,False
1773587558.094537,819,0,0,0,0,9.443311999348225,0.0,0.02575899998191744,4.695745788017558,9.4,591.3125,False
1773587558.30758,820,0,0,0,0,9.480570999585325,0.0,0.024758999643381685,4.695745788017558,9.4,591.3125,False
1773587558.5205595,821,0,0,0,0,9.47583100060001,0.0,0.026444999093655497,4.695745788017558,14.1,591.3125,False
1773587558.7335603,822,0,0,0,0,9.508701001323061,0.0,0.025426001229789108,4.694851193854198,4.7,591.3125,False
1773587558.9464848,823,0,0,0,0,9.435848998691654,0.0,0.025833000108832493,4.694851193854198,18.8,591.3125,False
1773587559.1593988,824,0,0,0,0,9.42518299780204,0.0,0.024852000933606178,4.694851193854198,9.4,591.3125,False
1773587559.372313,825,0,0,0,0,9.433053000975633,0.0,0.025000001187436283,4.694851193854198,9.4,591.3125,False
1773587559.5853362,826,0,0,0,0,9.445108000363689,0.0,0.024462999135721475,4.694851193854198,14.1,591.3125,False
1773587559.79825,827,0,0,0,0,9.420922000572318,0.0,0.02522200156818144,4.695873014166984,9.4,591.3125,False
1773587560.0112145,828,0,0,0,0,9.43125699996017,0.0,0.026908001018455252,4.695873014166984,14.1,591.3125,False
1773587560.2241545,829,0,0,0,0,9.379069997521583,0.0,0.024796001525828615,4.695873014166984,14.1,591.3125,False
1773587560.4371397,830,0,0,0,0,9.46490500064101,0.0,0.02431499888189137,4.695873014166984,9.4,591.3125,False
1773587560.6502604,831,0,0,0,0,9.656109999923501,0.0,0.026186000468442217,4.695873014166984,9.4,591.3125,False
1773587560.8631968,832,0,0,0,0,9.406626999407308,0.0,0.02572199809947051,4.694923715817635,9.4,591.3125,False
1773587561.075632,833,0,0,0,0,8.969532002083724,0.0,0.024185999791370705,4.694923715817635,18.8,591.3125,False
1773587561.2885327,834,0,0,0,0,9.413978001248324,0.0,0.025630000891396776,4.694923715817635,9.4,591.3125,False
1773587561.5014083,835,0,0,0,0,9.432996997929877,0.0,0.024388999008806422,4.694923715817635,9.4,591.3125,False
1773587561.7145746,836,0,0,0,0,9.672997999587096,0.0,0.025538000045344234,4.694923715817635,14.1,591.3125,False
1773587561.9274426,837,0,0,0,0,9.37084800170851,0.0,0.02494500222383067,4.698036913992056,9.4,591.3125,False
1773587562.1403384,838,0,0,0,0,9.40003399955458,0.0,0.025574001483619213,4.698036913992056,14.1,591.3125,False
1773587562.353334,839,0,0,0,0,9.443737999390578,0.0,0.025036999431904405,4.698036913992056,9.4,591.3125,False
1773587562.5662286,840,0,0,0,0,9.414311000000453,0.0,0.023962998966453597,4.698036913992056,14.1,591.3125,False
1773587562.7792015,841,0,0,0,0,9.395996999955969,0.0,0.024462999135721475,4.698036913992056,9.4,591.3125,False
1773587562.9921122,842,0,0,0,0,9.464959999604616,0.0,0.026666999474400654,4.696716456016546,9.4,591.3125,False
1773587563.2051935,843,0,0,0,0,9.485681999649387,0.0,0.02596299964352511,4.696716456016546,18.8,591.3125,False
1773587563.4181955,844,0,0,0,0,9.543812997435452,0.0,0.02633400072227232,4.696716456016546,9.4,591.3125,False
1773587563.6311991,845,0,0,0,0,9.492126999248285,0.0,0.026370998966740444,4.696716456016546,9.4,591.3125,False
1773587563.8440995,846,0,0,0,0,9.42344199938816,0.0,0.025574001483619213,4.696716456016546,9.4,591.3125,False
1773587564.0570507,847,0,0,0,0,9.420071000931785,0.0,0.025073997676372528,4.694962605329572,9.4,591.3125,False
1773587564.2700877,848,0,0,0,0,9.467607997066807,0.0,0.025332999939564615,4.694962605329572,18.8,591.3125,False
1773587564.4830003,849,0,0,0,0,9.402775001944974,0.0,0.02522200156818144,4.694962605329572,9.4,591.3125,False
1773587564.6959403,850,0,0,0,0,9.46158900114824,0.0,0.026110999897355214,4.694962605329572,9.4,591.3125,False
1773587564.909069,851,0,0,0,0,9.54022000223631,0.0,0.025573997845640406,4.694962605329572,9.4,591.3125,False
1773587565.1220977,852,0,0,0,0,9.470182998484233,0.0,0.025722001737449318,4.694836479526333,9.4,591.3125,False
1773587565.3350635,853,0,0,0,0,9.453442002268275,0.0,0.02546299947425723,4.694836479526333,18.8,591.3125,False
1773587565.548033,854,0,0,0,0,9.476479001023108,0.0,0.026704001356847584,4.694836479526333,9.4,591.3125,False
1773587565.761006,855,0,0,0,0,9.422922998055583,0.0,0.025240999093512073,4.694836479526333,9.4,591.3125,False
1773587565.973944,856,0,0,0,0,9.456367999518989,0.0,0.025075001758523285,4.694836479526333,9.4,591.3125,False
1773587566.1868224,857,0,0,0,0,9.36571900092531,0.0,0.02598200080683455,4.695579668382209,9.4,591.328125,False
1773587566.3997338,858,0,0,0,0,9.41966300160857,0.0,0.02635200144140981,4.695579668382209,18.8,591.328125,False
1773587566.6127005,859,0,0,0,0,9.392627001943765,0.0,0.025426001229789108,4.695579668382209,9.4,591.328125,False
1773587566.825579,860,0,0,0,0,9.417330998985562,0.0,0.02522300201235339,4.695579668382209,9.4,591.328125,False
1773587567.038565,861,0,0,0,0,9.464589002163848,0.0,0.026482000976102427,4.695579668382209,14.1,591.328125,False
1773587567.251506,862,0,0,0,0,9.397626999998465,0.0,0.025258999812649563,4.696656500646555,9.4,591.328125,False
1773587567.464545,863,0,0,0,0,9.460163997573545,0.0,0.025297002139268443,4.696656500646555,18.8,591.328125,False
1773587567.6774435,864,0,0,0,0,9.447997003007913,0.0,0.025276996893808246,4.696656500646555,9.4,591.328125,False
1773587567.8903391,865,0,0,0,0,9.397923000506125,0.0,0.02522300201235339,4.696656500646555,9.4,591.328125,False
1773587568.1032386,866,0,0,0,0,9.35401500100852,0.0,0.025444001948926598,4.696656500646555,9.4,591.328125,False
1773587568.3160982,867,0,0,0,0,9.376255999086425,0.0,0.02575899998191744,4.6962484240604265,9.4,591.328125,False
1773587568.52913,868,0,0,0,0,9.511478998319944,0.0,0.02546399991842918,4.6962484240604265,18.8,591.328125,False
1773587568.7420242,869,0,0,0,0,9.410329999809619,0.0,0.02463000055286102,4.6962484240604265,9.4,591.328125,False
1773587568.954898,870,0,0,0,0,9.415663000254426,0.0,0.025278000975959003,4.6962484240604265,9.4,591.328125,False
1773587569.1678598,871,0,0,0,0,9.41014500131132,0.0,0.025258999812649563,4.6962484240604265,9.4,591.328125,False
1773587569.3808336,872,0,0,0,0,9.460516001126962,0.0,0.025073997676372528,4.6964261600417965,9.4,591.328125,False
1773587569.5933352,873,0,0,0,0,9.012383001390845,0.0,0.025649002054706216,4.6964261600417965,18.8,591.328125,False
1773587569.806347,874,0,0,0,0,9.470126999076456,0.0,0.02592699820525013,4.6964261600417965,9.4,591.328125,False
1773587570.0193043,875,0,0,0,0,9.417311997822253,0.0,0.025222998374374583,4.6964261600417965,9.4,591.328125,False
1773587570.232208,876,0,0,0,0,9.422163999261102,0.0,0.025240999093512073,4.6964261600417965,9.4,591.328125,False
1773587570.4452198,877,0,0,0,0,9.489998003118671,0.0,0.02568499985500239,4.6976759501576195,9.4,591.328125,False
1773587570.6580932,878,0,0,0,0,9.403866999491584,0.0,0.025296998501289636,4.6976759501576195,18.8,591.328125,False
1773587570.8709555,879,0,0,0,0,9.392848998686532,0.0,0.025777997507248074,4.6976759501576195,9.4,591.328125,False
1773587571.0839014,880,0,0,0,0,9.445275001780828,0.0,0.025908000679919496,4.6976759501576195,9.4,591.328125,False
1773587571.2969892,881,0,0,0,0,9.53070100149489,0.0,0.02537099862820469,4.6976759501576195,9.4,591.328125,False
1773587571.5099483,882,0,0,0,0,9.509887000604067,0.0,0.0256669991358649,4.69600340183657,9.4,591.328125,False
1773587571.7228513,883,0,0,0,0,9.416292999958387,0.0,0.025314999220427126,4.69600340183657,18.8,591.328125,False
1773587571.9357896,884,0,0,0,0,9.465479000937194,0.0,0.025388999347342178,4.69600340183657,9.4,591.328125,False
1773587572.1488266,885,0,0,0,0,9.451385998545447,0.0,0.026592999347485602,4.69600340183657,9.4,591.34375,False
1773587572.3617854,886,0,0,0,0,9.432866998395184,0.0,0.02494400177965872,4.69600340183657,9.4,591.34375,False
1773587572.5747213,887,0,0,0,0,9.456015002797358,0.0,0.024722001398913562,4.695720553898129,9.4,591.34375,False
1773587572.7876313,888,0,0,0,0,9.419183003046783,0.0,0.026462999812792987,4.695720553898129,18.8,591.359375,False
1773587573.0006344,889,0,0,0,0,9.43947799896705,0.0,0.026185000024270266,4.695720553898129,9.4,591.359375,False
1773587573.2135646,890,0,0,0,0,9.478014999331208,0.0,0.024130000383593142,4.695720553898129,9.4,591.359375,False
1773587573.4265184,891,0,0,0,0,9.462775000429247,0.0,0.025870998797472566,4.695720553898129,9.4,591.359375,False
1773587573.6394203,892,0,0,0,0,9.425423002539901,0.0,0.025369998184032738,4.695997092589081,9.4,591.359375,False
1773587573.8523273,893,0,0,0,0,9.440034002182074,0.0,0.024778000806691125,4.695997092589081,18.8,591.359375,False
1773587574.0652807,894,0,0,0,0,9.4685349977226,0.0,0.025221997930202633,4.695997092589081,9.4,591.359375,False
1773587574.278209,895,0,0,0,0,9.458794000238413,0.0,0.025833000108832493,4.695997092589081,9.4,591.359375,False
1773587574.4910996,896,0,0,0,0,9.432848997676047,0.0,0.025036999431904405,4.695997092589081,9.4,591.359375,False
1773587574.7040734,897,0,0,0,0,9.423034000064945,0.0,0.02603699977044016,4.696387246280225,14.1,591.359375,False
1773587574.917022,898,0,0,0,0,9.456386000238126,0.0,0.025315002858405933,4.696387246280225,14.1,591.359375,False
1773587575.1300044,899,0,0,0,0,9.43762699898798,0.0,0.024537002900615335,4.696387246280225,14.1,591.359375,False
1773587575.3429754,900,0,0,0,0,9.458737997192657,0.0,0.025796998670557514,4.696387246280225,9.4,591.359375,False
1773587575.5559022,901,0,0,0,0,9.452701000554953,0.0,0.02631499955896288,4.696387246280225,9.4,591.359375,False
1773587575.7687788,902,0,0,0,0,9.36025600094581,0.0,0.025444001948926598,4.6959750103563715,9.4,591.359375,False
1773587575.981687,903,0,0,0,0,9.389959999680286,0.0,0.02548100019339472,4.6959750103563715,18.8,591.359375,False
1773587576.1945739,904,0,0,0,0,9.425034000742016,0.0,0.026166999305132776,4.6959750103563715,9.4,591.359375,False
1773587576.4074495,905,0,0,0,0,9.388590002345154,0.0,0.025926001399056986,4.6959750103563715,9.4,591.359375,False
1773587576.6203594,906,0,0,0,0,9.35638599912636,0.0,0.025110999558819458,4.6959750103563715,9.4,591.359375,False
1773587576.8333137,907,0,0,0,0,9.412960000190651,0.0,0.024593002308392897,4.6970583360583404,9.4,591.359375,False
1773587577.0463078,908,0,0,0,0,9.433256000193069,0.0,0.025908000679919496,4.6970583360583404,18.8,591.359375,False
1773587577.2592213,909,0,0,0,0,9.377607999340398,0.0,0.024556000425945967,4.6970583360583404,9.4,591.359375,False
1773587577.4722486,910,0,0,0,0,9.444904000702081,0.0,0.025573997845640406,4.6970583360583404,9.4,591.359375,False
1773587577.6851957,911,0,0,0,0,9.413867999683134,0.0,0.025332999939564615,4.6970583360583404,9.4,591.359375,False
1773587577.8980825,912,0,0,0,0,9.375329998874804,0.0,0.026628997147781774,4.695639596262479,9.4,591.359375,False
1773587578.1109366,913,0,0,0,0,9.382366999489022,0.0,0.025648001610534266,4.695639596262479,18.8,591.359375,False
1773587578.3238416,914,0,0,0,0,9.397570996952709,0.0,0.026185000024270266,4.695639596262479,9.4,591.359375,False
1773587578.5367806,915,0,0,0,0,9.404663996974705,0.0,0.027204001526115462,4.695639596262479,9.4,591.359375,False
1773587578.7496257,916,0,0,0,0,9.34621900159982,0.0,0.02607400165288709,4.695639596262479,9.4,591.359375,False
1773587578.9624777,917,0,0,0,0,9.390257000632118,0.0,0.024278000637423247,4.697493910724069,9.4,591.359375,False
1773587579.1753733,918,0,0,0,0,9.400830000231508,0.0,0.025889003154588863,4.697493910724069,18.8,591.359375,False
1773587579.388302,919,0,0,0,0,9.362199998577125,0.0,0.025667002773843706,4.697493910724069,9.4,591.359375,False
1773587579.6013727,920,0,0,0,0,9.441903999686474,0.0,0.025130000722128898,4.697493910724069,9.4,591.359375,False
1773587579.8142943,921,0,0,0,0,9.39257199934218,0.0,0.02574099926277995,4.697493910724069,9.4,591.359375,False
1773587580.027244,922,0,0,0,0,9.40036800238886,0.0,0.025555997126502916,4.696013917286729,9.4,591.359375,False
1773587580.2402027,923,0,0,0,0,9.41546000103699,0.0,0.024796998332021758,4.696013917286729,18.8,591.359375,False
1773587580.453135,924,0,0,0,0,9.429385998373618,0.0,0.024611003027530387,4.696013917286729,9.4,591.359375,False
1773587580.6661413,925,0,0,0,0,9.532200998364715,0.0,0.0248889991780743,4.696013917286729,14.1,591.359375,False
1773587580.8790183,926,0,0,0,0,9.36010800069198,0.0,0.025870998797472566,4.696013917286729,9.4,591.359375,False
1773587581.09194,927,0,0,0,0,9.423440998943988,0.0,0.024388999008806422,4.696297852243277,9.4,591.359375,False
1773587581.304379,928,0,0,0,0,8.944957000494469,0.0,0.024760000087553635,4.696297852243277,14.1,591.359375,False
1773587581.5172932,929,0,0,0,0,9.460904999286868,0.0,0.024537999706808478,4.696297852243277,14.1,591.359375,False
1773587581.7302966,930,0,0,0,0,9.41423800031771,0.0,0.025110999558819458,4.696297852243277,9.4,591.359375,False
1773587581.9432445,931,0,0,0,0,9.381738000229234,0.0,0.026962999982060865,4.696297852243277,9.4,591.359375,False
1773587582.156201,932,0,0,0,0,9.410255999682704,0.0,0.02596299964352511,4.6980221796884525,9.4,591.359375,False
1773587582.369265,933,0,0,0,0,9.482257002673578,0.0,0.024834000214468688,4.6980221796884525,18.8,591.359375,False
1773587582.5821881,934,0,0,0,0,9.45849699928658,0.0,0.025777997507248074,4.6980221796884525,9.4,591.359375,False
1773587582.7951314,935,0,0,0,0,9.400588998687454,0.0,0.025371002266183496,4.6980221796884525,9.4,591.359375,False
1773587583.007981,936,0,0,0,0,9.376292997330893,0.0,0.025630000891396776,4.6980221796884525,9.4,591.359375,False
1773587583.2209582,937,0,0,0,0,9.423367999261245,0.0,0.02548100019339472,4.69601181419293,9.4,591.359375,False
1773587583.4338794,938,0,0,0,0,9.41436699940823,0.0,0.025389002985320985,4.69601181419293,18.8,591.359375,False
1773587583.6467133,939,0,0,0,0,9.383515000081388,0.0,0.02570400101831183,4.69601181419293,9.4,591.359375,False
1773587583.8596237,940,0,0,0,0,9.413719002623111,0.0,0.02677799784578383,4.69601181419293,9.4,591.359375,False
1773587584.0725842,941,0,0,0,0,9.428941000805935,0.0,0.025834000553004444,4.69601181419293,9.4,591.359375,False
1773587584.2856266,942,0,0,0,0,9.455183000682155,0.0,0.027221998607274145,4.696478747230633,9.4,591.359375,False
1773587584.4986124,943,0,0,0,0,9.359775001939852,0.0,0.026148001779802144,4.696478747230633,18.8,591.359375,False
1773587584.711607,944,0,0,0,0,9.489348998613423,0.0,0.026148001779802144,4.696478747230633,9.4,591.359375,False
1773587584.9245431,945,0,0,0,0,9.348812000098405,0.0,0.02605500048957765,4.696478747230633,9.4,591.359375,False
1773587585.1375341,946,0,0,0,0,9.449459997995291,0.0,0.026573998184176162,4.696478747230633,9.4,591.359375,False
1773587585.3504043,947,0,0,0,0,9.368663999339333,0.0,0.027037000108975917,4.695412509221663,9.4,591.359375,False
1773587585.5633402,948,0,0,0,0,9.438479002710665,0.0,0.026648998755263165,4.695412509221663,18.8,591.359375,False
1773587585.7764392,949,0,0,0,0,9.408237001480302,0.0,0.026369998522568494,4.695412509221663,9.4,591.359375,False
1773587585.9904642,950,0,0,0,0,9.464144997764379,0.0,0.025871002435451373,4.695412509221663,9.4,591.359375,False
1773587586.2033617,951,0,0,0,0,9.399182003107853,0.0,0.025833000108832493,4.695412509221663,9.3,591.359375,False
1773587586.4162679,952,0,0,0,0,9.396497000125237,0.0,0.026204001187579706,4.691176529801016,9.4,591.359375,False
1773587586.6293125,953,0,0,0,0,9.458868000365328,0.0,0.025556000764481723,4.691176529801016,18.8,591.359375,False
1773587586.8423142,954,0,0,0,0,9.441923000849783,0.0,0.024611003027530387,4.691176529801016,9.4,591.359375,False
1773587587.0552104,955,0,0,0,0,9.353830002510222,0.0,0.02570400101831183,4.691176529801016,14.1,591.359375,False
1773587587.2681005,956,0,0,0,0,9.319941000285326,0.0,0.025314999220427126,4.691176529801016,9.4,591.359375,False
1773587587.4809966,957,0,0,0,0,9.38612599929911,0.0,0.02522200156818144,4.695935052558416,9.4,591.359375,False
1773587587.693907,958,0,0,0,0,9.412718998646596,0.0,0.02631499955896288,4.695935052558416,18.8,591.359375,False
1773587587.906787,959,0,0,0,0,9.373794000566704,0.0,0.026407000405015424,4.695935052558416,9.4,591.359375,False
1773587588.1196823,960,0,0,0,0,9.394868000526913,0.0,0.025518998882034793,4.695935052558416,9.4,591.359375,False
1773587588.332627,961,0,0,0,0,9.433589999389369,0.0,0.027185000362806022,4.695935052558416,9.4,591.359375,False
1773587588.5457947,962,0,0,0,0,9.552367999276612,0.0,0.02635200144140981,4.69650293773296,9.4,591.359375,False
1773587588.758718,963,0,0,0,0,9.413792999112047,0.0,0.025296001695096493,4.69650293773296,18.8,591.359375,False
1773587588.9716256,964,0,0,0,0,9.409737998794299,0.0,0.02633400072227232,4.69650293773296,9.4,591.359375,False
1773587589.1846676,965,0,0,0,0,9.442127000511391,0.0,0.026130001060664654,4.69650293773296,9.4,591.359375,False
1773587589.3977232,966,0,0,0,0,9.445829997275723,0.0,0.024574001145083457,4.69650293773296,9.4,591.359375,False
1773587589.6106331,967,0,0,0,0,9.428831002878724,0.0,0.025260000256821513,4.694988882391553,9.4,591.359375,False
1773587589.8233948,968,0,0,0,0,9.268273999623489,0.0,0.025591998564777896,4.694988882391553,18.8,591.359375,False
1773587590.0363452,969,0,0,0,0,9.388238002429716,0.0,0.02603699977044016,4.694988882391553,9.4,591.359375,False
1773587590.2493553,970,0,0,0,0,9.451885998714715,0.0,0.025833996915025637,4.694988882391553,9.4,591.375,False
1773587590.4623346,971,0,0,0,0,9.450218996789772,0.0,0.025630000891396776,4.694988882391553,9.4,591.390625,False
1773587590.675274,972,0,0,0,0,9.464238002692582,0.0,0.025776997063076124,4.696589184160585,9.4,591.390625,False
1773587590.8883145,973,0,0,0,0,9.425570999155752,0.0,0.02570400101831183,4.696589184160585,18.8,591.390625,False
1773587591.1013823,974,0,0,0,0,9.534959997836268,0.0,0.025258999812649563,4.696589184160585,9.4,591.390625,False
1773587591.3143468,975,0,0,0,0,9.469794000324327,0.0,0.02492600106052123,4.696589184160585,9.4,591.390625,False
1773587591.5273435,976,0,0,0,0,9.443886003282387,0.0,0.026130001060664654,4.696589184160585,9.4,591.390625,False
1773587591.7403963,977,0,0,0,0,9.478812000452308,0.0,0.025203997211065143,4.694730328893848,9.4,591.390625,False
1773587591.9533753,978,0,0,0,0,9.460108001803746,0.0,0.02572300218162127,4.694730328893848,18.8,591.390625,False
1773587592.1662776,979,0,0,0,0,9.41749699995853,0.0,0.024537002900615335,4.694730328893848,9.4,591.390625,False
1773587592.3792193,980,0,0,0,0,9.415830001671566,0.0,0.024666001991136,4.694730328893848,9.4,591.390625,False
1773587592.5921018,981,0,0,0,0,9.385940997162834,0.0,0.027037000108975917,4.694730328893848,14.1,591.390625,False
1773587592.8051107,982,0,0,0,0,9.469848999287933,0.0,0.025517998437862843,4.69573527376817,9.4,591.390625,False
1773587593.0174997,983,0,0,0,0,8.922067998355487,0.0,0.024408000172115862,4.69573527376817,18.8,591.390625,False
1773587593.2304008,984,0,0,0,0,9.446978998312261,0.0,0.025574998289812356,4.69573527376817,9.4,591.390625,False
1773587593.4433892,985,0,0,0,0,9.366701000544708,0.0,0.02596299964352511,4.69573527376817,9.4,591.390625,False
1773587593.6562777,986,0,0,0,0,9.392552001372678,0.0,0.025592999008949846,4.69573527376817,4.7,591.390625,False
1773587593.8691833,987,0,0,0,0,9.39444200048456,0.0,0.02429699816275388,4.698533724602983,14.1,591.390625,False
1773587594.0821075,988,0,0,0,0,9.4363490024989,0.0,0.02570400101831183,4.698533724602983,18.8,591.390625,False
1773587594.295041,989,0,0,0,0,9.369515999424038,0.0,0.025352001102874056,4.698533724602983,9.4,591.390625,False
1773587594.5079124,990,0,0,0,0,9.398867001436884,0.0,0.02518499968573451,4.698533724602983,9.4,591.390625,False
1773587594.7208662,991,0,0,0,0,9.439274999749614,0.0,0.02599999788799323,4.698533724602983,9.4,591.390625,False
1773587594.9338923,992,0,0,0,0,9.46055299937143,0.0,0.02494500222383067,4.696447194776012,9.4,591.390625,False
1773587595.1467786,993,0,0,0,0,9.36729299792205,0.0,0.025833000108832493,4.696447194776012,18.8,591.390625,False
1773587595.3596625,994,0,0,0,0,9.36853399980464,0.0,0.02520400084904395,4.696447194776012,9.4,591.390625,False
1773587595.572636,995,0,0,0,0,9.450126999581698,0.0,0.02550000135670416,4.696447194776012,9.4,591.390625,False
1773587595.7855477,996,0,0,0,0,9.447422999073751,0.0,0.025018998712766916,4.696447194776012,14.1,591.390625,False
1773587595.998523,997,0,0,0,0,9.446181997191161,0.0,0.025573997845640406,4.696545008765352,9.4,591.390625,False
1773587596.211371,998,0,0,0,0,9.331385997938924,0.0,0.025555000320309773,4.696545008765352,18.8,591.390625,False
1773587596.4243207,999,0,0,0,0,9.369774998049252,0.0,0.026351997803431004,4.696545008765352,9.4,591.390625,False
1773587596.6373942,1000,0,0,0,0,9.433571001864038,0.0,0.02681499972823076,4.696545008765352,9.4,591.390625,False
1773587596.8503082,1001,0,0,0,0,9.40879400150152,0.0,0.025258999812649563,4.696545008765352,9.4,591.390625,False
1773587597.0632217,1002,0,0,0,0,9.44244200218236,0.0,0.025908000679919496,4.69600340183657,9.4,591.390625,False
1773587597.2762403,1003,0,0,0,0,9.448164000787074,0.0,0.025667002773843706,4.69600340183657,18.8,591.390625,False
1773587597.4892306,1004,0,0,0,0,9.47349800117081,0.0,0.024462999135721475,4.69600340183657,9.4,591.390625,False
1773587597.7022045,1005,0,0,0,0,9.402441999554867,0.0,0.02625900015118532,4.69600340183657,9.4,591.390625,False
1773587597.9151506,1006,0,0,0,0,9.372496999276336,0.0,0.026223002350889146,4.69600340183657,9.4,591.390625,False
1773587598.1280677,1007,0,0,0,0,9.43249799820478,0.0,0.02579700230853632,4.695505023512767,9.4,591.390625,False
1773587598.3410323,1008,0,0,0,0,9.43840499894577,0.0,0.02572199809947051,4.695505023512767,18.8,591.390625,False
1773587598.5539494,1009,0,0,0,0,9.439090001251316,0.0,0.025870998797472566,4.695505023512767,9.4,591.390625,False
1773587598.7668445,1010,0,0,0,0,9.384144999785349,0.0,0.025834000553004444,4.695505023512767,9.4,591.390625,False
1773587598.9799,1011,0,0,0,0,9.468516000197269,0.0,0.02635200144140981,4.695505023512767,9.4,591.390625,False
1773587599.192935,1012,0,0,0,0,9.434218998649158,0.0,0.025258999812649563,4.695523947339609,9.4,591.390625,False
1773587599.4058714,1013,0,0,0,0,9.44462700135773,0.0,0.025573997845640406,4.695523947339609,18.8,591.390625,False
1773587599.618751,1014,0,0,0,0,9.399071001098491,0.0,0.02664800194907002,4.695523947339609,9.4,591.390625,False
1773587599.8316178,1015,0,0,0,0,9.36323800124228,0.0,0.025129000277956948,4.695523947339609,9.4,591.390625,False
1773587600.044464,1016,0,0,0,0,9.3669600028079,0.0,0.02574099926277995,4.695523947339609,9.4,591.390625,False
1773587600.2575796,1017,0,0,0,0,9.442182999919169,0.0,0.024814999051159248,4.696742752714373,9.4,591.390625,False
1773587600.4705043,1018,0,0,0,0,9.44340500063845,0.0,0.025112000002991408,4.696742752714373,18.8,591.390625,False
1773587600.6833491,1019,0,0,0,0,9.357275001093512,0.0,0.025149001885438338,4.696742752714373,9.4,591.390625,False
1773587600.8963335,1020,0,0,0,0,9.483385998464655,0.0,0.026092999178217724,4.696742752714373,9.4,591.390625,False
1773587601.10927,1021,0,0,0,0,9.42981200205395,0.0,0.02659300298546441,4.696742752714373,9.4,591.390625,False
1773587601.3222966,1022,0,0,0,0,9.410403999936534,0.0,0.024981000024126843,4.69604861860638,9.4,591.390625,False
1773587601.5349104,1023,0,0,0,0,9.048883999639656,0.0,0.02520400084904395,4.69604861860638,18.8,591.390625,False
1773587601.7477992,1024,0,0,0,0,9.44044200150529,0.0,0.02568499985500239,4.69604861860638,9.4,591.390625,False
1773587601.9607584,1025,0,0,0,0,9.425348998775007,0.0,0.025499997718725353,4.69604861860638,14.1,591.390625,False
1773587602.173628,1026,0,0,0,0,9.39723800183856,0.0,0.024907996703404933,4.69604861860638,9.4,591.390625,False
1773587602.3865297,1027,0,0,0,0,9.410719998413697,0.0,0.025277997337980196,4.697732774604244,9.4,591.390625,False
1773587602.5995147,1028,0,0,0,0,9.428386001673061,0.0,0.025795998226385564,4.697732774604244,18.8,591.390625,False
1773587602.8124444,1029,0,0,0,0,9.365811998577556,0.0,0.025536999601172283,4.697732774604244,9.4,591.390625,False
1773587603.0253847,1030,0,0,0,0,9.441923000849783,0.0,0.02520400084904395,4.697732774604244,9.4,591.40625,False
1773587603.2382724,1031,0,0,0,0,9.387997000885662,0.0,0.024278000637423247,4.697732774604244,9.4,591.40625,False
1773587603.4511018,1032,0,0,0,0,9.379514998727245,0.0,0.024796001525828615,4.696624945803488,9.4,591.40625,False
1773587603.6640513,1033,0,0,0,0,9.427700999367516,0.0,0.02631499955896288,4.696624945803488,18.8,591.40625,False
1773587603.8770864,1034,0,0,0,0,9.424404001038056,0.0,0.025944002118194476,4.696624945803488,9.4,591.40625,False
1773587604.0900943,1035,0,0,0,0,9.429644996998832,0.0,0.024796001525828615,4.696624945803488,9.4,591.40625,False
1773587604.3029702,1036,0,0,0,0,9.389811999426456,0.0,0.024814999051159248,4.696624945803488,9.4,591.40625,False
1773587604.5158346,1037,0,0,0,0,9.380034000059823,0.0,0.026685000193538144,4.696013917286729,9.4,591.40625,False
1773587604.728932,1038,0,0,0,0,9.581294001691276,0.0,0.02631399911479093,4.696013917286729,18.8,591.40625,False
1773587604.9419057,1039,0,0,0,0,9.442886002943851,0.0,0.025889999960782006,4.696013917286729,9.4,591.40625,False
1773587605.1549592,1040,0,0,0,0,9.387515998241724,0.0,0.026092999178217724,4.696013917286729,9.4,591.40625,False
1773587605.3678353,1041,0,0,0,0,9.388756003318122,0.0,0.024814999051159248,4.696013917286729,9.4,591.40625,False
1773587605.5808532,1042,0,0,0,0,9.509128001809586,0.0,0.024962999304989353,4.695316844868303,9.4,591.40625,False
1773587605.7938292,1043,0,0,0,0,9.467200998187764,0.0,0.025000001187436283,4.695316844868303,18.8,591.40625,False
1773587606.0066986,1044,0,0,0,0,9.407255998667097,0.0,0.024871002096915618,4.695316844868303,9.4,591.40625,False
1773587606.2197137,1045,0,0,0,0,9.392738000315148,0.0,0.025555997126502916,4.695316844868303,9.4,591.40625,False
1773587606.4326622,1046,0,0,0,0,9.359625997603871,0.0,0.02592599776107818,4.695316844868303,9.4,591.40625,False
1773587606.6456149,1047,0,0,0,0,9.416682998562464,0.0,0.030777999199926853,4.695632236615843,9.4,591.40625,False
1773587606.8585296,1048,0,0,0,0,9.36747899686452,0.0,0.02550000135670416,4.695632236615843,18.8,591.40625,False
1773587607.0714383,1049,0,0,0,0,9.356015998491785,0.0,0.024684999516466632,4.695632236615843,9.4,591.40625,False
1773587607.2843273,1050,0,0,0,0,9.381683001265628,0.0,0.024685999960638583,4.695632236615843,9.4,591.40625,False
1773587607.497335,1051,0,0,0,0,9.42218199998024,0.0,0.02492600106052123,4.695632236615843,9.4,591.40625,False
1773587607.7102897,1052,0,0,0,0,9.391162999236258,0.0,0.024500001018168405,4.696079114128844,9.4,591.40625,False
1773587607.9231815,1053,0,0,0,0,9.402886000316357,0.0,0.025555000320309773,4.696079114128844,18.8,591.40625,False
1773587608.1361127,1054,0,0,0,0,9.439867000764934,0.0,0.024704000679776073,4.696079114128844,9.4,591.40625,False
1773587608.3491101,1055,0,0,0,0,9.458274998905836,0.0,0.024462999135721475,4.696079114128844,9.4,591.421875,False
1773587608.5620658,1056,0,0,0,0,9.455774998059496,0.0,0.025556000764481723,4.696079114128844,9.4,591.421875,False
1773587608.7749128,1057,0,0,0,0,9.355830999993486,0.0,0.02492600106052123,4.6962852321827855,9.4,591.421875,False
1773587608.9878688,1058,0,0,0,0,9.401404000527691,0.0,0.02596299964352511,4.6962852321827855,18.8,591.421875,False
1773587609.2008178,1059,0,0,0,0,9.388089998537907,0.0,0.02594399848021567,4.6962852321827855,9.4,591.421875,False
1773587609.4137378,1060,0,0,0,0,9.425255997484783,0.0,0.023463002435164526,4.6962852321827855,9.4,591.421875,False
