timestamp,frame_index,motion_regions,yolo_detections,confirmed_tracks,new_confirmations,time_mog2_ms,time_yolo_ms,time_tracker_ms,fps,cpu_percent,ram_mb,yolo_ran
1773592210.283337,0,0,0,0,0,7.623787998454645,0.0,0.027573998522711918,0.0,0.0,456.96875,False
1773592210.4938076,1,0,0,0,0,7.128191999072442,0.0,0.02551800207584165,0.0,4.8,461.875,False
1773592210.7039297,2,0,0,0,0,7.009654000285082,0.0,0.02131400106009096,0.0,9.5,464.5,False
1773592210.9140253,3,0,0,0,0,7.02793199889129,0.0,0.0215559994103387,0.0,9.5,467.484375,False
1773592211.124164,4,0,0,0,0,7.076024998241337,0.0,0.021777999791083857,4.757961634596427,9.5,470.125,False
1773592211.334294,5,0,0,0,0,7.087359001161531,0.0,0.021259002096485347,4.757961634596427,9.5,472.75,False
1773592211.544339,6,0,0,0,0,7.042006000119727,0.0,0.02161100201192312,4.757961634596427,4.8,475.375,False
1773592211.7545218,7,0,0,0,0,7.005747000221163,0.0,0.021518000721698627,4.757961634596427,9.5,478.0,False
1773592211.9646423,8,0,0,0,0,7.0392099987657275,0.0,0.021611998818116263,4.757961634596427,14.3,481.9375,False
1773592212.1747413,9,0,0,0,0,7.0865990019228775,0.0,0.022241001715883613,4.759285437256309,9.5,484.5625,False
1773592212.38481,10,0,0,0,0,7.023894999292679,0.0,0.02020399915636517,4.759285437256309,4.8,484.5625,False
1773592212.5948968,11,0,0,0,0,7.0424879995698575,0.0,0.021129999367985874,4.759285437256309,9.5,484.5625,False
1773592212.80501,12,0,0,0,0,7.045747002848657,0.0,0.02105499879689887,4.759285437256309,9.5,484.5625,False
1773592213.0150807,13,0,0,0,0,6.98459900013404,0.0,0.02099999983329326,4.759285437256309,9.5,484.5625,False
1773592213.225169,14,0,0,0,0,7.0423769975604955,0.0,0.020907002181047574,4.759946534490315,9.5,484.5625,False
1773592213.4352655,15,0,0,0,0,6.993171999056358,0.0,0.02098199911415577,4.759946534490315,4.8,484.5625,False
1773592213.6454475,16,0,0,0,0,7.076062000123784,0.0,0.02075900192721747,4.759946534490315,9.5,484.5625,False
1773592213.8555136,17,0,0,0,0,6.9895980013825465,0.0,0.021777999791083857,4.759946534490315,9.5,484.5625,False
1773592214.0656846,18,0,0,0,0,7.055264999507926,0.0,0.021241001377347857,4.759946534490315,9.5,484.5625,False
1773592214.2757342,19,0,0,0,0,7.020283999736421,0.0,0.02107399996020831,4.759381565802475,9.5,484.5625,False
1773592214.4855075,20,0,0,0,0,6.7458009980327915,0.0,0.01826000152505003,4.759381565802475,4.8,484.5625,False
1773592214.6952217,21,0,0,0,0,6.720153000060236,0.0,0.019536997569957748,4.759381565802475,9.5,484.5625,False
1773592214.9049518,22,0,0,0,0,6.709207998937927,0.0,0.018943999748444185,4.759381565802475,4.8,484.5625,False
1773592215.1148183,23,0,0,0,0,6.7653930018423125,0.0,0.018165999790653586,4.759381565802475,14.3,484.5625,False
1773592215.324597,24,0,0,0,0,6.7173559982620645,0.0,0.018147999071516097,4.767086618755274,4.8,484.5625,False
1773592215.5344048,25,0,0,0,0,6.752004002919421,0.0,0.017833001038525254,4.767086618755274,9.5,484.5625,False
1773592215.7442422,26,0,0,0,0,6.732079000357771,0.0,0.019019000319531187,4.767086618755274,4.8,484.5625,False
1773592215.9540005,27,0,0,0,0,6.737466999766184,0.0,0.018721999367699027,4.767086618755274,9.5,484.5625,False
1773592216.1638188,28,0,0,0,0,6.756153001333587,0.0,0.0185370008694008,4.767086618755274,9.5,484.5625,False
1773592216.3736484,29,0,0,0,0,6.784133998735342,0.0,0.018555998394731432,4.766136475255499,9.5,484.5625,False
1773592216.5834682,30,0,0,0,0,6.773578003048897,0.0,0.017426002159481868,4.766136475255499,9.5,484.5625,False
1773592216.7932377,31,0,0,0,0,6.728820000716951,0.0,0.018277998606208712,4.766136475255499,4.8,484.5625,False
1773592217.0031025,32,0,0,0,0,6.743985999491997,0.0,0.01774100019247271,4.766136475255499,9.5,484.5625,False
1773592217.2130117,33,0,0,0,0,6.7705420005950145,0.0,0.017334001313429326,4.766136475255499,14.3,484.5625,False
1773592217.4227645,34,0,0,0,0,6.72144800046226,0.0,0.017073998606065288,4.765936094270065,4.8,484.5625,False
1773592217.6351862,35,0,0,0,0,9.269649999623653,0.0,0.021203999494900927,4.765936094270065,9.4,484.5625,False
1773592217.8478422,36,0,0,0,0,9.208187002514023,0.0,0.02292600038344972,4.765936094270065,9.4,484.5625,False
1773592218.0606117,37,0,0,0,0,9.259464000933804,0.0,0.02209199737990275,4.765936094270065,9.4,484.5625,False
1773592218.27325,38,0,0,0,0,9.14146300056018,0.0,0.023352000425802544,4.765936094270065,14.1,484.5625,False
1773592218.4860919,39,0,0,0,0,9.33955800064723,0.0,0.02238899833173491,4.70247930733935,9.4,484.5625,False
1773592218.6987865,40,0,0,0,0,9.31285299884621,0.0,0.023648000933462754,4.70247930733935,9.4,484.5625,False
1773592218.9116488,41,0,0,0,0,9.466281000641175,0.0,0.0243520007643383,4.70247930733935,9.4,484.5625,False
1773592219.1242974,42,0,0,0,0,9.287742999731563,0.0,0.02288899850100279,4.70247930733935,9.4,484.5625,False
1773592219.3369808,43,0,0,0,0,9.288557001127629,0.0,0.023482003598473966,4.70247930733935,18.8,484.5625,False
1773592219.5497444,44,0,0,0,0,9.39144600124564,0.0,0.023130000045057386,4.700763297522404,9.4,484.5625,False
1773592219.7624857,45,0,0,0,0,9.388334998220671,0.0,0.022833999537397176,4.700763297522404,9.4,484.5625,False
1773592219.9751623,46,0,0,0,0,9.285520001867553,0.0,0.023092001356417313,4.700763297522404,9.4,484.5625,False
1773592220.187943,47,0,0,0,0,9.356965001643403,0.0,0.021685002138838172,4.700763297522404,9.4,484.5625,False
1773592220.4005823,48,0,0,0,0,9.267204997740919,0.0,0.022389001969713718,4.700763297522404,18.8,484.5625,False
1773592220.6134217,49,0,0,0,0,9.397149999131216,0.0,0.02268499883939512,4.7006737368163165,9.4,484.5625,False
1773592220.8260596,50,0,0,0,0,9.272150000469992,0.0,0.022111002181190997,4.7006737368163165,9.4,484.5625,False
1773592221.0387373,51,0,0,0,0,9.311427998909494,0.0,0.023630000214325264,4.7006737368163165,9.4,484.5625,False
1773592221.2514517,52,0,0,0,0,9.278649999032496,0.0,0.021480998839251697,4.7006737368163165,9.4,484.5625,False
1773592221.4640708,53,0,0,0,0,9.26218599852291,0.0,0.02407400097581558,4.7006737368163165,18.8,484.5625,False
1773592221.6768496,54,0,0,0,0,9.331149998615729,0.0,0.023869997676229104,4.701784530837615,9.4,484.5625,False
1773592221.8895354,55,0,0,0,0,9.251927000150317,0.0,0.021333999029593542,4.701784530837615,9.4,484.5625,False
1773592222.1022618,56,0,0,0,0,9.282834998884937,0.0,0.021222000214038417,4.701784530837615,9.4,484.5625,False
1773592222.314969,57,0,0,0,0,9.250038998288801,0.0,0.02322200089110993,4.701784530837615,9.4,484.5625,False
1773592222.5277128,58,0,0,0,0,9.21848200232489,0.0,0.02190800296375528,4.701784530837615,18.8,484.5625,False
1773592222.7404823,59,0,0,0,0,9.250426999642514,0.0,0.023628999770153314,4.700893956908681,9.4,484.5625,False
1773592222.9531913,60,0,0,0,0,9.326668998255627,0.0,0.02214900086983107,4.700893956908681,9.4,484.5625,False
1773592223.1658516,61,0,0,0,0,9.267093999369536,0.0,0.023074000637279823,4.700893956908681,9.4,484.5625,False
1773592223.3781974,62,0,0,0,0,8.95524000225123,0.0,0.023092001356417313,4.700893956908681,9.4,484.5625,False
1773592223.5928886,63,0,0,0,0,10.956586000247626,0.0,0.074277999374317,4.700893956908681,18.7,484.5625,False
1773592223.80343,64,0,0,0,0,6.932412998139625,0.0,0.020554998627630994,4.703685901785096,9.5,484.5625,False
1773592224.0133219,65,0,0,0,0,6.770948999474058,0.0,0.02014900019275956,4.703685901785096,9.5,484.5625,False
1773592224.2235217,66,0,0,0,0,7.013190999714425,0.0,0.021610998373944312,4.703685901785096,9.5,484.5625,False
1773592224.4336917,67,0,0,0,0,7.068025002809009,0.0,0.021222000214038417,4.703685901785096,4.8,484.5625,False
1773592224.6437705,68,0,0,0,0,6.981523998547345,0.0,0.02046300141955726,4.703685901785096,14.3,484.5625,False
1773592224.8539615,69,0,0,0,0,7.0341360005841125,0.0,0.020906998543068767,4.759544669185691,9.5,484.5625,False
1773592225.0641723,70,0,0,0,0,7.039357999019558,0.0,0.021167001250432804,4.759544669185691,4.8,484.5625,False
1773592225.2743123,71,0,0,0,0,7.024635997368023,0.0,0.0207779994525481,4.759544669185691,9.5,484.5625,False
1773592225.4845989,72,0,0,0,0,6.993543000135105,0.0,0.022203999833436683,4.759544669185691,4.8,484.5625,False
1773592225.6947324,73,0,0,0,0,7.0122100005391985,0.0,0.021703999664168805,4.759544669185691,14.3,484.5625,False
1773592225.904941,74,0,0,0,0,7.047044000501046,0.0,0.02079700061585754,4.757456494659762,4.8,484.5625,False
1773592226.1151552,75,0,0,0,0,7.053358000121079,0.0,0.02318599945283495,4.757456494659762,9.5,484.5625,False
1773592226.3255672,76,0,0,0,0,7.115765998605639,0.0,0.022036998416297138,4.757456494659762,9.5,484.5625,False
1773592226.535808,77,0,0,0,0,7.099210000887979,0.0,0.021537001885008067,4.757456494659762,4.8,484.5625,False
1773592226.745918,78,0,0,0,0,7.004431998211658,0.0,0.02131500150426291,4.757456494659762,14.3,484.5625,False
1773592226.956056,79,0,0,0,0,7.03898699794081,0.0,0.022499996703118086,4.756922328740526,9.5,484.5625,False
1773592227.1663055,80,0,0,0,0,7.0438210022985,0.0,0.02074099757010117,4.756922328740526,4.8,484.5625,False
1773592227.3763797,81,0,0,0,0,6.980395002756268,0.0,0.021110998204676434,4.756922328740526,9.5,484.5625,False
1773592227.5866373,82,0,0,0,0,7.092821000696858,0.0,0.021610998373944312,4.756922328740526,4.8,485.234375,False
1773592227.7967997,83,0,0,0,0,7.050912998238346,0.0,0.022000000171829015,4.756922328740526,14.3,485.234375,False
1773592228.0069745,84,0,0,0,0,7.009024000581121,0.0,0.02125899845850654,4.757725241657683,9.5,485.234375,False
1773592228.2172608,85,0,0,0,0,7.101469996996457,0.0,0.02042599953711033,4.757725241657683,4.8,485.234375,False
1773592228.427338,86,0,0,0,0,6.996227999479743,0.0,0.021241001377347857,4.757725241657683,9.5,485.234375,False
1773592228.6391733,87,0,0,0,0,8.71336900308961,0.0,0.021926000044913962,4.757725241657683,9.4,485.234375,False
1773592228.851826,88,0,0,0,0,9.296983000240289,0.0,0.02268499883939512,4.757725241657683,14.1,485.234375,False
1773592229.0646775,89,0,0,0,0,9.397224999702303,0.0,0.022185999114299193,4.727420931331355,9.4,485.28125,False
1773592230.3078575,90,1,1,0,0,9.507113998552086,1030.2957429994422,0.04177799928584136,0.8043398217923857,131.9,563.15625,True
1773592231.202061,91,1,1,1,1,7.1679700013191905,683.6368340009358,0.04614799763658084,0.8043398217923857,134.2,565.125,True
1773592232.0849524,92,1,1,1,0,7.1593219981878065,672.514431997115,0.04177799928584136,1.1254339979057282,133.7,569.890625,True
1773592233.085023,93,1,1,1,0,7.154672999604372,789.7201889973076,0.03370400008861907,0.9999272876208486,140.0,599.140625,True
1773592234.1081347,94,1,1,1,0,7.145024999772431,812.7136080001947,0.03318499875604175,0.9774173304458811,135.9,601.515625,True
1773592235.143806,95,1,1,1,0,7.173451002017828,825.2646309992997,0.034519001928856596,0.9655587104164586,133.2,604.59375,True
1773592236.127178,96,1,1,1,0,7.151303998398362,772.9874200013,0.03324100180179812,0.9655587104164586,137.3,606.78125,True
1773592237.1818147,97,1,1,1,0,7.2758040005282965,844.1500609987997,0.03242599996156059,0.9213489908840509,138.4,596.125,True
1773592238.1625059,98,1,1,1,0,6.829172001744155,770.6464789989695,0.03570400076569058,0.9482055933293123,138.7,627.703125,True
1773592239.0442755,99,1,1,1,0,7.238451999000972,671.3512940004875,0.03377800021553412,1.136058004640057,133.8,625.09375,True
1773592239.924371,100,1,1,1,0,7.180339998740237,669.6974510014115,0.03292600013082847,1.136058004640057,135.2,627.71875,True
1773592240.8190033,101,1,1,1,0,7.194007001089631,684.2025969999668,0.033889999031089246,1.1269326104721638,134.1,630.34375,True
1773592241.7589781,102,1,1,1,0,7.178469997597858,729.3742629990447,0.034944998333230615,1.1269326104721638,136.2,634.984375,True
1773592242.753191,103,1,1,1,0,7.23132300117868,783.6694670004363,0.06905600093887188,0.9597047051181228,138.8,640.828125,True
1773592243.7958016,104,1,1,1,0,7.192766999651212,832.1335419968818,0.03198099875589833,1.033692125507844,139.1,614.75,True
1773592244.843391,105,1,1,1,0,7.191100001364248,837.2643889997562,0.033036998502211645,0.9545729926857789,138.4,617.375,True
1773592245.0536811,106,0,0,1,0,7.1021180010575335,0.0,0.029907998396083713,0.9545729926857789,9.5,619.0625,False
1773592245.263988,107,0,0,1,0,7.05772900255397,0.0,0.0301670006592758,0.9545729926857789,9.5,621.6875,False
1773592245.4743373,108,0,0,1,0,7.076025001879316,0.0,0.030389001040020958,0.9545729926857789,9.5,624.3125,False
1773592245.6845958,109,0,0,1,0,7.025190996500896,0.0,0.03118599852314219,0.9545729926857789,14.3,626.9375,False
1773592245.8949246,110,0,0,1,0,7.096395998814842,0.0,0.029537000955315307,4.755114608775623,9.5,629.5625,False
1773592246.1052024,111,0,0,1,0,7.061617001454579,0.0,0.029686001653317362,4.755114608775623,4.8,632.1875,False
1773592246.3154862,112,0,0,1,0,7.072470001730835,0.0,0.030629998946096748,4.755114608775623,9.5,634.8125,False
1773592246.525822,113,0,0,1,0,7.0814880018588156,0.0,0.029425998945953324,4.755114608775623,14.3,637.4375,False
1773592246.7360914,114,0,0,1,0,7.0236909996310715,0.0,0.030537001293851063,4.755114608775623,4.8,641.375,False
1773592246.9464798,115,0,0,1,0,7.086932000675006,0.0,0.030184997740434483,4.754864483714012,9.5,642.6875,False
1773592247.1567976,116,0,0,1,0,7.088616999681108,0.0,0.03044500044779852,4.754864483714012,9.5,645.3125,False
1773592247.3671465,117,0,0,1,0,7.07456199961598,0.0,0.03244500112487003,4.754864483714012,4.8,647.9375,False
1773592247.5775595,118,0,0,1,0,7.12698899951647,0.0,0.02955499803647399,4.754864483714012,14.3,650.5625,False
1773592247.7878335,119,0,0,1,0,6.908893999934662,0.0,0.030203998903743923,4.754864483714012,9.5,653.1875,False
1773592247.998343,120,0,0,1,0,7.1123400011856575,0.0,0.030203998903743923,4.753475259353887,4.8,655.8125,False
1773592248.2088127,121,0,0,0,0,7.080432002112502,0.0,0.034111999411834404,4.753475259353887,9.5,658.4375,False
1773592248.4192061,122,0,0,0,0,7.065265999699477,0.0,0.03235300027881749,4.753475259353887,9.5,661.0625,False
1773592248.6295946,123,0,0,0,0,7.133099999919068,0.0,0.028647998988162726,4.753475259353887,9.5,663.6875,False
1773592248.8398798,124,0,0,0,0,7.040413998765871,0.0,0.030315000913105905,4.753475259353887,9.5,667.625,False
1773592249.0502043,125,0,0,0,0,7.083987999067176,0.0,0.03124100112472661,4.753483878879039,9.5,668.9375,False
1773592249.260474,126,0,0,0,0,7.059543000650592,0.0,0.030000999686308205,4.753483878879039,9.5,671.5625,False
1773592249.4728167,127,0,0,0,0,9.000351001304807,0.0,0.06696400305372663,4.753483878879039,9.4,674.1875,False
1773592249.6859174,128,0,0,0,0,9.5349660005013,0.0,0.03483299951767549,4.753483878879039,14.1,676.8125,False
1773592249.8985157,129,0,0,0,0,9.040389002620941,0.0,0.03375999949639663,4.753483878879039,9.4,679.4375,False
1773592250.111083,130,0,0,0,0,9.089112001674948,0.0,0.033628999517532066,4.713237055719144,9.4,682.0625,False
1773592251.1731548,131,0,0,0,0,9.458984000957571,0.0,0.03544499850249849,0.9414952707545491,81.9,667.109375,False
1773592251.3839858,132,0,0,0,0,6.765411999367643,0.0,0.02827800199156627,0.9414952707545491,9.5,589.671875,False
1773592251.5938344,133,0,0,0,0,6.711337999149691,0.0,0.02681499972823076,0.9414952707545491,9.5,589.671875,False
1773592251.8038638,134,0,0,0,0,6.774151999707101,0.0,0.02907400266849436,0.9414952707545491,9.5,589.671875,False
1773592252.0137532,135,0,0,0,0,6.752041001163889,0.0,0.025926001399056986,0.9414952707545491,4.8,589.671875,False
1773592252.2235672,136,0,0,0,0,6.717190000927076,0.0,0.02709299951675348,4.760165860576517,9.5,589.671875,False
1773592252.433578,137,0,0,0,0,6.846598000265658,0.0,0.02099999983329326,4.760165860576517,9.5,589.671875,False
1773592253.3716002,138,1,1,0,0,9.336482999060536,725.4991469999368,0.03727799776243046,1.742079233108736,136.5,606.59375,True
1773592254.3562987,139,1,1,1,1,7.173821999458596,774.2912060020899,0.035814999137073755,1.742079233108736,135.1,615.453125,True
1773592255.3380475,140,1,1,1,0,7.187358998635318,771.3596140019945,0.03314800051157363,0.9202529393192684,137.5,597.828125,True
1773592256.2774718,141,1,1,1,0,8.15240199881373,728.0844589986373,0.03200100036337972,1.0993765408897018,135.2,609.515625,True
1773592257.2364438,142,1,1,1,0,7.161080997320823,748.5973620023287,0.03318499875604175,1.0993765408897018,135.6,609.515625,True
1773592258.1920068,143,1,1,1,0,7.128487999580102,745.1466739985335,0.0332589988829568,0.9425575931960993,135.0,609.515625,True
1773592259.1756265,144,1,1,1,0,7.197026003268547,773.2247909989383,0.03351899795234203,1.0886132917991107,138.3,600.34375,True
1773592260.1591046,145,1,1,1,0,7.190766998974141,772.9927720029082,0.032834002922754735,1.0886132917991107,136.3,602.53125,True
1773592261.2120824,146,1,1,1,0,7.203637000202434,842.5634400009585,0.034685999708017334,0.9212846354523028,140.6,594.53125,True
1773592262.1945195,147,1,1,1,0,7.256526001583552,771.9928019978397,0.03305600330349989,0.9496695756208462,137.4,608.421875,True
1773592263.1841,148,1,1,1,0,7.193543999164831,778.982290001295,0.03503699917928316,1.0694981920696363,137.4,610.421875,True
1773592264.1689253,149,1,1,1,0,7.209858998976415,774.4378539973695,0.033906999306054786,1.0694981920696363,138.1,613.046875,True
1773592265.0995789,150,1,1,1,0,7.161007000831887,720.2524290005385,0.033906999306054786,0.9201297916388333,135.4,627.25,True
1773592265.97953,151,1,1,1,0,7.177748000685824,669.5246910021524,0.03353700230945833,1.1705324601768035,133.0,634.765625,True
1773592266.9656727,152,1,1,1,0,7.220081999548711,775.7032689987682,0.03344500146340579,1.1705324601768035,137.9,620.921875,True
1773592267.8982441,153,1,1,1,0,7.143914001062512,722.1845520034549,0.03259300137870014,0.9190372413176557,137.3,635.171875,True
1773592268.8274913,154,1,1,1,0,7.18156299990369,718.899531999341,0.03405499955988489,1.1364487764010782,135.6,638.28125,True
1773592269.8709416,155,1,1,1,0,7.189080999523867,833.0201589997159,0.034110998967662454,0.9583615900794601,139.9,617.90625,True
1773592270.0813923,156,0,0,1,0,7.1768589987186715,0.0,0.030593000701628625,0.9583615900794601,9.5,619.609375,False
1773592270.2917705,157,0,0,1,0,7.11156299803406,0.0,0.030537001293851063,0.9583615900794601,4.8,622.234375,False
1773592270.502447,158,0,0,1,0,7.055210000544321,0.0,0.031610998121323064,0.9583615900794601,14.2,624.859375,False
1773592270.712904,159,0,0,1,0,7.0590429968433455,0.0,0.030537001293851063,0.9583615900794601,9.5,627.484375,False
1773592270.9232717,160,0,0,1,0,7.100637001713039,0.0,0.030556002457160503,4.751505440611846,4.8,630.109375,False
1773592271.1337984,161,0,0,1,0,7.077043999743182,0.0,0.03068499790970236,4.751505440611846,9.5,632.734375,False
1773592271.3441503,162,0,0,1,0,7.071227999404073,0.0,0.03012899833265692,4.751505440611846,9.5,635.359375,False
1773592271.5545094,163,0,0,1,0,7.051247001072625,0.0,0.030629998946096748,4.751505440611846,9.5,637.984375,False
1773592271.7649093,164,0,0,1,0,7.042784000077518,0.0,0.029204002203186974,4.751505440611846,9.5,641.921875,False
1773592271.9753184,165,0,0,1,0,7.093135998729849,0.0,0.0312409974867478,4.752650084587414,9.5,643.234375,False
1773592272.185699,166,0,0,1,0,7.095229000697145,0.0,0.029667000490007922,4.752650084587414,9.5,645.859375,False
1773592272.3960774,167,0,0,1,0,7.063542998366756,0.0,0.0281489992630668,4.752650084587414,4.8,648.484375,False
1773592272.606491,168,0,0,1,0,7.099174003087683,0.0,0.030555998819181696,4.752650084587414,14.3,651.109375,False
1773592272.8167372,169,0,0,1,0,6.879134998598602,0.0,0.030314997275127098,4.752650084587414,9.5,653.734375,False
1773592273.0268378,170,0,0,1,0,6.785264002246549,0.0,0.02607400165288709,4.754979839847924,4.8,656.359375,False
1773592273.2369444,171,0,0,0,0,6.76078199830954,0.0,0.0276850005320739,4.754979839847924,9.5,658.984375,False
1773592273.449333,172,0,0,0,0,8.7216649990296,0.0,0.02933300129370764,4.754979839847924,9.4,661.609375,False
1773592273.6594636,173,0,0,0,0,6.730689001415158,0.0,0.028944003133801743,4.754979839847924,14.3,664.234375,False
1773592273.8698592,174,0,0,0,0,7.1063209979911335,0.0,0.030573999538319185,4.754979839847924,4.8,668.171875,False
1773592274.0802937,175,0,0,0,0,7.098432997736381,0.0,0.030740997317479923,4.74638123149368,9.5,669.484375,False
1773592274.290495,176,0,0,0,0,6.863449998490978,0.0,0.027611000405158848,4.74638123149368,9.5,672.109375,False
1773592274.500608,177,0,0,0,0,6.807172001572326,0.0,0.028056001610821113,4.74638123149368,9.5,674.734375,False
1773592274.7107024,178,0,0,0,0,6.773949000489665,0.0,0.028092999855289236,4.74638123149368,14.3,677.359375,False
1773592274.920807,179,0,0,0,0,6.812264000473078,0.0,0.026832996809389442,4.74638123149368,4.8,679.984375,False
1773592275.130927,180,0,0,0,0,6.810153001424624,0.0,0.02685200161067769,4.75896575676481,9.5,682.625,False
1773592276.233975,181,0,0,0,0,6.879913002194371,0.0,0.026407000405015424,0.9065746756755588,82.5,665.6875,False
1773592276.4446075,182,0,0,0,0,6.813152998802252,0.0,0.027056001272285357,0.9065746756755588,4.7,586.9375,False
1773592276.6546128,183,0,0,0,0,6.812208001065301,0.0,0.027760001103160903,0.9065746756755588,14.3,586.9375,False
1773592276.8646073,184,0,0,0,0,6.802579002396669,0.0,0.027370002499083057,0.9065746756755588,4.8,586.9375,False
1773592277.0747275,185,0,0,0,0,6.890263997775037,0.0,0.027056001272285357,0.9065746756755588,9.5,586.9375,False
1773592277.2846956,186,0,0,0,0,6.791985997551819,0.0,0.02877800216083415,4.758748700912651,9.5,586.9375,False
1773592277.4946928,187,0,0,0,0,6.796042001951719,0.0,0.0190739992831368,4.758748700912651,9.5,586.9375,False
1773592277.70472,188,0,0,0,0,6.789226998080267,0.0,0.020000999938929453,4.758748700912651,9.5,586.9375,False
1773592277.9146883,189,0,0,0,0,6.820967999374261,0.0,0.02016700091189705,4.758748700912651,9.5,586.9375,False
1773592278.124618,190,0,0,0,0,6.7336710017116275,0.0,0.019962997612310573,4.758748700912651,9.5,586.9375,False
1773592278.3345985,191,0,0,0,0,6.791467996663414,0.0,0.0190739992831368,4.7622758804235374,4.8,586.9375,False
1773592278.5446887,192,0,0,0,0,6.901635002577677,0.0,0.019795999833149835,4.7622758804235374,9.5,586.9375,False
1773592278.754703,193,0,0,0,0,6.773226999939652,0.0,0.019462997443042696,4.7622758804235374,9.5,586.9375,False
1773592278.9648166,194,0,0,0,0,6.929191000381252,0.0,0.021111998648848385,4.7622758804235374,9.5,586.9375,False
1773592279.175096,195,0,0,0,0,7.070228999509709,0.0,0.019297000108053908,4.7622758804235374,9.5,586.9375,False
1773592279.3851583,196,0,0,0,0,6.81361500028288,0.0,0.018574999558040872,4.759335121188581,4.8,586.9375,False
1773592279.5951533,197,0,0,0,0,6.808207999711158,0.0,0.019574999896576628,4.759335121188581,9.5,586.9375,False
1773592279.8051565,198,0,0,0,0,6.811634000769118,0.0,0.0197040026250761,4.759335121188581,14.3,586.9375,False
1773592280.015417,199,0,0,0,0,7.08250599927851,0.0,0.022166997950989753,4.759335121188581,4.8,586.9375,False
1773592280.9193487,200,1,1,0,0,6.811874998675194,693.9434340019943,0.030815001082373783,2.607211955506559,132.7,613.59375,True
1773592281.7974944,201,1,1,1,1,7.109877002221765,667.633550001483,0.036369998269947246,2.607211955506559,134.4,613.40625,True
1773592282.6535604,202,1,2,1,0,7.08082200071658,645.7118590005848,0.03899999865097925,1.1532609568347618,133.2,590.9375,True
1773592283.585664,203,1,1,1,0,7.121618000383023,721.6524920004304,0.03592599750845693,1.1532609568347618,136.3,609.375,True
1773592284.4649541,204,1,1,1,0,7.135340001696022,668.9103720018466,0.03596300302888267,0.9670531755387864,133.1,609.359375,True
1773592285.3017135,205,1,1,1,0,7.166172999859555,626.2689799987129,0.03614799788920209,1.2391003849677351,133.9,596.453125,True
1773592286.137998,206,1,1,1,0,7.160359000408789,625.9261269988201,0.034723001590464264,1.2391003849677351,132.7,598.578125,True
1773592286.9750667,207,1,1,1,0,7.197655002528336,626.624205000553,0.03564900180208497,1.1952059586130803,132.6,601.703125,True
1773592287.8111017,208,1,1,1,0,7.159765998949297,625.5478089988173,0.03576000017346814,1.1952059586130803,135.2,603.671875,True
1773592288.6498482,209,1,1,1,0,7.162155001424253,628.3389740019629,0.03633400046965107,1.1941835461463395,132.3,606.453125,True
1773592289.5311537,210,1,1,1,0,7.140468998841243,670.8916809984657,0.03270399975008331,1.1941835461463395,133.9,621.96875,True
1773592290.4647624,211,1,1,1,0,7.195637001132127,723.0899639980635,0.03399999695830047,1.1019801626419543,136.0,624.6875,True
1773592291.4630313,212,1,1,1,0,7.116433000192046,787.8148990021145,0.03437100167502649,1.1019801626419543,137.2,624.3125,True
1773592292.4496589,213,1,1,1,0,7.220119001431158,776.0467709995282,0.033055999665521085,0.9088607062813672,137.8,619.109375,True
1773592293.329444,214,1,1,1,0,7.095414002833422,669.3941720004659,0.03398199987714179,1.1335319527983292,134.1,607.65625,True
1773592294.3152406,215,1,1,1,0,7.170730001234915,775.3863600009936,0.0334270007442683,1.1335319527983292,136.9,625.0,True
1773592294.5256343,216,0,0,1,0,7.120672999008093,0.0,0.02985199898830615,0.919271500550449,4.8,627.625,False
1773592294.7359512,217,0,0,1,0,7.003672002610983,0.0,0.030945000617066398,0.919271500550449,9.5,630.25,False
1773592294.9463527,218,0,0,1,0,7.066728998324834,0.0,0.030537001293851063,0.919271500550449,14.3,631.5625,False
1773592295.1567018,219,0,0,1,0,7.085506000294117,0.0,0.03159300104016438,0.919271500550449,9.5,635.5,False
1773592295.367001,220,0,0,1,0,7.04898800177034,0.0,0.03203699816367589,0.919271500550449,9.5,638.125,False
1773592295.577376,221,0,0,1,0,7.109395002771635,0.0,0.029778002499369904,4.75422743056146,9.5,640.75,False
1773592295.7876382,222,0,0,1,0,7.017079999059206,0.0,0.031371000659419224,4.75422743056146,4.8,643.375,False
1773592295.9979591,223,0,0,1,0,7.040135998977348,0.0,0.0307039990730118,4.75422743056146,14.3,646.0,False
1773592296.2083044,224,0,0,1,0,7.096303001162596,0.0,0.03205599932698533,4.75422743056146,9.5,648.625,False
1773592296.4187007,225,0,0,1,0,7.106580000254326,0.0,0.0307039990730118,4.75422743056146,4.8,651.25,False
1773592296.629093,226,0,0,1,0,7.084451000991976,0.0,0.029425998945953324,4.753695067010455,9.5,653.875,False
1773592296.8394878,227,0,0,1,0,7.042339999316027,0.0,0.030241000786190853,4.753695067010455,4.8,656.5,False
1773592297.0499778,228,0,0,1,0,7.077024998579873,0.0,0.031036997825140134,4.753695067010455,14.3,657.8125,False
1773592297.260288,229,0,0,1,0,7.043007000902435,0.0,0.030536997655872256,4.753695067010455,9.5,661.75,False
1773592297.4707143,230,0,0,1,0,7.0623949977743905,0.0,0.03018600182258524,4.753695067010455,9.5,664.375,False
1773592297.6811862,231,0,0,0,0,7.111637001798954,0.0,0.029815000743838027,4.7530712541849836,9.5,667.0,False
1773592297.8914886,232,0,0,0,0,7.052802997350227,0.0,0.02961100108223036,4.7530712541849836,4.8,669.625,False
1773592298.10185,233,0,0,0,0,7.065820998832351,0.0,0.03127799936919473,4.7530712541849836,14.3,672.25,False
1773592298.312227,234,0,0,0,0,7.074172997818096,0.0,0.030499999411404133,4.7530712541849836,9.5,674.875,False
1773592298.5225794,235,0,0,0,0,7.078951002768008,0.0,0.02879699968616478,4.7530712541849836,9.5,677.5,False
1773592298.7329113,236,0,0,0,0,7.054858000628883,0.0,0.02881500040530227,4.753486033765211,9.5,680.125,False
1773592298.9432826,237,0,0,0,0,7.076691999827744,0.0,0.02951899659819901,4.753486033765211,4.8,682.765625,False
1773592299.153788,238,0,0,0,0,7.1453210002800915,0.0,0.03046300116693601,4.753486033765211,14.3,684.078125,False
1773592299.3640788,239,0,0,0,0,7.042784000077518,0.0,0.02870399839594029,4.753486033765211,9.5,688.015625,False
1773592299.5744674,240,0,0,0,0,7.06863600134966,0.0,0.029427003028104082,4.753486033765211,9.5,690.640625,False
1773592300.593142,241,0,0,0,0,7.145988001866499,0.0,0.029648999770870432,4.753625028050475,80.5,623.84375,False
1773592300.8043401,242,0,0,0,0,7.43171199792414,0.0,0.03185199966537766,0.9811903029679206,9.5,593.65625,False
1773592301.0173244,243,0,0,0,0,9.560965998389293,0.0,0.0359820005542133,0.9811903029679206,14.1,593.65625,False
1773592301.2306478,244,0,0,0,0,9.524576998956036,0.0,0.04101800004718825,0.9811903029679206,14.1,593.65625,False
1773592301.4431458,245,0,0,0,0,8.942832999309758,0.0,0.03314800051157363,0.9811903029679206,9.4,593.65625,False
1773592301.6562343,246,0,0,0,0,9.47146500038798,0.0,0.035500997910276055,0.9811903029679206,9.4,593.65625,False
1773592301.869351,247,0,0,0,0,9.547411002131412,0.0,0.02570400101831183,4.704260939473986,9.4,593.65625,False
1773592302.0823374,248,0,0,0,0,9.464651000598678,0.0,0.024758999643381685,4.704260939473986,18.8,593.65625,False
1773592302.2953963,249,0,0,0,0,9.480149998125853,0.0,0.025592999008949846,4.704260939473986,9.4,593.65625,False
1773592302.5085983,250,0,0,0,0,9.563039999193279,0.0,0.024944998585851863,4.704260939473986,9.4,593.65625,False
1773592302.721792,251,0,0,0,0,9.509151001111604,0.0,0.02600000152597204,4.704260939473986,9.4,593.65625,False
1773592302.9340844,252,0,0,0,0,8.636941998702241,0.0,0.024370998289668933,4.692274440346429,9.4,593.65625,False
1773592303.147138,253,0,0,0,0,9.521337000478525,0.0,0.027055000828113407,4.692274440346429,14.1,593.65625,False
1773592303.3601198,254,0,0,0,0,9.496429000137141,0.0,0.026573998184176162,4.692274440346429,9.4,593.65625,False
1773592303.5733697,255,0,0,0,0,9.57161399855977,0.0,0.026073998014908284,4.692274440346429,14.1,593.65625,False
1773592303.7864497,256,0,0,0,0,9.495557998889126,0.0,0.025851997634163126,4.692274440346429,9.4,593.65625,False
1773592303.9994264,257,0,0,0,0,9.4246690023283,0.0,0.025426001229789108,4.696599702234318,9.4,593.65625,False
1773592304.2124517,258,0,0,0,0,9.462521000386914,0.0,0.024981000024126843,4.696599702234318,18.8,593.65625,False
1773592304.4256444,259,0,0,0,0,9.596206997230183,0.0,0.023630000214325264,4.696599702234318,14.1,593.65625,False
1773592304.638762,260,0,0,0,0,9.547318000841187,0.0,0.025648001610534266,4.696599702234318,9.4,593.65625,False
1773592304.8517723,261,0,0,0,0,9.438484001293546,0.0,0.027296999178361148,4.696599702234318,9.4,593.65625,False
1773592305.0648866,262,0,0,0,0,9.49409500026377,0.0,0.02625900015118532,4.693486307069172,9.4,593.65625,False
1773592305.278331,263,0,0,0,0,9.803393000765936,0.0,0.0248889991780743,4.693486307069172,18.7,593.65625,False
1773592305.4914951,264,0,0,0,0,9.582225000485778,0.0,0.026722998882178217,4.693486307069172,9.4,593.65625,False
1773592305.7045996,265,0,0,0,0,9.545670000079554,0.0,0.026592999347485602,4.693486307069172,9.4,593.65625,False
1773592305.9176593,266,0,0,0,0,9.500021002168069,0.0,0.025314999220427126,4.693486307069172,9.4,593.65625,False
1773592306.1305559,267,0,0,0,0,9.415446998900734,0.0,0.024426000891253352,4.690981352855229,9.4,593.65625,False
1773592306.343531,268,0,0,0,0,9.477039999183035,0.0,0.026425997930346057,4.690981352855229,18.8,593.65625,False
1773592306.5567694,269,0,0,0,0,9.62248599898885,0.0,0.025536999601172283,4.690981352855229,9.4,593.65625,False
1773592306.7698555,270,0,0,0,0,9.5642999986012,0.0,0.025741002900758758,4.690981352855229,9.4,593.65625,False
1773592306.9828327,271,0,0,0,0,9.487780000199564,0.0,0.02626000059535727,4.690981352855229,9.4,593.65625,False
1773592307.1958616,272,0,0,0,0,9.50907700098469,0.0,0.02663000122993253,4.694128198832171,9.4,593.65625,False
1773592307.4088926,273,0,0,0,0,9.50079899848788,0.0,0.025945002562366426,4.694128198832171,18.8,593.65625,False
1773592307.6221287,274,0,0,0,0,9.647170001699124,0.0,0.02574099926277995,4.694128198832171,9.4,593.65625,False
1773592307.8348832,275,0,0,0,0,9.105740999075351,0.0,0.025258999812649563,4.694128198832171,9.4,593.65625,False
1773592308.0478957,276,0,0,0,0,9.580744001141284,0.0,0.025240999093512073,4.694128198832171,9.4,593.65625,False
1773592308.261007,277,0,0,0,0,9.59905900162994,0.0,0.025593002646928653,4.694463397031935,9.4,593.65625,False
1773592308.4741328,278,0,0,0,0,9.6368189988425,0.0,0.025796998670557514,4.694463397031935,18.8,593.65625,False
1773592308.6872656,279,0,0,0,0,9.60948500141967,0.0,0.027185000362806022,4.694463397031935,9.4,593.65625,False
1773592308.9004567,280,0,0,0,0,9.604948001651792,0.0,0.026370998966740444,4.694463397031935,9.4,593.65625,False
1773592309.1136692,281,0,0,0,0,9.633280998968985,0.0,0.02550000135670416,4.694463397031935,14.1,593.65625,False
1773592309.326725,282,0,0,0,0,9.577021999575663,0.0,0.025037999876076356,4.691584774953362,9.4,593.65625,False
1773592309.5394225,283,0,0,0,0,9.206705002725357,0.0,0.025556000764481723,4.691584774953362,14.1,593.65625,False
1773592309.75239,284,0,0,0,0,9.487168998020934,0.0,0.025408000510651618,4.691584774953362,14.1,593.65625,False
1773592309.9654546,285,0,0,0,0,9.567170000082115,0.0,0.02562999725341797,4.691584774953362,9.4,593.65625,False
1773592310.1785762,286,0,0,0,0,9.535021999909077,0.0,0.024777997168712318,4.691584774953362,9.4,593.65625,False
1773592310.3915823,287,0,0,0,0,9.44713200078695,0.0,0.025834000553004444,4.694902694728076,9.4,593.65625,False
1773592310.6046238,288,0,0,0,0,9.52576199779287,0.0,0.025388999347342178,4.694902694728076,18.8,593.65625,False
1773592310.817552,289,0,0,0,0,9.466113999224035,0.0,0.024556000425945967,4.694902694728076,9.4,593.65625,False
1773592311.029961,290,0,0,0,0,8.84983200012357,0.0,0.022574000468011945,4.694902694728076,9.4,593.671875,False
1773592311.2428112,291,0,0,0,0,9.390150000399444,0.0,0.02353700256207958,4.694902694728076,9.4,593.671875,False
1773592311.455771,292,0,0,0,0,9.426705997611862,0.0,0.023962998966453597,4.698564252409996,9.4,593.671875,False
1773592311.6687727,293,0,0,0,0,9.485410999332089,0.0,0.03979699977207929,4.698564252409996,18.8,593.6875,False
1773592311.8812327,294,0,0,0,0,8.990221998828929,0.0,0.024315002519870177,4.698564252409996,9.4,593.6875,False
1773592312.0942588,295,0,0,0,0,9.521448002487887,0.0,0.025536999601172283,4.698564252409996,9.4,593.6875,False
1773592312.3072093,296,0,0,0,0,9.472835998167284,0.0,0.024814999051159248,4.698564252409996,9.4,593.6875,False
1773592312.520236,297,0,0,0,0,9.506114001851529,0.0,0.025407000066479668,4.697479179826271,14.1,593.6875,False
1773592312.7334023,298,0,0,0,0,9.509669998806203,0.0,0.024777997168712318,4.697479179826271,14.1,593.6875,False
1773592312.945863,299,0,0,0,0,8.984852000139654,0.0,0.025260000256821513,4.697479179826271,9.4,593.6875,False
1773592313.1583443,300,0,0,0,0,8.994166000775294,0.0,0.025371002266183496,4.697479179826271,14.1,593.6875,False
1773592313.371278,301,0,0,0,0,9.46896499954164,0.0,0.025889003154588863,4.697479179826271,9.4,593.6875,False
1773592313.58428,302,0,0,0,0,9.534558997984277,0.0,0.02601799860713072,4.698980101698546,9.4,593.6875,False
1773592313.7972991,303,0,0,0,0,9.485021000728011,0.0,0.025536999601172283,4.698980101698546,18.8,593.6875,False
1773592314.0103865,304,0,0,0,0,9.491781001997879,0.0,0.026055997295770794,4.698980101698546,9.4,593.6875,False
1773592314.2233999,305,0,0,0,0,9.461169996939134,0.0,0.025056000595213845,4.698980101698546,9.4,593.6875,False
1773592314.436315,306,0,0,0,0,9.436188000108814,0.0,0.025834000553004444,4.698980101698546,9.4,593.6875,False
1773592314.649642,307,0,0,0,0,9.725818999868352,0.0,0.02551800207584165,4.694377228660263,9.4,593.6875,False
1773592314.8625293,308,0,0,0,0,9.461464997002622,0.0,0.025648001610534266,4.694377228660263,18.8,593.6875,False
1773592315.0755184,309,0,0,0,0,9.460818000661675,0.0,0.02492600106052123,4.694377228660263,9.4,593.6875,False
1773592315.2884881,310,0,0,0,0,9.454687999095768,0.0,0.025426001229789108,4.694377228660263,9.4,593.6875,False
1773592315.5016272,311,0,0,0,0,9.589967001375044,0.0,0.025129000277956948,4.694377228660263,9.4,593.6875,False
1773592315.7145739,312,0,0,0,0,9.490410997386789,0.0,0.025739998818608,4.69389705554848,9.4,593.6875,False
1773592315.9276693,313,0,0,0,0,9.488298997894162,0.0,0.0248889991780743,4.69389705554848,18.8,593.6875,False
1773592316.1406393,314,0,0,0,0,9.45526199939195,0.0,0.02492600106052123,4.69389705554848,9.4,593.6875,False
1773592316.3536208,315,0,0,0,0,9.517521000816487,0.0,0.024388999008806422,4.69389705554848,9.4,593.6875,False
1773592316.5666592,316,0,0,0,0,9.519985000224551,0.0,0.023740001779515296,4.69389705554848,9.4,593.6875,False
1773592316.7796104,317,0,0,0,0,9.481262000917923,0.0,0.024943998141679913,4.69472192112812,9.4,593.6875,False
1773592316.9926264,318,0,0,0,0,9.483205998549238,0.0,0.022574000468011945,4.69472192112812,23.5,593.6875,False
1773592317.2056296,319,0,0,0,0,9.527762998914113,0.0,0.02294500154675916,4.69472192112812,9.4,593.6875,False
1773592317.418526,320,0,0,0,0,9.448058000998572,0.0,0.023370001144940034,4.69472192112812,9.4,593.6875,False
1773592317.631458,321,0,0,0,0,9.437038999749348,0.0,0.023018998035695404,4.69472192112812,9.4,593.703125,False
1773592317.8444562,322,0,0,0,0,9.535522000078345,0.0,0.023962998966453597,4.695755250882265,9.4,593.703125,False
1773592318.057478,323,0,0,0,0,9.50142900182982,0.0,0.023630000214325264,4.695755250882265,18.8,593.703125,False
1773592318.2704494,324,0,0,0,0,9.50920600007521,0.0,0.023982000129763037,4.695755250882265,9.4,593.703125,False
1773592318.4833572,325,0,0,0,0,9.483705998718506,0.0,0.02274100188515149,4.695755250882265,4.7,593.703125,False
1773592318.696353,326,0,0,0,0,9.541447998344665,0.0,0.02407400097581558,4.695755250882265,9.4,593.703125,False
1773592318.9093585,327,0,0,0,0,9.537540001474554,0.0,0.023371001589111984,4.695141295151639,9.4,593.703125,False
1773592319.1223168,328,0,0,0,0,9.43776100029936,0.0,0.02268599928356707,4.695141295151639,18.8,593.703125,False
1773592319.335192,329,0,0,0,0,9.423502000572626,0.0,0.024185999791370705,4.695141295151639,9.4,593.703125,False
1773592319.548148,330,0,0,0,0,9.44496499869274,0.0,0.02300000051036477,4.695141295151639,9.4,593.703125,False
1773592319.7609463,331,0,0,0,0,9.39850300346734,0.0,0.022999996872385964,4.695141295151639,14.1,593.703125,False
1773592319.9737785,332,0,0,0,0,9.407762001501396,0.0,0.022536998585565016,4.696847942450426,9.4,593.703125,False
1773592320.1866298,333,0,0,0,0,9.361779997561825,0.0,0.022407002688851207,4.696847942450426,14.1,593.703125,False
1773592320.3995502,334,0,0,0,0,9.406242999830283,0.0,0.023184999008663,4.696847942450426,14.1,593.703125,False
1773592320.6125407,335,0,0,0,0,9.430058002180886,0.0,0.024092998501146212,4.696847942450426,9.4,593.703125,False
1773592320.8253677,336,0,0,0,0,9.395891000167467,0.0,0.022500000341096893,4.696847942450426,4.7,593.703125,False
1773592321.038256,337,0,0,0,0,9.372371998324525,0.0,0.023130000045057386,4.6973034683835255,9.4,593.703125,False
1773592321.250517,338,0,0,0,0,8.809073002339574,0.0,0.02240799949504435,4.6973034683835255,18.8,593.703125,False
1773592321.4633424,339,0,0,0,0,9.355873000458814,0.0,0.023630000214325264,4.6973034683835255,14.1,593.703125,False
1773592321.6763244,340,0,0,0,0,9.51920700026676,0.0,0.02403699909336865,4.6973034683835255,9.4,593.703125,False
1773592321.8893874,341,0,0,0,0,9.481891000177711,0.0,0.025518998882034793,4.6973034683835255,9.4,593.703125,False
1773592322.10231,342,0,0,0,0,9.46307699996396,0.0,0.024852000933606178,4.699176997795334,9.4,593.703125,False
1773592322.3152688,343,0,0,0,0,9.499558000243269,0.0,0.02459299867041409,4.699176997795334,18.8,593.703125,False
1773592322.5282536,344,0,0,0,0,9.466003000852652,0.0,0.02429599771858193,4.699176997795334,9.4,593.703125,False
1773592322.7411628,345,0,0,0,0,9.374946999741951,0.0,0.02325900277355686,4.699176997795334,9.4,593.703125,False
1773592322.9539638,346,0,0,0,0,9.321908997662831,0.0,0.021723000827478245,4.699176997795334,9.4,593.703125,False
1773592323.1668546,347,0,0,0,0,9.38807700003963,0.0,0.024462999135721475,4.696487161290134,9.4,593.703125,False
1773592323.3796253,348,0,0,0,0,9.31585400030599,0.0,0.023333999706665054,4.696487161290134,18.8,593.703125,False
1773592323.5926096,349,0,0,0,0,9.459392000280786,0.0,0.024185999791370705,4.696487161290134,9.4,593.703125,False
1773592323.8053763,350,0,0,0,0,9.32364999971469,0.0,0.022501000785268843,4.696487161290134,9.4,593.703125,False
1773592324.0182083,351,0,0,0,0,9.344927999336505,0.0,0.02355600008741021,4.696487161290134,9.4,593.703125,False
1773592324.2311766,352,0,0,0,0,9.429853998881299,0.0,0.024240998754976317,4.698285306163964,9.4,593.703125,False
1773592324.444066,353,0,0,0,0,9.3907250011398,0.0,0.02431499888189137,4.698285306163964,18.8,593.703125,False
1773592324.6570883,354,0,0,0,0,9.531763000268256,0.0,0.024333003239007667,4.698285306163964,9.4,593.703125,False
1773592324.8701098,355,0,0,0,0,9.524021999823162,0.0,0.02362900340813212,4.698285306163964,9.4,593.703125,False
1773592325.083098,356,0,0,0,0,9.472133002418559,0.0,0.02431499888189137,4.698285306163964,9.4,593.703125,False
1773592325.2960968,357,0,0,0,0,9.425724001630442,0.0,0.02490800034138374,4.695210672512754,9.4,593.703125,False
1773592325.5090957,358,0,0,0,0,9.443761999136768,0.0,0.023741002223687246,4.695210672512754,18.8,593.703125,False
1773592325.721926,359,0,0,0,0,9.409669000888243,0.0,0.023814998712623492,4.695210672512754,9.4,593.703125,False
1773592325.934819,360,0,0,0,0,9.372686999995494,0.0,0.024388999008806422,4.695210672512754,9.4,593.703125,False
1773592326.1476781,361,0,0,0,0,9.40129900118336,0.0,0.02261199915665202,4.695210672512754,9.4,593.703125,False
1773592326.360711,362,0,0,0,0,9.483447000093292,0.0,0.02320400017197244,4.696893175485562,14.1,593.703125,False
1773592326.573719,363,0,0,0,0,9.54476200058707,0.0,0.023444001271855086,4.696893175485562,14.1,593.703125,False
1773592326.7866478,364,0,0,0,0,9.443353999813553,0.0,0.022610998712480068,4.696893175485562,14.1,593.703125,False
1773592326.9995415,365,0,0,0,0,9.434780997253256,0.0,0.022667001758236438,4.696893175485562,9.4,593.703125,False
1773592327.2123902,366,0,0,0,0,9.424186999240192,0.0,0.022852000256534666,4.696893175485562,9.4,593.703125,False
1773592327.425383,367,0,0,0,0,9.464594997552922,0.0,0.02292600038344972,4.696129590346693,9.4,593.703125,False
1773592327.6383853,368,0,0,0,0,9.498262003035052,0.0,0.02327699985471554,4.696129590346693,18.8,593.703125,False
1773592327.8513126,369,0,0,0,0,9.44168699788861,0.0,0.023074000637279823,4.696129590346693,9.4,593.703125,False
1773592328.0643191,370,0,0,0,0,9.475929000473116,0.0,0.023944998247316107,4.696129590346693,9.4,593.703125,False
1773592328.2773695,371,0,0,0,0,9.609447999537224,0.0,0.024852000933606178,4.696129590346693,9.4,593.703125,False
1773592328.4902298,372,0,0,0,0,9.42000199938775,0.0,0.02300000051036477,4.694980473699717,9.4,593.703125,False
1773592328.703095,373,0,0,0,0,9.415224998519989,0.0,0.023352000425802544,4.694980473699717,18.8,593.703125,False
1773592328.916015,374,0,0,0,0,9.44387300114613,0.0,0.02325900277355686,4.694980473699717,9.4,593.703125,False
1773592329.128909,375,0,0,0,0,9.426835000340361,0.0,0.023906999558676034,4.694980473699717,9.4,593.71875,False
1773592329.341741,376,0,0,0,0,9.385427998495288,0.0,0.022332998923957348,4.694980473699717,9.4,593.71875,False
1773592329.554542,377,0,0,0,0,9.373632001370424,0.0,0.022352000087266788,4.697645433892545,9.4,593.71875,False
1773592329.7668219,378,0,0,0,0,8.864018000167562,0.0,0.02294500154675916,4.697645433892545,18.8,593.71875,False
1773592329.9796205,379,0,0,0,0,9.354909001558553,0.0,0.023445001716027036,4.697645433892545,9.4,593.71875,False
1773592330.1925182,380,0,0,0,0,9.323149999545421,0.0,0.023352000425802544,4.697645433892545,9.4,593.71875,False
1773592330.4053373,381,0,0,0,0,9.38224199853721,0.0,0.022352000087266788,4.697645433892545,9.4,593.71875,False
1773592330.618134,382,0,0,0,0,9.339557997009251,0.0,0.02379600118729286,4.701017247022008,9.4,593.71875,False
1773592330.8310764,383,0,0,0,0,9.358335002616514,0.0,0.02351900184294209,4.701017247022008,18.8,593.71875,False
1773592331.0440266,384,0,0,0,0,9.449372999370098,0.0,0.02405499981250614,4.701017247022008,9.4,593.71875,False
1773592331.2572114,385,0,0,0,0,9.541558003547834,0.0,0.02514899824745953,4.701017247022008,9.4,593.71875,False
1773592331.4701304,386,0,0,0,0,9.46322500021779,0.0,0.025814999389695004,4.701017247022008,9.4,593.71875,False
1773592331.682993,387,0,0,0,0,9.43124300101772,0.0,0.024981996830319986,4.695775228166339,9.4,593.71875,False
1773592331.895932,388,0,0,0,0,9.504299003310734,0.0,0.026462999812792987,4.695775228166339,18.8,593.71875,False
1773592332.108926,389,0,0,0,0,9.541946998069761,0.0,0.02377800046815537,4.695775228166339,9.4,593.71875,False
1773592332.3218718,390,0,0,0,0,9.453021000808803,0.0,0.024222998035838827,4.695775228166339,9.4,593.71875,False
1773592332.5348134,391,0,0,0,0,9.41611300004297,0.0,0.024796998332021758,4.695775228166339,9.4,593.71875,False
1773592332.7477043,392,0,0,0,0,9.419947000424145,0.0,0.02463000055286102,4.696120125973193,9.4,593.734375,False
1773592332.960093,393,0,0,0,0,8.938592000049539,0.0,0.02379600118729286,4.696120125973193,18.8,593.734375,False
1773592333.1729374,394,0,0,0,0,9.431761998712318,0.0,0.022832999093225226,4.696120125973193,9.4,593.734375,False
1773592333.3858275,395,0,0,0,0,9.456742998736445,0.0,0.02322200089110993,4.696120125973193,9.4,593.734375,False
1773592333.5986626,396,0,0,0,0,9.39350199769251,0.0,0.022203999833436683,4.696120125973193,9.4,593.734375,False
1773592333.8115861,397,0,0,0,0,9.343353998701787,0.0,0.02344499807804823,4.699697219805065,9.4,593.734375,False
1773592334.024449,398,0,0,0,0,9.378373000799911,0.0,0.022222997358767316,4.699697219805065,18.8,593.734375,False
1773592334.2373765,399,0,0,0,0,9.475112998188706,0.0,0.024184999347198755,4.699697219805065,9.4,593.734375,False
1773592334.4502456,400,0,0,0,0,9.408595000422793,0.0,0.022184998670127243,4.699697219805065,9.4,593.734375,False
1773592334.6631365,401,0,0,0,0,9.434595001948765,0.0,0.024574001145083457,4.699697219805065,9.4,593.734375,False
1773592334.87602,402,0,0,0,0,9.418020999873988,0.0,0.02405600025667809,4.69746865781298,9.4,593.734375,False
1773592335.08874,403,0,0,0,0,9.181631001411006,0.0,0.023963999410625547,4.69746865781298,23.5,593.734375,False
1773592335.3016026,404,0,0,0,0,9.372391003125813,0.0,0.023389002308249474,4.69746865781298,9.4,593.734375,False
1773592335.514444,405,0,0,0,0,9.352427998237545,0.0,0.02361100268899463,4.69746865781298,9.4,593.734375,False
1773592335.7272532,406,0,0,0,0,9.31335399945965,0.0,0.023036998754832894,4.69746865781298,9.4,593.75,False
1773592335.940114,407,0,0,0,0,9.28624299922376,0.0,0.02388900247751735,4.698580042810663,9.4,593.75,False
1773592336.1528497,408,0,0,0,0,9.161204001429724,0.0,0.02292599674547091,4.698580042810663,18.8,593.75,False
1773592336.36582,409,0,0,0,0,9.421465001651086,0.0,0.02377800046815537,4.698580042810663,9.4,593.75,False
1773592336.5786996,410,0,0,0,0,9.405372002220247,0.0,0.02326000321772881,4.698580042810663,9.4,593.75,False
1773592336.7914994,411,0,0,0,0,9.388614002091344,0.0,0.023018998035695404,4.698580042810663,9.4,593.75,False
1773592337.0042982,412,0,0,0,0,9.380354000313673,0.0,0.021926000044913962,4.698408459479556,9.4,593.75,False
1773592337.2170765,413,0,0,0,0,9.35200200183317,0.0,0.02296299862791784,4.698408459479556,18.8,593.75,False
1773592337.4298728,414,0,0,0,0,9.382483000081265,0.0,0.02387000131420791,4.698408459479556,9.4,593.75,False
1773592337.642716,415,0,0,0,0,9.427058001165278,0.0,0.022519001504406333,4.698408459479556,9.4,593.75,False
1773592337.8555055,416,0,0,0,0,9.352779998152982,0.0,0.02346299879718572,4.698408459479556,9.4,593.75,False
1773592338.0683284,417,0,0,0,0,9.406965000380296,0.0,0.02290799966431223,4.699218063766702,9.4,593.75,False
1773592338.28095,418,0,0,0,0,9.16316800066852,0.0,0.02383299943176098,4.699218063766702,18.8,593.75,False
1773592338.4938533,419,0,0,0,0,9.41157600027509,0.0,0.02288999894517474,4.699218063766702,9.4,593.75,False
1773592338.7068088,420,0,0,0,0,9.370687999762595,0.0,0.024001001293072477,4.699218063766702,9.4,593.75,False
1773592338.919667,421,0,0,0,0,9.351576001790818,0.0,0.023667002096772194,4.699218063766702,9.4,593.75,False
1773592339.1325555,422,0,0,0,0,9.381706000567647,0.0,0.022480999177787453,4.69852319786496,9.4,593.75,False
1773592339.3454013,423,0,0,0,0,9.414112999365898,0.0,0.022593001631321386,4.69852319786496,18.8,593.75,False
1773592339.5582404,424,0,0,0,0,9.381243002280826,0.0,0.022629999875789508,4.69852319786496,9.4,593.75,False
1773592339.7711048,425,0,0,0,0,9.369632000016281,0.0,0.022222000552574173,4.69852319786496,9.4,593.75,False
1773592339.9839141,426,0,0,0,0,9.385187000589212,0.0,0.023333999706665054,4.69852319786496,9.4,593.75,False
1773592340.1968443,427,0,0,0,0,9.44715100195026,0.0,0.02353699892410077,4.698045333635611,14.1,593.75,False
1773592340.4097426,428,0,0,0,0,9.467965999647276,0.0,0.02274100188515149,4.698045333635611,14.1,593.75,False
1773592340.6226082,429,0,0,0,0,9.443427999940468,0.0,0.02292600038344972,4.698045333635611,9.4,593.75,False
1773592340.8355794,430,0,0,0,0,9.444780997000635,0.0,0.02325899913557805,4.698045333635611,14.1,593.75,False
1773592341.0485525,431,0,0,0,0,9.45211300131632,0.0,0.02324100205441937,4.698045333635611,9.4,593.75,False
1773592341.2614365,432,0,0,0,0,9.455280000111088,0.0,0.022295997041510418,4.696598650424824,9.4,593.75,False
1773592341.4738905,433,0,0,0,0,8.953296000981936,0.0,0.021610998373944312,4.696598650424824,18.8,593.75,False
1773592341.686791,434,0,0,0,0,9.483687997999368,0.0,0.022852000256534666,4.696598650424824,9.4,593.75,False
1773592341.899653,435,0,0,0,0,9.421224000107031,0.0,0.021981999452691525,4.696598650424824,9.4,593.75,False
1773592342.112595,436,0,0,0,0,9.430613001313759,0.0,0.022667001758236438,4.696598650424824,9.4,593.75,False
1773592342.3255265,437,0,0,0,0,9.442409998882795,0.0,0.02240799949504435,4.69872953052855,9.4,593.75,False
1773592342.538459,438,0,0,0,0,9.452705999137834,0.0,0.023704000341240317,4.69872953052855,18.8,593.75,False
1773592342.751331,439,0,0,0,0,9.435816999030067,0.0,0.02405600025667809,4.69872953052855,9.4,593.75,False
1773592342.9642217,440,0,0,0,0,9.43498400010867,0.0,0.02296399907208979,4.69872953052855,9.4,593.75,False
1773592343.1771326,441,0,0,0,0,9.477021001657704,0.0,0.023148000764194876,4.69872953052855,9.4,593.75,False
1773592343.3899796,442,0,0,0,0,9.430853999219835,0.0,0.02248200325993821,4.697245602222978,9.4,593.75,False
1773592343.603279,443,0,0,0,0,9.763670997926965,0.0,0.02713000139920041,4.697245602222978,14.1,593.75,False
1773592343.8161693,444,0,0,0,0,9.416132001206279,0.0,0.02387000131420791,4.697245602222978,14.1,593.75,False
1773592344.0291028,445,0,0,0,0,9.506743001111317,0.0,0.0229640027100686,4.697245602222978,9.4,593.75,False
1773592344.24191,446,0,0,0,0,9.40270600040094,0.0,0.022480999177787453,4.697245602222978,9.4,593.75,False
1773592344.4547997,447,0,0,0,0,9.448928001802415,0.0,0.02238899833173491,4.695752096589792,9.4,593.75,False
1773592344.667841,448,0,0,0,0,9.45278099970892,0.0,0.024000000848900527,4.695752096589792,18.8,593.75,False
1773592344.8807619,449,0,0,0,0,9.404502001416404,0.0,0.024223001673817635,4.695752096589792,4.7,593.75,False
1773592345.0935936,450,0,0,0,0,9.392558000399731,0.0,0.02314799712621607,4.695752096589792,9.4,593.75,False
1773592345.3064535,451,0,0,0,0,9.387317000800977,0.0,0.022610998712480068,4.695752096589792,9.4,593.75,False
1773592345.5192783,452,0,0,0,0,9.397353998792823,0.0,0.02298199979122728,4.696938409391942,14.1,593.75,False
1773592345.7322752,453,0,0,0,0,9.410631999344332,0.0,0.023630000214325264,4.696938409391942,14.1,593.75,False
1773592345.9451458,454,0,0,0,0,9.391520998178748,0.0,0.023944001441122964,4.696938409391942,9.4,593.75,False
1773592346.157965,455,0,0,0,0,9.37431700003799,0.0,0.02298199979122728,4.696938409391942,14.1,593.75,False
1773592346.3707616,456,0,0,0,0,9.363982997456333,0.0,0.02270400000270456,4.696938409391942,9.4,593.75,False
1773592346.5836074,457,0,0,0,0,9.393798998644343,0.0,0.023110998881747946,4.6977138329692885,9.4,593.75,False
1773592346.7965062,458,0,0,0,0,9.448354001506232,0.0,0.023075001081451774,4.6977138329692885,18.8,593.75,False
1773592347.0095077,459,0,0,0,0,9.493928999290802,0.0,0.02546299947425723,4.6977138329692885,9.4,593.75,False
1773592347.2224128,460,0,0,0,0,9.396224999363767,0.0,0.023167001927504316,4.6977138329692885,9.4,593.765625,False
1773592347.435237,461,0,0,0,0,9.391761999722803,0.0,0.025018998712766916,4.6977138329692885,9.4,593.765625,False
1773592347.648174,462,0,0,0,0,9.440021000045817,0.0,0.023666998458793387,4.697342397330078,9.4,593.78125,False
1773592347.862107,463,0,0,0,0,9.48585500009358,0.0,0.025370001822011545,4.697342397330078,14.0,593.78125,False
1773592348.0749276,464,0,0,0,0,9.392612999363337,0.0,0.023573997168568894,4.697342397330078,9.4,593.78125,False
1773592348.2876992,465,0,0,0,0,9.355501999380067,0.0,0.023352000425802544,4.697342397330078,14.1,593.78125,False
1773592348.500472,466,0,0,0,0,9.375947000080487,0.0,0.02298199979122728,4.697342397330078,9.4,593.78125,False
1773592348.7133145,467,0,0,0,0,9.384780001710169,0.0,0.023445001716027036,4.693637571803869,9.4,593.78125,False
1773592348.9261239,468,0,0,0,0,9.387316997162998,0.0,0.02388900247751735,4.693637571803869,14.1,593.78125,False
1773592349.1389165,469,0,0,0,0,9.380945997691015,0.0,0.023648997739655897,4.693637571803869,9.4,593.78125,False
1773592349.3518133,470,0,0,0,0,9.477633000642527,0.0,0.02157400012947619,4.693637571803869,14.1,593.78125,False
1773592349.564673,471,0,0,0,0,9.402316998603055,0.0,0.023092998162610456,4.693637571803869,9.4,593.78125,False
1773592349.7774956,472,0,0,0,0,9.376909998536576,0.0,0.025240999093512073,4.698474775477576,9.4,593.78125,False
1773592349.9897604,473,0,0,0,0,8.790997999312822,0.0,0.021740997908636928,4.698474775477576,14.1,593.78125,False
1773592350.2026432,474,0,0,0,0,9.446095002203947,0.0,0.02327800029888749,4.698474775477576,9.4,593.78125,False
1773592350.4154408,475,0,0,0,0,9.34659499762347,0.0,0.02320400017197244,4.698474775477576,9.4,593.78125,False
1773592350.6282196,476,0,0,0,0,9.356149999803165,0.0,0.02346299879718572,4.698474775477576,14.1,593.78125,False
1773592350.841109,477,0,0,0,0,9.40415099830716,0.0,0.02320400017197244,4.70112368214996,9.4,593.78125,False
1773592351.054055,478,0,0,0,0,9.453669001231901,0.0,0.025110999558819458,4.70112368214996,14.1,593.78125,False
1773592351.2669237,479,0,0,0,0,9.370558000227902,0.0,0.02292600038344972,4.70112368214996,14.1,593.78125,False
1773592351.4796858,480,0,0,0,0,9.340983000583947,0.0,0.02301900167367421,4.70112368214996,9.4,593.78125,False
1773592351.6924694,481,0,0,0,0,9.353223998914473,0.0,0.022833999537397176,4.70112368214996,9.4,593.78125,False
1773592351.9052684,482,0,0,0,0,9.386002999235643,0.0,0.022500000341096893,4.698427406716539,9.4,593.78125,False
1773592352.1181276,483,0,0,0,0,9.426280001207488,0.0,0.02327800029888749,4.698427406716539,18.8,593.78125,False
1773592352.3309307,484,0,0,0,0,9.385649998876033,0.0,0.023908000002847984,4.698427406716539,9.4,593.78125,False
1773592352.5438662,485,0,0,0,0,9.463983999012271,0.0,0.02296299862791784,4.698427406716539,9.4,593.78125,False
1773592352.75715,486,0,0,0,0,9.403167998243589,0.0,0.02353699892410077,4.698427406716539,9.4,593.78125,False
1773592352.9700394,487,0,0,0,0,9.436964999622433,0.0,0.02316699828952551,4.696060185826898,9.4,593.78125,False
1773592353.1828961,488,0,0,0,0,9.455040002649184,0.0,0.02327800029888749,4.696060185826898,18.8,593.78125,False
1773592353.3957627,489,0,0,0,0,9.377149999636458,0.0,0.02320400017197244,4.696060185826898,9.4,593.78125,False
1773592353.6086752,490,0,0,0,0,9.44103900110349,0.0,0.022166997950989753,4.696060185826898,9.4,593.78125,False
1773592353.821801,491,0,0,0,0,9.571762999257771,0.0,0.02661100006662309,4.696060185826898,9.4,593.78125,False
1773592354.034865,492,0,0,0,0,9.54652200016426,0.0,0.02516699896659702,4.6964587639601465,14.1,593.78125,False
1773592354.2478456,493,0,0,0,0,9.521169999061385,0.0,0.02546299947425723,4.6964587639601465,18.8,593.78125,False
1773592354.4607797,494,0,0,0,0,9.466077000979567,0.0,0.03883400131599046,4.6964587639601465,9.4,593.78125,False
1773592354.6738038,495,0,0,0,0,9.511336000286974,0.0,0.02318599945283495,4.6964587639601465,9.4,593.78125,False
1773592354.886691,496,0,0,0,0,9.436076001293259,0.0,0.02240799949504435,4.6964587639601465,9.4,593.78125,False
1773592355.099713,497,0,0,0,0,9.52805800261558,0.0,0.022814998374087736,4.695099249263939,9.4,593.78125,False
1773592355.3126225,498,0,0,0,0,9.45353899805923,0.0,0.02296299862791784,4.695099249263939,14.1,593.78125,False
1773592355.5254605,499,0,0,0,0,9.403167998243589,0.0,0.02300000051036477,4.695099249263939,14.1,593.78125,False
1773592355.7383413,500,0,0,0,0,9.394336000696057,0.0,0.024092998501146212,4.695099249263939,9.4,593.78125,False
1773592355.9511774,501,0,0,0,0,9.376427999086445,0.0,0.022758998966310173,4.695099249263939,9.4,593.78125,False
1773592356.1639862,502,0,0,0,0,9.367075999762164,0.0,0.02257499727420509,4.697229820790264,9.4,593.78125,False
1773592356.3768523,503,0,0,0,0,9.395262000907678,0.0,0.02385200059507042,4.697229820790264,18.8,593.78125,False
1773592356.5897753,504,0,0,0,0,9.441743000934366,0.0,0.0235740008065477,4.697229820790264,9.4,593.78125,False
1773592356.8026278,505,0,0,0,0,9.421946997463237,0.0,0.024241002392955124,4.697229820790264,9.4,593.78125,False
1773592357.0155416,506,0,0,0,0,9.38744700033567,0.0,0.02237099761259742,4.697229820790264,9.4,593.78125,False
1773592357.2284203,507,0,0,0,0,9.369780000270111,0.0,0.02324000161024742,4.697473918813733,9.4,593.78125,False
1773592357.441354,508,0,0,0,0,9.417299002961954,0.0,0.02346299879718572,4.697473918813733,18.8,593.78125,False
1773592357.6543353,509,0,0,0,0,9.559521000483073,0.0,0.02431499888189137,4.697473918813733,9.4,593.78125,False
1773592357.8671477,510,0,0,0,0,9.362409000459593,0.0,0.023685999622102827,4.697473918813733,9.4,593.78125,False
1773592358.0800002,511,0,0,0,0,9.417262001079507,0.0,0.023648000933462754,4.697473918813733,9.4,593.78125,False
1773592358.2929251,512,0,0,0,0,9.463409998716088,0.0,0.022222000552574173,4.697451822689758,9.4,593.78125,False
1773592358.5054717,513,0,0,0,0,9.09470399710699,0.0,0.02344399763387628,4.697451822689758,18.8,593.78125,False
1773592358.718274,514,0,0,0,0,9.380816998600494,0.0,0.02348199996049516,4.697451822689758,9.4,593.78125,False
1773592358.9311898,515,0,0,0,0,9.457724998355843,0.0,0.024981996830319986,4.697451822689758,9.4,593.78125,False
1773592359.144122,516,0,0,0,0,9.49922500149114,0.0,0.024740998924244195,4.697451822689758,9.4,593.78125,False
1773592359.3571339,517,0,0,0,0,9.542633000819478,0.0,0.024019002012209967,4.698631625525813,9.4,593.78125,False
1773592359.5701728,518,0,0,0,0,9.490742999332724,0.0,0.025073997676372528,4.698631625525813,18.8,593.78125,False
1773592359.7830708,519,0,0,0,0,9.427558001334546,0.0,0.02564799797255546,4.698631625525813,9.4,593.796875,False
1773592359.9960227,520,0,0,0,0,9.48242899903562,0.0,0.02548200063756667,4.698631625525813,9.4,593.796875,False
1773592360.2090585,521,0,0,0,0,9.48085500203888,0.0,0.027277998015051708,4.698631625525813,9.4,593.796875,False
1773592360.4219563,522,0,0,0,0,9.462169000471476,0.0,0.024647997634019703,4.695337869666689,14.1,593.796875,False
1773592360.634917,523,0,0,0,0,9.449836001294898,0.0,0.025112000002991408,4.695337869666689,14.1,593.796875,False
1773592360.8477855,524,0,0,0,0,9.347335999336792,0.0,0.0230370023928117,4.695337869666689,9.4,593.796875,False
1773592361.060707,525,0,0,0,0,9.373279997817008,0.0,0.02327800029888749,4.695337869666689,9.4,593.796875,False
1773592361.2736804,526,0,0,0,0,9.404206000908744,0.0,0.022758998966310173,4.695337869666689,9.4,593.796875,False
1773592361.4865148,527,0,0,0,0,9.388075999595458,0.0,0.02353800300625153,4.696330454380147,9.4,593.796875,False
1773592361.6992605,528,0,0,0,0,9.327001000201562,0.0,0.02383299943176098,4.696330454380147,18.8,593.796875,False
1773592361.9121122,529,0,0,0,0,9.351038999739103,0.0,0.022555999748874456,4.696330454380147,9.4,593.796875,False
1773592362.12501,530,0,0,0,0,9.383595002873335,0.0,0.022740998247172683,4.696330454380147,9.4,593.796875,False
1773592362.3378146,531,0,0,0,0,9.38604000111809,0.0,0.02320400017197244,4.696330454380147,9.4,593.796875,False
1773592362.550658,532,0,0,0,0,9.38007600052515,0.0,0.02318599945283495,4.698749533127816,9.4,593.796875,False
1773592362.7635,533,0,0,0,0,9.336390998214483,0.0,0.02272200072184205,4.698749533127816,18.8,593.8125,False
1773592362.9763098,534,0,0,0,0,9.381910000229254,0.0,0.023610999051015824,4.698749533127816,9.4,593.8125,False
1773592363.189184,535,0,0,0,0,9.465595001529437,0.0,0.02212999970652163,4.698749533127816,9.4,593.8125,False
1773592363.4021177,536,0,0,0,0,9.432205999473808,0.0,0.02298099934705533,4.698749533127816,9.4,593.8125,False
1773592363.6145036,537,0,0,0,0,8.912942997994833,0.0,0.022260002879193053,4.697699100692149,9.4,593.8125,False
1773592363.8267272,538,0,0,0,0,8.832961997541133,0.0,0.022371001250576228,4.697699100692149,18.8,593.8125,False
1773592364.039513,539,0,0,0,0,9.378984002978541,0.0,0.02316699828952551,4.697699100692149,9.4,593.8125,False
1773592364.2523384,540,0,0,0,0,9.388113001477905,0.0,0.023630000214325264,4.697699100692149,9.4,593.8125,False
1773592364.4651835,541,0,0,0,0,9.375632002047496,0.0,0.02259299799334258,4.697699100692149,9.4,593.8125,False
1773592364.678042,542,0,0,0,0,9.416336000867886,0.0,0.02320400017197244,4.703639482856959,9.4,593.8125,False
1773592364.89088,543,0,0,0,0,9.381742998812115,0.0,0.023130000045057386,4.703639482856959,18.8,593.8125,False
1773592365.1037529,544,0,0,0,0,9.382686999742873,0.0,0.022574000468011945,4.703639482856959,9.4,593.8125,False
1773592365.316705,545,0,0,0,0,9.389186998305377,0.0,0.023390002752421424,4.703639482856959,9.4,593.828125,False
1773592365.529455,546,0,0,0,0,9.339169002487324,0.0,0.02327800029888749,4.703639482856959,9.4,593.828125,False
1773592365.7423654,547,0,0,0,0,9.39850199938519,0.0,0.02320400017197244,4.698071645216233,9.4,593.828125,False
1773592365.9552207,548,0,0,0,0,9.367186998133548,0.0,0.02218500230810605,4.698071645216233,18.8,593.828125,False
1773592366.1680539,549,0,0,0,0,9.403298998222454,0.0,0.02296299862791784,4.698071645216233,9.4,593.828125,False
1773592366.3809578,550,0,0,0,0,9.467910000239499,0.0,0.022833002731204033,4.698071645216233,9.4,593.828125,False
1773592366.5938535,551,0,0,0,0,9.467316998780007,0.0,0.02322200089110993,4.698071645216233,9.4,593.828125,False
1773592366.806727,552,0,0,0,0,9.442075999686494,0.0,0.023406999389408156,4.697523372796837,9.4,593.828125,False
1773592367.0192695,553,0,0,0,0,9.075870999367908,0.0,0.022907002858119085,4.697523372796837,18.8,593.828125,False
1773592367.232158,554,0,0,0,0,9.465355000429554,0.0,0.023982000129763037,4.697523372796837,9.4,593.828125,False
1773592367.4451652,555,0,0,0,0,9.463910002523335,0.0,0.023332999262493104,4.697523372796837,9.4,593.828125,False
1773592367.6580439,556,0,0,0,0,9.404871998413,0.0,0.02300100095453672,4.697523372796837,9.4,593.828125,False
1773592367.8709552,557,0,0,0,0,9.390095001435839,0.0,0.023944998247316107,4.697933775807641,9.4,593.828125,False
1773592368.083745,558,0,0,0,0,9.363760997075588,0.0,0.02314799712621607,4.697933775807641,18.8,593.828125,False
1773592368.2966552,559,0,0,0,0,9.38852100080112,0.0,0.02300100095453672,4.697933775807641,14.1,593.828125,False
1773592368.5095224,560,0,0,0,0,9.387761001562467,0.0,0.023111999325919896,4.697933775807641,9.4,593.828125,False
1773592368.722368,561,0,0,0,0,9.401706000062404,0.0,0.02268599928356707,4.697933775807641,9.4,593.828125,False
1773592368.9353151,562,0,0,0,0,9.452483998757089,0.0,0.02350000067963265,4.698302147261942,9.4,593.828125,False
1773592369.14816,563,0,0,0,0,9.393077001732308,0.0,0.02325999957975,4.698302147261942,18.8,593.828125,False
1773592369.3610265,564,0,0,0,0,9.440871999686351,0.0,0.023352000425802544,4.698302147261942,9.4,593.828125,False
1773592369.5740073,565,0,0,0,0,9.458612999878824,0.0,0.023704000341240317,4.698302147261942,9.4,593.828125,False
1773592369.786797,566,0,0,0,0,9.375317000376526,0.0,0.025240999093512073,4.698302147261942,9.4,593.828125,False
1773592369.9996707,567,0,0,0,0,9.4056689995341,0.0,0.02431499888189137,4.6971709043784005,9.4,593.828125,False
1773592370.212448,568,0,0,0,0,9.356909999041818,0.0,0.02290799966431223,4.6971709043784005,18.8,593.828125,False
1773592370.4253182,569,0,0,0,0,9.377316997415619,0.0,0.02346299879718572,4.6971709043784005,9.4,593.828125,False
1773592370.638236,570,0,0,0,0,9.412854000402149,0.0,0.022870000975672156,4.6971709043784005,9.4,593.828125,False
1773592370.8511548,571,0,0,0,0,9.347890998469666,0.0,0.02346299879718572,4.6971709043784005,9.4,593.828125,False
1773592371.0639231,572,0,0,0,0,9.332483001344372,0.0,0.02324100205441937,4.697893784668817,9.4,593.828125,False
1773592371.276818,573,0,0,0,0,9.444057999644428,0.0,0.023667002096772194,4.697893784668817,18.8,593.828125,False
1773592371.4896586,574,0,0,0,0,9.366631999000674,0.0,0.023371001589111984,4.697893784668817,9.4,593.828125,False
1773592371.7024493,575,0,0,0,0,9.353465000458527,0.0,0.024204000510508195,4.697893784668817,9.4,593.828125,False
1773592371.9152532,576,0,0,0,0,9.313889997429214,0.0,0.02355499964323826,4.697893784668817,9.4,593.828125,False
1773592372.1281872,577,0,0,0,0,9.42252099775942,0.0,0.023352000425802544,4.6984463541063395,9.4,593.828125,False
1773592372.340993,578,0,0,0,0,9.353501998702995,0.0,0.02272200072184205,4.6984463541063395,18.8,593.828125,False
1773592372.553849,579,0,0,0,0,9.439779998501763,0.0,0.02294500154675916,4.6984463541063395,9.4,593.828125,False
1773592372.7666926,580,0,0,0,0,9.406594999745721,0.0,0.024740998924244195,4.6984463541063395,9.4,593.828125,False
1773592372.9794886,581,0,0,0,0,9.342964996903902,0.0,0.024740998924244195,4.6984463541063395,9.4,593.828125,False
1773592373.1924272,582,0,0,0,0,9.440392001124565,0.0,0.023704000341240317,4.6986074130899045,9.4,593.828125,False
1773592373.4064908,583,0,0,0,0,10.461138001119252,0.0,0.0256669991358649,4.6986074130899045,18.7,593.828125,False
1773592373.619432,584,0,0,0,0,9.486187998845708,0.0,0.022796000848757103,4.6986074130899045,9.4,593.828125,False
1773592373.8322515,585,0,0,0,0,9.375243000249611,0.0,0.0235740008065477,4.6986074130899045,9.4,593.828125,False
1773592374.045037,586,0,0,0,0,9.360558000480523,0.0,0.02288899850100279,4.6986074130899045,9.4,593.828125,False
1773592374.2578444,587,0,0,0,0,9.358854000311112,0.0,0.022833999537397176,4.692311186200548,9.4,593.828125,False
1773592374.4707482,588,0,0,0,0,9.346224000182701,0.0,0.022480999177787453,4.692311186200548,18.8,593.828125,False
1773592374.6835773,589,0,0,0,0,9.357946000818629,0.0,0.024500001018168405,4.692311186200548,9.4,593.828125,False
1773592374.8963988,590,0,0,0,0,9.384113000123762,0.0,0.022258998797042295,4.692311186200548,9.4,593.828125,False
1773592375.1092079,591,0,0,0,0,9.365001998958178,0.0,0.021815001673530787,4.692311186200548,9.4,593.828125,False
1773592375.3220222,592,0,0,0,0,9.381354000652209,0.0,0.022611002350458875,4.698591622505273,9.4,593.828125,False
1773592375.534451,593,0,0,0,0,8.965962999354815,0.0,0.022462998458649963,4.698591622505273,18.8,593.828125,False
1773592375.7473469,594,0,0,0,0,9.382002001075307,0.0,0.024148997908923775,4.698591622505273,9.4,593.828125,False
1773592375.960326,595,0,0,0,0,9.458336000534473,0.0,0.02333300290047191,4.698591622505273,9.4,593.828125,False
1773592376.173191,596,0,0,0,0,9.44340999922133,0.0,0.022815002012066543,4.698591622505273,9.4,593.828125,False
1773592376.3859737,597,0,0,0,0,9.342075998574728,0.0,0.02322300133528188,4.69928440262128,9.4,593.828125,False
1773592376.598928,598,0,0,0,0,9.492632001638412,0.0,0.025852001272141933,4.69928440262128,18.8,593.828125,False
1773592376.8118298,599,0,0,0,0,9.376427999086445,0.0,0.023463002435164526,4.69928440262128,9.4,593.828125,False
1773592377.0246737,600,0,0,0,0,9.325778999482282,0.0,0.022666001314064488,4.69928440262128,9.4,593.828125,False
1773592377.2374277,601,0,0,0,0,9.339909000118496,0.0,0.022240998077904806,4.69928440262128,9.4,593.828125,False
1773592377.4502203,602,0,0,0,0,9.353445999295218,0.0,0.022371001250576228,4.698231625969906,9.4,593.828125,False
1773592377.6630023,603,0,0,0,0,9.338316001958447,0.0,0.023980999685591087,4.698231625969906,18.8,593.828125,False
1773592377.875861,604,0,0,0,0,9.419742997124558,0.0,0.02418500298517756,4.698231625969906,9.4,593.84375,False
1773592378.0886889,605,0,0,0,0,9.358669001812814,0.0,0.023296997824218124,4.698231625969906,9.4,593.84375,False
1773592378.3014457,606,0,0,0,0,9.318538002844434,0.0,0.023407003027386963,4.698231625969906,9.4,593.84375,False
1773592378.5143406,607,0,0,0,0,9.360502001072746,0.0,0.02379600118729286,4.698767430334675,14.1,593.84375,False
1773592378.7270844,608,0,0,0,0,9.326594001322519,0.0,0.02355600008741021,4.698767430334675,14.1,593.84375,False
1773592378.9399037,609,0,0,0,0,9.415558000910096,0.0,0.023388998670270666,4.698767430334675,9.4,593.84375,False
1773592379.152731,610,0,0,0,0,9.358926999993855,0.0,0.023111999325919896,4.698767430334675,9.4,593.84375,False
1773592379.3655255,611,0,0,0,0,9.367131002363749,0.0,0.022667001758236438,4.698767430334675,9.4,593.84375,False
1773592379.5784044,612,0,0,0,0,9.397502002684632,0.0,0.02344499807804823,4.699314940183871,9.4,593.84375,False
1773592379.7912054,613,0,0,0,0,9.34392799899797,0.0,0.0245749979512766,4.699314940183871,18.8,593.84375,False
1773592380.0040576,614,0,0,0,0,9.43422500131419,0.0,0.023463002435164526,4.699314940183871,9.4,593.84375,False
1773592380.2169292,615,0,0,0,0,9.341945999040036,0.0,0.023130000045057386,4.699314940183871,9.4,593.84375,False
1773592380.4297395,616,0,0,0,0,9.3771320025553,0.0,0.023610999051015824,4.699314940183871,9.4,593.84375,False
1773592380.6425898,617,0,0,0,0,9.376112997415476,0.0,0.023945001885294914,4.698260044743371,9.4,593.84375,False
1773592380.8554301,618,0,0,0,0,9.312648999184603,0.0,0.023630000214325264,4.698260044743371,18.8,593.84375,False
1773592381.068181,619,0,0,0,0,9.321223998995265,0.0,0.023610999051015824,4.698260044743371,9.4,593.84375,False
1773592381.2809958,620,0,0,0,0,9.360519998153904,0.0,0.02322200089110993,4.698260044743371,9.4,593.84375,False
1773592381.4937956,621,0,0,0,0,9.368260998598998,0.0,0.0235740008065477,4.698260044743371,9.4,593.84375,False
1773592381.706662,622,0,0,0,0,9.426001997780986,0.0,0.02300000051036477,4.699023270018752,14.1,593.84375,False
1773592381.9194965,623,0,0,0,0,9.377465001307428,0.0,0.022778000129619613,4.699023270018752,14.1,593.84375,False
1773592382.132378,624,0,0,0,0,9.450094999920111,0.0,0.02350000067963265,4.699023270018752,9.4,593.84375,False
1773592382.345291,625,0,0,0,0,9.437706001335755,0.0,0.022574000468011945,4.699023270018752,9.4,593.84375,False
1773592382.5581503,626,0,0,0,0,9.424890999071067,0.0,0.023370001144940034,4.699023270018752,14.1,593.84375,False
1773592382.7710733,627,0,0,0,0,9.385928002302535,0.0,0.023926000721985474,4.697316093917114,9.4,593.84375,False
1773592382.983847,628,0,0,0,0,9.349465002742363,0.0,0.022332998923957348,4.697316093917114,14.1,593.84375,False
1773592383.1967027,629,0,0,0,0,9.36763199933921,0.0,0.02290799966431223,4.697316093917114,9.4,593.84375,False
1773592383.4096248,630,0,0,0,0,9.37091000014334,0.0,0.023426000552717596,4.697316093917114,9.4,593.859375,False
1773592383.6224487,631,0,0,0,0,9.371390999149298,0.0,0.022610998712480068,4.697316093917114,9.4,593.859375,False
1773592383.8353477,632,0,0,0,0,9.36355800149613,0.0,0.023573997168568894,4.698200049958163,14.1,593.875,False
1773592384.0479152,633,0,0,0,0,9.118314999795984,0.0,0.02379600118729286,4.698200049958163,18.8,593.875,False
1773592384.260726,634,0,0,0,0,9.350705000542803,0.0,0.023184999008663,4.698200049958163,4.7,593.875,False
1773592384.473645,635,0,0,0,0,9.388261998537928,0.0,0.02324100205441937,4.698200049958163,9.4,593.875,False
1773592384.6865647,636,0,0,0,0,9.441594997042557,0.0,0.026703997718868777,4.698200049958163,14.1,593.875,False
1773592384.899499,637,0,0,0,0,9.438150998903438,0.0,0.0256669991358649,4.698715844637702,9.4,593.875,False
1773592385.112437,638,0,0,0,0,9.410706003109226,0.0,0.02461099938955158,4.698715844637702,14.1,593.875,False
1773592385.3253653,639,0,0,0,0,9.457427997404011,0.0,0.02603699977044016,4.698715844637702,14.1,593.875,False
1773592385.5383043,640,0,0,0,0,9.44841000091401,0.0,0.025518998882034793,4.698715844637702,9.4,593.875,False
1773592385.7513125,641,0,0,0,0,9.425964999536518,0.0,0.026908001018455252,4.698715844637702,9.4,593.875,False
1773592385.964177,642,0,0,0,0,9.409705999132711,0.0,0.025018998712766916,4.696155880473245,9.4,593.875,False
1773592386.1771088,643,0,0,0,0,9.456409999984317,0.0,0.0243520007643383,4.696155880473245,18.8,593.875,False
1773592386.3901331,644,0,0,0,0,9.529205999569967,0.0,0.025630000891396776,4.696155880473245,9.4,593.875,False
1773592386.602958,645,0,0,0,0,9.380761999636889,0.0,0.025408000510651618,4.696155880473245,9.4,593.875,False
1773592386.8159301,646,0,0,0,0,9.44231699759257,0.0,0.02535199746489525,4.696155880473245,9.4,593.875,False
1773592387.0288458,647,0,0,0,0,9.375446999911219,0.0,0.024925997422542423,4.696046515481499,9.4,593.875,False
1773592387.2410116,648,0,0,0,0,8.747330997721292,0.0,0.022000000171829015,4.696046515481499,18.9,593.875,False
1773592387.4537578,649,0,0,0,0,9.357224000268616,0.0,0.023908000002847984,4.696046515481499,9.4,593.875,False
1773592387.6666384,650,0,0,0,0,9.36263200128451,0.0,0.02350000067963265,4.696046515481499,9.4,593.875,False
1773592387.8795557,651,0,0,0,0,9.456465999392094,0.0,0.0260560009337496,4.696046515481499,9.4,593.875,False
1773592388.0924025,652,0,0,0,0,9.3735390000802,0.0,0.02516699896659702,4.701334459001259,14.1,593.875,False
1773592388.3053603,653,0,0,0,0,9.401076997164637,0.0,0.025332999939564615,4.701334459001259,14.1,593.875,False
1773592388.5182788,654,0,0,0,0,9.395410001161508,0.0,0.02572199809947051,4.701334459001259,14.1,593.875,False
1773592388.7311249,655,0,0,0,0,9.380224997585174,0.0,0.026723002520157024,4.701334459001259,9.4,593.875,False
1773592388.943937,656,0,0,0,0,9.374965000461088,0.0,0.02463000055286102,4.701334459001259,9.4,593.875,False
1773592389.15693,657,0,0,0,0,9.527725000225473,0.0,0.026369998522568494,4.69747286661264,9.4,593.875,False
1773592389.369887,658,0,0,0,0,9.382984000694705,0.0,0.024536999262636527,4.69747286661264,18.8,593.875,False
1773592389.582706,659,0,0,0,0,9.363223998661852,0.0,0.023721997422399,4.69747286661264,9.4,593.875,False
1773592389.7955334,660,0,0,0,0,9.338002000731649,0.0,0.025834000553004444,4.69747286661264,9.4,593.875,False
1773592390.008354,661,0,0,0,0,9.362187000078848,0.0,0.024221997591666877,4.69747286661264,9.4,593.875,False
1773592390.2212288,662,0,0,0,0,9.408945999894058,0.0,0.02516699896659702,4.697451822689758,9.4,593.875,False
1773592390.4339914,663,0,0,0,0,9.29665000148816,0.0,0.02324099841644056,4.697451822689758,18.8,593.875,False
1773592390.6467743,664,0,0,0,0,9.290243000577902,0.0,0.02348199996049516,4.697451822689758,9.4,593.875,False
1773592390.8597054,665,0,0,0,0,9.375391000503441,0.0,0.026370998966740444,4.697451822689758,9.4,593.875,False
1773592391.0724463,666,0,0,0,0,9.286112999689067,0.0,0.023944001441122964,4.697451822689758,9.4,593.875,False
1773592391.2854059,667,0,0,0,0,9.326705003331881,0.0,0.02290799966431223,4.698019022349704,9.4,593.875,False
1773592391.4982572,668,0,0,0,0,9.375223999086302,0.0,0.02405499981250614,4.698019022349704,18.8,593.875,False
1773592391.711217,669,0,0,0,0,9.421447000931948,0.0,0.024538003344787285,4.698019022349704,9.4,593.875,False
1773592391.9243104,670,0,0,0,0,9.547040001052665,0.0,0.024629996914882213,4.698019022349704,9.4,593.875,False
1773592392.1372662,671,0,0,0,0,9.464799000852508,0.0,0.025000001187436283,4.698019022349704,9.4,593.875,False
1773592392.3500514,672,0,0,0,0,9.342558001662837,0.0,0.023963002604432404,4.696564992769785,9.4,593.875,False
1773592392.5629256,673,0,0,0,0,9.397779998835176,0.0,0.022000000171829015,4.696564992769785,18.8,593.875,False
1773592392.7757158,674,0,0,0,0,9.330761000455823,0.0,0.023649001377634704,4.696564992769785,9.4,593.875,False
1773592392.9885461,675,0,0,0,0,9.34718699863879,0.0,0.022407002688851207,4.696564992769785,9.4,593.890625,False
1773592393.2014036,676,0,0,0,0,9.349206000479171,0.0,0.021944000764051452,4.696564992769785,9.4,593.890625,False
1773592393.4142613,677,0,0,0,0,9.321576002548682,0.0,0.023092998162610456,4.698587411700629,9.4,593.890625,False
1773592393.6270773,678,0,0,0,0,9.342871999251656,0.0,0.02290799966431223,4.698587411700629,18.8,593.890625,False
1773592393.8398492,679,0,0,0,0,9.338556999864522,0.0,0.02325899913557805,4.698587411700629,9.4,593.890625,False
1773592394.0525434,680,0,0,0,0,9.231149997503962,0.0,0.022777996491640806,4.698587411700629,9.4,593.890625,False
1773592394.2652564,681,0,0,0,0,9.281612998165656,0.0,0.02327800029888749,4.698587411700629,9.4,593.890625,False
1773592394.4779806,682,0,0,0,0,9.266648998163873,0.0,0.02429699816275388,4.699929987996661,9.4,593.890625,False
1773592394.6908038,683,0,0,0,0,9.341482997115236,0.0,0.023332999262493104,4.699929987996661,18.8,593.890625,False
1773592394.903546,684,0,0,0,0,9.306760999606922,0.0,0.02314799712621607,4.699929987996661,9.4,593.890625,False
1773592395.116342,685,0,0,0,0,9.341576002043439,0.0,0.02300100095453672,4.699929987996661,9.4,593.890625,False
1773592395.3291764,686,0,0,0,0,9.377983999002026,0.0,0.022889002138981596,4.699929987996661,9.4,593.890625,False
1773592395.5420535,687,0,0,0,0,9.355500998935895,0.0,0.023500997485825792,4.699590849257823,9.4,593.890625,False
1773592395.754326,688,0,0,0,0,8.84066599974176,0.0,0.021776999346911907,4.699590849257823,18.8,593.890625,False
1773592395.9671426,689,0,0,0,0,9.354965000966331,0.0,0.023130000045057386,4.699590849257823,9.4,593.890625,False
1773592396.1799564,690,0,0,0,0,9.370927997224499,0.0,0.023130000045057386,4.699590849257823,9.4,593.890625,False
1773592396.3927398,691,0,0,0,0,9.314742001151899,0.0,0.023018998035695404,4.699590849257823,4.7,593.890625,False
1773592396.605574,692,0,0,0,0,9.375243000249611,0.0,0.022500000341096893,4.701177428451786,14.1,593.890625,False
1773592396.818392,693,0,0,0,0,9.337891002360266,0.0,0.022036998416297138,4.701177428451786,14.1,593.890625,False
1773592397.0312011,694,0,0,0,0,9.374798002681928,0.0,0.02300000051036477,4.701177428451786,9.4,593.890625,False
1773592397.2441258,695,0,0,0,0,9.386798999912571,0.0,0.02327800029888749,4.701177428451786,9.4,593.890625,False
1773592397.457028,696,0,0,0,0,9.436280000954866,0.0,0.040241000533569604,4.701177428451786,9.4,593.890625,False
1773592397.66988,697,0,0,0,0,9.404706001078011,0.0,0.023741002223687246,4.697962190977923,14.1,593.890625,False
1773592397.8826613,698,0,0,0,0,9.322297999460716,0.0,0.023908000002847984,4.697962190977923,14.1,593.890625,False
1773592398.095567,699,0,0,0,0,9.369576000608504,0.0,0.02286999733769335,4.697962190977923,9.4,593.890625,False
1773592398.3084846,700,0,0,0,0,9.41483499991591,0.0,0.022963002265896648,4.697962190977923,14.1,593.890625,False
1773592398.5213013,701,0,0,0,0,9.354408997751307,0.0,0.02431499888189137,4.697962190977923,9.4,593.890625,False
1773592398.7342107,702,0,0,0,0,9.372910000820411,0.0,0.02300100095453672,4.698021127241732,9.4,593.890625,False
1773592398.947016,703,0,0,0,0,9.348260999104241,0.0,0.022870000975672156,4.698021127241732,14.1,593.890625,False
1773592399.1598055,704,0,0,0,0,9.35870499961311,0.0,0.022554999304702505,4.698021127241732,9.4,593.890625,False
1773592399.3727074,705,0,0,0,0,9.363465000205906,0.0,0.02298199979122728,4.698021127241732,14.1,593.890625,False
1773592399.5855353,706,0,0,0,0,9.38633600162575,0.0,0.02325899913557805,4.698021127241732,9.4,593.890625,False
1773592399.7984426,707,0,0,0,0,9.39802100037923,0.0,0.02324100205441937,4.697957981301377,9.4,593.890625,False
1773592400.011372,708,0,0,0,0,9.471724999457365,0.0,0.023426000552717596,4.697957981301377,18.8,593.890625,False
1773592400.2241592,709,0,0,0,0,9.366317000967683,0.0,0.023426000552717596,4.697957981301377,9.4,593.890625,False
1773592400.4370477,710,0,0,0,0,9.36139099940192,0.0,0.023926997528178617,4.697957981301377,9.4,593.890625,False
1773592400.6501937,711,0,0,0,0,9.618837000743952,0.0,0.024130000383593142,4.697957981301377,9.4,593.890625,False
1773592400.8630996,712,0,0,0,0,9.362058000988327,0.0,0.02290699922014028,4.696246320756576,9.4,593.890625,False
1773592401.0759802,713,0,0,0,0,9.411335999175208,0.0,0.023889999283710495,4.696246320756576,18.8,593.890625,False
1773592401.288925,714,0,0,0,0,9.436855001695221,0.0,0.023704000341240317,4.696246320756576,9.4,593.890625,False
1773592401.5017934,715,0,0,0,0,9.41733500076225,0.0,0.022721997083863243,4.696246320756576,9.4,593.90625,False
1773592401.7147276,716,0,0,0,0,9.372409000206972,0.0,0.023685999622102827,4.696246320756576,9.4,593.90625,False
1773592401.9276974,717,0,0,0,0,9.448816999793053,0.0,0.023055999918142334,4.697037295849348,9.4,593.90625,False
1773592402.14056,718,0,0,0,0,9.313076003309106,0.0,0.023332999262493104,4.697037295849348,18.8,593.90625,False
1773592402.3534,719,0,0,0,0,9.405114000401227,0.0,0.022778000129619613,4.697037295849348,9.4,593.90625,False
1773592402.566238,720,0,0,0,0,9.384705001139082,0.0,0.022500000341096893,4.697037295849348,9.4,593.90625,False
1773592402.7790196,721,0,0,0,0,9.36589100092533,0.0,0.02153799869120121,4.697037295849348,9.4,593.90625,False
1773592402.9920363,722,0,0,0,0,9.553410000080476,0.0,0.022166997950989753,4.698248466683051,9.4,593.90625,False
1773592403.205139,723,0,0,0,0,9.549299997161143,0.0,0.024296001356560737,4.698248466683051,18.8,593.90625,False
1773592403.4180548,724,0,0,0,0,9.380002000398235,0.0,0.024778000806691125,4.698248466683051,9.4,593.90625,False
1773592403.6308467,725,0,0,0,0,9.33298300151364,0.0,0.023055999918142334,4.698248466683051,9.4,593.90625,False
1773592403.843574,726,0,0,0,0,9.298389999457868,0.0,0.02385200059507042,4.698248466683051,9.4,593.90625,False
1773592404.0563617,727,0,0,0,0,9.31924200267531,0.0,0.022222000552574173,4.696774309140466,9.4,593.90625,False
1773592404.2688377,728,0,0,0,0,8.810868999717059,0.0,0.10714900054153986,4.696774309140466,18.8,593.90625,False
1773592404.4816284,729,0,0,0,0,9.37103899923386,0.0,0.02355600008741021,4.696774309140466,9.4,593.90625,False
1773592404.694504,730,0,0,0,0,9.338817002571886,0.0,0.023111999325919896,4.696774309140466,9.4,593.90625,False
1773592404.90732,731,0,0,0,0,9.297520002292003,0.0,0.023149001208366826,4.696774309140466,9.4,593.90625,False
1773592405.120089,732,0,0,0,0,9.330242999567417,0.0,0.022296000679489225,4.70047776882229,9.4,593.90625,False
1773592405.332948,733,0,0,0,0,9.308576001785696,0.0,0.023055999918142334,4.70047776882229,18.8,593.90625,False
1773592405.5457792,734,0,0,0,0,9.376001999044092,0.0,0.02324099841644056,4.70047776882229,9.4,593.90625,False
1773592405.758634,735,0,0,0,0,9.318557997175958,0.0,0.023888998839538544,4.70047776882229,9.4,593.90625,False
1773592405.971377,736,0,0,0,0,9.293982999224681,0.0,0.022481999621959403,4.70047776882229,9.4,593.90625,False
1773592406.1841142,737,0,0,0,0,9.313891001511365,0.0,0.022852000256534666,4.699009582416716,9.4,593.90625,False
1773592406.3969004,738,0,0,0,0,9.321743000327842,0.0,0.02270400000270456,4.699009582416716,18.8,593.90625,False
1773592406.6098876,739,0,0,0,0,9.46042899886379,0.0,0.024092998501146212,4.699009582416716,9.4,593.90625,False
1773592406.8227375,740,0,0,0,0,9.345630998723209,0.0,0.023166001483332366,4.699009582416716,9.4,593.90625,False
1773592407.0356038,741,0,0,0,0,9.341889999632258,0.0,0.022444997739512473,4.699009582416716,9.4,593.90625,False
1773592407.248413,742,0,0,0,0,9.35327999832225,0.0,0.0235010011238046,4.69819268228316,9.4,593.90625,False
1773592407.4612632,743,0,0,0,0,9.324630998889916,0.0,0.02361100268899463,4.69819268228316,18.8,593.90625,False
1773592407.674055,744,0,0,0,0,9.360168001876445,0.0,0.023148000764194876,4.69819268228316,9.4,593.90625,False
1773592407.8868237,745,0,0,0,0,9.32146500053932,0.0,0.022759999410482123,4.69819268228316,9.4,593.921875,False
1773592408.0997236,746,0,0,0,0,9.32457599992631,0.0,0.02348199996049516,4.69819268228316,9.4,593.9375,False
1773592408.3126528,747,0,0,0,0,9.391502000653418,0.0,0.02387100175837986,4.698740058191145,14.1,593.9375,False
1773592408.5255105,748,0,0,0,0,9.364039000502089,0.0,0.02409300213912502,4.698740058191145,18.8,593.9375,False
1773592408.7382898,749,0,0,0,0,9.336002000054577,0.0,0.02294500154675916,4.698740058191145,9.4,593.9375,False
1773592408.9510515,750,0,0,0,0,9.309150002081878,0.0,0.02274100188515149,4.698740058191145,9.4,593.9375,False
1773592409.1638193,751,0,0,0,0,9.318890002759872,0.0,0.022889002138981596,4.698740058191145,9.4,593.9375,False
1773592409.376641,752,0,0,0,0,9.32565000039176,0.0,0.022203999833436683,4.698707422590653,9.4,593.9375,False
1773592409.5894165,753,0,0,0,0,9.375484001793666,0.0,0.023388998670270666,4.698707422590653,18.8,593.9375,False
1773592409.802193,754,0,0,0,0,9.319372002210002,0.0,0.02324100205441937,4.698707422590653,9.4,593.9375,False
1773592410.0149393,755,0,0,0,0,9.305816001869971,0.0,0.023074000637279823,4.698707422590653,9.4,593.9375,False
1773592410.227682,756,0,0,0,0,9.292074999393662,0.0,0.022758998966310173,4.698707422590653,9.4,593.9375,False
1773592410.4404378,757,0,0,0,0,9.295871997892391,0.0,0.023149001208366826,4.6999900269719985,9.4,593.9375,False
1773592410.6534111,758,0,0,0,0,9.381223997479538,0.0,0.02600000152597204,4.6999900269719985,18.8,593.9375,False
1773592410.8663507,759,0,0,0,0,9.387779002281604,0.0,0.022554999304702505,4.6999900269719985,9.4,593.9375,False
1773592411.0791001,760,0,0,0,0,9.289149998949142,0.0,0.022000000171829015,4.6999900269719985,9.4,593.9375,False
1773592411.291805,761,0,0,0,0,9.295130999817047,0.0,0.023740001779515296,4.6999900269719985,9.4,593.9375,False
1773592411.5047386,762,0,0,0,0,9.43218799875467,0.0,0.023130000045057386,4.698622151064653,9.4,593.9375,False
1773592411.7174952,763,0,0,0,0,9.302334998210426,0.0,0.02305500311194919,4.698622151064653,14.1,593.9375,False
1773592411.9302685,764,0,0,0,0,9.327612999186385,0.0,0.023388998670270666,4.698622151064653,9.4,593.9375,False
1773592412.1430519,765,0,0,0,0,9.315650000644382,0.0,0.02316599784535356,4.698622151064653,9.4,593.9375,False
1773592412.3558116,766,0,0,0,0,9.304482999141328,0.0,0.023018998035695404,4.698622151064653,14.1,593.9375,False
1773592412.5687351,767,0,0,0,0,9.419168996828375,0.0,0.023685999622102827,4.699171732979117,9.4,593.9375,False
1773592412.78104,768,0,0,0,0,8.885277002264047,0.0,0.022500000341096893,4.699171732979117,18.8,593.9375,False
1773592412.9938872,769,0,0,0,0,9.32616899808636,0.0,0.024574001145083457,4.699171732979117,9.4,593.9375,False
1773592413.2066815,770,0,0,0,0,9.280482998292428,0.0,0.022000000171829015,4.699171732979117,9.4,593.9375,False
1773592413.4194207,771,0,0,0,0,9.255593999114353,0.0,0.022296000679489225,4.699171732979117,9.4,593.9375,False
1773592413.632262,772,0,0,0,0,9.294501000113087,0.0,0.023167001927504316,4.701005655368408,9.4,593.9375,False
1773592413.8450975,773,0,0,0,0,9.367815997393336,0.0,0.023055999918142334,4.701005655368408,18.8,593.9375,False
1773592414.057849,774,0,0,0,0,9.318963999248808,0.0,0.023888998839538544,4.701005655368408,9.4,593.9375,False
1773592414.270758,775,0,0,0,0,9.389058002852835,0.0,0.023110998881747946,4.701005655368408,9.4,593.9375,False
1773592414.4836044,776,0,0,0,0,9.368964998429874,0.0,0.02292600038344972,4.701005655368408,9.4,593.9375,False
1773592414.6963723,777,0,0,0,0,9.330723998573376,0.0,0.024074997782008722,4.6986632073389725,9.4,593.9375,False
1773592414.9091966,778,0,0,0,0,9.357391001685755,0.0,0.022814998374087736,4.6986632073389725,18.8,593.9375,False
1773592415.1219738,779,0,0,0,0,9.34311300079571,0.0,0.02300100095453672,4.6986632073389725,9.4,593.9375,False
1773592415.3347683,780,0,0,0,0,9.325056998932268,0.0,0.02288899850100279,4.6986632073389725,9.4,593.9375,False
1773592415.547645,781,0,0,0,0,9.339724001620198,0.0,0.02322199725313112,4.6986632073389725,9.4,593.9375,False
1773592415.760547,782,0,0,0,0,9.357502000057139,0.0,0.024426000891253352,4.698574779331982,9.4,593.9375,False
1773592415.97337,783,0,0,0,0,9.354409001389286,0.0,0.022815002012066543,4.698574779331982,18.8,593.9375,False
1773592416.1861763,784,0,0,0,0,9.326520001195604,0.0,0.022462998458649963,4.698574779331982,9.4,593.9375,False
1773592416.3988886,785,0,0,0,0,9.307001000706805,0.0,0.022222000552574173,4.698574779331982,9.4,593.9375,False
1773592416.611758,786,0,0,0,0,9.343427998828702,0.0,0.02292600038344972,4.698574779331982,9.4,593.9375,False
1773592416.824643,787,0,0,0,0,9.34514999971725,0.0,0.022018000890966505,4.6988674466475215,9.4,593.9375,False
1773592417.0374646,788,0,0,0,0,9.345056998427026,0.0,0.02290699922014028,4.6988674466475215,18.8,593.9375,False
1773592417.2502816,789,0,0,0,0,9.373076998599572,0.0,0.022555999748874456,4.6988674466475215,9.4,593.9375,False
1773592417.4631166,790,0,0,0,0,9.362761997181224,0.0,0.0228709977818653,4.6988674466475215,9.4,593.9375,False
1773592417.675933,791,0,0,0,0,9.37557599900174,0.0,0.02353700256207958,4.6988674466475215,9.4,593.9375,False
1773592417.8888884,792,0,0,0,0,9.38181699893903,0.0,0.02270299955853261,4.69850530251857,9.4,593.9375,False
1773592418.1017337,793,0,0,0,0,9.428484001546167,0.0,0.023148000764194876,4.69850530251857,18.8,593.9375,False
1773592418.3145704,794,0,0,0,0,9.365947000333108,0.0,0.023148000764194876,4.69850530251857,9.4,593.9375,False
1773592418.5274127,795,0,0,0,0,9.371502997964853,0.0,0.02274000144097954,4.69850530251857,9.4,593.9375,False
1773592418.740181,796,0,0,0,0,9.319502001744695,0.0,0.023426000552717596,4.69850530251857,9.4,593.9375,False
1773592418.952982,797,0,0,0,0,9.323853999376297,0.0,0.023722001060377806,4.69829477926672,9.4,593.9375,False
1773592419.1659107,798,0,0,0,0,9.345130998553941,0.0,0.02259299799334258,4.69829477926672,18.8,593.9375,False
1773592419.3787723,799,0,0,0,0,9.422021001228131,0.0,0.02329600101802498,4.69829477926672,9.4,593.9375,False
1773592419.5915868,800,0,0,0,0,9.305464998760726,0.0,0.022537002223543823,4.69829477926672,9.4,593.953125,False
1773592419.8043318,801,0,0,0,0,9.357593997265212,0.0,0.02296299862791784,4.69829477926672,9.4,593.953125,False
1773592420.0166578,802,0,0,0,0,8.823369000310777,0.0,0.022222000552574173,4.698668471015775,9.4,593.953125,False
1773592420.2294269,803,0,0,0,0,9.300075998908142,0.0,0.02300000051036477,4.698668471015775,18.8,593.953125,False
1773592420.4422948,804,0,0,0,0,9.273464002035325,0.0,0.023110998881747946,4.698668471015775,9.4,593.953125,False
1773592420.6553597,805,0,0,0,0,9.330539000075078,0.0,0.025075001758523285,4.698668471015775,9.4,593.953125,False
1773592420.86812,806,0,0,0,0,9.286631000577472,0.0,0.023944001441122964,4.698668471015775,9.4,593.953125,False
1773592421.0810091,807,0,0,0,0,9.343261001049541,0.0,0.024499997380189598,4.699897335864565,9.4,593.953125,False
1773592421.2939942,808,0,0,0,0,9.292687002016464,0.0,0.023036998754832894,4.699897335864565,18.8,593.953125,False
1773592421.506869,809,0,0,0,0,9.318815998994978,0.0,0.023908000002847984,4.699897335864565,9.4,593.953125,False
1773592421.7206101,810,0,0,0,0,10.041949997685151,0.0,0.02464800127199851,4.699897335864565,9.4,593.953125,False
1773592421.9334629,811,0,0,0,0,9.320760997070465,0.0,0.02375899930484593,4.699897335864565,9.4,593.953125,False
1773592422.1463745,812,0,0,0,0,9.404336000443436,0.0,0.023074997443472967,4.693622865082335,9.4,593.953125,False
1773592422.3590167,813,0,0,0,0,9.166797000943916,0.0,0.02370399670326151,4.693622865082335,18.8,593.953125,False
1773592422.5718164,814,0,0,0,0,9.292039001593366,0.0,0.02327800029888749,4.693622865082335,9.4,593.953125,False
1773592422.7846146,815,0,0,0,0,9.316019997640979,0.0,0.024240998754976317,4.693622865082335,9.4,593.953125,False
1773592422.997559,816,0,0,0,0,9.320093999122037,0.0,0.023962998966453597,4.693622865082335,14.1,593.953125,False
1773592423.210538,817,0,0,0,0,9.447410000575474,0.0,0.02346299879718572,4.698923247072404,9.4,593.96875,False
1773592423.4233851,818,0,0,0,0,9.34468699779245,0.0,0.023888998839538544,4.698923247072404,18.8,593.96875,False
1773592423.6363118,819,0,0,0,0,9.503372999461135,0.0,0.02401899837423116,4.698923247072404,9.4,593.96875,False
1773592423.8491604,820,0,0,0,0,9.372854001412634,0.0,0.02383300306973979,4.698923247072404,9.4,593.96875,False
1773592424.0619547,821,0,0,0,0,9.355965001304867,0.0,0.023277996660908684,4.698923247072404,9.4,593.96875,False
1773592424.274774,822,0,0,0,0,9.36542799900053,0.0,0.023464002879336476,4.697509693931378,9.4,593.96875,False
1773592424.4876413,823,0,0,0,0,9.358798000903334,0.0,0.02350000067963265,4.697509693931378,18.8,593.96875,False
1773592424.700629,824,0,0,0,0,9.47742900098092,0.0,0.02374099858570844,4.697509693931378,4.7,593.96875,False
1773592424.913529,825,0,0,0,0,9.373502001835732,0.0,0.022297001123661175,4.697509693931378,9.4,593.96875,False
1773592425.1262856,826,0,0,0,0,9.297928001615219,0.0,0.02290699922014028,4.697509693931378,9.4,593.96875,False
1773592425.3390648,827,0,0,0,0,9.320409000793006,0.0,0.02324099841644056,4.6977580303551285,9.4,593.96875,False
1773592425.5519862,828,0,0,0,0,9.379447001265362,0.0,0.023667002096772194,4.6977580303551285,18.8,593.96875,False
1773592425.7649004,829,0,0,0,0,9.354743000585586,0.0,0.02323999797226861,4.6977580303551285,9.4,593.96875,False
1773592425.9777923,830,0,0,0,0,9.415872998943087,0.0,0.023148000764194876,4.6977580303551285,9.4,593.96875,False
1773592426.1905885,831,0,0,0,0,9.339150001324015,0.0,0.022889002138981596,4.6977580303551285,9.4,593.96875,False
1773592426.4033875,832,0,0,0,0,9.322557001723908,0.0,0.022481999621959403,4.697816961496597,9.4,593.96875,False
1773592426.6162086,833,0,0,0,0,9.353557998110773,0.0,0.023333999706665054,4.697816961496597,18.8,593.96875,False
1773592426.8290768,834,0,0,0,0,9.397650999744656,0.0,0.024758999643381685,4.697816961496597,9.4,593.96875,False
1773592427.0420306,835,0,0,0,0,9.487299001193605,0.0,0.02329600101802498,4.697816961496597,9.4,593.96875,False
1773592427.2549405,836,0,0,0,0,9.456335999857401,0.0,0.023093001800589263,4.697816961496597,14.1,593.96875,False
1773592427.4678588,837,0,0,0,0,9.356334998301463,0.0,0.02387100175837986,4.697386587727024,9.4,593.96875,False
1773592427.6807346,838,0,0,0,0,9.385798002767842,0.0,0.024259999918285757,4.697386587727024,18.8,593.96875,False
1773592427.8937297,839,0,0,0,0,9.442669001145987,0.0,0.024241002392955124,4.697386587727024,9.4,593.96875,False
1773592428.106587,840,0,0,0,0,9.326649997092318,0.0,0.022592001187149435,4.697386587727024,9.4,593.96875,False
1773592428.3194115,841,0,0,0,0,9.345816997665679,0.0,0.02346299879718572,4.697386587727024,9.4,593.96875,False
1773592428.5322678,842,0,0,0,0,9.352761000627652,0.0,0.0235740008065477,4.697448666117588,9.4,593.96875,False
1773592428.745041,843,0,0,0,0,9.300039000663674,0.0,0.023074000637279823,4.697448666117588,18.8,593.96875,False
1773592428.9578114,844,0,0,0,0,9.330557000794215,0.0,0.023295997380046174,4.697448666117588,9.4,593.96875,False
1773592429.1706135,845,0,0,0,0,9.288297998864437,0.0,0.0228709977818653,4.697448666117588,9.4,593.96875,False
1773592429.3833845,846,0,0,0,0,9.295076000853442,0.0,0.02379700163146481,4.697448666117588,9.4,593.96875,False
1773592429.5962946,847,0,0,0,0,9.43670600099722,0.0,0.023110998881747946,4.699444465981693,9.4,593.96875,False
1773592429.8088818,848,0,0,0,0,9.035871000378393,0.0,0.022537002223543823,4.699444465981693,18.8,593.96875,False
1773592430.0216656,849,0,0,0,0,9.342465000372613,0.0,0.022629999875789508,4.699444465981693,9.4,593.96875,False
1773592430.2344205,850,0,0,0,0,9.298965000198223,0.0,0.022093001462053508,4.699444465981693,9.4,593.96875,False
1773592430.4473007,851,0,0,0,0,9.328280000772793,0.0,0.023055999918142334,4.699444465981693,9.4,593.96875,False
1773592430.6601136,852,0,0,0,0,9.316760999354301,0.0,0.024574001145083457,4.699664570907129,9.4,593.96875,False
1773592430.8728955,853,0,0,0,0,9.307167998485966,0.0,0.02387100175837986,4.699664570907129,18.8,593.96875,False
1773592431.0857737,854,0,0,0,0,9.424298998055747,0.0,0.024000000848900527,4.699664570907129,9.4,593.96875,False
1773592431.2985203,855,0,0,0,0,9.29898300091736,0.0,0.023073996999301016,4.699664570907129,9.4,593.96875,False
1773592431.5113215,856,0,0,0,0,9.269742000469705,0.0,0.02240799949504435,4.699664570907129,9.4,593.96875,False
1773592431.72426,857,0,0,0,0,9.4084650008881,0.0,0.023036998754832894,4.698882186253595,9.4,593.96875,False
1773592431.9371057,858,0,0,0,0,9.342278997792164,0.0,0.02325899913557805,4.698882186253595,18.8,593.984375,False
1773592432.149903,859,0,0,0,0,9.35418700100854,0.0,0.021945001208223403,4.698882186253595,9.4,593.984375,False
1773592432.3627498,860,0,0,0,0,9.31129800301278,0.0,0.02322200089110993,4.698882186253595,9.4,593.984375,False
1773592432.575545,861,0,0,0,0,9.329206000984414,0.0,0.02351800139877014,4.698882186253595,9.4,593.984375,False
1773592432.7883756,862,0,0,0,0,9.358205999888014,0.0,0.023963999410625547,4.698595833317463,14.1,593.984375,False
1773592433.0012279,863,0,0,0,0,9.352687000500737,0.0,0.022833999537397176,4.698595833317463,14.1,593.984375,False
1773592433.2140577,864,0,0,0,0,9.397372999956133,0.0,0.023630000214325264,4.698595833317463,9.4,593.984375,False
1773592433.4268677,865,0,0,0,0,9.326391002105083,0.0,0.02300000051036477,4.698595833317463,9.4,593.984375,False
1773592433.6398938,866,0,0,0,0,9.538409998640418,0.0,0.026370998966740444,4.698595833317463,9.4,593.984375,False
1773592433.852718,867,0,0,0,0,9.31413200305542,0.0,0.024073997337836772,4.697558096428479,9.4,593.984375,False
1773592434.0656583,868,0,0,0,0,9.33890899977996,0.0,0.023314998543355614,4.697558096428479,18.8,593.984375,False
1773592434.2784348,869,0,0,0,0,9.318667998741148,0.0,0.023963002604432404,4.697558096428479,9.4,593.984375,False
1773592434.4912434,870,0,0,0,0,9.324798000307055,0.0,0.02324099841644056,4.697558096428479,9.4,593.984375,False
1773592434.704032,871,0,0,0,0,9.329484000772936,0.0,0.02320400017197244,4.697558096428479,9.4,593.984375,False
1773592434.916935,872,0,0,0,0,9.410409998963587,0.0,0.022778000129619613,4.698660049138552,14.1,593.984375,False
1773592435.129777,873,0,0,0,0,9.367224000015995,0.0,0.023036998754832894,4.698660049138552,14.1,593.984375,False
1773592435.3426208,874,0,0,0,0,9.332335001090541,0.0,0.022537002223543823,4.698660049138552,9.4,593.984375,False
1773592435.5554676,875,0,0,0,0,9.363557001051959,0.0,0.022889002138981596,4.698660049138552,9.4,593.984375,False
1773592435.7684152,876,0,0,0,0,9.384502001921646,0.0,0.02296299862791784,4.698660049138552,9.4,593.984375,False
1773592435.9812548,877,0,0,0,0,9.334982998552732,0.0,0.022649001039098948,4.697494962934591,14.1,593.984375,False
1773592436.1940112,878,0,0,0,0,9.30726099977619,0.0,0.022481999621959403,4.697494962934591,14.1,593.984375,False
1773592436.406882,879,0,0,0,0,9.34951999806799,0.0,0.023389002308249474,4.697494962934591,9.4,593.984375,False
1773592436.619738,880,0,0,0,0,9.329464999609627,0.0,0.02464800127199851,4.697494962934591,9.4,593.984375,False
1773592436.8325393,881,0,0,0,0,9.331630997621687,0.0,0.02374099858570844,4.697494962934591,9.4,593.984375,False
1773592437.0453627,882,0,0,0,0,9.374335997563321,0.0,0.023407003027386963,4.6988621825249055,9.4,593.984375,False
1773592437.2582352,883,0,0,0,0,9.384335000504507,0.0,0.022778000129619613,4.6988621825249055,18.8,593.984375,False
1773592437.4710312,884,0,0,0,0,9.347150000394322,0.0,0.02346299879718572,4.6988621825249055,9.4,593.984375,False
1773592437.683852,885,0,0,0,0,9.344613001303514,0.0,0.023684999177930877,4.6988621825249055,9.4,594.0,False
1773592437.8968182,886,0,0,0,0,9.396871999342693,0.0,0.023926000721985474,4.6988621825249055,14.1,594.0,False
1773592438.1097302,887,0,0,0,0,9.341465000034077,0.0,0.023092001356417313,4.698053753309345,9.4,594.015625,False
1773592438.3223855,888,0,0,0,0,9.157833999779541,0.0,0.024388999008806422,4.698053753309345,14.1,594.015625,False
1773592438.5351908,889,0,0,0,0,9.35672500054352,0.0,0.023741002223687246,4.698053753309345,9.4,594.015625,False
1773592438.7479606,890,0,0,0,0,9.298705001128837,0.0,0.023795997549314052,4.698053753309345,9.4,594.015625,False
1773592438.9608397,891,0,0,0,0,9.410538998054108,0.0,0.02359200152568519,4.698053753309345,9.4,594.015625,False
1773592439.1737034,892,0,0,0,0,9.402651001437334,0.0,0.022723001166014,4.69915593860125,14.1,594.015625,False
1773592439.3865504,893,0,0,0,0,9.33266799984267,0.0,0.023073996999301016,4.69915593860125,14.1,594.015625,False
1773592439.599389,894,0,0,0,0,9.36837200060836,0.0,0.02387100175837986,4.69915593860125,9.4,594.015625,False
1773592439.8121948,895,0,0,0,0,9.354038997116731,0.0,0.024500001018168405,4.69915593860125,14.1,594.015625,False
1773592440.0250223,896,0,0,0,0,9.363335000671213,0.0,0.023333999706665054,4.69915593860125,9.4,594.015625,False
1773592440.2379324,897,0,0,0,0,9.369371997308917,0.0,0.023352000425802544,4.698455827858546,9.4,594.015625,False
1773592440.4506736,898,0,0,0,0,9.27326100281789,0.0,0.022778000129619613,4.698455827858546,18.8,594.015625,False
1773592440.6635282,899,0,0,0,0,9.283056999265682,0.0,0.024777000362519175,4.698455827858546,9.4,594.015625,False
1773592440.8763506,900,0,0,0,0,9.317186999396654,0.0,0.023407999833580106,4.698455827858546,9.4,594.015625,False
1773592441.0891187,901,0,0,0,0,9.317205000115791,0.0,0.023630000214325264,4.698455827858546,4.7,594.015625,False
1773592441.3017929,902,0,0,0,0,9.226112000760622,0.0,0.02259299799334258,4.698875869268241,9.4,594.015625,False
1773592441.514478,903,0,0,0,0,9.223575001669815,0.0,0.02268599928356707,4.698875869268241,18.8,594.015625,False
1773592441.7272413,904,0,0,0,0,9.33065000208444,0.0,0.023684999177930877,4.698875869268241,14.1,594.015625,False
1773592441.9400194,905,0,0,0,0,9.239648999937344,0.0,0.02298099934705533,4.698875869268241,9.4,594.015625,False
1773592442.1528068,906,0,0,0,0,9.323519996542018,0.0,0.022778000129619613,4.698875869268241,9.4,594.015625,False
1773592442.3656266,907,0,0,0,0,9.351445998618146,0.0,0.022370000806404278,4.70059155470043,9.4,594.015625,False
1773592442.5784547,908,0,0,0,0,9.381223997479538,0.0,0.023870998120401055,4.70059155470043,18.8,594.015625,False
1773592442.7912772,909,0,0,0,0,9.305278999818256,0.0,0.023037999199004844,4.70059155470043,9.4,594.015625,False
1773592443.004135,910,0,0,0,0,9.310278997872956,0.0,0.02316699828952551,4.70059155470043,9.4,594.015625,False
1773592443.216898,911,0,0,0,0,9.316260999185033,0.0,0.023723001504549757,4.70059155470043,9.4,594.015625,False
1773592443.4296374,912,0,0,0,0,9.266667999327183,0.0,0.022908003302291036,4.698870605126753,9.4,594.015625,False
1773592443.6423366,913,0,0,0,0,9.230149000359233,0.0,0.02361200313316658,4.698870605126753,14.1,594.015625,False
1773592443.855053,914,0,0,0,0,9.295649000705453,0.0,0.0235740008065477,4.698870605126753,14.1,594.015625,False
1773592444.0677464,915,0,0,0,0,9.24424200275098,0.0,0.02212999970652163,4.698870605126753,9.4,594.015625,False
1773592444.2805202,916,0,0,0,0,9.296632000769023,0.0,0.022907002858119085,4.698870605126753,9.4,594.015625,False
1773592444.4933913,917,0,0,0,0,9.321371999249095,0.0,0.02399999721092172,4.700502000538378,9.4,594.015625,False
1773592444.7062123,918,0,0,0,0,9.38211299944669,0.0,0.02324100205441937,4.700502000538378,18.8,594.015625,False
1773592444.9190698,919,0,0,0,0,9.400909999385476,0.0,0.02270400000270456,4.700502000538378,9.4,594.015625,False
1773592445.1318796,920,0,0,0,0,9.28137200025958,0.0,0.022536998585565016,4.700502000538378,9.4,594.015625,False
1773592445.34478,921,0,0,0,0,9.326502000476466,0.0,0.041351999243488535,4.700502000538378,9.4,594.015625,False
1773592445.5575995,922,0,0,0,0,9.298482997110114,0.0,0.02292600038344972,4.698188472193534,9.4,594.015625,False
1773592445.770437,923,0,0,0,0,9.292852999351453,0.0,0.024666998797329143,4.698188472193534,18.8,594.015625,False
1773592445.9832406,924,0,0,0,0,9.347798997623613,0.0,0.023722001060377806,4.698188472193534,9.4,594.015625,False
1773592446.1960547,925,0,0,0,0,9.3550019992108,0.0,0.023148000764194876,4.698188472193534,9.4,594.015625,False
1773592446.4088988,926,0,0,0,0,9.357334998639999,0.0,0.023093001800589263,4.698188472193534,9.4,594.015625,False
1773592446.62175,927,0,0,0,0,9.388964997924631,0.0,0.0235740008065477,4.699043275119013,9.4,594.015625,False
1773592446.8340127,928,0,0,0,0,8.803332002571551,0.0,0.02298199979122728,4.699043275119013,18.8,594.015625,False
1773592447.0467618,929,0,0,0,0,9.297890999732772,0.0,0.02403699909336865,4.699043275119013,9.4,594.015625,False
1773592447.259504,930,0,0,0,0,9.277076002035756,0.0,0.023167001927504316,4.699043275119013,9.4,594.015625,False
1773592447.4721935,931,0,0,0,0,9.23705599780078,0.0,0.02405499981250614,4.699043275119013,9.4,594.015625,False
1773592447.6850612,932,0,0,0,0,9.3952060014999,0.0,0.02261199915665202,4.702300058544662,9.4,594.015625,False
1773592447.8980386,933,0,0,0,0,9.372243002871983,0.0,0.02329700146219693,4.702300058544662,18.8,594.015625,False
1773592448.1107736,934,0,0,0,0,9.289741999964463,0.0,0.023426000552717596,4.702300058544662,9.4,594.015625,False
1773592448.323649,935,0,0,0,0,9.317354000813793,0.0,0.02286999733769335,4.702300058544662,9.4,594.015625,False
1773592448.5364566,936,0,0,0,0,9.34516900088056,0.0,0.023944998247316107,4.702300058544662,9.4,594.015625,False
1773592448.749315,937,0,0,0,0,9.37650199921336,0.0,0.023666998458793387,4.698143214206586,9.4,594.015625,False
1773592448.9621043,938,0,0,0,0,9.308168999268673,0.0,0.023054999473970383,4.698143214206586,18.8,594.015625,False
1773592449.174886,939,0,0,0,0,9.344113001134247,0.0,0.02351900184294209,4.698143214206586,9.4,594.015625,False
1773592449.3876915,940,0,0,0,0,9.329094998975052,0.0,0.02342699735891074,4.698143214206586,9.4,594.015625,False
1773592449.6005108,941,0,0,0,0,9.362390999740455,0.0,0.024018001568038017,4.698143214206586,9.4,594.015625,False
1773592449.8134263,942,0,0,0,0,9.392186999320984,0.0,0.023888998839538544,4.698847443044328,14.1,594.015625,False
1773592450.026186,943,0,0,0,0,9.261446000891738,0.0,0.02370399670326151,4.698847443044328,14.1,594.015625,False
1773592450.2389462,944,0,0,0,0,9.2991500023345,0.0,0.02272200072184205,4.698847443044328,9.4,594.015625,False
1773592450.4518225,945,0,0,0,0,9.334946000308264,0.0,0.023962998966453597,4.698847443044328,9.4,594.015625,False
1773592450.6647391,946,0,0,0,0,9.327964999101823,0.0,0.022796000848757103,4.698847443044328,14.1,594.015625,False
1773592450.8775773,947,0,0,0,0,9.301613001298392,0.0,0.022740998247172683,4.698087432306072,9.4,594.015625,False
1773592451.0903287,948,0,0,0,0,9.282186998461839,0.0,0.022223000996746123,4.698087432306072,14.1,594.015625,False
1773592451.3032422,949,0,0,0,0,9.289298002840951,0.0,0.022370000806404278,4.698087432306072,14.1,594.015625,False
1773592451.5159833,950,0,0,0,0,9.261298000637908,0.0,0.02361100268899463,4.698087432306072,9.4,594.015625,False
1773592451.7289062,951,0,0,0,0,9.419447000254877,0.0,0.02387000131420791,4.698087432306072,9.4,594.015625,False
1773592451.9416225,952,0,0,0,0,9.25205699968501,0.0,0.02214900086983107,4.698871657954107,9.4,594.015625,False
1773592452.1543698,953,0,0,0,0,9.254242002498358,0.0,0.022537002223543823,4.698871657954107,18.8,594.015625,False
1773592452.3671541,954,0,0,0,0,9.345538997877156,0.0,0.02292599674547091,4.698871657954107,9.4,594.015625,False
1773592452.5799873,955,0,0,0,0,9.35918699906324,0.0,0.02375899930484593,4.698871657954107,9.4,594.015625,False
1773592452.7928286,956,0,0,0,0,9.256297998945229,0.0,0.023944998247316107,4.698871657954107,9.4,594.015625,False
1773592453.0057232,957,0,0,0,0,9.406188000866678,0.0,0.023445001716027036,4.699624550296232,9.4,594.015625,False
1773592453.2186117,958,0,0,0,0,9.330076001788257,0.0,0.023667002096772194,4.699624550296232,14.1,594.015625,False
1773592453.431371,959,0,0,0,0,9.319928001787048,0.0,0.02244500137749128,4.699624550296232,9.4,594.015625,False
1773592453.6442826,960,0,0,0,0,9.344871999928728,0.0,0.023093001800589263,4.699624550296232,9.4,594.015625,False
1773592453.8571072,961,0,0,0,0,9.304185998189496,0.0,0.02270299955853261,4.699624550296232,14.1,594.015625,False
1773592454.0699694,962,0,0,0,0,9.321372002887074,0.0,0.022001000616000965,4.6976759501576195,9.4,594.015625,False
1773592454.2827585,963,0,0,0,0,9.304168001108337,0.0,0.023184999008663,4.6976759501576195,14.1,594.015625,False
1773592454.4955404,964,0,0,0,0,9.32661299884785,0.0,0.02325899913557805,4.6976759501576195,14.1,594.015625,False
1773592454.7084446,965,0,0,0,0,9.387019999849144,0.0,0.024666998797329143,4.6976759501576195,9.4,594.015625,False
1773592454.9213262,966,0,0,0,0,9.411225000803825,0.0,0.023352000425802544,4.6976759501576195,9.4,594.015625,False
1773592455.1341236,967,0,0,0,0,9.303279002779163,0.0,0.02318599945283495,4.698613729353475,9.4,594.015625,False
1773592455.3467796,968,0,0,0,0,9.117982001043856,0.0,0.02375899930484593,4.698613729353475,18.8,594.015625,False
1773592455.559661,969,0,0,0,0,9.357095001178095,0.0,0.023945001885294914,4.698613729353475,9.4,594.015625,False
1773592455.772601,970,0,0,0,0,9.391873001732165,0.0,0.02373999814153649,4.698613729353475,9.4,594.03125,False
1773592455.9854977,971,0,0,0,0,9.436872001970187,0.0,0.023610999051015824,4.698613729353475,9.4,594.046875,False
1773592456.1983473,972,0,0,0,0,9.330445998784853,0.0,0.02320400017197244,4.69856846317313,9.4,594.046875,False
1773592456.4112074,973,0,0,0,0,9.341667999251513,0.0,0.02242600021418184,4.69856846317313,18.8,594.046875,False
1773592456.624057,974,0,0,0,0,9.33363200238091,0.0,0.02325900277355686,4.69856846317313,9.4,594.046875,False
1773592456.8368711,975,0,0,0,0,9.356279999337858,0.0,0.02298199979122728,4.69856846317313,9.4,594.046875,False
1773592457.0496686,976,0,0,0,0,9.327408999524778,0.0,0.021481999283423647,4.69856846317313,14.1,594.046875,False
1773592457.2624183,977,0,0,0,0,9.30103899736423,0.0,0.022055999579606578,4.698449512019497,9.4,594.046875,False
1773592457.4752614,978,0,0,0,0,9.397039000759833,0.0,0.02270400000270456,4.698449512019497,14.1,594.046875,False
1773592457.6881347,979,0,0,0,0,9.318871998402756,0.0,0.02399999721092172,4.698449512019497,14.1,594.046875,False
1773592457.9009767,980,0,0,0,0,9.354891000839416,0.0,0.02268499883939512,4.698449512019497,9.4,594.046875,False
1773592458.1138897,981,0,0,0,0,9.39289099915186,0.0,0.022759999410482123,4.698449512019497,9.4,594.046875,False
1773592458.3266606,982,0,0,0,0,9.277872002712684,0.0,0.022444997739512473,4.698228468349632,9.4,594.046875,False
1773592458.5394225,983,0,0,0,0,9.299390996602597,0.0,0.023074000637279823,4.698228468349632,18.8,594.046875,False
1773592458.7523603,984,0,0,0,0,9.409225000126753,0.0,0.022667001758236438,4.698228468349632,4.7,594.046875,False
1773592458.965217,985,0,0,0,0,9.33968699973775,0.0,0.023388998670270666,4.698228468349632,14.1,594.046875,False
1773592459.1780486,986,0,0,0,0,9.31300099910004,0.0,0.022963002265896648,4.698228468349632,9.4,594.046875,False
1773592459.3907998,987,0,0,0,0,9.31976099673193,0.0,0.0228709977818653,4.698687420349914,9.4,594.046875,False
1773592459.60369,988,0,0,0,0,9.378260998346377,0.0,0.02292600038344972,4.698687420349914,14.1,594.046875,False
1773592459.8164663,989,0,0,0,0,9.332649999123532,0.0,0.024406999727943912,4.698687420349914,9.4,594.046875,False
1773592460.0292754,990,0,0,0,0,9.317889998783357,0.0,0.022500000341096893,4.698687420349914,9.4,594.046875,False
1773592460.2421017,991,0,0,0,0,9.2796310018457,0.0,0.023944998247316107,4.698687420349914,9.4,594.046875,False
1773592460.454724,992,0,0,0,0,9.061962999112438,0.0,0.023926000721985474,4.698494775907901,9.4,594.046875,False
1773592460.6675866,993,0,0,0,0,9.306890999141615,0.0,0.02387000131420791,4.698494775907901,18.8,594.046875,False
1773592460.8803222,994,0,0,0,0,9.286038999562152,0.0,0.023925997084006667,4.698494775907901,9.4,594.046875,False
1773592461.0931542,995,0,0,0,0,9.3766690006305,0.0,0.02405600025667809,4.698494775907901,9.4,594.046875,False
1773592461.305924,996,0,0,0,0,9.304371997131966,0.0,0.023610999051015824,4.698494775907901,9.4,594.046875,False
1773592461.5189037,997,0,0,0,0,9.407743000338087,0.0,0.025203997211065143,4.700493572087054,9.4,594.046875,False
1773592461.7317796,998,0,0,0,0,9.380094998050481,0.0,0.02631499955896288,4.700493572087054,18.8,594.046875,False
1773592461.944798,999,0,0,0,0,9.492281002167147,0.0,0.05418499858933501,4.700493572087054,9.4,594.046875,False
1773592462.1576588,1000,0,0,0,0,9.403261003171792,0.0,0.02514799780328758,4.700493572087054,9.4,594.046875,False
1773592462.3705013,1001,0,0,0,0,9.379279999848222,0.0,0.026148001779802144,4.700493572087054,9.4,594.046875,False
1773592462.5833492,1002,0,0,0,0,9.313427999586565,0.0,0.02300000051036477,4.696683848520193,9.4,594.046875,False
1773592462.7961695,1003,0,0,0,0,9.274575000745244,0.0,0.022462998458649963,4.696683848520193,18.8,594.046875,False
1773592463.0089922,1004,0,0,0,0,9.359409999888157,0.0,0.023962998966453597,4.696683848520193,9.4,594.046875,False
1773592463.2217724,1005,0,0,0,0,9.30894600242027,0.0,0.023666998458793387,4.696683848520193,9.4,594.046875,False
1773592463.4346392,1006,0,0,0,0,9.37726100164582,0.0,0.025796998670557514,4.696683848520193,9.4,594.046875,False
1773592463.6475148,1007,0,0,0,0,9.38052000128664,0.0,0.02431499888189137,4.698504249855381,9.4,594.046875,False
1773592463.8599496,1008,0,0,0,0,8.971368999482365,0.0,0.02374099858570844,4.698504249855381,18.8,594.046875,False
1773592464.0727875,1009,0,0,0,0,9.288815999752842,0.0,0.03781499981414527,4.698504249855381,9.4,594.046875,False
1773592464.2854924,1010,0,0,0,0,9.27466900247964,0.0,0.021351999748731032,4.698504249855381,9.4,594.046875,False
1773592464.4982393,1011,0,0,0,0,9.27187199704349,0.0,0.022593001631321386,4.698504249855381,9.4,594.046875,False
1773592464.710991,1012,0,0,0,0,9.29916899985983,0.0,0.02401899837423116,4.701237499302263,9.4,594.046875,False
1773592464.9237454,1013,0,0,0,0,9.303148999606492,0.0,0.02305600355612114,4.701237499302263,18.8,594.046875,False
1773592465.1365728,1014,0,0,0,0,9.292741997342091,0.0,0.023444001271855086,4.701237499302263,9.4,594.046875,False
1773592465.349393,1015,0,0,0,0,9.306705000199145,0.0,0.023332999262493104,4.701237499302263,9.4,594.046875,False
1773592465.5622616,1016,0,0,0,0,9.384372999193147,0.0,0.023148000764194876,4.701237499302263,9.4,594.046875,False
1773592465.7750292,1017,0,0,0,0,9.316686999227386,0.0,0.023128999600885436,4.699187527463158,9.4,594.046875,False
1773592465.9877539,1018,0,0,0,0,9.271020000596764,0.0,0.02290699922014028,4.699187527463158,18.8,594.046875,False
1773592466.2005274,1019,0,0,0,0,9.305075996962842,0.0,0.024278000637423247,4.699187527463158,9.4,594.046875,False
1773592466.4133556,1020,0,0,0,0,9.305315998062724,0.0,0.022963002265896648,4.699187527463158,9.4,594.046875,False
1773592466.6261034,1021,0,0,0,0,9.295946001657285,0.0,0.023093001800589263,4.699187527463158,9.4,594.046875,False
1773592466.8388636,1022,0,0,0,0,9.295501000451623,0.0,0.022612002794630826,4.699838352517907,9.4,594.046875,False
1773592467.0516052,1023,0,0,0,0,9.2947599987383,0.0,0.02294499790878035,4.699838352517907,18.8,594.046875,False
1773592467.2643304,1024,0,0,0,0,9.300223999161972,0.0,0.02261199915665202,4.699838352517907,9.4,594.046875,False
1773592467.4770598,1025,0,0,0,0,9.282038001401816,0.0,0.022685002477373928,4.699838352517907,9.4,594.046875,False
1773592467.6899235,1026,0,0,0,0,9.32989099965198,0.0,0.023982000129763037,4.699838352517907,9.4,594.046875,False
1773592467.902738,1027,0,0,0,0,9.259982001822209,0.0,0.024518001737305894,4.699704592199638,9.4,594.046875,False
1773592468.1155753,1028,0,0,0,0,9.347871997306356,0.0,0.02374099858570844,4.699704592199638,18.8,594.046875,False
1773592468.3283796,1029,0,0,0,0,9.326169001724338,0.0,0.02387100175837986,4.699704592199638,9.4,594.046875,False
1773592468.541263,1030,0,0,0,0,9.356279999337858,0.0,0.024426000891253352,4.699704592199638,9.4,594.0625,False
1773592468.754064,1031,0,0,0,0,9.334982998552732,0.0,0.02461099938955158,4.699704592199638,9.4,594.0625,False
1773592468.9669685,1032,0,0,0,0,9.351150001748465,0.0,0.023074000637279823,4.698671629227518,9.4,594.0625,False
1773592469.1797156,1033,0,0,0,0,9.278057001210982,0.0,0.0230370023928117,4.698671629227518,18.8,594.0625,False
1773592469.392421,1034,0,0,0,0,9.278983001422603,0.0,0.02355499964323826,4.698671629227518,9.4,594.0625,False
1773592469.6052413,1035,0,0,0,0,9.326612002041657,0.0,0.022463998902821913,4.698671629227518,9.4,594.0625,False
1773592469.8180904,1036,0,0,0,0,9.403077001479687,0.0,0.02301800122950226,4.698671629227518,9.4,594.0625,False
1773592470.0308108,1037,0,0,0,0,9.274853000533767,0.0,0.02296299862791784,4.699550829902484,14.1,594.0625,False
1773592470.2436576,1038,0,0,0,0,9.263668001949554,0.0,0.023074000637279823,4.699550829902484,18.8,594.0625,False
1773592470.455974,1039,0,0,0,0,8.854276999045396,0.0,0.02327800029888749,4.699550829902484,9.4,594.0625,False
1773592470.6687353,1040,0,0,0,0,9.31039100032649,0.0,0.02324099841644056,4.699550829902484,9.4,594.0625,False
1773592470.8814158,1041,0,0,0,0,9.291631999076344,0.0,0.022648000594926998,4.699550829902484,9.4,594.0625,False
1773592471.094134,1042,0,0,0,0,9.259575999749359,0.0,0.022778000129619613,4.702205167656106,9.4,594.0625,False
1773592471.3069158,1043,0,0,0,0,9.252705000108108,0.0,0.02292600038344972,4.702205167656106,18.8,594.0625,False
1773592471.5196526,1044,0,0,0,0,9.301594000135083,0.0,0.02288899850100279,4.702205167656106,9.4,594.0625,False
1773592471.7324128,1045,0,0,0,0,9.29164899935131,0.0,0.02350000067963265,4.702205167656106,9.4,594.0625,False
1773592471.9452267,1046,0,0,0,0,9.370278999995207,0.0,0.02244400093331933,4.702205167656106,9.4,594.0625,False
1773592472.1579988,1047,0,0,0,0,9.314594997704262,0.0,0.02348199996049516,4.699966853852382,9.4,594.0625,False
1773592472.3702629,1048,0,0,0,0,8.830775997921592,0.0,0.022240998077904806,4.699966853852382,18.8,594.0625,False
1773592472.5830603,1049,0,0,0,0,9.312502003012924,0.0,0.023426000552717596,4.699966853852382,9.4,594.0625,False
1773592472.795844,1050,0,0,0,0,9.265780001442181,0.0,0.023018998035695404,4.699966853852382,9.4,594.0625,False
1773592473.0085847,1051,0,0,0,0,9.250778999557951,0.0,0.023444001271855086,4.699966853852382,9.4,594.0625,False
1773592473.221317,1052,0,0,0,0,9.287835000577616,0.0,0.022074000298744068,4.70222836285298,9.4,594.0625,False
1773592473.4340882,1053,0,0,0,0,9.34765000056359,0.0,0.02353700256207958,4.70222836285298,18.8,594.0625,False
1773592473.6468158,1054,0,0,0,0,9.314039001765195,0.0,0.023352000425802544,4.70222836285298,9.4,594.0625,False
1773592473.8596041,1055,0,0,0,0,9.240389998012688,0.0,0.023167001927504316,4.70222836285298,9.4,594.078125,False
1773592474.0723374,1056,0,0,0,0,9.26031600101851,0.0,0.023148000764194876,4.70222836285298,9.4,594.078125,False
1773592474.2851648,1057,0,0,0,0,9.357834998809267,0.0,0.022871001419844106,4.700498839865589,9.4,594.078125,False
1773592474.4979398,1058,0,0,0,0,9.297186999901896,0.0,0.022740998247172683,4.700498839865589,18.8,594.078125,False
1773592474.7106586,1059,0,0,0,0,9.278797999286326,0.0,0.023130000045057386,4.700498839865589,9.4,594.078125,False
1773592474.9233365,1060,0,0,0,0,9.244593999028439,0.0,0.021963001927360892,4.700498839865589,4.7,594.078125,False
