timestamp,frame_index,motion_regions,yolo_detections,confirmed_tracks,new_confirmations,time_mog2_ms,time_yolo_ms,time_tracker_ms,fps,cpu_percent,ram_mb,yolo_ran
1773596541.5549884,0,0,0,0,0,7.635310001205653,0.0,0.02929699985543266,0.0,0.0,456.640625,False
1773596541.765625,1,0,0,0,0,7.1441020008933265,0.0,0.024815002689138055,0.0,9.5,461.546875,False
1773596541.9758801,2,0,0,0,0,7.080175997543847,0.0,0.02268499883939512,0.0,9.5,464.171875,False
1773596542.1858053,3,0,0,0,0,6.7626929994730745,0.0,0.018703998648561537,0.0,9.5,467.15625,False
1773596542.396045,4,0,0,0,0,7.109898997441633,0.0,0.022629999875789508,4.756238339896028,9.5,469.796875,False
1773596542.6062691,5,0,0,0,0,7.078139002260286,0.0,0.02153699824702926,4.756238339896028,4.8,472.421875,False
1773596542.816157,6,0,0,0,0,6.744247999449726,0.0,0.018926002667285502,4.756238339896028,9.5,475.046875,False
1773596543.0260227,7,0,0,0,0,6.756489001418231,0.0,0.01796300057321787,4.756238339896028,4.8,477.671875,False
1773596543.2359524,8,0,0,0,0,6.779267001547851,0.0,0.019445000361884013,4.756238339896028,14.3,480.296875,False
1773596543.4458096,9,0,0,0,0,6.76259999818285,0.0,0.018647999240783975,4.762904275288178,4.8,482.921875,False
1773596543.6556442,10,0,0,0,0,6.787803999031894,0.0,0.01937100023496896,4.762904275288178,9.5,482.921875,False
1773596543.8655088,11,0,0,0,0,6.763878001947887,0.0,0.018518996512284502,4.762904275288178,9.5,482.921875,False
1773596544.0754359,12,0,0,0,0,6.756841001333669,0.0,0.019221999536966905,4.762904275288178,4.8,482.921875,False
1773596544.285391,13,0,0,0,0,6.7691369986278005,0.0,0.018796003132592887,4.762904275288178,14.3,482.921875,False
1773596544.4953194,14,0,0,0,0,6.763118999515427,0.0,0.018351998733123764,4.764139916986847,4.8,482.921875,False
1773596544.7053432,15,0,0,0,0,6.843175000540214,0.0,0.019889001123374328,4.764139916986847,9.5,482.921875,False
1773596544.9151056,16,0,0,0,0,6.746341001417022,0.0,0.019186001736670732,4.764139916986847,4.8,482.921875,False
1773596545.1250045,17,0,0,0,0,6.785266999941086,0.0,0.01833300120779313,4.764139916986847,9.5,482.921875,False
1773596545.3349557,18,0,0,0,0,6.752895998943131,0.0,0.01881500065792352,4.764139916986847,14.3,482.921875,False
1773596545.544818,19,0,0,0,0,6.761339998774929,0.0,0.019167000573361292,4.764173467862447,4.8,482.921875,False
1773596545.7546961,20,0,0,0,0,6.77021100273123,0.0,0.02022199987550266,4.764173467862447,9.5,482.921875,False
1773596545.9646919,21,0,0,0,0,6.786952002585167,0.0,0.01996300125028938,4.764173467862447,4.8,482.921875,False
1773596546.1747127,22,0,0,0,0,6.827989000157686,0.0,0.018908001948148012,4.764173467862447,4.8,482.921875,False
1773596546.384571,23,0,0,0,0,6.729691998771159,0.0,0.019758997950702906,4.764173467862447,19.1,482.921875,False
1773596546.5943959,24,0,0,0,0,6.767711001884891,0.0,0.019593000615714118,4.763839062511713,4.8,482.921875,False
1773596546.8042564,25,0,0,0,0,6.757192000804935,0.0,0.019260001863585785,4.763839062511713,9.5,482.921875,False
1773596547.0140822,26,0,0,0,0,6.75808199957828,0.0,0.019147999410051852,4.763839062511713,4.8,482.921875,False
1773596547.2239287,27,0,0,0,0,6.7861370007449295,0.0,0.019147999410051852,4.763839062511713,9.5,482.921875,False
1773596547.4338098,28,0,0,0,0,6.7525820013543125,0.0,0.018389000615570694,4.763839062511713,9.5,482.921875,False
1773596547.643847,29,0,0,0,0,6.845674997748574,0.0,0.022518997866427526,4.764414831636602,9.5,482.921875,False
1773596547.8539228,30,0,0,0,0,6.874896000226727,0.0,0.020297000446589664,4.764414831636602,9.5,482.921875,False
1773596548.063884,31,0,0,0,0,6.730396002240013,0.0,0.019241000700276345,4.764414831636602,4.8,482.921875,False
1773596548.2738385,32,0,0,0,0,6.791230000089854,0.0,0.01936999979079701,4.764414831636602,9.5,482.921875,False
1773596548.48382,33,0,0,0,0,6.809470000007423,0.0,0.019611001334851608,4.764414831636602,14.3,482.921875,False
1773596548.6938674,34,0,0,0,0,6.896933999087196,0.0,0.019389997760299593,4.761802260341127,4.8,482.921875,False
1773596548.9063234,35,0,0,0,0,9.296857999288477,0.0,0.023666998458793387,4.761802260341127,9.4,482.921875,False
1773596549.11855,36,0,0,0,0,8.760945998801617,0.0,0.02290799966431223,4.761802260341127,9.4,482.921875,False
1773596549.3314579,37,0,0,0,0,9.553154999593971,0.0,0.02355600008741021,4.761802260341127,9.4,482.921875,False
1773596549.5443017,38,0,0,0,0,9.364654000819428,0.0,0.02516599852242507,4.761802260341127,18.8,482.921875,False
1773596549.7575376,39,0,0,0,0,9.543895997921936,0.0,0.02240799949504435,4.700874989772919,9.4,482.921875,False
1773596549.970414,40,0,0,0,0,9.317931999248685,0.0,0.02385200059507042,4.700874989772919,9.4,482.921875,False
1773596550.1832163,41,0,0,0,0,9.285783002269454,0.0,0.023684999177930877,4.700874989772919,9.4,482.921875,False
1773596550.3961117,42,0,0,0,0,9.341412998765009,0.0,0.02329600101802498,4.700874989772919,9.4,484.234375,False
1773596550.6090398,43,0,0,0,0,9.280745998694329,0.0,0.02486999801476486,4.700874989772919,18.8,484.234375,False
1773596550.8213954,44,0,0,0,0,8.878928998456104,0.0,0.02292600038344972,4.699877323491722,9.4,484.234375,False
1773596551.0340862,45,0,0,0,0,9.322913003416033,0.0,0.023888998839538544,4.699877323491722,9.4,484.234375,False
1773596551.2467098,46,0,0,0,0,9.263430998544209,0.0,0.02374099858570844,4.699877323491722,9.4,484.234375,False
1773596551.459486,47,0,0,0,0,9.332876001280965,0.0,0.02268499883939512,4.699877323491722,9.4,484.234375,False
1773596551.6723325,48,0,0,0,0,9.279745998355793,0.0,0.023426000552717596,4.699877323491722,18.8,484.234375,False
1773596551.885255,49,0,0,0,0,9.355005997349508,0.0,0.02353800300625153,4.699937361121538,9.4,484.234375,False
1773596552.0978956,50,0,0,0,0,9.282802002417156,0.0,0.022036998416297138,4.699937361121538,9.4,484.234375,False
1773596552.3106852,51,0,0,0,0,9.267358000215609,0.0,0.023130000045057386,4.699937361121538,9.4,484.234375,False
1773596552.5234635,52,0,0,0,0,9.378654998727143,0.0,0.025277997337980196,4.699937361121538,9.4,484.234375,False
1773596552.7362921,53,0,0,0,0,9.298209002736257,0.0,0.023666998458793387,4.699937361121538,18.8,484.234375,False
1773596552.9490948,54,0,0,0,0,9.358487001009053,0.0,0.02266699812025763,4.699960533950327,9.4,484.234375,False
1773596553.1617002,55,0,0,0,0,9.247338999557542,0.0,0.022852000256534666,4.699960533950327,9.4,484.234375,False
1773596553.374399,56,0,0,0,0,9.29085700045107,0.0,0.02318599945283495,4.699960533950327,9.4,484.234375,False
1773596553.5872195,57,0,0,0,0,9.293228002206888,0.0,0.02325900277355686,4.699960533950327,9.4,484.234375,False
1773596553.8000298,58,0,0,0,0,9.277858000132255,0.0,0.022815002012066543,4.699960533950327,18.8,484.234375,False
1773596554.0127075,59,0,0,0,0,9.27791299909586,0.0,0.02375899930484593,4.701049914716986,9.4,484.234375,False
1773596554.2256355,60,0,0,0,0,9.485062000749167,0.0,0.02292599674547091,4.701049914716986,9.4,484.234375,False
1773596554.4384391,61,0,0,0,0,9.290357000281801,0.0,0.023148000764194876,4.701049914716986,9.4,484.234375,False
1773596554.6522295,62,0,0,0,0,10.334290000173496,0.0,0.023666001652600244,4.701049914716986,9.4,484.234375,False
1773596554.8645318,63,0,0,0,0,8.888094998837914,0.0,0.023332999262493104,4.701049914716986,18.8,484.234375,False
1773596555.0772884,64,0,0,0,0,9.341264998511178,0.0,0.022222000552574173,4.696608116727223,9.4,484.234375,False
1773596555.2900093,65,0,0,0,0,9.308838998549618,0.0,0.02320400017197244,4.696608116727223,9.4,484.234375,False
1773596555.502742,66,0,0,0,0,9.277893997932551,0.0,0.023054999473970383,4.696608116727223,9.4,484.234375,False
1773596555.7161753,67,0,0,0,0,9.956713998690248,0.0,0.02762899748631753,4.696608116727223,9.4,484.234375,False
1773596555.9290264,68,0,0,0,0,9.380617000715574,0.0,0.022814998374087736,4.696608116727223,18.8,484.234375,False
1773596556.1418526,69,0,0,0,0,9.326005998445908,0.0,0.02324099841644056,4.696752219597676,9.4,484.234375,False
1773596556.3546412,70,0,0,0,0,9.337061001133407,0.0,0.02248200325993821,4.696752219597676,9.4,484.234375,False
1773596556.5674489,71,0,0,0,0,9.356467999168672,0.0,0.023685999622102827,4.696752219597676,9.4,484.234375,False
1773596556.7801855,72,0,0,0,0,9.275078999053221,0.0,0.023908000002847984,4.696752219597676,9.4,484.234375,False
1773596556.9929953,73,0,0,0,0,9.32233900311985,0.0,0.02349999704165384,4.696752219597676,18.8,484.234375,False
1773596557.2056801,74,0,0,0,0,9.330209002655465,0.0,0.02327800029888749,4.700013200320124,9.4,484.234375,False
1773596557.4184172,75,0,0,0,0,9.292691000155173,0.0,0.022222000552574173,4.700013200320124,9.4,484.234375,False
1773596557.6312876,76,0,0,0,0,9.42171000133385,0.0,0.023648000933462754,4.700013200320124,9.4,484.234375,False
1773596557.8439436,77,0,0,0,0,9.301116999267833,0.0,0.02325899913557805,4.700013200320124,9.4,484.234375,False
1773596558.056694,78,0,0,0,0,9.261189999961061,0.0,0.023332999262493104,4.700013200320124,18.8,484.234375,False
1773596558.2695732,79,0,0,0,0,9.441580998100108,0.0,0.02270400000270456,4.6997561996093005,9.4,484.234375,False
1773596558.4823754,80,0,0,0,0,9.338247000414412,0.0,0.022184998670127243,4.6997561996093005,9.4,484.234375,False
1773596558.6952007,81,0,0,0,0,9.305542000220157,0.0,0.02353699892410077,4.6997561996093005,9.4,484.234375,False
1773596558.9080029,82,0,0,0,0,9.273116000258597,0.0,0.023110998881747946,4.6997561996093005,9.4,484.234375,False
1773596559.1207302,83,0,0,0,0,9.313932001532521,0.0,0.02290699922014028,4.6997561996093005,14.1,484.234375,False
1773596559.333476,84,0,0,0,0,9.354227997391718,0.0,0.022611002350458875,4.699669836827726,9.4,484.234375,False
1773596559.5462716,85,0,0,0,0,9.391729003255023,0.0,0.023130000045057386,4.699669836827726,9.4,484.234375,False
1773596559.758964,86,0,0,0,0,9.308060998591827,0.0,0.02212999970652163,4.699669836827726,14.1,484.234375,False
1773596559.9717934,87,0,0,0,0,9.369580002385192,0.0,0.022649001039098948,4.699669836827726,9.4,484.234375,False
1773596560.1846275,88,0,0,0,0,9.295264997490449,0.0,0.02322299769730307,4.699669836827726,18.8,484.234375,False
1773596560.3976884,89,0,0,0,0,9.562748000462307,0.0,0.022759999410482123,4.698288463860638,9.4,484.328125,False
1773596561.6093473,90,1,1,0,0,9.585415002220543,998.5906460024125,0.04368499867268838,0.825274471431714,132.0,561.890625,True
1773596562.5067205,91,1,1,1,1,7.1622880022914615,686.891655997897,0.047444998926948756,0.825274471431714,134.8,565.5,True
1773596563.3902094,92,1,1,1,0,7.189084000856383,672.9981019998377,0.04344500121078454,1.1230536920793368,133.6,568.234375,True
1773596564.3919642,93,1,1,1,0,7.213546999992104,791.2761740008136,0.03327800004626624,0.9982452244663261,138.8,597.265625,True
1773596565.4522462,94,1,1,1,0,7.289344001037534,849.757910000335,0.03461099913693033,0.9431476541970627,139.6,585.921875,True
1773596566.4957762,95,1,1,1,0,7.261677001224598,832.9636700000265,0.033667001844150946,0.9582825458309848,137.0,591.25,True
1773596567.5393336,96,1,1,1,0,7.232232001115335,833.1043559992395,0.032797001040307805,0.9582685338069039,138.9,592.390625,True
1773596568.6489277,97,1,1,1,0,7.283511000423459,899.1187150022597,0.033592998079257086,0.9012238695713738,141.5,599.671875,True
1773596569.6972659,98,1,1,1,0,7.294787999853725,837.8047200021683,0.033649001125013456,0.9538991269066934,140.2,594.453125,True
1773596570.6867268,99,1,1,1,0,7.308807998924749,779.0010380012973,0.03513000046950765,0.9538991269066934,137.4,605.390625,True
1773596571.6733503,100,1,1,1,0,7.291232999705244,776.0408700014523,0.034925997169921175,0.9161705709945781,137.8,607.140625,True
1773596572.558476,101,1,1,1,0,7.272307000675937,674.5544449986483,0.0346670021826867,1.1301331919287285,133.3,619.328125,True
1773596573.4945292,102,1,1,1,0,7.279474000824848,725.5033170004026,0.03518499943311326,1.1301331919287285,136.7,624.21875,True
1773596574.5947046,103,1,1,1,0,7.274474002770148,889.7260609992372,0.0326490007864777,0.9633921440766358,141.8,609.53125,True
1773596575.6434484,104,1,1,1,0,7.401455997751327,838.0930929997703,0.03327800004626624,0.9088859153479856,140.2,615.203125,True
1773596576.6915643,105,1,1,1,0,7.287418000487378,837.6723299988953,0.03374099833308719,0.9535707887464068,139.3,613.78125,True
1773596576.9020894,106,0,0,1,0,7.235029002913507,0.0,0.030371000320883468,0.9540442836440577,9.5,615.46875,False
1773596577.112442,107,0,0,1,0,7.077121001202613,0.0,0.03012899833265692,0.9540442836440577,9.5,618.09375,False
1773596577.3229067,108,0,0,1,0,7.145472998672631,0.0,0.03018500137841329,0.9540442836440577,14.3,620.71875,False
1773596577.5333338,109,0,0,1,0,7.151417001296068,0.0,0.030722996598342434,0.9540442836440577,4.8,623.34375,False
1773596577.7437453,110,0,0,1,0,7.091935000062222,0.0,0.032777999876998365,0.9540442836440577,9.5,625.96875,False
1773596577.9541326,111,0,0,1,0,7.1238979980989825,0.0,0.030371000320883468,4.752278526333918,9.5,628.59375,False
1773596578.1645641,112,0,0,1,0,7.114713000191841,0.0,0.03212999945390038,4.752278526333918,9.5,631.21875,False
1773596578.374969,113,0,0,1,0,7.085510002070805,0.0,0.03129700053250417,4.752278526333918,9.5,633.84375,False
1773596578.5854228,114,0,0,1,0,7.207677001133561,0.0,0.03072300023632124,4.752278526333918,9.5,636.46875,False
1773596578.7958379,115,0,0,1,0,7.101306000549812,0.0,0.03044400000362657,4.752278526333918,4.8,639.09375,False
1773596579.0061853,116,0,0,1,0,7.108305999281583,0.0,0.03179700070177205,4.752483145430854,9.5,641.71875,False
1773596579.2166657,117,0,0,1,0,7.14267700095661,0.0,0.032501000532647595,4.752483145430854,4.8,644.34375,False
1773596579.4270735,118,0,0,1,0,7.096638997609261,0.0,0.030574999982491136,4.752483145430854,14.3,646.96875,False
1773596579.6374488,119,0,0,1,0,7.1318990012514405,0.0,0.030573999538319185,4.752483145430854,9.5,649.59375,False
1773596579.8478448,120,0,0,1,0,7.116880002286052,0.0,0.029963000997668132,4.752483145430854,4.8,652.21875,False
1773596580.0581794,121,0,0,0,0,7.111416998668574,0.0,0.03385200034244917,4.752849349901754,9.5,654.84375,False
1773596580.2685354,122,0,0,0,0,7.10254600198823,0.0,0.030629002139903605,4.752849349901754,9.5,657.46875,False
1773596580.4788315,123,0,0,0,0,7.025064001936698,0.0,0.02983299782499671,4.752849349901754,14.3,660.09375,False
1773596580.6903114,124,0,0,0,0,8.117886998661561,0.0,0.03348099926370196,4.752849349901754,4.7,662.71875,False
1773596580.9032807,125,0,0,0,0,9.455802999582374,0.0,0.0359820005542133,4.752849349901754,9.4,665.34375,False
1773596581.1164675,126,0,0,0,0,9.534895998513093,0.0,0.03579600161174312,4.73584076082305,14.1,667.96875,False
1773596581.3295639,127,0,0,0,0,9.465283997997176,0.0,0.03601899879868142,4.73584076082305,9.4,670.59375,False
1773596581.5426338,128,0,0,0,0,9.562913997797295,0.0,0.03566700252122246,4.73584076082305,18.8,671.90625,False
1773596581.7556756,129,0,0,0,0,9.499766001681564,0.0,0.03501899846014567,4.73584076082305,9.4,675.84375,False
1773596581.96872,130,0,0,0,0,9.487747000093805,0.0,0.03576000017346814,4.73584076082305,9.4,678.46875,False
1773596583.0146651,131,0,0,0,0,9.549025002343114,0.0,0.0354450021404773,4.69331719623604,82.2,618.890625,False
1773596583.2246668,132,0,0,0,0,6.759988998965127,0.0,0.02598199716885574,0.9563610386595863,4.8,618.890625,False
1773596583.4354415,133,0,0,0,0,7.6212160020077135,0.0,0.026851997972698882,0.9563610386595863,9.5,587.09375,False
1773596583.6452937,134,0,0,0,0,6.720507000864018,0.0,0.02625900015118532,0.9563610386595863,9.5,587.09375,False
1773596583.855272,135,0,0,0,0,6.750043998181354,0.0,0.026982001145370305,0.9563610386595863,9.5,587.09375,False
1773596584.065136,136,0,0,0,0,6.7471369984559715,0.0,0.028334001399343833,0.9563610386595863,4.8,587.09375,False
1773596584.275148,137,0,0,0,0,6.79691499681212,0.0,0.018407998140901327,4.759524145628613,9.5,587.09375,False
1773596585.2145061,138,1,1,0,0,6.845137002528645,729.326046002825,0.03872199886245653,1.9094475750316624,137.3,596.328125,True
1773596586.313212,139,1,1,1,1,7.190307002019836,888.21242099948,0.0355929987563286,0.9101534866724474,140.2,596.6875,True
1773596588.3121555,140,2,1,1,0,7.206492002296727,1788.4375139983604,0.02931500057457015,0.5002707516208122,154.6,591.71875,True
1773596589.1937842,141,1,1,1,0,7.157214000471868,671.1808299987752,0.033352000173181295,0.5002707516208122,133.8,610.171875,True
1773596590.0749364,142,1,1,1,0,7.139917001040885,670.6578079974861,0.032462998206028715,1.1345654224725863,133.9,610.9375,True
1773596591.0891438,143,1,1,1,0,7.190953998360783,803.8007930008462,0.03294500129413791,0.9859874863419835,134.1,612.921875,True
1773596592.1371655,144,1,1,1,0,7.281121997948503,837.5742370008084,0.03264800034230575,0.95418123579581,140.3,598.75,True
1773596593.2337193,145,1,1,1,0,7.269695001014043,886.0876850012573,0.03314899731776677,0.9119493450377918,140.4,603.140625,True
1773596594.3276112,146,1,1,1,0,7.241917999635916,883.3764080009132,0.03342600030009635,0.9141717297735094,140.8,636.21875,True
1773596595.4260778,147,1,1,1,0,7.292972997674951,887.9602710003383,0.03255599949625321,0.9103557726784571,140.2,637.84375,True
1773596596.4732387,148,1,1,1,0,7.249491998663871,836.6431200010993,0.03403700247872621,0.954961809988213,141.3,638.90625,True
1773596597.5206373,149,1,1,1,0,7.242085001053056,836.9350110006053,0.03433399979257956,0.9547687744493804,139.4,641.53125,True
1773596598.5102055,150,1,1,1,0,7.234677002998069,779.0395929987426,0.03642599767772481,0.9547687744493804,137.4,611.53125,True
1773596599.3896592,151,1,1,1,0,7.253714997204952,668.9999450027244,0.035000000934815034,0.916109137952236,134.2,630.859375,True
1773596600.3783877,152,1,1,1,0,7.261806997121312,778.1682909990195,0.03298100273241289,1.1323789803685256,137.6,616.78125,True
1773596601.4748833,153,1,1,1,0,7.322048000787618,885.9731279990228,0.034130000130971894,0.9119957451980729,141.4,654.21875,True
1773596602.4080994,154,1,1,1,0,7.2333620009885635,722.6768719992833,0.033795997296692804,0.9119957451980729,136.1,647.25,True
1773596603.3960528,155,1,1,1,0,7.29723299809848,777.2917299989786,0.03377800021553412,0.965830411182741,137.7,630.75,True
1773596603.6066353,156,0,0,1,0,7.2515480023866985,0.0,0.03040799856535159,1.8242588398267645,9.5,632.5,False
1773596603.8171384,157,0,0,1,0,7.113212999684038,0.0,0.02877800216083415,1.8242588398267645,9.5,635.125,False
1773596604.0274994,158,0,0,1,0,7.091360999766039,0.0,0.030093000532360747,1.8242588398267645,9.5,637.75,False
1773596604.2379172,159,0,0,1,0,7.131805999961216,0.0,0.029351998819038272,1.8242588398267645,9.5,640.375,False
1773596604.4483018,160,0,0,1,0,7.094602999131894,0.0,0.02987100015161559,1.8242588398267645,9.5,643.0,False
1773596604.6587677,161,0,0,1,0,7.109677000698866,0.0,0.03074000051128678,4.752262372945113,9.5,645.625,False
1773596604.8692188,162,0,0,1,0,7.155286999477539,0.0,0.029647999326698482,4.752262372945113,4.8,648.25,False
1773596605.0796278,163,0,0,1,0,7.08949099862366,0.0,0.029722999897785485,4.752262372945113,14.3,650.875,False
1773596605.289976,164,0,0,1,0,7.075194000208285,0.0,0.028907001251354814,4.752262372945113,4.8,653.5,False
1773596605.5003173,165,0,0,1,0,7.066991001920542,0.0,0.029685001209145412,4.752262372945113,9.5,656.125,False
1773596605.7108696,166,0,0,1,0,7.178880001447396,0.0,0.029795999580528587,4.752360371858276,4.7,658.75,False
1773596605.9212513,167,0,0,1,0,7.13050999911502,0.0,0.029963000997668132,4.752360371858276,9.5,661.375,False
1773596606.131645,168,0,0,1,0,7.112619998224545,0.0,0.030667000828543678,4.752360371858276,14.3,664.0,False
1773596606.3420382,169,0,0,1,0,7.13517599797342,0.0,0.029980998078826815,4.752360371858276,9.5,666.625,False
1773596606.5523963,170,0,0,1,0,7.101750001311302,0.0,0.030777999199926853,4.752360371858276,9.5,669.25,False
1773596606.7628403,171,0,0,0,0,7.106249999196734,0.0,0.032796997402329,4.7530130830971355,9.5,671.875,False
1773596606.9732528,172,0,0,0,0,7.155398998293094,0.0,0.028704002033919096,4.7530130830971355,4.8,674.5,False
1773596607.1835997,173,0,0,0,0,7.105323998985114,0.0,0.02961200152640231,4.7530130830971355,14.3,677.125,False
1773596607.3963227,174,0,0,0,0,9.405357999639818,0.0,0.03464800101937726,4.7530130830971355,9.4,679.75,False
1773596607.609445,175,0,0,0,0,9.467283998674247,0.0,0.035240998840890825,4.7530130830971355,9.4,682.375,False
1773596607.822557,176,0,0,0,0,9.522839998680865,0.0,0.03451899829087779,4.71842260862835,9.4,685.0,False
1773596608.0356266,177,0,0,0,0,9.50650600134395,0.0,0.03435200051171705,4.71842260862835,9.4,687.625,False
1773596608.2488189,178,0,0,0,0,9.531154999422142,0.0,0.06518499867524952,4.71842260862835,18.8,690.25,False
1773596608.4619205,179,0,0,0,0,9.568025001499336,0.0,0.034278000384802,4.71842260862835,9.4,692.890625,False
1773596608.6750667,180,0,0,0,0,9.527507001621416,0.0,0.0345920016115997,4.71842260862835,9.4,695.515625,False
1773596609.7417789,181,0,0,0,0,9.546748002321692,0.0,0.034925997169921175,2.605141259353512,82.5,630.015625,False
1773596609.9526289,182,0,0,0,0,6.766229998902418,0.0,0.026722002075985074,2.605141259353512,9.5,598.515625,False
1773596610.162644,183,0,0,0,0,6.735136998031521,0.0,0.026388999685877934,2.605141259353512,9.5,598.515625,False
1773596610.3726249,184,0,0,0,0,6.740434000676032,0.0,0.02664800194907002,2.605141259353512,9.5,598.515625,False
1773596610.5826428,185,0,0,0,0,6.804895998357097,0.0,0.028166999982204288,2.605141259353512,4.8,598.515625,False
1773596610.792674,186,0,0,0,0,6.770896998204989,0.0,0.03159300104016438,4.757983224163267,9.5,598.515625,False
1773596611.0025659,187,0,0,0,0,6.729507000272861,0.0,0.019037001038668677,4.757983224163267,9.5,598.515625,False
1773596611.2124796,188,0,0,0,0,6.743822003045352,0.0,0.018167000234825537,4.757983224163267,9.5,598.515625,False
1773596611.4223676,189,0,0,0,0,6.734414000675315,0.0,0.018999999156221747,4.757983224163267,9.5,598.515625,False
1773596611.6322918,190,0,0,0,0,6.769599996914621,0.0,0.01933299790835008,4.757983224163267,9.5,598.515625,False
1773596611.842267,191,0,0,0,0,6.737378000252647,0.0,0.02046299778157845,4.763689731596783,4.8,598.515625,False
1773596612.0521982,192,0,0,0,0,6.744025999068981,0.0,0.020073999621672556,4.763689731596783,9.5,598.515625,False
1773596612.2622063,193,0,0,0,0,6.75728499845718,0.0,0.017908001609612256,4.763689731596783,9.5,598.515625,False
1773596612.4722645,194,0,0,0,0,6.755433001671918,0.0,0.019056002201978117,4.763689731596783,9.5,598.515625,False
1773596612.682272,195,0,0,0,0,6.843805000244174,0.0,0.018981998437084258,4.763689731596783,9.5,598.515625,False
1773596612.8922572,196,0,0,0,0,6.753267000021879,0.0,0.019000002794200554,4.761961204523104,4.8,598.515625,False
1773596613.1023011,197,0,0,0,0,6.807637000747491,0.0,0.019222003174945712,4.761961204523104,9.5,598.515625,False
1773596613.3122034,198,0,0,0,0,6.726618998072809,0.0,0.01794399940990843,4.761961204523104,14.3,598.515625,False
1773596613.5222647,199,0,0,0,0,6.839767000201391,0.0,0.019166996935382485,4.761961204523104,4.8,598.515625,False
1773596614.4344962,200,1,1,0,0,6.805840999732027,702.2144969996589,0.03137000021524727,2.5935953227150392,134.8,589.375,True
1773596615.320615,201,1,1,1,1,7.16012100019725,675.4846910007473,0.03494500197120942,2.5935953227150392,133.2,585.6875,True
1773596616.1742785,202,1,1,1,0,7.154399001592537,643.2693499991728,0.03572200148482807,1.1495684634338197,132.4,590.0,True
1773596617.1082587,203,1,1,1,0,7.166436000261456,723.5739699972328,0.0327220004692208,1.1495684634338197,138.1,613.0625,True
1773596617.9909928,204,1,1,1,0,7.249103000503965,672.2813380001753,0.03329600076540373,0.9652896061678318,133.7,613.390625,True
1773596618.873146,205,1,2,1,0,7.200490999821341,671.789184998488,0.03814900264842436,1.2027109215384064,133.8,616.015625,True
1773596619.7086875,206,1,1,1,0,7.232269999803975,625.0252120007644,0.0357409990101587,1.2027109215384064,132.8,621.859375,True
1773596620.5462284,207,1,1,1,0,7.221898998977849,627.1495969995158,0.03531499896780588,1.1954057451413798,132.5,624.484375,True
1773596621.3828042,208,1,2,2,1,7.2402699988742825,625.9689969992905,0.035575001675169915,1.1954057451413798,133.9,627.109375,True
1773596622.2222111,209,1,1,2,0,7.274029001564486,628.9332380001724,0.03507500150590204,1.1933280328827096,133.4,629.75,True
1773596623.106672,210,1,1,2,0,7.262863000505604,673.8836440017621,0.03488899892545305,1.1933280328827096,133.4,629.390625,True
1773596623.9895537,211,1,1,2,0,7.259361998876557,672.4206889994093,0.03524100247886963,1.1316432851592395,134.8,632.015625,True
1773596624.978501,212,1,1,2,0,7.271788999787532,778.3880520000821,0.03435200051171705,1.1316432851592395,137.5,645.546875,True
1773596626.0299997,213,1,1,2,0,7.275565996678779,841.0193329982576,0.036092998925596476,0.9166435009135174,139.8,624.796875,True
1773596626.9692261,214,1,1,2,0,7.241824998345692,728.6893739983498,0.03505499989842065,0.9509608225282933,136.3,647.21875,True
1773596628.0735495,215,1,1,2,0,7.247861998621374,893.8832540006842,0.03535299765644595,1.0301359231408271,141.3,630.09375,True
1773596628.2840679,216,0,0,2,0,7.179140000516782,0.0,0.0301670006592758,1.0301359231408271,9.5,632.71875,False
1773596628.4945574,217,0,0,2,0,7.133361999876797,0.0,0.030184997740434483,1.0301359231408271,9.5,635.34375,False
1773596628.7050457,218,0,0,2,0,7.112232000508811,0.0,0.03012999877682887,1.0301359231408271,14.3,637.96875,False
1773596628.915474,219,0,0,2,0,7.1293430009973235,0.0,0.029759998142253608,1.0301359231408271,9.5,640.59375,False
1773596629.125911,220,0,0,2,0,7.1098619991971646,0.0,0.030815001082373783,4.751383794039156,9.5,643.21875,False
1773596629.336319,221,0,0,2,0,7.102232000761433,0.0,0.030833998607704416,4.751383794039156,4.8,645.84375,False
1773596629.5468132,222,0,0,2,0,7.141918002162129,0.0,0.03149999974993989,4.751383794039156,9.5,648.46875,False
1773596629.7573175,223,0,0,2,0,7.129899000574369,0.0,0.02988900087075308,4.751383794039156,14.3,651.09375,False
1773596629.9676595,224,0,0,1,0,7.0589170027233195,0.0,0.030851999326841906,4.751383794039156,9.5,653.71875,False
1773596630.1781225,225,0,0,1,0,7.161288001952926,0.0,0.031111001590033993,4.751894105472621,4.8,656.34375,False
1773596630.3885214,226,0,0,1,0,7.092212999850744,0.0,0.032037001801654696,4.751894105472621,9.5,658.96875,False
1773596630.598998,227,0,0,1,0,7.153824997658376,0.0,0.0307039990730118,4.751894105472621,9.5,661.59375,False
1773596630.8094757,228,0,0,1,0,7.122213999537053,0.0,0.030832998163532466,4.751894105472621,14.3,664.21875,False
1773596631.0198445,229,0,0,1,0,7.105435000994476,0.0,0.03129700053250417,4.751894105472621,4.8,666.84375,False
1773596631.230202,230,0,0,1,0,7.096231998730218,0.0,0.030055998649913818,4.752515455320075,9.5,669.46875,False
1773596631.4406805,231,0,0,0,0,7.155287003115518,0.0,0.031445000786334276,4.752515455320075,9.5,672.09375,False
1773596631.6513288,232,0,0,0,0,7.395475000521401,0.0,0.03099999958067201,4.752515455320075,4.7,674.71875,False
1773596631.8617196,233,0,0,0,0,7.120083002519095,0.0,0.029925999115221202,4.752515455320075,14.3,677.34375,False
1773596632.0720413,234,0,0,0,0,7.089176000590669,0.0,0.03118599852314219,4.752515455320075,9.5,679.96875,False
1773596632.282412,235,0,0,0,0,7.093027998053003,0.0,0.029759001336060464,4.7518930287508345,4.8,682.59375,False
1773596632.492784,236,0,0,0,0,7.139621000533225,0.0,0.031092000426724553,4.7518930287508345,9.5,685.21875,False
1773596632.703274,237,0,0,0,0,7.059564999508439,0.0,0.031167000997811556,4.7518930287508345,9.5,687.84375,False
1773596632.913724,238,0,0,0,0,7.1836400020401925,0.0,0.03183399894624017,4.7518930287508345,14.3,690.46875,False
1773596633.124133,239,0,0,0,0,7.138936001865659,0.0,0.03679599831230007,4.7518930287508345,4.8,693.09375,False
1773596633.334611,240,0,0,0,0,7.1899729991855565,0.0,0.03072199979214929,4.7519974730360115,9.5,695.71875,False
1773596634.3880503,241,0,0,0,0,7.141991998651065,0.0,0.031111998396227136,0.9492429464864035,82.6,630.234375,False
1773596634.599009,242,0,0,0,0,6.779840998206055,0.0,0.029203001759015024,0.9492429464864035,9.5,597.421875,False
1773596634.8089347,243,0,0,0,0,6.681710001430474,0.0,0.026685000193538144,0.9492429464864035,9.5,597.421875,False
1773596635.018923,244,0,0,0,0,6.776747999538202,0.0,0.02572199809947051,0.9492429464864035,9.5,597.421875,False
1773596635.2287846,245,0,0,0,0,6.729081000230508,0.0,0.026129000616492704,0.9492429464864035,4.8,597.421875,False
1773596635.4387882,246,0,0,0,0,6.78035899909446,0.0,0.027425998268881813,4.758667714995298,9.5,597.421875,False
1773596635.6491728,247,0,0,0,0,7.201584001450101,0.0,0.021722000383306295,4.758667714995298,4.8,597.421875,False
1773596635.859032,248,0,0,0,0,6.715913998050382,0.0,0.018721999367699027,4.758667714995298,14.3,597.421875,False
1773596636.0689256,249,0,0,0,0,6.767378003132762,0.0,0.019426999642746523,4.758667714995298,4.8,597.421875,False
1773596636.278877,250,0,0,0,0,6.764211000700016,0.0,0.018000999261857942,4.758667714995298,9.5,597.421875,False
1773596636.488832,251,0,0,0,0,6.7653219994099345,0.0,0.018889000784838572,4.761680085971954,9.5,597.421875,False
1773596636.698727,252,0,0,0,0,6.771119002223713,0.0,0.01987099676625803,4.761680085971954,4.8,597.421875,False
1773596636.9085732,253,0,0,0,0,6.703544000629336,0.0,0.017926002328749746,4.761680085971954,14.3,597.421875,False
1773596637.1184185,254,0,0,0,0,6.731599998602178,0.0,0.0182229996426031,4.761680085971954,4.8,597.421875,False
1773596637.328207,255,0,0,0,0,6.689303001621738,0.0,0.019333001546328887,4.761680085971954,9.5,597.421875,False
1773596637.538155,256,0,0,0,0,6.799544000386959,0.0,0.019203998817829415,4.764978830667608,4.8,597.421875,False
1773596637.748152,257,0,0,0,0,6.749358999513788,0.0,0.01940800211741589,4.764978830667608,9.5,597.421875,False
1773596637.958017,258,0,0,0,0,6.709951001539594,0.0,0.019203002011636272,4.764978830667608,14.3,597.421875,False
1773596638.1679227,259,0,0,0,0,6.756284998118645,0.0,0.01827699816203676,4.764978830667608,4.8,597.421875,False
1773596638.3778515,260,0,0,0,0,6.722637001075782,0.0,0.01938900095410645,4.764978830667608,9.5,597.421875,False
1773596638.5878472,261,0,0,0,0,6.774249002774013,0.0,0.020093000784981996,4.76332942815571,4.8,597.421875,False
1773596638.7977536,262,0,0,0,0,6.703748000290943,0.0,0.019907001842511818,4.76332942815571,9.5,597.421875,False
1773596639.0077276,263,0,0,0,0,6.737267001881264,0.0,0.018871000065701082,4.76332942815571,14.3,597.421875,False
1773596639.2177398,264,0,0,0,0,6.766228998458246,0.0,0.0190739992831368,4.76332942815571,4.8,597.421875,False
1773596639.429777,265,0,0,0,0,8.821261999401031,0.0,0.02083300205413252,4.76332942815571,9.4,597.421875,False
1773596639.6426518,266,0,0,0,0,9.367894999741111,0.0,0.024795997887849808,4.7404653366447125,9.4,597.421875,False
1773596639.8555763,267,0,0,0,0,9.361486998386681,0.0,0.023926000721985474,4.7404653366447125,9.4,597.421875,False
1773596640.0684102,268,0,0,0,0,9.35417300206609,0.0,0.02288899850100279,4.7404653366447125,18.8,597.421875,False
1773596640.2815173,269,0,0,0,0,9.513322002021596,0.0,0.022815002012066543,4.7404653366447125,9.4,597.421875,False
1773596640.4945486,270,0,0,0,0,9.478857999056345,0.0,0.024091998056974262,4.7404653366447125,9.4,597.421875,False
1773596640.7075489,271,0,0,0,0,9.536341000057291,0.0,0.023610999051015824,4.695268488546569,9.4,597.421875,False
1773596640.9205472,272,0,0,0,0,9.527802998491097,0.0,0.024778000806691125,4.695268488546569,9.4,597.421875,False
1773596642.0987504,273,1,1,0,0,9.58669200190343,965.2460000033898,0.031314997613662854,1.437531627944837,144.3,586.625,True
1773596643.3138494,274,1,1,1,1,7.138102002500091,1004.5837949983252,0.03546300285961479,0.8229697479489545,143.2,566.046875,True
1773596644.5220401,275,1,1,1,0,7.139121000363957,997.8862140014826,0.03296299837529659,0.8276938851787228,144.0,601.296875,True
1773596645.6745353,276,1,1,1,0,7.099602000380401,942.1311070000229,0.0370559973816853,0.8676964350067172,141.4,603.375,True
1773596646.8283405,277,1,1,1,0,7.227935999253532,943.4024310030509,0.03179700070177205,0.8666873576547495,143.0,613.890625,True
1773596647.983314,278,1,1,1,0,7.176881001214497,944.500010999036,0.03244500112487003,0.8658216194067054,143.7,608.15625,True
1773596649.132951,279,1,1,1,0,7.180953998613404,939.2770699996618,0.03429600110393949,0.8698370905332333,141.8,610.890625,True
1773596649.343398,280,0,0,1,0,7.157362000725698,0.0,0.02981499710585922,0.8698370905332333,9.5,612.46875,False
1773596649.5538208,281,0,0,1,0,7.1951589998207055,0.0,0.030834002245683223,0.8698370905332333,4.8,615.09375,False
1773596649.764139,282,0,0,1,0,7.130343001335859,0.0,0.030573999538319185,0.8698370905332333,9.5,617.71875,False
1773596649.9745626,283,0,0,1,0,7.10476899985224,0.0,0.02962900180136785,0.8698370905332333,14.3,620.34375,False
1773596650.1848052,284,0,0,1,0,6.9527679988823365,0.0,0.028648002626141533,4.753640113190542,4.8,622.96875,False
1773596650.3951442,285,0,0,1,0,7.071990999975242,0.0,0.030221999622881413,4.753640113190542,9.5,625.59375,False
1773596650.6052265,286,0,0,1,0,6.774266999855172,0.0,0.026703000912675634,4.753640113190542,9.5,628.21875,False
1773596650.8152382,287,0,0,1,0,6.732933001330821,0.0,0.02649999805726111,4.753640113190542,9.5,630.84375,False
1773596651.0252244,288,0,0,1,0,6.761988999642199,0.0,0.028204001864651218,4.753640113190542,9.5,633.484375,False
1773596651.23524,289,0,0,1,0,6.7454890013323165,0.0,0.026501002139411867,4.7599249271026185,9.5,636.109375,False
1773596651.445248,290,0,0,1,0,6.727656000293791,0.0,0.02603800021461211,4.7599249271026185,4.8,638.734375,False
1773596651.6551728,291,0,0,1,0,6.736433002515696,0.0,0.027648002287605777,4.7599249271026185,14.3,641.359375,False
1773596651.865177,292,0,0,1,0,6.72343300175271,0.0,0.02859200321836397,4.7599249271026185,4.8,643.984375,False
1773596652.0751674,293,0,0,1,0,6.708765999064781,0.0,0.02800000220304355,4.7599249271026185,14.3,646.625,False
1773596652.2851186,294,0,0,1,0,6.772859000193421,0.0,0.02659199890331365,4.762460812466433,9.5,649.25,False
1773596652.4951239,295,0,0,0,0,6.73109999843291,0.0,0.028277998353587463,4.762460812466433,0.0,651.875,False
1773596652.705109,296,0,0,0,0,6.748322000930784,0.0,0.026407000405015424,4.762460812466433,9.5,654.5,False
1773596652.9150677,297,0,0,0,0,6.7931560006400105,0.0,0.026388999685877934,4.762460812466433,9.5,657.125,False
1773596653.1250424,298,0,0,0,0,6.7331730024307035,0.0,0.02603800021461211,4.762460812466433,9.5,659.75,False
1773596653.3349953,299,0,0,0,0,6.735525999829406,0.0,0.026962999982060865,4.762468383089989,14.3,662.375,False
1773596653.5448928,300,0,0,0,0,6.733173999236897,0.0,0.02709299951675348,4.762468383089989,4.8,665.0,False
1773596653.754859,301,0,0,0,0,6.727452000632184,0.0,0.02855500133591704,4.762468383089989,9.5,667.625,False
1773596653.9652178,302,0,0,0,0,7.089361999533139,0.0,0.0284630004898645,4.762468383089989,9.5,670.25,False
1773596654.1751115,303,0,0,0,0,6.709543999022571,0.0,0.02577800114522688,4.762468383089989,9.5,672.875,False
1773596654.3851109,304,0,0,0,0,6.767599999875529,0.0,0.025518998882034793,4.761373055941965,9.5,675.5,False
1773596655.2583652,305,0,0,0,0,6.787303002056433,0.0,0.02766699981293641,4.761373055941965,77.9,610.0,False
1773596655.4686382,306,0,0,0,0,6.703692000883166,0.0,0.026388999685877934,1.8458838321714144,4.8,599.5,False
1773596655.6785116,307,0,0,0,0,6.7586919976747595,0.0,0.027777998184319586,1.8458838321714144,9.5,599.5,False
1773596655.888418,308,0,0,0,0,6.709489000058966,0.0,0.028277998353587463,1.8458838321714144,14.3,599.5,False
1773596656.0983422,309,0,0,0,0,6.769080999220023,0.0,0.027018999389838427,1.8458838321714144,4.8,599.5,False
1773596656.3099127,310,0,0,0,0,8.410054997511907,0.0,0.030834002245683223,1.8458838321714144,9.5,599.5,False
1773596656.5227034,311,0,0,0,0,9.409913000126835,0.0,0.02374099858570844,4.743647829242865,9.4,599.5,False
1773596656.7355728,312,0,0,0,0,9.365505997266155,0.0,0.024463002773700282,4.743647829242865,9.4,599.5,False
1773596656.9484866,313,0,0,0,0,9.430450001673307,0.0,0.02359300196985714,4.743647829242865,14.1,599.5,False
1773596657.1614435,314,0,0,0,0,9.507859002042096,0.0,0.022407002688851207,4.743647829242865,14.1,599.5,False
1773596657.3744032,315,0,0,0,0,9.445876003155718,0.0,0.02272200072184205,4.743647829242865,9.4,599.5,False
1773596657.5874224,316,0,0,0,0,9.563895997416694,0.0,0.023111002519726753,4.696090681499594,9.4,599.5,False
1773596657.8003104,317,0,0,0,0,9.444246999919415,0.0,0.022667001758236438,4.696090681499594,9.4,599.5,False
1773596658.013263,318,0,0,0,0,9.507563001534436,0.0,0.02388900247751735,4.696090681499594,18.8,599.5,False
1773596658.2264278,319,0,0,0,0,9.68402599755791,0.0,0.023296997824218124,4.696090681499594,9.4,599.5,False
1773596659.3972108,320,1,1,0,0,9.570154998073122,957.7877470001113,0.03174099765601568,2.2101095964181328,142.6,599.515625,True
1773596660.5470526,321,1,1,1,1,7.127583998226328,939.3715699989116,0.0331109986291267,0.8696772930736903,141.8,599.59375,True
1773596661.6967256,322,1,1,1,0,7.129657999030314,939.2575700003363,0.0586300011491403,0.8698199536834744,141.8,600.4375,True
1773596662.8439133,323,1,1,1,0,7.156806001148652,936.851888000092,0.03322300108266063,0.8717016361198331,142.1,603.140625,True
1773596663.9919188,324,1,1,1,0,7.195602000138024,937.3926679982105,0.03494500197120942,0.8710786906688149,142.0,605.71875,True
1773596665.1416337,325,1,1,1,0,7.172214001911925,939.3671260004339,0.03244400068069808,0.8697779261634043,140.9,608.265625,True
1773596665.3521295,326,0,0,1,0,7.170120999944629,0.0,0.029221999284345657,0.8697779261634043,14.3,609.84375,False
1773596665.562658,327,0,0,1,0,7.17089899990242,0.0,0.03044500044779852,0.8697779261634043,4.7,612.46875,False
1773596665.7731018,328,0,0,1,0,7.141565001802519,0.0,0.030073999369051307,0.8697779261634043,14.3,615.09375,False
1773596665.9834778,329,0,0,1,0,7.13265699960175,0.0,0.02870399839594029,0.8697779261634043,4.8,617.71875,False
1773596666.1939151,330,0,0,1,0,7.141787998989457,0.0,0.03153800207655877,4.751749829101214,9.5,620.34375,False
1773596666.4042473,331,0,0,1,0,7.062361000862438,0.0,0.030926003091735765,4.751749829101214,9.5,622.96875,False
1773596666.6146576,332,0,0,1,0,7.10415799767361,0.0,0.03094399653491564,4.751749829101214,9.5,625.59375,False
1773596666.8250787,333,0,0,1,0,7.087379999575205,0.0,0.028925998776685447,4.751749829101214,9.5,628.21875,False
1773596667.0354545,334,0,0,1,0,7.119898997189011,0.0,0.030203998903743923,4.751749829101214,14.3,630.84375,False
1773596667.2458606,335,0,0,1,0,7.153621001634747,0.0,0.029741000616922975,4.753065867913329,4.8,633.46875,False
1773596667.456236,336,0,0,1,0,7.085639001161326,0.0,0.029463000828400254,4.753065867913329,9.5,636.09375,False
1773596667.6665359,337,0,0,1,0,7.00012000015704,0.0,0.030017999961273745,4.753065867913329,9.5,638.71875,False
1773596667.8765962,338,0,0,1,0,6.712747999699786,0.0,0.027721998776542023,4.753065867913329,9.5,641.34375,False
1773596668.086669,339,0,0,1,0,6.738710999343311,0.0,0.02633300027810037,4.753065867913329,4.8,643.96875,False
1773596668.2970896,340,0,0,1,0,7.096769000781933,0.0,0.02957399919978343,4.756361313921588,9.5,646.59375,False
1773596668.5074992,341,0,0,0,0,7.087434998538811,0.0,0.030093000532360747,4.756361313921588,9.5,649.21875,False
1773596668.7203352,342,0,0,0,0,9.435284002393018,0.0,0.03377800021553412,4.756361313921588,9.4,651.84375,False
1773596668.9333675,343,0,0,0,0,9.377320002386114,0.0,0.03327800004626624,4.756361313921588,18.8,654.46875,False
1773596669.1464393,344,0,0,0,0,9.419579997484107,0.0,0.03285300044808537,4.756361313921588,9.4,657.09375,False
1773596669.359554,345,0,0,0,0,9.367579998070141,0.0,0.03316699803690426,4.706415679015643,9.4,659.71875,False
1773596669.5727227,346,0,0,0,0,9.495395999692846,0.0,0.034167002013418823,4.706415679015643,9.4,662.34375,False
1773596669.7858214,347,0,0,0,0,9.419654001249,0.0,0.0331109986291267,4.706415679015643,14.1,664.96875,False
1773596669.9987597,348,0,0,0,0,9.217634000378894,0.0,0.03274100163253024,4.706415679015643,18.8,667.59375,False
1773596670.2118618,349,0,0,0,0,9.452358000999084,0.0,0.034704000427154824,4.706415679015643,9.4,670.21875,False
1773596670.4249172,350,0,0,0,0,9.393561998876976,0.0,0.03424099850235507,4.693065128174946,9.4,672.84375,False
1773596671.3227873,351,0,0,0,0,9.445006002351874,0.0,0.037001002056058496,4.693065128174946,78.0,607.34375,False
1773596671.5331352,352,0,0,0,0,6.767025999579346,0.0,0.025222998374374583,0.9998026283797506,9.5,599.46875,False
1773596671.7430248,353,0,0,0,0,6.722007001371821,0.0,0.02650099850143306,0.9998026283797506,9.5,599.46875,False
1773596671.9529555,354,0,0,0,0,6.740248001733562,0.0,0.02544499875511974,0.9998026283797506,9.5,599.46875,False
1773596672.1629145,355,0,0,0,0,6.750322001607856,0.0,0.026962999982060865,0.9998026283797506,4.8,599.46875,False
1773596672.372853,356,0,0,0,0,6.729155000357423,0.0,0.027573998522711918,0.9998026283797506,9.5,599.46875,False
1773596672.5827713,357,0,0,0,0,6.794193002860993,0.0,0.018555998394731432,4.76331211765096,4.8,599.46875,False
1773596672.7927516,358,0,0,0,0,6.753711000783369,0.0,0.020610998035408556,4.76331211765096,14.3,599.46875,False
1773596673.0026526,359,0,0,0,0,6.706987998768454,0.0,0.01881500065792352,4.76331211765096,9.5,599.46875,False
1773596673.212546,360,0,0,0,0,6.747174000338418,0.0,0.01909300044644624,4.76331211765096,4.8,599.46875,False
1773596673.4225998,361,0,0,0,0,6.841119000455365,0.0,0.018148999515688047,4.76331211765096,9.5,599.46875,False
1773596673.632676,362,0,0,0,0,6.77178499972797,0.0,0.01914800304803066,4.7627312068004235,9.5,599.46875,False
1773596673.8426847,363,0,0,0,0,6.803174001106527,0.0,0.018778002413455397,4.7627312068004235,14.3,599.46875,False
1773596674.0526514,364,0,0,0,0,6.7763039987767115,0.0,0.01820399847929366,4.7627312068004235,4.8,599.46875,False
1773596674.2626104,365,0,0,0,0,6.816563000029419,0.0,0.01881500065792352,4.7627312068004235,9.5,599.46875,False
1773596674.472483,366,0,0,0,0,6.755840000550961,0.0,0.019481998606352136,4.7627312068004235,4.8,599.46875,False
1773596674.6826246,367,0,0,0,0,6.816580997110577,0.0,0.019203998817829415,4.762386189036451,9.5,599.46875,False
1773596674.892562,368,0,0,0,0,6.730563000019174,0.0,0.018871000065701082,4.762386189036451,9.5,599.46875,False
1773596675.10252,369,0,0,0,0,6.795895998948254,0.0,0.018593000277178362,4.762386189036451,9.5,599.46875,False
1773596675.312432,370,0,0,0,0,6.775896003091475,0.0,0.01883300137706101,4.762386189036451,4.8,599.46875,False
1773596675.522405,371,0,0,0,0,6.765915000869427,0.0,0.01851799970609136,4.762386189036451,9.5,599.46875,False
1773596675.7330196,372,0,0,0,0,7.366862999333534,0.0,0.0224069990508724,4.7626836151712615,9.5,599.46875,False
1773596675.9458416,373,0,0,0,0,9.307542000897229,0.0,0.023314998543355614,4.7626836151712615,14.1,599.46875,False
1773596676.1591578,374,0,0,0,0,9.588377000909531,0.0,0.026704001356847584,4.7626836151712615,9.4,599.46875,False
1773596676.3722892,375,0,0,0,0,9.508821000054013,0.0,0.02377800046815537,4.7626836151712615,14.1,599.484375,False
1773596676.5853875,376,0,0,0,0,9.53228499929537,0.0,0.024684999516466632,4.7626836151712615,9.4,599.484375,False
1773596676.798286,377,0,0,0,0,9.410099002707284,0.0,0.023537999368272722,4.702583699698671,9.4,599.484375,False
1773596677.0112207,378,0,0,0,0,9.408172998519149,0.0,0.022667001758236438,4.702583699698671,18.8,599.484375,False
1773596677.2242606,379,0,0,0,0,9.435580002900679,0.0,0.023075001081451774,4.702583699698671,9.4,599.484375,False
1773596677.437123,380,0,0,0,0,9.399838996614562,0.0,0.02318599945283495,4.702583699698671,9.4,599.484375,False
1773596677.6501896,381,0,0,0,0,9.553932999551762,0.0,0.024370998289668933,4.702583699698671,9.4,599.484375,False
1773596677.8630211,382,0,0,0,0,9.36913500117953,0.0,0.021963001927360892,4.695739479462275,9.4,599.484375,False
1773596678.075304,383,0,0,0,0,8.844706000672886,0.0,0.021629999537253752,4.695739479462275,18.8,599.484375,False
1773596678.2881463,384,0,0,0,0,9.415747001185082,0.0,0.022407002688851207,4.695739479462275,9.4,599.484375,False
1773596678.5011532,385,0,0,0,0,9.414173000550363,0.0,0.023130000045057386,4.695739479462275,9.4,599.484375,False
1773596678.7140021,386,0,0,0,0,9.401006002008216,0.0,0.02377800046815537,4.695739479462275,9.4,599.484375,False
1773596678.926825,387,0,0,0,0,9.382357999129454,0.0,0.023093001800589263,4.7001016824785875,9.4,599.484375,False
1773596679.1397676,388,0,0,0,0,9.428303001186578,0.0,0.02405600025667809,4.7001016824785875,18.8,599.484375,False
1773596679.3527002,389,0,0,0,0,9.442802998819388,0.0,0.023851996957091615,4.7001016824785875,9.4,599.484375,False
1773596679.565686,390,0,0,0,0,9.40500599972438,0.0,0.02459299867041409,4.7001016824785875,9.4,599.484375,False
1773596679.7785215,391,0,0,0,0,9.401024999533547,0.0,0.023111002519726753,4.7001016824785875,9.4,599.484375,False
1773596679.991333,392,0,0,0,0,9.391671999765094,0.0,0.022276999516179785,4.697037295849348,9.4,599.5,False
1773596680.2042892,393,0,0,0,0,9.411728002305608,0.0,0.023333999706665054,4.697037295849348,18.8,599.5,False
1773596680.4173353,394,0,0,0,0,9.513933000562247,0.0,0.023908000002847984,4.697037295849348,9.4,599.5,False
1773596680.6302783,395,0,0,0,0,9.458709999307757,0.0,0.022852000256534666,4.697037295849348,9.4,599.5,False
1773596680.8432815,396,0,0,0,0,9.462636000534985,0.0,0.023610999051015824,4.697037295849348,9.4,599.5,False
1773596681.056207,397,0,0,0,0,9.401969000464305,0.0,0.022297001123661175,4.695772073847028,9.4,599.5,False
1773596681.2691257,398,0,0,0,0,9.407412999280496,0.0,0.022500000341096893,4.695772073847028,18.8,599.5,False
1773596681.4821136,399,0,0,0,0,9.495618000073591,0.0,0.02083300205413252,4.695772073847028,9.4,599.5,False
1773596681.694953,400,0,0,0,0,9.419154997885926,0.0,0.023445001716027036,4.695772073847028,9.4,599.5,False
1773596681.907915,401,0,0,0,0,9.426766002434306,0.0,0.02298199979122728,4.695772073847028,9.4,599.5,False
1773596682.1209202,402,0,0,0,0,9.464172999287257,0.0,0.023962998966453597,4.696135899950221,14.1,599.5,False
1773596682.333847,403,0,0,0,0,9.460468998440774,0.0,0.02294499790878035,4.696135899950221,14.1,599.5,False
1773596682.5467725,404,0,0,0,0,9.505432997684693,0.0,0.02388900247751735,4.696135899950221,9.4,599.5,False
1773596682.7596571,405,0,0,0,0,9.40284000171232,0.0,0.023371001589111984,4.696135899950221,14.1,599.515625,False
1773596682.9725335,406,0,0,0,0,9.414783999091014,0.0,0.02272200072184205,4.696135899950221,4.7,599.515625,False
1773596683.1853561,407,0,0,0,0,9.38304299779702,0.0,0.02140700235031545,4.696898435197354,9.4,599.515625,False
1773596683.3982024,408,0,0,0,0,9.46006199956173,0.0,0.022019001335138455,4.696898435197354,18.8,599.515625,False
1773596683.6111307,409,0,0,0,0,9.50045100034913,0.0,0.02185199991799891,4.696898435197354,9.4,599.515625,False
1773596683.8241377,410,0,0,0,0,9.474136000790168,0.0,0.02377800046815537,4.696898435197354,9.4,599.515625,False
1773596684.0371513,411,0,0,0,0,9.467468997172546,0.0,0.022778000129619613,4.696898435197354,9.4,599.515625,False
1773596684.2500837,412,0,0,0,0,9.475580998696387,0.0,0.023685002815909684,4.696535542717348,9.4,599.515625,False
1773596684.4629595,413,0,0,0,0,9.411691000423161,0.0,0.02316699828952551,4.696535542717348,18.8,599.515625,False
1773596684.675955,414,0,0,0,0,9.510710999165894,0.0,0.02238899833173491,4.696535542717348,9.4,599.515625,False
1773596684.8889327,415,0,0,0,0,9.489822001341963,0.0,0.02292600038344972,4.696535542717348,9.4,599.515625,False
1773596685.1018806,416,0,0,0,0,9.44839599833358,0.0,0.023666998458793387,4.696535542717348,9.4,599.515625,False
1773596685.3148096,417,0,0,0,0,9.39111700063222,0.0,0.023667002096772194,4.696002350294145,9.4,599.515625,False
1773596685.5278878,418,0,0,0,0,9.481747998506762,0.0,0.023648997739655897,4.696002350294145,18.8,599.515625,False
1773596685.740778,419,0,0,0,0,9.42343300266657,0.0,0.023332999262493104,4.696002350294145,9.4,599.515625,False
1773596685.9537454,420,0,0,0,0,9.472136000113096,0.0,0.02288899850100279,4.696002350294145,9.4,599.515625,False
1773596686.166671,421,0,0,0,0,9.402524003235158,0.0,0.02292600038344972,4.696002350294145,9.4,599.515625,False
1773596686.3796,422,0,0,0,0,9.39815400124644,0.0,0.022240998077904806,4.695457714612988,14.1,599.515625,False
1773596686.5921667,423,0,0,0,0,9.085338002478238,0.0,0.023592998331878334,4.695457714612988,14.1,599.515625,False
1773596686.8051732,424,0,0,0,0,9.53772900174954,0.0,0.02400099765509367,4.695457714612988,9.4,599.515625,False
1773596687.0181189,425,0,0,0,0,9.505581001576502,0.0,0.02401799793005921,4.695457714612988,9.4,599.515625,False
1773596687.2311559,426,0,0,0,0,9.608118998585269,0.0,0.02575899998191744,4.695457714612988,9.4,599.515625,False
1773596687.4442253,427,0,0,0,0,9.61136000114493,0.0,0.026130001060664654,4.697503380635728,9.4,599.515625,False
1773596687.6573985,428,0,0,0,0,9.674526001617778,0.0,0.024685999960638583,4.697503380635728,18.8,599.515625,False
1773596687.870411,429,0,0,0,0,9.568989000399597,0.0,0.02403699909336865,4.697503380635728,9.4,599.515625,False
1773596688.0834708,430,0,0,0,0,9.604415001376765,0.0,0.025000001187436283,4.697503380635728,9.4,599.515625,False
1773596688.296702,431,0,0,0,0,9.614747999876272,0.0,0.025074001314351335,4.697503380635728,9.4,599.515625,False
1773596688.5098975,432,0,0,0,0,9.692823001387296,0.0,0.025000001187436283,4.69221249863797,9.4,599.515625,False
1773596688.722869,433,0,0,0,0,9.516414000245277,0.0,0.023148000764194876,4.69221249863797,18.8,599.515625,False
1773596688.9359424,434,0,0,0,0,9.57565600037924,0.0,0.02322200089110993,4.69221249863797,9.4,599.515625,False
1773596690.1102834,435,1,1,0,0,9.59435899858363,961.3694920008129,0.03101900074398145,2.337258247620804,143.1,599.609375,True
1773596690.3206432,436,0,0,0,0,7.11658300133422,0.0,0.03074100095545873,2.337258247620804,9.5,599.609375,False
1773596691.602911,437,1,1,1,1,7.202157998108305,1071.844013997179,0.03522300175973214,1.3399077977684517,145.0,600.21875,True
1773596692.8678298,438,1,1,1,0,7.220750998385483,1054.5056959999783,0.03346399898873642,0.790575157344908,144.7,589.953125,True
1773596693.0784357,439,0,0,1,0,7.185157999629155,0.0,0.02942600258393213,0.790575157344908,9.5,591.40625,False
1773596693.28883,440,0,0,1,0,7.169139997131424,0.0,0.030907001928426325,0.790575157344908,4.8,594.03125,False
1773596693.4991667,441,0,0,1,0,7.1312870022666175,0.0,0.02931500057457015,0.790575157344908,9.5,596.65625,False
1773596693.709685,442,0,0,1,0,7.274194998899475,0.0,0.030369999876711518,0.790575157344908,9.5,599.28125,False
1773596693.9201314,443,0,0,1,0,7.154768998589134,0.0,0.029055998311378062,4.751664774748443,9.5,601.90625,False
1773596694.1305416,444,0,0,1,0,7.188936000602553,0.0,0.028943999495822936,4.751664774748443,9.5,604.53125,False
1773596694.3408833,445,0,0,1,0,7.155602001148509,0.0,0.02929699985543266,4.751664774748443,9.5,607.15625,False
1773596694.5512657,446,0,0,1,0,7.175751001341268,0.0,0.029500999517040327,4.751664774748443,4.8,609.78125,False
1773596694.7616546,447,0,0,1,0,7.182935998571338,0.0,0.028889000532217324,4.751664774748443,9.5,612.40625,False
1773596694.9720237,448,0,0,1,0,7.147305997932563,0.0,0.030592000257456675,4.75333842857907,14.3,615.03125,False
1773596695.1823888,449,0,0,1,0,7.170380999014014,0.0,0.030981002055341378,4.75333842857907,4.8,617.65625,False
1773596695.392762,450,0,0,1,0,7.145307001337642,0.0,0.06170399865368381,4.75333842857907,14.3,620.28125,False
1773596695.6031244,451,0,0,1,0,7.195102996774949,0.0,0.029741000616922975,4.75333842857907,4.8,622.90625,False
1773596695.8134995,452,0,0,1,0,7.149492001190083,0.0,0.028332997317193076,4.75333842857907,9.5,625.53125,False
1773596696.023864,453,0,0,1,0,7.135195002774708,0.0,0.029537000955315307,4.753574385780476,14.3,628.15625,False
1773596696.2340934,454,0,0,0,0,7.086269000865286,0.0,0.028647998988162726,4.753574385780476,4.8,630.78125,False
1773596696.4443724,455,0,0,0,0,7.1105280003394,0.0,0.031445000786334276,4.753574385780476,9.5,633.40625,False
1773596696.6546907,456,0,0,0,0,7.076582998706726,0.0,0.029741000616922975,4.753574385780476,9.5,636.03125,False
1773596696.8650002,457,0,0,0,0,7.1572510023543146,0.0,0.029481001547537744,4.753574385780476,4.8,638.65625,False
1773596697.0753222,458,0,0,0,0,7.116954002412967,0.0,0.029296003049239516,4.7552968285126616,14.3,641.28125,False
1773596697.2856135,459,0,0,0,0,7.146972999180434,0.0,0.029055998311378062,4.7552968285126616,4.8,643.90625,False
1773596697.4958642,460,0,0,0,0,7.083823998982552,0.0,0.0301670006592758,4.7552968285126616,9.5,646.546875,False
1773596697.7062123,461,0,0,0,0,7.160362001741305,0.0,0.02848200165317394,4.7552968285126616,9.5,649.171875,False
1773596697.916547,462,0,0,0,0,7.142899001337355,0.0,0.030371000320883468,4.7552968285126616,9.5,651.796875,False
1773596698.126858,463,0,0,0,0,7.157418000133475,0.0,0.02925999797298573,4.754952886979085,9.5,654.421875,False
1773596698.940369,464,0,0,0,0,7.141269001294859,0.0,0.028906997613376006,4.754952886979085,76.2,588.921875,False
1773596699.150402,465,0,0,0,0,6.784507000702433,0.0,0.025388999347342178,1.9539845304464536,9.5,588.921875,False
1773596699.3621151,466,0,0,0,0,8.444389000942465,0.0,0.030093000532360747,1.9539845304464536,9.4,588.921875,False
1773596699.574981,467,0,0,0,0,9.471802997722989,0.0,0.032815001759445295,1.9539845304464536,9.4,588.921875,False
1773596699.788034,468,0,0,0,0,9.440562000236241,0.0,0.03381500209798105,1.9539845304464536,14.1,588.921875,False
1773596700.0010624,469,0,0,0,0,9.529267001198605,0.0,0.0327220004692208,1.9539845304464536,9.4,588.921875,False
1773596700.2140615,470,0,0,0,0,9.480135999183403,0.0,0.022871001419844106,4.700965611913988,14.1,588.921875,False
1773596700.426944,471,0,0,0,0,9.418302000995027,0.0,0.023036998754832894,4.700965611913988,9.4,588.921875,False
1773596700.6398985,472,0,0,0,0,9.501710999757051,0.0,0.023962998966453597,4.700965611913988,9.4,588.921875,False
1773596700.852886,473,0,0,0,0,9.496488000877434,0.0,0.023926997528178617,4.700965611913988,14.1,588.921875,False
1773596701.065798,474,0,0,0,0,9.462024998356355,0.0,0.022648000594926998,4.700965611913988,9.4,588.921875,False
1773596701.2786784,475,0,0,0,0,9.412097999302205,0.0,0.02401899837423116,4.69654606055082,14.1,588.921875,False
1773596701.4915583,476,0,0,0,0,9.40722900122637,0.0,0.02370399670326151,4.69654606055082,9.4,588.921875,False
1773596701.7045562,477,0,0,0,0,9.50372900115326,0.0,0.0245749979512766,4.69654606055082,9.4,588.921875,False
1773596701.9173894,478,0,0,0,0,9.363541998027358,0.0,0.024408000172115862,4.69654606055082,14.1,588.921875,False
1773596702.1304307,479,0,0,0,0,9.487950999755412,0.0,0.024147997464751825,4.69654606055082,14.1,588.921875,False
1773596702.3433535,480,0,0,0,0,9.449450000829529,0.0,0.023611999495187774,4.69628418051414,9.4,588.921875,False
1773596702.556382,481,0,0,0,0,9.510246996796923,0.0,0.02300000051036477,4.69628418051414,9.4,588.921875,False
1773596702.7692237,482,0,0,0,0,9.391765997861512,0.0,0.022797001292929053,4.69628418051414,9.4,588.921875,False
1773596702.9822402,483,0,0,0,0,9.400246999575756,0.0,0.023667002096772194,4.69628418051414,18.8,588.921875,False
1773596703.1952145,484,0,0,0,0,9.463450998737244,0.0,0.02377800046815537,4.69628418051414,9.4,588.921875,False
1773596703.4081967,485,0,0,0,0,9.515765999822179,0.0,0.022443997295340523,4.69552184468465,9.4,588.921875,False
1773596703.6211925,486,0,0,0,0,9.542322000925196,0.0,0.022814998374087736,4.69552184468465,9.4,588.921875,False
1773596703.8341272,487,0,0,0,0,9.516581001662416,0.0,0.02242600021418184,4.69552184468465,9.4,588.921875,False
1773596704.0471208,488,0,0,0,0,9.458709999307757,0.0,0.024000000848900527,4.69552184468465,14.1,588.921875,False
1773596704.2601426,489,0,0,0,0,9.552284998790128,0.0,0.02361100268899463,4.69552184468465,9.4,588.921875,False
1773596704.4731479,490,0,0,0,0,9.524359000351978,0.0,0.02322200089110993,4.6950288240891025,9.4,588.921875,False
1773596704.6861968,491,0,0,0,0,9.510043000773294,0.0,0.02409300213912502,4.6950288240891025,14.1,588.921875,False
1773596704.89913,492,0,0,0,0,9.471061999647645,0.0,0.02298199979122728,4.6950288240891025,9.4,588.921875,False
1773596705.1122177,493,0,0,0,0,9.486024999205256,0.0,0.023332999262493104,4.6950288240891025,18.8,588.921875,False
1773596705.3252413,494,0,0,0,0,9.573322000505868,0.0,0.02288899850100279,4.6950288240891025,9.4,588.921875,False
1773596705.538388,495,0,0,0,0,9.622377998312004,0.0,0.023630000214325264,4.6938088068450785,9.4,588.921875,False
1773596705.7515693,496,0,0,0,0,9.691618997749174,0.0,0.027037000108975917,4.6938088068450785,9.4,588.921875,False
1773596706.987655,497,1,1,0,0,9.703564002847997,1022.9751369988662,0.030907001928426325,1.3799460728261954,142.4,618.3125,True
1773596708.1428373,498,1,1,1,1,7.130676000087988,944.7337169985985,0.034166998375440016,0.8656502514620462,143.7,617.53125,True
1773596708.353226,499,0,0,1,0,7.140955000068061,0.0,0.028407001082086936,0.8656502514620462,4.8,617.53125,False
1773596708.563594,500,0,0,1,0,7.122529001208022,0.0,0.02983299782499671,0.8656502514620462,14.3,620.03125,False
1773596708.7739472,501,0,0,1,0,7.106897999619832,0.0,0.029963000997668132,0.8656502514620462,4.8,622.65625,False
1773596708.9842348,502,0,0,1,0,7.1001020005496684,0.0,0.029167000320740044,0.8656502514620462,9.5,625.28125,False
1773596709.1946204,503,0,0,1,0,7.111342998541659,0.0,0.030130002414807677,4.754054992064681,14.3,627.90625,False
1773596709.4049904,504,0,0,1,0,7.147545999032445,0.0,0.030223000067053363,4.754054992064681,4.8,630.53125,False
1773596709.6152587,505,0,0,1,0,7.08619399665622,0.0,0.029999999242136255,4.754054992064681,9.5,633.15625,False
1773596709.8256185,506,0,0,1,0,7.088602000294486,0.0,0.02931500057457015,4.754054992064681,4.8,635.78125,False
1773596710.0368104,507,0,0,1,0,7.861828999011777,0.0,0.06424100138247013,4.754054992064681,9.5,638.40625,False
1773596710.2471852,508,0,0,1,0,7.123231996956747,0.0,0.029815000743838027,4.75032476320883,9.5,641.03125,False
1773596710.4575753,509,0,0,1,0,7.154490998800611,0.0,0.02900099934777245,4.75032476320883,9.5,643.65625,False
1773596710.6679254,510,0,0,1,0,7.071231997542782,0.0,0.030815001082373783,4.75032476320883,9.5,646.28125,False
1773596710.8781567,511,0,0,1,0,7.043269000860164,0.0,0.029667000490007922,4.75032476320883,4.8,648.90625,False
1773596711.088487,512,0,0,1,0,7.108490997779882,0.0,0.02961100108223036,4.75032476320883,9.5,651.53125,False
1773596711.3013015,513,0,0,1,0,9.499857998889638,0.0,0.034388998756185174,4.743476157334473,14.1,654.15625,False
1773596711.5144012,514,0,0,0,0,9.549230002448894,0.0,0.03618599657784216,4.743476157334473,14.1,656.78125,False
1773596711.7274532,515,0,0,0,0,9.518877002847148,0.0,0.03511199975037016,4.743476157334473,9.4,659.40625,False
1773596711.9404452,516,0,0,0,0,9.471339999436168,0.0,0.034685999708017334,4.743476157334473,9.4,662.03125,False
1773596712.1534345,517,0,0,0,0,9.48626600074931,0.0,0.034480999602237716,4.743476157334473,9.4,664.65625,False
1773596712.3665009,518,0,0,0,0,9.479544001806062,0.0,0.035499997466104105,4.693991611413116,18.8,667.28125,False
1773596712.5796099,519,0,0,0,0,9.529729999485426,0.0,0.036092998925596476,4.693991611413116,9.4,669.921875,False
1773596712.792637,520,0,0,0,0,9.496524999121903,0.0,0.03548200038494542,4.693991611413116,9.4,672.546875,False
1773596713.0056968,521,0,0,0,0,9.555914999509696,0.0,0.03511099930619821,4.693991611413116,14.1,675.171875,False
1773596713.2186813,522,0,0,0,0,9.431746999325696,0.0,0.03483399996184744,4.693991611413116,9.4,677.796875,False
1773596713.4316592,523,0,0,0,0,9.443840001040371,0.0,0.03377800021553412,4.694160770852023,14.1,680.421875,False
1773596714.2486029,524,0,0,0,0,9.509431998594664,0.0,0.03557499803719111,4.694160770852023,77.1,616.234375,False
1773596714.4584906,525,0,0,0,0,6.729174001520732,0.0,0.02679699900909327,1.94764221888816,9.5,616.234375,False
1773596714.6684449,526,0,0,0,0,6.759452000551391,0.0,0.028092999855289236,1.94764221888816,4.8,616.234375,False
1773596714.8783598,527,0,0,0,0,6.736506999004632,0.0,0.025852001272141933,1.94764221888816,9.5,616.234375,False
1773596715.0882695,528,0,0,0,0,6.694654999591876,0.0,0.026684996555559337,1.94764221888816,14.3,616.234375,False
1773596715.298295,529,0,0,0,0,6.806563997088233,0.0,0.025870001991279423,1.94764221888816,4.8,616.234375,False
1773596715.5081701,530,0,0,0,0,6.7549880004662555,0.0,0.01909300044644624,4.763357557994274,9.5,616.234375,False
1773596715.7180674,531,0,0,0,0,6.75213700014865,0.0,0.01879599949461408,4.763357557994274,4.8,616.234375,False
1773596715.9278965,532,0,0,0,0,6.6975629997614305,0.0,0.020296000002417713,4.763357557994274,9.5,616.234375,False
1773596716.1377912,533,0,0,0,0,6.744099999195896,0.0,0.019519000488799065,4.763357557994274,9.5,616.234375,False
1773596716.347645,534,0,0,0,0,6.719358996633673,0.0,0.019186001736670732,4.763357557994274,9.5,616.25,False
1773596716.5575979,535,0,0,0,0,6.821323000622215,0.0,0.019202998373657465,4.764490601093368,4.8,616.25,False
1773596716.7675116,536,0,0,0,0,6.703154998831451,0.0,0.019129998690914363,4.764490601093368,9.5,616.25,False
1773596716.9774582,537,0,0,0,0,6.739006999850972,0.0,0.019499999325489625,4.764490601093368,4.8,616.25,False
1773596717.1874108,538,0,0,0,0,6.730989000061527,0.0,0.0202410010388121,4.764490601093368,14.3,616.25,False
1773596717.3972776,539,0,0,0,0,6.740414999512723,0.0,0.01901899668155238,4.764490601093368,4.8,616.25,False
1773596717.6072686,540,0,0,0,0,6.791489002353046,0.0,0.019186001736670732,4.76341814646733,9.5,616.25,False
1773596717.8171327,541,0,0,0,0,6.731433000823017,0.0,0.01875899761216715,4.76341814646733,9.5,616.25,False
1773596718.026992,542,0,0,0,0,6.732081001246115,0.0,0.018685997929424047,4.76341814646733,4.8,616.25,False
1773596718.236986,543,0,0,0,0,6.77396999890334,0.0,0.01879599949461408,4.76341814646733,14.3,616.25,False
1773596718.4470057,544,0,0,0,0,6.8357860000105575,0.0,0.01968500146176666,4.76341814646733,4.8,616.25,False
1773596718.6570368,545,0,0,0,0,6.808545000239974,0.0,0.019017999875359237,4.76296485223047,9.5,616.265625,False
1773596718.8696785,546,0,0,0,0,9.42656199913472,0.0,0.024297001800732687,4.76296485223047,9.4,616.265625,False
1773596719.082655,547,0,0,0,0,9.41626599887968,0.0,0.02298099934705533,4.76296485223047,9.4,616.265625,False
1773596719.2955742,548,0,0,0,0,9.415561999048805,0.0,0.02379700163146481,4.76296485223047,18.8,616.265625,False
1773596719.5088005,549,0,0,0,0,9.61228500091238,0.0,0.022814998374087736,4.76296485223047,9.4,616.265625,False
1773596719.7217333,550,0,0,0,0,9.446913998544915,0.0,0.023444001271855086,4.696383039425708,9.4,616.265625,False
1773596719.9346254,551,0,0,0,0,9.417580000445014,0.0,0.022685002477373928,4.696383039425708,9.4,616.265625,False
1773596720.1474473,552,0,0,0,0,9.348524999950314,0.0,0.02318599945283495,4.696383039425708,9.4,616.265625,False
1773596720.3603184,553,0,0,0,0,9.433672999875853,0.0,0.022852000256534666,4.696383039425708,18.8,616.265625,False
1773596720.5734973,554,0,0,0,0,9.63508199856733,0.0,0.023611999495187774,4.696383039425708,4.7,616.265625,False
1773596720.7864554,555,0,0,0,0,9.486784998443909,0.0,0.02266699812025763,4.696054927992326,9.4,616.265625,False
1773596720.9993773,556,0,0,0,0,9.45385899831308,0.0,0.023667002096772194,4.696054927992326,9.4,616.265625,False
1773596721.2122853,557,0,0,0,0,9.409784001036314,0.0,0.02290699922014028,4.696054927992326,9.4,616.265625,False
1773596721.4251397,558,0,0,0,0,9.340320000774227,0.0,0.022815002012066543,4.696054927992326,18.8,616.265625,False
1773596721.6381388,559,0,0,0,0,9.455635998165235,0.0,0.02272200072184205,4.696054927992326,9.4,616.265625,False
1773596721.8511465,560,0,0,0,0,9.413970001332927,0.0,0.023704000341240317,4.696205306708055,9.4,616.265625,False
1773596722.0640888,561,0,0,0,0,9.386043002450606,0.0,0.023667002096772194,4.696205306708055,9.4,616.265625,False
1773596722.277154,562,0,0,0,0,9.45945100102108,0.0,0.02350000067963265,4.696205306708055,9.4,616.265625,False
1773596722.4899716,563,0,0,0,0,9.311245998105733,0.0,0.022814998374087736,4.696205306708055,18.8,616.265625,False
1773596722.7029767,564,0,0,0,0,9.510358999250457,0.0,0.02290699922014028,4.696205306708055,9.4,616.265625,False
1773596722.916083,565,0,0,0,0,9.477709998463979,0.0,0.02401799793005921,4.695140243995268,9.4,616.265625,False
1773596723.1292572,566,0,0,0,0,9.471061999647645,0.0,0.022795997210778296,4.695140243995268,9.4,616.265625,False
1773596723.3422422,567,0,0,0,0,9.458711003389908,0.0,0.022222000552574173,4.695140243995268,14.1,616.265625,False
1773596723.5552142,568,0,0,0,0,9.447301999898627,0.0,0.025852001272141933,4.695140243995268,14.1,616.265625,False
1773596723.768346,569,0,0,0,0,9.605081002519,0.0,0.025851997634163126,4.695140243995268,14.1,616.265625,False
1773596723.9815547,570,0,0,0,0,9.607174000848318,0.0,0.027295998734189197,4.692818337766237,9.4,616.265625,False
1773596724.194452,571,0,0,0,0,9.416172000783263,0.0,0.022944001102587208,4.692818337766237,9.4,616.265625,False
1773596724.4075456,572,0,0,0,0,9.453450998989865,0.0,0.023370997951133177,4.692818337766237,9.4,616.265625,False
1773596724.6204734,573,0,0,0,0,9.453561997361248,0.0,0.025074001314351335,4.692818337766237,18.8,616.265625,False
1773596724.8335245,574,0,0,0,0,9.48720999804209,0.0,0.02359200152568519,4.692818337766237,9.4,616.265625,False
1773596725.0464554,575,0,0,0,0,9.43200599795091,0.0,0.02266699812025763,4.695226440380767,14.1,616.265625,False
1773596725.2594643,576,0,0,0,0,9.475637001742143,0.0,0.02355600008741021,4.695226440380767,9.4,616.265625,False
1773596725.4723485,577,0,0,0,0,9.411672999704024,0.0,0.023352000425802544,4.695226440380767,9.4,616.265625,False
1773596725.6853127,578,0,0,0,0,9.457506002945593,0.0,0.023741002223687246,4.695226440380767,18.8,616.265625,False
1773596725.8983104,579,0,0,0,0,9.464266000577481,0.0,0.02431499888189137,4.695226440380767,9.4,616.265625,False
1773596726.1111825,580,0,0,0,0,9.407894998730626,0.0,0.02325999957975,4.696049670169527,9.4,616.265625,False
1773596726.324048,581,0,0,0,0,9.401783001521835,0.0,0.023130000045057386,4.696049670169527,9.4,616.265625,False
1773596726.5370681,582,0,0,0,0,9.464839997235686,0.0,0.023723001504549757,4.696049670169527,9.4,616.265625,False
1773596726.7500448,583,0,0,0,0,9.415673001058167,0.0,0.0235740008065477,4.696049670169527,18.8,616.265625,False
1773596726.9629722,584,0,0,0,0,9.46972800011281,0.0,0.023314998543355614,4.696049670169527,9.4,616.265625,False
1773596727.1760428,585,0,0,0,0,9.44356199761387,0.0,0.02379700163146481,4.695468227619442,9.4,616.265625,False
1773596727.3890162,586,0,0,0,0,9.464839997235686,0.0,0.02377800046815537,4.695468227619442,9.4,616.265625,False
1773596727.6019256,587,0,0,0,0,9.44337700275355,0.0,0.023093001800589263,4.695468227619442,9.4,616.265625,False
1773596727.8148537,588,0,0,0,0,9.39596900207107,0.0,0.02353699892410077,4.695468227619442,18.8,616.265625,False
1773596728.0277054,589,0,0,0,0,9.40452400027425,0.0,0.0224069990508724,4.695468227619442,9.4,616.265625,False
1773596728.2406847,590,0,0,0,0,9.44008000078611,0.0,0.02375999974901788,4.696472436705792,9.4,616.265625,False
1773596728.4536245,591,0,0,0,0,9.439209999982268,0.0,0.02355499964323826,4.696472436705792,9.4,616.265625,False
1773596728.666682,592,0,0,0,0,9.477024999796413,0.0,0.024592001864220947,4.696472436705792,9.4,616.265625,False
1773596728.8796346,593,0,0,0,0,9.383302000060212,0.0,0.023888998839538544,4.696472436705792,18.8,616.265625,False
1773596729.0927453,594,0,0,0,0,9.613080997951329,0.0,0.0263700021605473,4.696472436705792,4.7,616.265625,False
1773596729.305766,595,0,0,0,0,9.480061999056488,0.0,0.023888998839538544,4.6944434309081515,9.4,616.265625,False
1773596729.5187366,596,0,0,0,0,9.402783998666564,0.0,0.024425997253274545,4.6944434309081515,14.1,616.265625,False
1773596729.7317286,597,0,0,0,0,9.415265998541145,0.0,0.024982000468298793,4.6944434309081515,9.4,616.265625,False
1773596729.9445806,598,0,0,0,0,9.37148699813406,0.0,0.02359300196985714,4.6944434309081515,14.1,616.265625,False
1773596730.157532,599,0,0,0,0,9.453006001422182,0.0,0.02409300213912502,4.6944434309081515,9.4,616.265625,False
1773596730.3704224,600,0,0,0,0,9.437135999178281,0.0,0.022649001039098948,4.696359901860582,14.1,616.265625,False
1773596730.5832283,601,0,0,0,0,9.370801999466494,0.0,0.022759999410482123,4.696359901860582,9.4,616.265625,False
1773596730.796031,602,0,0,0,0,9.354412999527995,0.0,0.024240998754976317,4.696359901860582,9.4,616.265625,False
1773596731.0088873,603,0,0,0,0,9.369580002385192,0.0,0.023945001885294914,4.696359901860582,14.1,616.265625,False
1773596731.2217848,604,0,0,0,0,9.445561998290941,0.0,0.022203999833436683,4.696359901860582,9.4,616.265625,False
1773596731.434617,605,0,0,0,0,9.397284000442596,0.0,0.023908000002847984,4.698394775458996,14.1,616.28125,False
1773596731.647563,606,0,0,0,0,9.4340440009546,0.0,0.02388900247751735,4.698394775458996,9.4,616.28125,False
1773596731.860353,607,0,0,0,0,9.357042999909027,0.0,0.024074997782008722,4.698394775458996,9.4,616.28125,False
1773596732.0733192,608,0,0,0,0,9.339987998828292,0.0,0.02487099845893681,4.698394775458996,14.1,616.28125,False
1773596732.2862065,609,0,0,0,0,9.427450997463893,0.0,0.023943997803144157,4.698394775458996,9.4,616.28125,False
1773596732.4990602,610,0,0,0,0,9.41109900304582,0.0,0.02492600106052123,4.69730662476056,14.1,616.28125,False
1773596732.7121906,611,0,0,0,0,9.551896000630222,0.0,0.02490699989721179,4.69730662476056,9.4,616.28125,False
1773596732.9250531,612,0,0,0,0,9.404766002262477,0.0,0.02490699989721179,4.69730662476056,9.4,616.28125,False
1773596733.1379023,613,0,0,0,0,9.400987000844907,0.0,0.024388999008806422,4.69730662476056,18.8,616.28125,False
1773596733.3508098,614,0,0,0,0,9.446599000511924,0.0,0.02403699909336865,4.69730662476056,9.4,616.28125,False
1773596733.5637755,615,0,0,0,0,9.440505997190485,0.0,0.02433400004520081,4.696131693545985,9.4,616.28125,False
1773596733.7766118,616,0,0,0,0,9.406802000739845,0.0,0.024943998141679913,4.696131693545985,9.4,616.28125,False
1773596733.9894726,617,0,0,0,0,9.363912999106105,0.0,0.02459299867041409,4.696131693545985,9.4,616.28125,False
1773596734.202276,618,0,0,0,0,9.221244999935152,0.0,0.02405600025667809,4.696131693545985,18.8,616.28125,False
1773596734.4152172,619,0,0,0,0,9.355505000712583,0.0,0.023962998966453597,4.696131693545985,9.4,616.28125,False
1773596734.6281838,620,0,0,0,0,9.37583899940364,0.0,0.024130000383593142,4.697444457361294,9.4,616.28125,False
1773596734.841041,621,0,0,0,0,9.370117000798928,0.0,0.023463002435164526,4.697444457361294,9.4,616.28125,False
1773596735.054024,622,0,0,0,0,9.427061999303987,0.0,0.022796000848757103,4.697444457361294,9.4,616.28125,False
1773596735.2669199,623,0,0,0,0,9.316839001257904,0.0,0.024556000425945967,4.697444457361294,18.8,616.28125,False
1773596735.4799175,624,0,0,0,0,9.513285000139149,0.0,0.023649001377634704,4.697444457361294,9.4,616.28125,False
1773596735.6928651,625,0,0,0,0,9.506247002718737,0.0,0.02333400334464386,4.696198996918021,9.4,616.28125,False
1773596736.9813375,626,1,1,0,0,9.506433001661208,1075.5720369998016,0.031110997952055186,0.7760746531924905,145.1,598.765625,True
1773596737.1916347,627,0,0,0,0,7.099417001882102,0.0,0.030574999982491136,0.7760746531924905,9.5,598.765625,False
1773596737.402003,628,0,0,0,0,7.108064997737529,0.0,0.028963000659132376,0.7760746531924905,9.5,598.765625,False
1773596737.6123502,629,0,0,0,0,7.111138998880051,0.0,0.030369999876711518,0.7760746531924905,9.5,598.765625,False
1773596737.8226814,630,0,0,0,0,7.128305998776341,0.0,0.03061199822695926,0.7760746531924905,9.5,598.765625,False
1773596738.0330253,631,0,0,0,0,7.099082999047823,0.0,0.028851998649770394,4.754396647996565,4.8,598.765625,False
1773596738.2433565,632,0,0,0,0,7.075399000314064,0.0,0.031667001167079434,4.754396647996565,9.5,598.765625,False
1773596738.4533353,633,0,0,0,0,6.832617997133639,0.0,0.029574002837762237,4.754396647996565,14.3,598.765625,False
1773596738.663204,634,0,0,0,0,6.754359001206467,0.0,0.01933399835252203,4.754396647996565,4.8,598.765625,False
1773596738.8731005,635,0,0,0,0,6.776859001547564,0.0,0.018536997231421992,4.754396647996565,9.5,598.765625,False
1773596739.083042,636,0,0,0,0,6.778654998925049,0.0,0.018889000784838572,4.761804422775806,4.8,598.765625,False
1773596739.2929373,637,0,0,0,0,6.764321999071399,0.0,0.019110997527604923,4.761804422775806,9.5,598.765625,False
1773596739.5028853,638,0,0,0,0,6.75963699904969,0.0,0.020685001800302416,4.761804422775806,14.3,598.765625,False
1773596739.712875,639,0,0,0,0,6.760915002814727,0.0,0.018906997865997255,4.761804422775806,4.8,598.765625,False
1773596739.9227495,640,0,0,0,0,6.749562002369203,0.0,0.018907998310169205,4.761804422775806,9.5,598.765625,False
1773596740.1326704,641,0,0,0,0,6.720118002704112,0.0,0.018999999156221747,4.763665926084258,4.8,598.765625,False
1773596740.3426635,642,0,0,0,0,6.758730000001378,0.0,0.019684997823787853,4.763665926084258,9.5,598.765625,False
1773596740.5526004,643,0,0,0,0,6.757211001968244,0.0,0.019203998817829415,4.763665926084258,14.3,598.765625,False
1773596740.7629435,644,0,0,0,0,7.105936001607915,0.0,0.024204000510508195,4.763665926084258,4.8,598.765625,False
1773596740.9728568,645,0,0,0,0,6.7654330014192965,0.0,0.01772199902916327,4.763665926084258,9.5,598.765625,False
1773596741.185477,646,0,0,0,0,9.393895001267083,0.0,0.02403699909336865,4.749387742530731,9.4,598.765625,False
1773596741.3983033,647,0,0,0,0,9.347635001176968,0.0,0.02348199996049516,4.749387742530731,9.4,598.765625,False
1773596741.6111846,648,0,0,0,0,9.407617002580082,0.0,0.023722001060377806,4.749387742530731,18.8,598.765625,False
1773596741.8240628,649,0,0,0,0,9.410858001501765,0.0,0.023610999051015824,4.749387742530731,9.4,598.765625,False
1773596742.037049,650,0,0,0,0,9.472172998357564,0.0,0.02274100188515149,4.749387742530731,9.4,598.765625,False
1773596742.2499344,651,0,0,0,0,9.354375997645548,0.0,0.022056003217585385,4.697218247807004,9.4,598.765625,False
1773596742.4628298,652,0,0,0,0,9.338746000139508,0.0,0.023833999875932932,4.697218247807004,9.4,598.765625,False
1773596742.6756027,653,0,0,0,0,9.342821002064738,0.0,0.023055999918142334,4.697218247807004,18.8,598.765625,False
1773596742.8885639,654,0,0,0,0,9.408246998646064,0.0,0.02457399750710465,4.697218247807004,9.4,598.765625,False
1773596743.1014466,655,0,0,0,0,9.348543000669451,0.0,0.021223000658210367,4.697218247807004,9.4,598.765625,False
1773596743.3143587,656,0,0,0,0,9.436025000468362,0.0,0.02325999957975,4.6973834312425256,9.4,598.765625,False
1773596743.5271244,657,0,0,0,0,9.32298699990497,0.0,0.02375899930484593,4.6973834312425256,9.4,598.765625,False
1773596743.73997,658,0,0,0,0,9.356579997984227,0.0,0.02324100205441937,4.6973834312425256,18.8,598.765625,False
1773596743.9529781,659,0,0,0,0,9.490505999565357,0.0,0.024704000679776073,4.6973834312425256,9.4,598.765625,False
1773596744.1659598,660,0,0,0,0,9.478544001467526,0.0,0.027260000933893025,4.6973834312425256,9.4,598.765625,False
1773596744.378885,661,0,0,0,0,9.428153996850597,0.0,0.025759996788110584,4.696991008053065,9.4,598.765625,False
1773596744.5918338,662,0,0,0,0,9.43293199816253,0.0,0.027538000722415745,4.696991008053065,9.4,598.765625,False
1773596744.8047905,663,0,0,0,0,9.428710000065621,0.0,0.027239999326411635,4.696991008053065,18.8,598.765625,False
1773596745.0178065,664,0,0,0,0,9.46522899903357,0.0,0.026092999178217724,4.696991008053065,9.4,598.765625,False
1773596745.230752,665,0,0,0,0,9.38256099834689,0.0,0.026759000320453197,4.696991008053065,9.4,598.765625,False
1773596745.443705,666,0,0,0,0,9.424414001841797,0.0,0.02594499892438762,4.695651161468089,9.4,598.765625,False
1773596745.6568098,667,0,0,0,0,9.57206300154212,0.0,0.025573997845640406,4.695651161468089,9.4,598.765625,False
1773596745.8696988,668,0,0,0,0,9.389876999193802,0.0,0.025110999558819458,4.695651161468089,18.8,598.765625,False
1773596746.082526,669,0,0,0,0,9.352728000521893,0.0,0.025814999389695004,4.695651161468089,9.4,598.765625,False
1773596746.2953598,670,0,0,0,0,9.360357998957625,0.0,0.022814998374087736,4.695651161468089,9.4,598.765625,False
1773596746.508158,671,0,0,0,0,9.330356999271316,0.0,0.023906999558676034,4.697194049935371,9.4,598.765625,False
1773596746.721176,672,0,0,0,0,9.391932002472458,0.0,0.024315002519870177,4.697194049935371,9.4,598.765625,False
1773596746.933935,673,0,0,0,0,9.28228300108458,0.0,0.023630000214325264,4.697194049935371,18.8,598.765625,False
1773596747.1467254,674,0,0,0,0,9.324616999947466,0.0,0.02296299862791784,4.697194049935371,9.4,598.765625,False
1773596747.359618,675,0,0,0,0,9.298708999267546,0.0,0.023352000425802544,4.697194049935371,9.4,598.765625,False
1773596747.5724342,676,0,0,0,0,9.364303001348162,0.0,0.02377800046815537,4.69802849437868,9.4,598.78125,False
1773596747.7853332,677,0,0,0,0,9.35181999739143,0.0,0.024925997422542423,4.69802849437868,9.4,598.78125,False
1773596747.997924,678,0,0,0,0,9.00468899999396,0.0,0.023389002308249474,4.69802849437868,18.8,598.78125,False
1773596748.2107327,679,0,0,0,0,9.338468000350986,0.0,0.024241002392955124,4.69802849437868,9.4,598.78125,False
1773596748.4235044,680,0,0,0,0,9.290968002460431,0.0,0.023426000552717596,4.69802849437868,9.4,598.78125,False
1773596748.636364,681,0,0,0,0,9.33793100193725,0.0,0.023055999918142334,4.699569786354263,9.4,598.78125,False
1773596748.8491962,682,0,0,0,0,9.333097998023732,0.0,0.02403699909336865,4.699569786354263,9.4,598.78125,False
1773596749.0619776,683,0,0,0,0,9.305949999543373,0.0,0.02290799966431223,4.699569786354263,18.8,598.78125,False
1773596749.2748473,684,0,0,0,0,9.387727997818729,0.0,0.023888998839538544,4.699569786354263,9.4,598.78125,False
1773596749.4877434,685,0,0,0,0,9.334988000773592,0.0,0.02405499981250614,4.699569786354263,9.4,598.78125,False
1773596749.7006524,686,0,0,0,0,9.398190999490907,0.0,0.0238150023506023,4.698050595928159,14.1,598.78125,False
1773596749.9135358,687,0,0,0,0,9.356636001029983,0.0,0.023444001271855086,4.698050595928159,9.4,598.78125,False
1773596750.126424,688,0,0,0,0,9.318950000306359,0.0,0.023684999177930877,4.698050595928159,18.8,598.78125,False
1773596750.3392017,689,0,0,0,0,9.321153000200866,0.0,0.022776999685447663,4.698050595928159,9.4,598.78125,False
1773596750.5520818,690,0,0,0,0,9.349691001261817,0.0,0.02322300133528188,4.698050595928159,9.4,598.78125,False
1773596750.764846,691,0,0,0,0,9.331375997135183,0.0,0.023130000045057386,4.698303199834575,9.4,598.78125,False
1773596750.977701,692,0,0,0,0,9.395450000738492,0.0,0.02411100285826251,4.698303199834575,9.4,598.78125,False
1773596751.1900764,693,0,0,0,0,8.832834999338957,0.0,0.021759002265753224,4.698303199834575,18.8,598.78125,False
1773596751.4029174,694,0,0,0,0,9.420617003343068,0.0,0.02407500141998753,4.698303199834575,9.4,598.78125,False
1773596751.615791,695,0,0,0,0,9.405081000295468,0.0,0.02359300196985714,4.698303199834575,9.4,598.78125,False
1773596751.8287408,696,0,0,0,0,9.358654002426192,0.0,0.02405499981250614,4.699836245997193,4.7,598.78125,False
1773596752.041544,697,0,0,0,0,9.338358002423774,0.0,0.022295997041510418,4.699836245997193,14.1,598.78125,False
1773596752.2544427,698,0,0,0,0,9.33389399870066,0.0,0.02357500125071965,4.699836245997193,14.1,598.78125,False
1773596752.4672651,699,0,0,0,0,9.367653998197056,0.0,0.02329600101802498,4.699836245997193,9.4,598.78125,False
1773596752.680182,700,0,0,0,0,9.388746999320574,0.0,0.02385200059507042,4.699836245997193,9.4,598.78125,False
1773596752.893147,701,0,0,0,0,9.4019140015007,0.0,0.02377800046815537,4.697359231668972,9.4,598.78125,False
1773596753.1060338,702,0,0,0,0,9.443191000173101,0.0,0.022944001102587208,4.697359231668972,9.4,598.78125,False
1773596753.3190377,703,0,0,0,0,9.359525000036228,0.0,0.02355600008741021,4.697359231668972,18.8,598.78125,False
1773596753.532011,704,0,0,0,0,9.450338999158703,0.0,0.023908000002847984,4.697359231668972,9.4,598.78125,False
1773596753.7449813,705,0,0,0,0,9.494636000454193,0.0,0.025129000277956948,4.697359231668972,9.4,598.78125,False
1773596753.9578528,706,0,0,0,0,9.417839002708206,0.0,0.022852000256534666,4.696156932084429,9.4,598.78125,False
1773596754.1707199,707,0,0,0,0,9.400468999956502,0.0,0.023851996957091615,4.696156932084429,9.4,598.78125,False
1773596754.383697,708,0,0,0,0,9.396154000569368,0.0,0.02322200089110993,4.696156932084429,18.8,598.78125,False
1773596754.59665,709,0,0,0,0,9.457377000217093,0.0,0.023332999262493104,4.696156932084429,14.1,598.78125,False
1773596754.8096478,710,0,0,0,0,9.463062000577338,0.0,0.02270400000270456,4.696156932084429,4.7,598.78125,False
1773596755.0225477,711,0,0,0,0,9.393931999511551,0.0,0.023704000341240317,4.696169551455382,14.1,598.78125,False
1773596755.2353725,712,0,0,0,0,9.345080001367023,0.0,0.023148000764194876,4.696169551455382,9.4,598.78125,False
1773596755.4483163,713,0,0,0,0,9.385728000779636,0.0,0.023926000721985474,4.696169551455382,14.1,598.78125,False
1773596755.661305,714,0,0,0,0,9.5163580008375,0.0,0.02431499888189137,4.696169551455382,9.4,598.78125,False
1773596755.8742015,715,0,0,0,0,9.400117000041064,0.0,0.023371001589111984,4.696169551455382,14.1,598.796875,False
1773596756.0871053,716,0,0,0,0,9.378949998790631,0.0,0.023630000214325264,4.69682164457469,9.4,598.796875,False
1773596756.2999885,717,0,0,0,0,9.400320999702672,0.0,0.023962998966453597,4.69682164457469,9.4,598.796875,False
1773596756.5127013,718,0,0,0,0,9.211226999468636,0.0,0.023667002096772194,4.69682164457469,18.8,598.796875,False
1773596756.7256675,719,0,0,0,0,9.419303001777735,0.0,0.023630000214325264,4.69682164457469,9.4,598.796875,False
1773596756.9384503,720,0,0,0,0,9.321487003035145,0.0,0.022982003429206088,4.69682164457469,9.4,598.796875,False
1773596757.1512587,721,0,0,0,0,9.328431999165332,0.0,0.023332999262493104,4.698576884722039,9.4,598.796875,False
1773596757.3640754,722,0,0,0,0,9.351764998427825,0.0,0.023427000996889547,4.698576884722039,9.4,598.796875,False
1773596757.5770187,723,0,0,0,0,9.387950998643646,0.0,0.02316699828952551,4.698576884722039,18.8,598.796875,False
1773596757.7899556,724,0,0,0,0,9.397636000358034,0.0,0.023314998543355614,4.698576884722039,9.4,598.796875,False
1773596758.002873,725,0,0,0,0,9.353356999781681,0.0,0.023665998014621437,4.698576884722039,9.4,598.796875,False
1773596758.2157378,726,0,0,0,0,9.402691001014318,0.0,0.022370000806404278,4.697069908253634,9.4,598.796875,False
1773596758.4285972,727,0,0,0,0,9.353746001579566,0.0,0.023148000764194876,4.697069908253634,9.4,598.796875,False
1773596758.6413352,728,0,0,0,0,9.227745998941828,0.0,0.022629999875789508,4.697069908253634,18.8,598.796875,False
1773596758.8541543,729,0,0,0,0,9.30333900032565,0.0,0.02600000152597204,4.697069908253634,9.4,598.796875,False
1773596759.066898,730,0,0,0,0,9.240819999831729,0.0,0.02212999970652163,4.697069908253634,9.4,598.796875,False
1773596759.2797878,731,0,0,0,0,9.256116001779446,0.0,0.023426000552717596,4.6990969738619635,14.1,598.796875,False
1773596759.4926536,732,0,0,0,0,9.266079003282357,0.0,0.023888998839538544,4.6990969738619635,4.7,598.796875,False
1773596759.7053456,733,0,0,0,0,9.210096999595407,0.0,0.02350000067963265,4.6990969738619635,18.8,598.796875,False
1773596759.9182696,734,0,0,0,0,9.369856998091564,0.0,0.022166997950989753,4.6990969738619635,9.4,598.796875,False
1773596760.1310692,735,0,0,0,0,9.364710000227205,0.0,0.02494400177965872,4.6990969738619635,9.4,598.796875,False
1773596760.3440526,736,0,0,0,0,9.357375998661155,0.0,0.023074000637279823,4.698115849335154,9.4,598.796875,False
1773596760.5569446,737,0,0,0,0,9.416857999895,0.0,0.02403699909336865,4.698115849335154,9.4,598.796875,False
1773596760.7697825,738,0,0,0,0,9.365580001031049,0.0,0.024574001145083457,4.698115849335154,18.8,598.796875,False
1773596760.9826875,739,0,0,0,0,9.392283998749917,0.0,0.023926000721985474,4.698115849335154,9.4,598.796875,False
1773596762.275622,740,1,0,0,0,9.431820999452611,1080.0963999972737,0.014482000551652163,2.070792366271637,144.6,585.921875,True
1773596763.481486,741,1,0,0,0,7.088120997650549,995.5811229992833,0.012945001799380407,0.8292704530644008,142.6,618.109375,True
1773596763.6917665,742,0,0,0,0,7.0744350014138035,0.0,0.022628999431617558,0.8292704530644008,9.5,618.109375,False
1773596763.902001,743,0,0,0,0,7.044287001917837,0.0,0.022315001842798665,0.8292704530644008,9.5,618.109375,False
1773596764.1122634,744,0,0,0,0,7.082879001245601,0.0,0.022537002223543823,0.8292704530644008,9.5,618.109375,False
1773596764.3225343,745,0,0,0,0,7.056157002807595,0.0,0.021628999093081802,0.8292704530644008,4.8,618.125,False
1773596764.5329258,746,0,0,0,0,7.128971999918576,0.0,0.021981999452691525,4.755552390960162,9.5,618.140625,False
1773596764.7430198,747,0,0,0,0,6.846396998298587,0.0,0.021907999325776473,4.755552390960162,9.5,618.140625,False
1773596764.9533832,748,0,0,0,0,7.100620998244267,0.0,0.022648000594926998,4.755552390960162,9.5,618.140625,False
1773596765.1636117,749,0,0,0,0,7.045841997751268,0.0,0.02244400093331933,4.755552390960162,9.5,618.140625,False
1773596765.3739128,750,0,0,0,0,7.058102000883082,0.0,0.02183299875468947,4.755552390960162,9.5,618.140625,False
1773596765.584193,751,0,0,0,0,6.958046000363538,0.0,0.02111100184265524,4.7561865632613145,4.8,618.140625,False
1773596765.7945185,752,0,0,0,0,7.039693999104202,0.0,0.022203999833436683,4.7561865632613145,9.5,618.140625,False
1773596766.004741,753,0,0,0,0,7.008120002865326,0.0,0.05118599801789969,4.7561865632613145,9.5,618.140625,False
1773596766.214974,754,0,0,0,0,7.064212997647701,0.0,0.022574000468011945,4.7561865632613145,9.5,618.140625,False
1773596766.4258554,755,0,0,0,0,7.6805130011052825,0.0,0.021110998204676434,4.7561865632613145,9.5,618.140625,False
1773596766.6385374,756,0,0,0,0,9.308024000347359,0.0,0.02401899837423116,4.742427082836304,9.4,618.140625,False
1773596766.8514385,757,0,0,0,0,9.273617000872036,0.0,0.026647998311091214,4.742427082836304,9.4,618.140625,False
1773596767.0641549,758,0,0,0,0,9.164412000245648,0.0,0.02609300281619653,4.742427082836304,18.8,618.140625,False
1773596767.277142,759,0,0,0,0,9.28600499901222,0.0,0.022555999748874456,4.742427082836304,9.4,618.140625,False
1773596767.4900122,760,0,0,0,0,9.286542997870129,0.0,0.02405600025667809,4.742427082836304,9.4,618.140625,False
1773596767.7028728,761,0,0,0,0,9.275560998503352,0.0,0.023371001589111984,4.697809595023057,9.4,618.140625,False
1773596767.9158778,762,0,0,0,0,9.299930999986827,0.0,0.02433400004520081,4.697809595023057,9.4,618.140625,False
1773596768.1287766,763,0,0,0,0,9.208097002556315,0.0,0.02629600203363225,4.697809595023057,18.8,618.140625,False
1773596768.3416972,764,0,0,0,0,9.382210002513602,0.0,0.02544499875511974,4.697809595023057,9.4,618.140625,False
1773596768.5545528,765,0,0,0,0,9.343838999484433,0.0,0.023908000002847984,4.697809595023057,9.4,618.140625,False
1773596768.7674108,766,0,0,0,0,9.31271000081324,0.0,0.02457399750710465,4.696877396420867,9.4,618.140625,False
1773596768.9802644,767,0,0,0,0,9.340653999970527,0.0,0.024554999981774017,4.696877396420867,9.4,618.140625,False
1773596769.1931126,768,0,0,0,0,9.319672000856372,0.0,0.02274100188515149,4.696877396420867,18.8,618.140625,False
1773596769.4060605,769,0,0,0,0,9.383321001223521,0.0,0.024111999664455652,4.696877396420867,9.4,618.140625,False
1773596769.618956,770,0,0,0,0,9.315893999882974,0.0,0.023388998670270666,4.696877396420867,14.1,618.140625,False
1773596769.83192,771,0,0,0,0,9.364208999613766,0.0,0.024130000383593142,4.697000475937176,9.4,618.140625,False
1773596770.0448015,772,0,0,0,0,9.364264999021543,0.0,0.023759002942824736,4.697000475937176,9.4,618.140625,False
1773596770.2576995,773,0,0,0,0,9.341764998680446,0.0,0.02409300213912502,4.697000475937176,18.8,618.140625,False
1773596770.4698217,774,0,0,0,0,8.527222998964135,0.0,0.024480999854858965,4.697000475937176,9.4,618.140625,False
1773596770.6804302,775,0,0,0,0,6.9960820001142565,0.0,0.022240998077904806,4.697000475937176,9.5,618.140625,False
1773596770.8920996,776,0,0,0,0,8.23827600106597,0.0,0.02713000139920041,4.716114742828461,9.4,618.140625,False
1773596771.1024415,777,0,0,0,0,7.070619998557959,0.0,0.021981999452691525,4.716114742828461,4.8,618.140625,False
1773596771.3127246,778,0,0,0,0,7.0762690011179075,0.0,0.022815002012066543,4.716114742828461,14.3,618.140625,False
1773596771.523007,779,0,0,0,0,7.094305998180062,0.0,0.021610998373944312,4.716114742828461,9.5,618.140625,False
1773596771.7333164,780,0,0,0,0,7.028249998256797,0.0,0.020889001461910084,4.716114742828461,4.8,618.140625,False
1773596771.9432511,781,0,0,0,0,6.766877999325516,0.0,0.019092996808467433,4.756564127082916,9.5,618.140625,False
1773596772.153358,782,0,0,0,0,6.796637000661576,0.0,0.019815000996459275,4.756564127082916,4.8,618.140625,False
1773596772.3633065,783,0,0,0,0,6.7653969999810215,0.0,0.019573999452404678,4.756564127082916,14.3,618.140625,False
1773596772.5732605,784,0,0,0,0,6.7898029992647935,0.0,0.019443999917712063,4.756564127082916,9.5,618.140625,False
1773596772.7831757,785,0,0,0,0,6.7482669983292,0.0,0.020092000340810046,4.756564127082916,4.8,618.140625,False
1773596772.9932694,786,0,0,0,0,6.800693001423497,0.0,0.01938900095410645,4.76181199131265,9.5,618.140625,False
1773596773.2031703,787,0,0,0,0,6.746581002516905,0.0,0.019869999960064888,4.76181199131265,9.5,618.140625,False
1773596773.4131215,788,0,0,0,0,6.760008000128437,0.0,0.019741000869544223,4.76181199131265,9.5,618.140625,False
1773596773.623084,789,0,0,0,0,6.7986000030941796,0.0,0.019592000171542168,4.76181199131265,9.5,618.140625,False
1773596773.8330178,790,0,0,0,0,6.763895999029046,0.0,0.01964799957931973,4.76181199131265,4.8,618.140625,False
1773596774.0429544,791,0,0,0,0,6.750784999894677,0.0,0.019185001292498782,4.763344574950576,9.5,618.140625,False
1773596774.2529545,792,0,0,0,0,6.774452001991449,0.0,0.020019000658066943,4.763344574950576,9.5,618.140625,False
1773596774.462962,793,0,0,0,0,6.743933001416735,0.0,0.02046299778157845,4.763344574950576,9.5,618.140625,False
1773596774.6729655,794,0,0,0,0,6.798710997827584,0.0,0.020573999790940434,4.763344574950576,9.5,618.140625,False
1773596774.8829696,795,0,0,0,0,6.766414997400716,0.0,0.01935199907165952,4.763344574950576,9.5,618.140625,False
1773596775.0930386,796,0,0,0,0,6.8220629982533865,0.0,0.020888997823931277,4.761527647099425,4.8,618.140625,False
1773596775.3030987,797,0,0,0,0,6.790674000512809,0.0,0.021036998077761382,4.761527647099425,9.5,618.140625,False
1773596775.513076,798,0,0,0,0,6.7460620011843275,0.0,0.01931499718921259,4.761527647099425,14.3,618.140625,False
1773596775.7252212,799,0,0,0,0,8.919762000004994,0.0,0.022759999410482123,4.761527647099425,4.7,618.140625,False
1773596775.9381301,800,0,0,0,0,9.397284000442596,0.0,0.02407400097581558,4.761527647099425,9.4,618.15625,False
1773596776.151091,801,0,0,0,0,9.425951000594068,0.0,0.023741002223687246,4.725897528694733,9.4,618.15625,False
1773596776.3639584,802,0,0,0,0,9.370320996822556,0.0,0.024370998289668933,4.725897528694733,14.1,618.15625,False
1773596776.5769584,803,0,0,0,0,9.41922900165082,0.0,0.022685002477373928,4.725897528694733,14.1,618.15625,False
1773596776.78987,804,0,0,0,0,9.41282100029639,0.0,0.024092998501146212,4.725897528694733,9.4,618.15625,False
1773596777.0028012,805,0,0,0,0,9.353708999697119,0.0,0.023406999389408156,4.725897528694733,9.4,618.15625,False
1773596777.2157383,806,0,0,0,0,9.343745998194208,0.0,0.023388998670270666,4.696400918609456,14.1,618.15625,False
1773596777.42862,807,0,0,0,0,9.338116000435548,0.0,0.02327800029888749,4.696400918609456,9.4,618.15625,False
1773596777.6409671,808,0,0,0,0,8.872816997609334,0.0,0.02270400000270456,4.696400918609456,14.1,618.15625,False
1773596777.8539405,809,0,0,0,0,9.389672999532195,0.0,0.022555999748874456,4.696400918609456,9.4,618.15625,False
1773596778.0668125,810,0,0,0,0,9.369098999741254,0.0,0.024092998501146212,4.696400918609456,9.4,618.15625,False
1773596778.2797334,811,0,0,0,0,9.398375997989206,0.0,0.02405499981250614,4.699259130455826,9.4,618.15625,False
1773596778.4927113,812,0,0,0,0,9.366116999444785,0.0,0.023925997084006667,4.699259130455826,14.1,618.15625,False
1773596778.7056508,813,0,0,0,0,9.43295099932584,0.0,0.024278000637423247,4.699259130455826,18.8,618.15625,False
1773596778.9186134,814,0,0,0,0,9.408024998265319,0.0,0.024203996872529387,4.699259130455826,9.4,618.15625,False
1773596779.1315644,815,0,0,0,0,9.363338998809922,0.0,0.024000000848900527,4.699259130455826,9.4,618.15625,False
1773596779.3445435,816,0,0,0,0,9.369227998831775,0.0,0.024536999262636527,4.695827800778774,9.4,618.15625,False
1773596779.557487,817,0,0,0,0,9.42469199799234,0.0,0.023648000933462754,4.695827800778774,9.4,618.171875,False
1773596779.7704353,818,0,0,0,0,9.363969002151862,0.0,0.02464800127199851,4.695827800778774,18.8,618.171875,False
1773596779.983298,819,0,0,0,0,9.367801998450886,0.0,0.02348099951632321,4.695827800778774,9.4,618.171875,False
1773596780.196244,820,0,0,0,0,9.363820998260053,0.0,0.02374099858570844,4.695827800778774,9.4,618.171875,False
1773596780.409204,821,0,0,0,0,9.38782000230276,0.0,0.023795997549314052,4.69618006764965,9.4,618.171875,False
1773596780.6221364,822,0,0,0,0,9.367468999698758,0.0,0.02301800122950226,4.69618006764965,9.4,618.171875,False
1773596780.834989,823,0,0,0,0,9.32719100092072,0.0,0.02433299960102886,4.69618006764965,18.8,618.171875,False
1773596781.0479093,824,0,0,0,0,9.376728001370793,0.0,0.026648998755263165,4.69618006764965,9.4,618.171875,False
1773596781.2608604,825,0,0,0,0,9.331486999144545,0.0,0.024443997972412035,4.69618006764965,9.4,618.171875,False
1773596781.4738393,826,0,0,0,0,9.339579999505077,0.0,0.02296299862791784,4.6964598157069855,9.4,618.171875,False
1773596781.6867206,827,0,0,0,0,9.37180199980503,0.0,0.023833999875932932,4.6964598157069855,14.1,618.171875,False
1773596781.8996296,828,0,0,0,0,9.324320999439806,0.0,0.024258999474113807,4.6964598157069855,14.1,618.171875,False
1773596782.1126063,829,0,0,0,0,9.3615250007133,0.0,0.023888998839538544,4.6964598157069855,9.4,618.171875,False
1773596782.3254359,830,0,0,0,0,9.323228001449024,0.0,0.023314998543355614,4.6964598157069855,9.4,618.171875,False
1773596782.5383065,831,0,0,0,0,9.346950002509402,0.0,0.022796000848757103,4.697203518638058,9.4,618.171875,False
1773596782.751202,832,0,0,0,0,9.310116001870483,0.0,0.025036999431904405,4.697203518638058,9.4,618.171875,False
1773596782.964172,833,0,0,0,0,9.31798700185027,0.0,0.023110998881747946,4.697203518638058,18.8,618.171875,False
1773596783.1770203,834,0,0,0,0,9.338634998130146,0.0,0.02211199898738414,4.697203518638058,9.4,618.171875,False
1773596783.39007,835,0,0,0,0,9.367857997858664,0.0,0.023906999558676034,4.697203518638058,9.4,618.171875,False
1773596783.6030798,836,0,0,0,0,9.42217299962067,0.0,0.024758999643381685,4.6958435727920556,9.4,618.171875,False
1773596783.8159955,837,0,0,0,0,9.342728000774514,0.0,0.024462999135721475,4.6958435727920556,9.4,618.171875,False
1773596784.0289068,838,0,0,0,0,9.318190997873899,0.0,0.02355600008741021,4.6958435727920556,18.8,618.171875,False
1773596784.2419176,839,0,0,0,0,9.4060610026645,0.0,0.025315002858405933,4.6958435727920556,9.4,618.171875,False
1773596784.4548697,840,0,0,0,0,9.39582099817926,0.0,0.026388999685877934,4.6958435727920556,9.4,618.171875,False
1773596784.667854,841,0,0,0,0,9.368801998789422,0.0,0.024148001102730632,4.695830955172955,9.4,618.171875,False
1773596784.880666,842,0,0,0,0,9.304356997745344,0.0,0.02359300196985714,4.695830955172955,9.4,618.171875,False
1773596785.0936062,843,0,0,0,0,9.433765000721905,0.0,0.02520400084904395,4.695830955172955,18.8,618.171875,False
1773596785.306565,844,0,0,0,0,9.353653000289341,0.0,0.024518998543499038,4.695830955172955,9.4,618.171875,False
1773596785.519476,845,0,0,0,0,9.376190999319078,0.0,0.024500001018168405,4.695830955172955,14.1,618.171875,False
1773596785.732231,846,0,0,0,0,9.304115999839269,0.0,0.02379700163146481,4.697584402551788,9.4,618.171875,False
1773596785.945039,847,0,0,0,0,9.297949000028893,0.0,0.02296299862791784,4.697584402551788,9.4,618.171875,False
1773596786.1577716,848,0,0,0,0,8.973391999461455,0.0,0.02487099845893681,4.697584402551788,14.1,618.171875,False
1773596786.370701,849,0,0,0,0,9.338394997030264,0.0,0.023888998839538544,4.697584402551788,14.1,618.171875,False
1773596786.5835361,850,0,0,0,0,9.323710000899155,0.0,0.02524100273149088,4.697584402551788,9.4,618.171875,False
1773596786.7963936,851,0,0,0,0,9.32406100037042,0.0,0.023704000341240317,4.698584253602099,9.4,618.171875,False
1773596787.0092967,852,0,0,0,0,9.327431998826796,0.0,0.02463000055286102,4.698584253602099,9.4,618.171875,False
1773596787.2221668,853,0,0,0,0,9.31081999806338,0.0,0.024148001102730632,4.698584253602099,18.8,618.171875,False
1773596787.4349504,854,0,0,0,0,9.325487000751309,0.0,0.024981000024126843,4.698584253602099,9.4,618.171875,False
1773596787.6478326,855,0,0,0,0,9.35574699906283,0.0,0.02463000055286102,4.698584253602099,9.4,618.171875,False
1773596787.8607666,856,0,0,0,0,9.301543002948165,0.0,0.035019002098124474,4.697565462113308,9.4,618.171875,False
1773596788.0736327,857,0,0,0,0,9.397468998940894,0.0,0.023610999051015824,4.697565462113308,9.4,618.171875,False
1773596788.286433,858,0,0,0,0,9.30426500053727,0.0,0.02348199996049516,4.697565462113308,14.1,618.1875,False
1773596788.499289,859,0,0,0,0,9.310228000686038,0.0,0.023130000045057386,4.697565462113308,14.1,618.1875,False
1773596788.7122245,860,0,0,0,0,9.41280199913308,0.0,0.023944998247316107,4.697565462113308,9.4,618.1875,False
1773596788.9251187,861,0,0,0,0,9.338375999504933,0.0,0.02359200152568519,4.697706466819168,9.4,618.1875,False
1773596789.138062,862,0,0,0,0,9.409598998900037,0.0,0.022759999410482123,4.697706466819168,9.4,618.1875,False
1773596789.3508134,863,0,0,0,0,9.260950002499158,0.0,0.022593001631321386,4.697706466819168,18.8,618.1875,False
1773596789.563735,864,0,0,0,0,9.331617002317216,0.0,0.022889002138981596,4.697706466819168,9.4,618.1875,False
1773596789.7765448,865,0,0,0,0,9.319745997345308,0.0,0.024777997168712318,4.697706466819168,9.4,618.1875,False
1773596789.9893515,866,0,0,0,0,9.335524002381135,0.0,0.0238150023506023,4.698229520889252,9.4,618.1875,False
1773596790.2022898,867,0,0,0,0,9.315968000009889,0.0,0.023555996449431404,4.698229520889252,9.4,618.1875,False
1773596790.415242,868,0,0,0,0,9.429358000488719,0.0,0.02407400097581558,4.698229520889252,18.8,618.1875,False
1773596790.6281092,869,0,0,0,0,9.386376001202734,0.0,0.02546299947425723,4.698229520889252,9.4,618.1875,False
1773596790.8409827,870,0,0,0,0,9.370191000925843,0.0,0.023073996999301016,4.698229520889252,9.4,618.1875,False
1773596791.0538778,871,0,0,0,0,9.346560997073539,0.0,0.024184999347198755,4.696959448715026,9.4,618.1875,False
1773596791.2667627,872,0,0,0,0,9.325467999588,0.0,0.022833002731204033,4.696959448715026,9.4,618.1875,False
1773596791.4796648,873,0,0,0,0,9.426951000932604,0.0,0.023017997591523454,4.696959448715026,18.8,618.1875,False
1773596791.6926174,874,0,0,0,0,9.469451000768458,0.0,0.024222001229645684,4.696959448715026,9.4,618.1875,False
1773596791.905563,875,0,0,0,0,9.355486999993445,0.0,0.02409300213912502,4.696959448715026,9.4,618.1875,False
1773596792.1185412,876,0,0,0,0,9.41208099902724,0.0,0.02325899913557805,4.696328351002818,9.4,618.1875,False
1773596792.3313718,877,0,0,0,0,9.3451360007748,0.0,0.0243520007643383,4.696328351002818,9.4,618.1875,False
1773596792.5442412,878,0,0,0,0,9.339745996840065,0.0,0.024148001102730632,4.696328351002818,18.8,618.1875,False
1773596792.7573774,879,0,0,0,0,9.4223209998745,0.0,0.025092998839681968,4.696328351002818,9.4,618.1875,False
1773596792.970167,880,0,0,0,0,9.322449997853255,0.0,0.02300000051036477,4.696328351002818,9.4,618.1875,False
1773596793.182932,881,0,0,0,0,9.31607900201925,0.0,0.024445002054562792,4.697569671086438,9.4,618.1875,False
1773596793.3958473,882,0,0,0,0,9.357469003589358,0.0,0.024278000637423247,4.697569671086438,9.4,618.1875,False
1773596793.6087894,883,0,0,0,0,9.438247001526179,0.0,0.03648200072348118,4.697569671086438,18.8,618.1875,False
1773596793.8216016,884,0,0,0,0,9.377803002280416,0.0,0.023296997824218124,4.697569671086438,9.4,618.1875,False
1773596794.0344427,885,0,0,0,0,9.363969002151862,0.0,0.023666998458793387,4.697569671086438,9.4,618.203125,False
1773596794.247338,886,0,0,0,0,9.409579997736728,0.0,0.02379600118729286,4.697436039871331,14.1,618.203125,False
1773596794.460387,887,0,0,0,0,9.388228001625976,0.0,0.02385200059507042,4.697436039871331,9.4,618.203125,False
1773596794.6728044,888,0,0,0,0,8.933299999625888,0.0,0.02300000051036477,4.697436039871331,18.8,618.21875,False
1773596794.8856125,889,0,0,0,0,9.37550500020734,0.0,0.022834003175375983,4.697436039871331,9.4,618.21875,False
1773596795.0985775,890,0,0,0,0,9.35435799692641,0.0,0.023463002435164526,4.697436039871331,9.4,618.21875,False
1773596795.3114984,891,0,0,0,0,9.367598002427258,0.0,0.02348199996049516,4.698533724602983,9.4,618.21875,False
1773596795.524291,892,0,0,0,0,9.327338000730379,0.0,0.023130000045057386,4.698533724602983,9.4,618.21875,False
1773596795.7372181,893,0,0,0,0,9.415728000021772,0.0,0.025926001399056986,4.698533724602983,18.8,618.21875,False
1773596795.9500988,894,0,0,0,0,9.40721000006306,0.0,0.02348099951632321,4.698533724602983,9.4,618.21875,False
1773596796.1629422,895,0,0,0,0,9.365986999910092,0.0,0.024148001102730632,4.698533724602983,9.4,618.21875,False
1773596796.3757424,896,0,0,0,0,9.336079001514008,0.0,0.024278000637423247,4.698166369346787,9.4,618.21875,False
1773596796.5885518,897,0,0,0,0,9.358597999380436,0.0,0.023962998966453597,4.698166369346787,9.4,618.21875,False
1773596796.8014767,898,0,0,0,0,9.373338998557301,0.0,0.02387100175837986,4.698166369346787,18.8,618.21875,False
1773596797.0144067,899,0,0,0,0,9.368653998535592,0.0,0.024092998501146212,4.698166369346787,9.4,618.21875,False
1773596797.227196,900,0,0,0,0,9.319338998466264,0.0,0.024148001102730632,4.698166369346787,9.4,618.21875,False
1773596797.4400446,901,0,0,0,0,9.321671997895464,0.0,0.023704000341240317,4.697932723400528,9.4,618.21875,False
1773596797.6530328,902,0,0,0,0,9.431414000573568,0.0,0.025648001610534266,4.697932723400528,9.4,618.21875,False
1773596797.8659058,903,0,0,0,0,9.326339000836015,0.0,0.024425997253274545,4.697932723400528,18.8,618.21875,False
1773596798.0787745,904,0,0,0,0,9.367839000333333,0.0,0.022739997803000733,4.697932723400528,9.4,618.21875,False
1773596798.2915466,905,0,0,0,0,9.31235700045363,0.0,0.024130000383593142,4.697932723400528,9.4,618.21875,False
1773596798.5043592,906,0,0,0,0,9.318079999502515,0.0,0.024480999854858965,4.697870632215424,9.4,618.21875,False
1773596798.7171578,907,0,0,0,0,9.327153999038273,0.0,0.024480999854858965,4.697870632215424,9.4,618.21875,False
1773596798.9299984,908,0,0,0,0,9.326227998826653,0.0,0.02324100205441937,4.697870632215424,18.8,618.21875,False
1773596799.1428034,909,0,0,0,0,9.320932000264293,0.0,0.024055996618699282,4.697870632215424,9.4,618.21875,False
1773596799.3557725,910,0,0,0,0,9.324783000920434,0.0,0.024796998332021758,4.697870632215424,9.4,618.21875,False
1773596799.568642,911,0,0,0,0,9.3580610009667,0.0,0.022314998204819858,4.698092694692929,9.4,618.21875,False
1773596799.7813554,912,0,0,0,0,9.264338001230499,0.0,0.022517997422255576,4.698092694692929,9.4,618.21875,False
1773596799.994104,913,0,0,0,0,9.305191000748891,0.0,0.02409300213912502,4.698092694692929,18.8,618.21875,False
1773596800.207593,914,0,0,0,0,9.792952998395776,0.0,0.025610999728087336,4.698092694692929,9.4,618.21875,False
1773596800.4205348,915,0,0,0,0,9.304654002335155,0.0,0.02353699892410077,4.698092694692929,9.4,618.21875,False
1773596800.633358,916,0,0,0,0,9.347431998321554,0.0,0.022185999114299193,4.69599604104948,9.4,618.21875,False
1773596800.8461432,917,0,0,0,0,9.312153000792023,0.0,0.02290799966431223,4.69599604104948,9.4,618.21875,False
1773596801.0589828,918,0,0,0,0,9.357819999422645,0.0,0.02353800300625153,4.69599604104948,18.8,618.21875,False
1773596801.2719727,919,0,0,0,0,9.377246002259199,0.0,0.02466700243530795,4.69599604104948,9.4,618.21875,False
1773596801.4847991,920,0,0,0,0,9.33885700214887,0.0,0.02357500125071965,4.69599604104948,9.4,618.21875,False
1773596801.6976955,921,0,0,0,0,9.336245999293169,0.0,0.023684999177930877,4.697781181698663,9.4,618.21875,False
1773596801.910482,922,0,0,0,0,9.313875998486765,0.0,0.02399999721092172,4.697781181698663,9.4,618.21875,False
1773596802.1233246,923,0,0,0,0,9.279745998355793,0.0,0.023630000214325264,4.697781181698663,18.8,618.21875,False
1773596802.336125,924,0,0,0,0,9.338339001260465,0.0,0.02325999957975,4.697781181698663,9.4,618.21875,False
1773596802.5489526,925,0,0,0,0,9.339338997961022,0.0,0.02355600008741021,4.697781181698663,9.4,618.21875,False
1773596802.7619078,926,0,0,0,0,9.342690998892067,0.0,0.022982003429206088,4.698302147261942,9.4,618.21875,False
1773596802.9742525,927,0,0,0,0,8.798779999779072,0.0,0.023074000637279823,4.698302147261942,9.4,618.21875,False
1773596803.18659,928,0,0,0,0,8.891522000340046,0.0,0.02300000051036477,4.698302147261942,18.8,618.21875,False
1773596803.3994184,929,0,0,0,0,9.331024000857724,0.0,0.023908000002847984,4.698302147261942,9.4,618.21875,False
1773596803.612309,930,0,0,0,0,9.322228001110489,0.0,0.023426000552717596,4.698302147261942,9.4,618.21875,False
1773596803.8251817,931,0,0,0,0,9.327727999334456,0.0,0.023721997422399,4.702465599596025,9.4,618.21875,False
1773596804.0379643,932,0,0,0,0,9.323264999693492,0.0,0.024370998289668933,4.702465599596025,9.4,618.21875,False
1773596804.2508075,933,0,0,0,0,9.257542998966528,0.0,0.023814998712623492,4.702465599596025,18.8,618.21875,False
1773596804.4637284,934,0,0,0,0,9.369302002596669,0.0,0.02411100285826251,4.702465599596025,9.4,618.21875,False
1773596804.6766326,935,0,0,0,0,9.329931002866942,0.0,0.024204000510508195,4.702465599596025,9.4,618.21875,False
1773596804.8894546,936,0,0,0,0,9.333932001027279,0.0,0.02350000067963265,4.698072697685588,9.4,618.21875,False
1773596805.102335,937,0,0,0,0,9.340561999124475,0.0,0.024740002118051052,4.698072697685588,9.4,618.21875,False
1773596805.3152008,938,0,0,0,0,9.316747000411851,0.0,0.024536999262636527,4.698072697685588,18.8,618.21875,False
1773596805.5280185,939,0,0,0,0,9.304469000198878,0.0,0.024388999008806422,4.698072697685588,9.4,618.21875,False
1773596805.7408154,940,0,0,0,0,9.299560999352252,0.0,0.02351800139877014,4.698072697685588,9.4,618.21875,False
1773596805.9536166,941,0,0,0,0,9.307782998803305,0.0,0.025018001906573772,4.698551620165878,9.4,618.21875,False
1773596806.1664402,942,0,0,0,0,9.305432002292946,0.0,0.024408000172115862,4.698551620165878,9.4,618.21875,False
1773596806.3792505,943,0,0,0,0,9.272375998989446,0.0,0.02346299879718572,4.698551620165878,18.8,618.21875,False
1773596806.5922332,944,0,0,0,0,9.429376001207856,0.0,0.023741002223687246,4.698551620165878,9.4,618.21875,False
1773596806.8050785,945,0,0,0,0,9.378320999530843,0.0,0.02348199996049516,4.698551620165878,9.4,618.21875,False
1773596807.0180104,946,0,0,0,0,9.293895000155317,0.0,0.023352000425802544,4.69749285851402,9.4,618.21875,False
1773596807.2307727,947,0,0,0,0,9.290894002333516,0.0,0.022480999177787453,4.69749285851402,9.4,618.21875,False
1773596807.4435697,948,0,0,0,0,9.303375998570118,0.0,0.023982000129763037,4.69749285851402,18.8,618.21875,False
1773596807.6565812,949,0,0,0,0,9.371766002004733,0.0,0.026166999305132776,4.69749285851402,9.4,618.21875,False
1773596807.8694198,950,0,0,0,0,9.316505002061604,0.0,0.023370997951133177,4.69749285851402,9.4,618.21875,False
1773596808.082228,951,0,0,0,0,9.323320002295077,0.0,0.02350000067963265,4.698289516427139,9.4,618.21875,False
1773596808.2950132,952,0,0,0,0,9.294653998949798,0.0,0.023092998162610456,4.698289516427139,9.4,618.21875,False
1773596808.5077715,953,0,0,0,0,9.280042999307625,0.0,0.02374099858570844,4.698289516427139,18.8,618.21875,False
1773596808.7207649,954,0,0,0,0,9.410357997694518,0.0,0.022963002265896648,4.698289516427139,9.4,618.21875,False
1773596808.933525,955,0,0,0,0,9.297043001424754,0.0,0.02353699892410077,4.698289516427139,9.4,618.21875,False
1773596809.1463816,956,0,0,0,0,9.331376000773162,0.0,0.02320400017197244,4.698591622505273,9.4,618.21875,False
1773596809.3591979,957,0,0,0,0,9.276708999095717,0.0,0.023981003323569894,4.698591622505273,9.4,618.21875,False
1773596809.5720656,958,0,0,0,0,9.31987599688,0.0,0.02401899837423116,4.698591622505273,18.8,618.21875,False
1773596809.7849267,959,0,0,0,0,9.347524999611778,0.0,0.02325999957975,4.698591622505273,9.4,618.21875,False
1773596809.9978237,960,0,0,0,0,9.350876000098651,0.0,0.023074000637279823,4.698591622505273,9.4,618.234375,False
1773596810.2106795,961,0,0,0,0,9.322338999481872,0.0,0.0235740008065477,4.697944299904703,14.1,618.234375,False
1773596810.4234965,962,0,0,0,0,9.342172998003662,0.0,0.024297001800732687,4.697944299904703,9.4,618.234375,False
1773596810.6363566,963,0,0,0,0,9.391173000039998,0.0,0.02261199915665202,4.697944299904703,18.8,618.234375,False
1773596810.8493416,964,0,0,0,0,9.385320998262614,0.0,0.02270400000270456,4.697944299904703,9.4,618.234375,False
1773596811.0622506,965,0,0,0,0,9.369671999593265,0.0,0.023980999685591087,4.697944299904703,9.4,618.234375,False
1773596811.2750783,966,0,0,0,0,9.367190999910235,0.0,0.02324099841644056,4.697502328421436,9.4,618.234375,False
1773596811.4879913,967,0,0,0,0,9.36648700007936,0.0,0.02346299879718572,4.697502328421436,9.4,618.234375,False
1773596811.7005308,968,0,0,0,0,9.058151998033281,0.0,0.02324099841644056,4.697502328421436,18.8,618.234375,False
1773596811.9135916,969,0,0,0,0,9.418988000106765,0.0,0.024666998797329143,4.697502328421436,4.7,618.234375,False
1773596812.1264386,970,0,0,0,0,9.367487000417896,0.0,0.022501000785268843,4.697502328421436,9.4,618.25,False
1773596812.3392773,971,0,0,0,0,9.363617002236424,0.0,0.02322200089110993,4.698381091518144,14.1,618.265625,False
1773596812.5522883,972,0,0,0,0,9.423190997040365,0.0,0.02355499964323826,4.698381091518144,9.4,618.265625,False
1773596812.7652972,973,0,0,0,0,9.375024001201382,0.0,0.02438900264678523,4.698381091518144,18.8,618.265625,False
1773596812.977647,974,0,0,0,0,8.868206001352519,0.0,0.02266599767608568,4.698381091518144,9.4,618.265625,False
1773596813.1905148,975,0,0,0,0,9.37211699783802,0.0,0.02318599945283495,4.698381091518144,9.4,618.265625,False
1773596813.4036913,976,0,0,0,0,9.416747001523618,0.0,0.021980999008519575,4.697406578894023,9.4,618.265625,False
1773596813.616572,977,0,0,0,0,9.379062001244165,0.0,0.024185999791370705,4.697406578894023,9.4,618.265625,False
1773596813.8293939,978,0,0,0,0,9.347264996904414,0.0,0.024092998501146212,4.697406578894023,18.8,618.265625,False
1773596814.0422633,979,0,0,0,0,9.32685700172442,0.0,0.023408003471558914,4.697406578894023,9.4,618.265625,False
1773596814.255082,980,0,0,0,0,9.285134998208378,0.0,0.02325999957975,4.697406578894023,9.4,618.265625,False
1773596814.4679434,981,0,0,0,0,9.302450001996476,0.0,0.02407400097581558,4.6981453192099,9.4,618.265625,False
1773596814.680832,982,0,0,0,0,9.403099000337534,0.0,0.023647997295483947,4.6981453192099,9.4,618.265625,False
1773596814.8936584,983,0,0,0,0,9.294079001847422,0.0,0.023833999875932932,4.6981453192099,18.8,618.265625,False
1773596815.1065016,984,0,0,0,0,9.32872699922882,0.0,0.023184999008663,4.6981453192099,9.4,618.265625,False
1773596815.31926,985,0,0,0,0,9.305727002356434,0.0,0.023926000721985474,4.6981453192099,9.4,618.265625,False
1773596815.532129,986,0,0,0,0,9.320747001765994,0.0,0.023148000764194876,4.6984453014695635,9.4,618.265625,False
1773596815.7451727,987,0,0,0,0,9.442431997740641,0.0,0.024462999135721475,4.6984453014695635,9.4,618.265625,False
1773596815.9582157,988,0,0,0,0,9.55272999999579,0.0,0.02272200072184205,4.6984453014695635,18.8,618.265625,False
1773596816.1709762,989,0,0,0,0,9.309504999691853,0.0,0.023796997993486002,4.6984453014695635,9.4,618.265625,False
1773596816.384224,990,0,0,0,0,9.599878001608886,0.0,0.026129997422685847,4.6984453014695635,9.4,618.265625,False
1773596816.5971045,991,0,0,0,0,9.407451001607114,0.0,0.022944001102587208,4.694919511584663,9.4,618.265625,False
1773596816.8100293,992,0,0,0,0,9.317598000052385,0.0,0.023296997824218124,4.694919511584663,9.4,618.265625,False
1773596817.0228014,993,0,0,0,0,9.299041998019675,0.0,0.023426000552717596,4.694919511584663,18.8,618.265625,False
1773596817.2356012,994,0,0,0,0,9.342209999886109,0.0,0.024278000637423247,4.694919511584663,9.4,618.265625,False
1773596817.448418,995,0,0,0,0,9.35245000073337,0.0,0.023869997676229104,4.694919511584663,9.4,618.265625,False
1773596817.6614132,996,0,0,0,0,9.37006100139115,0.0,0.024073997337836772,4.697919042150967,9.4,618.265625,False
1773596817.8742073,997,0,0,0,0,9.306227999331895,0.0,0.02375899930484593,4.697919042150967,9.4,618.265625,False
1773596818.0870657,998,0,0,0,0,9.297653999965405,0.0,0.024259003112092614,4.697919042150967,18.8,618.265625,False
1773596818.2999036,999,0,0,0,0,9.30489399979706,0.0,0.02240799949504435,4.697919042150967,9.4,618.265625,False
1773596818.5127091,1000,0,0,0,0,9.303617000114173,0.0,0.023332999262493104,4.697919042150967,9.4,618.265625,False
1773596818.7256422,1001,0,0,0,0,9.460469002078753,0.0,0.023537999368272722,4.698212680311928,9.4,618.265625,False
1773596818.9384198,1002,0,0,0,0,9.309950000897516,0.0,0.02411100285826251,4.698212680311928,9.4,618.265625,False
1773596819.1512737,1003,0,0,0,0,9.281449001719011,0.0,0.023870998120401055,4.698212680311928,23.5,618.265625,False
1773596819.3640606,1004,0,0,0,0,9.322412999608787,0.0,0.02411200330243446,4.698212680311928,9.4,618.265625,False
1773596819.576962,1005,0,0,0,0,9.342450000985991,0.0,0.02270400000270456,4.698212680311928,9.4,618.265625,False
1773596819.7898254,1006,0,0,0,0,9.332228000857867,0.0,0.024925997422542423,4.698494775907901,9.4,618.265625,False
1773596820.0026653,1007,0,0,0,0,9.299782999732997,0.0,0.023908000002847984,4.698494775907901,9.4,618.265625,False
1773596820.2152758,1008,0,0,0,0,9.038967000378761,0.0,0.02298199979122728,4.698494775907901,14.1,618.265625,False
1773596820.42815,1009,0,0,0,0,9.32624599954579,0.0,0.023926000721985474,4.698494775907901,9.4,618.265625,False
1773596820.6410434,1010,0,0,0,0,9.333431000413839,0.0,0.02214800042565912,4.698494775907901,9.4,618.265625,False
1773596820.853858,1011,0,0,0,0,9.334450001915684,0.0,0.023592998331878334,4.699092762151495,9.4,618.265625,False
1773596821.0666625,1012,0,0,0,0,9.337986997707048,0.0,0.023110998881747946,4.699092762151495,14.1,618.265625,False
1773596821.27944,1013,0,0,0,0,9.287635002692696,0.0,0.02324099841644056,4.699092762151495,14.1,618.265625,False
1773596821.4922183,1014,0,0,0,0,9.332282999821473,0.0,0.02351800139877014,4.699092762151495,9.4,618.265625,False
1773596821.705112,1015,0,0,0,0,9.415357999387197,0.0,0.024925997422542423,4.699092762151495,9.4,618.265625,False
1773596821.918126,1016,0,0,0,0,9.457396001380403,0.0,0.023814998712623492,4.6980769075677244,14.1,618.265625,False
1773596822.1309767,1017,0,0,0,0,9.32283899965114,0.0,0.022814998374087736,4.6980769075677244,9.4,618.265625,False
1773596822.343759,1018,0,0,0,0,9.312486999988323,0.0,0.02322200089110993,4.6980769075677244,14.1,618.265625,False
1773596822.5567732,1019,0,0,0,0,9.385302000737283,0.0,0.04107400309294462,4.6980769075677244,14.1,618.265625,False
1773596822.769598,1020,0,0,0,0,9.350116000859998,0.0,0.023407999833580106,4.6980769075677244,9.4,618.265625,False
1773596822.9824789,1021,0,0,0,0,9.328190997621277,0.0,0.023888998839538544,4.697705414513894,9.4,618.265625,False
1773596823.1952798,1022,0,0,0,0,9.314893999544438,0.0,0.02264799695694819,4.697705414513894,9.4,618.265625,False
1773596823.4075687,1023,0,0,0,0,8.819927999866195,0.0,0.02292599674547091,4.697705414513894,18.8,618.265625,False
1773596823.6203444,1024,0,0,0,0,9.35746899995138,0.0,0.023628999770153314,4.697705414513894,9.4,618.265625,False
1773596823.8331273,1025,0,0,0,0,9.325561000878224,0.0,0.02292600038344972,4.697705414513894,9.4,618.265625,False
1773596824.0459163,1026,0,0,0,0,9.318208998593036,0.0,0.022795997210778296,4.701710742664002,9.4,618.265625,False
1773596824.258761,1027,0,0,0,0,9.293005001381971,0.0,0.024166998628061265,4.701710742664002,9.4,618.265625,False
1773596824.4715497,1028,0,0,0,0,9.303949998866301,0.0,0.02257399683003314,4.701710742664002,18.8,618.265625,False
1773596824.6844413,1029,0,0,0,0,9.35200599997188,0.0,0.025518998882034793,4.701710742664002,9.4,618.265625,False
1773596824.8973103,1030,0,0,0,0,9.31294900146895,0.0,0.022889002138981596,4.701710742664002,4.7,618.265625,False
1773596825.1101577,1031,0,0,0,0,9.29239400284132,0.0,0.022629999875789508,4.698203207540238,9.4,618.28125,False
1773596825.3229923,1032,0,0,0,0,9.286672000598628,0.0,0.023926000721985474,4.698203207540238,9.4,618.28125,False
1773596825.535727,1033,0,0,0,0,9.260079001251142,0.0,0.02387000131420791,4.698203207540238,18.8,618.28125,False
1773596825.7485473,1034,0,0,0,0,9.338357998785796,0.0,0.02348199996049516,4.698203207540238,9.4,618.28125,False
1773596825.9613686,1035,0,0,0,0,9.34108000001288,0.0,0.023592998331878334,4.698203207540238,9.4,618.28125,False
1773596826.1741729,1036,0,0,0,0,9.31752399992547,0.0,0.022814998374087736,4.699194898258712,9.4,618.28125,False
1773596826.3869498,1037,0,0,0,0,9.29957900007139,0.0,0.024055003450484946,4.699194898258712,14.1,618.28125,False
1773596826.5997336,1038,0,0,0,0,9.322468999016564,0.0,0.02301800122950226,4.699194898258712,14.1,618.28125,False
1773596826.8126295,1039,0,0,0,0,9.333672001957893,0.0,0.02401899837423116,4.699194898258712,9.4,618.28125,False
1773596827.0256166,1040,0,0,0,0,9.433913997781929,0.0,0.02463000055286102,4.699194898258712,9.4,618.28125,False
1773596827.2383723,1041,0,0,0,0,9.29474599979585,0.0,0.022333002561936155,4.698385301952993,9.4,618.28125,False
1773596827.451269,1042,0,0,0,0,9.291985999880126,0.0,0.023723001504549757,4.698385301952993,14.1,618.28125,False
1773596827.6642206,1043,0,0,0,0,9.349560998089146,0.0,0.024814999051159248,4.698385301952993,18.8,618.28125,False
1773596827.87704,1044,0,0,0,0,9.378247003041906,0.0,0.023167001927504316,4.698385301952993,9.4,618.28125,False
1773596828.0897942,1045,0,0,0,0,9.318950000306359,0.0,0.02409300213912502,4.698385301952993,9.4,618.28125,False
1773596828.3025265,1046,0,0,0,0,9.288506000302732,0.0,0.02274100188515149,4.698564252409996,9.4,618.28125,False
1773596828.5152755,1047,0,0,0,0,9.29520900172065,0.0,0.023648000933462754,4.698564252409996,9.4,618.28125,False
1773596828.7275856,1048,0,0,0,0,8.83779899959336,0.0,0.023814998712623492,4.698564252409996,14.1,618.28125,False
1773596828.940394,1049,0,0,0,0,9.269135000067763,0.0,0.024388999008806422,4.698564252409996,14.1,618.28125,False
1773596829.1533985,1050,0,0,0,0,9.40470999921672,0.0,0.026851997972698882,4.698564252409996,9.4,618.28125,False
1773596829.366342,1051,0,0,0,0,9.352782999485498,0.0,0.026426001568324864,4.700162779246644,9.4,618.28125,False
1773596829.579254,1052,0,0,0,0,9.296191001340048,0.0,0.02679599856492132,4.700162779246644,9.4,618.28125,False
1773596829.7920873,1053,0,0,0,0,9.230411997123156,0.0,0.0259810003626626,4.700162779246644,14.1,618.28125,False
1773596830.0051324,1054,0,0,0,0,9.433581002667779,0.0,0.02579600186436437,4.700162779246644,9.4,618.28125,False
1773596830.2180772,1055,0,0,0,0,9.388580001541413,0.0,0.026444999093655497,4.700162779246644,14.1,618.296875,False
1773596830.4308767,1056,0,0,0,0,9.29957900007139,0.0,0.026277997676515952,4.696881604161086,9.4,618.296875,False
1773596830.6437445,1057,0,0,0,0,9.37661700299941,0.0,0.02713000139920041,4.696881604161086,9.4,618.296875,False
1773596830.8567252,1058,0,0,0,0,9.41609899746254,0.0,0.025240999093512073,4.696881604161086,18.8,618.296875,False
1773596831.0696738,1059,0,0,0,0,9.417895002115984,0.0,0.026426001568324864,4.696881604161086,9.4,618.296875,False
1773596831.2825742,1060,0,0,0,0,9.405413999047596,0.0,0.025408000510651618,4.696881604161086,9.4,618.296875,False
