timestamp,frame_index,motion_regions,yolo_detections,confirmed_tracks,new_confirmations,time_mog2_ms,time_yolo_ms,time_tracker_ms,fps,cpu_percent,ram_mb,yolo_ran
1773596250.1344223,0,0,0,0,0,7.567975000711158,0.0,0.027591999241849408,0.0,0.0,456.96875,False
1773596250.3448675,1,0,0,0,0,7.114916999853449,0.0,0.02546399991842918,0.0,4.8,461.875,False
1773596250.5550213,2,0,0,0,0,7.089177001034841,0.0,0.021963001927360892,0.0,9.5,464.5,False
1773596250.7652788,3,0,0,0,0,7.156769002904184,0.0,0.020927000150550157,0.0,14.3,467.484375,False
1773596250.975403,4,0,0,0,0,7.067342998198001,0.0,0.021371000912040472,4.757526646570201,4.8,470.125,False
1773596251.1854882,5,0,0,0,0,7.074084001942538,0.0,0.02038999809883535,4.757526646570201,9.5,472.75,False
1773596251.3955169,6,0,0,0,0,7.0484349998878315,0.0,0.021185998775763437,4.757526646570201,9.5,475.375,False
1773596251.6055913,7,0,0,0,0,7.048658000712749,0.0,0.0215559994103387,4.757526646570201,4.8,478.0,False
1773596251.8157086,8,0,0,0,0,7.0508799981325865,0.0,0.021481999283423647,4.757526646570201,14.3,481.9375,False
1773596252.0258067,9,0,0,0,0,7.073843000398483,0.0,0.021777999791083857,4.760062137346779,4.8,484.5625,False
1773596252.2359138,10,0,0,0,0,7.035324000753462,0.0,0.02131500150426291,4.760062137346779,9.5,484.5625,False
1773596252.446038,11,0,0,0,0,7.028434996755095,0.0,0.022184998670127243,4.760062137346779,9.5,484.5625,False
1773596252.6561303,12,0,0,0,0,6.9722129992442206,0.0,0.021407999156508595,4.760062137346779,4.8,484.5625,False
1773596252.8662055,13,0,0,0,0,6.99247200100217,0.0,0.02211199898738414,4.760062137346779,14.3,484.5625,False
1773596253.0763583,14,0,0,0,0,7.0049719979579095,0.0,0.02181499803555198,4.75942801132285,4.8,484.5625,False
1773596253.2868288,15,0,0,0,0,7.005360999755794,0.0,0.020389001292642206,4.75942801132285,9.5,484.5625,False
1773596253.4970396,16,0,0,0,0,7.0798979977553245,0.0,0.021777999791083857,4.75942801132285,9.5,484.5625,False
1773596253.7072575,17,0,0,0,0,7.081157000357052,0.0,0.022759999410482123,4.75942801132285,4.8,484.5625,False
1773596253.917309,18,0,0,0,0,6.994342998950742,0.0,0.02072300048894249,4.75942801132285,14.3,484.5625,False
1773596254.1273317,19,0,0,0,0,6.974638999963645,0.0,0.02127699917764403,4.7575039818806,9.5,484.5625,False
1773596254.3374193,20,0,0,0,0,7.042897999781417,0.0,0.021260002540657297,4.7575039818806,9.5,484.5625,False
1773596254.5475202,21,0,0,0,0,7.063805001962464,0.0,0.021685998945031315,4.7575039818806,4.8,484.5625,False
1773596254.7576828,22,0,0,0,0,7.046101996820653,0.0,0.02079700061585754,4.7575039818806,9.5,484.5625,False
1773596254.9679801,23,0,0,0,0,7.118009998521302,0.0,0.021129999367985874,4.7575039818806,14.3,484.5625,False
1773596255.1780462,24,0,0,0,0,7.0173610001802444,0.0,0.02014799974858761,4.758660156450319,4.8,484.5625,False
1773596255.3881106,25,0,0,0,0,6.9726759975310415,0.0,0.020832998416153714,4.758660156450319,4.8,484.5625,False
1773596255.598379,26,0,0,0,0,7.06950899984804,0.0,0.022018997697159648,4.758660156450319,9.5,484.5625,False
1773596255.8084652,27,0,0,0,0,7.006971001828788,0.0,0.020833998860325664,4.758660156450319,4.8,484.5625,False
1773596256.0186703,28,0,0,0,0,7.0186199991439935,0.0,0.020592997316271067,4.758660156450319,14.3,484.5625,False
1773596256.22879,29,0,0,0,0,7.026082999800565,0.0,0.020685001800302416,4.758524106746585,9.5,484.5625,False
1773596256.4390056,30,0,0,0,0,7.039991000056034,0.0,0.021149000531295314,4.758524106746585,4.8,484.5625,False
1773596256.6494446,31,0,0,0,0,7.355734000157099,0.0,0.020927000150550157,4.758524106746585,9.5,484.5625,False
1773596256.859562,32,0,0,0,0,7.020730998192448,0.0,0.02131500150426291,4.758524106746585,9.5,484.5625,False
1773596257.0696917,33,0,0,0,0,7.044268000754528,0.0,0.02022199987550266,4.758524106746585,9.5,484.5625,False
1773596257.279785,34,0,0,0,0,6.960878999962006,0.0,0.021203999494900927,4.757453256929226,9.5,484.5625,False
1773596257.4922988,35,0,0,0,0,9.37991400132887,0.0,0.02550000135670416,4.757453256929226,9.4,484.5625,False
1773596257.7050653,36,0,0,0,0,9.353912999358727,0.0,0.0248889991780743,4.757453256929226,9.4,484.5625,False
1773596257.9178426,37,0,0,0,0,9.285634998377645,0.0,0.02570400101831183,4.757453256929226,9.4,484.5625,False
1773596258.1306863,38,0,0,0,0,9.23033800063422,0.0,0.025203997211065143,4.757453256929226,18.8,484.5625,False
1773596258.3434684,39,0,0,0,0,9.254226999473758,0.0,0.02537099862820469,4.7008423245090025,9.4,484.5625,False
1773596258.5562837,40,0,0,0,0,9.373709999636048,0.0,0.02651899922057055,4.7008423245090025,9.4,484.5625,False
1773596258.7691998,41,0,0,0,0,9.3499310023617,0.0,0.023630000214325264,4.7008423245090025,9.4,484.5625,False
1773596258.9821107,42,0,0,0,0,9.346488001028774,0.0,0.02494400177965872,4.7008423245090025,9.4,484.5625,False
1773596259.1949778,43,0,0,0,0,9.339153999462724,0.0,0.025130000722128898,4.7008423245090025,18.8,484.5625,False
1773596259.407818,44,0,0,0,0,9.298634999140631,0.0,0.025073997676372528,4.697744350123024,9.4,484.5625,False
1773596259.6205704,45,0,0,0,0,9.228245999111095,0.0,0.022778000129619613,4.697744350123024,9.4,484.5625,False
1773596259.833409,46,0,0,0,0,9.257006000552792,0.0,0.022666001314064488,4.697744350123024,9.4,484.5625,False
1773596260.0460193,47,0,0,0,0,9.265782999136718,0.0,0.02296299862791784,4.697744350123024,9.4,484.5625,False
1773596260.2587008,48,0,0,0,0,9.32359799844562,0.0,0.025573997845640406,4.697744350123024,18.8,484.5625,False
1773596260.4714668,49,0,0,0,0,9.340025000710739,0.0,0.02520400084904395,4.700776995343049,9.4,484.5625,False
1773596260.6838362,50,0,0,0,0,8.926039998186752,0.0,0.025612000172259286,4.700776995343049,9.4,484.5625,False
1773596260.8961434,51,0,0,0,0,8.84685500204796,0.0,0.025334000383736566,4.700776995343049,9.4,484.5625,False
1773596261.109023,52,0,0,0,0,9.40721000006306,0.0,0.025093002477660775,4.700776995343049,9.4,484.5625,False
1773596261.3218758,53,0,0,0,0,9.38956100071664,0.0,0.02570400101831183,4.700776995343049,18.8,484.5625,False
1773596261.5348232,54,0,0,0,0,9.415728000021772,0.0,0.02537099862820469,4.702095520732227,9.4,484.5625,False
1773596261.7471886,55,0,0,0,0,8.859391000441974,0.0,0.024482000299030915,4.702095520732227,9.4,484.5625,False
1773596261.9600117,56,0,0,0,0,9.403043000929756,0.0,0.025388999347342178,4.702095520732227,9.4,484.5625,False
1773596262.1725817,57,0,0,0,0,8.969669997895835,0.0,0.02603699977044016,4.702095520732227,9.4,484.5625,False
1773596262.385576,58,0,0,0,0,9.436950997042004,0.0,0.025260000256821513,4.702095520732227,18.8,484.5625,False
1773596262.5985088,59,0,0,0,0,9.392506999574834,0.0,0.024814999051159248,4.700636859870431,9.4,484.5625,False
1773596262.8114185,60,0,0,0,0,9.347819999675266,0.0,0.025314999220427126,4.700636859870431,9.4,484.5625,False
1773596263.0241835,61,0,0,0,0,9.223876000760356,0.0,0.025592999008949846,4.700636859870431,9.4,484.5625,False
1773596263.2369952,62,0,0,0,0,9.292913000535918,0.0,0.02409200169495307,4.700636859870431,9.4,484.5625,False
1773596263.4498274,63,0,0,0,0,9.240560997568537,0.0,0.02461199983372353,4.700636859870431,18.8,484.5625,False
1773596263.662772,64,0,0,0,0,9.394729000632651,0.0,0.02461099938955158,4.698114796846465,9.4,484.5625,False
1773596263.8756344,65,0,0,0,0,9.325098999397596,0.0,0.02459299867041409,4.698114796846465,9.4,484.5625,False
1773596264.0885916,66,0,0,0,0,9.361431999423075,0.0,0.02461199983372353,4.698114796846465,9.4,484.5625,False
1773596264.301545,67,0,0,0,0,9.439987999940058,0.0,0.02492700150469318,4.698114796846465,14.1,484.5625,False
1773596264.5143378,68,0,0,0,0,9.363617002236424,0.0,0.02463000055286102,4.698114796846465,18.8,484.5625,False
1773596264.7270803,69,0,0,0,0,9.33996800085879,0.0,0.025332999939564615,4.697896941839233,9.4,484.5625,False
1773596264.9398613,70,0,0,0,0,9.313635000580689,0.0,0.0248889991780743,4.697896941839233,9.4,484.5625,False
1773596265.152682,71,0,0,0,0,9.302135000325507,0.0,0.024852000933606178,4.697896941839233,9.4,484.5625,False
1773596265.3654058,72,0,0,0,0,9.333412999694701,0.0,0.02562899680924602,4.697896941839233,9.4,484.5625,False
1773596265.578371,73,0,0,0,0,9.364358000311768,0.0,0.02574099926277995,4.697896941839233,18.8,484.5625,False
1773596265.7910898,74,0,0,0,0,9.317931999248685,0.0,0.025240999093512073,4.6992117458782365,9.4,484.5625,False
1773596266.0039783,75,0,0,0,0,9.349542000563815,0.0,0.024982000468298793,4.6992117458782365,9.4,484.5625,False
1773596266.2167375,76,0,0,0,0,9.31878400297137,0.0,0.025000001187436283,4.6992117458782365,4.7,484.5625,False
1773596266.4296544,77,0,0,0,0,9.362968998175347,0.0,0.023963002604432404,4.6992117458782365,9.4,484.5625,False
1773596266.6417434,78,0,0,0,0,8.718982997379499,0.0,0.021518000721698627,4.6992117458782365,18.9,484.5625,False
1773596266.8544335,79,0,0,0,0,9.257376001187367,0.0,0.023426000552717596,4.70210079210194,14.1,484.5625,False
1773596267.0670757,80,0,0,0,0,9.199857002386125,0.0,0.022500000341096893,4.70210079210194,9.4,484.5625,False
1773596267.27977,81,0,0,0,0,9.235412999260006,0.0,0.02237099761259742,4.70210079210194,9.4,484.5625,False
1773596267.4925354,82,0,0,0,0,9.263986998121254,0.0,0.021980999008519575,4.70210079210194,9.4,484.5625,False
1773596267.7053702,83,0,0,0,0,9.35904299694812,0.0,0.022963002265896648,4.70210079210194,18.8,484.5625,False
1773596267.9181607,84,0,0,0,0,9.318672000517836,0.0,0.021425999875646085,4.700448269679039,9.4,484.5625,False
1773596268.130818,85,0,0,0,0,9.198468000249704,0.0,0.021981999452691525,4.700448269679039,4.7,484.5625,False
1773596268.343541,86,0,0,0,0,9.258227000827901,0.0,0.022074000298744068,4.700448269679039,9.4,484.5625,False
1773596268.5562387,87,0,0,0,0,9.23998600046616,0.0,0.02298099934705533,4.700448269679039,14.1,484.5625,False
1773596268.7691612,88,0,0,0,0,9.474950998992426,0.0,0.024018001568038017,4.700448269679039,14.1,484.5625,False
1773596268.9820573,89,0,0,0,0,9.488506999332458,0.0,0.02325899913557805,4.699741454519459,9.4,484.65625,False
1773596270.208047,90,1,1,0,0,9.543619002215564,1013.0153950012755,0.04205600271234289,0.8156230468955095,132.1,563.015625,True
1773596271.1055887,91,1,1,1,1,7.1377320018655155,687.1229580028739,0.047462999646086246,0.8156230468955095,134.8,565.59375,True
1773596271.990478,92,1,1,1,0,7.177602998126531,674.4736159998865,0.042666997615015134,1.122065242267868,134.5,568.828125,True
1773596272.9981678,93,1,1,1,0,7.202454999060137,797.3211999997147,0.032203999580815434,0.9923673224870131,137.9,599.625,True
1773596273.9824202,94,1,1,1,0,7.178010000643553,773.8593610010867,0.03587099854485132,0.9923673224870131,137.2,602.453125,True
1773596275.0496936,95,1,1,1,0,9.709767000458669,854.3845749991306,0.03425999966566451,0.9206326838668072,138.7,589.703125,True
1773596276.0942166,96,1,1,1,0,7.171639997977763,834.1177010006504,0.03274100163253024,0.9369639207914068,137.9,594.8125,True
1773596277.2038178,97,1,1,1,0,7.201028998679249,899.2055909984629,0.03231499795219861,0.9924295465133915,141.5,600.59375,True
1773596278.2562616,98,1,1,1,0,7.288344000698999,841.9340300024487,0.03270399975008331,0.9501734269301859,139.7,595.375,True
1773596279.1452174,99,1,1,1,0,7.2131579981942195,678.404510999826,0.03285200000391342,0.9501734269301859,133.9,604.75,True
1773596280.042304,100,1,1,1,0,7.481827000447083,686.339081999904,0.03312999979243614,1.1197980985369593,133.8,607.375,True
1773596280.930981,101,1,1,1,0,7.20754699796089,678.2124730016221,0.03288900188636035,1.1197980985369593,133.9,610.0,True
1773596281.8844273,102,1,1,1,0,7.239178001327673,742.910953998944,0.03401800131541677,1.0857035322670534,136.3,614.890625,True
1773596282.9495718,103,1,1,1,0,7.21223300206475,854.7668920000433,0.03203699816367589,0.9388342556103256,135.2,615.703125,True
1773596284.0690913,104,1,1,1,0,8.282017999590607,907.8032409997832,0.03298199953860603,0.8932413323110997,142.0,610.234375,True
1773596285.1607661,105,1,1,1,0,7.166584000515286,881.3356030004798,0.03577800089260563,0.9160347089529242,139.2,619.6875,True
1773596285.3712344,106,0,0,1,0,7.182509998528985,0.0,0.028925998776685447,0.9160347089529242,9.5,621.375,False
1773596285.5816934,107,0,0,1,0,7.185842998296721,0.0,0.027999998565064743,0.9160347089529242,9.5,624.0,False
1773596285.7921104,108,0,0,1,0,7.078509999701055,0.0,0.029685001209145412,0.9160347089529242,9.5,626.625,False
1773596286.002449,109,0,0,1,0,7.030472999758786,0.0,0.029704002372454852,0.9160347089529242,9.5,629.25,False
1773596286.2128417,110,0,0,1,0,7.06499100124347,0.0,0.02901900006690994,4.752588692695459,9.5,631.875,False
1773596286.423254,111,0,0,1,0,7.040749998850515,0.0,0.029499999072868377,4.752588692695459,4.8,634.5,False
1773596286.6337852,112,0,0,1,0,7.067602000461193,0.0,0.029241000447655097,4.752588692695459,9.5,637.125,False
1773596286.8443155,113,0,0,1,0,7.058563998725731,0.0,0.029499999072868377,4.752588692695459,14.3,639.75,False
1773596287.054949,114,0,0,1,0,7.04658299946459,0.0,0.030223000067053363,4.752588692695459,4.7,642.375,False
1773596287.265278,115,0,0,1,0,7.0857689970580395,0.0,0.030055998649913818,4.750897270029176,9.5,645.0,False
1773596287.4755414,116,0,0,1,0,7.033360998320859,0.0,0.031073999707587063,4.750897270029176,9.5,647.625,False
1773596287.6858678,117,0,0,1,0,7.012083999143215,0.0,0.031129999115364626,4.750897270029176,4.8,650.25,False
1773596287.8961895,118,0,0,1,0,7.030082997516729,0.0,0.029147999157430604,4.750897270029176,14.3,652.875,False
1773596288.106489,119,0,0,1,0,7.0438980001199525,0.0,0.029629998607560992,4.750897270029176,4.8,655.5,False
1773596288.316926,120,0,0,1,0,7.115491000149632,0.0,0.029647999326698482,4.754439762644374,9.5,658.125,False
1773596288.5274394,121,0,0,0,0,7.1021200019458774,0.0,0.033370000892318785,4.754439762644374,9.5,660.75,False
1773596288.7377486,122,0,0,0,0,7.048268998914864,0.0,0.030555998819181696,4.754439762644374,4.8,663.375,False
1773596288.9479864,123,0,0,0,0,7.008341999608092,0.0,0.029351998819038272,4.754439762644374,14.3,664.6875,False
1773596289.158153,124,0,0,0,0,7.042101999104489,0.0,0.028592996386578307,4.754439762644374,9.5,668.625,False
1773596289.3683522,125,0,0,0,0,7.049730997096049,0.0,0.02936999953817576,4.755503864332156,4.8,671.25,False
1773596289.5809362,126,0,0,0,0,9.309115997893969,0.0,0.03292600013082847,4.755503864332156,9.4,673.875,False
1773596289.793897,127,0,0,0,0,9.41658100055065,0.0,0.03322200063848868,4.755503864332156,9.4,676.5,False
1773596290.0068002,128,0,0,0,0,9.418931997061009,0.0,0.0332589988829568,4.755503864332156,18.8,679.125,False
1773596290.219729,129,0,0,0,0,9.425857999303844,0.0,0.03461200321908109,4.755503864332156,9.4,681.75,False
1773596290.4327004,130,0,0,0,0,9.442210000997875,0.0,0.033332999009871855,4.697984291903565,9.4,684.375,False
1773596291.477471,131,0,0,0,0,9.483969999564579,0.0,0.04159300078754313,0.9572651133195133,81.4,669.421875,False
1773596291.6885347,132,0,0,0,0,7.0425279991468415,0.0,0.030667000828543678,0.9572651133195133,14.2,598.359375,False
1773596291.9002478,133,0,0,0,0,8.369481001864187,0.0,0.04870399789069779,0.9572651133195133,14.2,591.6875,False
1773596292.1115246,134,0,0,0,0,7.9984039984992705,0.0,0.0389259985240642,0.9572651133195133,4.7,591.6875,False
1773596292.3231337,135,0,0,0,0,8.158757002092898,0.0,0.03044400000362657,0.9572651133195133,9.4,591.6875,False
1773596292.5334463,136,0,0,0,0,7.062935001158621,0.0,0.031351999496109784,4.734127037874786,9.5,591.6875,False
1773596292.7437901,137,0,0,0,0,7.0671940011379775,0.0,0.02079700061585754,4.734127037874786,4.8,591.6875,False
1773596293.7014701,138,1,1,0,0,7.11038000008557,747.3077230024501,0.03842600199277513,1.7122505011562161,135.7,601.375,True
1773596294.847682,139,1,1,1,1,6.939600996702211,935.9098880013335,0.03566699888324365,0.872428353322434,139.6,596.109375,True
1773596295.8957355,140,1,1,1,0,7.137936001527123,837.5906490000489,0.03479699807940051,0.9541710335671422,135.5,590.515625,True
1773596296.77677,141,1,1,1,0,7.116823999240296,670.6407009987743,0.0327220004692208,0.9541710335671422,135.1,607.984375,True
1773596297.6566854,142,1,1,1,0,7.1188990004884545,669.5611569994071,0.03240700243622996,1.1357640641484175,134.1,607.984375,True
1773596298.589903,143,1,1,1,0,7.115731998055708,722.7364689970273,0.03257500065956265,1.1357640641484175,137.2,610.109375,True
1773596299.636696,144,1,1,1,0,7.140399000491016,836.4097150006273,0.034537002647994086,0.9660083668594244,139.5,625.53125,True
1773596300.6862707,145,1,1,1,0,7.166121002228465,839.171437000914,0.0331109986291267,0.9552338878025428,139.1,628.171875,True
1773596301.7325187,146,1,1,1,0,7.137639997381484,835.916804997396,0.03301900142105296,0.952821273316759,139.5,630.796875,True
1773596302.8282573,147,1,1,1,0,7.187917999544879,885.3590549988439,0.032443997042719275,0.9557915768825496,141.5,635.578125,True
1773596303.8736951,148,1,1,1,0,7.195638998382492,835.0377249989833,0.03287000072305091,0.9126071213009345,140.6,636.546875,True
1773596304.9185169,149,1,1,1,0,7.209695999335963,834.4064619996061,0.03259299774072133,0.9565675898068393,138.8,639.546875,True
1773596305.907385,150,1,1,1,0,7.247547997394577,778.441815997212,0.03348199970787391,0.9570975712385871,137.5,608.84375,True
1773596306.7885506,151,1,1,1,0,7.213676999526797,670.7579050016648,0.0326490007864777,1.1311940284620046,133.9,628.875,True
1773596307.775642,152,1,1,1,0,7.233361997350585,776.7048599998816,0.034704000427154824,1.1311940284620046,137.8,614.0,True
1773596308.7629893,153,1,1,1,0,7.237270001496654,776.9457320027868,0.03233300230931491,0.9182147556092638,138.8,616.625,True
1773596309.70084,154,1,1,1,0,7.198010000138311,727.4886109989893,0.03368499892530963,1.0969472606420887,135.4,638.875,True
1773596310.7465682,155,1,1,1,0,7.1320100032608025,835.412856999028,0.03231500159017742,0.956273603016079,138.7,654.5625,True
1773596310.9596906,156,0,0,1,0,9.69634099965333,0.0,0.035315002605784684,0.956273603016079,9.4,656.25,False
1773596311.1729336,157,0,0,1,0,9.616248000384076,0.0,0.03437100167502649,0.956273603016079,9.4,658.875,False
1773596311.3863165,158,0,0,1,0,9.688173999165883,0.0,0.03514900163281709,0.956273603016079,18.7,661.5,False
1773596311.5995467,159,0,0,1,0,9.593581999070011,0.0,0.03492600080789998,0.956273603016079,14.1,664.125,False
1773596311.8128197,160,0,0,1,0,9.579413999745157,0.0,0.06418599878088571,4.68965856527422,9.4,666.75,False
1773596312.0259855,161,0,0,1,0,9.602543999790214,0.0,0.03412999649299309,4.68965856527422,9.4,669.375,False
1773596312.2391393,162,0,0,1,0,9.590970003046095,0.0,0.034278000384802,4.68965856527422,9.4,672.0,False
1773596312.4523747,163,0,0,1,0,9.672858999692835,0.0,0.03500099774100818,4.68965856527422,18.8,674.625,False
1773596312.6656907,164,0,0,1,0,9.668525999586564,0.0,0.033371001336490735,4.68965856527422,9.4,677.25,False
1773596312.8788075,165,0,0,1,0,9.557915000186767,0.0,0.03650099824881181,4.690510266820814,9.4,679.875,False
1773596313.0919483,166,0,0,1,0,9.52465600130381,0.0,0.03520300015225075,4.690510266820814,14.1,682.5,False
1773596313.3051353,167,0,0,1,0,9.56691499959561,0.0,0.03372200080775656,4.690510266820814,9.4,685.125,False
1773596313.5183053,168,0,0,1,0,9.596210999006871,0.0,0.03546299922163598,4.690510266820814,14.1,687.75,False
1773596313.7314703,169,0,0,1,0,9.562433002429316,0.0,0.0357409990101587,4.690510266820814,9.4,690.375,False
1773596313.9447107,170,0,0,1,0,9.601637000741903,0.0,0.03588899926398881,4.6909918458263045,14.1,693.0,False
1773596314.157799,171,0,0,0,0,9.533191998343682,0.0,0.037444999179570004,4.6909918458263045,9.4,695.625,False
1773596314.3708382,172,0,0,0,0,9.497358001681278,0.0,0.034426000638632104,4.6909918458263045,9.4,698.25,False
1773596314.5839567,173,0,0,0,0,9.519229002762586,0.0,0.03479699807940051,4.6909918458263045,18.8,700.875,False
1773596314.7970347,174,0,0,0,0,9.567711000272539,0.0,0.03346299854456447,4.6909918458263045,9.4,703.5,False
1773596315.0100772,175,0,0,0,0,9.532451000268338,0.0,0.033352000173181295,4.693097685443366,9.4,706.125,False
1773596315.2230692,176,0,0,0,0,9.47272899793461,0.0,0.035852001019520685,4.693097685443366,9.4,708.75,False
1773596315.4360456,177,0,0,0,0,9.492285000305856,0.0,0.034519001928856596,4.693097685443366,9.4,711.375,False
1773596315.6487558,178,0,0,0,0,9.1085789972567,0.0,0.03338899841764942,4.693097685443366,18.8,714.0,False
1773596315.8618293,179,0,0,0,0,9.521506999590201,0.0,0.033926000469364226,4.693097685443366,9.4,716.640625,False
1773596316.0747886,180,0,0,0,0,9.4438390005962,0.0,0.033352000173181295,4.696108558457388,14.1,719.265625,False
1773596317.129568,181,0,0,0,0,9.431950998987304,0.0,0.034351996873738244,0.9479857102755197,81.5,653.765625,False
1773596317.3407698,182,0,0,0,0,7.015176001004875,0.0,0.06651900184806436,0.9479857102755197,9.5,623.578125,False
1773596317.5511374,183,0,0,0,0,7.085158002155367,0.0,0.02987100015161559,0.9479857102755197,14.3,623.578125,False
1773596317.761374,184,0,0,0,0,7.043065001198556,0.0,0.02840699744410813,0.9479857102755197,4.8,623.578125,False
1773596317.9718254,185,0,0,0,0,7.128786997782299,0.0,0.030925999453756958,0.9479857102755197,9.5,623.578125,False
1773596318.1822817,186,0,0,0,0,7.063675999233965,0.0,0.03229600042686798,4.749870729984324,4.8,623.578125,False
1773596318.392552,187,0,0,0,0,6.992711998464074,0.0,0.021648000256391242,4.749870729984324,9.5,623.578125,False
1773596318.6029043,188,0,0,0,0,7.061472999339458,0.0,0.022352000087266788,4.749870729984324,14.3,623.578125,False
1773596318.8132536,189,0,0,0,0,7.141361002140911,0.0,0.022592001187149435,4.749870729984324,4.8,623.578125,False
1773596319.0235405,190,0,0,0,0,7.058565002807882,0.0,0.0207779994525481,4.749870729984324,9.5,623.578125,False
1773596319.2338357,191,0,0,0,0,7.058193998091156,0.0,0.022277999960351735,4.754853703052907,9.5,623.578125,False
1773596319.4441319,192,0,0,0,0,7.0666200008417945,0.0,0.022222000552574173,4.754853703052907,4.8,623.578125,False
1773596319.6543968,193,0,0,0,0,7.006398001976777,0.0,0.022166997950989753,4.754853703052907,14.3,623.578125,False
1773596319.8646233,194,0,0,0,0,7.028601998172235,0.0,0.021629999537253752,4.754853703052907,9.5,623.578125,False
1773596320.0749443,195,0,0,0,0,7.030139000562485,0.0,0.021389001631177962,4.754853703052907,4.8,623.578125,False
1773596320.2851934,196,0,0,0,0,7.070195002597757,0.0,0.022370000806404278,4.755774547723925,9.5,623.578125,False
1773596320.495423,197,0,0,0,0,7.00650900034816,0.0,0.021500000002561137,4.755774547723925,9.5,623.578125,False
1773596320.7058368,198,0,0,0,0,7.1667129996058065,0.0,0.021149000531295314,4.755774547723925,9.5,623.578125,False
1773596320.9160466,199,0,0,0,0,7.046360999083845,0.0,0.021332998585421592,4.755774547723925,9.5,623.578125,False
1773596321.8254879,200,1,1,0,0,7.086175999575062,699.0508870003396,0.031371000659419224,2.596850664512481,133.0,615.796875,True
1773596322.7064102,201,1,1,1,1,7.094824002706446,670.4650520005089,0.03262899917899631,2.596850664512481,133.9,616.078125,True
1773596323.5905526,202,1,1,1,0,7.146288000512868,673.7170730011712,0.033000997063936666,1.1331072145926284,134.6,616.078125,True
1773596324.5279562,203,1,1,1,0,7.12828700125101,727.0081820024643,0.03199999991920777,1.1331072145926284,136.5,618.765625,True
1773596325.4142582,204,1,1,1,0,7.186861999798566,675.7082699987222,0.033352000173181295,0.9620336201105043,134.3,615.734375,True
1773596326.2720542,205,1,2,1,0,7.12223200025619,647.3452700010967,0.03866699989885092,1.2179985297378169,134.1,608.640625,True
1773596327.11668,206,1,1,1,0,7.130435998988105,634.2162199980521,0.03513000046950765,1.2179985297378169,132.6,611.390625,True
1773596327.9586077,207,1,1,1,0,7.165158000134397,631.4715730004536,0.03509299858706072,1.1858516718476768,134.2,613.1875,True
1773596328.8020139,208,1,1,1,0,7.172157998866169,632.8346929985855,0.03463000030023977,1.1858516718476768,135.2,630.71875,True
1773596329.6428225,209,1,1,1,0,7.2178070004156325,630.36917700083,0.03485200068098493,1.187498982530959,134.4,633.453125,True
1773596330.529856,210,1,1,1,0,7.188620998931583,676.5661839999666,0.034184999094577506,1.187498982530959,134.2,631.59375,True
1773596331.470952,211,1,2,1,0,7.173936002800474,730.7293539997772,0.04046300091431476,1.0940121002949106,136.0,634.28125,True
1773596332.4623423,212,1,1,1,0,7.173066001996631,780.8404060015164,0.0389259985240642,1.0940121002949106,138.2,627.640625,True
1773596333.5172987,213,1,1,1,0,7.222085001558298,844.5077869982924,0.03494500197120942,0.9146070963482041,141.2,616.703125,True
1773596334.4588406,214,1,1,1,0,7.133880000765203,731.0094860004028,0.03535200085025281,0.9478565283349917,137.0,617.75,True
1773596335.452061,215,1,1,1,0,7.190583997726208,782.7715109997371,0.03370400008861907,1.091270314135063,136.9,627.484375,True
1773596335.6625967,216,0,0,1,0,7.131786998797907,0.0,0.030574999982491136,1.091270314135063,4.8,630.109375,False
1773596335.8729706,217,0,0,1,0,7.109009999112459,0.0,0.03161200220347382,1.091270314135063,9.5,632.734375,False
1773596336.083526,218,0,0,1,0,7.207065998954931,0.0,0.03548200038494542,1.091270314135063,14.2,635.359375,False
1773596336.2939217,219,0,0,1,0,7.1052499988581985,0.0,0.030945000617066398,1.091270314135063,9.5,637.984375,False
1773596336.5042472,220,0,0,1,0,7.033231002424145,0.0,0.02988900087075308,4.752169762302231,4.8,640.609375,False
1773596336.7147684,221,0,0,1,0,7.116453998605721,0.0,0.02990700158989057,4.752169762302231,9.5,643.234375,False
1773596336.9251878,222,0,0,1,0,7.090916999004548,0.0,0.02929599941126071,4.752169762302231,9.5,645.859375,False
1773596337.1355846,223,0,0,1,0,7.125490999897011,0.0,0.02957399919978343,4.752169762302231,9.5,648.484375,False
1773596337.3459764,224,0,0,1,0,7.094971999322297,0.0,0.02957399919978343,4.752169762302231,14.3,651.109375,False
1773596337.5563629,225,0,0,1,0,7.07276799948886,0.0,0.030221999622881413,4.752339910212893,9.5,653.734375,False
1773596337.7667484,226,0,0,1,0,7.065731999318814,0.0,0.03044500044779852,4.752339910212893,4.8,656.359375,False
1773596337.9771967,227,0,0,1,0,7.114508996892255,0.0,0.029667000490007922,4.752339910212893,9.5,658.984375,False
1773596338.1876278,228,0,0,1,0,7.081306001055054,0.0,0.030019000405445695,4.752339910212893,9.5,661.609375,False
1773596338.3979762,229,0,0,1,0,7.097101999534061,0.0,0.030649000109406188,4.752339910212893,9.5,664.234375,False
1773596338.6094172,230,0,0,1,0,8.173035999789136,0.0,0.030203998903743923,4.747933994690487,9.5,666.859375,False
1773596338.8197763,231,0,0,0,0,7.079880000674166,0.0,0.030832998163532466,4.747933994690487,4.8,669.484375,False
1773596339.0300708,232,0,0,0,0,7.060158000967931,0.0,0.029925999115221202,4.747933994690487,9.5,672.109375,False
1773596339.2404287,233,0,0,0,0,7.057232000079239,0.0,0.029185001039877534,4.747933994690487,14.3,674.734375,False
1773596339.450798,234,0,0,0,0,7.095602002664236,0.0,0.029203998565208167,4.747933994690487,9.5,677.359375,False
1773596339.6611352,235,0,0,0,0,7.092379997629905,0.0,0.029888997232774273,4.754268386542746,4.8,679.984375,False
1773596339.8715003,236,0,0,0,0,7.051453001622576,0.0,0.030259001505328342,4.754268386542746,9.5,682.609375,False
1773596340.0818803,237,0,0,0,0,7.098843001585919,0.0,0.027999998565064743,4.754268386542746,9.5,685.265625,False
1773596340.2921953,238,0,0,0,0,7.066842998028733,0.0,0.029667000490007922,4.754268386542746,14.3,687.890625,False
1773596340.502577,239,0,0,0,0,7.118565001292154,0.0,0.029982002160977572,4.754268386542746,4.8,690.515625,False
1773596340.7130413,240,0,0,0,0,7.11849099752726,0.0,0.02927799869212322,4.753269477472903,9.5,693.140625,False
1773596341.7641764,241,0,0,0,0,7.073917000525398,0.0,0.028851998649770394,0.9513359131402992,81.8,627.65625,False
1773596341.9749055,242,0,0,0,0,6.709561999741709,0.0,0.025834000553004444,0.9513359131402992,4.7,598.5625,False
1773596342.185223,243,0,0,0,0,7.030101998680038,0.0,0.030203998903743923,0.9513359131402992,14.3,598.5625,False
1773596342.3955252,244,0,0,0,0,7.044509002298582,0.0,0.02940800186479464,0.9513359131402992,9.5,598.5625,False
1773596342.6057744,245,0,0,0,0,7.037658000626834,0.0,0.027740999939851463,0.9513359131402992,4.8,598.5625,False
1773596342.8159573,246,0,0,0,0,7.033194000541698,0.0,0.030241000786190853,4.753984942498406,9.5,598.5625,False
1773596343.0262046,247,0,0,0,0,7.0167129997571465,0.0,0.02298199979122728,4.753984942498406,9.5,598.5625,False
1773596343.2364151,248,0,0,0,0,7.000546000199392,0.0,0.02216600114479661,4.753984942498406,9.5,598.5625,False
1773596343.4466393,249,0,0,0,0,7.062378997943597,0.0,0.022315001842798665,4.753984942498406,9.5,598.5625,False
1773596343.6569102,250,0,0,0,0,7.030823999230051,0.0,0.022147996787680313,4.753984942498406,9.5,598.5625,False
1773596343.8672187,251,0,0,0,0,7.047213002806529,0.0,0.02212999970652163,4.756215687479631,4.8,598.5625,False
1773596344.077492,252,0,0,0,0,7.102749998011859,0.0,0.021167001250432804,4.756215687479631,9.5,598.5625,False
1773596344.287748,253,0,0,0,0,7.060009000269929,0.0,0.02329700146219693,4.756215687479631,14.3,598.5625,False
1773596344.4981506,254,0,0,0,0,7.062841999868397,0.0,0.0224069990508724,4.756215687479631,4.8,598.5625,False
1773596344.708364,255,0,0,0,0,7.062397999106906,0.0,0.022481999621959403,4.756215687479631,9.5,598.5625,False
1773596344.9187055,256,0,0,0,0,7.0269719981297385,0.0,0.02211099854321219,4.7551728313153845,9.5,598.5625,False
1773596345.1290336,257,0,0,0,0,7.054195000819163,0.0,0.021796000510221347,4.7551728313153845,9.5,598.5625,False
1773596345.339257,258,0,0,0,0,7.052730998111656,0.0,0.02112900256179273,4.7551728313153845,9.5,598.5625,False
1773596345.5495858,259,0,0,0,0,7.047472001431743,0.0,0.02183299875468947,4.7551728313153845,9.5,598.5625,False
1773596345.759928,260,0,0,0,0,7.053175999317318,0.0,0.021741001546615735,4.7551728313153845,9.5,598.5625,False
1773596345.9701555,261,0,0,0,0,7.018546002655057,0.0,0.0224069990508724,4.755328098392104,4.8,598.5625,False
1773596346.1803663,262,0,0,0,0,7.051267999486299,0.0,0.02125999890267849,4.755328098392104,9.5,598.5625,False
1773596346.3906462,263,0,0,0,0,7.034026999463094,0.0,0.022352000087266788,4.755328098392104,14.3,598.5625,False
1773596346.602802,264,0,0,0,0,8.962002997577656,0.0,0.02572199809947051,4.755328098392104,9.4,598.5625,False
1773596346.8156464,265,0,0,0,0,9.384616998431738,0.0,0.02581500302767381,4.755328098392104,9.4,598.5625,False
1773596347.0287287,266,0,0,0,0,9.571692000463372,0.0,0.0260560009337496,4.723618520558189,4.7,598.5625,False
1773596347.2417305,267,0,0,0,0,9.4617839968123,0.0,0.025536999601172283,4.723618520558189,9.4,598.5625,False
1773596347.454699,268,0,0,0,0,9.431246999156429,0.0,0.025777997507248074,4.723618520558189,18.8,598.5625,False
1773596347.6678236,269,0,0,0,0,9.519561997876735,0.0,0.026704001356847584,4.723618520558189,9.4,598.5625,False
1773596347.8808813,270,0,0,0,0,9.508450999419438,0.0,0.02601799860713072,4.723618520558189,9.4,598.5625,False
1773596348.093949,271,0,0,0,0,9.52091499857488,0.0,0.025851997634163126,4.693786745187706,9.4,598.5625,False
1773596348.3070204,272,0,0,0,0,9.538100002828287,0.0,0.025963003281503916,4.693786745187706,14.1,598.5625,False
1773596348.520186,273,0,0,0,0,9.679989001597278,0.0,0.025592999008949846,4.693786745187706,14.1,598.5625,False
1773596349.7586493,274,1,1,0,0,9.637693001423031,1025.3310839980259,0.03231500159017742,1.8020405319458064,144.5,614.09375,True
1773596350.9305458,275,1,1,1,1,7.159305998357013,961.5165729992441,0.03344500146340579,0.8533102436803366,142.5,612.265625,True
1773596351.14096,276,0,0,1,0,7.149083998228889,0.0,0.028333997761365026,0.8533102436803366,9.5,612.265625,False
1773596351.3512652,277,0,0,1,0,7.085899000230711,0.0,0.029999999242136255,0.8533102436803366,4.8,613.671875,False
1773596352.508992,278,1,1,1,0,7.149509998271242,947.336498000368,0.03209300120943226,1.9006225590657748,143.4,602.546875,True
1773596353.6651006,279,1,1,1,0,7.117640001524705,945.8086359991285,0.03331500192871317,0.864969381808253,142.7,604.515625,True
1773596353.8754272,280,0,0,1,0,7.137788001273293,0.0,0.029186001484049484,0.864969381808253,4.8,606.078125,False
1773596354.0857847,281,0,0,1,0,7.118121000530664,0.0,0.029186001484049484,0.864969381808253,9.5,608.703125,False
1773596354.2961175,282,0,0,1,0,7.094120999681763,0.0,0.02957499964395538,0.864969381808253,9.5,611.328125,False
1773596354.5063639,283,0,0,1,0,7.04456500170636,0.0,0.029963997803861275,0.864969381808253,9.5,613.953125,False
1773596354.7166967,284,0,0,1,0,7.053361001453595,0.0,0.02933300129370764,4.754970136779942,9.5,616.578125,False
1773596354.9270368,285,0,0,1,0,7.129510002414463,0.0,0.02909300019382499,4.754970136779942,9.5,619.203125,False
1773596355.1373086,286,0,0,1,0,7.097768000676297,0.0,0.0295369973173365,4.754970136779942,9.5,621.828125,False
1773596355.3476279,287,0,0,1,0,7.080231000145432,0.0,0.029815000743838027,4.754970136779942,4.8,624.453125,False
1773596355.5579922,288,0,0,1,0,7.100046001141891,0.0,0.030371000320883468,4.754970136779942,14.3,627.09375,False
1773596355.768237,289,0,0,1,0,7.06762000118033,0.0,0.029797000024700537,4.754833219931487,4.8,629.71875,False
1773596355.978584,290,0,0,1,0,7.118769000953762,0.0,0.028963000659132376,4.754833219931487,9.5,632.34375,False
1773596356.1889071,291,0,0,1,0,7.13513900336693,0.0,0.029703998734476045,4.754833219931487,9.5,634.96875,False
1773596356.3991344,292,0,0,1,0,7.058972998493118,0.0,0.02883300112443976,4.754833219931487,9.5,637.59375,False
1773596356.6094968,293,0,0,1,0,7.126009000785416,0.0,0.029481998353730887,4.754833219931487,14.3,640.234375,False
1773596356.8198073,294,0,0,1,0,7.062841999868397,0.0,0.030593000701628625,4.75481058089734,9.5,642.859375,False
1773596357.030023,295,0,0,0,0,7.049267998809228,0.0,0.029684997571166605,4.75481058089734,4.8,645.484375,False
1773596357.24023,296,0,0,0,0,7.039935000648256,0.0,0.027999998565064743,4.75481058089734,4.8,648.109375,False
1773596357.4504924,297,0,0,0,0,7.071768002788303,0.0,0.029407998226815835,4.75481058089734,9.5,650.734375,False
1773596357.6607363,298,0,0,0,0,7.008063999819569,0.0,0.028704002033919096,4.75481058089734,19.0,653.359375,False
1773596357.871044,299,0,0,0,0,7.10428700040211,0.0,0.030055998649913818,4.756296589957571,4.8,655.984375,False
1773596358.0813167,300,0,0,0,0,7.096805999026401,0.0,0.02820399822667241,4.756296589957571,9.5,658.609375,False
1773596358.2915423,301,0,0,0,0,7.044935002340935,0.0,0.029463000828400254,4.756296589957571,4.8,661.234375,False
1773596358.5018682,302,0,0,0,0,7.092490999639267,0.0,0.028647998988162726,4.756296589957571,9.5,663.859375,False
1773596358.7122116,303,0,0,0,0,7.036360999336466,0.0,0.030073999369051307,4.756296589957571,14.3,666.484375,False
1773596358.9250135,304,0,0,0,0,9.512525000900496,0.0,0.03537100201356225,4.744148967696429,4.7,669.109375,False
1773596359.8047395,305,0,0,0,0,9.469061998970574,0.0,0.03361100243637338,4.744148967696429,79.6,603.609375,False
1773596360.0148144,306,0,0,0,0,6.7232289984531235,0.0,0.02657400182215497,1.8351142072347437,9.5,594.421875,False
1773596360.2247336,307,0,0,0,0,6.71641399821965,0.0,0.040519000322092324,1.8351142072347437,4.8,594.421875,False
1773596360.4346695,308,0,0,0,0,6.772470998839708,0.0,0.0260560009337496,1.8351142072347437,14.3,594.421875,False
1773596360.6446848,309,0,0,0,0,6.784785000490956,0.0,0.027074001991422847,1.8351142072347437,4.8,594.421875,False
1773596360.8545647,310,0,0,0,0,6.731913999828976,0.0,0.026462999812792987,1.8351142072347437,9.5,594.421875,False
1773596361.064662,311,0,0,0,0,6.8763969975407235,0.0,0.02157400012947619,4.762775554401853,4.8,594.421875,False
1773596361.2749221,312,0,0,0,0,7.044324000162305,0.0,0.02388900247751735,4.762775554401853,9.5,594.421875,False
1773596361.4851959,313,0,0,0,0,7.128639001166448,0.0,0.02188900180044584,4.762775554401853,14.3,594.421875,False
1773596361.6954565,314,0,0,0,0,7.035230999463238,0.0,0.023130000045057386,4.762775554401853,4.8,594.421875,False
1773596361.9057646,315,0,0,0,0,7.08136100001866,0.0,0.021463998564286157,4.762775554401853,9.5,595.609375,False
1773596362.1160116,316,0,0,0,0,7.082565000018803,0.0,0.022629999875789508,4.7557141535397,9.5,595.609375,False
1773596362.3262663,317,0,0,0,0,7.076731999404728,0.0,0.02212999970652163,4.7557141535397,4.8,595.609375,False
1773596362.536602,318,0,0,0,0,7.076120000419905,0.0,0.023352000425802544,4.7557141535397,14.3,595.609375,False
1773596362.746861,319,0,0,0,0,7.0744720032962505,0.0,0.020907002181047574,4.7557141535397,4.8,595.609375,False
1773596363.8992856,320,1,1,0,0,7.161658002587501,942.1111859992379,0.030815001082373783,2.243022481007351,142.3,600.234375,True
1773596365.053598,321,1,1,1,1,7.1346030017593876,943.9124939999601,0.034500000765547156,0.8663010593139823,141.2,600.234375,True
1773596366.2592475,322,1,1,1,0,7.128287998057203,995.3110170026775,0.033906999306054786,0.8294428086845108,141.8,602.609375,True
1773596367.411008,323,1,1,1,0,7.118675999663537,941.3649400012218,0.033018997783074155,0.8682363617695669,143.3,605.234375,True
1773596368.563461,324,1,1,1,0,7.157564999943133,942.0144639989303,0.0327220004692208,0.867712590726699,142.3,607.9375,True
1773596369.7191272,325,1,1,1,0,7.137009997677524,945.1627620001091,0.03327800004626624,0.8653041486614339,141.0,610.5625,True
1773596369.9296947,326,0,0,1,0,7.159787997807143,0.0,0.029704002372454852,0.8653041486614339,9.5,612.125,False
1773596370.1400592,327,0,0,1,0,7.0903429987083655,0.0,0.03012999877682887,0.8653041486614339,9.5,614.75,False
1773596370.3505335,328,0,0,1,0,7.112824001524132,0.0,0.030000999686308205,0.8653041486614339,9.5,617.375,False
1773596370.5609138,329,0,0,1,0,7.101676001184387,0.0,0.028944999939994887,0.8653041486614339,9.5,620.0,False
1773596370.7712193,330,0,0,1,0,7.086361001711339,0.0,0.0304810018860735,4.752610233529558,9.5,621.3125,False
1773596370.981506,331,0,0,1,0,7.050639000226511,0.0,0.02909300019382499,4.752610233529558,9.5,623.9375,False
1773596371.191841,332,0,0,1,0,7.055379999655997,0.0,0.031629999284632504,4.752610233529558,9.5,626.5625,False
1773596371.4020875,333,0,0,1,0,7.055378999211825,0.0,0.030462997528957203,4.752610233529558,9.5,629.1875,False
1773596371.61245,334,0,0,1,0,7.088788002874935,0.0,0.029351998819038272,4.752610233529558,4.8,631.8125,False
1773596371.8228898,335,0,0,1,0,7.166046998463571,0.0,0.030499999411404133,4.754309343229681,9.5,634.4375,False
1773596372.0332868,336,0,0,1,0,7.072268999763764,0.0,0.029185001039877534,4.754309343229681,9.5,637.0625,False
1773596372.243612,337,0,0,1,0,7.068898998113582,0.0,0.027869999030372128,4.754309343229681,9.5,639.6875,False
1773596372.4539974,338,0,0,1,0,7.0923610001045745,0.0,0.031332998332800344,4.754309343229681,9.5,642.3125,False
1773596372.6642509,339,0,0,1,0,7.0490830003109295,0.0,0.029795999580528587,4.754309343229681,9.5,644.9375,False
1773596372.8745742,340,0,0,1,0,7.022120000328869,0.0,0.029795999580528587,4.754291020414085,9.5,647.5625,False
1773596373.0848913,341,0,0,0,0,7.097286998032359,0.0,0.030203998903743923,4.754291020414085,4.8,650.1875,False
1773596373.2951553,342,0,0,0,0,7.078417002048809,0.0,0.02911200135713443,4.754291020414085,9.5,652.8125,False
1773596373.5054915,343,0,0,0,0,7.096991001162678,0.0,0.02911200135713443,4.754291020414085,14.3,655.4375,False
1773596373.7157836,344,0,0,0,0,7.063584002025891,0.0,0.029833001462975517,4.754291020414085,9.5,658.0625,False
1773596373.9260685,345,0,0,0,0,7.145510000555078,0.0,0.028926002414664254,4.755136172512997,4.8,660.6875,False
1773596374.1363592,346,0,0,0,0,7.071064999763621,0.0,0.030315000913105905,4.755136172512997,9.5,663.3125,False
1773596374.3485558,347,0,0,0,0,8.892595000361325,0.0,0.033853000786621124,4.755136172512997,9.4,665.9375,False
1773596374.56155,348,0,0,0,0,9.511044001556002,0.0,0.034351996873738244,4.755136172512997,18.8,668.5625,False
1773596374.7745848,349,0,0,0,0,9.482024997851113,0.0,0.03475999983493239,4.755136172512997,9.4,671.1875,False
1773596374.987618,350,0,0,0,0,9.413821000634925,0.0,0.03588899926398881,4.710325849167297,9.4,673.8125,False
1773596375.8833013,351,0,0,0,0,9.408190999238286,0.0,0.03453799945418723,4.710325849167297,78.1,610.921875,False
1773596376.0933194,352,0,0,0,0,6.791804000386037,0.0,0.026908001018455252,1.8087160512993006,9.5,610.921875,False
1773596376.3031063,353,0,0,0,0,6.681118000415154,0.0,0.026408000849187374,1.8087160512993006,14.3,610.921875,False
1773596376.5129933,354,0,0,0,0,6.740062999597285,0.0,0.0254259975918103,1.8087160512993006,4.8,599.125,False
1773596376.7228425,355,0,0,0,0,6.727618998411344,0.0,0.02635200144140981,1.8087160512993006,9.5,599.125,False
1773596376.9327598,356,0,0,0,0,6.730711000273004,0.0,0.026185000024270266,1.8087160512993006,4.8,599.125,False
1773596377.142584,357,0,0,0,0,6.729710999934468,0.0,0.020054998458363116,4.765240848764899,9.5,599.125,False
1773596377.3524077,358,0,0,0,0,6.64450600015698,0.0,0.019148999854223803,4.765240848764899,9.5,599.125,False
1773596377.5622635,359,0,0,0,0,6.72498799758614,0.0,0.019129998690914363,4.765240848764899,9.5,599.125,False
1773596377.7721913,360,0,0,0,0,6.769044000975555,0.0,0.022649001039098948,4.765240848764899,9.5,599.125,False
1773596377.9824698,361,0,0,0,0,7.04734200189705,0.0,0.021351999748731032,4.765240848764899,4.8,600.3125,False
1773596378.1927435,362,0,0,0,0,7.028193998849019,0.0,0.05009300002711825,4.761232527236612,9.5,600.3125,False
1773596378.4030297,363,0,0,0,0,7.065842000884004,0.0,0.021241001377347857,4.761232527236612,14.3,600.3125,False
1773596378.613427,364,0,0,0,0,7.094787997630192,0.0,0.02240799949504435,4.761232527236612,4.8,600.3125,False
1773596378.8236156,365,0,0,0,0,7.043564000923652,0.0,0.02183399919886142,4.761232527236612,9.5,600.3125,False
1773596379.0340364,366,0,0,0,0,7.093490999977803,0.0,0.021148000087123364,4.761232527236612,4.8,600.3125,False
1773596379.2443511,367,0,0,0,0,7.038527000986505,0.0,0.02157400012947619,4.754654269639867,9.5,600.3125,False
1773596379.4546719,368,0,0,0,0,7.057398001052206,0.0,0.021667001419700682,4.754654269639867,14.3,600.3125,False
1773596379.6649644,369,0,0,0,0,7.055712998408126,0.0,0.02103700171574019,4.754654269639867,4.8,600.3125,False
1773596379.8752575,370,0,0,0,0,7.074806002492551,0.0,0.02053700154647231,4.754654269639867,9.5,600.3125,False
1773596380.0855455,371,0,0,0,0,7.08573200245155,0.0,0.02046300141955726,4.754654269639867,9.5,600.3125,False
1773596380.295724,372,0,0,0,0,7.028083000477636,0.0,0.021371000912040472,4.755705525924314,4.8,600.3125,False
1773596380.5085976,373,0,0,0,0,9.550155999022536,0.0,0.02520400084904395,4.755705525924314,14.1,600.3125,False
1773596380.7217155,374,0,0,0,0,9.529488001135178,0.0,0.025888999516610056,4.755705525924314,9.4,600.3125,False
1773596380.9347236,375,0,0,0,0,9.451543999603018,0.0,0.025221997930202633,4.755705525924314,14.1,600.328125,False
1773596381.1476872,376,0,0,0,0,9.43872900097631,0.0,0.024870001652743667,4.755705525924314,9.4,600.328125,False
1773596381.3606777,377,0,0,0,0,9.438635999686085,0.0,0.025112000002991408,4.695338920911551,9.4,600.328125,False
1773596381.5737374,378,0,0,0,0,9.514154997305013,0.0,0.024925997422542423,4.695338920911551,18.8,600.328125,False
1773596381.786674,379,0,0,0,0,9.439931996894302,0.0,0.02575899998191744,4.695338920911551,9.4,600.328125,False
1773596381.9995694,380,0,0,0,0,9.401043000252685,0.0,0.026130001060664654,4.695338920911551,9.4,600.328125,False
1773596382.2124355,381,0,0,0,0,9.406784000020707,0.0,0.025203997211065143,4.695338920911551,14.1,600.328125,False
1773596382.425459,382,0,0,0,0,9.462081001402112,0.0,0.024760000087553635,4.695681651828687,9.4,600.328125,False
1773596382.637957,383,0,0,0,0,9.013540999148972,0.0,0.0248889991780743,4.695681651828687,14.1,600.328125,False
1773596382.850847,384,0,0,0,0,9.434247000172036,0.0,0.026722002075985074,4.695681651828687,9.4,600.328125,False
1773596383.063836,385,0,0,0,0,9.39163599832682,0.0,0.02624099943204783,4.695681651828687,9.4,600.328125,False
1773596383.2768219,386,0,0,0,0,9.432579998247093,0.0,0.02607400165288709,4.695681651828687,14.1,600.328125,False
1773596383.4897113,387,0,0,0,0,9.429784000531072,0.0,0.0243520007643383,4.698135846709841,9.4,600.328125,False
1773596383.7026932,388,0,0,0,0,9.437877000891604,0.0,0.028092999855289236,4.698135846709841,14.1,600.328125,False
1773596383.915738,389,0,0,0,0,9.390006001922302,0.0,0.02461099938955158,4.698135846709841,14.1,600.328125,False
1773596384.128737,390,0,0,0,0,9.428209999896353,0.0,0.024982000468298793,4.698135846709841,4.7,600.328125,False
1773596384.341731,391,0,0,0,0,9.463136000704253,0.0,0.025314999220427126,4.698135846709841,9.4,600.328125,False
1773596384.5547576,392,0,0,0,0,9.574006999173434,0.0,0.024778000806691125,4.694647303526909,14.1,600.328125,False
1773596384.767641,393,0,0,0,0,9.400414000992896,0.0,0.025426001229789108,4.694647303526909,14.1,600.34375,False
1773596384.9805727,394,0,0,0,0,9.452950998820597,0.0,0.026204001187579706,4.694647303526909,9.4,600.34375,False
1773596385.1935482,395,0,0,0,0,9.523803000774933,0.0,0.02524100273149088,4.694647303526909,9.4,600.34375,False
1773596385.4065187,396,0,0,0,0,9.424912997928914,0.0,0.026129997422685847,4.694647303526909,14.1,600.34375,False
1773596385.6194656,397,0,0,0,0,9.394339998834766,0.0,0.024926997866714373,4.696133796747161,9.4,600.34375,False
1773596385.8324242,398,0,0,0,0,9.420192000106908,0.0,0.026130001060664654,4.696133796747161,14.1,600.34375,False
1773596386.0453742,399,0,0,0,0,9.458877000724897,0.0,0.024925997422542423,4.696133796747161,14.1,600.34375,False
1773596386.2583945,400,0,0,0,0,9.427395001694094,0.0,0.0245749979512766,4.696133796747161,9.4,600.34375,False
1773596386.4712434,401,0,0,0,0,9.396358000230975,0.0,0.024519002181477845,4.696133796747161,9.4,600.34375,False
1773596386.684175,402,0,0,0,0,9.450579997064779,0.0,0.02594499892438762,4.69614851920814,9.4,600.34375,False
1773596386.8971093,403,0,0,0,0,9.449580000364222,0.0,0.024834000214468688,4.69614851920814,18.8,600.34375,False
1773596387.110065,404,0,0,0,0,9.491674001765205,0.0,0.025370001822011545,4.69614851920814,9.4,600.34375,False
1773596387.322982,405,0,0,0,0,9.397931997227715,0.0,0.024445002054562792,4.69614851920814,9.4,600.359375,False
1773596387.5360086,406,0,0,0,0,9.496228998614242,0.0,0.02518600012990646,4.69614851920814,9.4,600.359375,False
1773596387.7489958,407,0,0,0,0,9.417229000973748,0.0,0.024427001335425302,4.695599644172336,9.4,600.359375,False
1773596387.9619768,408,0,0,0,0,9.464081002079183,0.0,0.025036999431904405,4.695599644172336,18.8,600.359375,False
1773596388.1748984,409,0,0,0,0,9.393987998919329,0.0,0.02486999801476486,4.695599644172336,9.4,600.359375,False
1773596388.387785,410,0,0,0,0,9.429265002836473,0.0,0.024852000933606178,4.695599644172336,9.4,600.359375,False
1773596388.6008763,411,0,0,0,0,9.499024999968242,0.0,0.0243520007643383,4.695599644172336,9.4,600.359375,False
1773596388.8138661,412,0,0,0,0,9.510803000011947,0.0,0.025593002646928653,4.695427227160485,9.4,600.359375,False
1773596389.0267425,413,0,0,0,0,9.41519199841423,0.0,0.025332999939564615,4.695427227160485,18.8,600.359375,False
1773596389.2396314,414,0,0,0,0,9.433506002096692,0.0,0.026370998966740444,4.695427227160485,9.4,600.359375,False
1773596389.4526892,415,0,0,0,0,9.432488001039019,0.0,0.02518499968573451,4.695427227160485,9.4,600.359375,False
1773596389.6656568,416,0,0,0,0,9.437857999728294,0.0,0.024962999304989353,4.695427227160485,9.4,600.359375,False
1773596389.878543,417,0,0,0,0,9.418912999535678,0.0,0.024278000637423247,4.696267353879861,9.4,600.359375,False
1773596390.0914614,418,0,0,0,0,9.444710001844214,0.0,0.023906999558676034,4.696267353879861,18.8,600.359375,False
1773596390.3044739,419,0,0,0,0,9.459191998757888,0.0,0.025037999876076356,4.696267353879861,9.4,600.359375,False
1773596390.5175674,420,0,0,0,0,9.54384099895833,0.0,0.026388999685877934,4.696267353879861,9.4,600.359375,False
1773596390.7305074,421,0,0,0,0,9.450172998185735,0.0,0.025018001906573772,4.696267353879861,9.4,600.359375,False
1773596390.9433503,422,0,0,0,0,9.37878300101147,0.0,0.02463000055286102,4.695704782711207,14.1,600.359375,False
1773596391.1560605,423,0,0,0,0,9.173300997645129,0.0,0.021740997908636928,4.695704782711207,14.1,600.359375,False
1773596391.3689532,424,0,0,0,0,9.379969000292476,0.0,0.02261199915665202,4.695704782711207,9.4,600.359375,False
1773596391.5818248,425,0,0,0,0,9.416284003236797,0.0,0.024426000891253352,4.695704782711207,9.4,600.359375,False
1773596391.7946258,426,0,0,0,0,9.408858000824694,0.0,0.02288899850100279,4.695704782711207,9.4,600.359375,False
1773596392.0075636,427,0,0,0,0,9.40159899982973,0.0,0.02320400017197244,4.698293726697861,14.1,600.359375,False
1773596392.2204807,428,0,0,0,0,9.4141910012695,0.0,0.021981999452691525,4.698293726697861,14.1,600.359375,False
1773596392.433408,429,0,0,0,0,9.483247999014566,0.0,0.02238899833173491,4.698293726697861,9.4,600.359375,False
1773596392.646432,430,0,0,0,0,9.495858001173474,0.0,0.021926000044913962,4.698293726697861,14.1,600.359375,False
1773596392.859333,431,0,0,0,0,9.468987998843659,0.0,0.021962998289382085,4.698293726697861,9.4,600.359375,False
1773596393.072194,432,0,0,0,0,9.428468998521566,0.0,0.022203999833436683,4.69644824651767,9.4,600.359375,False
1773596393.285128,433,0,0,0,0,9.489303000009386,0.0,0.022037998860469088,4.69644824651767,18.8,600.359375,False
1773596393.4980104,434,0,0,0,0,9.463616999710212,0.0,0.022240998077904806,4.69644824651767,9.4,600.359375,False
1773596393.711154,435,0,0,0,0,9.623915000702254,0.0,0.023685002815909684,4.69644824651767,9.4,600.359375,False
1773596393.9240773,436,0,0,0,0,9.497248000116087,0.0,0.02492600106052123,4.69644824651767,9.4,600.359375,False
1773596394.1370654,437,0,0,0,0,9.525765999569558,0.0,0.02603699977044016,4.695467176316678,9.4,600.359375,False
1773596394.3496683,438,0,0,0,0,9.11211499987985,0.0,0.024741002562223002,4.695467176316678,18.8,600.359375,False
1773596394.562763,439,0,0,0,0,9.60108199797105,0.0,0.025722001737449318,4.695467176316678,9.4,600.359375,False
1773596394.775738,440,0,0,0,0,9.500821000983706,0.0,0.026091998734045774,4.695467176316678,9.4,600.359375,False
1773596394.9887803,441,0,0,0,0,9.510248000879074,0.0,0.02661100006662309,4.695467176316678,9.4,600.359375,False
1773596395.201745,442,0,0,0,0,9.530376999464352,0.0,0.025240999093512073,4.696257888951068,9.4,600.359375,False
1773596395.4146943,443,0,0,0,0,9.50606200058246,0.0,0.024741002562223002,4.696257888951068,18.8,600.359375,False
1773596395.627621,444,0,0,0,0,9.465636001550592,0.0,0.027166999643668532,4.696257888951068,9.4,600.359375,False
1773596395.8405476,445,0,0,0,0,9.441785001399694,0.0,0.024480999854858965,4.696257888951068,9.4,600.359375,False
1773596396.053508,446,0,0,0,0,9.453894999751355,0.0,0.024685999960638583,4.696257888951068,9.4,600.359375,False
1773596396.2663758,447,0,0,0,0,9.42509800006519,0.0,0.02570400101831183,4.6964703332012805,9.4,600.359375,False
1773596396.4792795,448,0,0,0,0,9.443266000744188,0.0,0.02492600106052123,4.6964703332012805,18.8,600.359375,False
1773596396.692265,449,0,0,0,0,9.527915000944631,0.0,0.025629000447224826,4.6964703332012805,9.4,600.359375,False
1773596396.9052708,450,0,0,0,0,9.470802997384453,0.0,0.024369997845496982,4.6964703332012805,9.4,600.359375,False
1773596397.1182382,451,0,0,0,0,9.453413997107418,0.0,0.025239998649340123,4.6964703332012805,9.4,600.359375,False
1773596397.3312163,452,0,0,0,0,9.45898799909628,0.0,0.025258999812649563,4.695542871318985,9.4,600.359375,False
1773596397.544128,453,0,0,0,0,9.46476600074675,0.0,0.025091998395510018,4.695542871318985,18.8,600.359375,False
1773596397.7572129,454,0,0,0,0,9.425635998923099,0.0,0.02405600025667809,4.695542871318985,9.4,600.359375,False
1773596397.9701414,455,0,0,0,0,9.479876996920211,0.0,0.025332999939564615,4.695542871318985,9.4,600.359375,False
1773596398.1830175,456,0,0,0,0,9.420653997949557,0.0,0.024943998141679913,4.695542871318985,9.4,600.359375,False
1773596398.3958654,457,0,0,0,0,9.409987997059943,0.0,0.02492600106052123,4.6963977634494904,9.4,600.359375,False
1773596398.6089509,458,0,0,0,0,9.537969999655616,0.0,0.024797001970000565,4.6963977634494904,18.8,600.359375,False
1773596398.8218842,459,0,0,0,0,9.482710000156658,0.0,0.025833000108832493,4.6963977634494904,9.4,600.359375,False
1773596399.0349276,460,0,0,0,0,9.538320999126881,0.0,0.026369998522568494,4.6963977634494904,9.4,600.375,False
1773596399.2479901,461,0,0,0,0,9.459709999646293,0.0,0.025852001272141933,4.6963977634494904,9.4,600.375,False
1773596399.4610476,462,0,0,0,0,9.501452001131838,0.0,0.02409200169495307,4.694040992101064,9.4,600.375,False
1773596399.6739872,463,0,0,0,0,9.458098997129127,0.0,0.024814999051159248,4.694040992101064,18.8,600.375,False
1773596399.8869493,464,0,0,0,0,9.43559900042601,0.0,0.025814999389695004,4.694040992101064,9.4,600.390625,False
1773596400.0998821,465,0,0,0,0,9.415043001354206,0.0,0.02603800021461211,4.694040992101064,9.4,600.390625,False
1773596400.3127744,466,0,0,0,0,9.397875997819938,0.0,0.025593002646928653,4.694040992101064,9.4,600.390625,False
1773596400.525697,467,0,0,0,0,9.436543001356767,0.0,0.024889002816053107,4.696378832578728,9.4,600.390625,False
1773596400.7377036,468,0,0,0,0,8.54866800000309,0.0,0.024443997972412035,4.696378832578728,18.9,600.390625,False
1773596400.9506204,469,0,0,0,0,9.489357998972991,0.0,0.02627800131449476,4.696378832578728,9.4,600.390625,False
1773596401.1634998,470,0,0,0,0,9.377192000101786,0.0,0.02657500226632692,4.696378832578728,9.4,600.390625,False
1773596401.3764079,471,0,0,0,0,9.40096900012577,0.0,0.025908000679919496,4.696378832578728,9.4,600.390625,False
1773596401.589498,472,0,0,0,0,9.503599001618568,0.0,0.02401899837423116,4.7001322306640665,9.4,600.390625,False
1773596401.8024316,473,0,0,0,0,9.46411699987948,0.0,0.025129000277956948,4.7001322306640665,18.8,600.390625,False
1773596402.0154114,474,0,0,0,0,9.439672998269089,0.0,0.024518001737305894,4.7001322306640665,9.4,600.390625,False
1773596402.2285461,475,0,0,0,0,9.401821000210475,0.0,0.02463000055286102,4.7001322306640665,14.1,600.390625,False
1773596402.4414408,476,0,0,0,0,9.436322001420194,0.0,0.024444998416583985,4.7001322306640665,9.4,600.390625,False
1773596402.6553667,477,0,0,0,0,10.405123997770716,0.0,0.024556000425945967,4.691036966136837,9.3,600.390625,False
1773596402.8678133,478,0,0,0,0,8.924150999519043,0.0,0.024222998035838827,4.691036966136837,18.8,600.390625,False
1773596403.080691,479,0,0,0,0,9.426766002434306,0.0,0.025222998374374583,4.691036966136837,9.4,600.390625,False
1773596403.2935886,480,0,0,0,0,9.451988000364508,0.0,0.024685999960638583,4.691036966136837,9.4,600.390625,False
1773596403.5065434,481,0,0,0,0,9.459598997636931,0.0,0.024982000468298793,4.691036966136837,9.4,600.390625,False
1773596403.7194734,482,0,0,0,0,9.407283996551996,0.0,0.025017998268594965,4.698808489147928,9.4,600.390625,False
1773596403.9323397,483,0,0,0,0,9.397672998602502,0.0,0.025334000383736566,4.698808489147928,18.8,600.390625,False
1773596404.1452792,484,0,0,0,0,9.481951001362177,0.0,0.02516699896659702,4.698808489147928,9.4,600.390625,False
1773596404.3582864,485,0,0,0,0,9.456080999370897,0.0,0.025258999812649563,4.698808489147928,9.4,600.390625,False
1773596404.5712128,486,0,0,0,0,9.498098999756621,0.0,0.024166998628061265,4.698808489147928,9.4,600.390625,False
1773596404.7841322,487,0,0,0,0,9.49095100077102,0.0,0.024278000637423247,4.696336764523438,9.4,600.390625,False
1773596404.9971993,488,0,0,0,0,9.525099998427322,0.0,0.02440700336592272,4.696336764523438,18.8,600.390625,False
1773596405.2102208,489,0,0,0,0,9.510154999588849,0.0,0.025555997126502916,4.696336764523438,9.4,600.390625,False
1773596405.423163,490,0,0,0,0,9.500617998128291,0.0,0.02411100285826251,4.696336764523438,9.4,600.390625,False
1773596405.6361496,491,0,0,0,0,9.455469000386074,0.0,0.025630000891396776,4.696336764523438,9.4,600.390625,False
1773596405.8492703,492,0,0,0,0,9.548265999910655,0.0,0.02518499968573451,4.694229068490262,9.4,600.390625,False
1773596406.0622594,493,0,0,0,0,9.4953589978104,0.0,0.023093001800589263,4.694229068490262,18.8,600.390625,False
1773596406.2751906,494,0,0,0,0,9.492728997429367,0.0,0.02416600182186812,4.694229068490262,9.4,600.390625,False
1773596406.4881349,495,0,0,0,0,9.49922899962985,0.0,0.02592599776107818,4.694229068490262,9.4,600.390625,False
1773596406.7012622,496,0,0,0,0,9.53354399825912,0.0,0.024815002689138055,4.694229068490262,9.4,600.390625,False
1773596406.9142132,497,0,0,0,0,9.50217300123768,0.0,0.026370998966740444,4.695088737909679,9.4,600.390625,False
1773596407.1272473,498,0,0,0,0,9.496914000919787,0.0,0.026148001779802144,4.695088737909679,18.8,600.390625,False
1773596407.3401942,499,0,0,0,0,9.500913998635951,0.0,0.02601899905130267,4.695088737909679,9.4,600.390625,False
1773596407.5532033,500,0,0,0,0,9.474525002588052,0.0,0.0248889991780743,4.695088737909679,9.4,600.390625,False
1773596407.7660973,501,0,0,0,0,9.434413997951197,0.0,0.026482000976102427,4.695088737909679,9.4,600.390625,False
1773596407.979013,502,0,0,0,0,9.424173000297742,0.0,0.024518998543499038,4.69573527376817,9.4,600.390625,False
1773596408.1919558,503,0,0,0,0,9.410080001543975,0.0,0.023685002815909684,4.69573527376817,18.8,600.390625,False
1773596408.404941,504,0,0,0,0,9.482690998993348,0.0,0.024554999981774017,4.69573527376817,9.4,600.390625,False
1773596408.6178439,505,0,0,0,0,9.452820999285905,0.0,0.025814999389695004,4.69573527376817,9.4,600.390625,False
1773596408.8306947,506,0,0,0,0,9.407043999090092,0.0,0.02625900015118532,4.69573527376817,9.4,600.390625,False
1773596409.0437312,507,0,0,0,0,9.471803001360968,0.0,0.0254259975918103,4.696098042583379,14.1,600.390625,False
1773596409.2566264,508,0,0,0,0,9.423876002983889,0.0,0.025130000722128898,4.696098042583379,14.1,600.390625,False
1773596409.4696193,509,0,0,0,0,9.460968998610042,0.0,0.024684999516466632,4.696098042583379,9.4,600.390625,False
1773596409.6825264,510,0,0,0,0,9.45150700135855,0.0,0.024204000510508195,4.696098042583379,9.4,600.390625,False
1773596409.8954287,511,0,0,0,0,9.378395003295736,0.0,0.025332999939564615,4.696098042583379,9.4,600.390625,False
1773596410.1084137,512,0,0,0,0,9.459691002120962,0.0,0.024240998754976317,4.696231597682375,9.4,600.390625,False
1773596410.3213675,513,0,0,0,0,9.431321999727516,0.0,0.024444998416583985,4.696231597682375,18.8,600.390625,False
1773596410.534356,514,0,0,0,0,9.458950997213833,0.0,0.025334000383736566,4.696231597682375,9.4,600.390625,False
1773596410.7473326,515,0,0,0,0,9.397969002748141,0.0,0.02596299964352511,4.696231597682375,14.1,600.390625,False
1773596410.9602644,516,0,0,0,0,9.412560997589026,0.0,0.025018998712766916,4.696231597682375,9.4,600.390625,False
1773596411.1731682,517,0,0,0,0,9.435801999643445,0.0,0.025056000595213845,4.695905610405569,9.4,600.390625,False
1773596411.3859212,518,0,0,0,0,9.262894000130473,0.0,0.024425997253274545,4.695905610405569,18.8,600.390625,False
1773596411.5989754,519,0,0,0,0,9.48817400058033,0.0,0.0260560009337496,4.695905610405569,9.4,600.40625,False
1773596411.8118396,520,0,0,0,0,9.391376999701606,0.0,0.025240999093512073,4.695905610405569,9.4,600.40625,False
1773596412.024715,521,0,0,0,0,9.374543002195423,0.0,0.02633300027810037,4.695905610405569,4.7,600.40625,False
1773596412.2375865,522,0,0,0,0,9.423191997484537,0.0,0.026148001779802144,4.697423413692949,9.4,600.40625,False
1773596412.4505951,523,0,0,0,0,9.449561999645084,0.0,0.024814999051159248,4.697423413692949,18.8,600.40625,False
1773596412.6635387,524,0,0,0,0,9.441784997761715,0.0,0.026500001695239916,4.697423413692949,9.4,600.40625,False
1773596412.8764358,525,0,0,0,0,9.397154000907904,0.0,0.024556000425945967,4.697423413692949,9.4,600.40625,False
1773596413.089378,526,0,0,0,0,9.427395001694094,0.0,0.025056000595213845,4.697423413692949,9.4,600.40625,False
1773596413.302349,527,0,0,0,0,9.408116999111371,0.0,0.024704000679776073,4.6958908894675915,14.1,600.40625,False
1773596413.515225,528,0,0,0,0,9.43434000146226,0.0,0.025314999220427126,4.6958908894675915,18.8,600.40625,False
1773596413.7282605,529,0,0,0,0,9.452007001527818,0.0,0.02575899998191744,4.6958908894675915,9.4,600.40625,False
1773596413.94133,530,0,0,0,0,9.43280299907201,0.0,0.023980999685591087,4.6958908894675915,9.4,600.40625,False
1773596414.1541972,531,0,0,0,0,9.430358000827255,0.0,0.025648001610534266,4.6958908894675915,9.4,600.40625,False
1773596414.3670654,532,0,0,0,0,9.4191909993242,0.0,0.02524100273149088,4.696125383953762,9.4,600.40625,False
1773596414.5794067,533,0,0,0,0,8.90718799928436,0.0,0.024758999643381685,4.696125383953762,14.1,600.40625,False
1773596414.7923293,534,0,0,0,0,9.388692000356968,0.0,0.025295998057117686,4.696125383953762,14.1,600.40625,False
1773596415.0052733,535,0,0,0,0,9.493970002949936,0.0,0.02429599771858193,4.696125383953762,9.4,600.421875,False
1773596415.2181718,536,0,0,0,0,9.406061999470694,0.0,0.02463000055286102,4.696125383953762,9.4,600.421875,False
1773596415.4310753,537,0,0,0,0,9.375412999361288,0.0,0.025315002858405933,4.69920753396203,9.4,600.421875,False
1773596415.6440184,538,0,0,0,0,9.43589500093367,0.0,0.02407400097581558,4.69920753396203,18.8,600.421875,False
1773596415.8571043,539,0,0,0,0,9.557821998896543,0.0,0.024166998628061265,4.69920753396203,9.4,600.421875,False
1773596416.0700586,540,0,0,0,0,9.433320999960415,0.0,0.025110999558819458,4.69920753396203,9.4,600.421875,False
1773596416.2829502,541,0,0,0,0,9.388116999616614,0.0,0.02490699989721179,4.69920753396203,9.4,600.421875,False
1773596416.4958985,542,0,0,0,0,9.44713599892566,0.0,0.02570400101831183,4.695617517391781,9.4,600.421875,False
1773596416.7089908,543,0,0,0,0,9.542451000015717,0.0,0.02459299867041409,4.695617517391781,18.8,600.421875,False
1773596416.9218197,544,0,0,0,0,9.416154000064125,0.0,0.024647997634019703,4.695617517391781,9.4,600.421875,False
1773596417.1347485,545,0,0,0,0,9.405765998963034,0.0,0.02466700243530795,4.695617517391781,9.4,600.4375,False
1773596417.3475394,546,0,0,0,0,9.347839000838576,0.0,0.024778000806691125,4.695617517391781,9.4,600.4375,False
1773596417.5603714,547,0,0,0,0,9.389081002154853,0.0,0.025833000108832493,4.697175112644519,9.4,600.4375,False
1773596417.7734096,548,0,0,0,0,9.435764997760998,0.0,0.02581500302767381,4.697175112644519,18.8,600.4375,False
1773596417.9863667,549,0,0,0,0,9.469174001424108,0.0,0.02520400084904395,4.697175112644519,9.4,600.4375,False
1773596418.199285,550,0,0,0,0,9.397488000104204,0.0,0.024462999135721475,4.697175112644519,9.4,600.4375,False
1773596418.4121754,551,0,0,0,0,9.397210000315681,0.0,0.025018998712766916,4.697175112644519,9.4,600.4375,False
1773596418.6252108,552,0,0,0,0,9.530692997941514,0.0,0.024482000299030915,4.695527101325578,9.4,600.4375,False
1773596418.8382378,553,0,0,0,0,9.461413999815704,0.0,0.025037003069883212,4.695527101325578,18.8,600.4375,False
1773596419.0512922,554,0,0,0,0,9.48752499971306,0.0,0.02518499968573451,4.695527101325578,9.4,600.4375,False
1773596419.2641282,555,0,0,0,0,9.423228999366984,0.0,0.027259000489721075,4.695527101325578,9.4,600.4375,False
1773596419.4771736,556,0,0,0,0,9.529674000077648,0.0,0.024370998289668933,4.695527101325578,9.4,600.4375,False
1773596419.6902356,557,0,0,0,0,9.50169200223172,0.0,0.024852000933606178,4.69472612500722,9.4,600.4375,False
1773596419.9030795,558,0,0,0,0,9.438785000384087,0.0,0.024796998332021758,4.69472612500722,18.8,600.4375,False
1773596420.116043,559,0,0,0,0,9.47302499844227,0.0,0.024834000214468688,4.69472612500722,9.4,600.4375,False
1773596420.3290253,560,0,0,0,0,9.461303001444321,0.0,0.024000000848900527,4.69472612500722,9.4,600.4375,False
1773596420.5419323,561,0,0,0,0,9.48878500275896,0.0,0.02433400004520081,4.69472612500722,9.4,600.4375,False
1773596420.7549167,562,0,0,0,0,9.479636002652114,0.0,0.023982000129763037,4.696279973844266,9.4,600.4375,False
1773596420.9677887,563,0,0,0,0,9.422895000170683,0.0,0.025278000975959003,4.696279973844266,18.8,600.4375,False
1773596421.1807244,564,0,0,0,0,9.478006999415811,0.0,0.024796998332021758,4.696279973844266,14.1,600.4375,False
1773596421.3936825,565,0,0,0,0,9.423358002095483,0.0,0.024741002562223002,4.696279973844266,9.4,600.4375,False
1773596421.6065168,566,0,0,0,0,9.463932998187374,0.0,0.025110999558819458,4.696279973844266,9.4,600.4375,False
1773596421.8195138,567,0,0,0,0,9.42387599934591,0.0,0.025888999516610056,4.696624945803488,9.4,600.4375,False
1773596422.0324621,568,0,0,0,0,9.448450997297186,0.0,0.024462999135721475,4.696624945803488,18.8,600.4375,False
1773596422.2454066,569,0,0,0,0,9.494932997768046,0.0,0.026223002350889146,4.696624945803488,9.4,600.4375,False
1773596422.4582374,570,0,0,0,0,9.409340000274824,0.0,0.02468500315444544,4.696624945803488,9.4,600.4375,False
1773596422.6712115,571,0,0,0,0,9.400727998581715,0.0,0.025036999431904405,4.696624945803488,9.4,600.4375,False
1773596422.8840976,572,0,0,0,0,9.3925239998498,0.0,0.025073997676372528,4.696687004064568,9.4,600.4375,False
1773596423.0967095,573,0,0,0,0,9.037818999786396,0.0,0.025592999008949846,4.696687004064568,18.8,600.4375,False
1773596423.3096008,574,0,0,0,0,9.414821000973461,0.0,0.024647997634019703,4.696687004064568,9.4,600.4375,False
1773596423.5226445,575,0,0,0,0,9.534081000310834,0.0,0.02544499875511974,4.696687004064568,9.4,600.4375,False
1773596423.7355988,576,0,0,0,0,9.387432000949048,0.0,0.025149001885438338,4.696687004064568,9.4,600.4375,False
1773596423.9484074,577,0,0,0,0,9.35932100037462,0.0,0.02546299947425723,4.6979011514063895,9.4,600.4375,False
1773596424.1613371,578,0,0,0,0,9.471044002566487,0.0,0.025037999876076356,4.6979011514063895,18.8,600.4375,False
1773596424.374245,579,0,0,0,0,9.420988000783836,0.0,0.025185996491927654,4.6979011514063895,9.4,600.4375,False
1773596424.5870972,580,0,0,0,0,9.43322800230817,0.0,0.02463000055286102,4.6979011514063895,9.4,600.4375,False
1773596424.7999692,581,0,0,0,0,9.381506002682727,0.0,0.025074001314351335,4.6979011514063895,9.4,600.4375,False
1773596425.0129578,582,0,0,0,0,9.459857999900123,0.0,0.024554999981774017,4.696794295096315,9.4,600.4375,False
1773596425.2257643,583,0,0,0,0,9.381525000208057,0.0,0.024593002308392897,4.696794295096315,18.8,600.4375,False
1773596425.4385796,584,0,0,0,0,9.413654999661958,0.0,0.025536999601172283,4.696794295096315,9.4,600.4375,False
1773596425.6516304,585,0,0,0,0,9.530044000712223,0.0,0.02570399738033302,4.696794295096315,9.4,600.4375,False
1773596425.8645456,586,0,0,0,0,9.370488001877675,0.0,0.025629000447224826,4.696794295096315,9.4,600.4375,False
1773596426.077493,587,0,0,0,0,9.510118001344381,0.0,0.02546299947425723,4.696879500290034,9.4,600.4375,False
1773596426.290356,588,0,0,0,0,9.430024001630954,0.0,0.025722001737449318,4.696879500290034,14.1,600.4375,False
1773596426.5032227,589,0,0,0,0,9.429395002371166,0.0,0.024204000510508195,4.696879500290034,14.1,600.4375,False
1773596426.7160764,590,0,0,0,0,9.419932001037523,0.0,0.02385200059507042,4.696879500290034,9.4,600.4375,False
1773596426.9289732,591,0,0,0,0,9.396932000527158,0.0,0.024777997168712318,4.696879500290034,9.4,600.4375,False
1773596427.1419675,592,0,0,0,0,9.483228997851256,0.0,0.025814999389695004,4.697177216780407,9.4,600.4375,False
1773596427.3547935,593,0,0,0,0,9.376098001666833,0.0,0.0248889991780743,4.697177216780407,18.8,600.4375,False
1773596427.567594,594,0,0,0,0,9.380821000377182,0.0,0.025407000066479668,4.697177216780407,9.4,600.4375,False
1773596427.780407,595,0,0,0,0,9.382783999171806,0.0,0.02520400084904395,4.697177216780407,9.4,600.4375,False
1773596427.9932806,596,0,0,0,0,9.381894997204654,0.0,0.025240999093512073,4.697177216780407,9.4,600.4375,False
1773596428.206163,597,0,0,0,0,9.38678399688797,0.0,0.024760000087553635,4.698378986303549,9.4,600.4375,False
1773596428.4189725,598,0,0,0,0,9.387303001858527,0.0,0.025278000975959003,4.698378986303549,18.8,600.4375,False
1773596428.6318152,599,0,0,0,0,9.40813600027468,0.0,0.025130000722128898,4.698378986303549,9.4,600.4375,False
1773596428.8447387,600,0,0,0,0,9.403542997461045,0.0,0.025445002393098548,4.698378986303549,9.4,600.4375,False
1773596429.0575287,601,0,0,0,0,9.377320999192307,0.0,0.02492600106052123,4.698378986303549,14.1,600.4375,False
1773596429.2704175,602,0,0,0,0,9.404764998180326,0.0,0.024832999770296738,4.698130584226313,9.4,600.4375,False
1773596429.4832623,603,0,0,0,0,9.355060999951093,0.0,0.025112000002991408,4.698130584226313,14.1,600.4375,False
1773596429.6960387,604,0,0,0,0,9.352543002023594,0.0,0.025258999812649563,4.698130584226313,9.4,600.4375,False
1773596429.9088905,605,0,0,0,0,9.39834000018891,0.0,0.02463000055286102,4.698130584226313,14.1,600.4375,False
1773596430.1216538,606,0,0,0,0,9.36045100024785,0.0,0.0235740008065477,4.698130584226313,9.4,600.453125,False
1773596430.3345509,607,0,0,0,0,9.400284001458203,0.0,0.02516699896659702,4.698682156630655,9.4,600.453125,False
1773596430.5473413,608,0,0,0,0,9.356228001706768,0.0,0.024278000637423247,4.698682156630655,14.1,600.453125,False
1773596430.760263,609,0,0,0,0,9.412265000719344,0.0,0.024925997422542423,4.698682156630655,14.1,600.453125,False
1773596430.9731157,610,0,0,0,0,9.408709996932885,0.0,0.025408000510651618,4.698682156630655,9.4,600.453125,False
1773596431.1859438,611,0,0,0,0,9.391209001478273,0.0,0.026296998839825392,4.698682156630655,9.4,600.453125,False
1773596431.3988452,612,0,0,0,0,9.401839000929613,0.0,0.024556000425945967,4.6979695579300325,9.4,600.453125,False
1773596431.6114283,613,0,0,0,0,9.074800000234973,0.0,0.024704000679776073,4.6979695579300325,18.8,600.453125,False
1773596431.824283,614,0,0,0,0,9.368598999571986,0.0,0.024797001970000565,4.6979695579300325,9.4,600.453125,False
1773596432.0371115,615,0,0,0,0,9.386579997226363,0.0,0.025834000553004444,4.6979695579300325,9.4,600.453125,False
1773596432.2500226,616,0,0,0,0,9.348209998279344,0.0,0.024760000087553635,4.6979695579300325,9.4,600.453125,False
1773596432.4628139,617,0,0,0,0,9.358413000882138,0.0,0.024537999706808478,4.699401289922409,9.4,600.453125,False
1773596432.6757302,618,0,0,0,0,9.376468999107601,0.0,0.025834000553004444,4.699401289922409,14.1,600.453125,False
1773596432.8886003,619,0,0,0,0,9.382839001773391,0.0,0.026592999347485602,4.699401289922409,9.4,600.453125,False
1773596433.1015103,620,0,0,0,0,9.405895001691533,0.0,0.024962999304989353,4.699401289922409,9.4,600.453125,False
1773596433.3143265,621,0,0,0,0,9.39456200285349,0.0,0.02437000148347579,4.699401289922409,9.4,600.453125,False
1773596433.5271854,622,0,0,0,0,9.441802998480853,0.0,0.02483399657648988,4.697624388423491,14.1,600.453125,False
1773596433.7401009,623,0,0,0,0,9.420488000614569,0.0,0.025499997718725353,4.697624388423491,18.8,600.453125,False
1773596433.9530716,624,0,0,0,0,9.465802999329753,0.0,0.024184999347198755,4.697624388423491,9.4,600.453125,False
1773596434.1660383,625,0,0,0,0,9.46474699958344,0.0,0.024666998797329143,4.697624388423491,9.4,600.453125,False
1773596434.3789217,626,0,0,0,0,9.40500599972438,0.0,0.024778000806691125,4.697624388423491,9.4,600.453125,False
1773596434.5919104,627,0,0,0,0,9.547507001116173,0.0,0.025240999093512073,4.696058082691656,9.4,600.453125,False
1773596434.804894,628,0,0,0,0,9.5347659989784,0.0,0.025369998184032738,4.696058082691656,18.8,600.453125,False
1773596435.0177894,629,0,0,0,0,9.472007001022575,0.0,0.025110999558819458,4.696058082691656,9.4,600.453125,False
1773596435.2307348,630,0,0,0,0,9.425431999261491,0.0,0.025130000722128898,4.696058082691656,9.4,600.46875,False
1773596435.443582,631,0,0,0,0,9.38380200022948,0.0,0.024647997634019703,4.696058082691656,9.4,600.46875,False
1773596435.6565857,632,0,0,0,0,9.473783997236751,0.0,0.02548200063756667,4.696360953563142,14.1,600.484375,False
1773596435.8694148,633,0,0,0,0,9.421784001460765,0.0,0.024777997168712318,4.696360953563142,14.1,600.484375,False
1773596436.0823257,634,0,0,0,0,9.428987999854144,0.0,0.024704000679776073,4.696360953563142,14.1,600.484375,False
1773596436.295192,635,0,0,0,0,9.438987999601522,0.0,0.025574001483619213,4.696360953563142,9.4,600.484375,False
1773596436.5080526,636,0,0,0,0,9.42933899932541,0.0,0.025258999812649563,4.696360953563142,9.4,600.484375,False
1773596436.7210245,637,0,0,0,0,9.444988001632737,0.0,0.024258999474113807,4.697202466558096,9.4,600.484375,False
1773596436.933909,638,0,0,0,0,9.452785001485609,0.0,0.02459299867041409,4.697202466558096,18.8,600.484375,False
1773596437.1467826,639,0,0,0,0,9.437709999474464,0.0,0.025074001314351335,4.697202466558096,9.4,600.484375,False
1773596437.3596978,640,0,0,0,0,9.47580300271511,0.0,0.02433299960102886,4.697202466558096,9.4,600.484375,False
1773596437.5727296,641,0,0,0,0,9.43932099835365,0.0,0.025093002477660775,4.697202466558096,4.7,600.484375,False
1773596437.7856038,642,0,0,0,0,9.390340001118602,0.0,0.02494400177965872,4.696691211463665,14.1,600.484375,False
1773596437.9984837,643,0,0,0,0,9.36543199713924,0.0,0.025556000764481723,4.696691211463665,14.1,600.484375,False
1773596438.2112682,644,0,0,0,0,9.350782998808427,0.0,0.025908000679919496,4.696691211463665,14.1,600.484375,False
1773596438.424124,645,0,0,0,0,9.363469001982594,0.0,0.024962999304989353,4.696691211463665,9.4,600.484375,False
1773596438.6370602,646,0,0,0,0,9.427061999303987,0.0,0.023721997422399,4.696691211463665,9.4,600.484375,False
1773596438.8499062,647,0,0,0,0,9.313449998444412,0.0,0.02270400000270456,4.697948509556731,9.4,600.484375,False
1773596439.0627377,648,0,0,0,0,9.3525980009872,0.0,0.02268499883939512,4.697948509556731,18.8,600.484375,False
1773596439.275672,649,0,0,0,0,9.39111700063222,0.0,0.025148001441266388,4.697948509556731,9.4,600.484375,False
1773596439.4884868,650,0,0,0,0,9.362099001009483,0.0,0.026092999178217724,4.697948509556731,9.4,600.484375,False
1773596439.701474,651,0,0,0,0,9.409340000274824,0.0,0.025871002435451373,4.697948509556731,9.4,600.484375,False
1773596439.9144197,652,0,0,0,0,9.392579999257578,0.0,0.02576000042608939,4.697025723814748,9.4,600.484375,False
1773596440.1270711,653,0,0,0,0,9.181894001812907,0.0,0.024814999051159248,4.697025723814748,18.8,600.484375,False
1773596440.3399155,654,0,0,0,0,9.352357999887317,0.0,0.02516699896659702,4.697025723814748,9.4,600.484375,False
1773596440.552811,655,0,0,0,0,9.411691000423161,0.0,0.05325900201569311,4.697025723814748,9.4,600.484375,False
1773596440.7656872,656,0,0,0,0,9.362376000353834,0.0,0.025833996915025637,4.697025723814748,9.4,600.484375,False
1773596440.9786232,657,0,0,0,0,9.43747000201256,0.0,0.02629599839565344,4.698331619473923,4.7,600.484375,False
1773596441.1914134,658,0,0,0,0,9.329616998002166,0.0,0.02550100180087611,4.698331619473923,18.8,600.484375,False
1773596441.4042907,659,0,0,0,0,9.39021000158391,0.0,0.024203000066336244,4.698331619473923,9.4,600.484375,False
1773596441.6172051,660,0,0,0,0,9.392005998961395,0.0,0.02540799687267281,4.698331619473923,9.4,600.484375,False
1773596441.8300605,661,0,0,0,0,9.362414002680453,0.0,0.024962999304989353,4.698331619473923,9.4,600.484375,False
1773596442.0429642,662,0,0,0,0,9.378913997352356,0.0,0.025352001102874056,4.697747507092592,9.4,600.484375,False
1773596442.2557695,663,0,0,0,0,9.353580000606598,0.0,0.024796998332021758,4.697747507092592,18.8,600.484375,False
1773596442.4686205,664,0,0,0,0,9.392839998326963,0.0,0.025463003112236038,4.697747507092592,9.4,600.484375,False
1773596442.6814666,665,0,0,0,0,9.36122900020564,0.0,0.02516699896659702,4.697747507092592,14.1,600.484375,False
1773596442.894203,666,0,0,0,0,9.311338999395957,0.0,0.02594399848021567,4.697747507092592,9.4,600.484375,False
1773596443.1070573,667,0,0,0,0,9.351578999485355,0.0,0.02579700230853632,4.698824281190246,9.4,600.484375,False
1773596443.3199024,668,0,0,0,0,9.355931997561129,0.0,0.024518998543499038,4.698824281190246,18.8,600.484375,False
1773596443.532778,669,0,0,0,0,9.402266001416137,0.0,0.024721997760934755,4.698824281190246,9.4,600.484375,False
1773596443.7456522,670,0,0,0,0,9.379320999869378,0.0,0.024703997041797265,4.698824281190246,9.4,600.484375,False
1773596443.9584706,671,0,0,0,0,9.387432000949048,0.0,0.024832999770296738,4.698824281190246,9.4,600.484375,False
1773596444.1713684,672,0,0,0,0,9.387136000441387,0.0,0.025130000722128898,4.697902203799358,9.4,600.484375,False
1773596444.384183,673,0,0,0,0,9.305469000537414,0.0,0.025001001631608233,4.697902203799358,18.8,600.484375,False
1773596444.597054,674,0,0,0,0,9.364432000438683,0.0,0.025536999601172283,4.697902203799358,9.4,600.484375,False
1773596444.8098376,675,0,0,0,0,9.355875998153351,0.0,0.025112000002991408,4.697902203799358,9.4,600.484375,False
1773596445.0226862,676,0,0,0,0,9.347414001240395,0.0,0.02350000067963265,4.697902203799358,9.4,600.484375,False
1773596445.2355337,677,0,0,0,0,9.316653999121627,0.0,0.02466700243530795,4.698517934513635,9.4,600.5,False
1773596445.4484043,678,0,0,0,0,9.436857999389758,0.0,0.024665998353157192,4.698517934513635,18.8,600.5,False
1773596445.6614249,679,0,0,0,0,9.483876998274354,0.0,0.0260560009337496,4.698517934513635,9.4,600.5,False
1773596445.874293,680,0,0,0,0,9.365802001411794,0.0,0.02522300201235339,4.698517934513635,9.4,600.5,False
1773596446.0871155,681,0,0,0,0,9.335339000244858,0.0,0.025556000764481723,4.698517934513635,9.4,600.5,False
1773596446.2999165,682,0,0,0,0,9.368672002892708,0.0,0.02377800046815537,4.697589663811805,14.1,600.5,False
1773596446.512799,683,0,0,0,0,9.398710000823485,0.0,0.054592997912550345,4.697589663811805,14.1,600.5,False
1773596446.7256725,684,0,0,0,0,9.375468998769065,0.0,0.025055000151041895,4.697589663811805,9.4,600.5,False
1773596446.9384987,685,0,0,0,0,9.342116998595884,0.0,0.02387000131420791,4.697589663811805,9.4,600.5,False
1773596447.1512396,686,0,0,0,0,9.311412999522872,0.0,0.025685003492981195,4.697589663811805,14.1,600.5,False
1773596447.3641613,687,0,0,0,0,9.394635999342427,0.0,0.02518600012990646,4.6981821570732425,9.4,600.5,False
1773596447.5770981,688,0,0,0,0,9.42589500118629,0.0,0.02457399750710465,4.6981821570732425,18.8,600.5,False
1773596447.7899919,689,0,0,0,0,9.38941300046281,0.0,0.024962999304989353,4.6981821570732425,9.4,600.5,False
1773596448.0028567,690,0,0,0,0,9.368172999529634,0.0,0.024981000024126843,4.6981821570732425,9.4,600.5,False
1773596448.2156823,691,0,0,0,0,9.338782998383977,0.0,0.02409300213912502,4.6981821570732425,9.4,600.5,False
1773596448.4286485,692,0,0,0,0,9.39893200120423,0.0,0.024795997887849808,4.697177216780407,4.7,600.5,False
1773596448.6412418,693,0,0,0,0,9.154153001873055,0.0,0.024240998754976317,4.697177216780407,18.8,600.5,False
1773596448.854065,694,0,0,0,0,9.378618000482675,0.0,0.024852000933606178,4.697177216780407,9.4,600.5,False
1773596449.066998,695,0,0,0,0,9.435914002096979,0.0,0.024684999516466632,4.697177216780407,9.4,600.5,False
1773596449.2798584,696,0,0,0,0,9.363654000480892,0.0,0.024684999516466632,4.697177216780407,9.4,600.5,False
1773596449.4927442,697,0,0,0,0,9.384654000314185,0.0,0.025074001314351335,4.698872710781933,14.1,600.5,False
1773596449.7057993,698,0,0,0,0,9.48067400167929,0.0,0.0243520007643383,4.698872710781933,14.1,600.5,False
1773596449.9187324,699,0,0,0,0,9.431914000742836,0.0,0.026296998839825392,4.698872710781933,14.1,600.5,False
1773596450.131619,700,0,0,0,0,9.365949998027645,0.0,0.02572199809947051,4.698872710781933,9.4,600.5,False
1773596450.344477,701,0,0,0,0,9.412432002136484,0.0,0.02486999801476486,4.698872710781933,9.4,600.5,False
1773596450.5573719,702,0,0,0,0,9.446635998756392,0.0,0.02486999801476486,4.696342022989134,9.4,600.5,False
1773596450.7702746,703,0,0,0,0,9.395487999427132,0.0,0.025536999601172283,4.696342022989134,18.8,600.5,False
1773596450.983081,704,0,0,0,0,9.3897279984958,0.0,0.024944998585851863,4.696342022989134,9.4,600.5,False
1773596451.1959207,705,0,0,0,0,9.393950000230689,0.0,0.025389002985320985,4.696342022989134,9.4,600.5,False
1773596451.4088576,706,0,0,0,0,9.430820999114076,0.0,0.024258999474113807,4.696342022989134,9.4,600.5,False
1773596451.621857,707,0,0,0,0,9.441488000447862,0.0,0.025110999558819458,4.6971151455641795,9.4,600.5,False
1773596451.8342159,708,0,0,0,0,8.941520998632768,0.0,0.023537999368272722,4.6971151455641795,18.8,600.5,False
1773596452.047146,709,0,0,0,0,9.447487998841098,0.0,0.025574001483619213,4.6971151455641795,9.4,600.5,False
1773596452.2601109,710,0,0,0,0,9.426950997294625,0.0,0.024426000891253352,4.6971151455641795,9.4,600.5,False
1773596452.47298,711,0,0,0,0,9.415839002031134,0.0,0.0238150023506023,4.6971151455641795,9.4,600.5,False
1773596452.6859186,712,0,0,0,0,9.440524998353794,0.0,0.024721997760934755,4.698995894894419,9.4,600.5,False
1773596452.8988512,713,0,0,0,0,9.423301999049727,0.0,0.024574001145083457,4.698995894894419,14.1,600.5,False
1773596453.1117804,714,0,0,0,0,9.419098998478148,0.0,0.026704001356847584,4.698995894894419,9.4,600.5,False
1773596453.3247273,715,0,0,0,0,9.42343199858442,0.0,0.02546299947425723,4.698995894894419,14.1,600.515625,False
1773596453.5375848,716,0,0,0,0,9.428394998394651,0.0,0.025277997337980196,4.698995894894419,9.4,600.515625,False
1773596453.7504842,717,0,0,0,0,9.402671999851009,0.0,0.025610999728087336,4.69675747899378,9.4,600.515625,False
1773596453.9634714,718,0,0,0,0,9.380247000080999,0.0,0.02601899905130267,4.69675747899378,18.8,600.515625,False
1773596454.1764128,719,0,0,0,0,9.419672998774331,0.0,0.024685999960638583,4.69675747899378,9.4,600.515625,False
1773596454.3892684,720,0,0,0,0,9.383524000440957,0.0,0.02551800207584165,4.69675747899378,9.4,600.515625,False
1773596454.6021433,721,0,0,0,0,9.42513599875383,0.0,0.025536999601172283,4.69675747899378,9.4,600.515625,False
1773596454.8150055,722,0,0,0,0,9.409228001459269,0.0,0.0248889991780743,4.696988904084002,9.4,600.515625,False
1773596455.0278516,723,0,0,0,0,9.341302000393625,0.0,0.024704000679776073,4.696988904084002,18.8,600.515625,False
1773596455.2406764,724,0,0,0,0,9.337543000583537,0.0,0.025408000510651618,4.696988904084002,9.4,600.515625,False
1773596455.453589,725,0,0,0,0,9.365654001157964,0.0,0.025110999558819458,4.696988904084002,9.4,600.515625,False
1773596455.6664157,726,0,0,0,0,9.36587599790073,0.0,0.025056000595213845,4.696988904084002,9.4,600.515625,False
1773596455.8792622,727,0,0,0,0,9.34872799916775,0.0,0.02581500302767381,4.6981105868964255,9.4,600.515625,False
1773596456.0920968,728,0,0,0,0,9.344080001028487,0.0,0.024871002096915618,4.6981105868964255,18.8,600.515625,False
1773596456.3050947,729,0,0,0,0,9.403801999724237,0.0,0.025296998501289636,4.6981105868964255,9.4,600.515625,False
1773596456.518104,730,0,0,0,0,9.365616999275517,0.0,0.02594399848021567,4.6981105868964255,9.4,600.515625,False
1773596456.7309546,731,0,0,0,0,9.322320001956541,0.0,0.02651899922057055,4.6981105868964255,9.4,600.515625,False
1773596456.9437823,732,0,0,0,0,9.336876002635108,0.0,0.025926001399056986,4.696976280309203,9.4,600.515625,False
1773596457.1566145,733,0,0,0,0,9.27667200085125,0.0,0.026462999812792987,4.696976280309203,18.8,600.515625,False
1773596457.3694086,734,0,0,0,0,9.344488000351703,0.0,0.022184998670127243,4.696976280309203,9.4,600.515625,False
1773596457.5822284,735,0,0,0,0,9.386821002408396,0.0,0.02457399750710465,4.696976280309203,9.4,600.515625,False
1773596457.7950633,736,0,0,0,0,9.356340000522323,0.0,0.024647997634019703,4.696976280309203,9.4,600.515625,False
1773596458.007892,737,0,0,0,0,9.380784002132714,0.0,0.025796998670557514,4.698769535897386,9.4,600.515625,False
1773596458.2207806,738,0,0,0,0,9.373395001603058,0.0,0.025130000722128898,4.698769535897386,18.8,600.515625,False
1773596458.433673,739,0,0,0,0,9.394543001690181,0.0,0.02157400012947619,4.698769535897386,9.4,600.515625,False
1773596459.7463741,740,1,0,0,0,9.37850599802914,1099.9413870013086,0.013999997463542968,1.7255724132483419,145.5,600.984375,True
1773596460.957838,741,1,0,0,0,7.136620999517618,1001.2239429997862,0.013037999451626092,0.8254459820776666,143.6,608.921875,True
1773596461.1681294,742,0,0,0,0,7.1158060018206015,0.0,0.022759999410482123,0.8254459820776666,9.5,608.921875,False
1773596461.3785543,743,0,0,0,0,7.123194998712279,0.0,0.021776999346911907,0.8254459820776666,9.5,608.921875,False
1773596461.5886736,744,0,0,0,0,6.865674000437139,0.0,0.021739997464464977,0.8254459820776666,4.8,608.921875,False
1773596461.7986057,745,0,0,0,0,6.7748599976766855,0.0,0.018962997273774818,0.8254459820776666,9.5,608.921875,False
1773596462.0085182,746,0,0,0,0,6.739413998730015,0.0,0.018814997019944713,4.759035953192816,9.5,608.921875,False
1773596462.2185333,747,0,0,0,0,6.762692002666881,0.0,0.01914800304803066,4.759035953192816,9.5,608.9375,False
1773596462.4286098,748,0,0,0,0,6.712025999149773,0.0,0.01824100036174059,4.759035953192816,9.5,608.9375,False
1773596462.638552,749,0,0,0,0,6.797784997615963,0.0,0.019167000573361292,4.759035953192816,9.5,608.9375,False
1773596462.8484476,750,0,0,0,0,6.696450996969361,0.0,0.018629998521646485,4.759035953192816,9.5,608.9375,False
1773596463.0583732,751,0,0,0,0,6.763618999684695,0.0,0.019110997527604923,4.762482442883307,4.8,608.9375,False
1773596463.2683606,752,0,0,0,0,6.784970999433426,0.0,0.018445000023348257,4.762482442883307,4.8,608.9375,False
1773596463.4783123,753,0,0,0,0,6.765229001757689,0.0,0.01883400182123296,4.762482442883307,14.3,608.9375,False
1773596463.688333,754,0,0,0,0,6.802267002058215,0.0,0.019592000171542168,4.762482442883307,4.8,608.9375,False
1773596463.9010043,755,0,0,0,0,9.319302000221796,0.0,0.022112002625362948,4.762482442883307,9.4,608.9375,False
1773596464.1138875,756,0,0,0,0,9.392301999469055,0.0,0.022315001842798665,4.737206854334106,9.4,608.9375,False
1773596464.326737,757,0,0,0,0,9.378394999657758,0.0,0.025667002773843706,4.737206854334106,9.4,608.9375,False
1773596464.539625,758,0,0,0,0,9.333802001492586,0.0,0.02288899850100279,4.737206854334106,18.8,608.9375,False
1773596464.752661,759,0,0,0,0,9.43606199871283,0.0,0.026110999897355214,4.737206854334106,9.4,608.9375,False
1773596464.9654047,760,0,0,0,0,9.274412001104793,0.0,0.02214800042565912,4.737206854334106,9.4,608.9375,False
1773596465.1783402,761,0,0,0,0,9.381062001921237,0.0,0.02492600106052123,4.697332928067476,9.4,608.9375,False
1773596465.3912334,762,0,0,0,0,9.385284000018146,0.0,0.02598200080683455,4.697332928067476,9.4,608.9375,False
1773596465.6041174,763,0,0,0,0,9.327542000391986,0.0,0.023110998881747946,4.697332928067476,18.8,608.9375,False
1773596465.817031,764,0,0,0,0,9.319079999841051,0.0,0.023704000341240317,4.697332928067476,9.4,608.9375,False
1773596466.0299335,765,0,0,0,0,9.345654001663206,0.0,0.02375999974901788,4.697332928067476,9.4,608.9375,False
1773596466.242833,766,0,0,0,0,9.281580001697876,0.0,0.02301800122950226,4.697027827816798,9.4,608.9375,False
1773596466.455592,767,0,0,0,0,9.264152999094222,0.0,0.0243520007643383,4.697027827816798,9.4,608.9375,False
1773596466.6678658,768,0,0,0,0,8.776539001701167,0.0,0.023333999706665054,4.697027827816798,18.8,608.9375,False
1773596466.8807547,769,0,0,0,0,9.315413000877015,0.0,0.02314799712621607,4.697027827816798,9.4,608.9375,False
1773596467.0936923,770,0,0,0,0,9.351488002721453,0.0,0.02327800029888749,4.697027827816798,9.4,608.9375,False
1773596467.3064551,771,0,0,0,0,9.295449999626726,0.0,0.022019001335138455,4.7009044942724625,9.4,608.9375,False
1773596467.5192678,772,0,0,0,0,9.290412999689579,0.0,0.022315001842798665,4.7009044942724625,14.1,608.9375,False
1773596467.7320375,773,0,0,0,0,9.269876001781086,0.0,0.023610999051015824,4.7009044942724625,18.8,608.9375,False
1773596467.9448187,774,0,0,0,0,9.33843199891271,0.0,0.022519001504406333,4.7009044942724625,9.4,608.9375,False
1773596468.1577702,775,0,0,0,0,9.384506000060355,0.0,0.022315001842798665,4.7009044942724625,9.4,608.9375,False
1773596468.3705125,776,0,0,0,0,9.281709000788396,0.0,0.022815002012066543,4.698989577603331,9.4,608.9375,False
1773596468.583412,777,0,0,0,0,9.33109900142881,0.0,0.023741002223687246,4.698989577603331,9.4,608.9375,False
1773596468.7963192,778,0,0,0,0,9.380412997415988,0.0,0.02350000067963265,4.698989577603331,18.8,608.9375,False
1773596469.0091789,779,0,0,0,0,9.388506001414498,0.0,0.021704003302147612,4.698989577603331,9.4,608.9375,False
1773596469.222,780,0,0,0,0,9.360208998259623,0.0,0.023814998712623492,4.698989577603331,9.4,608.9375,False
1773596469.434782,781,0,0,0,0,9.272986000723904,0.0,0.023537999368272722,4.698077960039437,9.4,608.9375,False
1773596469.6476762,782,0,0,0,0,9.428377001313493,0.0,0.023944998247316107,4.698077960039437,9.4,608.9375,False
1773596469.860526,783,0,0,0,0,9.363673001644202,0.0,0.023055999918142334,4.698077960039437,14.1,608.9375,False
1773596470.0732837,784,0,0,0,0,9.29646799704642,0.0,0.022202999389264733,4.698077960039437,9.4,608.9375,False
1773596470.2861617,785,0,0,0,0,9.313913000369212,0.0,0.02333300290047191,4.698077960039437,9.4,608.9375,False
1773596470.4989438,786,0,0,0,0,9.31985699935467,0.0,0.022852000256534666,4.698541093347666,9.4,608.9375,False
1773596470.7117207,787,0,0,0,0,9.311710000474704,0.0,0.02322300133528188,4.698541093347666,9.4,608.9375,False
1773596470.9245625,788,0,0,0,0,9.340969001641497,0.0,0.023408003471558914,4.698541093347666,18.8,608.9375,False
1773596471.1375184,789,0,0,0,0,9.3557280015375,0.0,0.02246300209662877,4.698541093347666,9.4,608.9375,False
1773596471.3503118,790,0,0,0,0,9.313597998698242,0.0,0.022480999177787453,4.698541093347666,9.4,608.9375,False
1773596471.5631864,791,0,0,0,0,9.369375999085605,0.0,0.02275900260428898,4.698197944905805,9.4,608.9375,False
1773596471.7759783,792,0,0,0,0,9.316321000369499,0.0,0.02375899930484593,4.698197944905805,9.4,608.9375,False
1773596471.9889019,793,0,0,0,0,9.335858001577435,0.0,0.02214900086983107,4.698197944905805,18.8,608.9375,False
1773596472.201775,794,0,0,0,0,9.341783999843756,0.0,0.024110999220283702,4.698197944905805,9.4,608.9375,False
1773596472.4145575,795,0,0,0,0,9.317895001004217,0.0,0.02348099951632321,4.698197944905805,9.4,608.9375,False
1773596472.6276393,796,0,0,0,0,9.491913999227108,0.0,0.02546299947425723,4.697371857502326,14.1,608.9375,False
1773596472.8406146,797,0,0,0,0,9.430210000573425,0.0,0.027278001653030515,4.697371857502326,9.4,608.9375,False
1773596473.0536077,798,0,0,0,0,9.479672997258604,0.0,0.026926001737592742,4.697371857502326,14.1,608.9375,False
1773596473.266436,799,0,0,0,0,9.33454299956793,0.0,0.023704000341240317,4.697371857502326,9.4,608.9375,False
1773596473.479428,800,0,0,0,0,9.350172000267776,0.0,0.023630000214325264,4.697371857502326,9.4,608.953125,False
1773596473.6923294,801,0,0,0,0,9.323635000328068,0.0,0.023166001483332366,4.696083320438888,9.4,608.953125,False
1773596473.905314,802,0,0,0,0,9.383487999002682,0.0,0.021703999664168805,4.696083320438888,9.4,609.578125,False
1773596474.1181068,803,0,0,0,0,9.302209000452422,0.0,0.023814998712623492,4.696083320438888,18.8,609.578125,False
1773596474.331001,804,0,0,0,0,9.293578998040175,0.0,0.02387000131420791,4.696083320438888,9.4,609.578125,False
1773596474.5438595,805,0,0,0,0,9.334635000413982,0.0,0.02216700158896856,4.696083320438888,9.4,609.578125,False
1773596474.7568154,806,0,0,0,0,9.33545000225422,0.0,0.023388998670270666,4.6971035731459825,9.4,609.578125,False
1773596474.9697,807,0,0,0,0,9.349117000965634,0.0,0.02214800042565912,4.6971035731459825,9.4,609.578125,False
1773596475.1819801,808,0,0,0,0,8.817780999379465,0.0,0.021370000467868522,4.6971035731459825,18.8,609.578125,False
1773596475.3947806,809,0,0,0,0,9.316672996646957,0.0,0.02294500154675916,4.6971035731459825,9.4,609.578125,False
1773596475.6077347,810,0,0,0,0,9.35183899855474,0.0,0.02296299862791784,4.6971035731459825,14.1,609.578125,False
1773596475.8206456,811,0,0,0,0,9.305117000621976,0.0,0.022871001419844106,4.700069027960806,4.7,609.578125,False
1773596476.0335078,812,0,0,0,0,9.348617000796366,0.0,0.022202999389264733,4.700069027960806,9.4,609.578125,False
1773596476.24638,813,0,0,0,0,9.3195419976837,0.0,0.02350000067963265,4.700069027960806,18.8,609.578125,False
1773596476.4592447,814,0,0,0,0,9.335339000244858,0.0,0.021629999537253752,4.700069027960806,9.4,609.578125,False
1773596476.6720486,815,0,0,0,0,9.333802001492586,0.0,0.023833999875932932,4.700069027960806,9.4,609.578125,False
1773596476.8849351,816,0,0,0,0,9.311876001447672,0.0,0.02290699922014028,4.697908518167066,9.4,609.578125,False
1773596477.0977485,817,0,0,0,0,9.326671999588143,0.0,0.023389002308249474,4.697908518167066,9.4,609.578125,False
1773596477.310641,818,0,0,0,0,9.346171998913633,0.0,0.02387100175837986,4.697908518167066,23.5,609.59375,False
1773596477.5235434,819,0,0,0,0,9.320487999502802,0.0,0.02348099951632321,4.697908518167066,9.4,609.59375,False
1773596477.736443,820,0,0,0,0,9.33809799971641,0.0,0.025091998395510018,4.697908518167066,9.4,609.59375,False
1773596477.9492176,821,0,0,0,0,9.301709000283154,0.0,0.022629999875789508,4.6980084979178605,9.4,609.59375,False
1773596478.162101,822,0,0,0,0,9.298524000769248,0.0,0.023370001144940034,4.6980084979178605,9.4,609.59375,False
1773596478.375065,823,0,0,0,0,9.400394999829587,0.0,0.02625900015118532,4.6980084979178605,18.8,609.59375,False
1773596478.5881567,824,0,0,0,0,9.4515059972764,0.0,0.027148998924531043,4.6980084979178605,9.4,609.59375,False
1773596478.8010364,825,0,0,0,0,9.31098699948052,0.0,0.021500000002561137,4.6980084979178605,9.4,609.59375,False
1773596479.0138054,826,0,0,0,0,9.27995000165538,0.0,0.023684999177930877,4.696649137811915,9.4,609.59375,False
1773596479.2265797,827,0,0,0,0,9.278079000068828,0.0,0.023184999008663,4.696649137811915,9.4,609.59375,False
1773596479.4394252,828,0,0,0,0,9.347986997454427,0.0,0.02568600029917434,4.696649137811915,18.8,609.59375,False
1773596479.6534264,829,0,0,0,0,10.314492999896174,0.0,0.02387100175837986,4.696649137811915,9.3,609.59375,False
1773596479.8661997,830,0,0,0,0,9.293339000578271,0.0,0.023332999262493104,4.696649137811915,9.4,609.59375,False
1773596480.0790455,831,0,0,0,0,9.286301999964053,0.0,0.023870998120401055,4.693869740119023,9.4,609.59375,False
1773596480.2919328,832,0,0,0,0,9.287098000640981,0.0,0.024203996872529387,4.693869740119023,9.4,609.59375,False
1773596480.504785,833,0,0,0,0,9.285356998589123,0.0,0.036869998439215124,4.693869740119023,18.8,609.59375,False
1773596480.7175596,834,0,0,0,0,9.298950000811601,0.0,0.024222998035838827,4.693869740119023,9.4,609.59375,False
1773596480.9303026,835,0,0,0,0,9.265708999009803,0.0,0.023389002308249474,4.693869740119023,9.4,609.59375,False
1773596481.1431477,836,0,0,0,0,9.290190999308834,0.0,0.02292600038344972,4.69878006373925,9.4,609.59375,False
1773596481.356002,837,0,0,0,0,9.287580000091111,0.0,0.02385200059507042,4.69878006373925,9.4,609.59375,False
1773596481.5688481,838,0,0,0,0,9.356246999232098,0.0,0.022832999093225226,4.69878006373925,18.8,609.59375,False
1773596481.7817113,839,0,0,0,0,9.324542999820551,0.0,0.024258999474113807,4.69878006373925,9.4,609.59375,False
1773596481.9945424,840,0,0,0,0,9.277375000237953,0.0,0.023888998839538544,4.69878006373925,9.4,609.59375,False
1773596482.2072637,841,0,0,0,0,9.241207997547463,0.0,0.023926000721985474,4.698731636057295,9.4,609.59375,False
1773596482.420061,842,0,0,0,0,9.297208998759743,0.0,0.022758998966310173,4.698731636057295,9.4,609.59375,False
1773596482.6328864,843,0,0,0,0,9.271727001760155,0.0,0.023888998839538544,4.698731636057295,14.1,609.59375,False
1773596482.845618,844,0,0,0,0,9.291043003031518,0.0,0.02272200072184205,4.698731636057295,9.4,609.59375,False
1773596483.0583165,845,0,0,0,0,9.264098000130616,0.0,0.02350000067963265,4.698731636057295,14.1,609.59375,False
1773596483.2710602,846,0,0,0,0,9.247579000657424,0.0,0.023184999008663,4.700154352011787,9.4,609.59375,False
1773596483.4837677,847,0,0,0,0,9.268005000194535,0.0,0.02418500298517756,4.700154352011787,9.4,609.59375,False
1773596483.69597,848,0,0,0,0,8.743075999518624,0.0,0.02129600034095347,4.700154352011787,14.1,609.59375,False
1773596483.908796,849,0,0,0,0,9.299060999182984,0.0,0.02374099858570844,4.700154352011787,9.4,609.59375,False
1773596484.1214979,850,0,0,0,0,9.264374999474967,0.0,0.021945001208223403,4.700154352011787,9.4,609.59375,False
1773596484.3341749,851,0,0,0,0,9.239930997864576,0.0,0.023037999199004844,4.703144756205481,9.4,609.59375,False
1773596484.546962,852,0,0,0,0,9.291394002502784,0.0,0.02327800029888749,4.703144756205481,14.1,609.59375,False
1773596484.7596576,853,0,0,0,0,9.25793100032024,0.0,0.02350000067963265,4.703144756205481,14.1,609.59375,False
1773596484.9724526,854,0,0,0,0,9.264357002393808,0.0,0.02348199996049516,4.703144756205481,9.4,609.59375,False
1773596485.1852133,855,0,0,0,0,9.286987002269598,0.0,0.022795997210778296,4.703144756205481,9.4,609.59375,False
1773596485.3979204,856,0,0,0,0,9.266578999813646,0.0,0.022074000298744068,4.700413503306973,9.4,609.59375,False
1773596485.6107652,857,0,0,0,0,9.308876000432065,0.0,0.02266599767608568,4.700413503306973,9.4,609.59375,False
1773596485.823517,858,0,0,0,0,9.287264998420142,0.0,0.02318599945283495,4.700413503306973,18.8,609.609375,False
1773596486.0362754,859,0,0,0,0,9.319024000433274,0.0,0.022425996576203033,4.700413503306973,9.4,609.609375,False
1773596486.2490964,860,0,0,0,0,9.300467998400563,0.0,0.02188900180044584,4.700413503306973,9.4,609.609375,False
1773596486.4618,861,0,0,0,0,9.264949996577343,0.0,0.02361100268899463,4.699773051253843,9.4,609.609375,False
1773596486.6745462,862,0,0,0,0,9.265635002520867,0.0,0.023389002308249474,4.699773051253843,9.4,609.609375,False
1773596486.8872373,863,0,0,0,0,9.238505001121666,0.0,0.023055999918142334,4.699773051253843,18.8,609.609375,False
1773596487.099958,864,0,0,0,0,9.275782998884097,0.0,0.023963002604432404,4.699773051253843,9.4,608.296875,False
1773596487.3127265,865,0,0,0,0,9.25891299993964,0.0,0.02353699892410077,4.699773051253843,14.1,608.296875,False
1773596487.525456,866,0,0,0,0,9.28180099799647,0.0,0.022648000594926998,4.700769619583552,9.4,608.296875,False
1773596487.738187,867,0,0,0,0,9.285338001063792,0.0,0.023629996576346457,4.700769619583552,9.4,608.296875,False
1773596487.9508612,868,0,0,0,0,9.261060000426369,0.0,0.021685002138838172,4.700769619583552,18.8,608.296875,False
1773596488.1637208,869,0,0,0,0,9.296061001805356,0.0,0.023982000129763037,4.700769619583552,9.4,608.296875,False
1773596488.3764374,870,0,0,0,0,9.289006000472,0.0,0.021815001673530787,4.700769619583552,9.4,608.296875,False
1773596488.589164,871,0,0,0,0,9.29176399949938,0.0,0.02242600021418184,4.700557839791855,9.4,608.296875,False
1773596488.8018744,872,0,0,0,0,9.278024001105223,0.0,0.024204000510508195,4.700557839791855,9.4,608.296875,False
1773596489.0146053,873,0,0,0,0,9.268041998439003,0.0,0.02594499892438762,4.700557839791855,18.8,608.296875,False
1773596489.2274182,874,0,0,0,0,9.288579996791668,0.0,0.023649001377634704,4.700557839791855,9.4,608.296875,False
1773596489.4401205,875,0,0,0,0,9.272875999158714,0.0,0.02285199661855586,4.700557839791855,9.4,608.296875,False
1773596489.6528938,876,0,0,0,0,9.310561999882339,0.0,0.024796998332021758,4.70045143028382,9.4,608.296875,False
1773596489.8656871,877,0,0,0,0,9.336931998404907,0.0,0.02385200059507042,4.70045143028382,9.4,608.296875,False
1773596490.0784416,878,0,0,0,0,9.276301003410481,0.0,0.02320400017197244,4.70045143028382,18.8,608.296875,False
1773596490.2912004,879,0,0,0,0,9.30598700142582,0.0,0.02431499888189137,4.70045143028382,9.4,608.296875,False
1773596490.503969,880,0,0,0,0,9.282226998038823,0.0,0.02286999733769335,4.70045143028382,9.4,608.296875,False
1773596490.7167728,881,0,0,0,0,9.335671998996986,0.0,0.03725999704329297,4.699771998022519,9.4,608.296875,False
1773596490.9295564,882,0,0,0,0,9.309172000939725,0.0,0.02324099841644056,4.699771998022519,9.4,608.296875,False
1773596491.1423264,883,0,0,0,0,9.27354200030095,0.0,0.02300000051036477,4.699771998022519,18.8,608.296875,False
1773596491.3550866,884,0,0,0,0,9.315541999967536,0.0,0.02290799966431223,4.699771998022519,9.4,608.296875,False
1773596491.5679257,885,0,0,0,0,9.31550600216724,0.0,0.02349999704165384,4.699771998022519,9.4,608.3125,False
1773596491.7806761,886,0,0,0,0,9.298246000980726,0.0,0.023906999558676034,4.69974566739283,9.4,608.3125,False
1773596491.9934433,887,0,0,0,0,9.321282999735558,0.0,0.022166997950989753,4.69974566739283,9.4,608.3125,False
1773596492.2061996,888,0,0,0,0,9.276726999814855,0.0,0.022297001123661175,4.69974566739283,18.8,608.3125,False
1773596492.4189591,889,0,0,0,0,9.315671999502229,0.0,0.02303800283698365,4.69974566739283,9.4,608.328125,False
1773596492.6319766,890,0,0,0,0,9.30706100189127,0.0,0.02372299786657095,4.69974566739283,9.4,608.328125,False
1773596492.844934,891,0,0,0,0,9.49487800244242,0.0,0.02274100188515149,4.698041123810062,9.4,608.328125,False
1773596493.0577254,892,0,0,0,0,9.311006000643829,0.0,0.021092997485538945,4.698041123810062,9.4,608.328125,False
1773596493.2704275,893,0,0,0,0,9.2700059976778,0.0,0.023091997718438506,4.698041123810062,18.8,608.328125,False
1773596493.4831583,894,0,0,0,0,9.278282999730436,0.0,0.022074000298744068,4.698041123810062,9.4,608.328125,False
1773596493.6960115,895,0,0,0,0,9.307931999501307,0.0,0.02418500298517756,4.698041123810062,4.7,608.328125,False
1773596493.908824,896,0,0,0,0,9.34906199836405,0.0,0.02259299799334258,4.699802541922584,9.4,608.328125,False
1773596494.1217098,897,0,0,0,0,9.332302000984782,0.0,0.022333999368129298,4.699802541922584,9.4,608.328125,False
1773596494.3336384,898,0,0,0,0,8.411037000769284,0.0,0.02151899752789177,4.699802541922584,18.9,608.328125,False
1773596494.5462797,899,0,0,0,0,9.241079998901114,0.0,0.02375999974901788,4.699802541922584,9.4,608.328125,False
1773596494.759081,900,0,0,0,0,9.320986999227898,0.0,0.02607500209705904,4.699802541922584,9.4,608.328125,False
1773596494.9718466,901,0,0,0,0,9.271227001590887,0.0,0.026925998099613935,4.7036373729274485,9.4,608.328125,False
1773596495.1846216,902,0,0,0,0,9.223097997164587,0.0,0.024444001610390842,4.7036373729274485,9.4,608.328125,False
1773596495.3972266,903,0,0,0,0,9.093985998333665,0.0,0.023370997951133177,4.7036373729274485,18.8,608.328125,False
1773596495.6101084,904,0,0,0,0,9.361599000840215,0.0,0.02492600106052123,4.7036373729274485,9.4,608.328125,False
1773596495.8230417,905,0,0,0,0,9.390931998495944,0.0,0.02657400182215497,4.7036373729274485,9.4,608.328125,False
1773596496.0358467,906,0,0,0,0,9.339821001049131,0.0,0.02624099943204783,4.699247547470836,9.4,608.328125,False
1773596496.2487643,907,0,0,0,0,9.384134998981608,0.0,0.025130000722128898,4.699247547470836,9.4,608.328125,False
1773596496.4616823,908,0,0,0,0,9.459932000027038,0.0,0.026647998311091214,4.699247547470836,18.8,608.328125,False
1773596496.6747615,909,0,0,0,0,9.409616999619175,0.0,0.026722002075985074,4.699247547470836,14.1,608.328125,False
1773596496.8876336,910,0,0,0,0,9.367171998746926,0.0,0.02629599839565344,4.699247547470836,9.4,608.328125,False
1773596497.1004496,911,0,0,0,0,9.266634999221424,0.0,0.02292600038344972,4.69652397315494,4.7,608.328125,False
1773596497.3131945,912,0,0,0,0,9.293950002756901,0.0,0.022314998204819858,4.69652397315494,9.4,608.328125,False
1773596497.5255334,913,0,0,0,0,8.903187997930218,0.0,0.024000000848900527,4.69652397315494,18.8,608.328125,False
1773596497.7383764,914,0,0,0,0,9.288876000937307,0.0,0.024204000510508195,4.69652397315494,9.4,608.328125,False
1773596497.9512215,915,0,0,0,0,9.271024002373451,0.0,0.02324099841644056,4.69652397315494,9.4,608.328125,False
1773596498.1639414,916,0,0,0,0,9.262708997994196,0.0,0.02348099951632321,4.7014904460397915,9.4,608.328125,False
1773596498.3766906,917,0,0,0,0,9.271857001294848,0.0,0.023148000764194876,4.7014904460397915,9.4,608.328125,False
1773596498.589468,918,0,0,0,0,9.319912998762447,0.0,0.023184999008663,4.7014904460397915,18.8,608.328125,False
1773596498.8022516,919,0,0,0,0,9.315616000094451,0.0,0.02331500218133442,4.7014904460397915,9.4,608.328125,False
1773596499.0149436,920,0,0,0,0,9.249689999705879,0.0,0.023388998670270666,4.7014904460397915,9.4,608.328125,False
1773596499.2289593,921,0,0,0,0,9.259411999664735,0.0,0.023074000637279823,4.7005852331182325,9.4,608.328125,False
1773596499.4419296,922,0,0,0,0,9.360023999761324,0.0,0.025332999939564615,4.7005852331182325,14.0,608.328125,False
1773596499.6548715,923,0,0,0,0,9.403173000464449,0.0,0.024814999051159248,4.7005852331182325,14.1,608.328125,False
1773596499.867678,924,0,0,0,0,9.272152998164529,0.0,0.02377800046815537,4.7005852331182325,9.4,608.328125,False
1773596500.0803664,925,0,0,0,0,9.241949002898764,0.0,0.022963002265896648,4.7005852331182325,9.4,608.328125,False
1773596500.2931638,926,0,0,0,0,9.257524001441197,0.0,0.02322200089110993,4.692528523448636,9.4,608.328125,False
1773596500.5059118,927,0,0,0,0,9.281615999498172,0.0,0.022871001419844106,4.692528523448636,9.4,608.328125,False
1773596500.718663,928,0,0,0,0,9.289393998187734,0.0,0.024519002181477845,4.692528523448636,18.8,608.328125,False
1773596500.9314256,929,0,0,0,0,9.293708997574868,0.0,0.023148000764194876,4.692528523448636,9.4,608.328125,False
1773596501.144208,930,0,0,0,0,9.273171999666374,0.0,0.02405600025667809,4.692528523448636,9.4,608.328125,False
1773596501.3571174,931,0,0,0,0,9.321172001364175,0.0,0.022740998247172683,4.699468687045242,9.4,608.328125,False
1773596501.5698068,932,0,0,0,0,9.27419099753024,0.0,0.022481999621959403,4.699468687045242,9.4,608.328125,False
1773596501.782588,933,0,0,0,0,9.242764001101023,0.0,0.02325900277355686,4.699468687045242,18.8,608.328125,False
1773596501.9954007,934,0,0,0,0,9.260801998607349,0.0,0.0238150023506023,4.699468687045242,9.4,608.328125,False
1773596502.2082043,935,0,0,0,0,9.270746002584929,0.0,0.02324000161024742,4.699468687045242,9.4,608.328125,False
1773596502.4209669,936,0,0,0,0,9.303747003286844,0.0,0.02157400012947619,4.699907868760832,9.4,608.328125,False
1773596502.6337912,937,0,0,0,0,9.30380200225045,0.0,0.02242600021418184,4.699907868760832,9.4,608.328125,False
1773596502.8465183,938,0,0,0,0,9.260931001335848,0.0,0.022333999368129298,4.699907868760832,23.5,608.328125,False
1773596503.0592487,939,0,0,0,0,9.29258000178379,0.0,0.02268599928356707,4.699907868760832,9.4,608.328125,False
1773596503.2719328,940,0,0,0,0,9.267505000025267,0.0,0.024038003175519407,4.699907868760832,9.4,608.328125,False
1773596503.484719,941,0,0,0,0,9.239005001290934,0.0,0.023111002519726753,4.7004430020138495,4.7,608.328125,False
1773596503.6975172,942,0,0,0,0,9.346801998617593,0.0,0.02405499981250614,4.7004430020138495,9.4,608.328125,False
1773596503.910225,943,0,0,0,0,9.245672001270577,0.0,0.0228709977818653,4.7004430020138495,18.8,608.328125,False
1773596504.1228921,944,0,0,0,0,9.23676499951398,0.0,0.021444997400976717,4.7004430020138495,9.4,608.328125,False
1773596504.335643,945,0,0,0,0,9.240671999577899,0.0,0.023426000552717596,4.7004430020138495,9.4,608.328125,False
1773596504.5484169,946,0,0,0,0,9.308876000432065,0.0,0.023111002519726753,4.700518857531705,9.4,608.328125,False
1773596504.7611601,947,0,0,0,0,9.282561000873102,0.0,0.02301900167367421,4.700518857531705,14.1,608.328125,False
1773596504.9740384,948,0,0,0,0,9.351541997602908,0.0,0.022630003513768315,4.700518857531705,14.1,608.328125,False
1773596505.1868258,949,0,0,0,0,9.328560998255853,0.0,0.023796997993486002,4.700518857531705,9.4,608.328125,False
1773596505.3996215,950,0,0,0,0,9.281134996854234,0.0,0.023018998035695404,4.700518857531705,9.4,608.328125,False
1773596505.6123242,951,0,0,0,0,9.265376000257675,0.0,0.02342599691473879,4.699676155948021,9.4,608.328125,False
1773596505.8250713,952,0,0,0,0,9.278542001993628,0.0,0.02301900167367421,4.699676155948021,14.1,608.328125,False
1773596506.0374181,953,0,0,0,0,8.854317002260359,0.0,0.022814998374087736,4.699676155948021,14.1,608.328125,False
1773596506.2501497,954,0,0,0,0,9.259449998353375,0.0,0.02324100205441937,4.699676155948021,9.4,608.328125,False
1773596506.4628234,955,0,0,0,0,9.237135000148555,0.0,0.023388998670270666,4.699676155948021,9.4,608.328125,False
1773596506.6755533,956,0,0,0,0,9.278172001359053,0.0,0.023518998204963282,4.7026480245712925,9.4,608.328125,False
1773596506.888358,957,0,0,0,0,9.276782999222632,0.0,0.022333999368129298,4.7026480245712925,9.4,608.328125,False
1773596507.1011045,958,0,0,0,0,9.288374996685889,0.0,0.022555999748874456,4.7026480245712925,18.8,608.328125,False
1773596507.3138556,959,0,0,0,0,9.322709000116447,0.0,0.02357500125071965,4.7026480245712925,9.4,608.328125,False
1773596507.5266788,960,0,0,0,0,9.302080001361901,0.0,0.02316699828952551,4.7026480245712925,9.4,608.328125,False
1773596507.7396276,961,0,0,0,0,9.29739400089602,0.0,0.024000000848900527,4.698925352774764,9.4,608.34375,False
1773596507.9523602,962,0,0,0,0,9.283264000259805,0.0,0.023037999199004844,4.698925352774764,14.1,608.34375,False
1773596508.1651695,963,0,0,0,0,9.34763499753899,0.0,0.022203999833436683,4.698925352774764,14.1,608.34375,False
1773596508.3778992,964,0,0,0,0,9.283413000957808,0.0,0.022778000129619613,4.698925352774764,9.4,608.34375,False
1773596508.590736,965,0,0,0,0,9.3258019987843,0.0,0.023130000045057386,4.698925352774764,9.4,608.34375,False
1773596508.8034952,966,0,0,0,0,9.289337998779956,0.0,0.023314998543355614,4.699824660167021,14.1,608.34375,False
1773596509.0163395,967,0,0,0,0,9.354432000691304,0.0,0.02438900264678523,4.699824660167021,9.4,608.34375,False
1773596509.2292452,968,0,0,0,0,9.36383899897919,0.0,0.02216700158896856,4.699824660167021,18.8,608.34375,False
1773596509.4420605,969,0,0,0,0,9.357042999909027,0.0,0.023426000552717596,4.699824660167021,9.4,608.34375,False
1773596509.6549885,970,0,0,0,0,9.40313600221998,0.0,0.024999997549457476,4.699824660167021,9.4,608.359375,False
1773596509.8678465,971,0,0,0,0,9.315709001384676,0.0,0.02375899930484593,4.6977369838772,9.4,608.375,False
1773596510.0807517,972,0,0,0,0,9.353486999316374,0.0,0.02238899833173491,4.6977369838772,9.4,608.375,False
1773596510.2935061,973,0,0,0,0,9.324413000285858,0.0,0.022500000341096893,4.6977369838772,18.8,608.375,False
1773596510.506333,974,0,0,0,0,9.362005999719258,0.0,0.023130000045057386,4.6977369838772,9.4,608.375,False
1773596510.7191634,975,0,0,0,0,9.330932000011671,0.0,0.024258999474113807,4.6977369838772,9.4,608.375,False
1773596510.9319777,976,0,0,0,0,9.293857001466677,0.0,0.023704000341240317,4.698677945663739,9.4,608.375,False
1773596511.144781,977,0,0,0,0,9.330839002359426,0.0,0.03648200072348118,4.698677945663739,9.4,608.375,False
1773596511.3574893,978,0,0,0,0,9.266078999644378,0.0,0.02211099854321219,4.698677945663739,18.8,608.375,False
1773596511.5702705,979,0,0,0,0,9.285653002734762,0.0,0.0230370023928117,4.698677945663739,9.4,608.375,False
1773596511.7830036,980,0,0,0,0,9.294856998167234,0.0,0.02325999957975,4.698677945663739,9.4,608.375,False
1773596511.9957044,981,0,0,0,0,9.249967999494402,0.0,0.023148000764194876,4.700476715275084,9.4,608.375,False
1773596512.2084355,982,0,0,0,0,9.267560999433044,0.0,0.023130000045057386,4.700476715275084,9.4,608.375,False
1773596512.4211547,983,0,0,0,0,9.278412999265129,0.0,0.023908000002847984,4.700476715275084,18.8,608.375,False
1773596512.6339555,984,0,0,0,0,9.288302000641124,0.0,0.023314998543355614,4.700476715275084,9.4,608.375,False
1773596512.8467495,985,0,0,0,0,9.321579000243219,0.0,0.02324099841644056,4.700476715275084,9.4,608.375,False
1773596513.059594,986,0,0,0,0,9.333228001196403,0.0,0.023685999622102827,4.699707751804393,9.4,608.375,False
1773596513.272371,987,0,0,0,0,9.305431001848774,0.0,0.02318599945283495,4.699707751804393,9.4,608.375,False
1773596513.4851825,988,0,0,0,0,9.29131999873789,0.0,0.022241001715883613,4.699707751804393,18.8,608.375,False
1773596513.6979198,989,0,0,0,0,9.285284002544358,0.0,0.024445002054562792,4.699707751804393,9.4,608.375,False
1773596513.9106166,990,0,0,0,0,9.25763499981258,0.0,0.02327800029888749,4.699707751804393,9.4,608.375,False
1773596514.1233413,991,0,0,0,0,9.256467998056905,0.0,0.022814998374087736,4.70039348653817,9.4,608.375,False
1773596514.336101,992,0,0,0,0,9.312024001701502,0.0,0.023054999473970383,4.70039348653817,9.4,608.375,False
1773596514.5489028,993,0,0,0,0,9.268079997127643,0.0,0.022667001758236438,4.70039348653817,18.8,608.375,False
1773596514.7616594,994,0,0,0,0,9.321894998720381,0.0,0.02353699892410077,4.70039348653817,9.4,608.375,False
1773596514.9745166,995,0,0,0,0,9.343172998342197,0.0,0.02238899833173491,4.70039348653817,9.4,608.375,False
1773596515.1872294,996,0,0,0,0,9.273745999962557,0.0,0.023649001377634704,4.699747773832348,9.4,608.375,False
1773596515.4000463,997,0,0,0,0,9.352505996503169,0.0,0.02246300209662877,4.699747773832348,9.4,608.375,False
1773596515.6128974,998,0,0,0,0,9.312615999078844,0.0,0.022462998458649963,4.699747773832348,18.8,608.375,False
1773596515.8256924,999,0,0,0,0,9.285987001931062,0.0,0.023074000637279823,4.699747773832348,9.4,608.375,False
1773596516.0384684,1000,0,0,0,0,9.272819999750936,0.0,0.023074000637279823,4.699747773832348,9.4,608.375,False
1773596516.2511811,1001,0,0,0,0,9.24580200080527,0.0,0.02407400097581558,4.699463421575405,9.4,608.375,False
1773596516.4638755,1002,0,0,0,0,9.2564129990933,0.0,0.023352000425802544,4.699463421575405,14.1,608.375,False
1773596516.6766295,1003,0,0,0,0,9.28163400021731,0.0,0.024406999727943912,4.699463421575405,18.8,608.375,False
1773596516.8894029,1004,0,0,0,0,9.297024000261445,0.0,0.023000997316557914,4.699463421575405,4.7,608.375,False
1773596517.1021945,1005,0,0,0,0,9.273375002521789,0.0,0.02300000051036477,4.699463421575405,9.4,608.375,False
1773596517.315025,1006,0,0,0,0,9.231949999957578,0.0,0.022555999748874456,4.6999626405824575,9.4,608.375,False
1773596517.5277808,1007,0,0,0,0,9.307079999416601,0.0,0.022593001631321386,4.6999626405824575,9.4,608.375,False
1773596517.7405455,1008,0,0,0,0,9.258876001695171,0.0,0.023592998331878334,4.6999626405824575,18.8,608.375,False
1773596517.9534054,1009,0,0,0,0,9.353708999697119,0.0,0.02244400093331933,4.6999626405824575,9.4,608.375,False
1773596518.1661255,1010,0,0,0,0,9.261115999834146,0.0,0.022259999241214246,4.6999626405824575,9.4,608.375,False
1773596518.3788283,1011,0,0,0,0,9.256986999389483,0.0,0.023722001060377806,4.700122750150216,9.4,608.375,False
1773596518.5915983,1012,0,0,0,0,9.282838997023646,0.0,0.02357500125071965,4.700122750150216,9.4,608.375,False
1773596518.805015,1013,0,0,0,0,9.92656499875011,0.0,0.026277997676515952,4.700122750150216,18.7,608.375,False
1773596519.0177567,1014,0,0,0,0,9.290191002946813,0.0,0.023463002435164526,4.700122750150216,9.4,608.375,False
1773596519.2306442,1015,0,0,0,0,9.361838998302119,0.0,0.02329700146219693,4.700122750150216,9.4,608.375,False
1773596519.443358,1016,0,0,0,0,9.239727001840947,0.0,0.02238899833173491,4.696910006604761,9.4,608.375,False
1773596519.6562889,1017,0,0,0,0,9.32582099994761,0.0,0.02387000131420791,4.696910006604761,9.4,608.375,False
1773596519.869073,1018,0,0,0,0,9.294338997278828,0.0,0.021500000002561137,4.696910006604761,18.8,608.375,False
1773596520.0818481,1019,0,0,0,0,9.320283999841195,0.0,0.023333999706665054,4.696910006604761,9.4,608.375,False
1773596520.2946775,1020,0,0,0,0,9.276302000216674,0.0,0.022667001758236438,4.696910006604761,9.4,608.375,False
1773596520.5073912,1021,0,0,0,0,9.268653000617633,0.0,0.02353700256207958,4.699109609038666,9.4,608.375,False
1773596520.7201438,1022,0,0,0,0,9.277338998799678,0.0,0.02331500218133442,4.699109609038666,9.4,608.375,False
1773596520.9328203,1023,0,0,0,0,9.251578998373589,0.0,0.02294499790878035,4.699109609038666,18.8,608.375,False
1773596521.1456037,1024,0,0,0,0,9.279875997890485,0.0,0.02320400017197244,4.699109609038666,9.4,608.375,False
1773596521.358333,1025,0,0,0,0,9.289301997341681,0.0,0.022222000552574173,4.699109609038666,9.4,608.375,False
1773596521.5711422,1026,0,0,0,0,9.238913000444882,0.0,0.022871001419844106,4.700351346529523,9.4,608.375,False
1773596521.783843,1027,0,0,0,0,9.271893999539316,0.0,0.022797001292929053,4.700351346529523,9.4,608.375,False
1773596521.9966543,1028,0,0,0,0,9.255968001525616,0.0,0.022555999748874456,4.700351346529523,18.8,608.375,False
1773596522.209575,1029,0,0,0,0,9.328875999926822,0.0,0.02359200152568519,4.700351346529523,9.4,608.375,False
1773596522.422322,1030,0,0,0,0,9.292820999689866,0.0,0.023148000764194876,4.700351346529523,9.4,608.375,False
1773596522.635226,1031,0,0,0,0,9.233376000338467,0.0,0.02320400017197244,4.698959044269187,9.4,608.375,False
1773596522.8479257,1032,0,0,0,0,9.282301001803717,0.0,0.02346299879718572,4.698959044269187,9.4,608.390625,False
1773596523.0601382,1033,0,0,0,0,8.7674460010021,0.0,0.02238899833173491,4.698959044269187,18.8,608.390625,False
1773596523.272833,1034,0,0,0,0,9.277411998482421,0.0,0.02409300213912502,4.698959044269187,9.4,608.390625,False
1773596523.4856248,1035,0,0,0,0,9.28428300176165,0.0,0.022815002012066543,4.698959044269187,9.4,608.390625,False
1773596523.698394,1036,0,0,0,0,9.266763998311944,0.0,0.023426000552717596,4.702843118963216,9.4,608.390625,False
1773596523.9111838,1037,0,0,0,0,9.283949999371544,0.0,0.023333999706665054,4.702843118963216,9.4,608.390625,False
1773596524.1239512,1038,0,0,0,0,9.252394000213826,0.0,0.023148000764194876,4.702843118963216,18.8,608.390625,False
1773596524.33672,1039,0,0,0,0,9.286598000471713,0.0,0.02290699922014028,4.702843118963216,9.4,608.390625,False
1773596524.5495288,1040,0,0,0,0,9.301190999394748,0.0,0.023333999706665054,4.702843118963216,9.4,608.390625,False
1773596524.7622728,1041,0,0,0,0,9.303691000241088,0.0,0.022536998585565016,4.699784636829567,9.4,608.390625,False
1773596524.975002,1042,0,0,0,0,9.24063500133343,0.0,0.022778000129619613,4.699784636829567,9.4,608.390625,False
1773596525.1876833,1043,0,0,0,0,9.239819999493193,0.0,0.02324100205441937,4.699784636829567,18.8,608.390625,False
1773596525.4004397,1044,0,0,0,0,9.26293099837494,0.0,0.02322299769730307,4.699784636829567,9.4,608.390625,False
1773596525.6133196,1045,0,0,0,0,9.327710002253298,0.0,0.023426000552717596,4.699784636829567,9.4,608.390625,False
1773596525.8261752,1046,0,0,0,0,9.229819999745814,0.0,0.02359300196985714,4.699714071026649,9.4,608.390625,False
1773596526.038936,1047,0,0,0,0,9.231744999851799,0.0,0.023407999833580106,4.699714071026649,9.4,608.390625,False
1773596526.2516384,1048,0,0,0,0,9.235134999471484,0.0,0.024370998289668933,4.699714071026649,18.8,608.390625,False
1773596526.464531,1049,0,0,0,0,9.296172000176739,0.0,0.023908000002847984,4.699714071026649,9.4,608.390625,False
1773596526.6773136,1050,0,0,0,0,9.326912997494219,0.0,0.023407999833580106,4.699714071026649,9.4,608.390625,False
1773596526.890031,1051,0,0,0,0,9.269764999771724,0.0,0.022518001060234383,4.699878376770254,9.4,608.390625,False
1773596527.102723,1052,0,0,0,0,9.258838003006531,0.0,0.022667001758236438,4.699878376770254,9.4,608.390625,False
1773596527.3154671,1053,0,0,0,0,9.22665399775724,0.0,0.02320399653399363,4.699878376770254,18.8,608.390625,False
1773596527.5283272,1054,0,0,0,0,9.261967999918852,0.0,0.023888998839538544,4.699878376770254,9.4,608.390625,False
1773596527.7411604,1055,0,0,0,0,9.291672002291307,0.0,0.022593001631321386,4.699878376770254,9.4,608.40625,False
1773596527.9539833,1056,0,0,0,0,9.260005001124227,0.0,0.023111002519726753,4.699478164920681,9.4,608.40625,False
1773596528.1666772,1057,0,0,0,0,9.253300999262137,0.0,0.02387100175837986,4.699478164920681,9.4,608.40625,False
1773596528.3794649,1058,0,0,0,0,9.23937499828753,0.0,0.022832999093225226,4.699478164920681,18.8,608.40625,False
1773596528.5922196,1059,0,0,0,0,9.26902400169638,0.0,0.022592001187149435,4.699478164920681,9.4,608.40625,False
1773596528.8050268,1060,0,0,0,0,9.257876001356635,0.0,0.02098099866998382,4.699478164920681,4.7,608.40625,False
