timestamp,frame_index,motion_regions,yolo_detections,confirmed_tracks,new_confirmations,time_mog2_ms,time_yolo_ms,time_tracker_ms,fps,cpu_percent,ram_mb,yolo_ran
1773598978.8359308,0,0,0,0,0,7.819941001798725,0.0,0.027833000785904005,0.0,0.0,426.78125,False
1773598979.0465147,1,0,0,0,0,7.177472998591838,0.0,0.02663000122993253,0.0,9.5,431.6875,False
1773598979.2567685,2,0,0,0,0,7.123546998627717,0.0,0.05477800004882738,0.0,4.8,434.3125,False
1773598979.467037,3,0,0,0,0,7.152677000703989,0.0,0.021667001419700682,0.0,14.3,437.296875,False
1773598979.677317,4,0,0,0,0,7.111638999049319,0.0,0.021963001927360892,4.7544634760339815,9.5,439.9375,False
1773598979.887555,5,0,0,0,0,7.161770001403056,0.0,0.021444997400976717,4.7544634760339815,9.5,442.5625,False
1773598980.0977135,6,0,0,0,0,7.123602001229301,0.0,0.02185199991799891,4.7544634760339815,4.8,445.1875,False
1773598980.3078914,7,0,0,0,0,7.093194999470143,0.0,0.021222000214038417,4.7544634760339815,9.5,447.8125,False
1773598980.51805,8,0,0,0,0,7.0815280014357995,0.0,0.021500000002561137,4.7544634760339815,14.3,451.75,False
1773598980.7282004,9,0,0,0,0,7.070250001561362,0.0,0.021203999494900927,4.757945442549874,9.5,454.375,False
1773598980.9384637,10,0,0,0,0,7.1229730019695126,0.0,0.021278003259794787,4.757945442549874,9.5,454.375,False
1773598981.1486053,11,0,0,0,0,7.058990999212256,0.0,0.02072200004477054,4.757945442549874,4.8,454.375,False
1773598981.3587904,12,0,0,0,0,7.1046390003175475,0.0,0.021370000467868522,4.757945442549874,9.5,454.375,False
1773598981.568996,13,0,0,0,0,7.099954000295838,0.0,0.020370000129332766,4.757945442549874,9.5,454.390625,False
1773598981.7792215,14,0,0,0,0,7.177564999437891,0.0,0.020759998733410612,4.7572536053943395,9.5,454.390625,False
1773598981.9894307,15,0,0,0,0,7.092157000442967,0.0,0.021407999156508595,4.7572536053943395,9.5,454.390625,False
1773598982.1995924,16,0,0,0,0,7.055805002892157,0.0,0.021241001377347857,4.7572536053943395,4.8,454.390625,False
1773598982.409769,17,0,0,0,0,7.093768999766326,0.0,0.020408002455951646,4.7572536053943395,9.5,454.390625,False
1773598982.6215174,18,0,0,0,0,8.512333002727246,0.0,0.024388999008806422,4.7572536053943395,14.2,454.390625,False
1773598982.8341415,19,0,0,0,0,9.335987000667956,0.0,0.024999997549457476,4.739900697576023,9.4,454.390625,False
1773598983.0468466,20,0,0,0,0,9.357784001622349,0.0,0.024592001864220947,4.739900697576023,9.4,454.390625,False
1773598983.2595654,21,0,0,0,0,9.352560999104753,0.0,0.02548200063756667,4.739900697576023,9.4,454.390625,False
1773598983.4722211,22,0,0,0,0,9.292875998653471,0.0,0.025110999558819458,4.739900697576023,9.4,454.390625,False
1773598983.6850715,23,0,0,0,0,9.416377000889042,0.0,0.02375899930484593,4.739900697576023,18.8,454.390625,False
1773598983.8978288,24,0,0,0,0,9.403877000295324,0.0,0.024704000679776073,4.700627377320725,9.4,454.390625,False
1773598984.1106677,25,0,0,0,0,9.399894999660319,0.0,0.025056000595213845,4.700627377320725,9.4,454.390625,False
1773598984.3235195,26,0,0,0,0,9.369691000756575,0.0,0.02622299871291034,4.700627377320725,9.4,454.390625,False
1773598984.5362177,27,0,0,0,0,9.348931998829357,0.0,0.02487099845893681,4.700627377320725,9.4,454.390625,False
1773598984.748943,28,0,0,0,0,9.375154000736075,0.0,0.02522300201235339,4.700627377320725,14.1,454.390625,False
1773598984.9617877,29,0,0,0,0,9.49156199931167,0.0,0.024073997337836772,4.69942866977041,9.4,454.390625,False
1773598985.1744962,30,0,0,0,0,9.378135000588372,0.0,0.02544499875511974,4.69942866977041,14.1,454.390625,False
1773598985.38728,31,0,0,0,0,9.406838998984313,0.0,0.025314999220427126,4.69942866977041,9.4,454.390625,False
1773598985.6000843,32,0,0,0,0,9.36446900232113,0.0,0.027796999347629026,4.69942866977041,9.4,454.390625,False
1773598985.81302,33,0,0,0,0,9.451764999539591,0.0,0.024852000933606178,4.69942866977041,18.8,454.390625,False
1773598986.0256822,34,0,0,0,0,9.333154001069488,0.0,0.023888998839538544,4.699730922369075,9.4,454.390625,False
1773598986.238586,35,0,0,0,0,9.474655002122745,0.0,0.023741002223687246,4.699730922369075,9.4,454.390625,False
1773598986.4513392,36,0,0,0,0,9.368283997901017,0.0,0.02553700323915109,4.699730922369075,4.7,454.390625,False
1773598986.664265,37,0,0,0,0,9.506266000244068,0.0,0.024962999304989353,4.699730922369075,9.4,454.390625,False
1773598986.877183,38,0,0,0,0,9.464394999668002,0.0,0.024982000468298793,4.699730922369075,18.8,454.390625,False
1773598987.090016,39,0,0,0,0,9.405672000866616,0.0,0.025148001441266388,4.697784338717734,14.1,454.390625,False
1773598987.3027186,40,0,0,0,0,9.347913000965491,0.0,0.025352001102874056,4.697784338717734,9.4,454.390625,False
1773598987.5155673,41,0,0,0,0,9.452599002543138,0.0,0.025017998268594965,4.697784338717734,9.4,454.390625,False
1773598987.7283208,42,0,0,0,0,9.402857998793479,0.0,0.02575899998191744,4.697784338717734,9.4,454.390625,False
1773598987.9406557,43,0,0,0,0,8.922650999011239,0.0,0.022574000468011945,4.697784338717734,14.1,454.390625,False
1773598988.1534514,44,0,0,0,0,9.482413999648998,0.0,0.024259999918285757,4.7017423658833835,9.4,454.390625,False
1773598988.3663006,45,0,0,0,0,9.489117997873109,0.0,0.024704000679776073,4.7017423658833835,14.1,454.390625,False
1773598988.579086,46,0,0,0,0,9.410598999238573,0.0,0.02544499875511974,4.7017423658833835,9.4,454.390625,False
1773598988.7919104,47,0,0,0,0,9.365819998492952,0.0,0.02405600025667809,4.7017423658833835,9.4,454.390625,False
1773598989.004786,48,0,0,0,0,9.44820999939111,0.0,0.05566699837800115,4.7017423658833835,18.8,454.390625,False
1773598989.2176876,49,0,0,0,0,9.41859899830888,0.0,0.024832999770296738,4.698235836136874,9.4,454.390625,False
1773598989.4304147,50,0,0,0,0,9.348282997962087,0.0,0.02457399750710465,4.698235836136874,9.4,454.390625,False
1773598989.6431942,51,0,0,0,0,9.407284000189975,0.0,0.024223001673817635,4.698235836136874,9.4,454.390625,False
1773598989.8559694,52,0,0,0,0,9.35495000157971,0.0,0.024962999304989353,4.698235836136874,9.4,454.390625,False
1773598990.0689101,53,0,0,0,0,9.545600001729326,0.0,0.023352000425802544,4.698235836136874,18.8,454.390625,False
1773598990.2817335,54,0,0,0,0,9.37802400221699,0.0,0.024833003408275545,4.699064333303308,9.4,454.390625,False
1773598990.4945326,55,0,0,0,0,9.343783996882848,0.0,0.025517998437862843,4.699064333303308,9.4,454.390625,False
1773598990.7073953,56,0,0,0,0,9.431154001504183,0.0,0.02601799860713072,4.699064333303308,9.4,454.390625,False
1773598990.920227,57,0,0,0,0,9.3525980009872,0.0,0.02603699977044016,4.699064333303308,9.4,454.390625,False
1773598991.1331751,58,0,0,0,0,9.386968999024248,0.0,0.024444001610390842,4.699064333303308,18.8,454.390625,False
1773598991.3459568,59,0,0,0,0,9.290246001910418,0.0,0.023944001441122964,4.698214785377491,9.4,454.390625,False
1773598991.558704,60,0,0,0,0,9.385486999235582,0.0,0.027185000362806022,4.698214785377491,9.4,454.390625,False
1773598991.771481,61,0,0,0,0,9.295523999753641,0.0,0.02596400008769706,4.698214785377491,9.4,454.390625,False
1773598991.9842007,62,0,0,0,0,9.331858000223292,0.0,0.02490800034138374,4.698214785377491,9.4,454.390625,False
1773598992.197111,63,0,0,0,0,9.486674000072526,0.0,0.02463000055286102,4.698214785377491,18.8,454.390625,False
1773598992.4098961,64,0,0,0,0,9.342876001028344,0.0,0.025112000002991408,4.699630869294744,9.4,454.390625,False
1773598992.6226916,65,0,0,0,0,9.356784001283813,0.0,0.025130000722128898,4.699630869294744,9.4,454.390625,False
1773598992.835618,66,0,0,0,0,9.393821001140168,0.0,0.025814999389695004,4.699630869294744,9.4,454.390625,False
1773598993.0484583,67,0,0,0,0,9.371560998260975,0.0,0.025278000975959003,4.699630869294744,9.4,454.390625,False
1773598993.2604227,68,0,0,0,0,8.495851998304715,0.0,0.025036999431904405,4.699630869294744,18.9,454.390625,False
1773598993.4732866,69,0,0,0,0,9.402245999808656,0.0,0.025240999093512073,4.7019163011940925,9.4,454.390625,False
1773598993.6861463,70,0,0,0,0,9.316376002971083,0.0,0.02438900264678523,4.7019163011940925,9.4,454.390625,False
1773598993.898887,71,0,0,0,0,9.318987002188805,0.0,0.023649001377634704,4.7019163011940925,9.4,454.390625,False
1773598994.1116588,72,0,0,0,0,9.256707999156788,0.0,0.024519002181477845,4.7019163011940925,9.4,454.390625,False
1773598994.3236086,73,0,0,0,0,8.533075000741519,0.0,0.023110998881747946,4.7019163011940925,18.9,454.390625,False
1773598994.5364027,74,0,0,0,0,9.351245997095248,0.0,0.02401899837423116,4.703169015426936,9.4,454.390625,False
1773598994.7491624,75,0,0,0,0,9.299763998569688,0.0,0.023426000552717596,4.703169015426936,9.4,454.390625,False
1773598994.9620078,76,0,0,0,0,9.356061000289628,0.0,0.02631500319694169,4.703169015426936,9.4,454.390625,False
1773598995.1747358,77,0,0,0,0,9.31830199988326,0.0,0.023795997549314052,4.703169015426936,9.4,454.390625,False
1773598995.387621,78,0,0,0,0,9.439116998692043,0.0,0.024296001356560737,4.703169015426936,18.8,454.390625,False
1773598995.6004636,79,0,0,0,0,9.458469001401681,0.0,0.023574997612740844,4.698968520089043,9.4,454.390625,False
1773598995.8133855,80,0,0,0,0,9.404264998011058,0.0,0.023906999558676034,4.698968520089043,9.4,454.390625,False
1773598996.0261595,81,0,0,0,0,9.386914000060642,0.0,0.024091998056974262,4.698968520089043,9.4,454.390625,False
1773598996.2389803,82,0,0,0,0,9.368764996906975,0.0,0.024721997760934755,4.698968520089043,9.4,455.078125,False
1773598996.4517994,83,0,0,0,0,9.402857998793479,0.0,0.02537099862820469,4.698968520089043,18.8,455.078125,False
1773598996.6647413,84,0,0,0,0,9.378097998705925,0.0,0.024834000214468688,4.698342145353526,9.4,455.078125,False
1773598996.877639,85,0,0,0,0,9.40437600002042,0.0,0.025538000045344234,4.698342145353526,9.4,455.078125,False
1773598997.0904338,86,0,0,0,0,9.378301998367533,0.0,0.024647997634019703,4.698342145353526,9.4,455.078125,False
1773598997.303208,87,0,0,0,0,9.359301999211311,0.0,0.02596299964352511,4.698342145353526,9.4,455.078125,False
1773598997.516075,88,0,0,0,0,9.420376998605207,0.0,0.026408000849187374,4.698342145353526,18.8,455.078125,False
1773598997.7291157,89,0,0,0,0,9.55815500128665,0.0,0.024704000679776073,4.697295051398839,9.4,455.171875,False
1773598998.3245263,90,1,1,0,0,9.559285001159878,382.47780299934675,0.04257399996276945,4.697295051398839,126.0,502.046875,True
1773598998.8104184,91,1,1,1,1,7.212398999399738,275.3321380005218,0.047760000597918406,1.849466376788013,117.3,504.390625,True
1773598999.2790623,92,1,1,1,0,7.1997320010268595,258.2627669980866,0.043796997488243505,1.849466376788013,115.2,509.828125,True
1773598999.7988396,93,1,1,1,0,7.239326001581503,309.3232320024981,0.0325740002153907,1.849466376788013,123.1,517.8125,True
1773599000.30598,94,1,1,1,0,7.281602996954462,296.6794639978616,0.03327800004626624,1.8342619139664942,120.3,518.46875,True
1773599000.8128583,95,1,1,1,0,7.250565999129321,296.4349249996303,0.034166998375440016,1.8342619139664942,120.3,524.875,True
1773599001.320178,96,1,1,1,0,7.246695000503678,296.86140900230384,0.03296299837529659,1.9723491425676065,120.2,524.28125,True
1773599001.8627365,97,1,1,1,0,7.290770001418423,331.99560200228007,0.03324100180179812,1.9723491425676065,125.3,530.96875,True
1773599002.3746324,98,1,1,1,0,7.223343000077875,301.3940309974714,0.033333999454043806,1.904830762104154,117.2,532.4375,True
1773599002.8431716,99,1,1,1,0,7.303010999748949,258.03628400171874,0.033055999665521085,1.904830762104154,115.3,534.734375,True
1773599003.324107,100,1,1,1,0,7.213324999611359,270.420754000952,0.034666998544707894,2.206982096186365,116.4,536.984375,True
1773599003.7944024,101,1,1,1,0,7.290436999028316,259.7171289999096,0.03370399645064026,2.206982096186365,114.8,540.0,True
1773599004.2824864,102,1,1,1,0,7.2597510006744415,277.5443189966609,0.03401900175958872,2.206982096186365,118.8,542.515625,True
1773599004.797721,103,1,1,1,0,7.3323810029251035,304.6746460022405,0.03290799941169098,1.886081132034322,122.3,548.6875,True
1773599005.3256192,104,1,1,1,0,7.253898998897057,317.4893399991561,0.032796997402329,1.886081132034322,123.1,550.671875,True
1773599005.8543243,105,1,1,1,0,7.247992001794046,318.27423499998986,0.03550000110408291,1.9174088239670617,122.9,553.296875,True
1773599006.0647745,106,0,0,1,0,7.200010997621575,0.0,0.06455600305343978,1.9174088239670617,9.5,554.984375,False
1773599006.2751815,107,0,0,1,0,7.1543619997100905,0.0,0.030944000172894448,1.9174088239670617,4.8,557.609375,False
1773599006.4855812,108,0,0,1,0,7.139417000871617,0.0,0.029519000236177817,3.7808338955947103,14.3,560.234375,False
1773599006.6959052,109,0,0,1,0,7.072213000355987,0.0,0.02992600275320001,3.7808338955947103,9.5,562.859375,False
1773599006.9062614,110,0,0,1,0,7.125361000362318,0.0,0.031093000870896503,3.7808338955947103,4.8,565.484375,False
1773599007.1166463,111,0,0,1,0,7.100619997800095,0.0,0.0304810018860735,3.7808338955947103,9.5,568.109375,False
1773599007.3269823,112,0,0,1,0,7.140269000956323,0.0,0.029740996978944167,3.7808338955947103,9.5,570.734375,False
1773599007.5374155,113,0,0,1,0,7.169103002524935,0.0,0.028518003091448918,4.753590548089839,9.5,573.359375,False
1773599007.747731,114,0,0,1,0,7.090342001902172,0.0,0.03103700146311894,4.753590548089839,9.5,577.296875,False
1773599007.9581923,115,0,0,1,0,7.167510000726907,0.0,0.029945000278530642,4.753590548089839,9.5,578.609375,False
1773599008.1696079,116,0,0,1,0,8.117794001009315,0.0,0.03520300015225075,4.753590548089839,9.5,581.234375,False
1773599008.382781,117,0,0,1,0,9.551377999741817,0.0,0.036407000152394176,4.753590548089839,9.4,583.859375,False
1773599008.5960093,118,0,0,1,0,9.560582002450246,0.0,0.03375899905222468,4.723490850448271,18.8,586.484375,False
1773599008.8092804,119,0,0,1,0,9.624044003430754,0.0,0.03511099930619821,4.723490850448271,4.7,589.109375,False
1773599009.0226903,120,0,0,1,0,9.565248001308646,0.0,0.03646299956017174,4.723490850448271,14.1,591.734375,False
1773599009.2358062,121,0,0,0,0,9.489303000009386,0.0,0.03857400224660523,4.723490850448271,9.4,594.359375,False
1773599009.4489927,122,0,0,0,0,9.564600000885548,0.0,0.036684999940916896,4.723490850448271,9.4,596.984375,False
1773599009.662242,123,0,0,0,0,9.573174000252038,0.0,0.03537099837558344,4.689411084409766,18.8,599.609375,False
1773599009.8753803,124,0,0,0,0,9.579470999597106,0.0,0.036110999644733965,4.689411084409766,14.1,603.546875,False
1773599010.0886493,125,0,0,0,0,9.612249003112083,0.0,0.037185000110184774,4.689411084409766,9.4,604.859375,False
1773599010.3019156,126,0,0,0,0,9.67889700041269,0.0,0.035240998840890825,4.689411084409766,9.4,607.484375,False
1773599010.515084,127,0,0,0,0,9.5652109994262,0.0,0.03507499786792323,4.689411084409766,9.4,610.109375,False
1773599010.7282283,128,0,0,0,0,9.493246998317773,0.0,0.035556000511860475,4.690523904952762,18.8,612.734375,False
1773599010.94144,129,0,0,0,0,9.593877999577671,0.0,0.03451799784670584,4.690523904952762,9.4,615.359375,False
1773599011.1545718,130,0,0,0,0,9.52447000236134,0.0,0.034278000384802,4.690523904952762,9.4,617.984375,False
1773599012.2112844,131,0,0,0,0,9.504191999440081,0.0,0.034741002309601754,2.0227261291972103,81.4,603.03125,False
1773599012.4227977,132,0,0,0,0,7.327899998927023,0.0,0.05487100133905187,2.0227261291972103,9.5,517.71875,False
1773599012.6328185,133,0,0,0,0,6.859748998977011,0.0,0.025629000447224826,2.0227261291972103,14.3,517.71875,False
1773599012.842863,134,0,0,0,0,6.8753600025956985,0.0,0.02840699744410813,2.0227261291972103,4.8,517.71875,False
1773599013.052936,135,0,0,0,0,6.854118997580372,0.0,0.02738900002441369,2.0227261291972103,9.5,517.71875,False
1773599013.263011,136,0,0,0,0,6.933952998224413,0.0,0.028908001695526764,4.754238208382858,9.5,517.71875,False
1773599013.4731622,137,0,0,0,0,6.918341001437511,0.0,0.019425999198574573,4.754238208382858,4.8,517.71875,False
1773599013.960272,138,1,1,0,0,6.924453002284281,276.88372200282174,0.040815000829752535,4.754238208382858,121.1,515.171875,True
1773599014.489793,139,1,1,1,1,7.233028998598456,319.02249899940216,0.03603699951781891,2.4453422443940678,122.8,518.015625,True
1773599014.9974487,140,1,1,1,0,7.167121999373194,297.2356520003814,0.033648000680841506,2.4453422443940678,120.2,518.671875,True
1773599015.466109,141,1,1,1,0,7.189102998381713,258.3002300016233,0.032481999369338155,2.4453422443940678,115.2,518.265625,True
1773599015.9601421,142,1,1,1,0,7.195825000962941,283.61989599943627,0.03374099833308719,1.8548501434817621,119.4,521.75,True
1773599016.4289408,143,1,1,1,0,7.250973001646344,258.25598899973556,0.03268500222475268,1.8548501434817621,115.2,523.5,True
1773599016.9515452,144,1,1,1,0,9.888083000987535,309.51860300046974,0.033295997127424926,2.1684547682815043,122.5,524.59375,True
1773599017.4780254,145,1,1,1,0,7.260529000632232,315.9579959974508,0.03281499812146649,2.1684547682815043,123.5,532.9375,True
1773599018.004466,146,1,1,1,0,7.224639997730264,315.98771900098654,0.03320399991935119,1.8994741953576755,121.6,535.5625,True
1773599018.530109,147,1,1,1,0,7.311806999496184,315.04278700231225,0.03292600013082847,1.8994741953576755,123.7,538.1875,True
1773599019.0362964,148,1,1,1,0,7.2178059999714606,295.69519800134003,0.03374099833308719,1.9383072373244519,120.5,543.765625,True
1773599019.5429156,149,1,1,1,0,7.280806999915512,296.11356999885174,0.03407400072319433,1.9383072373244519,122.4,546.828125,True
1773599020.0485654,150,1,1,1,0,7.260825997946085,295.1317490005749,0.033926000469364226,1.9757993894025878,120.6,549.015625,True
1773599020.5168304,151,1,1,1,0,7.237269997858675,257.7513190008176,0.03285200000391342,1.9757993894025878,113.2,544.5,True
1773599021.023733,152,1,1,1,0,7.18230699931155,296.50105500331847,0.03320399991935119,1.9757993894025878,120.3,554.265625,True
1773599021.5109985,153,1,1,1,0,7.230511000670958,276.76014700045926,0.03227799970773049,1.8566182825577955,121.1,550.625,True
1773599021.9974728,154,1,1,1,0,7.24638099927688,276.0169009998208,0.03312999979243614,1.8566182825577955,117.2,553.25,True
1773599022.5225132,155,1,1,1,0,7.224714001495158,314.5629690006899,0.034204000257886946,2.1478601134654345,121.9,559.1875,True
1773599022.7329838,156,0,0,1,0,7.215844001621008,0.0,0.029703998734476045,2.1478601134654345,9.5,560.890625,False
1773599022.943392,157,0,0,1,0,7.157176998589421,0.0,0.03090799873461947,2.1478601134654345,9.5,563.515625,False
1773599023.1538024,158,0,0,1,0,7.139362001908012,0.0,0.03012999877682887,2.1478601134654345,9.5,566.140625,False
1773599023.3641663,159,0,0,1,0,7.098491001670482,0.0,0.031167000997811556,2.1478601134654345,9.5,570.078125,False
1773599023.574566,160,0,0,1,0,7.118065001122886,0.0,0.030278002668637782,4.752767487534238,9.5,571.390625,False
1773599023.7849596,161,0,0,1,0,7.1227129992621485,0.0,0.0296300022455398,4.752767487534238,9.5,574.015625,False
1773599023.995318,162,0,0,1,0,7.1150090006995015,0.0,0.030555998819181696,4.752767487534238,9.5,576.640625,False
1773599024.2056713,163,0,0,1,0,7.131288002710789,0.0,0.02988900087075308,4.752767487534238,14.3,579.265625,False
1773599024.4160123,164,0,0,1,0,7.092194999131607,0.0,0.02929699985543266,4.752767487534238,4.8,581.890625,False
1773599024.626448,165,0,0,1,0,7.156658000894822,0.0,0.029241000447655097,4.753384756227061,9.5,584.515625,False
1773599024.836828,166,0,0,1,0,7.132157999876654,0.0,0.030908002372598276,4.753384756227061,9.5,587.140625,False
1773599025.0472045,167,0,0,1,0,7.141529000364244,0.0,0.030241000786190853,4.753384756227061,4.8,589.765625,False
1773599025.2576072,168,0,0,1,0,7.1233620001294184,0.0,0.029203001759015024,4.753384756227061,14.3,592.390625,False
1773599025.4679961,169,0,0,1,0,7.136954998713918,0.0,0.030333001632243395,4.753384756227061,9.5,596.328125,False
1773599025.6784155,170,0,0,1,0,7.128861001547193,0.0,0.029943999834358692,4.752992615830783,4.8,597.640625,False
1773599025.8887966,171,0,0,0,0,7.140121000702493,0.0,0.030889001209288836,4.752992615830783,9.5,600.265625,False
1773599026.0991383,172,0,0,0,0,7.109083002433181,0.0,0.030518000130541623,4.752992615830783,9.5,602.890625,False
1773599026.3094509,173,0,0,0,0,7.1032689993444365,0.0,0.029481001547537744,4.752992615830783,14.3,605.515625,False
1773599026.51978,174,0,0,0,0,7.136935997550609,0.0,0.029204002203186974,4.752992615830783,4.8,608.140625,False
1773599026.7316175,175,0,0,0,0,8.573981998779345,0.0,0.03294500129413791,4.747582519205714,9.4,610.765625,False
1773599026.9445827,176,0,0,0,0,9.520137002255069,0.0,0.03461099913693033,4.747582519205714,9.4,613.390625,False
1773599027.1576536,177,0,0,0,0,9.555191998515511,0.0,0.03464900146354921,4.747582519205714,9.4,616.015625,False
1773599027.3707564,178,0,0,0,0,9.508969000307843,0.0,0.035240998840890825,4.747582519205714,18.8,618.640625,False
1773599027.5838163,179,0,0,0,0,9.529896000458393,0.0,0.03570400076569058,4.747582519205714,9.4,622.578125,False
1773599027.7969482,180,0,0,0,0,9.564470001350855,0.0,0.03298199953860603,4.693407527214531,9.4,623.90625,False
1773599028.867711,181,0,0,0,0,9.508784001809545,0.0,0.03586999810067937,0.933853290570079,82.2,595.15625,False
1773599029.0796998,182,0,0,0,0,6.843377999757649,0.0,0.026166999305132776,0.933853290570079,4.7,520.34375,False
1773599029.2897685,183,0,0,0,0,6.827989000157686,0.0,0.026092999178217724,0.933853290570079,14.3,520.34375,False
1773599029.4998581,184,0,0,0,0,6.845841002359521,0.0,0.02736999886110425,0.933853290570079,9.5,520.34375,False
1773599029.709935,185,0,0,0,0,6.884342001285404,0.0,0.02607400165288709,0.933853290570079,9.5,520.34375,False
1773599029.9199557,186,0,0,0,0,6.86300800225581,0.0,0.02957399919978343,4.751886568430364,4.8,520.34375,False
1773599030.1299922,187,0,0,0,0,6.841247999545885,0.0,0.018926002667285502,4.751886568430364,9.5,520.34375,False
1773599030.3400002,188,0,0,0,0,6.845285999588668,0.0,0.020036997739225626,4.751886568430364,9.5,520.34375,False
1773599030.5500748,189,0,0,0,0,6.912749002367491,0.0,0.01881500065792352,4.751886568430364,9.5,520.34375,False
1773599030.7600653,190,0,0,0,0,6.822452000051271,0.0,0.019980998331448063,4.751886568430364,4.8,520.34375,False
1773599030.9701588,191,0,0,0,0,6.902174001879757,0.0,0.020056002540513873,4.761002294287166,9.5,521.53125,False
1773599031.1801457,192,0,0,0,0,6.81558100041002,0.0,0.020112001948291436,4.761002294287166,9.5,521.53125,False
1773599031.3901274,193,0,0,0,0,6.810896000388311,0.0,0.01940700167324394,4.761002294287166,9.5,522.84375,False
1773599031.6001747,194,0,0,0,0,6.885045000672108,0.0,0.018611000996315852,4.761002294287166,9.5,522.84375,False
1773599031.8101072,195,0,0,0,0,6.7832479981007054,0.0,0.017796999600250274,4.761002294287166,4.8,522.84375,False
1773599032.0201747,196,0,0,0,0,6.850490000942955,0.0,0.018778002413455397,4.761822803549878,14.3,522.84375,False
1773599032.2302635,197,0,0,0,0,6.846026000857819,0.0,0.01905499811982736,4.761822803549878,4.8,522.84375,False
1773599032.4403598,198,0,0,0,0,6.850101002783049,0.0,0.019241000700276345,4.761822803549878,14.3,522.84375,False
1773599032.6509395,199,0,0,0,0,7.422696002322482,0.0,0.020352003048174083,4.761822803549878,4.7,522.84375,False
1773599033.1204784,200,1,1,0,0,6.876489002024755,259.40142199760885,0.03768500027945265,3.635405012967635,117.1,518.859375,True
1773599033.6119735,201,1,1,1,1,9.230300998751773,278.78701300141984,0.034204000257886946,3.635405012967635,116.0,518.859375,True
1773599034.0767858,202,1,1,1,0,7.240787999762688,254.2519810012891,0.03577800089260563,3.635405012967635,114.0,515.3125,True
1773599034.565856,203,1,1,1,0,7.216047000838444,278.63925200290396,0.033944001188501716,1.8897657946094215,120.6,525.734375,True
1773599035.0353808,204,1,1,1,0,7.255047003127402,259.0296800008218,0.03405600000405684,1.8897657946094215,115.0,526.0,True
1773599035.4870641,205,1,1,1,0,7.20239899965236,241.24132199722226,0.034204000257886946,2.2930812718298017,112.9,525.8125,True
1773599035.937743,206,1,1,1,0,7.21439900007681,240.1454079990799,0.0331859992002137,2.2930812718298017,110.9,538.390625,True
1773599036.3867872,207,1,1,1,0,7.215566001832485,238.63580499892123,0.03409300188650377,2.2930812718298017,111.3,540.953125,True
1773599036.8373387,208,1,1,1,0,7.2838070009311195,239.97594300089986,0.0340369988407474,1.9965118315930572,115.4,543.578125,True
1773599037.2863386,209,1,1,1,0,7.212454998807516,238.6200459986867,0.03346300218254328,1.9965118315930572,111.4,546.203125,True
1773599037.7360327,210,1,1,1,0,7.28988099945127,239.18284500177833,0.03327800004626624,2.4053498811653653,111.2,548.765625,True
1773599038.2225752,211,1,1,1,0,7.2926579996419605,276.0701049992349,0.032481999369338155,2.4053498811653653,119.2,556.03125,True
1773599038.7424169,212,1,1,1,0,7.336825998208951,309.26015700242715,0.03379600093467161,1.9873136702724588,121.2,550.75,True
1773599039.2494977,213,1,1,1,0,7.3335300003236625,296.54920299799414,0.03270299930591136,1.9873136702724588,122.3,551.109375,True
1773599039.7181425,214,1,1,1,0,7.253010000567883,258.00278400129173,0.031629999284632504,1.9873136702724588,115.2,562.90625,True
1773599040.22507,215,1,1,1,0,7.2049920017889235,296.53581399907125,0.034184999094577506,1.8557807983526604,120.3,557.234375,True
1773599040.4355512,216,0,0,1,0,7.200103002105607,0.0,0.02992600275320001,1.8557807983526604,9.5,558.984375,False
1773599040.6460233,217,0,0,1,0,7.208510000054957,0.0,0.034833003155654296,1.8557807983526604,9.5,561.609375,False
1773599040.8564808,218,0,0,1,0,7.13484300285927,0.0,0.030277999030658975,3.85984194108186,9.5,564.234375,False
1773599041.0669227,219,0,0,1,0,7.14639900252223,0.0,0.0312590018438641,3.85984194108186,9.5,566.859375,False
1773599041.2773612,220,0,0,1,0,7.177842999226414,0.0,0.029741000616922975,3.85984194108186,9.5,569.484375,False
1773599041.4877448,221,0,0,1,0,7.076713001879398,0.0,0.030630002584075555,3.85984194108186,4.8,572.109375,False
1773599041.69822,222,0,0,1,0,7.130305999453412,0.0,0.030797000363236293,3.85984194108186,9.5,574.734375,False
1773599041.9086804,223,0,0,1,0,7.112806000804994,0.0,0.02985199898830615,4.752146071787328,14.3,577.359375,False
1773599042.119128,224,0,0,1,0,7.158454001910286,0.0,0.031464001949643716,4.752146071787328,9.5,579.984375,False
1773599042.3295903,225,0,0,1,0,7.165842998801963,0.0,0.02929699985543266,4.752146071787328,9.5,582.609375,False
1773599042.540023,226,0,0,1,0,7.1014349996403325,0.0,0.029667000490007922,4.752146071787328,9.5,583.921875,False
1773599042.7504053,227,0,0,1,0,7.125936001102673,0.0,0.03294500129413791,4.752146071787328,4.8,587.859375,False
1773599042.9608605,228,0,0,1,0,7.226843998068944,0.0,0.030499999411404133,4.751821966191776,14.3,590.484375,False
1773599043.171209,229,0,0,1,0,7.12395399750676,0.0,0.029907998396083713,4.751821966191776,9.5,593.109375,False
1773599043.3815868,230,0,0,1,0,7.179731997894123,0.0,0.030223000067053363,4.751821966191776,9.5,595.734375,False
1773599043.5933688,231,0,0,0,0,8.50559299942688,0.0,0.030555998819181696,4.751821966191776,4.7,598.359375,False
1773599043.8064048,232,0,0,0,0,9.528747999866027,0.0,0.034684999263845384,4.751821966191776,14.1,600.984375,False
1773599044.019524,233,0,0,0,0,9.5892110002751,0.0,0.03398199987714179,4.723134474580928,14.1,603.609375,False
1773599044.2325804,234,0,0,0,0,9.510896001302171,0.0,0.03359300171723589,4.723134474580928,9.4,606.234375,False
1773599044.4456553,235,0,0,0,0,9.541026000079,0.0,0.033333999454043806,4.723134474580928,14.1,608.859375,False
1773599044.6587718,236,0,0,0,0,9.565303000272252,0.0,0.034684999263845384,4.723134474580928,9.4,611.484375,False
1773599044.871875,237,0,0,0,0,9.589340999809792,0.0,0.03379600093467161,4.723134474580928,9.4,614.109375,False
1773599045.0849595,238,0,0,0,0,9.553117997711524,0.0,0.03448200004640967,4.692922301625397,18.8,616.734375,False
1773599045.2979848,239,0,0,0,0,9.522895998088643,0.0,0.0339639991580043,4.692922301625397,9.4,619.359375,False
1773599045.5109885,240,0,0,0,0,9.483598998485832,0.0,0.035258999560028315,4.692922301625397,9.4,621.984375,False
1773599046.5694764,241,0,0,0,0,9.542118001263589,0.0,0.03490800008876249,2.0207699278809903,82.2,560.4375,False
1773599046.7810562,242,0,0,0,0,8.431389000179479,0.0,0.02855600178008899,2.0207699278809903,9.5,517.125,False
1773599046.9913187,243,0,0,0,0,7.066916001349455,0.0,0.02870399839594029,2.0207699278809903,14.3,517.125,False
1773599047.2016416,244,0,0,0,0,7.133268998586573,0.0,0.028833997930632904,2.0207699278809903,4.8,517.125,False
1773599047.411919,245,0,0,0,0,7.08945299993502,0.0,0.0289999989036005,2.0207699278809903,9.5,517.125,False
1773599047.6221883,246,0,0,0,0,7.095269000274129,0.0,0.029241000447655097,4.749779288295915,4.8,517.125,False
1773599047.8324692,247,0,0,0,0,7.105306001903955,0.0,0.02238899833173491,4.749779288295915,9.5,517.125,False
1773599048.0427513,248,0,0,0,0,7.089138998708222,0.0,0.02159300129278563,4.749779288295915,14.3,517.125,False
1773599048.2530117,249,0,0,0,0,7.108640002115862,0.0,0.01990799864870496,4.749779288295915,4.8,517.125,False
1773599048.463386,250,0,0,0,0,7.157860996812815,0.0,0.022499996703118086,4.749779288295915,9.5,518.3125,False
1773599048.6736848,251,0,0,0,0,7.141435002267826,0.0,0.021760002709925175,4.755107061513747,4.8,520.9375,False
1773599048.884014,252,0,0,0,0,7.06999099929817,0.0,0.021463001758093014,4.755107061513747,9.5,520.9375,False
1773599049.0943394,253,0,0,0,0,7.116510001651477,0.0,0.021036998077761382,4.755107061513747,14.3,520.9375,False
1773599049.3046937,254,0,0,0,0,7.106565000867704,0.0,0.02066699744318612,4.755107061513747,4.8,520.9375,False
1773599049.5150292,255,0,0,0,0,7.1305279998341575,0.0,0.022074000298744068,4.755107061513747,9.5,520.9375,False
1773599049.7253442,256,0,0,0,0,7.142138998460723,0.0,0.02185199991799891,4.754389103013593,4.8,520.96875,False
1773599049.9357564,257,0,0,0,0,7.117047000065213,0.0,0.021351999748731032,4.754389103013593,9.5,520.96875,False
1773599050.1460817,258,0,0,0,0,7.0848060022399295,0.0,0.022518997866427526,4.754389103013593,14.3,520.96875,False
1773599050.3564034,259,0,0,0,0,7.089435002853861,0.0,0.02179699731641449,4.754389103013593,4.8,520.96875,False
1773599050.5669644,260,0,0,0,0,7.256750999658834,0.0,0.022018997697159648,4.754389103013593,9.5,520.96875,False
1773599050.777249,261,0,0,0,0,7.106119999662042,0.0,0.021092997485538945,4.753309339587211,4.8,520.96875,False
1773599050.9899864,262,0,0,0,0,9.506340000370983,0.0,0.024721997760934755,4.753309339587211,9.4,520.96875,False
1773599051.203015,263,0,0,0,0,9.519044000626309,0.0,0.025500998162897304,4.753309339587211,18.8,520.96875,False
1773599051.4160354,264,0,0,0,0,9.505063000688097,0.0,0.02514899824745953,4.753309339587211,9.4,520.96875,False
1773599051.629046,265,0,0,0,0,9.535469998809276,0.0,0.024259999918285757,4.753309339587211,9.4,520.96875,False
1773599051.842107,266,0,0,0,0,9.524173001409508,0.0,0.02492600106052123,4.695670086472883,9.4,520.96875,False
1773599052.05502,267,0,0,0,0,9.425432999705663,0.0,0.025610999728087336,4.695670086472883,14.1,520.96875,False
1773599052.2678416,268,0,0,0,0,9.305043000495061,0.0,0.026704001356847584,4.695670086472883,14.1,520.96875,False
1773599052.4809346,269,0,0,0,0,9.570934002113063,0.0,0.026500001695239916,4.695670086472883,9.4,520.96875,False
1773599052.6940372,270,0,0,0,0,9.587043998180889,0.0,0.026369998522568494,4.695670086472883,9.4,520.96875,False
1773599052.9070723,271,0,0,0,0,9.55254400105332,0.0,0.026573998184176162,4.695018313050175,14.1,520.96875,False
1773599053.120259,272,0,0,0,0,9.623173998988932,0.0,0.02518600012990646,4.695018313050175,9.4,520.96875,False
1773599053.3333967,273,0,0,0,0,9.609562999685295,0.0,0.026204001187579706,4.695018313050175,18.8,520.96875,False
1773599053.5466363,274,0,0,0,0,9.735823001392419,0.0,0.026852998416870832,4.695018313050175,9.4,520.96875,False
1773599054.1512053,275,1,1,0,0,9.592359001544537,391.534196001885,0.029982002160977572,3.214882739825881,130.7,539.0625,True
1773599054.3616118,276,0,0,0,0,7.198065999546088,0.0,0.03103700146311894,3.214882739825881,9.5,540.375,False
1773599054.57201,277,0,0,0,0,7.1837140021671075,0.0,0.031332998332800344,3.214882739825881,4.8,540.375,False
1773599055.137949,278,1,1,1,1,7.182158002251526,355.47440400114283,0.03348199970787391,3.214882739825881,132.5,540.390625,True
1773599055.7062187,279,1,1,1,0,7.207657999970252,357.87525400155573,0.031907999073155224,2.755598614898513,128.5,538.359375,True
1773599055.9166293,280,0,0,1,0,7.193454002845101,0.0,0.029259001166792586,2.755598614898513,4.8,539.9375,False
1773599056.1269877,281,0,0,1,0,7.162565001635812,0.0,0.031332998332800344,2.755598614898513,9.5,542.5625,False
1773599056.337358,282,0,0,1,0,7.1808989996497985,0.0,0.029667000490007922,3.6448857655758364,4.8,545.1875,False
1773599056.547662,283,0,0,1,0,7.086861001880607,0.0,0.030908002372598276,3.6448857655758364,19.0,547.8125,False
1773599056.7580085,284,0,0,1,0,7.0854540026630275,0.0,0.02962900180136785,3.6448857655758364,4.8,551.75,False
1773599056.9683056,285,0,0,1,0,7.08791700162692,0.0,0.029165999876568094,3.6448857655758364,9.5,553.0625,False
1773599057.1786482,286,0,0,1,0,7.097768000676297,0.0,0.030593000701628625,3.6448857655758364,9.5,555.6875,False
1773599057.3889575,287,0,0,1,0,7.102028001099825,0.0,0.029667000490007922,4.754660737488066,4.8,558.328125,False
1773599057.5993297,288,0,0,1,0,7.1460840008512605,0.0,0.03074100095545873,4.754660737488066,14.3,560.953125,False
1773599057.809676,289,0,0,1,0,7.125584001187235,0.0,0.030538001738023013,4.754660737488066,9.5,563.578125,False
1773599058.0199752,290,0,0,1,0,7.090139002684737,0.0,0.030833001801511273,4.754660737488066,4.8,566.203125,False
1773599058.2303286,291,0,0,1,0,7.136509997508256,0.0,0.0301670006592758,4.754660737488066,9.5,568.828125,False
1773599058.4406374,292,0,0,1,0,7.084602002578322,0.0,0.030889001209288836,4.754450541428508,9.5,571.453125,False
1773599058.6511846,293,0,0,1,0,7.31390000146348,0.0,0.029945000278530642,4.754450541428508,14.2,574.09375,False
1773599058.861547,294,0,0,1,0,7.1577140006411355,0.0,0.029925999115221202,4.754450541428508,9.5,576.71875,False
1773599059.0742793,295,0,0,0,0,9.479988999373745,0.0,0.036723002267535776,4.754450541428508,4.7,579.34375,False
1773599059.2872443,296,0,0,0,0,9.461820998694748,0.0,0.035278000723337755,4.754450541428508,14.1,581.96875,False
1773599059.5002465,297,0,0,0,0,9.473432000959292,0.0,0.03542600097716786,4.718822868408837,9.4,584.59375,False
1773599059.7134018,298,0,0,0,0,9.574210998835042,0.0,0.03546299922163598,4.718822868408837,18.8,587.21875,False
1773599059.9264092,299,0,0,0,0,9.49778400172363,0.0,0.03509299858706072,4.718822868408837,4.7,589.84375,False
1773599060.1393774,300,0,0,0,0,9.4515059972764,0.0,0.037759000406367704,4.718822868408837,9.4,592.46875,False
1773599060.3523726,301,0,0,0,0,9.469988002820173,0.0,0.03649999780463986,4.718822868408837,9.4,595.09375,False
1773599060.5653756,302,0,0,0,0,9.466506999160629,0.0,0.03450100120971911,4.694238525242966,9.4,597.71875,False
1773599060.778249,303,0,0,0,0,9.289691002777545,0.0,0.034259002859471366,4.694238525242966,23.5,600.34375,False
1773599060.991227,304,0,0,0,0,9.426191998500144,0.0,0.03901899981428869,4.694238525242966,9.4,602.96875,False
1773599061.8294713,305,0,0,0,0,9.484488000452984,0.0,0.034684999263845384,2.3731179287361828,77.5,550.59375,False
1773599062.0400813,306,0,0,0,0,6.909081999765476,0.0,0.02681499972823076,2.3731179287361828,4.7,530.90625,False
1773599062.2500894,307,0,0,0,0,6.868210999527946,0.0,0.028111000574426726,2.3731179287361828,9.5,530.90625,False
1773599062.4601033,308,0,0,0,0,6.860395998955937,0.0,0.027222999051446095,2.3731179287361828,14.3,530.90625,False
1773599062.6702468,309,0,0,0,0,6.944823002413614,0.0,0.026647998311091214,2.3731179287361828,4.8,530.90625,False
1773599062.8802884,310,0,0,0,0,6.866804000310367,0.0,0.028018999728374183,4.758320046776546,9.5,530.90625,False
1773599063.0903258,311,0,0,0,0,6.901638000272214,0.0,0.019518000044627115,4.758320046776546,4.8,530.90625,False
1773599063.3003495,312,0,0,0,0,6.847008000477217,0.0,0.01966600029845722,4.758320046776546,9.5,530.90625,False
1773599063.510474,313,0,0,0,0,6.872173998999642,0.0,0.020112001948291436,4.758320046776546,14.3,530.90625,False
1773599063.7206225,314,0,0,0,0,6.995323001319775,0.0,0.02131500150426291,4.758320046776546,4.8,533.40625,False
1773599063.9306545,315,0,0,0,0,6.824082000093767,0.0,0.01990799864870496,4.760236092413161,9.5,536.03125,False
1773599064.1407506,316,0,0,0,0,6.951675000891555,0.0,0.02072200004477054,4.760236092413161,4.8,536.03125,False
1773599064.3507516,317,0,0,0,0,6.883081998239504,0.0,0.019778002751991153,4.760236092413161,9.5,536.03125,False
1773599064.5609195,318,0,0,0,0,6.951655999728246,0.0,0.019129998690914363,4.760236092413161,14.3,536.03125,False
1773599064.771059,319,0,0,0,0,6.956526998692425,0.0,0.020871000742772594,4.760236092413161,4.8,536.03125,False
1773599065.3390846,320,1,1,0,0,7.0081749981909525,357.758529997227,0.031703999411547557,3.550001455784441,130.3,537.46875,True
1773599065.5494757,321,0,0,0,0,7.240695998916635,0.0,0.030055998649913818,3.550001455784441,9.5,537.46875,False
1773599066.1179123,322,1,2,1,1,7.153399001254002,358.0019019973406,0.040519000322092324,3.550001455784441,128.4,537.875,True
1773599066.6972096,323,1,2,2,1,8.39281400112668,367.546705998393,0.035500997910276055,2.208914224081634,131.2,540.46875,True
1773599067.2637417,324,1,2,2,0,7.194325000455137,356.13122299764655,0.034445001801941544,2.208914224081634,128.9,543.484375,True
1773599067.8309019,325,1,1,2,0,7.1930649974092375,356.706911999936,0.03568499960238114,1.764162381185819,128.7,545.09375,True
1773599068.0413852,326,0,0,2,0,7.239825001306599,0.0,0.03046300116693601,1.764162381185819,4.8,546.671875,False
1773599068.2518067,327,0,0,2,0,7.169788001192501,0.0,0.03211100192856975,1.764162381185819,9.5,549.296875,False
1773599068.4622407,328,0,0,2,0,7.165344002714846,0.0,0.030610997782787308,1.764162381185819,9.5,551.921875,False
1773599068.672597,329,0,0,2,0,7.0869909977773204,0.0,0.03107400334556587,1.764162381185819,9.5,554.546875,False
1773599068.8829768,330,0,0,2,0,7.145454997953493,0.0,0.03181499778293073,4.752660855258313,9.5,557.171875,False
1773599069.0933223,331,0,0,2,0,7.122454000636935,0.0,0.03118499807897024,4.752660855258313,4.8,559.796875,False
1773599069.3036916,332,0,0,2,0,7.130435998988105,0.0,0.03127799936919473,4.752660855258313,14.3,562.421875,False
1773599069.51429,333,0,0,2,0,7.1351020014844835,0.0,0.031075000151759014,4.752660855258313,14.2,565.046875,False
1773599069.724606,334,0,0,2,0,7.0477869994647335,0.0,0.03275900235166773,4.752660855258313,9.5,567.671875,False
1773599069.9349463,335,0,0,2,0,7.090250997862313,0.0,0.031629999284632504,4.753000156382089,4.8,570.296875,False
1773599070.1453032,336,0,0,2,0,7.148101998609491,0.0,0.030797000363236293,4.753000156382089,9.5,572.921875,False
1773599070.3556967,337,0,0,2,0,7.175138998718467,0.0,0.031351999496109784,4.753000156382089,9.5,575.546875,False
1773599070.566122,338,0,0,2,0,7.163657999626594,0.0,0.03127800300717354,4.753000156382089,9.5,578.171875,False
1773599070.7765267,339,0,0,2,0,7.084861001203535,0.0,0.030647999665234238,4.753000156382089,9.5,582.109375,False
1773599070.9868517,340,0,0,1,0,7.091323997883592,0.0,0.033629999961704016,4.7532888697693245,4.8,583.421875,False
1773599071.19717,341,0,0,0,0,7.121324000763707,0.0,0.031649000447941944,4.7532888697693245,9.5,586.046875,False
1773599071.4089046,342,0,0,0,0,8.522371001163265,0.0,0.03398199987714179,4.7532888697693245,9.4,588.671875,False
1773599071.6218245,343,0,0,0,0,9.473469002841739,0.0,0.035852001019520685,4.7532888697693245,14.1,591.296875,False
1773599071.8349338,344,0,0,0,0,9.523931999865454,0.0,0.037481000617844984,4.7532888697693245,9.4,593.921875,False
1773599072.0480137,345,0,0,0,0,9.532932999718469,0.0,0.03811100032180548,4.712046731487627,9.4,596.546875,False
1773599072.2610805,346,0,0,0,0,9.48156200320227,0.0,0.03653699968708679,4.712046731487627,9.4,599.171875,False
1773599072.4740336,347,0,0,0,0,9.46119199943496,0.0,0.036741002986673266,4.712046731487627,14.1,601.796875,False
1773599072.6870966,348,0,0,0,0,9.498802999587497,0.0,0.036574998375726864,4.712046731487627,18.8,604.421875,False
1773599072.9000971,349,0,0,0,0,9.456820997002069,0.0,0.03848199776257388,4.712046731487627,9.4,608.359375,False
1773599073.1131558,350,0,0,0,0,9.475192000536481,0.0,0.03570400076569058,4.694167075166142,9.4,609.671875,False
1773599073.9823217,351,0,0,0,0,9.484766000241507,0.0,0.03622199801611714,4.694167075166142,78.2,532.359375,False
1773599074.192418,352,0,0,0,0,6.875045000924729,0.0,0.02907399903051555,1.8530440249405005,4.8,532.359375,False
1773599074.4024413,353,0,0,0,0,6.855896997876698,0.0,0.027758997021010146,1.8530440249405005,14.3,532.359375,False
1773599074.6125932,354,0,0,0,0,6.955805001780391,0.0,0.028814996767323464,1.8530440249405005,4.8,532.359375,False
1773599074.822544,355,0,0,0,0,6.805914999858942,0.0,0.03231599839637056,1.8530440249405005,14.3,532.359375,False
1773599075.0325952,356,0,0,0,0,6.8695260015374515,0.0,0.028629998269025236,1.8530440249405005,4.8,532.359375,False
1773599075.242565,357,0,0,0,0,6.841767000878463,0.0,0.018425998860038817,4.761236851073085,4.8,532.359375,False
1773599075.452628,358,0,0,0,0,6.899249001435237,0.0,0.020573999790940434,4.761236851073085,14.3,532.359375,False
1773599075.6626883,359,0,0,0,0,6.926861002284568,0.0,0.018685997929424047,4.761236851073085,9.5,532.359375,False
1773599075.8727496,360,0,0,0,0,6.925822999619413,0.0,0.02046299778157845,4.761236851073085,4.8,534.859375,False
1773599076.082754,361,0,0,0,0,6.849304001661949,0.0,0.019519000488799065,4.761236851073085,9.5,537.484375,False
1773599076.2927487,362,0,0,0,0,6.854785999166779,0.0,0.01849999898695387,4.761067146386415,9.5,537.484375,False
1773599076.502842,363,0,0,0,0,6.930063998879632,0.0,0.019038001482840627,4.761067146386415,9.5,537.484375,False
1773599076.7129638,364,0,0,0,0,6.919415998709155,0.0,0.01998200241359882,4.761067146386415,9.5,537.484375,False
1773599076.9230695,365,0,0,0,0,6.909026000357699,0.0,0.01905599856399931,4.761067146386415,4.8,537.484375,False
1773599077.1330314,366,0,0,0,0,6.840693000413012,0.0,0.01848099782364443,4.761067146386415,9.5,537.484375,False
1773599077.343008,367,0,0,0,0,6.83930400191457,0.0,0.0185370008694008,4.760737499883658,4.8,537.484375,False
1773599077.5531952,368,0,0,0,0,6.9629899990104605,0.0,0.02014900019275956,4.760737499883658,14.3,537.484375,False
1773599077.7633088,369,0,0,0,0,6.895637998241,0.0,0.020093000784981996,4.760737499883658,4.8,537.484375,False
1773599077.9734704,370,0,0,0,0,6.932935000804719,0.0,0.019740997231565416,4.760737499883658,9.5,537.484375,False
1773599078.1834657,371,0,0,0,0,6.864637001854135,0.0,0.018425998860038817,4.760737499883658,9.5,537.484375,False
1773599078.3935337,372,0,0,0,0,6.904118999955244,0.0,0.018388996977591887,4.759531706918523,4.8,537.484375,False
1773599078.606334,373,0,0,0,0,9.57115599885583,0.0,0.02292600038344972,4.759531706918523,14.1,537.484375,False
1773599078.8193066,374,0,0,0,0,9.432080001715804,0.0,0.025258999812649563,4.759531706918523,9.4,537.484375,False
1773599079.0330698,375,0,0,0,0,10.25408599889488,0.0,0.02627800131449476,4.759531706918523,14.0,537.5,False
1773599079.2460167,376,0,0,0,0,9.422654002264608,0.0,0.024184999347198755,4.759531706918523,9.4,537.5,False
1773599079.4589097,377,0,0,0,0,9.404043001268292,0.0,0.02344499807804823,4.693384418958825,9.4,537.5,False
1773599079.6718853,378,0,0,0,0,9.479580996412551,0.0,0.024221997591666877,4.693384418958825,18.8,537.5,False
1773599079.8848681,379,0,0,0,0,9.41809799769544,0.0,0.024777997168712318,4.693384418958825,9.4,537.5,False
1773599080.0977361,380,0,0,0,0,9.407581001141807,0.0,0.024203996872529387,4.693384418958825,9.4,537.5,False
1773599080.3105857,381,0,0,0,0,9.397599002113566,0.0,0.023333999706665054,4.693384418958825,9.4,537.5,False
1773599080.5235472,382,0,0,0,0,9.394043001520913,0.0,0.025334000383736566,4.696442987814096,9.4,537.5,False
1773599080.7364461,383,0,0,0,0,9.429932000784902,0.0,0.024721997760934755,4.696442987814096,18.8,537.5,False
1773599080.9493673,384,0,0,0,0,9.450155001104577,0.0,0.0229439974646084,4.696442987814096,9.4,537.5,False
1773599081.1621861,385,0,0,0,0,9.338375999504933,0.0,0.02377800046815537,4.696442987814096,14.1,538.8125,False
1773599081.375014,386,0,0,0,0,9.358635998069076,0.0,0.024221997591666877,4.696442987814096,9.4,538.8125,False
1773599081.5879405,387,0,0,0,0,9.465655002713902,0.0,0.023167001927504316,4.697511798367033,9.4,538.8125,False
1773599081.800842,388,0,0,0,0,9.397116999025457,0.0,0.02387000131420791,4.697511798367033,18.8,538.8125,False
1773599082.0137348,389,0,0,0,0,9.384154000144918,0.0,0.02292599674547091,4.697511798367033,9.4,538.8125,False
1773599082.2266376,390,0,0,0,0,9.39800600099261,0.0,0.022778000129619613,4.697511798367033,9.4,538.8125,False
1773599082.4394538,391,0,0,0,0,9.336079001514008,0.0,0.024130000383593142,4.697511798367033,9.4,538.8125,False
1773599082.652637,392,0,0,0,0,9.627397001167992,0.0,0.025017998268594965,4.6962873355214905,9.4,538.8125,False
1773599082.865491,393,0,0,0,0,9.409005997440545,0.0,0.023389002308249474,4.6962873355214905,18.8,538.8125,False
1773599083.078349,394,0,0,0,0,9.382486998219974,0.0,0.02324099841644056,4.6962873355214905,9.4,538.8125,False
1773599083.291307,395,0,0,0,0,9.398395002790494,0.0,0.02320400017197244,4.6962873355214905,4.7,538.8125,False
1773599083.504227,396,0,0,0,0,9.42919099907158,0.0,0.023684999177930877,4.6962873355214905,14.1,538.8125,False
1773599083.717253,397,0,0,0,0,9.445209998375503,0.0,0.023980999685591087,4.696436677385352,9.4,538.8125,False
1773599083.9301414,398,0,0,0,0,9.400580001965864,0.0,0.024797001970000565,4.696436677385352,14.1,538.8125,False
1773599084.142993,399,0,0,0,0,9.366543003125116,0.0,0.025369998184032738,4.696436677385352,9.4,538.828125,False
1773599084.3559022,400,0,0,0,0,9.422524999536108,0.0,0.026703997718868777,4.696436677385352,14.1,538.828125,False
1773599084.568875,401,0,0,0,0,9.409449998202035,0.0,0.02459299867041409,4.696436677385352,9.4,538.828125,False
1773599084.7817154,402,0,0,0,0,9.388284001033753,0.0,0.024185999791370705,4.697195102011562,9.4,538.828125,False
1773599084.9946656,403,0,0,0,0,9.390135001012823,0.0,0.024797001970000565,4.697195102011562,14.1,538.828125,False
1773599085.2075987,404,0,0,0,0,9.398599002452102,0.0,0.025055000151041895,4.697195102011562,14.1,538.828125,False
1773599085.420668,405,0,0,0,0,9.482116998697165,0.0,0.02325899913557805,4.697195102011562,9.4,538.828125,False
1773599085.6334682,406,0,0,0,0,9.350950000225566,0.0,0.02290799966431223,4.697195102011562,9.4,538.84375,False
1773599085.8464136,407,0,0,0,0,9.390913000970613,0.0,0.02322300133528188,4.696169551455382,9.4,538.84375,False
1773599086.0593264,408,0,0,0,0,9.419247002369957,0.0,0.0259810003626626,4.696169551455382,14.1,538.84375,False
1773599086.2722392,409,0,0,0,0,9.398338999744738,0.0,0.023722001060377806,4.696169551455382,9.4,538.84375,False
1773599086.485099,410,0,0,0,0,9.398617003171239,0.0,0.024019002012209967,4.696169551455382,9.4,538.84375,False
1773599086.6980371,411,0,0,0,0,9.449413999391254,0.0,0.024148001102730632,4.696169551455382,14.1,538.84375,False
1773599086.9109273,412,0,0,0,0,9.405099001014605,0.0,0.023833999875932932,4.697042555883924,9.4,538.84375,False
1773599087.1233335,413,0,0,0,0,8.884372997272294,0.0,0.02324000161024742,4.697042555883924,18.8,538.84375,False
1773599087.3361652,414,0,0,0,0,9.40126500063343,0.0,0.02327800029888749,4.697042555883924,9.4,538.84375,False
1773599087.549217,415,0,0,0,0,9.472821999224834,0.0,0.024000000848900527,4.697042555883924,9.4,538.84375,False
1773599087.7621439,416,0,0,0,0,9.383673001138959,0.0,0.023111999325919896,4.697042555883924,9.4,538.84375,False
1773599087.9750335,417,0,0,0,0,9.404486998391803,0.0,0.025538000045344234,4.6988063835503056,9.4,538.84375,False
1773599088.188028,418,0,0,0,0,9.41637600044487,0.0,0.02405600025667809,4.6988063835503056,18.8,538.84375,False
1773599088.4009347,419,0,0,0,0,9.41858000078355,0.0,0.024796998332021758,4.6988063835503056,9.4,538.84375,False
1773599088.6138387,420,0,0,0,0,9.439155001018662,0.0,0.023684999177930877,4.6988063835503056,9.4,538.84375,False
1773599088.8268852,421,0,0,0,0,9.436266002012417,0.0,0.024814999051159248,4.6988063835503056,9.4,538.84375,False
1773599089.0398645,422,0,0,0,0,9.47067299784976,0.0,0.024870001652743667,4.695575462974365,9.4,538.84375,False
1773599089.2528443,423,0,0,0,0,9.438506000151392,0.0,0.024592001864220947,4.695575462974365,18.8,538.84375,False
1773599089.4659002,424,0,0,0,0,9.564284999214578,0.0,0.02383299943176098,4.695575462974365,9.4,538.84375,False
1773599089.6787374,425,0,0,0,0,9.374097997351782,0.0,0.02388900247751735,4.695575462974365,9.4,538.84375,False
1773599089.8917086,426,0,0,0,0,9.42763599960017,0.0,0.027518999559106305,4.695575462974365,9.4,538.84375,False
1773599090.1046393,427,0,0,0,0,9.45678400239558,0.0,0.024666998797329143,4.6958887864839856,14.1,538.84375,False
1773599090.3177123,428,0,0,0,0,9.534544002235634,0.0,0.023630000214325264,4.6958887864839856,18.8,538.96875,False
1773599090.5307546,429,0,0,0,0,9.557989000313682,0.0,0.02490800034138374,4.6958887864839856,9.4,538.96875,False
1773599090.7437665,430,0,0,0,0,9.469709999393672,0.0,0.023982000129763037,4.6958887864839856,9.4,538.96875,False
1773599090.9567606,431,0,0,0,0,9.51835800151457,0.0,0.02409300213912502,4.6958887864839856,9.4,538.96875,False
1773599091.1697745,432,0,0,0,0,9.538876998703927,0.0,0.0238150023506023,4.694163923006966,9.4,538.96875,False
1773599091.382855,433,0,0,0,0,9.505710997473216,0.0,0.024962999304989353,4.694163923006966,18.8,538.96875,False
1773599091.5958192,434,0,0,0,0,9.509505998721579,0.0,0.02387100175837986,4.694163923006966,4.7,538.96875,False
1773599091.8087552,435,0,0,0,0,9.456451000005472,0.0,0.023906999558676034,4.694163923006966,9.4,538.96875,False
1773599092.021757,436,0,0,0,0,9.48046900157351,0.0,0.023833999875932932,4.694163923006966,9.4,538.96875,False
1773599092.234711,437,0,0,0,0,9.48126600269461,0.0,0.023944001441122964,4.695270590974629,9.4,538.96875,False
1773599092.447729,438,0,0,0,0,9.51730299857445,0.0,0.02429599771858193,4.695270590974629,18.8,538.96875,False
1773599092.6608312,439,0,0,0,0,9.59980400148197,0.0,0.02603699977044016,4.695270590974629,9.4,538.96875,False
1773599092.873917,440,0,0,0,0,9.63319299989962,0.0,0.024000000848900527,4.695270590974629,9.4,538.96875,False
1773599093.0870657,441,0,0,0,0,9.563876999891363,0.0,0.025908000679919496,4.695270590974629,9.4,538.96875,False
1773599093.3001134,442,0,0,0,0,9.56815499739605,0.0,0.02522200156818144,4.692992663618494,14.1,538.96875,False
1773599093.5132658,443,0,0,0,0,9.608784999727504,0.0,0.02629600203363225,4.692992663618494,14.1,538.96875,False
1773599093.7263436,444,0,0,0,0,9.530136001558276,0.0,0.02575899998191744,4.692992663618494,9.4,538.96875,False
1773599093.9392617,445,0,0,0,0,9.473395999521017,0.0,0.025630000891396776,4.692992663618494,9.4,538.96875,False
1773599094.1522508,446,0,0,0,0,9.466599000006681,0.0,0.02624099943204783,4.692992663618494,14.1,538.96875,False
1773599094.3653085,447,0,0,0,0,9.564748001139378,0.0,0.026537003577686846,4.6939863582095835,9.4,538.96875,False
1773599094.5783293,448,0,0,0,0,9.54085899866186,0.0,0.024482000299030915,4.6939863582095835,18.8,538.96875,False
1773599094.7912252,449,0,0,0,0,9.42793200010783,0.0,0.025055000151041895,4.6939863582095835,9.4,538.96875,False
1773599095.0041318,450,0,0,0,0,9.429450998140965,0.0,0.024758999643381685,4.6939863582095835,9.4,538.96875,False
1773599095.2170594,451,0,0,0,0,9.44585800243658,0.0,0.025315002858405933,4.6939863582095835,9.4,538.96875,False
1773599095.4299743,452,0,0,0,0,9.454487997572869,0.0,0.025018998712766916,4.696261043923093,9.4,538.96875,False
1773599095.6424572,453,0,0,0,0,8.928669998567784,0.0,0.023630000214325264,4.696261043923093,18.8,538.96875,False
1773599095.8552656,454,0,0,0,0,9.409414000401739,0.0,0.023426000552717596,4.696261043923093,9.4,538.96875,False
1773599096.0681841,455,0,0,0,0,9.401098999660462,0.0,0.024797001970000565,4.696261043923093,4.7,538.96875,False
1773599096.2812378,456,0,0,0,0,9.50546999956714,0.0,0.02405600025667809,4.696261043923093,9.4,538.96875,False
1773599096.4941566,457,0,0,0,0,9.39096900037839,0.0,0.023148000764194876,4.698438985658814,14.1,538.96875,False
1773599096.706996,458,0,0,0,0,9.376358000736218,0.0,0.02518499968573451,4.698438985658814,14.1,538.96875,False
1773599096.9198253,459,0,0,0,0,9.388376998685999,0.0,0.02351900184294209,4.698438985658814,9.4,539.515625,False
1773599097.13273,460,0,0,0,0,9.370949999720324,0.0,0.02362900340813212,4.698438985658814,14.1,539.53125,False
1773599097.345516,461,0,0,0,0,9.369413997774245,0.0,0.023075001081451774,4.698438985658814,9.4,539.53125,False
1773599097.558375,462,0,0,0,0,9.428616998775396,0.0,0.023647997295483947,4.6982863587290495,9.4,539.53125,False
1773599097.771291,463,0,0,0,0,9.407116998772835,0.0,0.02387100175837986,4.6982863587290495,18.8,539.53125,False
1773599097.9843235,464,0,0,0,0,9.45350600159145,0.0,0.02320400017197244,4.6982863587290495,9.4,539.53125,False
1773599098.1972675,465,0,0,0,0,9.469100001297193,0.0,0.023870998120401055,4.6982863587290495,9.4,539.53125,False
1773599098.410156,466,0,0,0,0,9.403561001818161,0.0,0.022852000256534666,4.6982863587290495,9.4,539.53125,False
1773599098.6230304,467,0,0,0,0,9.3987840009504,0.0,0.025945002562366426,4.696381987713256,9.4,539.53125,False
1773599098.835952,468,0,0,0,0,9.423321000213036,0.0,0.023741002223687246,4.696381987713256,18.8,539.53125,False
1773599099.048802,469,0,0,0,0,9.435266001673881,0.0,0.022667001758236438,4.696381987713256,9.4,539.53125,False
1773599099.2616081,470,0,0,0,0,9.365173002152005,0.0,0.022555999748874456,4.696381987713256,9.4,539.546875,False
1773599099.4744108,471,0,0,0,0,9.366525002405979,0.0,0.024111999664455652,4.696381987713256,9.4,539.546875,False
1773599099.6874301,472,0,0,0,0,9.3956540004001,0.0,0.02377800046815537,4.697466553415977,9.4,539.546875,False
1773599099.900258,473,0,0,0,0,9.386654000991257,0.0,0.023666998458793387,4.697466553415977,18.8,539.546875,False
1773599100.1132102,474,0,0,0,0,9.405931999936001,0.0,0.024463002773700282,4.697466553415977,9.4,539.546875,False
1773599100.326054,475,0,0,0,0,9.405451000930043,0.0,0.0235740008065477,4.697466553415977,9.4,539.546875,False
1773599100.538875,476,0,0,0,0,9.396487999765668,0.0,0.02270400000270456,4.697466553415977,9.4,539.546875,False
1773599100.7518044,477,0,0,0,0,9.407265999470837,0.0,0.02623999898787588,4.697603343143005,14.1,539.546875,False
1773599100.9647248,478,0,0,0,0,9.38989499991294,0.0,0.02300000051036477,4.697603343143005,14.1,539.546875,False
1773599101.1775491,479,0,0,0,0,9.3975239979045,0.0,0.023869997676229104,4.697603343143005,9.4,537.5625,False
1773599101.3904507,480,0,0,0,0,9.361450000142213,0.0,0.023741002223687246,4.697603343143005,9.4,537.5625,False
1773599101.6032543,481,0,0,0,0,9.373302000312833,0.0,0.024222001229645684,4.697603343143005,9.4,537.5625,False
1773599101.816074,482,0,0,0,0,9.383690998220118,0.0,0.023814998712623492,4.698056910694776,14.1,537.5625,False
1773599102.0289142,483,0,0,0,0,9.386375997564755,0.0,0.02322200089110993,4.698056910694776,18.8,537.5625,False
1773599102.2417395,484,0,0,0,0,9.4227840017993,0.0,0.023426000552717596,4.698056910694776,9.4,537.5625,False
1773599102.4546762,485,0,0,0,0,9.4460429972969,0.0,0.02322300133528188,4.698056910694776,9.4,537.5625,False
1773599102.667649,486,0,0,0,0,9.494581001490587,0.0,0.026869998691836372,4.698056910694776,9.4,537.5625,False
1773599102.880655,487,0,0,0,0,9.49889500043355,0.0,0.026129000616492704,4.696914214403408,9.4,537.5625,False
1773599103.0936885,488,0,0,0,0,9.54645100136986,0.0,0.02601800224510953,4.696914214403408,18.8,537.5625,False
1773599103.3067691,489,0,0,0,0,9.514987999864388,0.0,0.026148998585995287,4.696914214403408,9.4,537.5625,False
1773599103.519808,490,0,0,0,0,9.562637002090923,0.0,0.025073997676372528,4.696914214403408,9.4,537.5625,False
1773599103.732956,491,0,0,0,0,9.568618999765022,0.0,0.02516699896659702,4.696914214403408,9.4,537.5625,False
1773599103.9460769,492,0,0,0,0,9.578506997058867,0.0,0.02535199746489525,4.692833039446478,9.4,537.5625,False
1773599104.1589322,493,0,0,0,0,9.36944999921252,0.0,0.024536999262636527,4.692833039446478,18.8,537.5625,False
1773599104.371871,494,0,0,0,0,9.474876998865511,0.0,0.02346299879718572,4.692833039446478,9.4,538.875,False
1773599104.584841,495,0,0,0,0,9.535433000564808,0.0,0.02375999974901788,4.692833039446478,9.4,538.875,False
1773599104.7977676,496,0,0,0,0,9.451579997403314,0.0,0.02320400017197244,4.692833039446478,9.4,538.875,False
1773599105.0107262,497,0,0,0,0,9.461264999117702,0.0,0.02383400351391174,4.696356746755729,9.4,538.875,False
1773599105.2237117,498,0,0,0,0,9.447377000469714,0.0,0.02344399763387628,4.696356746755729,18.8,538.875,False
1773599105.436653,499,0,0,0,0,9.422728002391523,0.0,0.02464800127199851,4.696356746755729,9.4,538.875,False
1773599105.6496904,500,0,0,0,0,9.618267002224457,0.0,0.024277000193251297,4.696356746755729,9.4,538.875,False
1773599105.8625567,501,0,0,0,0,9.403265001310501,0.0,0.022796000848757103,4.696356746755729,9.4,538.875,False
1773599106.0753286,502,0,0,0,0,9.3552649996127,0.0,0.024166998628061265,4.69660496128885,9.4,538.875,False
1773599106.2882414,503,0,0,0,0,9.40157999866642,0.0,0.02433400004520081,4.69660496128885,18.8,538.875,False
1773599106.501083,504,0,0,0,0,9.400802999152802,0.0,0.023610999051015824,4.69660496128885,9.4,538.875,False
1773599106.7139592,505,0,0,0,0,9.42580299670226,0.0,0.024370998289668933,4.69660496128885,9.4,538.875,False
1773599106.9267902,506,0,0,0,0,9.409284000867046,0.0,0.023647997295483947,4.69660496128885,9.4,538.875,False
1773599107.139642,507,0,0,0,0,9.368820999952732,0.0,0.024000000848900527,4.697866422702961,9.4,538.875,False
1773599107.3520305,508,0,0,0,0,8.862168997438857,0.0,0.021721996745327488,4.697866422702961,18.8,538.875,False
1773599107.5648766,509,0,0,0,0,9.432580998691265,0.0,0.023351996787823737,4.697866422702961,14.1,538.875,False
1773599107.7777023,510,0,0,0,0,9.401246999914292,0.0,0.024258999474113807,4.697866422702961,9.4,538.875,False
1773599107.9905577,511,0,0,0,0,9.402784002304543,0.0,0.024222001229645684,4.697866422702961,9.4,538.875,False
1773599108.203433,512,0,0,0,0,9.374506000312977,0.0,0.024000000848900527,4.700154352011787,9.4,538.875,False
1773599108.416279,513,0,0,0,0,9.397469002578873,0.0,0.02546399991842918,4.700154352011787,18.8,538.875,False
1773599108.6292663,514,0,0,0,0,9.463451002375223,0.0,0.024482000299030915,4.700154352011787,9.4,538.875,False
1773599108.8421323,515,0,0,0,0,9.384098997543333,0.0,0.024760000087553635,4.700154352011787,9.4,538.875,False
1773599109.0549576,516,0,0,0,0,9.375617002660874,0.0,0.02320399653399363,4.700154352011787,9.4,538.875,False
1773599109.2678962,517,0,0,0,0,9.396469002240337,0.0,0.02350000067963265,4.697203518638058,9.4,538.875,False
1773599109.480751,518,0,0,0,0,9.393525000632508,0.0,0.023592998331878334,4.697203518638058,18.8,538.890625,False
1773599109.6935751,519,0,0,0,0,9.385802000906551,0.0,0.024480999854858965,4.697203518638058,9.4,538.890625,False
1773599109.9064188,520,0,0,0,0,9.341856999526499,0.0,0.02270400000270456,4.697203518638058,9.4,538.890625,False
1773599110.119244,521,0,0,0,0,9.388950002175989,0.0,0.02403699909336865,4.697203518638058,9.4,538.890625,False
1773599110.3321207,522,0,0,0,0,9.402617000887403,0.0,0.02542699803598225,4.698291621561557,9.4,538.890625,False
1773599110.5450606,523,0,0,0,0,9.459338998567546,0.0,0.023814998712623492,4.698291621561557,18.8,538.890625,False
1773599110.757823,524,0,0,0,0,9.352487002615817,0.0,0.024092998501146212,4.698291621561557,9.4,538.890625,False
1773599110.9707024,525,0,0,0,0,9.428006000234745,0.0,0.023962998966453597,4.698291621561557,9.4,538.890625,False
1773599111.1835418,526,0,0,0,0,9.318969001469668,0.0,0.02374099858570844,4.698291621561557,9.4,538.890625,False
1773599111.3964698,527,0,0,0,0,9.456933003093582,0.0,0.025332999939564615,4.697724356080962,9.4,538.890625,False
1773599111.609406,528,0,0,0,0,9.481506000156514,0.0,0.023389999114442617,4.697724356080962,23.5,538.890625,False
1773599111.8223155,529,0,0,0,0,9.366116999444785,0.0,0.023944998247316107,4.697724356080962,4.7,538.890625,False
1773599112.0351586,530,0,0,0,0,9.33185699977912,0.0,0.024278000637423247,4.697724356080962,14.1,538.890625,False
1773599112.2479756,531,0,0,0,0,9.384672001033323,0.0,0.024092998501146212,4.697724356080962,9.4,538.890625,False
1773599112.4608886,532,0,0,0,0,9.410820999619318,0.0,0.0235740008065477,4.697350814484442,9.4,538.890625,False
1773599112.6734393,533,0,0,0,0,9.116708002693485,0.0,0.02351900184294209,4.697350814484442,14.1,538.890625,False
1773599112.886243,534,0,0,0,0,9.357765997265233,0.0,0.024482000299030915,4.697350814484442,9.4,538.890625,False
1773599113.0990407,535,0,0,0,0,9.365283000079216,0.0,0.02461099938955158,4.697350814484442,9.4,538.890625,False
1773599113.3117898,536,0,0,0,0,9.32330200157594,0.0,0.024019002012209967,4.697350814484442,9.4,538.890625,False
1773599113.5246758,537,0,0,0,0,9.401227998750983,0.0,0.024111999664455652,4.700315528116249,9.4,538.890625,False
1773599113.737504,538,0,0,0,0,9.372524000355043,0.0,0.02351900184294209,4.700315528116249,18.8,538.890625,False
1773599113.9502735,539,0,0,0,0,9.333431000413839,0.0,0.022574000468011945,4.700315528116249,9.4,538.890625,False
1773599114.163094,540,0,0,0,0,9.35215400022571,0.0,0.023926000721985474,4.700315528116249,9.4,538.890625,False
1773599114.375906,541,0,0,0,0,9.376968999276869,0.0,0.023648997739655897,4.700315528116249,9.4,538.90625,False
1773599114.5887477,542,0,0,0,0,9.400339000421809,0.0,0.02383299943176098,4.698919035673346,14.1,538.90625,False
1773599114.8015924,543,0,0,0,0,9.34761700045783,0.0,0.023648000933462754,4.698919035673346,14.1,538.90625,False
1773599115.014385,544,0,0,0,0,9.357819999422645,0.0,0.02346299879718572,4.698919035673346,9.4,538.90625,False
1773599115.2272284,545,0,0,0,0,9.383098000398604,0.0,0.02326000321772881,4.698919035673346,14.1,538.921875,False
1773599115.4400678,546,0,0,0,0,9.400746999745024,0.0,0.024000000848900527,4.698919035673346,9.4,538.921875,False
1773599115.6531115,547,0,0,0,0,9.569451001880225,0.0,0.024500001018168405,4.697577036807564,9.4,538.921875,False
1773599115.865804,548,0,0,0,0,9.202949000609806,0.0,0.024500997824361548,4.697577036807564,18.8,538.921875,False
1773599116.0786312,549,0,0,0,0,9.339913001895184,0.0,0.024814999051159248,4.697577036807564,9.4,538.921875,False
1773599116.2913911,550,0,0,0,0,9.271727001760155,0.0,0.024574001145083457,4.697577036807564,9.4,538.921875,False
1773599116.5043077,551,0,0,0,0,9.422449998965021,0.0,0.026167002943111584,4.697577036807564,9.4,538.921875,False
1773599116.7173688,552,0,0,0,0,9.471358000155305,0.0,0.025926001399056986,4.698185314631266,9.4,538.921875,False
1773599116.9302936,553,0,0,0,0,9.3797839981562,0.0,0.026092999178217724,4.698185314631266,18.8,538.921875,False
1773599117.14316,554,0,0,0,0,9.36696899952949,0.0,0.024704000679776073,4.698185314631266,9.4,538.921875,False
1773599117.3561966,555,0,0,0,0,9.43589500093367,0.0,0.026926001737592742,4.698185314631266,9.4,538.921875,False
1773599117.5692348,556,0,0,0,0,9.486711001954973,0.0,0.02416600182186812,4.698185314631266,9.4,538.921875,False
1773599117.7821112,557,0,0,0,0,9.413671999936923,0.0,0.02298199979122728,4.695903507408779,9.4,538.921875,False
1773599117.9949286,558,0,0,0,0,9.308282998972572,0.0,0.024537999706808478,4.695903507408779,18.8,538.921875,False
1773599118.207823,559,0,0,0,0,9.358097999211168,0.0,0.026704001356847584,4.695903507408779,9.4,538.921875,False
1773599118.4209058,560,0,0,0,0,9.570266000082484,0.0,0.0259810003626626,4.695903507408779,9.4,538.921875,False
1773599118.6338696,561,0,0,0,0,9.450339999602875,0.0,0.024982000468298793,4.695903507408779,9.4,538.921875,False
1773599118.8464007,562,0,0,0,0,9.020058998430613,0.0,0.024925997422542423,4.698032704181596,9.4,538.921875,False
1773599119.0592365,563,0,0,0,0,9.34030200005509,0.0,0.024795997887849808,4.698032704181596,23.5,537.609375,False
1773599119.272133,564,0,0,0,0,9.373820998007432,0.0,0.026722002075985074,4.698032704181596,9.4,538.921875,False
1773599119.4851177,565,0,0,0,0,9.36356199963484,0.0,0.023388998670270666,4.698032704181596,9.4,538.921875,False
1773599119.6979425,566,0,0,0,0,9.399097998539219,0.0,0.023982000129763037,4.698032704181596,9.4,538.921875,False
1773599119.9108117,567,0,0,0,0,9.386024001287296,0.0,0.023926000721985474,4.697441300799023,9.4,538.921875,False
1773599120.1237373,568,0,0,0,0,9.38132100054645,0.0,0.02325899913557805,4.697441300799023,18.8,538.921875,False
1773599120.336681,569,0,0,0,0,9.461450998060172,0.0,0.025944002118194476,4.697441300799023,9.4,538.921875,False
1773599120.549631,570,0,0,0,0,9.430950998648768,0.0,0.024777997168712318,4.697441300799023,9.4,538.921875,False
1773599120.7624373,571,0,0,0,0,9.335578997706762,0.0,0.0235740008065477,4.697441300799023,9.4,538.921875,False
1773599120.9752674,572,0,0,0,0,9.368766000989126,0.0,0.023906999558676034,4.697254019030451,9.4,538.921875,False
1773599121.1876163,573,0,0,0,0,8.937799000705127,0.0,0.023074000637279823,4.697254019030451,18.8,538.921875,False
1773599121.400373,574,0,0,0,0,9.355746002256637,0.0,0.023741002223687246,4.697254019030451,9.4,538.921875,False
1773599121.6132255,575,0,0,0,0,9.386506000737427,0.0,0.02353699892410077,4.697254019030451,9.4,538.921875,False
1773599121.8260717,576,0,0,0,0,9.379895000165561,0.0,0.023426000552717596,4.697254019030451,9.4,538.921875,False
1773599122.0389893,577,0,0,0,0,9.392043000843842,0.0,0.023092998162610456,4.700481983015837,9.4,538.921875,False
1773599122.2518315,578,0,0,0,0,9.379099003126612,0.0,0.02433299960102886,4.700481983015837,18.8,538.921875,False
1773599122.46469,579,0,0,0,0,9.374024000862846,0.0,0.023777996830176562,4.700481983015837,9.4,538.921875,False
1773599122.677533,580,0,0,0,0,9.360060998005792,0.0,0.024297001800732687,4.700481983015837,9.4,538.921875,False
1773599122.8903568,581,0,0,0,0,9.325987000920577,0.0,0.023926000721985474,4.700481983015837,9.4,538.921875,False
1773599123.1031156,582,0,0,0,0,9.310153000114951,0.0,0.02492600106052123,4.6986937368285915,9.4,538.921875,False
1773599123.315963,583,0,0,0,0,9.383579999848735,0.0,0.024666998797329143,4.6986937368285915,18.8,538.921875,False
1773599123.52891,584,0,0,0,0,9.481654000410344,0.0,0.024314002075698227,4.6986937368285915,9.4,538.921875,False
1773599123.7417958,585,0,0,0,0,9.406303001014749,0.0,0.024370998289668933,4.6986937368285915,9.4,538.921875,False
1773599123.9546285,586,0,0,0,0,9.374357003252953,0.0,0.024203000066336244,4.6986937368285915,9.4,538.921875,False
1773599124.1674385,587,0,0,0,0,9.34671000140952,0.0,0.025426001229789108,4.697833799237156,14.1,538.921875,False
1773599124.3803017,588,0,0,0,0,9.367542999825673,0.0,0.023870998120401055,4.697833799237156,14.1,538.921875,False
1773599124.5933366,589,0,0,0,0,9.503155000857078,0.0,0.024000000848900527,4.697833799237156,9.4,538.921875,False
1773599124.80645,590,0,0,0,0,9.41596999837202,0.0,0.025926001399056986,4.697833799237156,14.1,538.921875,False
1773599125.0193064,591,0,0,0,0,9.394062002684223,0.0,0.02576000042608939,4.697833799237156,9.4,538.921875,False
1773599125.2321942,592,0,0,0,0,9.402321000379743,0.0,0.02596299964352511,4.695947670736939,9.4,538.921875,False
1773599125.445183,593,0,0,0,0,9.48767299996689,0.0,0.025296998501289636,4.695947670736939,18.8,538.921875,False
1773599125.6581593,594,0,0,0,0,9.505507001449587,0.0,0.024814999051159248,4.695947670736939,9.4,538.921875,False
1773599125.8710887,595,0,0,0,0,9.460654997383244,0.0,0.026110999897355214,4.695947670736939,9.4,538.921875,False
1773599126.0839643,596,0,0,0,0,9.434746996703325,0.0,0.025221997930202633,4.695947670736939,9.4,538.921875,False
1773599126.2969587,597,0,0,0,0,9.442672999284696,0.0,0.024962999304989353,4.6958435727920556,9.4,538.921875,False
1773599126.5099626,598,0,0,0,0,9.521154999674764,0.0,0.02631499955896288,4.6958435727920556,18.8,538.921875,False
1773599126.722917,599,0,0,0,0,9.466710998822236,0.0,0.02570400101831183,4.6958435727920556,9.4,538.921875,False
1773599126.9358215,600,0,0,0,0,9.433469000214245,0.0,0.02572299854364246,4.6958435727920556,9.4,538.921875,False
1773599127.148884,601,0,0,0,0,9.461728001042502,0.0,0.026351997803431004,4.6958435727920556,9.4,538.921875,False
1773599127.3619294,602,0,0,0,0,9.49285899696406,0.0,0.0255190025200136,4.694993086748766,9.4,538.921875,False
1773599127.5748818,603,0,0,0,0,9.490357999311527,0.0,0.026462999812792987,4.694993086748766,18.8,538.921875,False
1773599127.787848,604,0,0,0,0,9.462062000238802,0.0,0.02494400177965872,4.694993086748766,9.4,538.921875,False
1773599128.000766,605,0,0,0,0,9.406357999978354,0.0,0.024889002816053107,4.694993086748766,9.4,538.921875,False
1773599128.2136538,606,0,0,0,0,9.453747999941697,0.0,0.02550000135670416,4.694993086748766,9.4,538.921875,False
1773599128.4265447,607,0,0,0,0,9.437560998776462,0.0,0.026110999897355214,4.696525024930985,9.4,538.921875,False
1773599128.6394234,608,0,0,0,0,9.421653998288093,0.0,0.024962999304989353,4.696525024930985,18.8,538.921875,False
1773599128.8524666,609,0,0,0,0,9.47161800286267,0.0,0.02631499955896288,4.696525024930985,9.4,538.921875,False
1773599129.065445,610,0,0,0,0,9.47334000011324,0.0,0.025296998501289636,4.696525024930985,9.4,538.921875,False
1773599129.2783837,611,0,0,0,0,9.443969000130892,0.0,0.02570400101831183,4.696525024930985,9.4,538.921875,False
1773599129.491408,612,0,0,0,0,9.480081000219798,0.0,0.0254259975918103,4.695488202461404,14.1,538.9375,False
1773599129.7042167,613,0,0,0,0,8.993188999738777,0.0,0.0243520007643383,4.695488202461404,18.8,538.9375,False
1773599129.9173203,614,0,0,0,0,9.592821999831358,0.0,0.025221997930202633,4.695488202461404,9.4,538.9375,False
1773599130.1302097,615,0,0,0,0,9.451599002204603,0.0,0.025203000404872,4.695488202461404,9.4,538.9375,False
1773599130.3431125,616,0,0,0,0,9.429099001863506,0.0,0.02605500048957765,4.695488202461404,9.4,538.9375,False
1773599130.5560596,617,0,0,0,0,9.478006999415811,0.0,0.02568600029917434,4.696351488257061,9.4,538.9375,False
1773599130.7690656,618,0,0,0,0,9.498488998360699,0.0,0.02570400101831183,4.696351488257061,18.8,538.9375,False
1773599130.981955,619,0,0,0,0,9.443117000046186,0.0,0.025870998797472566,4.696351488257061,9.4,538.9375,False
1773599131.1949265,620,0,0,0,0,9.435358002519934,0.0,0.025536999601172283,4.696351488257061,9.4,538.9375,False
1773599131.4078367,621,0,0,0,0,9.446727999602444,0.0,0.025869998353300616,4.696351488257061,9.4,538.9375,False
1773599131.6208742,622,0,0,0,0,9.553506999509409,0.0,0.024556000425945967,4.6956438017852005,9.4,538.9375,False
1773599131.8338494,623,0,0,0,0,9.497802999248961,0.0,0.02550000135670416,4.6956438017852005,18.8,538.9375,False
1773599132.0469406,624,0,0,0,0,9.512562002782943,0.0,0.02518499968573451,4.6956438017852005,9.4,538.9375,False
1773599132.2599723,625,0,0,0,0,9.492598997894675,0.0,0.024981000024126843,4.6956438017852005,9.4,538.9375,False
1773599132.4729712,626,0,0,0,0,9.526302997983294,0.0,0.025056000595213845,4.6956438017852005,9.4,538.9375,False
1773599132.685962,627,0,0,0,0,9.535265999147668,0.0,0.025630000891396776,4.6944654987390555,9.4,538.9375,False
1773599132.8988917,628,0,0,0,0,9.458229000301799,0.0,0.027185997168999165,4.6944654987390555,18.8,538.9375,False
1773599133.111896,629,0,0,0,0,9.476858998823445,0.0,0.025352001102874056,4.6944654987390555,9.4,538.9375,False
1773599133.324963,630,0,0,0,0,9.546561999741243,0.0,0.024684999516466632,4.6944654987390555,9.4,538.953125,False
1773599133.5379558,631,0,0,0,0,9.548099998937687,0.0,0.026686000637710094,4.6944654987390555,9.4,538.953125,False
1773599133.7509406,632,0,0,0,0,9.444470000744332,0.0,0.02596299964352511,4.694940532824815,14.1,538.96875,False
1773599133.9639125,633,0,0,0,0,9.503709999989951,0.0,0.025888999516610056,4.694940532824815,14.1,538.96875,False
1773599134.1768997,634,0,0,0,0,9.501229000306921,0.0,0.02574099926277995,4.694940532824815,14.1,538.96875,False
1773599134.3899124,635,0,0,0,0,9.505154001089977,0.0,0.025426001229789108,4.694940532824815,9.4,538.96875,False
1773599134.602923,636,0,0,0,0,9.485728998697596,0.0,0.025499997718725353,4.694940532824815,9.4,538.96875,False
1773599134.8158293,637,0,0,0,0,9.460451001359615,0.0,0.0243520007643383,4.695347330887392,9.4,538.96875,False
1773599135.0288584,638,0,0,0,0,9.462801997869974,0.0,0.025870998797472566,4.695347330887392,18.8,538.96875,False
1773599135.241765,639,0,0,0,0,9.458229000301799,0.0,0.025814999389695004,4.695347330887392,9.4,538.96875,False
1773599135.4547663,640,0,0,0,0,9.527025002171285,0.0,0.025369998184032738,4.695347330887392,9.4,538.96875,False
1773599135.6678352,641,0,0,0,0,9.464024999033427,0.0,0.027999998565064743,4.695347330887392,9.4,538.96875,False
1773599135.8807662,642,0,0,0,0,9.425247000763193,0.0,0.026204001187579706,4.6952190820291815,9.4,538.96875,False
1773599136.093809,643,0,0,0,0,9.496136000961997,0.0,0.02575899998191744,4.6952190820291815,18.8,538.96875,False
1773599136.306767,644,0,0,0,0,9.507136001047911,0.0,0.025408000510651618,4.6952190820291815,9.4,538.96875,False
1773599136.5196476,645,0,0,0,0,9.434191000764258,0.0,0.02485199729562737,4.6952190820291815,9.4,538.96875,False
1773599136.7326171,646,0,0,0,0,9.503858997049974,0.0,0.02626000059535727,4.6952190820291815,9.4,538.96875,False
1773599136.9455495,647,0,0,0,0,9.470617998886155,0.0,0.024796998332021758,4.69568480602652,9.4,538.96875,False
1773599137.1584208,648,0,0,0,0,9.38132100054645,0.0,0.025352001102874056,4.69568480602652,18.8,538.96875,False
1773599137.3713639,649,0,0,0,0,9.414172000106191,0.0,0.027260000933893025,4.69568480602652,4.7,538.96875,False
1773599137.5842662,650,0,0,0,0,9.437895998416934,0.0,0.02518600012990646,4.69568480602652,14.1,538.96875,False
1773599137.7972162,651,0,0,0,0,9.472283996728947,0.0,0.025296001695096493,4.69568480602652,9.4,538.96875,False
1773599138.0102348,652,0,0,0,0,9.505265999905532,0.0,0.025334000383736566,4.696231597682375,9.4,538.96875,False
1773599138.2231433,653,0,0,0,0,9.40015400192351,0.0,0.026166999305132776,4.696231597682375,18.8,538.96875,False
1773599138.4360657,654,0,0,0,0,9.475598999415524,0.0,0.026592999347485602,4.696231597682375,9.4,538.96875,False
1773599138.649289,655,0,0,0,0,9.671842002717312,0.0,0.0248889991780743,4.696231597682375,9.4,537.65625,False
1773599138.8622622,656,0,0,0,0,9.48065500051598,0.0,0.025203997211065143,4.696231597682375,9.4,537.65625,False
1773599139.0752068,657,0,0,0,0,9.487283998169005,0.0,0.025056000595213845,4.694992035658757,9.4,537.65625,False
1773599139.2881331,658,0,0,0,0,9.41717300156597,0.0,0.025869998353300616,4.694992035658757,18.8,537.65625,False
1773599139.5010715,659,0,0,0,0,9.465913000894943,0.0,0.02485199729562737,4.694992035658757,9.4,537.65625,False
1773599139.7139533,660,0,0,0,0,9.42700599989621,0.0,0.02520400084904395,4.694992035658757,9.4,537.65625,False
1773599139.9269311,661,0,0,0,0,9.43993200053228,0.0,0.025296001695096493,4.694992035658757,9.4,537.65625,False
1773599140.1398246,662,0,0,0,0,9.43246899987571,0.0,0.02596400008769706,4.6965271284844885,9.4,537.65625,False
1773599140.3527775,663,0,0,0,0,9.421895003470127,0.0,0.02570400101831183,4.6965271284844885,18.8,537.65625,False
1773599140.5658545,664,0,0,0,0,9.529691997158807,0.0,0.025093002477660775,4.6965271284844885,9.4,537.65625,False
1773599140.778738,665,0,0,0,0,9.447653999814065,0.0,0.024426000891253352,4.6965271284844885,9.4,537.65625,False
1773599140.9916766,666,0,0,0,0,9.374098997795954,0.0,0.024315002519870177,4.6965271284844885,9.4,537.65625,False
1773599141.2045336,667,0,0,0,0,9.337247000075877,0.0,0.02544499875511974,4.696221081257322,9.4,537.65625,False
1773599141.416968,668,0,0,0,0,8.906150997063378,0.0,0.021907999325776473,4.696221081257322,18.8,537.65625,False
1773599141.6298444,669,0,0,0,0,9.410654001840157,0.0,0.02461099938955158,4.696221081257322,9.4,537.65625,False
1773599141.8426454,670,0,0,0,0,9.334376001788769,0.0,0.024870001652743667,4.696221081257322,9.4,537.65625,False
1773599142.055472,671,0,0,0,0,9.328561001893831,0.0,0.02574099926277995,4.696221081257322,9.4,537.65625,False
1773599142.268388,672,0,0,0,0,9.372376000101212,0.0,0.024796001525828615,4.699813074393971,9.4,537.65625,False
1773599142.4813018,673,0,0,0,0,9.440395999263274,0.0,0.025092998839681968,4.699813074393971,18.8,537.65625,False
1773599142.6941972,674,0,0,0,0,9.455618001084076,0.0,0.026092999178217724,4.699813074393971,9.4,537.65625,False
1773599142.9071412,675,0,0,0,0,9.469209999224404,0.0,0.028036996809532866,4.699813074393971,14.1,537.65625,False
1773599143.1201138,676,0,0,0,0,9.502580000116723,0.0,0.026945002900902182,4.699813074393971,9.4,537.65625,False
1773599143.3331606,677,0,0,0,0,9.53571100035333,0.0,0.024593002308392897,4.6958204405421675,9.4,537.65625,False
1773599143.5460804,678,0,0,0,0,9.473080001043854,0.0,0.02574099926277995,4.6958204405421675,18.8,537.65625,False
1773599143.7591157,679,0,0,0,0,9.484581001743209,0.0,0.025963996449718252,4.6958204405421675,9.4,537.65625,False
1773599143.9719806,680,0,0,0,0,9.404987999005243,0.0,0.02524100273149088,4.6958204405421675,9.4,537.65625,False
1773599144.1849763,681,0,0,0,0,9.49952500013751,0.0,0.025258999812649563,4.6958204405421675,9.4,537.65625,False
1773599144.3979154,682,0,0,0,0,9.471450997807551,0.0,0.0248889991780743,4.695993937971693,14.1,537.65625,False
1773599144.6107907,683,0,0,0,0,9.40689499839209,0.0,0.02659300298546441,4.695993937971693,14.1,537.671875,False
1773599144.8237472,684,0,0,0,0,9.422395000001416,0.0,0.02550000135670416,4.695993937971693,14.1,537.671875,False
1773599145.0366125,685,0,0,0,0,9.43076600015047,0.0,0.02929599941126071,4.695993937971693,9.4,537.671875,False
1773599145.24948,686,0,0,0,0,9.416560998943169,0.0,0.025388999347342178,4.695993937971693,9.4,537.671875,False
1773599145.462354,687,0,0,0,0,9.419469002750702,0.0,0.02520400084904395,4.697245602222978,9.4,537.671875,False
1773599145.6752355,688,0,0,0,0,9.40374600031646,0.0,0.02624099943204783,4.697245602222978,18.8,537.671875,False
1773599145.8880925,689,0,0,0,0,9.409062000486301,0.0,0.02635200144140981,4.697245602222978,9.4,537.671875,False
1773599146.1009686,690,0,0,0,0,9.421653998288093,0.0,0.02490800034138374,4.697245602222978,9.4,537.671875,False
1773599146.3139892,691,0,0,0,0,9.480857999733416,0.0,0.025870001991279423,4.697245602222978,9.4,537.671875,False
1773599146.5268831,692,0,0,0,0,9.445375999348471,0.0,0.025556000764481723,4.696938409391942,9.4,537.671875,False
1773599146.7397618,693,0,0,0,0,9.451117999560665,0.0,0.025240999093512073,4.696938409391942,18.8,537.671875,False
1773599146.9527032,694,0,0,0,0,9.459951001190348,0.0,0.024740998924244195,4.696938409391942,9.4,537.671875,False
1773599147.165781,695,0,0,0,0,9.48534000053769,0.0,0.02518499968573451,4.696938409391942,9.4,537.671875,False
1773599147.3787453,696,0,0,0,0,9.52324800164206,0.0,0.025610999728087336,4.696938409391942,9.4,537.671875,False
1773599147.5916836,697,0,0,0,0,9.459598997636931,0.0,0.02622299871291034,4.695740530886979,9.4,537.671875,False
1773599147.8046227,698,0,0,0,0,9.469006003200775,0.0,0.0260560009337496,4.695740530886979,18.8,537.671875,False
1773599148.017605,699,0,0,0,0,9.540413997456199,0.0,0.025814999389695004,4.695740530886979,4.7,537.671875,False
1773599148.2305496,700,0,0,0,0,9.457377000217093,0.0,0.0255190025200136,4.695740530886979,14.1,537.671875,False
1773599148.4434397,701,0,0,0,0,9.435266001673881,0.0,0.02631500319694169,4.695740530886979,9.4,537.671875,False
1773599148.6564372,702,0,0,0,0,9.447099000681192,0.0,0.02601899905130267,4.695939258610389,9.4,537.671875,False
1773599148.8694065,703,0,0,0,0,9.489729000051739,0.0,0.02516699896659702,4.695939258610389,18.8,537.671875,False
1773599149.0823522,704,0,0,0,0,9.4595800001116,0.0,0.025203000404872,4.695939258610389,9.4,537.671875,False
1773599149.2952914,705,0,0,0,0,9.466395000345074,0.0,0.027778001822298393,4.695939258610389,9.4,537.671875,False
1773599149.5083935,706,0,0,0,0,9.520376999716973,0.0,0.0268340008915402,4.695939258610389,9.4,537.671875,False
1773599149.7214684,707,0,0,0,0,9.527098998660222,0.0,0.025834000553004444,4.694675678954916,9.4,537.671875,False
1773599149.9341106,708,0,0,0,0,9.17887499963399,0.0,0.023870998120401055,4.694675678954916,18.8,537.671875,False
1773599150.1470773,709,0,0,0,0,9.511709999060258,0.0,0.025610999728087336,4.694675678954916,9.4,537.671875,False
1773599150.360041,710,0,0,0,0,9.515876998193562,0.0,0.02609300281619653,4.694675678954916,9.4,537.671875,False
1773599150.573132,711,0,0,0,0,9.571767001034459,0.0,0.026573998184176162,4.694675678954916,14.1,537.671875,False
1773599150.7860386,712,0,0,0,0,9.47441400057869,0.0,0.025556000764481723,4.69674064896771,9.4,537.671875,False
1773599150.9990542,713,0,0,0,0,9.556433000398101,0.0,0.025000001187436283,4.69674064896771,14.1,537.671875,False
1773599151.2121105,714,0,0,0,0,9.528341000986984,0.0,0.026686000637710094,4.69674064896771,14.1,537.671875,False
1773599151.425117,715,0,0,0,0,9.503561999736121,0.0,0.025517998437862843,4.69674064896771,9.4,537.6875,False
1773599151.638038,716,0,0,0,0,9.481803001108347,0.0,0.0256669991358649,4.69674064896771,4.7,537.6875,False
1773599151.8510985,717,0,0,0,0,9.556155000609579,0.0,0.025110999558819458,4.694606317403124,14.1,537.6875,False
1773599152.0640426,718,0,0,0,0,9.412227998836897,0.0,0.026500001695239916,4.694606317403124,14.1,537.6875,False
1773599152.2770336,719,0,0,0,0,9.496580001723487,0.0,0.024871002096915618,4.694606317403124,9.4,537.6875,False
1773599152.4899044,720,0,0,0,0,9.425191001355415,0.0,0.025297002139268443,4.694606317403124,14.1,537.6875,False
1773599152.7027893,721,0,0,0,0,9.436451000510715,0.0,0.027019003027817234,4.694606317403124,9.4,537.6875,False
1773599152.9156647,722,0,0,0,0,9.401691997481976,0.0,0.026666999474400654,4.696760634637096,9.4,537.6875,False
1773599153.1286402,723,0,0,0,0,9.44200700178044,0.0,0.02622299871291034,4.696760634637096,18.8,537.6875,False
1773599153.3416445,724,0,0,0,0,9.572173999913502,0.0,0.026408000849187374,4.696760634637096,9.4,537.6875,False
1773599153.5546796,725,0,0,0,0,9.491543998592533,0.0,0.02633300027810037,4.696760634637096,9.4,537.6875,False
1773599153.7676072,726,0,0,0,0,9.41858000078355,0.0,0.026815003366209567,4.696760634637096,9.4,537.6875,False
1773599153.9805546,727,0,0,0,0,9.434858002350666,0.0,0.027425998268881813,4.695448252947428,9.4,537.6875,False
1773599154.193466,728,0,0,0,0,9.450875997572439,0.0,0.02631499955896288,4.695448252947428,18.8,537.6875,False
1773599154.4063993,729,0,0,0,0,9.410672999365488,0.0,0.025110999558819458,4.695448252947428,9.4,537.6875,False
1773599154.619313,730,0,0,0,0,9.383840002556099,0.0,0.025369998184032738,4.695448252947428,9.4,537.6875,False
1773599154.8322299,731,0,0,0,0,9.44602500021574,0.0,0.02601899905130267,4.695448252947428,9.4,537.6875,False
1773599155.0451624,732,0,0,0,0,9.468321997701423,0.0,0.024832999770296738,4.696423004847916,9.4,537.6875,False
1773599155.2581081,733,0,0,0,0,9.462598998652538,0.0,0.026130001060664654,4.696423004847916,18.8,537.6875,False
1773599155.4710193,734,0,0,0,0,9.428969999135006,0.0,0.02568600029917434,4.696423004847916,9.4,537.6875,False
1773599155.6839466,735,0,0,0,0,9.47798800189048,0.0,0.02600000152597204,4.696423004847916,9.4,537.6875,False
1773599155.8968658,736,0,0,0,0,9.450172998185735,0.0,0.02575899998191744,4.696423004847916,9.4,537.6875,False
1773599156.1098244,737,0,0,0,0,9.437153999897419,0.0,0.02596400008769706,4.696326247627374,9.4,537.6875,False
1773599156.3226922,738,0,0,0,0,9.399636001035105,0.0,0.025796998670557514,4.696326247627374,18.8,537.6875,False
1773599156.535588,739,0,0,0,0,9.429616999113932,0.0,0.0255190025200136,4.696326247627374,9.4,537.6875,False
1773599156.7485964,740,0,0,0,0,9.467228999710642,0.0,0.025556000764481723,4.696326247627374,9.4,537.6875,False
1773599157.3933022,741,1,0,0,0,9.562637002090923,431.6957369992451,0.013166998542146757,3.1163800749652784,136.5,542.546875,True
1773599157.6036618,742,0,0,0,0,7.137731998227537,0.0,0.021444997400976717,3.1163800749652784,4.8,545.171875,False
1773599157.8139892,743,0,0,0,0,7.12475099862786,0.0,0.022019001335138455,3.1163800749652784,14.3,546.484375,False
1773599158.024249,744,0,0,0,0,7.1136019978439435,0.0,0.02270400000270456,3.1163800749652784,9.5,546.484375,False
1773599158.23456,745,0,0,0,0,7.120583999494556,0.0,0.021796000510221347,3.1163800749652784,4.8,546.484375,False
1773599158.444841,746,0,0,0,0,7.1198060031747445,0.0,0.020925999706378207,4.7550660910815985,9.5,546.484375,False
1773599158.6551542,747,0,0,0,0,7.13175100099761,0.0,0.022593001631321386,4.7550660910815985,9.5,546.484375,False
1773599158.8656118,748,0,0,0,0,7.122435999917798,0.0,0.02181499803555198,4.7550660910815985,14.3,546.484375,False
1773599159.0758886,749,0,0,0,0,7.085324003128335,0.0,0.022481999621959403,4.7550660910815985,4.8,546.484375,False
1773599159.2861354,750,0,0,0,0,7.074380002450198,0.0,0.023445001716027036,4.7550660910815985,9.5,546.484375,False
1773599159.4964633,751,0,0,0,0,7.084361001034267,0.0,0.021667001419700682,4.754596059797918,9.5,546.484375,False
1773599159.7068937,752,0,0,0,0,7.0535089980694465,0.0,0.021408002794487402,4.754596059797918,4.8,546.484375,False
1773599159.9172935,753,0,0,0,0,7.115120999515057,0.0,0.021962998289382085,4.754596059797918,14.3,545.1875,False
1773599160.127542,754,0,0,0,0,7.085360997734824,0.0,0.022203999833436683,4.754596059797918,9.5,545.1875,False
1773599160.337892,755,0,0,0,0,7.115953998436453,0.0,0.02322300133528188,4.754596059797918,4.8,545.1875,False
1773599160.548243,756,0,0,0,0,7.100380000338191,0.0,0.022241001715883613,4.753864246550128,9.5,545.1875,False
1773599160.7585278,757,0,0,0,0,7.099508999090176,0.0,0.021981999452691525,4.753864246550128,4.8,545.1875,False
1773599160.9688015,758,0,0,0,0,7.100769002136076,0.0,0.022519001504406333,4.753864246550128,14.3,545.1875,False
1773599161.1790755,759,0,0,0,0,7.082805997924879,0.0,0.022056003217585385,4.753864246550128,9.5,545.1875,False
1773599161.389488,760,0,0,0,0,7.127528002456529,0.0,0.022518001060234383,4.753864246550128,4.8,545.1875,False
1773599161.5998213,761,0,0,0,0,7.121213002392324,0.0,0.02294500154675916,4.7547879420787735,9.5,545.1875,False
1773599161.8101213,762,0,0,0,0,7.077027999912389,0.0,0.0224069990508724,4.7547879420787735,9.5,545.1875,False
1773599162.020401,763,0,0,0,0,7.06717600041884,0.0,0.023610999051015824,4.7547879420787735,9.5,545.1875,False
1773599162.2332332,764,0,0,0,0,9.48969200180727,0.0,0.025610999728087336,4.7547879420787735,9.4,545.1875,False
1773599162.4462612,765,0,0,0,0,9.41280199913308,0.0,0.02653699993970804,4.7547879420787735,9.4,545.1875,False
1773599162.6594362,766,0,0,0,0,9.41733899890096,0.0,0.027277998015051708,4.718891885579328,9.4,545.1875,False
1773599162.8723996,767,0,0,0,0,9.446765001484891,0.0,0.027185000362806022,4.718891885579328,14.1,545.1875,False
1773599163.085436,768,0,0,0,0,9.460487999604084,0.0,0.02433400004520081,4.718891885579328,14.1,545.1875,False
1773599163.2984622,769,0,0,0,0,9.451116999116493,0.0,0.02650099850143306,4.718891885579328,9.4,545.1875,False
1773599163.5113044,770,0,0,0,0,9.367968999868026,0.0,0.02548100019339472,4.718891885579328,14.1,545.1875,False
1773599163.7243512,771,0,0,0,0,9.412117997271707,0.0,0.025221997930202633,4.69521172370066,9.4,545.1875,False
1773599163.9372454,772,0,0,0,0,9.376358000736218,0.0,0.025314999220427126,4.69521172370066,9.4,545.1875,False
1773599164.1495368,773,0,0,0,0,8.84031799796503,0.0,0.022389001969713718,4.69521172370066,14.1,545.1875,False
1773599164.362367,774,0,0,0,0,9.35074700100813,0.0,0.02320400017197244,4.69521172370066,14.1,545.1875,False
1773599164.575278,775,0,0,0,0,9.402634997968562,0.0,0.026130001060664654,4.69521172370066,9.4,545.1875,False
1773599164.7883,776,0,0,0,0,9.410654001840157,0.0,0.026185000024270266,4.699484483525546,9.4,545.1875,False
1773599165.0012603,777,0,0,0,0,9.367171998746926,0.0,0.02375899930484593,4.699484483525546,9.4,545.1875,False
1773599165.2142432,778,0,0,0,0,9.409636000782484,0.0,0.023110998881747946,4.699484483525546,18.8,545.1875,False
1773599165.4271445,779,0,0,0,0,9.37259899728815,0.0,0.02322300133528188,4.699484483525546,9.4,545.1875,False
1773599165.6400287,780,0,0,0,0,9.39754299906781,0.0,0.023963999410625547,4.699484483525546,9.4,545.1875,False
1773599165.8529794,781,0,0,0,0,9.368950002681231,0.0,0.024537999706808478,4.696209513244165,9.4,545.1875,False
1773599166.0657723,782,0,0,0,0,9.334449998277705,0.0,0.023074000637279823,4.696209513244165,9.4,545.1875,False
1773599166.278825,783,0,0,0,0,9.396932000527158,0.0,0.023647997295483947,4.696209513244165,18.8,545.1875,False
1773599166.4918177,784,0,0,0,0,9.442783997656079,0.0,0.024981000024126843,4.696209513244165,9.4,545.1875,False
1773599166.7048059,785,0,0,0,0,9.442968999792356,0.0,0.05175999831408262,4.696209513244165,9.4,545.1875,False
1773599166.9176903,786,0,0,0,0,9.36493200060795,0.0,0.0248889991780743,4.696129590346693,9.4,545.1875,False
1773599167.130613,787,0,0,0,0,9.445006002351874,0.0,0.025130000722128898,4.696129590346693,9.4,545.1875,False
1773599167.3435967,788,0,0,0,0,9.398486999998568,0.0,0.02403699909336865,4.696129590346693,18.8,545.1875,False
1773599167.556758,789,0,0,0,0,9.475265000219224,0.0,0.026462999812792987,4.696129590346693,14.1,545.1875,False
1773599167.7696502,790,0,0,0,0,9.389376002218341,0.0,0.024778000806691125,4.696129590346693,9.4,545.1875,False
1773599167.9825242,791,0,0,0,0,9.368098999402719,0.0,0.024536999262636527,4.6956091064480345,9.4,545.1875,False
1773599168.1954105,792,0,0,0,0,9.33545000225422,0.0,0.023167001927504316,4.6956091064480345,9.4,545.1875,False
1773599168.4082766,793,0,0,0,0,9.367228001792682,0.0,0.023869997676229104,4.6956091064480345,18.8,545.1875,False
1773599168.6212573,794,0,0,0,0,9.42328399833059,0.0,0.024240998754976317,4.6956091064480345,9.4,545.1875,False
1773599168.834121,795,0,0,0,0,9.38632099860115,0.0,0.02348199996049516,4.6956091064480345,9.4,545.1875,False
1773599169.0471168,796,0,0,0,0,9.328469001047779,0.0,0.024944998585851863,4.696621790342501,9.4,545.1875,False
1773599169.2600212,797,0,0,0,0,9.401469000295037,0.0,0.025092998839681968,4.696621790342501,9.4,545.1875,False
1773599169.472878,798,0,0,0,0,9.313579001172911,0.0,0.022963002265896648,4.696621790342501,18.8,545.1875,False
1773599169.6859567,799,0,0,0,0,9.508636998361908,0.0,0.023074000637279823,4.696621790342501,9.4,545.1875,False
1773599169.8989081,800,0,0,0,0,9.367154001665767,0.0,0.0243520007643383,4.696621790342501,9.4,545.203125,False
1773599170.1118886,801,0,0,0,0,9.405525001056958,0.0,0.024500001018168405,4.695908764904287,9.4,545.203125,False
1773599170.3248177,802,0,0,0,0,9.415562002686784,0.0,0.02490800034138374,4.695908764904287,9.4,545.203125,False
1773599170.5377758,803,0,0,0,0,9.440488000109326,0.0,0.024556000425945967,4.695908764904287,18.8,545.203125,False
1773599170.7506437,804,0,0,0,0,9.353319997899234,0.0,0.02522200156818144,4.695908764904287,9.4,545.203125,False
1773599170.963671,805,0,0,0,0,9.418061999895144,0.0,0.02403699909336865,4.695908764904287,9.4,545.203125,False
1773599171.176672,806,0,0,0,0,9.377153997775167,0.0,0.02374099858570844,4.695813080328634,9.4,545.203125,False
1773599171.3897207,807,0,0,0,0,9.41950600099517,0.0,0.02379600118729286,4.695813080328634,9.4,545.203125,False
1773599171.6026556,808,0,0,0,0,9.433988001546822,0.0,0.02485199729562737,4.695813080328634,18.8,545.203125,False
1773599171.8155947,809,0,0,0,0,9.384413999214303,0.0,0.023980999685591087,4.695813080328634,9.4,545.203125,False
1773599172.028482,810,0,0,0,0,9.368487000756431,0.0,0.024110999220283702,4.695813080328634,9.4,545.203125,False
1773599172.2415428,811,0,0,0,0,9.452840000449214,0.0,0.02461199983372353,4.695310537465504,9.4,545.203125,False
1773599172.454478,812,0,0,0,0,9.381969000969548,0.0,0.02327800029888749,4.695310537465504,9.4,545.203125,False
1773599172.6668553,813,0,0,0,0,8.850947000610176,0.0,0.023130000045057386,4.695310537465504,14.1,545.203125,False
1773599172.8797028,814,0,0,0,0,9.426469001482474,0.0,0.02463000055286102,4.695310537465504,14.1,545.203125,False
1773599173.092624,815,0,0,0,0,9.393061998707708,0.0,0.024128999939421192,4.695310537465504,9.4,545.203125,False
1773599173.3056204,816,0,0,0,0,9.420246999070514,0.0,0.02374099858570844,4.698928511331842,4.7,545.203125,False
1773599173.5185318,817,0,0,0,0,9.406932000274537,0.0,0.02322200089110993,4.698928511331842,9.4,545.203125,False
1773599173.7315474,818,0,0,0,0,9.342432000266854,0.0,0.02490699989721179,4.698928511331842,18.8,545.203125,False
1773599173.9445229,819,0,0,0,0,9.44900700051221,0.0,0.024128999939421192,4.698928511331842,9.4,545.203125,False
1773599174.1574385,820,0,0,0,0,9.398395002790494,0.0,0.0238150023506023,4.698928511331842,9.4,545.203125,False
1773599174.3703141,821,0,0,0,0,9.37270899885334,0.0,0.02322200089110993,4.696188480638976,14.1,545.203125,False
1773599174.5832376,822,0,0,0,0,9.42141400082619,0.0,0.02318599945283495,4.696188480638976,9.4,545.203125,False
1773599174.7960916,823,0,0,0,0,9.342450000985991,0.0,0.02325899913557805,4.696188480638976,14.1,545.203125,False
1773599175.0090435,824,0,0,0,0,9.408507001353428,0.0,0.024148001102730632,4.696188480638976,14.1,545.21875,False
1773599175.2220032,825,0,0,0,0,9.394579999934649,0.0,0.02300100095453672,4.696188480638976,9.4,545.21875,False
1773599175.4349203,826,0,0,0,0,9.352671997476136,0.0,0.024073997337836772,4.696597598615802,9.4,545.21875,False
1773599175.6479173,827,0,0,0,0,9.496932998445118,0.0,0.025518998882034793,4.696597598615802,9.4,545.21875,False
1773599175.8609095,828,0,0,0,0,9.397820998856332,0.0,0.024258999474113807,4.696597598615802,18.8,545.21875,False
1773599176.0739405,829,0,0,0,0,9.473357997194398,0.0,0.02350000067963265,4.696597598615802,9.4,545.21875,False
1773599176.2868276,830,0,0,0,0,9.321412999270251,0.0,0.024406999727943912,4.696597598615802,9.4,545.21875,False
1773599176.499691,831,0,0,0,0,9.359690997371217,0.0,0.02431499888189137,4.695847778680157,9.4,545.21875,False
1773599176.7126267,832,0,0,0,0,9.350951000669738,0.0,0.02459199822624214,4.695847778680157,14.1,545.21875,False
1773599176.9254823,833,0,0,0,0,9.358561001135968,0.0,0.02320400017197244,4.695847778680157,14.1,545.21875,False
1773599177.1383672,834,0,0,0,0,9.36680199811235,0.0,0.02494500222383067,4.695847778680157,14.1,545.21875,False
1773599177.351216,835,0,0,0,0,9.346339000330772,0.0,0.023982000129763037,4.695847778680157,9.4,545.21875,False
1773599177.5642943,836,0,0,0,0,9.479173000727315,0.0,0.02490699989721179,4.696581821537004,9.4,545.21875,False
1773599177.7771688,837,0,0,0,0,9.366858001158107,0.0,0.023148000764194876,4.696581821537004,9.4,545.21875,False
1773599177.990013,838,0,0,0,0,9.379357998113846,0.0,0.022833999537397176,4.696581821537004,18.8,545.21875,False
1773599178.2029808,839,0,0,0,0,9.34809799946379,0.0,0.02353700256207958,4.696581821537004,9.4,545.21875,False
1773599178.4158792,840,0,0,0,0,9.386968999024248,0.0,0.023702999897068366,4.696581821537004,9.4,545.21875,False
1773599178.6289287,841,0,0,0,0,9.365357997012325,0.0,0.02324099841644056,4.6964587639601465,9.4,545.21875,False
1773599178.8418226,842,0,0,0,0,9.340283999335952,0.0,0.02359300196985714,4.6964587639601465,9.4,545.21875,False
1773599179.0546632,843,0,0,0,0,9.350950000225566,0.0,0.023926997528178617,4.6964587639601465,18.8,545.21875,False
1773599179.267539,844,0,0,0,0,9.368135000840994,0.0,0.024796001525828615,4.6964587639601465,9.4,545.21875,False
1773599179.480372,845,0,0,0,0,9.351673001219751,0.0,0.023592998331878334,4.6964587639601465,9.4,545.21875,False
1773599179.693306,846,0,0,0,0,9.362228000100004,0.0,0.023426000552717596,4.697563357629571,9.4,545.21875,False
1773599179.906136,847,0,0,0,0,9.339579999505077,0.0,0.023055999918142334,4.697563357629571,9.4,545.21875,False
1773599180.119008,848,0,0,0,0,9.32815399937681,0.0,0.024278000637423247,4.697563357629571,18.8,545.21875,False
1773599180.3318624,849,0,0,0,0,9.380171999509912,0.0,0.02375899930484593,4.697563357629571,9.4,545.21875,False
1773599180.544842,850,0,0,0,0,9.400395003467565,0.0,0.023445001716027036,4.697563357629571,9.4,545.21875,False
1773599180.7577252,851,0,0,0,0,9.346580001874827,0.0,0.02348199996049516,4.697419204981905,9.4,545.21875,False
1773599180.9706504,852,0,0,0,0,9.452840000449214,0.0,0.024501001462340355,4.697419204981905,9.4,545.21875,False
1773599181.1831665,853,0,0,0,0,9.006670999951893,0.0,0.023926000721985474,4.697419204981905,18.8,545.21875,False
1773599181.3960025,854,0,0,0,0,9.351820997835603,0.0,0.02507499812054448,4.697419204981905,9.4,545.21875,False
1773599181.6088746,855,0,0,0,0,9.374654000566807,0.0,0.023518998204963282,4.697419204981905,9.4,545.21875,False
1773599181.8216856,856,0,0,0,0,9.31689400022151,0.0,0.023685999622102827,4.6994392005661325,9.4,545.21875,False
1773599182.0345747,857,0,0,0,0,9.328969001217047,0.0,0.023295997380046174,4.6994392005661325,9.4,545.21875,False
1773599182.247395,858,0,0,0,0,9.303450002335012,0.0,0.024500001018168405,4.6994392005661325,18.8,545.234375,False
1773599182.4603,859,0,0,0,0,9.346431001176825,0.0,0.024148001102730632,4.6994392005661325,9.4,545.234375,False
1773599182.6731145,860,0,0,0,0,9.357191000162857,0.0,0.02327800029888749,4.6994392005661325,9.4,545.234375,False
1773599182.88593,861,0,0,0,0,9.353154000564246,0.0,0.02377800046815537,4.698176894485968,9.4,545.234375,False
1773599183.0987473,862,0,0,0,0,9.306078998633893,0.0,0.024222001229645684,4.698176894485968,9.4,545.234375,False
1773599183.3116364,863,0,0,0,0,9.341450000647455,0.0,0.024222001229645684,4.698176894485968,18.8,545.234375,False
1773599183.5245438,864,0,0,0,0,9.38613499965868,0.0,0.024944998585851863,4.698176894485968,9.4,545.234375,False
1773599183.737526,865,0,0,0,0,9.461729001486674,0.0,0.025371002266183496,4.698176894485968,9.4,545.234375,False
1773599183.9504688,866,0,0,0,0,9.40687600086676,0.0,0.02579700230853632,4.696928941758047,14.1,545.234375,False
1773599184.1633337,867,0,0,0,0,9.36980299957213,0.0,0.026112000341527164,4.696928941758047,9.4,545.234375,False
1773599184.3762395,868,0,0,0,0,9.396729001309723,0.0,0.02711100023589097,4.696928941758047,14.1,545.234375,False
1773599184.5893505,869,0,0,0,0,9.522395997919375,0.0,0.024666998797329143,4.696928941758047,14.1,545.234375,False
1773599184.802285,870,0,0,0,0,9.401931998581858,0.0,0.02550000135670416,4.696928941758047,9.4,545.234375,False
1773599185.015212,871,0,0,0,0,9.367673002998345,0.0,0.025610999728087336,4.6959897318217685,9.4,545.234375,False
1773599185.228296,872,0,0,0,0,9.598914999514818,0.0,0.026592999347485602,4.6959897318217685,9.4,545.234375,False
1773599185.4412825,873,0,0,0,0,9.463079997658497,0.0,0.02651899922057055,4.6959897318217685,18.8,545.234375,False
1773599185.6544669,874,0,0,0,0,9.698619000118924,0.0,0.02600000152597204,4.6959897318217685,9.4,545.234375,False
1773599185.8673544,875,0,0,0,0,9.38959899940528,0.0,0.02740800118772313,4.6959897318217685,9.4,545.234375,False
1773599186.08024,876,0,0,0,0,9.376597998198122,0.0,0.026222001906717196,4.694724023066729,9.4,545.234375,False
1773599186.2932866,877,0,0,0,0,9.499673997197533,0.0,0.025388999347342178,4.694724023066729,9.4,545.234375,False
1773599186.506244,878,0,0,0,0,9.474970000155736,0.0,0.025036999431904405,4.694724023066729,18.8,545.234375,False
1773599186.719144,879,0,0,0,0,9.411488001205726,0.0,0.026981000701198354,4.694724023066729,9.4,545.234375,False
1773599186.9321797,880,0,0,0,0,9.456227999180555,0.0,0.026908001018455252,4.694724023066729,9.4,545.234375,False
1773599187.145116,881,0,0,0,0,9.431449998373864,0.0,0.025610999728087336,4.695344177142921,9.4,545.234375,False
1773599187.3580174,882,0,0,0,0,9.440634999918984,0.0,0.027129997761221603,4.695344177142921,9.4,545.234375,False
1773599187.5709994,883,0,0,0,0,9.503839999524644,0.0,0.0276850005320739,4.695344177142921,18.8,545.234375,False
1773599187.7838805,884,0,0,0,0,9.407876001205295,0.0,0.025536999601172283,4.695344177142921,9.4,545.234375,False
1773599187.99681,885,0,0,0,0,9.397430996614276,0.0,0.05744499867432751,4.695344177142921,9.4,545.25,False
1773599188.2097585,886,0,0,0,0,9.46596900030272,0.0,0.02544499875511974,4.696408280665861,9.4,545.25,False
1773599188.4226902,887,0,0,0,0,9.427394998056116,0.0,0.02685200161067769,4.696408280665861,9.4,545.25,False
1773599188.6356516,888,0,0,0,0,9.409340000274824,0.0,0.027056001272285357,4.696408280665861,18.8,545.25,False
1773599188.8486993,889,0,0,0,0,9.52280400088057,0.0,0.02544499875511974,4.696408280665861,9.4,545.25,False
1773599189.0615444,890,0,0,0,0,9.354208999866387,0.0,0.023314998543355614,4.696408280665861,9.4,545.25,False
1773599189.2743857,891,0,0,0,0,9.343802001239965,0.0,0.02377800046815537,4.696500834201126,9.4,545.25,False
1773599189.4871368,892,0,0,0,0,9.303819999331608,0.0,0.026407997211208567,4.696500834201126,9.4,545.25,False
1773599189.699614,893,0,0,0,0,9.019113997055683,0.0,0.02351799776079133,4.696500834201126,18.8,545.25,False
1773599189.9127288,894,0,0,0,0,9.410023998498218,0.0,0.024369997845496982,4.696500834201126,9.4,545.25,False
1773599190.125531,895,0,0,0,0,9.326227998826653,0.0,0.023888998839538544,4.696500834201126,9.4,545.265625,False
1773599190.3384054,896,0,0,0,0,9.308115997555433,0.0,0.023704000341240317,4.6991622563396565,9.4,545.265625,False
1773599190.551339,897,0,0,0,0,9.440858000743901,0.0,0.023926000721985474,4.6991622563396565,9.4,545.265625,False
1773599190.7641168,898,0,0,0,0,9.314283001003787,0.0,0.025074001314351335,4.6991622563396565,18.8,545.265625,False
1773599190.9769685,899,0,0,0,0,9.372968997922726,0.0,0.024259999918285757,4.6991622563396565,9.4,545.265625,False
1773599191.189758,900,0,0,0,0,9.308227003202774,0.0,0.023741002223687246,4.6991622563396565,9.4,545.265625,False
1773599191.402519,901,0,0,0,0,9.25780099714757,0.0,0.023796997993486002,4.698754796998034,9.4,545.265625,False
1773599191.6154468,902,0,0,0,0,9.347690000140574,0.0,0.026464000256964937,4.698754796998034,9.4,545.265625,False
1773599191.8283286,903,0,0,0,0,9.383838998473948,0.0,0.026481000531930476,4.698754796998034,18.8,545.265625,False
1773599192.0411074,904,0,0,0,0,9.312078997027129,0.0,0.02344499807804823,4.698754796998034,9.4,545.265625,False
1773599192.2538786,905,0,0,0,0,9.325227998488117,0.0,0.023574997612740844,4.698754796998034,9.4,545.265625,False
1773599192.4667838,906,0,0,0,0,9.339634998468682,0.0,0.02259299799334258,4.6981169018243145,9.4,545.265625,False
1773599192.6795874,907,0,0,0,0,9.310598001320614,0.0,0.024351997126359493,4.6981169018243145,9.4,545.265625,False
1773599192.8924243,908,0,0,0,0,9.308911998232361,0.0,0.02375999974901788,4.6981169018243145,18.8,545.265625,False
1773599193.105247,909,0,0,0,0,9.329486998467473,0.0,0.022778000129619613,4.6981169018243145,9.4,545.265625,False
1773599193.3180976,910,0,0,0,0,9.364245997858234,0.0,0.023314998543355614,4.6981169018243145,9.4,545.265625,False
1773599193.530946,911,0,0,0,0,9.359023999422789,0.0,0.024296001356560737,4.69852003985275,9.4,545.265625,False
1773599193.7438478,912,0,0,0,0,9.395580000273185,0.0,0.024500001018168405,4.69852003985275,9.4,545.265625,False
1773599193.9566565,913,0,0,0,0,9.29457900201669,0.0,0.023148000764194876,4.69852003985275,23.5,545.265625,False
1773599194.1695719,914,0,0,0,0,9.3766539976059,0.0,0.023055999918142334,4.69852003985275,9.4,545.265625,False
1773599194.3823721,915,0,0,0,0,9.30833899838035,0.0,0.022889002138981596,4.69852003985275,9.4,545.265625,False
1773599194.5951684,916,0,0,0,0,9.338875999674201,0.0,0.02518499968573451,4.698276885660249,9.4,545.265625,False
1773599194.8078868,917,0,0,0,0,9.278969002480153,0.0,0.024518001737305894,4.698276885660249,9.4,545.265625,False
1773599195.0207946,918,0,0,0,0,9.353986999485642,0.0,0.024110999220283702,4.698276885660249,18.8,545.265625,False
1773599195.233712,919,0,0,0,0,9.393413001816953,0.0,0.02359300196985714,4.698276885660249,9.4,545.265625,False
1773599195.4465003,920,0,0,0,0,9.318931999587221,0.0,0.02385200059507042,4.698276885660249,9.4,545.265625,False
1773599195.6592577,921,0,0,0,0,9.292931001255056,0.0,0.02520400084904395,4.698844284596235,9.4,545.265625,False
1773599195.8720946,922,0,0,0,0,9.310560999438167,0.0,0.023908000002847984,4.698844284596235,9.4,545.265625,False
1773599196.0849519,923,0,0,0,0,9.386914000060642,0.0,0.022222000552574173,4.698844284596235,18.8,545.265625,False
1773599196.2977612,924,0,0,0,0,9.319913002400426,0.0,0.0238150023506023,4.698844284596235,9.4,545.265625,False
1773599196.5105913,925,0,0,0,0,9.258302001398988,0.0,0.024463002773700282,4.698844284596235,9.4,545.265625,False
1773599196.7233691,926,0,0,0,0,9.252282001398271,0.0,0.02461099938955158,4.69876532477385,9.4,545.265625,False
1773599196.9362345,927,0,0,0,0,9.307579999585869,0.0,0.023851996957091615,4.69876532477385,9.4,545.265625,False
1773599197.1491969,928,0,0,0,0,9.335265000117943,0.0,0.02325999957975,4.69876532477385,18.8,545.265625,False
1773599197.3620582,929,0,0,0,0,9.322560999862617,0.0,0.023093001800589263,4.69876532477385,9.4,545.265625,False
1773599197.5748327,930,0,0,0,0,9.320117002062034,0.0,0.02301900167367421,4.69876532477385,9.4,545.265625,False
1773599197.7876709,931,0,0,0,0,9.324284001195338,0.0,0.02359200152568519,4.697903256192797,9.4,545.265625,False
1773599198.0005372,932,0,0,0,0,9.357523998914985,0.0,0.024426000891253352,4.697903256192797,9.4,545.265625,False
1773599198.2128634,933,0,0,0,0,8.789021001575748,0.0,0.02411100285826251,4.697903256192797,14.1,545.265625,False
1773599198.425725,934,0,0,0,0,9.331912999186898,0.0,0.026407000405015424,4.697903256192797,14.1,545.265625,False
1773599198.638698,935,0,0,0,0,9.474802998738596,0.0,0.026166999305132776,4.697903256192797,9.4,545.265625,False
1773599198.8516762,936,0,0,0,0,9.310227000241866,0.0,0.02624099943204783,4.699330735630602,9.4,545.265625,False
1773599199.0646534,937,0,0,0,0,9.345079000922851,0.0,0.02599999788799323,4.699330735630602,9.4,545.265625,False
1773599199.2774894,938,0,0,0,0,9.282505001465324,0.0,0.025851997634163126,4.699330735630602,18.8,545.265625,False
1773599199.4905927,939,0,0,0,0,9.42837600086932,0.0,0.026982001145370305,4.699330735630602,9.4,545.265625,False
1773599199.7036364,940,0,0,0,0,9.339172000181861,0.0,0.028111000574426726,4.699330735630602,9.4,545.265625,False
1773599199.916563,941,0,0,0,0,9.265319997211918,0.0,0.025648001610534266,4.695462971110331,14.1,545.265625,False
1773599200.129406,942,0,0,0,0,9.377042999403784,0.0,0.02457399750710465,4.695462971110331,9.4,545.265625,False
1773599200.342283,943,0,0,0,0,9.362690998386825,0.0,0.025130000722128898,4.695462971110331,14.1,545.265625,False
1773599200.555194,944,0,0,0,0,9.396506000484806,0.0,0.025574001483619213,4.695462971110331,9.4,545.265625,False
1773599200.7680516,945,0,0,0,0,9.38708000103361,0.0,0.025574001483619213,4.695462971110331,9.4,545.265625,False
1773599200.9809403,946,0,0,0,0,9.400062001077458,0.0,0.024647997634019703,4.697433935503553,14.1,545.265625,False
1773599201.1939032,947,0,0,0,0,9.39813500008313,0.0,0.02551800207584165,4.697433935503553,9.4,545.265625,False
1773599201.406851,948,0,0,0,0,9.32967200060375,0.0,0.025074001314351335,4.697433935503553,14.1,545.265625,False
1773599201.619813,949,0,0,0,0,9.476581002672901,0.0,0.024111999664455652,4.697433935503553,14.1,545.265625,False
1773599201.8326697,950,0,0,0,0,9.289097997680074,0.0,0.024740998924244195,4.697433935503553,9.4,545.265625,False
1773599202.045608,951,0,0,0,0,9.332264999102335,0.0,0.024574001145083457,4.696286283851903,9.4,545.265625,False
1773599202.2584028,952,0,0,0,0,9.339172000181861,0.0,0.023926000721985474,4.696286283851903,9.4,545.265625,False
1773599202.4711547,953,0,0,0,0,9.269301997846924,0.0,0.022832999093225226,4.696286283851903,18.8,545.265625,False
1773599202.6839085,954,0,0,0,0,9.284430998377502,0.0,0.024425997253274545,4.696286283851903,9.4,545.265625,False
1773599202.8967574,955,0,0,0,0,9.29148700015503,0.0,0.023406999389408156,4.696286283851903,9.4,545.265625,False
1773599203.109508,956,0,0,0,0,9.282616003474686,0.0,0.024000000848900527,4.69968879423959,9.4,545.265625,False
1773599203.322365,957,0,0,0,0,9.375764999276726,0.0,0.023130000045057386,4.69968879423959,9.4,545.265625,False
1773599203.5351796,958,0,0,0,0,9.333321002486628,0.0,0.024814999051159248,4.69968879423959,18.8,545.265625,False
1773599203.7480443,959,0,0,0,0,9.287431003031088,0.0,0.023426000552717596,4.69968879423959,9.4,545.265625,False
1773599203.9609368,960,0,0,0,0,9.318857999460306,0.0,0.023795997549314052,4.69968879423959,9.4,545.265625,False
1773599204.1737695,961,0,0,0,0,9.347319999505999,0.0,0.02385200059507042,4.698113744358247,9.4,545.265625,False
1773599204.3865259,962,0,0,0,0,9.312171998317353,0.0,0.024241002392955124,4.698113744358247,9.4,545.265625,False
1773599204.5994308,963,0,0,0,0,9.329172000434482,0.0,0.023888998839538544,4.698113744358247,18.8,545.265625,False
1773599204.8122332,964,0,0,0,0,9.342986999399727,0.0,0.025074001314351335,4.698113744358247,9.4,545.265625,False
1773599205.0252619,965,0,0,0,0,9.522191998257767,0.0,0.02631499955896288,4.698113744358247,9.4,545.265625,False
1773599205.2382448,966,0,0,0,0,9.48502499886672,0.0,0.02575899998191744,4.697284530210399,9.4,545.265625,False
1773599205.4512637,967,0,0,0,0,9.460042998398421,0.0,0.026351997803431004,4.697284530210399,9.4,545.28125,False
1773599205.664171,968,0,0,0,0,9.414821000973461,0.0,0.027314999897498637,4.697284530210399,18.8,545.28125,False
1773599205.8770869,969,0,0,0,0,9.412024002813268,0.0,0.023908000002847984,4.697284530210399,9.4,545.28125,False
1773599206.0900323,970,0,0,0,0,9.366098998725647,0.0,0.024258999474113807,4.697284530210399,9.4,545.296875,False
1773599206.303067,971,0,0,0,0,9.423321000213036,0.0,0.0243520007643383,4.695523947339609,9.4,545.3125,False
1773599206.5159307,972,0,0,0,0,9.40015400192351,0.0,0.023814998712623492,4.695523947339609,9.4,545.3125,False
1773599206.7284212,973,0,0,0,0,8.986632998130517,0.0,0.023721997422399,4.695523947339609,18.8,545.3125,False
1773599206.9413736,974,0,0,0,0,9.400673003256088,0.0,0.02383299943176098,4.695523947339609,9.4,545.3125,False
1773599207.1541946,975,0,0,0,0,9.348284002044238,0.0,0.023054999473970383,4.695523947339609,9.4,545.3125,False
1773599207.3670137,976,0,0,0,0,9.361246000480605,0.0,0.024556000425945967,4.699491855252696,9.4,545.3125,False
1773599207.5798893,977,0,0,0,0,9.418190998985665,0.0,0.023908000002847984,4.699491855252696,9.4,545.3125,False
1773599207.7928007,978,0,0,0,0,9.378228001878597,0.0,0.025593002646928653,4.699491855252696,18.8,545.3125,False
1773599208.005655,979,0,0,0,0,9.388264999870444,0.0,0.02374099858570844,4.699491855252696,9.4,545.3125,False
1773599208.2184587,980,0,0,0,0,9.33654199980083,0.0,0.025814999389695004,4.699491855252696,9.4,545.3125,False
1773599208.4312363,981,0,0,0,0,9.302950002165744,0.0,0.023814998712623492,4.698265307516926,9.4,545.3125,False
1773599208.644074,982,0,0,0,0,9.301375001086853,0.0,0.025260000256821513,4.698265307516926,14.1,545.3125,False
1773599208.856999,983,0,0,0,0,9.334635000413982,0.0,0.022833999537397176,4.698265307516926,14.1,545.3125,False
1773599209.0698328,984,0,0,0,0,9.373449996928684,0.0,0.023927001166157424,4.698265307516926,9.4,545.3125,False
1773599209.2826197,985,0,0,0,0,9.301301000959938,0.0,0.023592998331878334,4.698265307516926,9.4,545.3125,False
1773599209.4954138,986,0,0,0,0,9.298875997046707,0.0,0.02487099845893681,4.698467406940906,9.4,545.3125,False
1773599209.7083504,987,0,0,0,0,9.455043000343721,0.0,0.024556000425945967,4.698467406940906,14.1,545.3125,False
1773599209.9212017,988,0,0,0,0,9.350245996756712,0.0,0.02409300213912502,4.698467406940906,18.8,545.3125,False
1773599210.1341057,989,0,0,0,0,9.439007000764832,0.0,0.02355499964323826,4.698467406940906,9.4,545.3125,False
1773599210.347009,990,0,0,0,0,9.363412998936838,0.0,0.025592999008949846,4.698467406940906,9.4,545.3125,False
1773599210.5598764,991,0,0,0,0,9.38691299961647,0.0,0.02464900171617046,4.697208779044934,9.4,545.3125,False
1773599210.772704,992,0,0,0,0,9.329802000138443,0.0,0.02490800034138374,4.697208779044934,4.7,545.3125,False
1773599210.9855423,993,0,0,0,0,9.341598000901286,0.0,0.0238150023506023,4.697208779044934,18.8,545.3125,False
1773599211.1985316,994,0,0,0,0,9.420487000170397,0.0,0.02433400004520081,4.697208779044934,9.4,545.3125,False
1773599211.4115388,995,0,0,0,0,9.403191001183586,0.0,0.02601899905130267,4.697208779044934,9.4,545.3125,False
1773599211.6244009,996,0,0,0,0,9.38504300211207,0.0,0.0256669991358649,4.696983644169589,9.4,545.3125,False
1773599211.837329,997,0,0,0,0,9.413005998794688,0.0,0.02464800127199851,4.696983644169589,14.1,545.3125,False
1773599212.0503147,998,0,0,0,0,9.496655002294574,0.0,0.026962999982060865,4.696983644169589,14.1,545.3125,False
1773599212.2631516,999,0,0,0,0,9.370394000143278,0.0,0.02546299947425723,4.696983644169589,14.1,545.3125,False
1773599212.4759927,1000,0,0,0,0,9.386543002619874,0.0,0.0256669991358649,4.696983644169589,9.4,545.3125,False
1773599212.6890078,1001,0,0,0,0,9.4517840007029,0.0,0.025222998374374583,4.6965334391563065,9.4,545.3125,False
1773599212.9018412,1002,0,0,0,0,9.369709998281905,0.0,0.02546399991842918,4.6965334391563065,9.4,545.3125,False
1773599213.1148767,1003,0,0,0,0,9.464802998991217,0.0,0.026944999262923375,4.6965334391563065,18.8,545.3125,False
1773599213.3278067,1004,0,0,0,0,9.401617000548868,0.0,0.026388999685877934,4.6965334391563065,9.4,545.3125,False
1773599213.5407617,1005,0,0,0,0,9.405894998053554,0.0,0.02848099757102318,4.6965334391563065,9.4,545.3125,False
1773599213.7536285,1006,0,0,0,0,9.376005997182801,0.0,0.025612000172259286,4.696521869604262,9.4,545.3125,False
1773599213.9665082,1007,0,0,0,0,9.402321000379743,0.0,0.025888999516610056,4.696521869604262,9.4,545.3125,False
1773599214.179378,1008,0,0,0,0,9.351228000014089,0.0,0.02598199716885574,4.696521869604262,18.8,545.3125,False
1773599214.3922641,1009,0,0,0,0,9.396506000484806,0.0,0.02574099926277995,4.696521869604262,9.4,545.3125,False
1773599214.6051393,1010,0,0,0,0,9.402821000549011,0.0,0.02514899824745953,4.696521869604262,9.4,545.3125,False
1773599214.818005,1011,0,0,0,0,9.400745999300852,0.0,0.02631499955896288,4.697607552184016,9.4,545.3125,False
1773599215.0307674,1012,0,0,0,0,9.290616999351187,0.0,0.024760000087553635,4.697607552184016,14.1,545.3125,False
1773599215.243718,1013,0,0,0,0,9.334782997029833,0.0,0.028889000532217324,4.697607552184016,14.1,545.3125,False
1773599215.4565492,1014,0,0,0,0,9.337117000541184,0.0,0.024278000637423247,4.697607552184016,9.4,545.3125,False
1773599215.669392,1015,0,0,0,0,9.318264998000814,0.0,0.024740998924244195,4.697607552184016,14.1,545.3125,False
1773599215.8822358,1016,0,0,0,0,9.36428299974068,0.0,0.023870998120401055,4.698213732844474,9.4,545.3125,False
1773599216.0950212,1017,0,0,0,0,9.301524001784855,0.0,0.024556000425945967,4.698213732844474,9.4,545.3125,False
1773599216.3078403,1018,0,0,0,0,9.3398579992936,0.0,0.024480999854858965,4.698213732844474,18.8,545.3125,False
1773599216.5207434,1019,0,0,0,0,9.357653998449678,0.0,0.02535199746489525,4.698213732844474,4.7,545.3125,False
1773599216.7336307,1020,0,0,0,0,9.398190999490907,0.0,0.02520400084904395,4.698213732844474,9.4,545.3125,False
1773599216.9464579,1021,0,0,0,0,9.358487001009053,0.0,0.02522200156818144,4.6982926741294735,9.4,545.3125,False
1773599217.1592388,1022,0,0,0,0,9.319765002146596,0.0,0.025036999431904405,4.6982926741294735,9.4,545.3125,False
1773599217.372091,1023,0,0,0,0,9.367542999825673,0.0,0.025833000108832493,4.6982926741294735,18.8,545.3125,False
1773599217.5850823,1024,0,0,0,0,9.437246997549664,0.0,0.025036999431904405,4.6982926741294735,9.4,545.3125,False
1773599217.797934,1025,0,0,0,0,9.385394998389529,0.0,0.025332999939564615,4.6982926741294735,9.4,545.3125,False
1773599218.0108082,1026,0,0,0,0,9.336912997241598,0.0,0.025203997211065143,4.697729617654478,14.1,545.3125,False
1773599218.223567,1027,0,0,0,0,9.277097997255623,0.0,0.02375899930484593,4.697729617654478,9.4,545.3125,False
1773599218.4358463,1028,0,0,0,0,8.764613001403632,0.0,0.02348099951632321,4.697729617654478,14.1,545.3125,False
1773599218.648772,1029,0,0,0,0,9.444136001548031,0.0,0.038352001865860075,4.697729617654478,9.4,545.3125,False
1773599218.8616061,1030,0,0,0,0,9.366062000481179,0.0,0.02463000055286102,4.697729617654478,9.4,545.3125,False
1773599219.0744853,1031,0,0,0,0,9.3747840001015,0.0,0.02592599776107818,4.7006653077491025,9.4,545.3125,False
1773599219.28729,1032,0,0,0,0,9.332264999102335,0.0,0.025851997634163126,4.7006653077491025,9.4,545.3125,False
1773599219.5001173,1033,0,0,0,0,9.336802002508193,0.0,0.025851997634163126,4.7006653077491025,18.8,545.3125,False
1773599219.7130623,1034,0,0,0,0,9.434580002562143,0.0,0.026130001060664654,4.7006653077491025,9.4,545.3125,False
1773599219.9261181,1035,0,0,0,0,9.383838998473948,0.0,0.025630000891396776,4.7006653077491025,9.4,545.3125,False
1773599220.1390011,1036,0,0,0,0,9.347819999675266,0.0,0.025149001885438338,4.69702467181443,9.4,545.3125,False
1773599220.3519194,1037,0,0,0,0,9.429136000107974,0.0,0.025556000764481723,4.69702467181443,14.1,545.3125,False
1773599220.5648582,1038,0,0,0,0,9.434302999579813,0.0,0.026388999685877934,4.69702467181443,14.1,545.328125,False
1773599220.7778642,1039,0,0,0,0,9.417543002200546,0.0,0.024574001145083457,4.69702467181443,9.4,545.328125,False
1773599220.9906394,1040,0,0,0,0,9.284931002184749,0.0,0.02461199983372353,4.69702467181443,9.4,545.328125,False
1773599221.2033799,1041,0,0,0,0,9.24218999716686,0.0,0.02401899837423116,4.697535999512585,9.4,545.328125,False
1773599221.4161215,1042,0,0,0,0,9.281097001803573,0.0,0.02490800034138374,4.697535999512585,14.1,545.328125,False
1773599221.6290352,1043,0,0,0,0,9.407895002368605,0.0,0.023610999051015824,4.697535999512585,18.8,545.328125,False
1773599221.8417716,1044,0,0,0,0,9.294302002672339,0.0,0.024426000891253352,4.697535999512585,9.4,545.328125,False
1773599222.0545154,1045,0,0,0,0,9.288968998589553,0.0,0.022871001419844106,4.697535999512585,9.4,545.328125,False
1773599222.267336,1046,0,0,0,0,9.254913002223475,0.0,0.024241002392955124,4.6994360413224605,9.4,545.328125,False
1773599222.4800913,1047,0,0,0,0,9.2960049987596,0.0,0.02490699989721179,4.6994360413224605,9.4,545.328125,False
1773599222.692974,1048,0,0,0,0,9.414414002094418,0.0,0.02374099858570844,4.6994360413224605,14.1,545.328125,False
1773599222.9057817,1049,0,0,0,0,9.323819998826366,0.0,0.023055999918142334,4.6994360413224605,14.1,545.328125,False
1773599223.1186664,1050,0,0,0,0,9.35389499863959,0.0,0.023352000425802544,4.6994360413224605,9.4,545.328125,False
1773599223.3315902,1051,0,0,0,0,9.362209999380866,0.0,0.02518499968573451,4.698117954313946,9.4,545.328125,False
1773599223.544368,1052,0,0,0,0,9.312115998909576,0.0,0.024148997908923775,4.698117954313946,9.4,545.328125,False
1773599223.757277,1053,0,0,0,0,9.33906200225465,0.0,0.022797001292929053,4.698117954313946,18.8,545.328125,False
1773599223.9700265,1054,0,0,0,0,9.280671998567414,0.0,0.02385200059507042,4.698117954313946,9.4,545.328125,False
1773599224.182799,1055,0,0,0,0,9.265671997127356,0.0,0.023926000721985474,4.698117954313946,9.4,545.34375,False
1773599224.3955522,1056,0,0,0,0,9.275930999137927,0.0,0.024666998797329143,4.69944130673094,9.4,545.34375,False
1773599224.6083522,1057,0,0,0,0,9.336005998193286,0.0,0.023944001441122964,4.69944130673094,9.4,545.34375,False
1773599224.8211205,1058,0,0,0,0,9.294300998590188,0.0,0.024091998056974262,4.69944130673094,18.8,545.34375,False
1773599225.0339084,1059,0,0,0,0,9.294041999964975,0.0,0.02183299875468947,4.69944130673094,9.4,545.34375,False
1773599225.246555,1060,0,0,0,0,9.255746001144871,0.0,0.022241001715883613,4.69944130673094,9.4,545.34375,False
