timestamp,frame_index,motion_regions,yolo_detections,confirmed_tracks,new_confirmations,time_mog2_ms,time_yolo_ms,time_tracker_ms,fps,cpu_percent,ram_mb,yolo_ran
1773594095.290428,0,0,0,0,0,7.5993350001226645,0.0,0.026759000320453197,0.0,0.0,456.6875,False
1773594095.5009632,1,0,0,0,0,7.156257997849025,0.0,0.0271480021183379,0.0,4.7,461.59375,False
1773594095.711123,2,0,0,0,0,7.031978999293642,0.0,0.021333999029593542,0.0,9.5,464.21875,False
1773594095.9209898,3,0,0,0,0,6.726031999278348,0.0,0.017834001482697204,0.0,14.3,467.203125,False
1773594096.1308465,4,0,0,0,0,6.7430140006763395,0.0,0.01935199907165952,4.759781242964114,4.8,469.84375,False
1773594096.340696,5,0,0,0,0,6.717051001032814,0.0,0.018443999579176307,4.759781242964114,14.3,472.46875,False
1773594096.5505462,6,0,0,0,0,6.72132900217548,0.0,0.019186001736670732,4.759781242964114,4.8,475.09375,False
1773594096.7603762,7,0,0,0,0,6.700180001644185,0.0,0.020073999621672556,4.759781242964114,9.5,477.71875,False
1773594096.9702501,8,0,0,0,0,6.7126610010745935,0.0,0.019277998944744468,4.759781242964114,9.5,480.34375,False
1773594097.180065,9,0,0,0,0,6.730643002811121,0.0,0.019352002709638327,4.765469326076953,9.5,482.96875,False
1773594097.3898003,10,0,0,0,0,6.697698001516983,0.0,0.01768500078469515,4.765469326076953,4.8,482.96875,False
1773594097.5996342,11,0,0,0,0,6.708790999255143,0.0,0.01938900095410645,4.765469326076953,9.5,482.96875,False
1773594097.8096461,12,0,0,0,0,6.836977001512423,0.0,0.01770399831002578,4.765469326076953,4.8,482.96875,False
1773594098.019483,13,0,0,0,0,6.677198998659151,0.0,0.01735199839458801,4.765469326076953,14.3,482.96875,False
1773594098.2294018,14,0,0,0,0,6.7512919995351695,0.0,0.018685001123230904,4.7648878889736626,4.8,482.96875,False
1773594098.4392955,15,0,0,0,0,6.721532001392916,0.0,0.018999999156221747,4.7648878889736626,9.5,482.96875,False
1773594098.6495688,16,0,0,0,0,7.235295001009945,0.0,0.01938900095410645,4.7648878889736626,9.5,482.96875,False
1773594098.8594005,17,0,0,0,0,6.720180001138942,0.0,0.019815000996459275,4.7648878889736626,4.8,482.96875,False
1773594099.0693407,18,0,0,0,0,6.744550999428611,0.0,0.019333001546328887,4.7648878889736626,14.3,482.96875,False
1773594099.2791295,19,0,0,0,0,6.716457999573322,0.0,0.018296999769518152,4.763148755958898,4.8,482.96875,False
1773594099.4889772,20,0,0,0,0,6.764957997802412,0.0,0.017852002201834694,4.763148755958898,9.5,482.96875,False
1773594099.6988518,21,0,0,0,0,6.701365000481019,0.0,0.019869999960064888,4.763148755958898,4.8,482.96875,False
1773594099.910812,22,0,0,0,0,8.726140000362648,0.0,0.022000000171829015,4.763148755958898,9.4,482.96875,False
1773594100.1234522,23,0,0,0,0,9.271792001527501,0.0,0.022758998966310173,4.763148755958898,18.8,482.96875,False
1773594100.3360405,24,0,0,0,0,9.245014000043739,0.0,0.022685002477373928,4.73100853189195,9.4,482.96875,False
1773594100.5487344,25,0,0,0,0,9.280940997996368,0.0,0.024019002012209967,4.73100853189195,9.4,482.96875,False
1773594100.7613828,26,0,0,0,0,9.312422000220977,0.0,0.024073997337836772,4.73100853189195,9.4,482.96875,False
1773594100.9740582,27,0,0,0,0,9.331181001471123,0.0,0.024110999220283702,4.73100853189195,9.4,482.96875,False
1773594101.186195,28,0,0,0,0,8.728286997211399,0.0,0.02211099854321219,4.73100853189195,18.9,482.96875,False
1773594101.3987927,29,0,0,0,0,9.230199000739958,0.0,0.0235740008065477,4.70477595493075,9.4,482.96875,False
1773594101.6115139,30,0,0,0,0,9.313773000030778,0.0,0.022797001292929053,4.70477595493075,9.4,482.96875,False
1773594101.824398,31,0,0,0,0,9.385995999764418,0.0,0.023814998712623492,4.70477595493075,9.4,482.96875,False
1773594102.036257,32,0,0,0,0,8.395970002311515,0.0,0.023722001060377806,4.70477595493075,9.4,482.96875,False
1773594102.2489,33,0,0,0,0,9.276921999116894,0.0,0.02403699909336865,4.70477595493075,18.8,482.96875,False
1773594102.4611073,34,0,0,0,0,8.787825998297194,0.0,0.023186003090813756,4.706682915552922,9.4,482.96875,False
1773594102.6736956,35,0,0,0,0,9.297828997659963,0.0,0.02296299862791784,4.706682915552922,9.4,482.96875,False
1773594102.8859732,36,0,0,0,0,8.826177996525075,0.0,0.024111999664455652,4.706682915552922,9.4,482.96875,False
1773594103.0985937,37,0,0,0,0,9.304070001235232,0.0,0.022797001292929053,4.706682915552922,9.4,482.96875,False
1773594103.310355,38,0,0,0,0,8.343247998709558,0.0,0.02359300196985714,4.706682915552922,18.9,482.96875,False
1773594103.522419,39,0,0,0,0,8.731491998332785,0.0,0.02322199725313112,4.711142741097776,4.7,482.96875,False
1773594103.7350683,40,0,0,0,0,9.27010699888342,0.0,0.024444001610390842,4.711142741097776,9.4,482.96875,False
1773594103.9478614,41,0,0,0,0,9.291402999224374,0.0,0.023796997993486002,4.711142741097776,14.1,482.96875,False
1773594104.1606019,42,0,0,0,0,9.270235997973941,0.0,0.025110999558819458,4.711142741097776,9.4,482.96875,False
1773594104.373278,43,0,0,0,0,9.266569999454077,0.0,0.02350000067963265,4.711142741097776,14.1,482.96875,False
1773594104.5860884,44,0,0,0,0,9.287867000239203,0.0,0.023518998204963282,4.700763297522404,9.4,482.96875,False
1773594104.7989576,45,0,0,0,0,9.362810997117776,0.0,0.024259999918285757,4.700763297522404,9.4,482.96875,False
1773594105.011918,46,0,0,0,0,9.425682001165114,0.0,0.02575899998191744,4.700763297522404,9.4,482.96875,False
1773594105.2248895,47,0,0,0,0,9.417255998414475,0.0,0.026370998966740444,4.700763297522404,9.4,482.96875,False
1773594105.4382744,48,0,0,0,0,9.834944001340773,0.0,0.023110998881747946,4.700763297522404,18.7,482.96875,False
1773594105.6512768,49,0,0,0,0,9.567274999426445,0.0,0.030686001991853118,4.693977953108388,9.4,482.96875,False
1773594105.8640826,50,0,0,0,0,9.343773999717087,0.0,0.02546299947425723,4.693977953108388,9.4,482.96875,False
1773594106.076967,51,0,0,0,0,9.415664000698598,0.0,0.025056000595213845,4.693977953108388,9.4,482.96875,False
1773594106.2899313,52,0,0,0,0,9.426496999367373,0.0,0.0260560009337496,4.693977953108388,9.4,482.96875,False
1773594106.5025983,53,0,0,0,0,9.219366002071183,0.0,0.025055000151041895,4.693977953108388,18.8,482.96875,False
1773594106.715498,54,0,0,0,0,9.329385000455659,0.0,0.025036999431904405,4.698374775880019,9.4,482.96875,False
1773594106.9283128,55,0,0,0,0,9.332069999800297,0.0,0.02322300133528188,4.698374775880019,9.4,482.96875,False
1773594107.1415088,56,0,0,0,0,9.613460999389645,0.0,0.02379700163146481,4.698374775880019,9.4,482.96875,False
1773594107.3543398,57,0,0,0,0,9.300866000558017,0.0,0.024408000172115862,4.698374775880019,9.4,482.96875,False
1773594107.567125,58,0,0,0,0,9.238902999641141,0.0,0.024351997126359493,4.698374775880019,18.8,482.96875,False
1773594107.7798119,59,0,0,0,0,9.284087998821633,0.0,0.025036999431904405,4.697850637098413,9.4,482.96875,False
1773594107.992592,60,0,0,0,0,9.295181000197772,0.0,0.02355600008741021,4.697850637098413,9.4,482.96875,False
1773594108.2053957,61,0,0,0,0,9.29023699791287,0.0,0.02324099841644056,4.697850637098413,9.4,482.96875,False
1773594108.418148,62,0,0,0,0,9.292494996770984,0.0,0.02353699892410077,4.697850637098413,9.4,482.96875,False
1773594108.6309927,63,0,0,0,0,9.343311001430266,0.0,0.02388900247751735,4.697850637098413,18.8,482.96875,False
1773594108.8438306,64,0,0,0,0,9.309272998507367,0.0,0.023352000425802544,4.699147514976467,9.4,482.96875,False
1773594109.0565946,65,0,0,0,0,9.295440999267157,0.0,0.02316699828952551,4.699147514976467,9.4,482.96875,False
1773594109.2693622,66,0,0,0,0,9.313143997133011,0.0,0.023036998754832894,4.699147514976467,9.4,482.96875,False
1773594109.482169,67,0,0,0,0,9.282809998694574,0.0,0.02300000051036477,4.699147514976467,9.4,482.96875,False
1773594109.695051,68,0,0,0,0,9.294939998653717,0.0,0.024740998924244195,4.699147514976467,18.8,482.96875,False
1773594109.9077876,69,0,0,0,0,9.352589000627631,0.0,0.023722001060377806,4.699443412897637,9.4,482.96875,False
1773594110.120435,70,0,0,0,0,9.241439998731948,0.0,0.023888998839538544,4.699443412897637,9.4,482.96875,False
1773594110.3331485,71,0,0,0,0,9.329163000074914,0.0,0.02244400093331933,4.699443412897637,9.4,482.96875,False
1773594110.5458841,72,0,0,0,0,9.282365997933084,0.0,0.022797001292929053,4.699443412897637,9.4,482.96875,False
1773594110.7587278,73,0,0,0,0,9.31547700020019,0.0,0.02329700146219693,4.699443412897637,18.8,482.96875,False
1773594110.9715078,74,0,0,0,0,9.289976998843485,0.0,0.022536998585565016,4.700498839865589,9.4,482.96875,False
1773594111.1843338,75,0,0,0,0,9.29458799873828,0.0,0.02457399750710465,4.700498839865589,9.4,482.96875,False
1773594111.3971174,76,0,0,0,0,9.317107000242686,0.0,0.02344399763387628,4.700498839865589,9.4,482.96875,False
1773594111.6100004,77,0,0,0,0,9.281700000428827,0.0,0.02296399907208979,4.700498839865589,9.4,482.96875,False
1773594111.8227499,78,0,0,0,0,9.281995997298509,0.0,0.02357500125071965,4.700498839865589,18.8,482.96875,False
1773594112.0355601,79,0,0,0,0,9.31094000043231,0.0,0.023093001800589263,4.699029587400433,9.4,482.96875,False
1773594112.248204,80,0,0,0,0,9.26790300218272,0.0,0.02296299862791784,4.699029587400433,9.4,482.96875,False
1773594112.4609852,81,0,0,0,0,9.37242199870525,0.0,0.024796001525828615,4.699029587400433,9.4,482.96875,False
1773594112.6737185,82,0,0,0,0,9.29984700269415,0.0,0.024185999791370705,4.699029587400433,9.4,482.96875,False
1773594112.886659,83,0,0,0,0,9.45007100017392,0.0,0.02492600106052123,4.699029587400433,18.8,482.96875,False
1773594113.0994358,84,0,0,0,0,9.29008899765904,0.0,0.024204000510508195,4.699813074393971,9.4,482.96875,False
1773594113.3121939,85,0,0,0,0,9.289347999583697,0.0,0.023962998966453597,4.699813074393971,9.4,482.96875,False
1773594113.525066,86,0,0,0,0,9.340291999251349,0.0,0.02496300294296816,4.699813074393971,9.4,482.96875,False
1773594113.7379282,87,0,0,0,0,9.305977000622079,0.0,0.025018001906573772,4.699813074393971,9.4,482.96875,False
1773594113.950773,88,0,0,0,0,9.355848000268452,0.0,0.02492600106052123,4.699813074393971,18.8,482.96875,False
1773594114.1637027,89,0,0,0,0,9.436626001843251,0.0,0.02346299879718572,4.698053753309345,9.4,483.0625,False
1773594115.4144232,90,1,1,0,0,9.451829999306938,1037.869560001127,0.0436670015915297,0.799492662031826,131.9,562.390625,True
1773594116.3141935,91,1,1,1,1,7.175942002504598,689.1761290025897,0.04657400131691247,0.799492662031826,134.5,566.0,True
1773594117.1994278,92,1,1,1,0,7.13977600025828,674.762426999223,0.042852003389270976,0.9981264473152844,134.4,569.21875,True
1773594118.203641,93,1,1,1,0,7.175239003117895,793.7523359978513,0.03324099816381931,1.1189858038632625,137.4,598.171875,True
1773594119.1965768,94,1,1,1,0,7.195627997134579,782.5082140006998,0.03294399721198715,1.1189858038632625,135.0,602.75,True
1773594120.1853526,95,1,1,1,0,7.1913869978743605,778.3762920007575,0.03464800101937726,0.9133378379937988,137.5,604.078125,True
1773594121.1831152,96,1,1,1,0,7.198868999694241,787.4279140014551,0.03263000326114707,1.0612436676948986,136.3,607.125,True
1773594122.2420647,97,1,1,1,0,7.243869000376435,848.4721290005837,0.032556003134232014,0.9443257431016758,138.8,595.15625,True
1773594123.2273417,98,1,1,1,0,7.187145998614142,774.9072440019518,0.03242599996156059,0.9443257431016758,138.0,628.0,True
1773594124.1095374,99,1,1,1,0,7.160646000556881,671.8278779990214,0.031702998967375606,0.9197635716694758,133.8,624.125,True
1773594124.9949067,100,1,1,1,0,7.22351700096624,675.0142529999721,0.03212999945390038,1.2007687913208516,134.4,626.75,True
1773594125.8786407,101,1,1,1,0,7.219516999612097,673.2792759976292,0.03237099735997617,1.2007687913208516,134.7,629.375,True
1773594126.8163211,102,1,1,1,0,7.225313998787897,727.2252699985984,0.034184999094577506,1.09804886617786,135.4,634.25,True
1773594127.800961,103,1,1,1,0,7.205961999716237,774.1745830026048,0.03187000038451515,1.09804886617786,138.1,640.296875,True
1773594128.8477936,104,1,1,1,0,7.241628001793288,836.4771209999162,0.032202999136643484,0.9203300748169293,138.5,615.09375,True
1773594129.8943744,105,1,1,1,0,7.211165000626352,836.1033389992372,0.03372200080775656,0.9551627541763708,139.5,616.78125,True
1773594130.1046188,106,0,0,1,0,7.047033999697305,0.0,0.03020400254172273,0.9555973349105394,9.5,618.09375,False
1773594130.3149078,107,0,0,1,0,7.084016000590054,0.0,0.030371000320883468,0.9555973349105394,9.5,622.03125,False
1773594130.525192,108,0,0,1,0,7.102293999196263,0.0,0.030389001040020958,0.9555973349105394,9.5,623.34375,False
1773594130.7354255,109,0,0,1,0,7.057441998767899,0.0,0.029962997359689325,0.9555973349105394,9.5,627.28125,False
1773594130.945716,110,0,0,1,0,7.11075700019137,0.0,0.029517999792005867,0.9555973349105394,9.5,629.90625,False
1773594131.1558905,111,0,0,1,0,7.009421999100596,0.0,0.030352002795552835,4.755864063354313,4.8,632.53125,False
1773594131.3661435,112,0,0,1,0,7.067738002660917,0.0,0.02957399919978343,4.755864063354313,9.5,635.15625,False
1773594131.5764568,113,0,0,1,0,7.065256999339908,0.0,0.03040699812117964,4.755864063354313,14.3,637.78125,False
1773594131.7867281,114,0,0,1,0,7.058405000861967,0.0,0.030241000786190853,4.755864063354313,4.8,640.40625,False
1773594131.9970179,115,0,0,1,0,7.075460998748895,0.0,0.0289999989036005,4.755864063354313,9.5,643.03125,False
1773594132.207298,116,0,0,1,0,7.089181999617722,0.0,0.03212899900972843,4.756021532761216,9.5,645.65625,False
1773594132.4176238,117,0,0,1,0,7.1261459997913335,0.0,0.03103700146311894,4.756021532761216,4.8,648.28125,False
1773594132.6279244,118,0,0,1,0,7.058774997858563,0.0,0.030426002922467887,4.756021532761216,14.3,650.90625,False
1773594132.8381803,119,0,0,1,0,7.075330999214202,0.0,0.030203998903743923,4.756021532761216,4.8,653.53125,False
1773594133.0483902,120,0,0,1,0,7.062755998049397,0.0,0.030759998480789363,4.756021532761216,14.3,656.15625,False
1773594133.2586627,121,0,0,0,0,7.058533999952488,0.0,0.03290799941169098,4.755417597216525,4.8,658.78125,False
1773594133.468894,122,0,0,0,0,7.083794000209309,0.0,0.031371000659419224,4.755417597216525,9.5,661.40625,False
1773594133.6791108,123,0,0,0,0,7.069348997902125,0.0,0.029406997782643884,4.755417597216525,9.5,664.03125,False
1773594133.8892915,124,0,0,0,0,7.047515999147436,0.0,0.028852999093942344,4.755417597216525,9.5,666.65625,False
1773594134.0995617,125,0,0,0,0,7.12246100010816,0.0,0.030185998184606433,4.755417597216525,9.5,669.28125,False
1773594134.309792,126,0,0,0,0,7.113146002666326,0.0,0.02842599860741757,4.757026994228242,4.8,671.90625,False
1773594134.5220413,127,0,0,0,0,9.029918997839559,0.0,0.033927000913536176,4.757026994228242,9.4,674.53125,False
1773594134.734958,128,0,0,0,0,9.454200000618584,0.0,0.033629999961704016,4.757026994228242,18.8,677.15625,False
1773594134.947894,129,0,0,0,0,9.497848997852998,0.0,0.034814998798538,4.757026994228242,9.4,679.78125,False
1773594135.1609585,130,0,0,0,0,9.52942200092366,0.0,0.03500099774100818,4.757026994228242,9.4,682.40625,False
1773594136.210948,131,0,0,0,0,9.494644997175783,0.0,0.034519001928856596,4.709409828187492,81.9,628.078125,False
1773594136.4216123,132,0,0,0,0,7.441555000696098,0.0,0.03046400161110796,0.9526719443683543,9.5,591.203125,False
1773594136.631475,133,0,0,0,0,6.732439000188606,0.0,0.027499998395796865,0.9526719443683543,14.3,591.203125,False
1773594136.841407,134,0,0,0,0,6.749272000888595,0.0,0.026647998311091214,0.9526719443683543,4.8,591.203125,False
1773594137.0513349,135,0,0,0,0,6.763236000551842,0.0,0.027592999686021358,0.9526719443683543,9.5,591.203125,False
1773594137.2611809,136,0,0,0,0,6.744550002622418,0.0,0.029370999982347712,0.9526719443683543,9.5,591.203125,False
1773594137.4710822,137,0,0,0,0,6.761995002307231,0.0,0.01961199814104475,4.760748307241919,4.8,591.203125,False
1773594138.4039168,138,1,1,0,0,6.865459003165597,722.8240750009718,0.0383890001103282,1.9215470952221587,136.1,609.921875,True
1773594139.4492598,139,1,1,1,1,7.232905998534989,834.8052050023398,0.034241002140333876,0.9566201688081865,138.7,594.703125,True
1773594140.43481,140,1,1,1,0,7.165997998527018,775.0642760001938,0.035297001886647195,0.9566201688081865,138.0,589.890625,True
1773594141.3166862,141,1,1,1,0,7.141811998735648,671.353743000509,0.03287099752924405,0.9194603242386284,133.8,612.265625,True
1773594142.250794,142,1,1,1,0,7.182887002272764,723.5917979996884,0.03209300120943226,1.1669113089269756,136.0,614.328125,True
1773594143.1314743,143,1,1,1,0,7.186572001955938,670.1359539983969,0.033592998079257086,1.1669113089269756,134.0,612.265625,True
1773594144.1213243,144,1,1,1,0,7.188757001131307,779.4005629984895,0.033649001125013456,1.0692141042928232,137.4,590.328125,True
1773594145.169719,145,1,1,1,0,7.218183996883454,837.9302569992433,0.03275900235166773,0.9538377360799019,140.2,594.875,True
1773594146.2176404,146,1,1,1,0,7.209128001704812,837.5178809983481,0.03429700154811144,0.9542741512376225,139.3,597.015625,True
1773594147.2640455,147,1,1,1,0,7.178628002293408,836.0412389993144,0.03238900171709247,0.9556526379250397,139.5,599.640625,True
1773594148.253603,148,1,1,1,0,7.2970720029843505,779.0807769997627,0.03324100180179812,0.9556526379250397,138.4,599.40625,True
1773594149.242765,149,1,1,1,0,7.201348998933099,778.7703290014178,0.03385200034244917,0.916156562735357,137.5,602.03125,True
1773594150.2298603,150,1,1,1,0,7.265647000167519,776.6417189995991,0.03453799945418723,1.0670691079424741,137.8,604.65625,True
1773594151.1096866,151,1,1,1,0,7.2366829990642145,669.4266989979951,0.032500000088475645,1.0670691079424741,133.0,628.765625,True
1773594152.0989497,152,1,1,1,0,7.221701998787466,778.851659000793,0.03351899795234203,1.0700421148663335,137.5,610.015625,True
1773594153.0326989,153,1,1,1,0,7.295887000509538,723.2479859994783,0.03155600279569626,1.0700421148663335,137.1,636.90625,True
1773594153.967608,154,1,1,1,0,7.178201998613076,724.5723090018146,0.033037998946383595,0.9655251475288699,134.8,639.734375,True
1773594155.0143507,155,1,1,1,0,7.207609000033699,836.3635829991836,0.03325999932712875,1.0639985256291793,139.5,621.640625,True
1773594155.2247272,156,0,0,1,0,7.1514230003231205,0.0,0.029055998311378062,1.0639985256291793,9.5,623.34375,False
1773594155.4350882,157,0,0,1,0,7.106719000148587,0.0,0.030240997148212045,1.0639985256291793,9.5,625.96875,False
1773594155.6454797,158,0,0,1,0,7.127052998839645,0.0,0.029648999770870432,1.0639985256291793,9.5,628.59375,False
1773594155.8557975,159,0,0,1,0,7.101553001120919,0.0,0.02988900087075308,1.0639985256291793,9.5,631.21875,False
1773594156.066137,160,0,0,1,0,7.099811999069061,0.0,0.02929599941126071,4.753981709491338,9.5,633.84375,False
1773594156.2766538,161,0,0,1,0,7.080905001203064,0.0,0.030834002245683223,4.753981709491338,9.5,636.46875,False
1773594156.4869587,162,0,0,1,0,7.092571999237407,0.0,0.030130002414807677,4.753981709491338,4.8,639.09375,False
1773594156.6973352,163,0,0,1,0,7.1073859980970155,0.0,0.02983399826916866,4.753981709491338,14.3,641.71875,False
1773594156.9076872,164,0,0,1,0,7.055015001242282,0.0,0.029260001610964537,4.753981709491338,4.8,644.34375,False
1773594157.1180024,165,0,0,1,0,7.093257001542952,0.0,0.03012999877682887,4.753456942966731,9.5,646.96875,False
1773594157.328355,166,0,0,1,0,7.108867997885682,0.0,0.03014899994013831,4.753456942966731,9.5,649.59375,False
1773594157.5387661,167,0,0,1,0,7.1306819991150405,0.0,0.03012999877682887,4.753456942966731,4.8,652.21875,False
1773594157.749077,168,0,0,1,0,7.070904997817706,0.0,0.029907998396083713,4.753456942966731,14.3,654.84375,False
1773594157.9593608,169,0,0,1,0,7.077923000906594,0.0,0.030925999453756958,4.753456942966731,9.5,657.46875,False
1773594158.1697345,170,0,0,1,0,7.140942001569783,0.0,0.02985199898830615,4.75405606976644,9.5,660.09375,False
1773594158.3800294,171,0,0,0,0,7.072497002809541,0.0,0.03268499858677387,4.75405606976644,9.5,662.71875,False
1773594158.5903804,172,0,0,0,0,7.126997999876039,0.0,0.02933400173787959,4.75405606976644,4.8,665.34375,False
1773594158.8003838,173,0,0,0,0,6.741160999808926,0.0,0.02596299964352511,4.75405606976644,14.3,667.96875,False
1773594159.0106323,174,0,0,0,0,7.089719001669437,0.0,0.0288520022877492,4.75405606976644,4.8,670.59375,False
1773594159.220889,175,0,0,0,0,7.097497000358999,0.0,0.028851998649770394,4.75668172348603,9.5,673.21875,False
1773594159.431173,176,0,0,0,0,7.114442003512522,0.0,0.02936999953817576,4.75668172348603,9.5,675.84375,False
1773594159.641417,177,0,0,0,0,7.104552001692355,0.0,0.030223000067053363,4.75668172348603,9.5,678.46875,False
1773594159.8517394,178,0,0,0,0,7.084533997840481,0.0,0.029425998945953324,4.75668172348603,14.3,681.09375,False
1773594160.0620263,179,0,0,0,0,7.125182000891073,0.0,0.02953799776150845,4.75668172348603,4.8,683.71875,False
1773594160.2723022,180,0,0,0,0,7.08375599788269,0.0,0.029241000447655097,4.755545920685874,9.5,686.359375,False
1773594161.3691967,181,0,0,0,0,7.106348999514012,0.0,0.02901799962273799,0.9116434997617814,82.0,620.859375,False
1773594161.5800571,182,0,0,0,0,6.734679998771753,0.0,0.02883400156861171,0.9116434997617814,9.5,591.984375,False
1773594161.7900872,183,0,0,0,0,6.725643001118442,0.0,0.02796300032059662,0.9116434997617814,9.5,591.984375,False
1773594162.0001082,184,0,0,0,0,6.720975998177892,0.0,0.02631499955896288,0.9116434997617814,9.5,591.984375,False
1773594162.2101398,185,0,0,0,0,6.738328000210458,0.0,0.02568499985500239,0.9116434997617814,9.5,591.984375,False
1773594162.4201088,186,0,0,0,0,6.735143000696553,0.0,0.029425998945953324,4.757877437157804,4.8,591.984375,False
1773594162.6300313,187,0,0,0,0,6.715438998071477,0.0,0.018832997739082202,4.757877437157804,9.5,591.984375,False
1773594162.8399768,188,0,0,0,0,6.7367160008871,0.0,0.018962997273774818,4.757877437157804,9.5,591.984375,False
1773594163.0498567,189,0,0,0,0,6.739661002939101,0.0,0.018981998437084258,4.757877437157804,9.5,591.984375,False
1773594163.259759,190,0,0,0,0,6.715086998156039,0.0,0.019239996618125588,4.757877437157804,4.8,591.984375,False
1773594163.4697087,191,0,0,0,0,6.71397599944612,0.0,0.01883400182123296,4.763692977821472,9.5,591.984375,False
1773594163.6795511,192,0,0,0,0,6.690827001875732,0.0,0.01936999979079701,4.763692977821472,9.5,591.984375,False
1773594163.8895562,193,0,0,0,0,6.7131239993614145,0.0,0.019278002582723275,4.763692977821472,9.5,591.984375,False
1773594164.0996103,194,0,0,0,0,6.7770309979096055,0.0,0.019259998225606978,4.763692977821472,9.5,591.984375,False
1773594164.3096294,195,0,0,0,0,6.757716997526586,0.0,0.017908001609612256,4.763692977821472,4.8,591.984375,False
1773594164.5196009,196,0,0,0,0,6.758161001926055,0.0,0.018721999367699027,4.762415389230545,9.5,591.984375,False
1773594164.729544,197,0,0,0,0,6.734327998856315,0.0,0.020333001884864643,4.762415389230545,9.5,591.984375,False
1773594164.9395597,198,0,0,0,0,6.718142001773231,0.0,0.01996400169446133,4.762415389230545,9.5,591.984375,False
1773594165.1496487,199,0,0,0,0,6.808013000409119,0.0,0.019425999198574573,4.762415389230545,9.5,591.984375,False
1773594166.0573928,200,1,1,0,0,6.7999390012118965,697.801744001481,0.03042599928448908,2.6010949667282115,133.3,608.921875,True
1773594166.9634717,201,1,1,1,1,7.144535000406904,695.6268939975416,0.03348099926370196,2.6010949667282115,133.5,609.171875,True
1773594167.8131068,202,1,1,1,0,7.15425700036576,639.2711230000714,0.03314800051157363,0.9920248778211471,133.0,612.09375,True
1773594168.7510853,203,1,1,1,0,7.132329999876674,727.4969239988422,0.03516699871397577,1.1864878615162946,137.5,612.359375,True
1773594169.6321213,204,1,1,1,0,7.215645997348474,670.5679270016844,0.03301900142105296,1.1864878615162946,133.9,610.8125,True
1773594170.4701345,205,1,1,1,0,7.170312001107959,627.5793299973884,0.03327800004626624,1.1634344681452458,132.5,597.78125,True
1773594171.3108919,206,1,1,1,0,7.131775000743801,630.4123510017234,0.03351900159032084,1.1634344681452458,133.2,600.65625,True
1773594172.1498346,207,1,1,1,0,7.202628003142308,628.5455759971228,0.03357400055392645,1.1906892239647873,132.3,603.09375,True
1773594172.9880705,208,1,1,1,0,7.153053000365617,627.8004769992549,0.03235199983464554,1.1906892239647873,134.8,605.9375,True
1773594173.8260837,209,1,1,1,0,7.180034001066815,627.650641999935,0.03213000309187919,1.1931398011577794,132.5,622.625,True
1773594174.6650805,210,1,2,1,0,7.198237999546109,628.5894620014005,0.03762999767786823,1.1931398011577794,133.5,625.25,True
1773594175.6004395,211,1,1,1,0,7.211960000859108,724.9834149988601,0.03344500146340579,1.1271676215141193,134.7,629.546875,True
1773594176.5927138,212,1,1,1,0,7.272683000337565,781.7573709980934,0.058241999795427546,1.1271676215141193,139.1,624.0625,True
1773594177.5814831,213,1,1,1,0,7.229331000417005,778.359141000692,0.034962999052368104,0.9138872910456867,138.6,619.03125,True
1773594178.4635193,214,1,1,1,0,7.183404999523191,671.6241840003931,0.03453799945418723,1.13068309713546,133.8,607.578125,True
1773594179.4532087,215,1,1,1,0,7.177497001976008,779.3276459997287,0.03483299951767549,1.13068309713546,137.4,623.953125,True
1773594179.663588,216,0,0,1,0,7.120293001207756,0.0,0.030833001801511273,0.916028707141252,9.5,626.578125,False
1773594179.8739274,217,0,0,1,0,7.081478001055075,0.0,0.036148001527180895,0.916028707141252,9.5,629.203125,False
1773594180.084341,218,0,0,1,0,7.091811999998754,0.0,0.030334002076415345,0.916028707141252,9.5,631.828125,False
1773594180.2947004,219,0,0,1,0,7.089552000252297,0.0,0.02955599848064594,0.916028707141252,9.5,634.453125,False
1773594180.5050452,220,0,0,1,0,7.083404001605231,0.0,0.030389001040020958,0.916028707141252,9.5,637.078125,False
1773594180.715459,221,0,0,1,0,7.062256001518108,0.0,0.03185199966537766,4.753473104477483,4.8,639.703125,False
1773594180.925791,222,0,0,1,0,7.0552560027863365,0.0,0.030277999030658975,4.753473104477483,9.5,642.328125,False
1773594181.1362576,223,0,0,1,0,7.043885001621675,0.0,0.030371000320883468,4.753473104477483,14.3,644.953125,False
1773594181.346653,224,0,0,1,0,7.073015000059968,0.0,0.029221999284345657,4.753473104477483,4.8,647.578125,False
1773594181.5570452,225,0,0,1,0,7.1379610017174855,0.0,0.030538001738023013,4.753473104477483,9.5,650.203125,False
1773594181.7673433,226,0,0,1,0,7.050625998090254,0.0,0.030038001568755135,4.752852581368853,9.5,652.828125,False
1773594181.9777727,227,0,0,1,0,7.097552999766776,0.0,0.029797000024700537,4.752852581368853,9.5,655.453125,False
1773594182.188162,228,0,0,1,0,7.099848997313529,0.0,0.030295999749796465,4.752852581368853,14.3,658.078125,False
1773594182.3985248,229,0,0,1,0,7.125590000214288,0.0,0.030260001949500293,4.752852581368853,4.8,660.703125,False
1773594182.608918,230,0,0,1,0,7.130052999855252,0.0,0.030332997994264588,4.752852581368853,9.5,663.328125,False
1773594182.8192468,231,0,0,0,0,7.086997000442352,0.0,0.029795999580528587,4.7536907568610145,9.5,665.953125,False
1773594183.029504,232,0,0,0,0,7.081848998495843,0.0,0.02872199911507778,4.7536907568610145,4.8,668.578125,False
1773594183.2398598,233,0,0,0,0,7.04666399906273,0.0,0.02905600194935687,4.7536907568610145,14.3,671.203125,False
1773594183.4501078,234,0,0,0,0,7.053255998471286,0.0,0.030093000532360747,4.7536907568610145,9.5,673.828125,False
1773594183.6603575,235,0,0,0,0,7.035200000245823,0.0,0.029667000490007922,4.7536907568610145,4.8,676.453125,False
1773594183.8706937,236,0,0,0,0,7.084922999638366,0.0,0.02911100091296248,4.755204099564081,9.5,679.078125,False
1773594184.0810313,237,0,0,0,0,7.131200000003446,0.0,0.028889000532217324,4.755204099564081,4.8,681.703125,False
1773594184.2913656,238,0,0,0,0,7.112182000128087,0.0,0.02913000207627192,4.755204099564081,14.3,684.34375,False
1773594184.501697,239,0,0,0,0,7.096995999745559,0.0,0.02879599924199283,4.755204099564081,4.8,686.96875,False
1773594184.7120233,240,0,0,0,0,7.092478001140989,0.0,0.028611000743694603,4.755204099564081,9.5,689.59375,False
1773594185.7342858,241,0,0,0,0,7.119016001524869,0.0,0.030573999538319185,4.754459164491004,81.2,624.109375,False
1773594185.9482794,242,0,0,0,0,9.749220000230707,0.0,0.034741002309601754,0.9773189428850443,14.0,593.921875,False
1773594186.161169,243,0,0,0,0,9.37142100156052,0.0,0.033926000469364226,0.9773189428850443,18.8,593.921875,False
1773594186.3742135,244,0,0,0,0,9.369790997880045,0.0,0.033055999665521085,0.9773189428850443,9.4,593.921875,False
1773594186.5870304,245,0,0,0,0,9.347773000627058,0.0,0.03255599949625321,0.9773189428850443,9.4,593.921875,False
1773594186.7999716,246,0,0,0,0,9.464014001423493,0.0,0.0339639991580043,0.9773189428850443,9.4,593.921875,False
1773594187.0129237,247,0,0,0,0,9.406050001416588,0.0,0.023111999325919896,4.695187546497906,9.4,593.921875,False
1773594187.2258153,248,0,0,0,0,9.412218001671135,0.0,0.025203997211065143,4.695187546497906,18.8,593.921875,False
1773594187.4387715,249,0,0,0,0,9.441884998523165,0.0,0.02385200059507042,4.695187546497906,9.4,593.921875,False
1773594187.6518018,250,0,0,0,0,9.481569999479689,0.0,0.023926000721985474,4.695187546497906,9.4,593.921875,False
1773594187.8647873,251,0,0,0,0,9.469625998463016,0.0,0.02631499955896288,4.695187546497906,9.4,593.921875,False
1773594188.0777593,252,0,0,0,0,9.463661997870076,0.0,0.023630000214325264,4.69576997096984,9.4,593.921875,False
1773594188.2907546,253,0,0,0,0,9.445772997423774,0.0,0.025630000891396776,4.69576997096984,18.8,593.921875,False
1773594188.5038114,254,0,0,0,0,9.435274001589278,0.0,0.025332999939564615,4.69576997096984,9.4,593.921875,False
1773594188.7169955,255,0,0,0,0,9.488347001024522,0.0,0.024277000193251297,4.69576997096984,9.4,593.921875,False
1773594188.9300213,256,0,0,0,0,9.48718200015719,0.0,0.025871002435451373,4.69576997096984,9.4,593.921875,False
1773594189.1429899,257,0,0,0,0,9.412938998138998,0.0,0.025129000277956948,4.693685894537814,9.4,593.921875,False
1773594189.355784,258,0,0,0,0,9.331125002063345,0.0,0.024184999347198755,4.693685894537814,18.8,593.921875,False
1773594189.5687883,259,0,0,0,0,9.511903001111932,0.0,0.04463000004761852,4.693685894537814,9.4,593.921875,False
1773594189.7817874,260,0,0,0,0,9.379883998917649,0.0,0.023333999706665054,4.693685894537814,9.4,593.921875,False
1773594189.9946144,261,0,0,0,0,9.360161999211414,0.0,0.02329600101802498,4.693685894537814,9.4,593.921875,False
1773594190.207603,262,0,0,0,0,9.351660999527667,0.0,0.024130000383593142,4.696259992265281,9.4,593.921875,False
1773594190.4206395,263,0,0,0,0,9.353846999147208,0.0,0.024518998543499038,4.696259992265281,18.8,593.921875,False
1773594190.6336114,264,0,0,0,0,9.37843899737345,0.0,0.02385200059507042,4.696259992265281,9.4,593.921875,False
1773594190.846472,265,0,0,0,0,9.330142998805968,0.0,0.023406999389408156,4.696259992265281,9.4,593.921875,False
1773594191.0592585,266,0,0,0,0,9.32947599721956,0.0,0.022371001250576228,4.696259992265281,9.4,593.921875,False
1773594191.2720487,267,0,0,0,0,9.340808999695582,0.0,0.023592998331878334,4.696870032893624,9.4,593.921875,False
1773594191.484976,268,0,0,0,0,9.449459001189098,0.0,0.024408000172115862,4.696870032893624,18.8,593.921875,False
1773594191.6978676,269,0,0,0,0,9.439180998015217,0.0,0.02403699909336865,4.696870032893624,9.4,593.921875,False
1773594191.9107628,270,0,0,0,0,9.444087998417672,0.0,0.023685002815909684,4.696870032893624,9.4,593.921875,False
1773594192.123719,271,0,0,0,0,9.47716200244031,0.0,0.02324100205441937,4.696870032893624,14.1,593.921875,False
1773594192.3367226,272,0,0,0,0,9.455570001591695,0.0,0.024000000848900527,4.697160383746091,4.7,593.921875,False
1773594192.5496733,273,0,0,0,0,9.409772999788402,0.0,0.024556000425945967,4.697160383746091,18.8,593.921875,False
1773594192.762714,274,0,0,0,0,9.495977999904426,0.0,0.0229640027100686,4.697160383746091,9.4,593.921875,False
1773594193.9506474,275,1,1,0,0,9.516292000625981,974.8201039983542,0.030315000913105905,2.3191320749239903,143.1,607.734375,True
1773594194.1609619,276,0,0,0,0,7.107442001142772,0.0,0.03016600021510385,2.3191320749239903,9.5,607.734375,False
1773594194.3712368,277,0,0,0,0,7.1074410006986,0.0,0.029759001336060464,2.3191320749239903,4.8,607.734375,False
1773594195.529118,278,1,1,1,1,7.147588999941945,947.479493002902,0.034073997085215524,1.9005611248476353,143.4,606.90625,True
1773594196.8308165,279,1,1,1,0,7.1094410013756715,1091.3462540011096,0.03338899841764942,0.7682365103123789,136.0,595.09375,True
1773594197.041183,280,0,0,1,0,7.166348997998284,0.0,0.029907998396083713,0.7682365103123789,4.8,596.28125,False
1773594197.2515466,281,0,0,1,0,7.138552999094827,0.0,0.030389001040020958,0.7682365103123789,9.5,597.59375,False
1773594197.4618502,282,0,0,1,0,7.1231270012503956,0.0,0.030351999157574028,0.7682365103123789,4.8,600.21875,False
1773594197.671798,283,0,0,1,0,6.724975999532035,0.0,0.02792599843814969,0.7682365103123789,14.3,602.84375,False
1773594197.8821254,284,0,0,1,0,7.081755997205619,0.0,0.03103700146311894,4.756141259630658,9.5,606.78125,False
1773594198.0923173,285,0,0,1,0,6.979347999731544,0.0,0.030259001505328342,4.756141259630658,4.8,608.09375,False
1773594198.3023448,286,0,0,1,0,6.765623998944648,0.0,0.028166999982204288,4.756141259630658,9.5,610.71875,False
1773594198.5122972,287,0,0,1,0,6.7357719999563415,0.0,0.027999998565064743,4.756141259630658,4.8,613.34375,False
1773594198.722716,288,0,0,1,0,7.064923000143608,0.0,0.031610998121323064,4.756141259630658,14.3,617.296875,False
1773594198.9330711,289,0,0,1,0,7.13351599915768,0.0,0.03151899727527052,4.757597879857696,9.5,619.921875,False
1773594199.1433442,290,0,0,1,0,7.073477998346789,0.0,0.03122199996141717,4.757597879857696,9.5,622.546875,False
1773594199.353713,291,0,0,1,0,7.101348997821333,0.0,0.03129600008833222,4.757597879857696,9.5,625.171875,False
1773594199.5640457,292,0,0,1,0,7.079662998876302,0.0,0.030925999453756958,4.757597879857696,9.5,627.796875,False
1773594199.7743373,293,0,0,1,0,7.049606996588409,0.0,0.03127799936919473,4.757597879857696,9.5,629.125,False
1773594199.9846373,294,0,0,1,0,7.084736997057917,0.0,0.031425999623024836,4.754955043197348,9.5,633.0625,False
1773594200.1949298,295,0,0,0,0,7.06657000046107,0.0,0.03155600279569626,4.754955043197348,9.5,634.375,False
1773594200.4052186,296,0,0,0,0,7.10357099887915,0.0,0.030055998649913818,4.754955043197348,9.5,638.3125,False
1773594200.6155038,297,0,0,0,0,7.097367000824306,0.0,0.029703998734476045,4.754955043197348,4.8,639.625,False
1773594200.825831,298,0,0,0,0,7.110496000677813,0.0,0.030092000088188797,4.754955043197348,14.3,643.5625,False
1773594201.036056,299,0,0,0,0,7.04647800012026,0.0,0.030130002414807677,4.755403579105859,9.5,646.1875,False
1773594201.2463543,300,0,0,0,0,7.112108000001172,0.0,0.03096400178037584,4.755403579105859,4.8,648.8125,False
1773594201.4566717,301,0,0,0,0,7.082756001182133,0.0,0.02896299702115357,4.755403579105859,9.5,651.4375,False
1773594201.6669545,302,0,0,0,0,7.087182002578629,0.0,0.031204002880258486,4.755403579105859,4.8,654.0625,False
1773594201.8773446,303,0,0,0,0,7.103014999302104,0.0,0.030037001124583185,4.755403579105859,14.3,655.375,False
1773594202.0876522,304,0,0,0,0,7.121053000446409,0.0,0.030556002457160503,4.754670439293358,4.8,659.3125,False
1773594202.8985023,305,0,0,0,0,7.143293001718121,0.0,0.02964800296467729,4.754670439293358,76.5,656.8125,False
1773594203.1112778,306,0,0,0,0,8.389080001506954,0.0,0.0310180002998095,1.9538898643137215,14.1,595.125,False
1773594203.3240857,307,0,0,0,0,9.417920999112539,0.0,0.034092998248524964,1.9538898643137215,9.4,595.125,False
1773594203.5371616,308,0,0,0,0,9.502107001026161,0.0,0.0329449976561591,1.9538898643137215,14.1,595.125,False
1773594203.7500088,309,0,0,0,0,9.396549998200499,0.0,0.03400100104045123,1.9538898643137215,9.4,595.125,False
1773594203.9628668,310,0,0,0,0,9.367272999952547,0.0,0.033741001971066,1.9538898643137215,14.1,595.125,False
1773594204.1757545,311,0,0,0,0,9.371383999678073,0.0,0.023704000341240317,4.697250862724114,4.7,595.125,False
1773594204.3886783,312,0,0,0,0,9.37984700067318,0.0,0.023630000214325264,4.697250862724114,9.4,595.125,False
1773594204.601532,313,0,0,0,0,9.397051002451917,0.0,0.024130000383593142,4.697250862724114,18.8,595.125,False
1773594204.8143842,314,0,0,0,0,9.379569000884658,0.0,0.02403699909336865,4.697250862724114,9.4,595.125,False
1773594205.0272095,315,0,0,0,0,9.377957001561299,0.0,0.023945001885294914,4.697250862724114,9.4,595.125,False
1773594205.2401361,316,0,0,0,0,9.467736999795306,0.0,0.024425997253274545,4.697545469593941,9.4,595.125,False
1773594205.4531584,317,0,0,0,0,9.481125001912005,0.0,0.023833999875932932,4.697545469593941,14.1,595.125,False
1773594205.6661375,318,0,0,0,0,9.447735999856377,0.0,0.02259299799334258,4.697545469593941,14.1,595.125,False
1773594205.879172,319,0,0,0,0,9.458810000069207,0.0,0.023666998458793387,4.697545469593941,9.4,595.125,False
1773594207.046253,320,1,1,0,0,9.490439999353839,954.2067300026247,0.03179700070177205,2.214604373421024,143.1,596.34375,True
1773594207.2566576,321,0,0,0,0,7.08794100137311,0.0,0.030481998692266643,2.214604373421024,4.8,596.34375,False
1773594208.408978,322,1,1,1,1,7.13379300214001,941.8750440017902,0.034427001082804054,1.4676364822246553,141.4,596.34375,True
1773594209.5622253,323,1,1,1,0,7.1771269977034535,942.8096240008017,0.03216700133634731,0.8671241927894566,143.1,596.265625,True
1773594210.7109466,324,1,1,1,0,7.120754999050405,938.343182002427,0.03309299790998921,0.8705431741721877,141.9,597.53125,True
1773594211.8613524,325,1,1,1,0,7.190848999016453,940.0514510016365,0.03351899795234203,0.869248150701866,142.6,599.90625,True
1773594212.0716853,326,0,0,1,0,7.133144998078933,0.0,0.029481998353730887,0.869248150701866,4.8,601.46875,False
1773594212.2820344,327,0,0,1,0,7.146256997657474,0.0,0.030333001632243395,0.869248150701866,9.5,604.09375,False
1773594212.4923832,328,0,0,1,0,7.133571001759265,0.0,0.02849999873433262,0.869248150701866,9.5,608.03125,False
1773594212.7027497,329,0,0,1,0,7.147292999434285,0.0,0.031407998903887346,0.869248150701866,9.5,610.65625,False
1773594212.9131105,330,0,0,1,0,7.143459999497281,0.0,0.02933300129370764,4.754109955477372,9.5,613.28125,False
1773594213.1233902,331,0,0,1,0,7.08060699980706,0.0,0.029943999834358692,4.754109955477372,4.8,615.90625,False
1773594213.333729,332,0,0,1,0,7.145774998207344,0.0,0.030092000088188797,4.754109955477372,9.5,618.53125,False
1773594213.5440185,333,0,0,1,0,7.059940999170067,0.0,0.030777999199926853,4.754109955477372,14.3,621.15625,False
1773594213.7543778,334,0,0,1,0,7.075441000779392,0.0,0.029760001780232415,4.754109955477372,9.5,623.78125,False
1773594213.9647148,335,0,0,1,0,7.111107999662636,0.0,0.029906997951911762,4.754765303475783,9.5,626.40625,False
1773594214.1750064,336,0,0,1,0,7.107663001079345,0.0,0.031167000997811556,4.754765303475783,9.5,629.03125,False
1773594214.3852541,337,0,0,1,0,7.068015002005268,0.0,0.029260001610964537,4.754765303475783,4.8,631.65625,False
1773594214.5955865,338,0,0,1,0,7.119590001821052,0.0,0.0296300022455398,4.754765303475783,14.3,634.28125,False
1773594214.805846,339,0,0,1,0,7.068588998663472,0.0,0.030777999199926853,4.754765303475783,9.5,636.90625,False
1773594215.016104,340,0,0,1,0,7.056792997900629,0.0,0.030389001040020958,4.755511412853689,4.8,639.53125,False
1773594215.2264993,341,0,0,0,0,7.108589001290966,0.0,0.03183400258421898,4.755511412853689,9.5,640.84375,False
1773594215.4367595,342,0,0,0,0,7.0783660012239125,0.0,0.06303700138232671,4.755511412853689,4.8,643.46875,False
1773594215.6471303,343,0,0,0,0,7.150368001020979,0.0,0.028593000024557114,4.755511412853689,14.3,646.09375,False
1773594215.8574152,344,0,0,0,0,7.1034969987522345,0.0,0.030371000320883468,4.755511412853689,9.5,650.03125,False
1773594216.0676193,345,0,0,0,0,7.071143998473417,0.0,0.028964001103304327,4.7550650129218655,9.5,652.65625,False
1773594216.2804096,346,0,0,0,0,9.470606997638242,0.0,0.035258999560028315,4.7550650129218655,4.7,653.96875,False
1773594216.4936516,347,0,0,0,0,9.460903002036503,0.0,0.03477800055406988,4.7550650129218655,14.1,656.59375,False
1773594216.7066445,348,0,0,0,0,9.4476800004486,0.0,0.03459299841779284,4.7550650129218655,14.1,659.21875,False
1773594216.9195824,349,0,0,0,0,9.439273002499249,0.0,0.03581500277505256,4.7550650129218655,9.4,663.15625,False
1773594217.1325872,350,0,0,0,0,9.423456998774782,0.0,0.034278000384802,4.695289512911894,14.1,664.46875,False
1773594218.0079405,351,0,0,0,0,9.507180999207776,0.0,0.034815002436516806,4.695289512911894,77.7,602.90625,False
1773594218.2178037,352,0,0,0,0,6.71364200024982,0.0,0.0271480021183379,1.8428084931760835,9.5,596.34375,False
1773594218.4276955,353,0,0,0,0,6.721159999869997,0.0,0.02664800194907002,1.8428084931760835,9.5,596.34375,False
1773594218.6376526,354,0,0,0,0,6.72921600198606,0.0,0.02707399835344404,1.8428084931760835,9.5,596.34375,False
1773594218.8475528,355,0,0,0,0,6.711160000122618,0.0,0.027777998184319586,1.8428084931760835,9.5,596.34375,False
1773594219.0574853,356,0,0,0,0,6.755086000339361,0.0,0.027611000405158848,1.8428084931760835,4.8,596.34375,False
1773594219.2673864,357,0,0,0,0,6.737883002642775,0.0,0.020351999410195276,4.763846637517764,9.5,596.34375,False
1773594219.47722,358,0,0,0,0,6.710642002872191,0.0,0.018871000065701082,4.763846637517764,9.5,596.34375,False
1773594219.6871781,359,0,0,0,0,6.76279099934618,0.0,0.019760002032853663,4.763846637517764,9.5,596.34375,False
1773594219.8970015,360,0,0,0,0,6.713956998282811,0.0,0.020629999198717996,4.763846637517764,9.5,596.34375,False
1773594220.106945,361,0,0,0,0,6.737177998729749,0.0,0.019019000319531187,4.763846637517764,4.8,596.34375,False
1773594220.3169594,362,0,0,0,0,6.789846000174293,0.0,0.020112001948291436,4.763828241116286,9.5,596.34375,False
1773594220.5270243,363,0,0,0,0,6.8463089992292225,0.0,0.019425999198574573,4.763828241116286,9.5,596.34375,False
1773594220.7370317,364,0,0,0,0,6.797661000746302,0.0,0.01905599856399931,4.763828241116286,9.5,596.34375,False
1773594220.9469676,365,0,0,0,0,6.789920000301208,0.0,0.019481001800158992,4.763828241116286,9.5,596.34375,False
1773594221.1569479,366,0,0,0,0,6.746179002220742,0.0,0.01905499811982736,4.763828241116286,4.8,596.34375,False
1773594221.3668725,367,0,0,0,0,6.777530998078873,0.0,0.022258998797042295,4.762335359923118,9.5,596.34375,False
1773594221.5768807,368,0,0,0,0,6.803956999647198,0.0,0.017908001609612256,4.762335359923118,9.5,596.34375,False
1773594221.7868848,369,0,0,0,0,6.798235001042485,0.0,0.01994400008697994,4.762335359923118,9.5,596.34375,False
1773594221.9969287,370,0,0,0,0,6.759642001270549,0.0,0.019611001334851608,4.762335359923118,4.8,596.34375,False
1773594222.2068837,371,0,0,0,0,6.746846000169171,0.0,0.01911100116558373,4.762335359923118,9.5,596.34375,False
1773594222.4169087,372,0,0,0,0,6.753289999323897,0.0,0.01940800211741589,4.761712521033914,9.5,596.34375,False
1773594222.6296387,373,0,0,0,0,9.42430999930366,0.0,0.02353800300625153,4.761712521033914,14.1,596.34375,False
1773594222.8426225,374,0,0,0,0,9.427754001080757,0.0,0.023741002223687246,4.761712521033914,9.4,596.34375,False
1773594223.0556116,375,0,0,0,0,9.395383000082802,0.0,0.024130000383593142,4.761712521033914,9.4,596.359375,False
1773594223.2685177,376,0,0,0,0,9.409384001628496,0.0,0.024388999008806422,4.761712521033914,9.4,596.359375,False
1773594223.4815443,377,0,0,0,0,9.392699001182336,0.0,0.02325999957975,4.6966449304881985,9.4,596.359375,False
1773594223.6944776,378,0,0,0,0,9.361179003462894,0.0,0.023130000045057386,4.6966449304881985,18.8,596.359375,False
1773594223.907349,379,0,0,0,0,9.391735999088269,0.0,0.02298199979122728,4.6966449304881985,9.4,596.359375,False
1773594224.1202,380,0,0,0,0,9.3885690002935,0.0,0.024703000235604122,4.6966449304881985,9.4,596.359375,False
1773594224.3330624,381,0,0,0,0,9.401439001521794,0.0,0.023870998120401055,4.6966449304881985,9.4,596.359375,False
1773594224.5459647,382,0,0,0,0,9.469087999605108,0.0,0.02398199649178423,4.697399213707437,9.4,596.359375,False
1773594224.758772,383,0,0,0,0,9.36677299978328,0.0,0.023888998839538544,4.697399213707437,18.8,596.359375,False
1773594224.9716785,384,0,0,0,0,9.3559759989148,0.0,0.02359300196985714,4.697399213707437,9.4,596.359375,False
1773594225.1844673,385,0,0,0,0,9.342050001578173,0.0,0.024315002519870177,4.697399213707437,9.4,596.359375,False
1773594225.3974257,386,0,0,0,0,9.410771999682765,0.0,0.024148001102730632,4.697399213707437,14.1,596.359375,False
1773594225.6103313,387,0,0,0,0,9.338290998130105,0.0,0.024148001102730632,4.6976475384498215,9.4,596.359375,False
1773594225.8231673,388,0,0,0,0,9.345013000711333,0.0,0.024149001546902582,4.6976475384498215,14.1,596.359375,False
1773594226.0360491,389,0,0,0,0,9.403235002537258,0.0,0.023814998712623492,4.6976475384498215,9.4,596.359375,False
1773594226.2489345,390,0,0,0,0,9.41230999887921,0.0,0.025296001695096493,4.6976475384498215,9.4,596.359375,False
1773594226.4619756,391,0,0,0,0,9.46092100275564,0.0,0.02437000148347579,4.6976475384498215,14.1,596.359375,False
1773594226.6748924,392,0,0,0,0,9.384475997649133,0.0,0.024889002816053107,4.6968037621874,9.4,596.359375,False
1773594226.8874145,393,0,0,0,0,9.066474001883762,0.0,0.0235740008065477,4.6968037621874,14.1,596.359375,False
1773594227.1002748,394,0,0,0,0,9.390623999934178,0.0,0.022832999093225226,4.6968037621874,9.4,596.375,False
1773594227.3132272,395,0,0,0,0,9.400717000971781,0.0,0.024556000425945967,4.6968037621874,14.1,596.375,False
1773594227.5262034,396,0,0,0,0,9.329976001026807,0.0,0.023148000764194876,4.6968037621874,9.4,596.375,False
1773594227.739011,397,0,0,0,0,9.356179001770215,0.0,0.025315002858405933,4.698735847120446,9.4,596.375,False
1773594227.9519575,398,0,0,0,0,9.34177200178965,0.0,0.023667002096772194,4.698735847120446,18.8,596.375,False
1773594228.1648586,399,0,0,0,0,9.426734999578912,0.0,0.024203000066336244,4.698735847120446,9.4,596.375,False
1773594228.3777676,400,0,0,0,0,9.429754001757829,0.0,0.024278000637423247,4.698735847120446,9.4,596.375,False
1773594228.5906546,401,0,0,0,0,9.41147600315162,0.0,0.023352000425802544,4.698735847120446,9.4,596.375,False
1773594228.8035362,402,0,0,0,0,9.335605998785468,0.0,0.02401899837423116,4.696922630023321,9.4,596.375,False
1773594229.0164642,403,0,0,0,0,9.47043899941491,0.0,0.02405600025667809,4.696922630023321,18.8,596.375,False
1773594229.2293844,404,0,0,0,0,9.387624999362743,0.0,0.023926000721985474,4.696922630023321,9.4,596.375,False
1773594229.4422042,405,0,0,0,0,9.34645699817338,0.0,0.0235740008065477,4.696922630023321,9.4,596.390625,False
1773594229.6551034,406,0,0,0,0,9.412327999598347,0.0,0.02548100019339472,4.696922630023321,9.4,596.390625,False
1773594229.8679829,407,0,0,0,0,9.357068000099389,0.0,0.02301900167367421,4.697265592189979,9.4,596.390625,False
1773594230.081002,408,0,0,0,0,9.385957000631606,0.0,0.023649001377634704,4.697265592189979,18.8,596.390625,False
1773594230.293956,409,0,0,0,0,9.438586999749532,0.0,0.024796001525828615,4.697265592189979,9.4,596.390625,False
1773594230.5067418,410,0,0,0,0,9.339512002043193,0.0,0.02411100285826251,4.697265592189979,9.4,596.390625,False
1773594230.7196286,411,0,0,0,0,9.409180001966888,0.0,0.023018998035695404,4.697265592189979,9.4,596.390625,False
1773594230.9324734,412,0,0,0,0,9.368234997964464,0.0,0.024019002012209967,4.697097260941909,9.4,596.390625,False
1773594231.145349,413,0,0,0,0,9.391957999469014,0.0,0.024982000468298793,4.697097260941909,18.8,596.390625,False
1773594231.3582785,414,0,0,0,0,9.40880900088814,0.0,0.023980999685591087,4.697097260941909,9.4,596.390625,False
1773594231.5712376,415,0,0,0,0,9.451327998249326,0.0,0.022795997210778296,4.697097260941909,9.4,596.390625,False
1773594231.7840893,416,0,0,0,0,9.40256800095085,0.0,0.024666998797329143,4.697097260941909,9.4,596.390625,False
1773594231.997121,417,0,0,0,0,9.44890200116788,0.0,0.024148001102730632,4.696379884289766,9.4,596.390625,False
1773594232.2101343,418,0,0,0,0,9.481532000791049,0.0,0.02387000131420791,4.696379884289766,18.8,596.390625,False
1773594232.4231007,419,0,0,0,0,9.388661001139553,0.0,0.024315002519870177,4.696379884289766,9.4,596.390625,False
1773594232.6361094,420,0,0,0,0,9.408884001459228,0.0,0.023814998712623492,4.696379884289766,9.4,596.390625,False
1773594232.8489563,421,0,0,0,0,9.386939000251004,0.0,0.02459299867041409,4.696379884289766,9.4,596.390625,False
1773594233.0617468,422,0,0,0,0,9.347161001642235,0.0,0.024388999008806422,4.696528180261947,9.4,596.390625,False
1773594233.2746043,423,0,0,0,0,9.374994999234332,0.0,0.024778000806691125,4.696528180261947,18.8,596.390625,False
1773594233.4876642,424,0,0,0,0,9.46951399964746,0.0,0.02350000067963265,4.696528180261947,9.4,596.390625,False
1773594233.7007098,425,0,0,0,0,9.415884000191,0.0,0.023943997803144157,4.696528180261947,9.4,596.390625,False
1773594233.9137278,426,0,0,0,0,9.464179998758482,0.0,0.023908000002847984,4.696528180261947,9.4,596.390625,False
1773594234.1267283,427,0,0,0,0,9.48025400066399,0.0,0.0243520007643383,4.694964707483706,9.4,596.390625,False
1773594234.3396316,428,0,0,0,0,9.454253999138018,0.0,0.024037002731347457,4.694964707483706,18.8,596.390625,False
1773594234.552667,429,0,0,0,0,9.524569999484811,0.0,0.023444001271855086,4.694964707483706,9.4,596.390625,False
1773594234.7656553,430,0,0,0,0,9.499198997218627,0.0,0.024463999579893425,4.694964707483706,9.4,596.390625,False
1773594234.9786823,431,0,0,0,0,9.466938998230034,0.0,0.02348199996049516,4.694964707483706,9.4,596.390625,False
1773594235.1916354,432,0,0,0,0,9.430568999960087,0.0,0.02431499888189137,4.695201211842781,9.4,596.390625,False
1773594235.4044278,433,0,0,0,0,9.357326998724602,0.0,0.025556000764481723,4.695201211842781,18.8,596.390625,False
1773594235.6175122,434,0,0,0,0,9.564569998474326,0.0,0.023888998839538544,4.695201211842781,9.4,596.390625,False
1773594235.8303764,435,0,0,0,0,9.437032000278123,0.0,0.02290799966431223,4.695201211842781,9.4,596.390625,False
1773594236.0433733,436,0,0,0,0,9.428031000425108,0.0,0.024167002266040072,4.695201211842781,9.4,596.390625,False
1773594236.256262,437,0,0,0,0,9.475531998759834,0.0,0.024222998035838827,4.69649452361693,9.4,596.390625,False
1773594236.46931,438,0,0,0,0,9.53814400054398,0.0,0.023982000129763037,4.69649452361693,18.8,596.390625,False
1773594236.6822915,439,0,0,0,0,9.480438999162288,0.0,0.02346299879718572,4.69649452361693,9.4,596.390625,False
1773594236.8952572,440,0,0,0,0,9.461216999625321,0.0,0.025018998712766916,4.69649452361693,9.4,596.390625,False
1773594237.1081963,441,0,0,0,0,9.426328000699868,0.0,0.024297001800732687,4.69649452361693,9.4,596.390625,False
1773594237.321246,442,0,0,0,0,9.453402002691291,0.0,0.02379700163146481,4.694941583891764,14.1,596.390625,False
1773594237.5342813,443,0,0,0,0,9.456179999688175,0.0,0.023702999897068366,4.694941583891764,14.1,596.390625,False
1773594237.7471433,444,0,0,0,0,9.434365001652623,0.0,0.023167001927504316,4.694941583891764,9.4,596.390625,False
1773594237.9600472,445,0,0,0,0,9.398939000675455,0.0,0.024408000172115862,4.694941583891764,14.1,596.390625,False
1773594238.1729112,446,0,0,0,0,9.402976000274066,0.0,0.02375999974901788,4.694941583891764,9.4,596.390625,False
1773594238.3858168,447,0,0,0,0,9.477143001277,0.0,0.02348199996049516,4.696716456016546,9.4,596.390625,False
1773594238.59822,448,0,0,0,0,8.89428700247663,0.0,0.022481999621959403,4.696716456016546,18.8,596.390625,False
1773594238.8110929,449,0,0,0,0,9.366808997583576,0.0,0.023723001504549757,4.696716456016546,9.4,596.390625,False
1773594239.0238748,450,0,0,0,0,9.365920999698574,0.0,0.023851996957091615,4.696716456016546,9.4,596.390625,False
1773594239.2369,451,0,0,0,0,9.437568998691859,0.0,0.02298199979122728,4.696716456016546,9.4,596.390625,False
1773594239.4498239,452,0,0,0,0,9.419550002348842,0.0,0.024518998543499038,4.699228593618565,9.4,596.390625,False
1773594239.6627395,453,0,0,0,0,9.409382997546345,0.0,0.025129000277956948,4.699228593618565,18.8,596.390625,False
1773594239.8757045,454,0,0,0,0,9.387197998876218,0.0,0.02457399750710465,4.699228593618565,9.4,596.390625,False
1773594240.0885112,455,0,0,0,0,9.373605000291718,0.0,0.023870998120401055,4.699228593618565,9.4,596.390625,False
1773594240.3014224,456,0,0,0,0,9.408457000972703,0.0,0.023055999918142334,4.699228593618565,9.4,596.390625,False
1773594240.5143626,457,0,0,0,0,9.437272998184199,0.0,0.02259299799334258,4.696855305908404,9.4,596.390625,False
1773594240.7271678,458,0,0,0,0,9.366197999042924,0.0,0.024777997168712318,4.696855305908404,18.8,596.390625,False
1773594240.940112,459,0,0,0,0,9.420050999324303,0.0,0.024814999051159248,4.696855305908404,9.4,596.390625,False
1773594241.1529698,460,0,0,0,0,9.378142000059597,0.0,0.023945001885294914,4.696855305908404,9.4,596.40625,False
1773594241.365857,461,0,0,0,0,9.404382999491645,0.0,0.025332999939564615,4.696855305908404,9.4,596.40625,False
1773594241.5788417,462,0,0,0,0,9.470254000916611,0.0,0.02524000228731893,4.697183529199379,9.4,596.40625,False
1773594241.7917182,463,0,0,0,0,9.378975999425165,0.0,0.024853001377778128,4.697183529199379,18.8,596.40625,False
1773594242.004641,464,0,0,0,0,9.404217002156656,0.0,0.02429699816275388,4.697183529199379,4.7,596.40625,False
1773594242.2176135,465,0,0,0,0,9.393345997523284,0.0,0.024296001356560737,4.697183529199379,9.4,596.421875,False
1773594242.4305868,466,0,0,0,0,9.426402000826783,0.0,0.02433400004520081,4.697183529199379,14.1,596.421875,False
1773594242.6434422,467,0,0,0,0,9.343624002212891,0.0,0.023648000933462754,4.696577614333893,9.4,596.421875,False
1773594242.8562884,468,0,0,0,0,9.35845699859783,0.0,0.02383299943176098,4.696577614333893,14.1,596.421875,False
1773594243.0692635,469,0,0,0,0,9.454123999603326,0.0,0.02375899930484593,4.696577614333893,9.4,596.421875,False
1773594243.2821274,470,0,0,0,0,9.369012001116062,0.0,0.024091998056974262,4.696577614333893,9.4,596.421875,False
1773594243.4949758,471,0,0,0,0,9.35534599921084,0.0,0.024519002181477845,4.696577614333893,14.1,596.421875,False
1773594243.707951,472,0,0,0,0,9.427272001630627,0.0,0.022852000256534666,4.696976280309203,9.4,596.421875,False
1773594243.9207366,473,0,0,0,0,9.361216001707362,0.0,0.024556000425945967,4.696976280309203,18.8,596.421875,False
1773594244.133709,474,0,0,0,0,9.412846000486752,0.0,0.023036998754832894,4.696976280309203,9.4,596.421875,False
1773594244.3465457,475,0,0,0,0,9.341902001324343,0.0,0.023666001652600244,4.696976280309203,9.4,596.421875,False
1773594244.5595522,476,0,0,0,0,9.377531001518946,0.0,0.02387100175837986,4.696976280309203,9.4,596.421875,False
1773594244.7723618,477,0,0,0,0,9.383234999404522,0.0,0.024388999008806422,4.697484440850593,9.4,596.421875,False
1773594244.9853373,478,0,0,0,0,9.413143001438584,0.0,0.024536999262636527,4.697484440850593,18.8,596.421875,False
1773594245.198191,479,0,0,0,0,9.426568998605944,0.0,0.02379700163146481,4.697484440850593,9.4,596.421875,False
1773594245.4111054,480,0,0,0,0,9.404827000253135,0.0,0.02387000131420791,4.697484440850593,9.4,596.421875,False
1773594245.6239574,481,0,0,0,0,9.451587000512518,0.0,0.025296998501289636,4.697484440850593,9.4,596.421875,False
1773594245.8368382,482,0,0,0,0,9.381493997352663,0.0,0.02333300290047191,4.697124613948755,9.4,596.421875,False
1773594246.0497594,483,0,0,0,0,9.366513000713894,0.0,0.024204000510508195,4.697124613948755,18.8,596.421875,False
1773594246.2626412,484,0,0,0,0,9.398772999702487,0.0,0.02437100192764774,4.697124613948755,9.4,596.421875,False
1773594246.4754765,485,0,0,0,0,9.396902001753915,0.0,0.023926000721985474,4.697124613948755,9.4,596.421875,False
1773594246.6885543,486,0,0,0,0,9.466753999731736,0.0,0.024240998754976317,4.697124613948755,9.4,596.421875,False
1773594246.9016538,487,0,0,0,0,9.51195900051971,0.0,0.023611999495187774,4.695702679894288,9.4,596.421875,False
1773594247.1140778,488,0,0,0,0,9.006917000078829,0.0,0.023426000552717596,4.695702679894288,18.8,596.421875,False
1773594247.327,489,0,0,0,0,9.414513002411695,0.0,0.02572299854364246,4.695702679894288,9.4,596.421875,False
1773594247.5398948,490,0,0,0,0,9.47682799960603,0.0,0.024593002308392897,4.695702679894288,9.4,596.421875,False
1773594247.7528725,491,0,0,0,0,9.477253999648383,0.0,0.02409200169495307,4.695702679894288,9.4,596.421875,False
1773594247.9658582,492,0,0,0,0,9.472180001466768,0.0,0.023407003027386963,4.698335829820105,9.4,596.421875,False
1773594248.1788027,493,0,0,0,0,9.432660997845232,0.0,0.02388900247751735,4.698335829820105,18.8,596.421875,False
1773594248.3917565,494,0,0,0,0,9.444457999052247,0.0,0.023777996830176562,4.698335829820105,9.4,596.421875,False
1773594248.6047688,495,0,0,0,0,9.479902000748552,0.0,0.024278000637423247,4.698335829820105,9.4,596.421875,False
1773594248.817731,496,0,0,0,0,9.474736001720885,0.0,0.022203999833436683,4.698335829820105,9.4,596.421875,False
1773594249.0306847,497,0,0,0,0,9.464236001804238,0.0,0.02385200059507042,4.6956091064480345,9.4,596.421875,False
1773594249.243648,498,0,0,0,0,9.445586998481303,0.0,0.02463000055286102,4.6956091064480345,18.8,596.421875,False
1773594249.456626,499,0,0,0,0,9.45953200061922,0.0,0.024482000299030915,4.6956091064480345,9.4,596.421875,False
1773594249.6695461,500,0,0,0,0,9.424661002412904,0.0,0.024370998289668933,4.6956091064480345,9.4,596.421875,False
1773594249.8823965,501,0,0,0,0,9.409753998625092,0.0,0.024128999939421192,4.6956091064480345,9.4,596.421875,False
1773594250.095233,502,0,0,0,0,9.423142000741791,0.0,0.0248889991780743,4.696864773245444,9.4,596.421875,False
1773594250.3081634,503,0,0,0,0,9.40151300164871,0.0,0.02405499981250614,4.696864773245444,18.8,596.421875,False
1773594250.5210762,504,0,0,0,0,9.450493998883758,0.0,0.023426000552717596,4.696864773245444,9.4,596.421875,False
1773594250.73384,505,0,0,0,0,9.365271998831304,0.0,0.024889002816053107,4.696864773245444,9.4,596.421875,False
1773594250.9466245,506,0,0,0,0,9.36093800191884,0.0,0.024834000214468688,4.696864773245444,9.4,596.421875,False
1773594251.1595418,507,0,0,0,0,9.40743899991503,0.0,0.023648000933462754,4.697889575114862,9.4,596.421875,False
1773594251.3725934,508,0,0,0,0,9.443068996915827,0.0,0.023314998543355614,4.697889575114862,18.8,596.421875,False
1773594251.5854366,509,0,0,0,0,9.419939000508748,0.0,0.02516599852242507,4.697889575114862,9.4,596.421875,False
1773594251.798365,510,0,0,0,0,9.358439001516672,0.0,0.02433299960102886,4.697889575114862,9.4,596.421875,False
1773594252.0112977,511,0,0,0,0,9.354141999210697,0.0,0.025334000383736566,4.697889575114862,9.4,596.421875,False
1773594252.2242143,512,0,0,0,0,9.410900998773286,0.0,0.02433299960102886,4.6962852321827855,9.4,596.421875,False
1773594252.4367843,513,0,0,0,0,9.088918002817081,0.0,0.039333997847279534,4.6962852321827855,18.8,596.421875,False
1773594252.6499226,514,0,0,0,0,9.645348000049125,0.0,0.026741003239294514,4.6962852321827855,9.4,596.421875,False
1773594252.8628137,515,0,0,0,0,9.391476000018883,0.0,0.026999998226528987,4.6962852321827855,9.4,596.421875,False
1773594253.0755863,516,0,0,0,0,9.280992999265436,0.0,0.023945001885294914,4.6962852321827855,9.4,596.421875,False
1773594253.2883594,517,0,0,0,0,9.313864000432659,0.0,0.02383299943176098,4.698613729353475,9.4,596.421875,False
1773594253.5012171,518,0,0,0,0,9.237216003384674,0.0,0.024092998501146212,4.698613729353475,18.8,596.421875,False
1773594253.7142386,519,0,0,0,0,9.419660997082246,0.0,0.024388999008806422,4.698613729353475,9.4,596.4375,False
1773594253.9270227,520,0,0,0,0,9.298715998738771,0.0,0.023982000129763037,4.698613729353475,9.4,596.4375,False
1773594254.139946,521,0,0,0,0,9.357457001897274,0.0,0.02429699816275388,4.698613729353475,9.4,596.4375,False
1773594254.3529816,522,0,0,0,0,9.460976001719246,0.0,0.023980999685591087,4.696506093034245,9.4,596.4375,False
1773594254.5659432,523,0,0,0,0,9.414624000783078,0.0,0.024537999706808478,4.696506093034245,18.8,596.4375,False
1773594254.778711,524,0,0,0,0,9.359530999063281,0.0,0.024462999135721475,4.696506093034245,9.4,596.4375,False
1773594254.9915183,525,0,0,0,0,9.332159999758005,0.0,0.0240379995375406,4.696506093034245,9.4,596.4375,False
1773594255.204314,526,0,0,0,0,9.353735000331653,0.0,0.023853001039242372,4.696506093034245,9.4,596.4375,False
1773594255.4171832,527,0,0,0,0,9.384234999743057,0.0,0.02300100095453672,4.698345303126604,9.4,596.4375,False
1773594255.6295927,528,0,0,0,0,8.988768997369334,0.0,0.02403699909336865,4.698345303126604,18.8,596.4375,False
1773594255.8424518,529,0,0,0,0,9.359938001580304,0.0,0.02416600182186812,4.698345303126604,9.4,596.4375,False
1773594256.0553062,530,0,0,0,0,9.359178999147844,0.0,0.025258999812649563,4.698345303126604,9.4,596.4375,False
1773594256.2681792,531,0,0,0,0,9.389252998516895,0.0,0.024778000806691125,4.698345303126604,9.4,596.4375,False
1773594256.4811144,532,0,0,0,0,9.39901300080237,0.0,0.024832999770296738,4.699535032976154,9.4,596.4375,False
1773594256.6940084,533,0,0,0,0,9.339901000203099,0.0,0.024073997337836772,4.699535032976154,18.8,596.4375,False
1773594256.906883,534,0,0,0,0,9.319938999396982,0.0,0.02353699892410077,4.699535032976154,9.4,596.4375,False
1773594257.1196473,535,0,0,0,0,9.359328003483824,0.0,0.023112002963898703,4.699535032976154,9.4,596.4375,False
1773594257.332563,536,0,0,0,0,9.342363999166992,0.0,0.02320400017197244,4.699535032976154,9.4,596.453125,False
1773594257.545371,537,0,0,0,0,9.397011999681126,0.0,0.02355600008741021,4.698166369346787,9.4,596.453125,False
1773594257.7582326,538,0,0,0,0,9.349938998639118,0.0,0.024723001843085513,4.698166369346787,18.8,596.453125,False
1773594257.9710248,539,0,0,0,0,9.397531001013704,0.0,0.023684999177930877,4.698166369346787,9.4,596.453125,False
1773594258.1839514,540,0,0,0,0,9.35049400140997,0.0,0.024110999220283702,4.698166369346787,14.1,596.453125,False
1773594258.3969028,541,0,0,0,0,9.393345997523284,0.0,0.02324099841644056,4.698166369346787,9.4,596.453125,False
1773594258.609698,542,0,0,0,0,9.376976002386073,0.0,0.02379700163146481,4.697794862145283,9.4,596.453125,False
1773594258.8225904,543,0,0,0,0,9.428698002011515,0.0,0.023649001377634704,4.697794862145283,18.8,596.453125,False
1773594259.0355144,544,0,0,0,0,9.351770997454878,0.0,0.02383299943176098,4.697794862145283,9.4,596.453125,False
1773594259.248339,545,0,0,0,0,9.339604999695439,0.0,0.022963002265896648,4.697794862145283,9.4,596.46875,False
1773594259.4611087,546,0,0,0,0,9.34021599823609,0.0,0.023110998881747946,4.697794862145283,9.4,596.46875,False
1773594259.6739292,547,0,0,0,0,9.349493000627263,0.0,0.02370399670326151,4.698238993767052,9.4,596.46875,False
1773594259.886691,548,0,0,0,0,9.327383002528222,0.0,0.023888998839538544,4.698238993767052,18.8,596.46875,False
1773594260.0995266,549,0,0,0,0,9.34738300202298,0.0,0.023944001441122964,4.698238993767052,9.4,596.46875,False
1773594260.3123264,550,0,0,0,0,9.391030998813221,0.0,0.024221997591666877,4.698238993767052,9.4,596.46875,False
1773594260.5255055,551,0,0,0,0,9.616755000024568,0.0,0.02631500319694169,4.698238993767052,9.4,596.46875,False
1773594260.7384152,552,0,0,0,0,9.375290999741992,0.0,0.02463000055286102,4.697138290571643,9.4,596.46875,False
1773594260.950776,553,0,0,0,0,8.88913800008595,0.0,0.02348199996049516,4.697138290571643,18.8,596.46875,False
1773594261.16358,554,0,0,0,0,9.401123999850824,0.0,0.02490699989721179,4.697138290571643,9.4,596.46875,False
1773594261.3764124,555,0,0,0,0,9.352900997328106,0.0,0.023444001271855086,4.697138290571643,9.4,596.46875,False
1773594261.5893333,556,0,0,0,0,9.404068998264847,0.0,0.02298199979122728,4.697138290571643,9.4,596.46875,False
1773594261.8022642,557,0,0,0,0,9.371937998366775,0.0,0.022852000256534666,4.69990997534575,9.4,596.46875,False
1773594262.0150328,558,0,0,0,0,9.344549998786533,0.0,0.024130000383593142,4.69990997534575,18.8,596.46875,False
1773594262.2279031,559,0,0,0,0,9.375105000799522,0.0,0.025408000510651618,4.69990997534575,9.4,596.46875,False
1773594262.4408517,560,0,0,0,0,9.439049998036353,0.0,0.025037003069883212,4.69990997534575,9.4,596.46875,False
1773594262.6537561,561,0,0,0,0,9.424790998309618,0.0,0.024777997168712318,4.69990997534575,9.4,596.46875,False
1773594262.86659,562,0,0,0,0,9.403345997270662,0.0,0.02322200089110993,4.697831694512986,9.4,596.46875,False
1773594263.0795426,563,0,0,0,0,9.365513000375358,0.0,0.023908000002847984,4.697831694512986,18.8,596.46875,False
1773594263.2923439,564,0,0,0,0,9.392160001880256,0.0,0.023814998712623492,4.697831694512986,9.4,596.46875,False
1773594263.5054119,565,0,0,0,0,9.496123999269912,0.0,0.023684999177930877,4.697831694512986,9.4,596.46875,False
1773594263.718287,566,0,0,0,0,9.402068000781583,0.0,0.024758999643381685,4.697831694512986,9.4,596.46875,False
1773594263.9311342,567,0,0,0,0,9.366974998556543,0.0,0.02377800046815537,4.696852150137872,9.4,596.46875,False
1773594264.1438031,568,0,0,0,0,9.126344000833342,0.0,0.023814998712623492,4.696852150137872,18.8,596.46875,False
1773594264.3566017,569,0,0,0,0,9.356066999316681,0.0,0.024482000299030915,4.696852150137872,9.4,596.46875,False
1773594264.5694816,570,0,0,0,0,9.385605000716168,0.0,0.02405600025667809,4.696852150137872,9.4,596.46875,False
1773594264.7823188,571,0,0,0,0,9.358660998259438,0.0,0.023982000129763037,4.696852150137872,9.4,596.46875,False
1773594264.995235,572,0,0,0,0,9.359438001411036,0.0,0.02377800046815537,4.698805330752203,9.4,596.46875,False
1773594265.207968,573,0,0,0,0,9.326327002781909,0.0,0.023075001081451774,4.698805330752203,18.8,596.46875,False
1773594265.4209013,574,0,0,0,0,9.388808997755405,0.0,0.02351800139877014,4.698805330752203,9.4,596.46875,False
1773594265.6336684,575,0,0,0,0,9.374531000503339,0.0,0.022797001292929053,4.698805330752203,9.4,596.46875,False
1773594265.8465984,576,0,0,0,0,9.34847499956959,0.0,0.023888998839538544,4.698805330752203,9.4,596.46875,False
1773594266.0594096,577,0,0,0,0,9.31432699871948,0.0,0.023963002604432404,4.69849056527684,9.4,596.46875,False
1773594266.2722392,578,0,0,0,0,9.398901998793008,0.0,0.024258999474113807,4.69849056527684,18.8,596.46875,False
1773594266.4852037,579,0,0,0,0,9.42427200061502,0.0,0.023685002815909684,4.69849056527684,9.4,596.46875,False
1773594266.69809,580,0,0,0,0,9.400568000273779,0.0,0.0235740008065477,4.69849056527684,9.4,596.46875,False
1773594266.9110653,581,0,0,0,0,9.416734999831533,0.0,0.02462900010868907,4.69849056527684,9.4,596.46875,False
1773594267.123964,582,0,0,0,0,9.40193800124689,0.0,0.02385200059507042,4.696797450789103,9.4,596.46875,False
1773594267.3368554,583,0,0,0,0,9.356567003123928,0.0,0.024852000933606178,4.696797450789103,18.8,596.46875,False
1773594267.5497808,584,0,0,0,0,9.445679999771528,0.0,0.02377800046815537,4.696797450789103,9.4,596.46875,False
1773594267.7625163,585,0,0,0,0,9.320178000052692,0.0,0.02405600025667809,4.696797450789103,9.4,596.46875,False
1773594267.9753551,586,0,0,0,0,9.308733999205288,0.0,0.023610999051015824,4.696797450789103,9.4,596.46875,False
1773594268.1882024,587,0,0,0,0,9.315696999692591,0.0,0.02387100175837986,4.698214785377491,9.4,596.46875,False
1773594268.401007,588,0,0,0,0,9.224085999449017,0.0,0.023814998712623492,4.698214785377491,18.8,596.46875,False
1773594268.6138246,589,0,0,0,0,9.273826999560697,0.0,0.02288899850100279,4.698214785377491,9.4,596.46875,False
1773594268.8265994,590,0,0,0,0,9.237604001100408,0.0,0.02348099951632321,4.698214785377491,9.4,596.46875,False
1773594269.039485,591,0,0,0,0,9.328123000159394,0.0,0.02464800127199851,4.698214785377491,9.4,596.46875,False
1773594269.252372,592,0,0,0,0,9.323381997091928,0.0,0.02348199996049516,4.698496881226261,9.4,596.46875,False
1773594269.4652708,593,0,0,0,0,9.346641996671678,0.0,0.026110999897355214,4.698496881226261,18.8,596.46875,False
1773594269.6780872,594,0,0,0,0,9.332308000011835,0.0,0.02290699922014028,4.698496881226261,9.4,596.46875,False
1773594269.8909433,595,0,0,0,0,9.267363002436468,0.0,0.023760003386996686,4.698496881226261,9.4,596.46875,False
1773594270.1036725,596,0,0,0,0,9.24260499959928,0.0,0.023628999770153314,4.698496881226261,9.4,596.46875,False
1773594270.3165913,597,0,0,0,0,9.323864000180038,0.0,0.02577800114522688,4.698494775907901,14.1,596.46875,False
1773594270.530568,598,0,0,0,0,10.485539001820143,0.0,0.0248889991780743,4.698494775907901,18.7,596.46875,False
1773594270.7434301,599,0,0,0,0,9.371549000206869,0.0,0.02705599763430655,4.698494775907901,4.7,596.46875,False
1773594270.9564538,600,0,0,0,0,9.373901997605572,0.0,0.026092999178217724,4.698494775907901,14.1,596.46875,False
1773594271.1694357,601,0,0,0,0,9.50705000286689,0.0,0.02568499985500239,4.698494775907901,4.7,596.46875,False
1773594271.3823915,602,0,0,0,0,9.423995001270669,0.0,0.02405600025667809,4.691138752350432,9.4,596.46875,False
1773594271.59519,603,0,0,0,0,9.368122999148909,0.0,0.0248889991780743,4.691138752350432,18.8,596.46875,False
1773594271.8082347,604,0,0,0,0,9.422364997590194,0.0,0.024258999474113807,4.691138752350432,9.4,596.46875,False
1773594272.0210924,605,0,0,0,0,9.351660999527667,0.0,0.02344499807804823,4.691138752350432,9.4,596.46875,False
1773594272.2340271,606,0,0,0,0,9.415586999239167,0.0,0.02374099858570844,4.691138752350432,9.4,596.46875,False
1773594272.446847,607,0,0,0,0,9.335290000308305,0.0,0.024258999474113807,4.697264540082211,9.4,596.484375,False
1773594272.65916,608,0,0,0,0,8.856471002218314,0.0,0.024814999051159248,4.697264540082211,18.8,596.484375,False
1773594272.8721778,609,0,0,0,0,9.571827999025118,0.0,0.024240998754976317,4.697264540082211,9.4,596.484375,False
1773594273.0850716,610,0,0,0,0,9.384827000758378,0.0,0.02405600025667809,4.697264540082211,9.4,596.484375,False
1773594273.2979178,611,0,0,0,0,9.34191899796133,0.0,0.02492600106052123,4.697264540082211,9.4,596.484375,False
1773594273.5107257,612,0,0,0,0,9.363104996737093,0.0,0.024258999474113807,4.699787796541951,9.4,596.484375,False
1773594273.7235484,613,0,0,0,0,9.355086996947648,0.0,0.02516699896659702,4.699787796541951,18.8,596.484375,False
1773594273.936423,614,0,0,0,0,9.361790002003545,0.0,0.0248889991780743,4.699787796541951,9.4,596.484375,False
1773594274.1492507,615,0,0,0,0,9.336068000266096,0.0,0.02246300209662877,4.699787796541951,9.4,596.484375,False
1773594274.3620327,616,0,0,0,0,9.357789997011423,0.0,0.02375899930484593,4.699787796541951,9.4,596.484375,False
1773594274.5749102,617,0,0,0,0,9.377567999763414,0.0,0.02546399991842918,4.69844003829276,9.4,596.484375,False
1773594274.787831,618,0,0,0,0,9.356290000141598,0.0,0.024592001864220947,4.69844003829276,18.8,596.484375,False
1773594275.0006626,619,0,0,0,0,9.357049999380251,0.0,0.023092001356417313,4.69844003829276,9.4,596.484375,False
1773594275.2135167,620,0,0,0,0,9.358733997942181,0.0,0.02324100205441937,4.69844003829276,9.4,596.484375,False
1773594275.4264734,621,0,0,0,0,9.36703099796432,0.0,0.023795997549314052,4.69844003829276,9.4,596.484375,False
1773594275.6393833,622,0,0,0,0,9.487678998993943,0.0,0.02490800034138374,4.697209831127723,9.4,596.484375,False
1773594275.8523512,623,0,0,0,0,9.435791002033511,0.0,0.025834000553004444,4.697209831127723,18.8,596.484375,False
1773594276.0653524,624,0,0,0,0,9.539458002109313,0.0,0.026147998141823336,4.697209831127723,9.4,596.484375,False
1773594276.2782907,625,0,0,0,0,9.44953200087184,0.0,0.025574001483619213,4.697209831127723,14.1,596.484375,False
1773594276.49141,626,0,0,0,0,9.510161999060074,0.0,0.0256669991358649,4.697209831127723,9.4,596.484375,False
1773594276.7046275,627,0,0,0,0,9.480808999796864,0.0,0.026110999897355214,4.6942437790109315,9.4,596.484375,False
1773594276.9177227,628,0,0,0,0,9.522254000330577,0.0,0.026186000468442217,4.6942437790109315,18.8,596.484375,False
1773594277.1308165,629,0,0,0,0,9.482679000939243,0.0,0.026888999855145812,4.6942437790109315,9.4,596.484375,False
1773594277.3437536,630,0,0,0,0,9.479254000325454,0.0,0.026166999305132776,4.6942437790109315,9.4,596.5,False
1773594277.5567694,631,0,0,0,0,9.472865000134334,0.0,0.02792599843814969,4.6942437790109315,14.1,596.515625,False
1773594277.7698534,632,0,0,0,0,9.51719799923012,0.0,0.025610999728087336,4.693290937882967,9.4,596.515625,False
1773594277.9827764,633,0,0,0,0,9.474697999394266,0.0,0.02624099943204783,4.693290937882967,14.1,596.515625,False
1773594278.1957288,634,0,0,0,0,9.429457000805996,0.0,0.025888999516610056,4.693290937882967,9.4,596.515625,False
1773594278.4086602,635,0,0,0,0,9.481105000304524,0.0,0.027314999897498637,4.693290937882967,9.4,596.515625,False
1773594278.6215422,636,0,0,0,0,9.459901997615816,0.0,0.026130001060664654,4.693290937882967,9.4,596.515625,False
1773594278.8346314,637,0,0,0,0,9.516643000097247,0.0,0.02522200156818144,4.695855139002464,9.4,596.515625,False
1773594279.0475245,638,0,0,0,0,9.456254003453068,0.0,0.025352001102874056,4.695855139002464,18.8,596.515625,False
1773594279.2606304,639,0,0,0,0,9.509456998785026,0.0,0.025185996491927654,4.695855139002464,9.4,596.515625,False
1773594279.4736168,640,0,0,0,0,9.444938001252012,0.0,0.026204001187579706,4.695855139002464,9.4,596.515625,False
1773594279.6865966,641,0,0,0,0,9.470105997024802,0.0,0.02518499968573451,4.695855139002464,9.4,596.515625,False
1773594279.8995373,642,0,0,0,0,9.390326998982346,0.0,0.026130001060664654,4.695268488546569,9.4,596.515625,False
1773594280.1124396,643,0,0,0,0,9.376789999805624,0.0,0.024834000214468688,4.695268488546569,18.8,596.515625,False
1773594280.3254802,644,0,0,0,0,9.462531001190655,0.0,0.0260560009337496,4.695268488546569,9.4,596.515625,False
1773594280.538315,645,0,0,0,0,9.3869749980513,0.0,0.025369998184032738,4.695268488546569,9.4,596.515625,False
1773594280.7512102,646,0,0,0,0,9.453752998524578,0.0,0.026370998966740444,4.695268488546569,9.4,596.515625,False
1773594280.9640696,647,0,0,0,0,9.418457000720082,0.0,0.02603699977044016,4.696908954656277,9.4,596.515625,False
1773594281.1767294,648,0,0,0,0,9.097029000258772,0.0,0.025667002773843706,4.696908954656277,23.5,596.515625,False
1773594281.3897665,649,0,0,0,0,9.49910600320436,0.0,0.02596299964352511,4.696908954656277,4.7,596.515625,False
1773594281.602627,650,0,0,0,0,9.4336239999393,0.0,0.02625900015118532,4.696908954656277,9.4,596.515625,False
1773594281.8155792,651,0,0,0,0,9.407141998963198,0.0,0.025871002435451373,4.696908954656277,14.1,596.515625,False
1773594282.0286689,652,0,0,0,0,9.440771998924902,0.0,0.02568600029917434,4.69673433773903,4.7,596.515625,False
1773594282.2416184,653,0,0,0,0,9.480384000198683,0.0,0.025481996999587864,4.69673433773903,18.8,596.515625,False
1773594282.454529,654,0,0,0,0,9.405030999914743,0.0,0.026351997803431004,4.69673433773903,9.4,596.515625,False
1773594282.6673927,655,0,0,0,0,9.433197999896947,0.0,0.02607400165288709,4.69673433773903,9.4,596.515625,False
1773594282.880276,656,0,0,0,0,9.437772001547273,0.0,0.026482000976102427,4.69673433773903,9.4,596.515625,False
1773594283.0931897,657,0,0,0,0,9.457698000915116,0.0,0.025074001314351335,4.696806917892911,9.4,596.515625,False
1773594283.306142,658,0,0,0,0,9.456921001401497,0.0,0.025332999939564615,4.696806917892911,18.8,596.515625,False
1773594283.519121,659,0,0,0,0,9.478012998442864,0.0,0.025148001441266388,4.696806917892911,9.4,596.515625,False
1773594283.732126,660,0,0,0,0,9.411216000444256,0.0,0.025445002393098548,4.696806917892911,9.4,596.515625,False
1773594283.9450314,661,0,0,0,0,9.441771999263437,0.0,0.026945002900902182,4.696806917892911,9.4,596.515625,False
1773594284.1579766,662,0,0,0,0,9.427346001757542,0.0,0.02572299854364246,4.695793102722489,9.4,596.515625,False
1773594284.370454,663,0,0,0,0,8.93513800110668,0.0,0.024758999643381685,4.695793102722489,18.8,596.515625,False
1773594284.583342,664,0,0,0,0,9.442123002372682,0.0,0.025612000172259286,4.695793102722489,9.4,596.515625,False
1773594284.7962337,665,0,0,0,0,9.379623999848263,0.0,0.025332999939564615,4.695793102722489,9.4,596.515625,False
1773594285.0091481,666,0,0,0,0,9.449364002648508,0.0,0.024315002519870177,4.695793102722489,9.4,596.515625,False
1773594285.2220342,667,0,0,0,0,9.442919999855803,0.0,0.02550000135670416,4.699002212202494,14.1,596.515625,False
1773594285.4348812,668,0,0,0,0,9.417531000508461,0.0,0.026370998966740444,4.699002212202494,14.1,596.515625,False
1773594285.64805,669,0,0,0,0,9.60108700019191,0.0,0.024278000637423247,4.699002212202494,9.4,596.515625,False
1773594285.8610191,670,0,0,0,0,9.43643900245661,0.0,0.02649999805726111,4.699002212202494,14.1,596.515625,False
1773594286.0740383,671,0,0,0,0,9.426623000763357,0.0,0.02546299947425723,4.699002212202494,9.4,596.515625,False
1773594286.287039,672,0,0,0,0,9.468401996855391,0.0,0.02463000055286102,4.694840683610597,9.4,596.515625,False
1773594286.5000064,673,0,0,0,0,9.497309001744725,0.0,0.026908001018455252,4.694840683610597,18.8,596.515625,False
1773594286.7130167,674,0,0,0,0,9.483662001002813,0.0,0.02564799797255546,4.694840683610597,9.4,596.515625,False
1773594286.9259524,675,0,0,0,0,9.396216002642177,0.0,0.025314999220427126,4.694840683610597,9.4,596.515625,False
1773594287.1387584,676,0,0,0,0,9.377845002745744,0.0,0.025500998162897304,4.694840683610597,9.4,596.515625,False
1773594287.351695,677,0,0,0,0,9.381438001582865,0.0,0.026333997084293514,4.696449298259797,9.4,596.515625,False
1773594287.5645535,678,0,0,0,0,9.386494002683321,0.0,0.02661100006662309,4.696449298259797,18.8,596.53125,False
1773594287.7775395,679,0,0,0,0,9.419882000656798,0.0,0.02607400165288709,4.696449298259797,9.4,596.53125,False
1773594287.990417,680,0,0,0,0,9.419938000064576,0.0,0.025517998437862843,4.696449298259797,9.4,596.53125,False
1773594288.2032673,681,0,0,0,0,9.434346000489313,0.0,0.026425997930346057,4.696449298259797,9.4,596.53125,False
1773594288.4162369,682,0,0,0,0,9.399383001436945,0.0,0.026501002139411867,4.696785879936279,9.4,596.53125,False
1773594288.6293468,683,0,0,0,0,9.483254001679597,0.0,0.025649002054706216,4.696785879936279,18.8,596.53125,False
1773594288.8422503,684,0,0,0,0,9.485679998761043,0.0,0.024962999304989353,4.696785879936279,9.4,596.53125,False
1773594289.0552113,685,0,0,0,0,9.3901049986016,0.0,0.02596400008769706,4.696785879936279,9.4,596.53125,False
1773594289.2682128,686,0,0,0,0,9.424900999874808,0.0,0.02633400072227232,4.696785879936279,9.4,596.53125,False
1773594289.4811525,687,0,0,0,0,9.4088269979693,0.0,0.02494400177965872,4.695198058294595,9.4,596.53125,False
1773594289.693919,688,0,0,0,0,9.250603998225415,0.0,0.02468500315444544,4.695198058294595,18.8,596.53125,False
1773594289.9067647,689,0,0,0,0,9.421994000149425,0.0,0.025852001272141933,4.695198058294595,9.4,596.53125,False
1773594290.119642,690,0,0,0,0,9.369993000291288,0.0,0.02550000135670416,4.695198058294595,9.4,596.53125,False
1773594290.3325589,691,0,0,0,0,9.401383002114017,0.0,0.026981000701198354,4.695198058294595,9.4,596.53125,False
1773594290.5455298,692,0,0,0,0,9.546420002152445,0.0,0.025593002646928653,4.697581245801435,9.4,596.53125,False
1773594290.758485,693,0,0,0,0,9.44530899869278,0.0,0.024758999643381685,4.697581245801435,18.8,596.53125,False
1773594290.9714766,694,0,0,0,0,9.432901002583094,0.0,0.02568499985500239,4.697581245801435,9.4,596.53125,False
1773594291.1842885,695,0,0,0,0,9.379308998177294,0.0,0.02514799780328758,4.697581245801435,9.4,596.53125,False
1773594291.3974087,696,0,0,0,0,9.527162001177203,0.0,0.025036999431904405,4.697581245801435,9.4,596.53125,False
1773594291.6104434,697,0,0,0,0,9.441179001441924,0.0,0.02564899841672741,4.695241157153131,9.4,596.53125,False
1773594291.8234315,698,0,0,0,0,9.493939000094542,0.0,0.025296998501289636,4.695241157153131,18.8,596.53125,False
1773594292.0363612,699,0,0,0,0,9.445346000575228,0.0,0.024258999474113807,4.695241157153131,9.4,596.53125,False
1773594292.2493412,700,0,0,0,0,9.4549570021627,0.0,0.02607400165288709,4.695241157153131,9.4,596.53125,False
1773594292.4622328,701,0,0,0,0,9.454068000195548,0.0,0.02550100180087611,4.695241157153131,9.4,596.53125,False
1773594292.675209,702,0,0,0,0,9.413938998477533,0.0,0.02574099926277995,4.695894043946531,9.4,596.53125,False
1773594292.8880682,703,0,0,0,0,9.430735000933055,0.0,0.026611996872816235,4.695894043946531,18.8,596.53125,False
1773594293.10103,704,0,0,0,0,9.509494997473666,0.0,0.02537099862820469,4.695894043946531,9.4,596.53125,False
1773594293.3140502,705,0,0,0,0,9.461179997742875,0.0,0.02520400084904395,4.695894043946531,9.4,596.53125,False
1773594293.5270302,706,0,0,0,0,9.473587000684347,0.0,0.02579600186436437,4.695894043946531,9.4,596.53125,False
1773594293.7399814,707,0,0,0,0,9.446697997191222,0.0,0.02544499875511974,4.6958435727920556,9.4,596.53125,False
1773594293.953013,708,0,0,0,0,9.489438998571131,0.0,0.025000001187436283,4.6958435727920556,18.8,596.53125,False
1773594294.165932,709,0,0,0,0,9.505901998636546,0.0,0.02516599852242507,4.6958435727920556,9.4,596.53125,False
1773594294.3789136,710,0,0,0,0,9.49256900275941,0.0,0.026296998839825392,4.6958435727920556,9.4,596.53125,False
1773594294.591947,711,0,0,0,0,9.531512998364633,0.0,0.02598200080683455,4.6958435727920556,9.4,596.53125,False
1773594294.8048906,712,0,0,0,0,9.48103200062178,0.0,0.02433400004520081,4.695225389186271,9.4,596.53125,False
1773594295.017811,713,0,0,0,0,9.425234999071108,0.0,0.025667002773843706,4.695225389186271,18.8,596.53125,False
1773594295.2308183,714,0,0,0,0,9.491845998127246,0.0,0.027148998924531043,4.695225389186271,9.4,596.53125,False
1773594295.4436598,715,0,0,0,0,9.388475002197083,0.0,0.024184999347198755,4.695225389186271,9.4,596.546875,False
1773594295.6566997,716,0,0,0,0,9.438697998120915,0.0,0.024777997168712318,4.695225389186271,14.1,596.546875,False
1773594295.8696907,717,0,0,0,0,9.403976000612602,0.0,0.02431499888189137,4.695768919531953,9.4,596.546875,False
1773594296.0825076,718,0,0,0,0,9.373789998790016,0.0,0.0243520007643383,4.695768919531953,18.8,596.546875,False
1773594296.295349,719,0,0,0,0,9.338511998066679,0.0,0.024740998924244195,4.695768919531953,9.4,596.546875,False
1773594296.50816,720,0,0,0,0,9.378827002365142,0.0,0.025167002604575828,4.695768919531953,9.4,596.546875,False
1773594296.721169,721,0,0,0,0,9.463419999519829,0.0,0.024165998183889315,4.695768919531953,9.4,596.546875,False
1773594296.934055,722,0,0,0,0,9.447958000237122,0.0,0.024278000637423247,4.6976285975022165,9.4,596.546875,False
1773594297.1469579,723,0,0,0,0,9.382511998410337,0.0,0.024408000172115862,4.6976285975022165,18.8,596.546875,False
1773594297.3597581,724,0,0,0,0,9.343790003185859,0.0,0.02353700256207958,4.6976285975022165,9.4,596.546875,False
1773594297.57267,725,0,0,0,0,9.363696997752413,0.0,0.024185999791370705,4.6976285975022165,9.4,596.546875,False
1773594297.785597,726,0,0,0,0,9.398567999596708,0.0,0.024574001145083457,4.6976285975022165,9.4,596.546875,False
1773594297.9986064,727,0,0,0,0,9.44293800057494,0.0,0.024388999008806422,4.69682795603801,9.4,596.546875,False
1773594298.2113664,728,0,0,0,0,9.241103001841111,0.0,0.0243520007643383,4.69682795603801,18.8,596.546875,False
1773594298.4242408,729,0,0,0,0,9.44078999964404,0.0,0.02331500218133442,4.69682795603801,9.4,596.546875,False
1773594298.6371696,730,0,0,0,0,9.415141998033505,0.0,0.02461099938955158,4.69682795603801,9.4,596.546875,False
1773594298.8500843,731,0,0,0,0,9.466976000112481,0.0,0.02537099862820469,4.69682795603801,9.4,596.546875,False
1773594299.0629547,732,0,0,0,0,9.426715998415602,0.0,0.025573997845640406,4.697712780660715,9.4,596.546875,False
1773594299.2758794,733,0,0,0,0,9.409715999936452,0.0,0.02551800207584165,4.697712780660715,18.8,596.546875,False
1773594299.4888608,734,0,0,0,0,9.45340100224712,0.0,0.026408000849187374,4.697712780660715,9.4,596.546875,False
1773594299.7016752,735,0,0,0,0,9.40740100122639,0.0,0.024184999347198755,4.697712780660715,9.4,596.546875,False
1773594299.9147213,736,0,0,0,0,9.51205000092159,0.0,0.025222998374374583,4.697712780660715,9.4,596.546875,False
1773594300.1276145,737,0,0,0,0,9.376568003062857,0.0,0.025833000108832493,4.696347281466605,9.4,596.546875,False
1773594300.340557,738,0,0,0,0,9.42067899813992,0.0,0.026112000341527164,4.696347281466605,18.8,596.546875,False
1773594300.5534954,739,0,0,0,0,9.511752999969758,0.0,0.025426001229789108,4.696347281466605,9.4,596.546875,False
1773594300.766389,740,0,0,0,0,9.453345999645535,0.0,0.025037003069883212,4.696347281466605,9.4,596.546875,False
1773594302.0717402,741,1,0,0,0,9.56397600020864,1092.4515799997607,0.01377799708279781,2.0574077682606537,144.8,595.171875,True
1773594302.282129,742,0,0,0,0,7.111218001227826,0.0,0.022480999177787453,2.0574077682606537,4.8,595.171875,False
1773594302.4922972,743,0,0,0,0,7.011420999333495,0.0,0.021611998818116263,2.0574077682606537,14.3,595.171875,False
1773594302.7026308,744,0,0,0,0,7.091383999068057,0.0,0.020851999579463154,2.0574077682606537,9.5,595.171875,False
1773594302.9128482,745,0,0,0,0,7.071661999361822,0.0,0.022166997950989753,2.0574077682606537,4.8,595.171875,False
1773594303.123132,746,0,0,0,0,7.059105999360327,0.0,0.02099999983329326,4.755760527508731,9.5,595.171875,False
1773594303.333433,747,0,0,0,0,7.0817180021549575,0.0,0.021629999537253752,4.755760527508731,9.5,595.171875,False
1773594303.5436454,748,0,0,0,0,7.032772999082226,0.0,0.023111999325919896,4.755760527508731,9.5,595.1875,False
1773594303.7539177,749,0,0,0,0,7.059051000396721,0.0,0.022649001039098948,4.755760527508731,9.5,595.1875,False
1773594303.9640973,750,0,0,0,0,6.9956240004103165,0.0,0.0215559994103387,4.755760527508731,4.8,595.1875,False
1773594304.1743448,751,0,0,0,0,7.048198000120465,0.0,0.021943997126072645,4.756418488221743,9.5,595.1875,False
1773594304.3846874,752,0,0,0,0,7.069458999467315,0.0,0.022629999875789508,4.756418488221743,4.8,595.1875,False
1773594304.5950346,753,0,0,0,0,7.1021990006556734,0.0,0.022314998204819858,4.756418488221743,14.3,595.1875,False
1773594304.805231,754,0,0,0,0,7.03786600206513,0.0,0.02214800042565912,4.756418488221743,9.5,595.1875,False
1773594305.0155191,755,0,0,0,0,7.038383999315556,0.0,0.021981999452691525,4.756418488221743,4.8,595.1875,False
1773594305.2257566,756,0,0,0,0,7.073311000567628,0.0,0.02157400012947619,4.755482297259821,9.5,595.1875,False
1773594305.435926,757,0,0,0,0,6.991124999331078,0.0,0.022371001250576228,4.755482297259821,4.8,595.1875,False
1773594305.6462379,758,0,0,0,0,7.036790997517528,0.0,0.02572199809947051,4.755482297259821,19.0,595.1875,False
1773594305.8565834,759,0,0,0,0,7.017939002253115,0.0,0.022815002012066543,4.755482297259821,4.8,595.1875,False
1773594306.0667822,760,0,0,0,0,7.030920998658985,0.0,0.022296000679489225,4.755482297259821,9.5,595.1875,False
1773594306.2794404,761,0,0,0,0,9.390196999447653,0.0,0.025851997634163126,4.745488718231629,9.4,595.1875,False
1773594306.4923854,762,0,0,0,0,9.41630899978918,0.0,0.02603699977044016,4.745488718231629,9.4,595.1875,False
1773594306.7055705,763,0,0,0,0,9.50551300047664,0.0,0.02633400072227232,4.745488718231629,18.8,595.1875,False
1773594306.918516,764,0,0,0,0,9.466698000323959,0.0,0.025927001843228936,4.745488718231629,9.4,595.1875,False
1773594307.131577,765,0,0,0,0,9.379549002915155,0.0,0.02633300027810037,4.745488718231629,9.4,595.1875,False
1773594307.3444202,766,0,0,0,0,9.328844997071428,0.0,0.02463000055286102,4.694958401026951,9.4,595.1875,False
1773594307.5574267,767,0,0,0,0,9.413160998519743,0.0,0.024166998628061265,4.694958401026951,9.4,595.1875,False
1773594307.7704098,768,0,0,0,0,9.34377099838457,0.0,0.023666998458793387,4.694958401026951,18.8,595.1875,False
1773594307.9833553,769,0,0,0,0,9.435142001166241,0.0,0.02494400177965872,4.694958401026951,14.1,595.1875,False
1773594308.196286,770,0,0,0,0,9.333288999187062,0.0,0.024110999220283702,4.694958401026951,9.4,595.1875,False
1773594308.4090993,771,0,0,0,0,9.31710399891017,0.0,0.023591997887706384,4.696188480638976,9.4,595.1875,False
1773594308.6221566,772,0,0,0,0,9.392530999321025,0.0,0.024185999791370705,4.696188480638976,9.4,595.1875,False
1773594308.8350086,773,0,0,0,0,9.31964199844515,0.0,0.024167002266040072,4.696188480638976,18.8,595.1875,False
1773594309.0478997,774,0,0,0,0,9.37214100122219,0.0,0.024593002308392897,4.696188480638976,9.4,595.1875,False
1773594309.2608316,775,0,0,0,0,9.397383000759874,0.0,0.024574001145083457,4.696188480638976,9.4,595.1875,False
1773594309.4737186,776,0,0,0,0,9.370344996568747,0.0,0.023814998712623492,4.696536594498575,9.4,595.1875,False
1773594309.6865435,777,0,0,0,0,9.31723300163867,0.0,0.0254259975918103,4.696536594498575,9.4,595.1875,False
1773594309.8993669,778,0,0,0,0,9.330827000667341,0.0,0.02409300213912502,4.696536594498575,18.8,595.1875,False
1773594310.1123345,779,0,0,0,0,9.371715001179837,0.0,0.024110999220283702,4.696536594498575,4.7,595.1875,False
1773594310.3252847,780,0,0,0,0,9.382956999615999,0.0,0.02351900184294209,4.696536594498575,14.1,595.1875,False
1773594310.5381026,781,0,0,0,0,9.336826999060577,0.0,0.02292599674547091,4.697547574061651,9.4,595.1875,False
1773594310.7509065,782,0,0,0,0,9.313714999734657,0.0,0.024482000299030915,4.697547574061651,9.4,595.1875,False
1773594310.9637518,783,0,0,0,0,9.35219700113521,0.0,0.023074000637279823,4.697547574061651,18.8,595.1875,False
1773594311.176643,784,0,0,0,0,9.362197000882588,0.0,0.024758999643381685,4.697547574061651,4.7,595.1875,False
1773594311.389549,785,0,0,0,0,9.346826002001762,0.0,0.023426000552717596,4.697547574061651,9.4,595.1875,False
1773594311.602534,786,0,0,0,0,9.473567999521038,0.0,0.024815002689138055,4.697355023072936,9.4,595.1875,False
1773594311.8153236,787,0,0,0,0,9.299567002017284,0.0,0.02322200089110993,4.697355023072936,9.4,595.1875,False
1773594312.0277228,788,0,0,0,0,8.842489998642122,0.0,0.02324100205441937,4.697355023072936,18.8,595.1875,False
1773594312.240555,789,0,0,0,0,9.372992997668916,0.0,0.0238150023506023,4.697355023072936,9.4,595.1875,False
1773594312.4534912,790,0,0,0,0,9.425123000255553,0.0,0.023314998543355614,4.697355023072936,9.4,595.1875,False
1773594312.6664536,791,0,0,0,0,9.392401003424311,0.0,0.02351900184294209,4.699610859191084,9.4,595.1875,False
1773594312.8793,792,0,0,0,0,9.348938001494389,0.0,0.02329600101802498,4.699610859191084,14.1,595.1875,False
1773594313.0921593,793,0,0,0,0,9.36699299927568,0.0,0.023888998839538544,4.699610859191084,18.8,595.1875,False
1773594313.3051534,794,0,0,0,0,9.40867899771547,0.0,0.02348199996049516,4.699610859191084,9.4,595.1875,False
1773594313.5180984,795,0,0,0,0,9.454438997636316,0.0,0.023426000552717596,4.699610859191084,9.4,595.1875,False
1773594313.7310634,796,0,0,0,0,9.435142001166241,0.0,0.022537002223543823,4.696518714281779,9.4,595.1875,False
1773594313.9440014,797,0,0,0,0,9.363179000501987,0.0,0.023296997824218124,4.696518714281779,9.4,595.1875,False
1773594314.1569798,798,0,0,0,0,9.377010999742197,0.0,0.02294500154675916,4.696518714281779,18.8,595.1875,False
1773594314.3698313,799,0,0,0,0,9.354104000522057,0.0,0.023149001208366826,4.696518714281779,9.4,595.1875,False
1773594314.5827563,800,0,0,0,0,9.403419997397577,0.0,0.023684999177930877,4.696518714281779,9.4,595.203125,False
1773594314.7957468,801,0,0,0,0,9.405142001924105,0.0,0.024500001018168405,4.696297852243277,9.4,595.203125,False
1773594315.0085917,802,0,0,0,0,9.325029997853562,0.0,0.022481999621959403,4.696297852243277,9.4,595.203125,False
1773594315.2214456,803,0,0,0,0,9.344492998934584,0.0,0.02375899930484593,4.696297852243277,18.8,595.203125,False
1773594315.4343936,804,0,0,0,0,9.36728899978334,0.0,0.022610998712480068,4.696297852243277,9.4,595.203125,False
1773594315.647295,805,0,0,0,0,9.377104001032421,0.0,0.02374099858570844,4.696297852243277,9.4,595.203125,False
1773594315.8603005,806,0,0,0,0,9.443012000701856,0.0,0.022666001314064488,4.696794295096315,9.4,595.203125,False
1773594316.0733058,807,0,0,0,0,9.419437999895308,0.0,0.02346299879718572,4.696794295096315,9.4,595.203125,False
1773594316.28622,808,0,0,0,0,9.408549001818756,0.0,0.023352000425802544,4.696794295096315,18.8,595.203125,False
1773594316.499201,809,0,0,0,0,9.383068001625361,0.0,0.026148998585995287,4.696794295096315,9.4,595.203125,False
1773594316.7121248,810,0,0,0,0,9.35410499732825,0.0,0.024832999770296738,4.696794295096315,9.4,595.203125,False
1773594316.9250224,811,0,0,0,0,9.377826998388628,0.0,0.02374099858570844,4.696072804677908,9.4,595.203125,False
1773594317.1378431,812,0,0,0,0,9.319289001723519,0.0,0.022797001292929053,4.696072804677908,9.4,595.203125,False
1773594317.350708,813,0,0,0,0,9.327548003057018,0.0,0.02375899930484593,4.696072804677908,18.8,595.203125,False
1773594317.5636528,814,0,0,0,0,9.41645700004301,0.0,0.02405600025667809,4.696072804677908,9.4,595.203125,False
1773594317.7765398,815,0,0,0,0,9.315178001997992,0.0,0.023963002604432404,4.696072804677908,9.4,595.203125,False
1773594317.9894392,816,0,0,0,0,9.339177999208914,0.0,0.022815002012066543,4.697397109372655,9.4,595.203125,False
1773594318.2023087,817,0,0,0,0,9.362253000290366,0.0,0.02305500311194919,4.697397109372655,9.4,595.203125,False
1773594318.4152281,818,0,0,0,0,9.344734000478638,0.0,0.02437000148347579,4.697397109372655,18.8,595.203125,False
1773594318.6282952,819,0,0,0,0,9.429123001609696,0.0,0.02461199983372353,4.697397109372655,9.4,595.21875,False
1773594318.8412564,820,0,0,0,0,9.456474999751663,0.0,0.02161100201192312,4.697397109372655,9.4,595.21875,False
1773594319.0541961,821,0,0,0,0,9.359826999570942,0.0,0.023463002435164526,4.695935052558416,9.4,595.21875,False
1773594319.267217,822,0,0,0,0,9.411215000000084,0.0,0.0245749979512766,4.695935052558416,9.4,595.21875,False
1773594319.4801168,823,0,0,0,0,9.344974998384714,0.0,0.024499997380189598,4.695935052558416,18.8,595.21875,False
1773594319.6930654,824,0,0,0,0,9.381103998748586,0.0,0.023870998120401055,4.695935052558416,9.4,595.21875,False
1773594319.9059584,825,0,0,0,0,9.34938200225588,0.0,0.02244400093331933,4.695935052558416,9.4,595.21875,False
1773594320.1187773,826,0,0,0,0,9.36199300122098,0.0,0.023370001144940034,4.696701729994386,9.4,595.21875,False
1773594320.3315861,827,0,0,0,0,9.31430800119415,0.0,0.024537999706808478,4.696701729994386,9.4,595.21875,False
1773594320.5440135,828,0,0,0,0,8.94437999886577,0.0,0.022036998416297138,4.696701729994386,18.8,595.21875,False
1773594320.757013,829,0,0,0,0,9.454401999391848,0.0,0.023592998331878334,4.696701729994386,9.4,595.21875,False
1773594320.969805,830,0,0,0,0,9.286771000915905,0.0,0.023036998754832894,4.696701729994386,9.4,595.21875,False
1773594321.1828368,831,0,0,0,0,9.382862997881602,0.0,0.02353699892410077,4.698999053546333,9.4,595.21875,False
1773594321.3956702,832,0,0,0,0,9.344288999272976,0.0,0.02296299862791784,4.698999053546333,9.4,595.21875,False
1773594321.6085434,833,0,0,0,0,9.359604999190196,0.0,0.02409200169495307,4.698999053546333,18.8,595.21875,False
1773594321.8214235,834,0,0,0,0,9.390844999870751,0.0,0.023648000933462754,4.698999053546333,9.4,595.21875,False
1773594322.0343666,835,0,0,0,0,9.304641000198899,0.0,0.022277999960351735,4.698999053546333,14.1,595.21875,False
1773594322.2473035,836,0,0,0,0,9.352419001515955,0.0,0.02461199983372353,4.6971908937096245,9.4,595.21875,False
1773594322.4601743,837,0,0,0,0,9.356882001156919,0.0,0.023352000425802544,4.6971908937096245,9.4,595.21875,False
1773594322.6731377,838,0,0,0,0,9.367344999191118,0.0,0.02344499807804823,4.6971908937096245,18.8,595.21875,False
1773594322.8860402,839,0,0,0,0,9.33412299855263,0.0,0.02348199996049516,4.6971908937096245,9.4,595.21875,False
1773594323.0988498,840,0,0,0,0,9.312733000115259,0.0,0.02374099858570844,4.6971908937096245,9.4,595.21875,False
1773594323.3116913,841,0,0,0,0,9.32939999984228,0.0,0.023906999558676034,4.69752652946941,9.4,595.21875,False
1773594323.5245464,842,0,0,0,0,9.325678001914639,0.0,0.023611999495187774,4.69752652946941,9.4,595.21875,False
1773594323.737425,843,0,0,0,0,9.296029998949962,0.0,0.02348199996049516,4.69752652946941,14.1,595.21875,False
1773594323.950187,844,0,0,0,0,9.301826001319569,0.0,0.023426000552717596,4.69752652946941,9.4,595.21875,False
1773594324.1629827,845,0,0,0,0,9.279586000047857,0.0,0.022759999410482123,4.69752652946941,9.4,595.21875,False
1773594324.3758755,846,0,0,0,0,9.302177997597028,0.0,0.024593002308392897,4.698449512019497,9.4,595.21875,False
1773594324.588788,847,0,0,0,0,9.340901000541635,0.0,0.039444999856641516,4.698449512019497,9.4,595.21875,False
1773594324.8015509,848,0,0,0,0,9.332955996796954,0.0,0.02286999733769335,4.698449512019497,18.8,595.21875,False
1773594325.0143106,849,0,0,0,0,9.275492000597296,0.0,0.022277999960351735,4.698449512019497,9.4,595.21875,False
1773594325.2270718,850,0,0,0,0,9.23723300002166,0.0,0.02316699828952551,4.698449512019497,9.4,595.21875,False
1773594325.4398413,851,0,0,0,0,9.260382001230028,0.0,0.02385200059507042,4.69940550218595,9.4,595.21875,False
1773594325.6526904,852,0,0,0,0,9.306103998824256,0.0,0.023370997951133177,4.69940550218595,14.1,595.21875,False
1773594325.865471,853,0,0,0,0,9.218325998517685,0.0,0.024444001610390842,4.69940550218595,18.8,595.21875,False
1773594326.0784378,854,0,0,0,0,9.286010998039274,0.0,0.024148001102730632,4.69940550218595,4.7,595.21875,False
1773594326.291175,855,0,0,0,0,9.237826001481153,0.0,0.023444001271855086,4.69940550218595,9.4,595.21875,False
1773594326.503978,856,0,0,0,0,9.228121998603456,0.0,0.023463002435164526,4.698645310926056,14.1,595.21875,False
1773594326.7167552,857,0,0,0,0,9.243141001206823,0.0,0.023684999177930877,4.698645310926056,9.4,595.21875,False
1773594326.9295626,858,0,0,0,0,9.152492002613144,0.0,0.02407500141998753,4.698645310926056,14.1,595.234375,False
1773594327.142528,859,0,0,0,0,9.35814199692686,0.0,0.0260560009337496,4.698645310926056,14.1,595.234375,False
1773594327.3553843,860,0,0,0,0,9.370678999403026,0.0,0.024962999304989353,4.698645310926056,9.4,595.234375,False
1773594327.5682576,861,0,0,0,0,9.395159999257885,0.0,0.02596299964352511,4.6980979570915755,9.4,595.234375,False
1773594327.7811992,862,0,0,0,0,9.42406700050924,0.0,0.026130001060664654,4.6980979570915755,9.4,595.234375,False
1773594327.9940226,863,0,0,0,0,9.339493000879884,0.0,0.024091998056974262,4.6980979570915755,18.8,595.234375,False
1773594328.2068317,864,0,0,0,0,9.329529999376973,0.0,0.02346299879718572,4.6980979570915755,9.4,595.234375,False
1773594328.4197571,865,0,0,0,0,9.33767799870111,0.0,0.023314998543355614,4.6980979570915755,9.4,595.234375,False
1773594328.6325686,866,0,0,0,0,9.315900002548005,0.0,0.024482000299030915,4.697913780153122,9.4,595.234375,False
1773594328.845386,867,0,0,0,0,9.350549000373576,0.0,0.02320400017197244,4.697913780153122,9.4,595.234375,False
1773594329.057863,868,0,0,0,0,8.914138001273386,0.0,0.02348099951632321,4.697913780153122,18.8,595.234375,False
1773594329.270561,869,0,0,0,0,9.307066000474151,0.0,0.022222000552574173,4.697913780153122,9.4,595.234375,False
1773594329.4834204,870,0,0,0,0,9.327918000053614,0.0,0.02490800034138374,4.697913780153122,9.4,595.234375,False
1773594329.69633,871,0,0,0,0,9.391141997184604,0.0,0.023427000996889547,4.700205969299592,9.4,595.234375,False
1773594329.9091692,872,0,0,0,0,9.387679001520155,0.0,0.02270400000270456,4.700205969299592,9.4,595.234375,False
1773594330.1220496,873,0,0,0,0,9.370345000206726,0.0,0.022832999093225226,4.700205969299592,18.8,595.234375,False
1773594330.3348503,874,0,0,0,0,9.347807997983182,0.0,0.02375999974901788,4.700205969299592,9.4,595.234375,False
1773594330.5476239,875,0,0,0,0,9.310974997788435,0.0,0.023943997803144157,4.700205969299592,9.4,595.234375,False
1773594330.760386,876,0,0,0,0,9.304121998866322,0.0,0.02240799949504435,4.698988524723134,9.4,595.234375,False
1773594330.9732816,877,0,0,0,0,9.425789001397789,0.0,0.02385200059507042,4.698988524723134,9.4,595.234375,False
1773594331.18609,878,0,0,0,0,9.279270001570694,0.0,0.02270299955853261,4.698988524723134,18.8,595.234375,False
1773594331.3989484,879,0,0,0,0,9.352160002890741,0.0,0.02188900180044584,4.698988524723134,9.4,595.234375,False
1773594331.6116939,880,0,0,0,0,9.312714999396121,0.0,0.02350000067963265,4.698988524723134,9.4,595.234375,False
1773594331.8246593,881,0,0,0,0,9.377975002280436,0.0,0.02359300196985714,4.698157949269397,4.7,595.234375,False
1773594332.0374663,882,0,0,0,0,9.31103000039002,0.0,0.02325900277355686,4.698157949269397,9.4,595.234375,False
1773594332.250336,883,0,0,0,0,9.330733999377117,0.0,0.024019002012209967,4.698157949269397,18.8,595.234375,False
1773594332.4631057,884,0,0,0,0,9.324770999228349,0.0,0.021777999791083857,4.698157949269397,9.4,595.234375,False
1773594332.6760216,885,0,0,0,0,9.419011999852955,0.0,0.02359300196985714,4.698157949269397,9.4,595.25,False
1773594332.8888993,886,0,0,0,0,9.358678998978576,0.0,0.023185002646641806,4.6981105868964255,9.4,595.25,False
1773594333.1016734,887,0,0,0,0,9.345622002001619,0.0,0.02290799966431223,4.6981105868964255,9.4,595.25,False
1773594333.314454,888,0,0,0,0,9.329049000371015,0.0,0.023352000425802544,4.6981105868964255,18.8,595.25,False
1773594333.527324,889,0,0,0,0,9.415122996870195,0.0,0.023352000425802544,4.6981105868964255,9.4,595.25,False
1773594333.7402627,890,0,0,0,0,9.371419000672176,0.0,0.024000000848900527,4.6981105868964255,9.4,595.265625,False
1773594333.953144,891,0,0,0,0,9.369770999910543,0.0,0.022574000468011945,4.698161106794881,9.4,595.265625,False
1773594334.1660368,892,0,0,0,0,9.369696999783628,0.0,0.02325999957975,4.698161106794881,14.1,595.265625,False
1773594334.3788626,893,0,0,0,0,9.32393699986278,0.0,0.023980999685591087,4.698161106794881,18.8,595.265625,False
1773594334.5918467,894,0,0,0,0,9.372974996949779,0.0,0.023722001060377806,4.698161106794881,9.4,595.265625,False
1773594334.8045857,895,0,0,0,0,9.287954999308567,0.0,0.023628999770153314,4.698161106794881,9.4,595.265625,False
1773594335.0174024,896,0,0,0,0,9.370695999677991,0.0,0.023445001716027036,4.698133741715015,9.4,595.265625,False
1773594335.2301786,897,0,0,0,0,9.300288002123125,0.0,0.023721997422399,4.698133741715015,9.4,595.265625,False
1773594335.4429898,898,0,0,0,0,9.28617700265022,0.0,0.02349999704165384,4.698133741715015,18.8,595.265625,False
1773594335.6558645,899,0,0,0,0,9.336456001619808,0.0,0.023982000129763037,4.698133741715015,9.4,595.265625,False
1773594335.8686662,900,0,0,0,0,9.324697002739413,0.0,0.025314999220427126,4.698133741715015,9.4,595.265625,False
1773594336.081541,901,0,0,0,0,9.345882001071004,0.0,0.02346299879718572,4.698642152749694,9.4,595.265625,False
1773594336.2943604,902,0,0,0,0,9.284528998250607,0.0,0.023037999199004844,4.698642152749694,9.4,595.265625,False
1773594336.5071437,903,0,0,0,0,9.329529999376973,0.0,0.024574001145083457,4.698642152749694,18.8,595.265625,False
1773594336.7202988,904,0,0,0,0,9.355010999570368,0.0,0.02512999708415009,4.698642152749694,9.4,595.265625,False
1773594336.9330757,905,0,0,0,0,9.328030002507148,0.0,0.023648997739655897,4.698642152749694,9.4,595.265625,False
1773594337.1458852,906,0,0,0,0,9.291178001149092,0.0,0.022944001102587208,4.6977517163919496,9.4,595.265625,False
1773594337.3586993,907,0,0,0,0,9.310844001447549,0.0,0.022852000256534666,4.6977517163919496,9.4,595.265625,False
1773594337.5711086,908,0,0,0,0,8.94402699850616,0.0,0.02461099938955158,4.6977517163919496,18.8,595.265625,False
1773594337.7839677,909,0,0,0,0,9.352529999887338,0.0,0.022648000594926998,4.6977517163919496,9.4,595.265625,False
1773594337.996818,910,0,0,0,0,9.379456998431124,0.0,0.022500000341096893,4.6977517163919496,9.4,595.265625,False
1773594338.2095606,911,0,0,0,0,9.293121998780407,0.0,0.023667002096772194,4.700661093226832,9.4,595.265625,False
1773594338.4222708,912,0,0,0,0,9.253529999114107,0.0,0.022963002265896648,4.700661093226832,9.4,595.265625,False
1773594338.6351788,913,0,0,0,0,9.327604002464795,0.0,0.02327800029888749,4.700661093226832,18.8,595.265625,False
1773594338.8480105,914,0,0,0,0,9.321122997789644,0.0,0.023000997316557914,4.700661093226832,9.4,595.265625,False
1773594339.0608592,915,0,0,0,0,9.300936999352416,0.0,0.02379600118729286,4.700661093226832,9.4,595.265625,False
1773594339.2736511,916,0,0,0,0,9.328623000328662,0.0,0.02238899833173491,4.698874816438999,9.4,595.265625,False
1773594339.4864907,917,0,0,0,0,9.32691900015925,0.0,0.02409300213912502,4.698874816438999,9.4,595.265625,False
1773594339.6993382,918,0,0,0,0,9.309696000855183,0.0,0.024130000383593142,4.698874816438999,18.8,595.265625,False
1773594339.9121473,919,0,0,0,0,9.287455999583472,0.0,0.023944001441122964,4.698874816438999,9.4,595.265625,False
1773594340.1249409,920,0,0,0,0,9.312808000686346,0.0,0.02316599784535356,4.698874816438999,9.4,595.265625,False
1773594340.3377433,921,0,0,0,0,9.344308000436286,0.0,0.02355600008741021,4.698859024056997,9.4,595.265625,False
1773594340.5519075,922,0,0,0,0,9.352974997455021,0.0,0.022814998374087736,4.698859024056997,14.1,595.265625,False
1773594340.7647963,923,0,0,0,0,9.309844001109013,0.0,0.025092998839681968,4.698859024056997,14.0,595.265625,False
1773594340.977685,924,0,0,0,0,9.340252003312344,0.0,0.024556000425945967,4.698859024056997,14.1,595.265625,False
1773594341.1905055,925,0,0,0,0,9.299289002228761,0.0,0.02407400097581558,4.698859024056997,9.4,595.265625,False
1773594341.4033337,926,0,0,0,0,9.302252001361921,0.0,0.023407003027386963,4.69224609393791,9.4,595.265625,False
1773594341.6161706,927,0,0,0,0,9.388660000695381,0.0,0.02292700082762167,4.69224609393791,9.4,595.265625,False
1773594341.8290422,928,0,0,0,0,9.321400000771973,0.0,0.02344399763387628,4.69224609393791,18.8,595.265625,False
1773594342.0418975,929,0,0,0,0,9.35158599895658,0.0,0.023573997168568894,4.69224609393791,9.4,595.265625,False
1773594342.2546887,930,0,0,0,0,9.360789001220837,0.0,0.023388998670270666,4.69224609393791,9.4,595.265625,False
1773594342.4675338,931,0,0,0,0,9.244826000212925,0.0,0.02274100188515149,4.698357934261361,9.4,595.265625,False
1773594342.6803553,932,0,0,0,0,9.313381000538357,0.0,0.023814998712623492,4.698357934261361,9.4,595.265625,False
1773594342.893173,933,0,0,0,0,9.346178001578664,0.0,0.023685999622102827,4.698357934261361,14.1,595.265625,False
1773594343.1060116,934,0,0,0,0,9.322048001195071,0.0,0.023445001716027036,4.698357934261361,14.1,595.265625,False
1773594343.318777,935,0,0,0,0,9.267604000342544,0.0,0.023518998204963282,4.698357934261361,9.4,595.265625,False
1773594343.531538,936,0,0,0,0,9.288917997764656,0.0,0.023814998712623492,4.699257024454308,9.4,595.265625,False
1773594343.7444751,937,0,0,0,0,9.35436299914727,0.0,0.024685999960638583,4.699257024454308,9.4,595.265625,False
1773594343.957288,938,0,0,0,0,9.282639999582898,0.0,0.022519001504406333,4.699257024454308,18.8,595.265625,False
1773594344.170149,939,0,0,0,0,9.313733997259988,0.0,0.022055999579606578,4.699257024454308,9.4,595.265625,False
1773594344.38284,940,0,0,0,0,9.248861999367364,0.0,0.023963999410625547,4.699257024454308,9.4,595.265625,False
1773594344.595835,941,0,0,0,0,9.303473998443224,0.0,0.024148001102730632,4.697944299904703,9.4,595.265625,False
1773594344.8085797,942,0,0,0,0,9.295178002503235,0.0,0.022517997422255576,4.697944299904703,9.4,595.265625,False
1773594345.021457,943,0,0,0,0,9.292251997976564,0.0,0.022795997210778296,4.697944299904703,18.8,595.265625,False
1773594345.2343035,944,0,0,0,0,9.31599199975608,0.0,0.022796000848757103,4.697944299904703,9.4,595.265625,False
1773594345.4470966,945,0,0,0,0,9.287584998673992,0.0,0.022574000468011945,4.697944299904703,9.4,595.265625,False
1773594345.6602254,946,0,0,0,0,9.547735000523971,0.0,0.028352002118481323,4.6975980818523455,9.4,595.265625,False
1773594345.8732574,947,0,0,0,0,9.516234997136053,0.0,0.02575899998191744,4.6975980818523455,9.4,595.265625,False
1773594346.0856826,948,0,0,0,0,8.82204400113551,0.0,0.023426000552717596,4.6975980818523455,18.8,595.265625,False
1773594346.298396,949,0,0,0,0,9.240732000762364,0.0,0.022240998077904806,4.6975980818523455,9.4,595.265625,False
1773594346.5110989,950,0,0,0,0,9.268400001019472,0.0,0.024758999643381685,4.6975980818523455,9.4,595.265625,False
1773594346.7239032,951,0,0,0,0,9.325548002379946,0.0,0.024167002266040072,4.700596822698584,9.4,595.265625,False
1773594346.9367127,952,0,0,0,0,9.259733000362758,0.0,0.02387000131420791,4.700596822698584,9.4,595.265625,False
1773594347.1495256,953,0,0,0,0,9.279122001316864,0.0,0.022832999093225226,4.700596822698584,14.1,595.265625,False
1773594347.3624625,954,0,0,0,0,9.341659999336116,0.0,0.02316699828952551,4.700596822698584,14.1,595.265625,False
1773594347.5752769,955,0,0,0,0,9.306158997787861,0.0,0.02327800029888749,4.700596822698584,9.4,595.265625,False
1773594347.7880142,956,0,0,0,0,9.281621998525225,0.0,0.023649001377634704,4.698815858754467,9.4,595.265625,False
1773594348.000838,957,0,0,0,0,9.346086000732612,0.0,0.023630000214325264,4.698815858754467,9.4,595.265625,False
1773594348.2135866,958,0,0,0,0,9.287677999964217,0.0,0.02344399763387628,4.698815858754467,18.8,595.265625,False
1773594348.4264684,959,0,0,0,0,9.331901001132792,0.0,0.02387100175837986,4.698815858754467,9.4,595.265625,False
1773594348.63924,960,0,0,0,0,9.267843997804448,0.0,0.023630000214325264,4.698815858754467,9.4,595.265625,False
1773594348.8521204,961,0,0,0,0,9.332380999694578,0.0,0.02457399750710465,4.698821122773291,9.4,595.265625,False
1773594349.0649903,962,0,0,0,0,9.336086000985233,0.0,0.023037999199004844,4.698821122773291,9.4,595.28125,False
1773594349.2778676,963,0,0,0,0,9.355788999528158,0.0,0.022518997866427526,4.698821122773291,18.8,595.28125,False
1773594349.4907272,964,0,0,0,0,9.35030699838535,0.0,0.02322200089110993,4.698821122773291,9.4,595.28125,False
1773594349.7035656,965,0,0,0,0,9.362011998746311,0.0,0.023685999622102827,4.698821122773291,9.4,595.28125,False
1773594349.9164138,966,0,0,0,0,9.335807000752538,0.0,0.023630000214325264,4.69786852745825,9.4,595.28125,False
1773594350.1292949,967,0,0,0,0,9.342196000943659,0.0,0.02409200169495307,4.69786852745825,9.4,595.28125,False
1773594350.3420959,968,0,0,0,0,9.271881001041038,0.0,0.023390002752421424,4.69786852745825,18.8,595.28125,False
1773594350.5549507,969,0,0,0,0,9.400030001415871,0.0,0.024147997464751825,4.69786852745825,9.4,595.28125,False
1773594350.7678459,970,0,0,0,0,9.365252000861801,0.0,0.023518998204963282,4.69786852745825,9.4,595.296875,False
1773594350.9807413,971,0,0,0,0,9.331641002063407,0.0,0.024296001356560737,4.6978948370584845,9.4,595.3125,False
1773594351.1935456,972,0,0,0,0,9.367640999698779,0.0,0.02327800029888749,4.6978948370584845,9.4,595.3125,False
1773594351.4064121,973,0,0,0,0,9.364066998386988,0.0,0.021666997781721875,4.6978948370584845,18.8,595.3125,False
1773594351.6193185,974,0,0,0,0,9.404807999089826,0.0,0.02316699828952551,4.6978948370584845,9.4,595.3125,False
1773594351.8322768,975,0,0,0,0,9.446399999433197,0.0,0.023684999177930877,4.6978948370584845,9.4,595.3125,False
1773594352.0451941,976,0,0,0,0,9.409214999323012,0.0,0.023814998712623492,4.697177216780407,9.4,595.3125,False
1773594352.2580147,977,0,0,0,0,9.329640997748356,0.0,0.023148000764194876,4.697177216780407,9.4,595.3125,False
1773594352.4708114,978,0,0,0,0,9.303122002165765,0.0,0.02431499888189137,4.697177216780407,18.8,595.3125,False
1773594352.6835876,979,0,0,0,0,9.324974002083763,0.0,0.02409200169495307,4.697177216780407,9.4,595.3125,False
1773594352.8963482,980,0,0,0,0,9.311067002272466,0.0,0.023148000764194876,4.697177216780407,9.4,595.3125,False
1773594353.1090996,981,0,0,0,0,9.308400000008987,0.0,0.02292600038344972,4.6996603581791465,9.4,595.3125,False
1773594353.3218718,982,0,0,0,0,9.283900002628798,0.0,0.022463998902821913,4.6996603581791465,9.4,595.3125,False
1773594353.5346484,983,0,0,0,0,9.33673300096416,0.0,0.02351799776079133,4.6996603581791465,18.8,595.3125,False
1773594353.747541,984,0,0,0,0,9.348825999040855,0.0,0.023314998543355614,4.6996603581791465,9.4,595.3125,False
1773594353.960315,985,0,0,0,0,9.336213999631582,0.0,0.02351900184294209,4.6996603581791465,9.4,595.3125,False
1773594354.17315,986,0,0,0,0,9.314400002040202,0.0,0.02301900167367421,4.699056962917336,9.4,595.3125,False
1773594354.386035,987,0,0,0,0,9.322529997007223,0.0,0.02259299799334258,4.699056962917336,9.4,595.3125,False
1773594354.598869,988,0,0,0,0,9.29104799797642,0.0,0.024462999135721475,4.699056962917336,23.5,595.3125,False
1773594354.8115852,989,0,0,0,0,9.217325001372956,0.0,0.02270400000270456,4.699056962917336,9.4,595.3125,False
1773594355.0243816,990,0,0,0,0,9.305030001996784,0.0,0.024222998035838827,4.699056962917336,9.4,595.3125,False
1773594355.2371926,991,0,0,0,0,9.290696001698961,0.0,0.022332998923957348,4.699046433834626,9.4,595.3125,False
1773594355.4499211,992,0,0,0,0,9.29245600127615,0.0,0.02322300133528188,4.699046433834626,9.4,595.3125,False
1773594355.6627064,993,0,0,0,0,9.332788999017794,0.0,0.02463000055286102,4.699046433834626,14.1,595.3125,False
1773594355.8756213,994,0,0,0,0,9.366308000608115,0.0,0.023906999558676034,4.699046433834626,14.1,595.3125,False
1773594356.0885365,995,0,0,0,0,9.312919002695708,0.0,0.022555999748874456,4.699046433834626,9.4,595.3125,False
1773594356.3013122,996,0,0,0,0,9.342454999568872,0.0,0.023407999833580106,4.698751638674488,9.4,595.3125,False
1773594356.514121,997,0,0,0,0,9.292343998822616,0.0,0.02272200072184205,4.698751638674488,9.4,595.3125,False
1773594356.7269459,998,0,0,0,0,9.31693700113101,0.0,0.023814998712623492,4.698751638674488,14.1,595.3125,False
1773594356.93973,999,0,0,0,0,9.343862999230623,0.0,0.022852000256534666,4.698751638674488,9.4,595.3125,False
1773594357.1525698,1000,0,0,0,0,9.292787999584107,0.0,0.02320299972780049,4.698751638674488,9.4,595.3125,False
1773594357.3654292,1001,0,0,0,0,9.322066001914209,0.0,0.023630000214325264,4.698748480355188,9.4,595.3125,False
1773594357.5782018,1002,0,0,0,0,9.302769998612348,0.0,0.02261199915665202,4.698748480355188,14.1,595.3125,False
1773594357.7909772,1003,0,0,0,0,9.317640000517713,0.0,0.024814999051159248,4.698748480355188,18.8,595.3125,False
1773594358.003776,1004,0,0,0,0,9.346530001494102,0.0,0.023684999177930877,4.698748480355188,4.7,595.3125,False
1773594358.2166681,1005,0,0,0,0,9.348695999506162,0.0,0.02188900180044584,4.698748480355188,9.4,595.3125,False
1773594358.4294412,1006,0,0,0,0,9.315585000877036,0.0,0.024167002266040072,4.699210692898477,9.4,595.3125,False
1773594358.64221,1007,0,0,0,0,9.320158998889383,0.0,0.023388998670270666,4.699210692898477,9.4,595.3125,False
1773594358.854955,1008,0,0,0,0,9.292085000197403,0.0,0.02374099858570844,4.699210692898477,18.8,595.3125,False
1773594359.0677798,1009,0,0,0,0,9.30880699888803,0.0,0.02298199979122728,4.699210692898477,9.4,595.3125,False
1773594359.2806628,1010,0,0,0,0,9.340436998172663,0.0,0.022870000975672156,4.699210692898477,9.4,595.3125,False
1773594359.4934764,1011,0,0,0,0,9.35938199836528,0.0,0.02301800122950226,4.6990917092250575,9.4,595.3125,False
1773594359.706284,1012,0,0,0,0,9.281252001528628,0.0,0.02348199996049516,4.6990917092250575,9.4,595.3125,False
1773594359.919103,1013,0,0,0,0,9.232824999344302,0.0,0.024834000214468688,4.6990917092250575,18.8,595.3125,False
1773594360.1320827,1014,0,0,0,0,9.488752999459393,0.0,0.027334001060808077,4.6990917092250575,9.4,595.3125,False
1773594360.3449285,1015,0,0,0,0,9.354326000902802,0.0,0.02350000067963265,4.6990917092250575,9.4,595.3125,False
1773594360.5579057,1016,0,0,0,0,9.419605001312448,0.0,0.02292600038344972,4.697377118286256,9.4,595.3125,False
1773594360.770718,1017,0,0,0,0,9.322640002210392,0.0,0.024463999579893425,4.697377118286256,14.1,595.3125,False
1773594360.9836805,1018,0,0,0,0,9.350677999464097,0.0,0.025574001483619213,4.697377118286256,14.1,595.3125,False
1773594361.196545,1019,0,0,0,0,9.345881000626832,0.0,0.024406999727943912,4.697377118286256,9.4,595.3125,False
1773594361.4093924,1020,0,0,0,0,9.363789002236445,0.0,0.022871001419844106,4.697377118286256,9.4,595.3125,False
1773594361.6222453,1021,0,0,0,0,9.36401099897921,0.0,0.023371001589111984,4.697766448999103,14.1,595.3125,False
1773594361.835118,1022,0,0,0,0,9.377640999446157,0.0,0.02433400004520081,4.697766448999103,9.4,595.3125,False
1773594362.0480444,1023,0,0,0,0,9.366512000269722,0.0,0.02407400097581558,4.697766448999103,18.8,595.3125,False
1773594362.2613032,1024,0,0,0,0,9.682735999376746,0.0,0.023444001271855086,4.697766448999103,9.4,595.3125,False
1773594362.4742303,1025,0,0,0,0,9.37293800234329,0.0,0.02322200089110993,4.697766448999103,9.4,595.3125,False
1773594362.6871533,1026,0,0,0,0,9.307066000474151,0.0,0.02405499981250614,4.6952401059520446,9.4,595.3125,False
1773594362.8999453,1027,0,0,0,0,9.330936998594552,0.0,0.024278000637423247,4.6952401059520446,9.4,595.3125,False
1773594363.1123056,1028,0,0,0,0,8.80800699815154,0.0,0.02264799695694819,4.6952401059520446,18.8,595.3125,False
1773594363.3252058,1029,0,0,0,0,9.396511999511858,0.0,0.0243520007643383,4.6952401059520446,4.7,595.3125,False
1773594363.5381122,1030,0,0,0,0,9.417363999091322,0.0,0.02374099858570844,4.6952401059520446,9.4,595.3125,False
1773594363.75101,1031,0,0,0,0,9.299510998971527,0.0,0.023741002223687246,4.6998868030155085,14.1,595.3125,False
1773594363.9638538,1032,0,0,0,0,9.34967799912556,0.0,0.02574099926277995,4.6998868030155085,9.4,595.3125,False
1773594364.1767843,1033,0,0,0,0,9.34360400060541,0.0,0.040056002035271376,4.6998868030155085,14.1,595.328125,False
1773594364.3896813,1034,0,0,0,0,9.363677996589104,0.0,0.024240998754976317,4.6998868030155085,9.4,595.328125,False
1773594364.6026523,1035,0,0,0,0,9.338159001345048,0.0,0.02399999721092172,4.6998868030155085,14.1,595.328125,False
1773594364.8156168,1036,0,0,0,0,9.372863001772203,0.0,0.025130000722128898,4.696567096359092,9.4,595.328125,False
1773594365.028477,1037,0,0,0,0,9.374844001285965,0.0,0.02568600029917434,4.696567096359092,9.4,595.328125,False
1773594365.241314,1038,0,0,0,0,9.360492000269005,0.0,0.024444998416583985,4.696567096359092,14.1,595.328125,False
1773594365.4541574,1039,0,0,0,0,9.385641002154443,0.0,0.024648998078191653,4.696567096359092,9.4,595.328125,False
1773594365.6670775,1040,0,0,0,0,9.423920000699582,0.0,0.024519002181477845,4.696567096359092,14.1,595.328125,False
1773594365.8799937,1041,0,0,0,0,9.332935998827452,0.0,0.02355600008741021,4.69765911354855,9.4,595.328125,False
1773594366.0927565,1042,0,0,0,0,9.245380999345798,0.0,0.024943998141679913,4.69765911354855,9.4,595.328125,False
1773594366.305632,1043,0,0,0,0,9.280157999455696,0.0,0.02298199979122728,4.69765911354855,18.8,595.328125,False
1773594366.5184226,1044,0,0,0,0,9.345436999865342,0.0,0.023704000341240317,4.69765911354855,9.4,595.328125,False
1773594366.731577,1045,0,0,0,0,9.32641799954581,0.0,0.025278000975959003,4.69765911354855,9.4,595.328125,False
1773594366.9445386,1046,0,0,0,0,9.347863000584766,0.0,0.023352000425802544,4.696873188688187,9.4,595.328125,False
1773594367.1575742,1047,0,0,0,0,9.38926999879186,0.0,0.02361200313316658,4.696873188688187,9.4,595.328125,False
1773594367.3704295,1048,0,0,0,0,9.327047999249771,0.0,0.023945001885294914,4.696873188688187,18.8,595.328125,False
1773594367.5832114,1049,0,0,0,0,9.305066003435059,0.0,0.023944001441122964,4.696873188688187,9.4,595.328125,False
1773594367.7961917,1050,0,0,0,0,9.513827997579938,0.0,0.02320400017197244,4.696873188688187,9.4,595.328125,False
1773594368.0090086,1051,0,0,0,0,9.339104002719978,0.0,0.02301900167367421,4.697095156877655,9.4,595.328125,False
1773594368.221851,1052,0,0,0,0,9.30395500108716,0.0,0.023982000129763037,4.697095156877655,9.4,595.328125,False
1773594368.4346921,1053,0,0,0,0,9.2910480016144,0.0,0.02361100268899463,4.697095156877655,18.8,595.328125,False
1773594368.64756,1054,0,0,0,0,9.410604001459433,0.0,0.023962998966453597,4.697095156877655,9.4,595.328125,False
1773594368.8604076,1055,0,0,0,0,9.333751997473883,0.0,0.023093001800589263,4.697095156877655,9.4,595.34375,False
1773594369.0733764,1056,0,0,0,0,9.433381997951074,0.0,0.023908000002847984,4.6976149180239375,9.4,595.34375,False
1773594369.2861097,1057,0,0,0,0,9.271159000491025,0.0,0.02294500154675916,4.6976149180239375,9.4,595.34375,False
1773594369.4988968,1058,0,0,0,0,9.266176999517484,0.0,0.023630000214325264,4.6976149180239375,14.1,595.34375,False
1773594369.711774,1059,0,0,0,0,9.343158999399748,0.0,0.024148001102730632,4.6976149180239375,9.4,595.34375,False
1773594369.9245217,1060,0,0,0,0,9.233657998265699,0.0,0.022314998204819858,4.6976149180239375,9.4,595.34375,False
