timestamp,frame_index,motion_regions,yolo_detections,confirmed_tracks,new_confirmations,time_mog2_ms,time_yolo_ms,time_tracker_ms,fps,cpu_percent,ram_mb,yolo_ran
1773593824.6481826,0,0,0,0,0,7.662304000405129,0.0,0.027851998311234638,0.0,0.0,456.6875,False
1773593824.858774,1,0,0,0,0,7.146355001168558,0.0,0.02624099943204783,0.0,4.7,461.59375,False
1773593825.0689516,2,0,0,0,0,7.094669999787584,0.0,0.021371000912040472,0.0,9.5,464.21875,False
1773593825.2790585,3,0,0,0,0,7.032631998299621,0.0,0.020832998416153714,0.0,14.3,467.203125,False
1773593825.4892511,4,0,0,0,0,7.117668999853777,0.0,0.020814997697016224,4.756297668675869,4.8,469.84375,False
1773593825.699401,5,0,0,0,0,7.034150999970734,0.0,0.021148996893316507,4.756297668675869,9.5,472.46875,False
1773593825.9095519,6,0,0,0,0,7.0463350020872895,0.0,0.020945000869687647,4.756297668675869,9.5,475.09375,False
1773593826.1196692,7,0,0,0,0,7.052224998915335,0.0,0.02153799869120121,4.756297668675869,4.8,477.71875,False
1773593826.3298094,8,0,0,0,0,7.036298000457464,0.0,0.021129999367985874,4.756297668675869,14.3,480.34375,False
1773593826.540001,9,0,0,0,0,7.09567000012612,0.0,0.021314997866284102,4.758595369906891,9.5,482.96875,False
1773593826.7501132,10,0,0,0,0,7.033353998849634,0.0,0.02127799962181598,4.758595369906891,4.8,482.96875,False
1773593826.9603105,11,0,0,0,0,7.059483999910299,0.0,0.021741001546615735,4.758595369906891,9.5,482.96875,False
1773593827.170588,12,0,0,0,0,7.053206998534733,0.0,0.02070399932563305,4.758595369906891,4.8,482.96875,False
1773593827.3808587,13,0,0,0,0,7.070206997013884,0.0,0.021055999241070822,4.758595369906891,14.3,482.96875,False
1773593827.5911272,14,0,0,0,0,7.066632002533879,0.0,0.021907999325776473,4.7567594050330895,9.5,482.96875,False
1773593827.801422,15,0,0,0,0,7.070113999361638,0.0,0.021703999664168805,4.7567594050330895,4.8,482.96875,False
1773593828.011511,16,0,0,0,0,7.031113000266487,0.0,0.02105499879689887,4.7567594050330895,9.5,482.96875,False
1773593828.221663,17,0,0,0,0,7.034650003333809,0.0,0.021333999029593542,4.7567594050330895,9.5,482.96875,False
1773593828.4319267,18,0,0,0,0,7.026945997495204,0.0,0.021110998204676434,4.7567594050330895,9.5,482.96875,False
1773593828.6421273,19,0,0,0,0,7.0747619975009,0.0,0.0220929978240747,4.757376631926194,9.5,482.96875,False
1773593828.8522913,20,0,0,0,0,7.030649998341687,0.0,0.021203999494900927,4.757376631926194,4.8,482.96875,False
1773593829.0623727,21,0,0,0,0,6.85340800191625,0.0,0.01968500146176666,4.757376631926194,9.5,482.96875,False
1773593829.2723289,22,0,0,0,0,6.773352000891464,0.0,0.018647999240783975,4.757376631926194,9.5,482.96875,False
1773593829.4822614,23,0,0,0,0,6.792333002522355,0.0,0.019334001990500838,4.757376631926194,9.5,482.96875,False
1773593829.6920881,24,0,0,0,0,6.757721999747446,0.0,0.019184997654519975,4.7620520345340696,9.5,482.96875,False
1773593829.901924,25,0,0,0,0,6.7252780027047265,0.0,0.018667000404093415,4.7620520345340696,4.8,482.96875,False
1773593830.1117473,26,0,0,0,0,6.766350998077542,0.0,0.01935199907165952,4.7620520345340696,9.5,482.96875,False
1773593830.3215964,27,0,0,0,0,6.795499997679144,0.0,0.018999999156221747,4.7620520345340696,4.8,482.96875,False
1773593830.531553,28,0,0,0,0,6.805093002185458,0.0,0.018869999621529132,4.7620520345340696,14.3,482.96875,False
1773593830.741436,29,0,0,0,0,6.764462999854004,0.0,0.019222999981138855,4.764857575847081,9.5,482.96875,False
1773593830.9513242,30,0,0,0,0,6.773666998924455,0.0,0.018518996512284502,4.764857575847081,4.8,482.96875,False
1773593831.16129,31,0,0,0,0,6.774129997211276,0.0,0.018721999367699027,4.764857575847081,9.5,482.96875,False
1773593831.3711734,32,0,0,0,0,6.750202999683097,0.0,0.019573999452404678,4.764857575847081,4.8,482.96875,False
1773593831.5811915,33,0,0,0,0,6.879185999423498,0.0,0.01998200241359882,4.764857575847081,14.3,482.96875,False
1773593831.7913797,34,0,0,0,0,7.047131999570411,0.0,0.021260002540657297,4.762270473269976,4.8,482.96875,False
1773593832.003991,35,0,0,0,0,9.435115000087535,0.0,0.0254259975918103,4.762270473269976,14.1,482.96875,False
1773593832.2168734,36,0,0,0,0,9.377446996950312,0.0,0.024648998078191653,4.762270473269976,9.4,482.96875,False
1773593832.4297147,37,0,0,0,0,9.413021998625482,0.0,0.024241002392955124,4.762270473269976,9.4,482.96875,False
1773593832.6424024,38,0,0,0,0,9.180038003250957,0.0,0.022018000890966505,4.762270473269976,18.8,482.96875,False
1773593832.8551476,39,0,0,0,0,9.260169001208851,0.0,0.023167001927504316,4.7004156103451855,9.4,482.96875,False
1773593833.067919,40,0,0,0,0,9.311909998359624,0.0,0.024852000933606178,4.7004156103451855,9.4,482.96875,False
1773593833.280839,41,0,0,0,0,9.395298999152146,0.0,0.02486999801476486,4.7004156103451855,9.4,482.96875,False
1773593833.4937847,42,0,0,0,0,9.457651001866907,0.0,0.024777997168712318,4.7004156103451855,9.4,484.28125,False
1773593833.7066753,43,0,0,0,0,9.489169999142177,0.0,0.024944998585851863,4.7004156103451855,18.8,484.28125,False
1773593833.919563,44,0,0,0,0,9.387743997649522,0.0,0.024128999939421192,4.697512850585567,9.4,484.28125,False
1773593834.13235,45,0,0,0,0,9.399262999068014,0.0,0.02496300294296816,4.697512850585567,9.4,484.28125,False
1773593834.3451262,46,0,0,0,0,9.37963199976366,0.0,0.02359200152568519,4.697512850585567,9.4,484.28125,False
1773593834.5581524,47,0,0,0,0,9.603522998077096,0.0,0.022832999093225226,4.697512850585567,9.4,484.28125,False
1773593834.771029,48,0,0,0,0,9.36309499957133,0.0,0.024148001102730632,4.697512850585567,18.8,484.28125,False
1773593834.9838412,49,0,0,0,0,9.279279001930263,0.0,0.02331500218133442,4.697933775807641,9.4,484.28125,False
1773593835.1965258,50,0,0,0,0,9.272557999793207,0.0,0.022815002012066543,4.697933775807641,14.1,484.28125,False
1773593835.4093726,51,0,0,0,0,9.329984000942204,0.0,0.02292600038344972,4.697933775807641,9.4,484.28125,False
1773593835.6221344,52,0,0,0,0,9.37478000196279,0.0,0.024408000172115862,4.697933775807641,9.4,484.28125,False
1773593835.8348193,53,0,0,0,0,9.145482003077632,0.0,0.023148000764194876,4.697933775807641,18.8,484.28125,False
1773593836.047696,54,0,0,0,0,9.345391001261305,0.0,0.02305500311194919,4.6999215615965575,4.7,484.28125,False
1773593836.260403,55,0,0,0,0,9.266779001336545,0.0,0.02320400017197244,4.6999215615965575,14.1,484.28125,False
1773593836.4733403,56,0,0,0,0,9.408743997482816,0.0,0.022036998416297138,4.6999215615965575,9.4,484.28125,False
1773593836.6862082,57,0,0,0,0,9.393614000146044,0.0,0.02433400004520081,4.6999215615965575,9.4,484.28125,False
1773593836.898912,58,0,0,0,0,9.257372999854852,0.0,0.023371001589111984,4.6999215615965575,18.8,484.28125,False
1773593837.1115675,59,0,0,0,0,9.26859399987734,0.0,0.02324100205441937,4.699810967895917,9.4,484.28125,False
1773593837.3244336,60,0,0,0,0,9.430670001165709,0.0,0.023128999600885436,4.699810967895917,9.4,484.28125,False
1773593837.5372112,61,0,0,0,0,9.315020000940422,0.0,0.02383299943176098,4.699810967895917,9.4,484.28125,False
1773593837.7499633,62,0,0,0,0,9.310280001955107,0.0,0.023963999410625547,4.699810967895917,9.4,484.28125,False
1773593837.9623897,63,0,0,0,0,9.025406998262042,0.0,0.02322200089110993,4.699810967895917,18.8,484.28125,False
1773593838.1752234,64,0,0,0,0,9.316206000221428,0.0,0.023814998712623492,4.70077383430043,9.4,484.28125,False
1773593838.3880167,65,0,0,0,0,9.317113002907718,0.0,0.02490800034138374,4.70077383430043,9.4,484.28125,False
1773593838.6008596,66,0,0,0,0,9.356316997582326,0.0,0.02329700146219693,4.70077383430043,9.4,484.28125,False
1773593838.813643,67,0,0,0,0,9.334465001302306,0.0,0.024519002181477845,4.70077383430043,9.4,484.28125,False
1773593839.0264106,68,0,0,0,0,9.316556999692693,0.0,0.02344399763387628,4.70077383430043,18.8,484.28125,False
1773593839.2392085,69,0,0,0,0,9.328576001280453,0.0,0.02322200089110993,4.6993454781433535,9.4,484.28125,False
1773593839.4520042,70,0,0,0,0,9.338317002402619,0.0,0.02387000131420791,4.6993454781433535,9.4,484.28125,False
1773593839.6646056,71,0,0,0,0,9.179111999401357,0.0,0.021684998500859365,4.6993454781433535,9.4,484.28125,False
1773593839.8773446,72,0,0,0,0,9.320298999227816,0.0,0.023760003386996686,4.6993454781433535,9.4,484.28125,False
1773593840.09031,73,0,0,0,0,9.497002996795345,0.0,0.023408003471558914,4.6993454781433535,18.8,484.28125,False
1773593840.3031301,74,0,0,0,0,9.34750200030976,0.0,0.025426001229789108,4.699578211493031,9.4,484.28125,False
1773593840.5159752,75,0,0,0,0,9.289280002121814,0.0,0.023888998839538544,4.699578211493031,9.4,484.28125,False
1773593840.7288496,76,0,0,0,0,9.319502001744695,0.0,0.02320399653399363,4.699578211493031,9.4,484.28125,False
1773593840.9416747,77,0,0,0,0,9.346799000923056,0.0,0.02185199991799891,4.699578211493031,9.4,484.28125,False
1773593841.1544235,78,0,0,0,0,9.32487200043397,0.0,0.024870001652743667,4.699578211493031,18.8,484.28125,False
1773593841.367345,79,0,0,0,0,9.360002997709671,0.0,0.0572420030948706,4.698247414134942,9.4,484.28125,False
1773593841.5801597,80,0,0,0,0,9.366466001665685,0.0,0.023888998839538544,4.698247414134942,9.4,484.28125,False
1773593841.7928905,81,0,0,0,0,9.317373001977103,0.0,0.022740998247172683,4.698247414134942,9.4,484.28125,False
1773593842.005754,82,0,0,0,0,9.395188000780763,0.0,0.02407400097581558,4.698247414134942,9.4,484.28125,False
1773593842.2185593,83,0,0,0,0,9.33300199903897,0.0,0.02300000051036477,4.698247414134942,18.8,484.28125,False
1773593842.431381,84,0,0,0,0,9.340224998595659,0.0,0.024315002519870177,4.699166468174698,9.4,484.28125,False
1773593842.6441178,85,0,0,0,0,9.336854000139283,0.0,0.023796997993486002,4.699166468174698,9.4,484.28125,False
1773593842.8570018,86,0,0,0,0,9.330242999567417,0.0,0.021759999071946368,4.699166468174698,9.4,484.28125,False
1773593843.0698824,87,0,0,0,0,9.336909002740867,0.0,0.022758998966310173,4.699166468174698,9.4,484.28125,False
1773593843.282681,88,0,0,0,0,9.364260997244855,0.0,0.023148000764194876,4.699166468174698,18.8,484.28125,False
1773593843.4956803,89,0,0,0,0,9.513224998954684,0.0,0.02320400017197244,4.697892732279621,9.4,484.328125,False
1773593844.709912,90,1,1,0,0,9.520299001451349,1001.2921669986099,0.04201900082989596,0.8235225282076273,133.4,561.921875,True
1773593845.6074617,91,1,1,1,1,7.139687997550936,686.8496549977863,0.04890800119028427,0.8235225282076273,133.7,565.515625,True
1773593846.491148,92,1,1,1,0,7.1924470030353405,673.1571159980376,0.042427000153111294,1.1228199423425296,134.7,568.265625,True
1773593847.4906902,93,1,1,1,0,7.184373000200139,789.1095769991807,0.032999996619764715,1.1228199423425296,138.1,599.046875,True
1773593848.4804802,94,1,1,1,0,7.190836000518175,779.3262169980153,0.03424099850235507,0.9078438604420017,137.4,601.875,True
1773593849.4659696,95,1,1,1,0,7.2743929995340295,774.919270999817,0.03650000144261867,1.067635427654488,137.0,603.640625,True
1773593850.4500744,96,1,1,1,0,7.199170002422761,773.590166001668,0.032501000532647595,1.067635427654488,137.2,607.140625,True
1773593851.5080252,97,1,1,1,0,7.184743997640908,847.5794320002024,0.03266699786763638,0.9207557640753025,138.9,594.71875,True
1773593852.4897816,98,1,1,1,0,7.161612997151678,771.2931979986024,0.03370400008861907,0.9451273249314585,137.5,627.5625,True
1773593853.374233,99,1,1,1,0,7.1844099984446075,674.0003670020087,0.03268499858677387,1.133693112002599,134.5,623.6875,True
1773593854.2594283,100,1,1,1,0,7.243411000672495,674.6695930014539,0.033093001547968015,1.133693112002599,133.3,626.3125,True
1773593855.1471424,101,1,1,1,0,7.204707002529176,677.348132001498,0.033870997867779806,1.1280908969878067,132.9,629.421875,True
1773593856.0828793,102,1,1,1,0,7.166077000874793,725.1857970004494,0.03455600017332472,1.1280908969878067,136.8,634.875,True
1773593857.0665581,103,1,1,1,0,7.224650998978177,773.2842589975917,0.03294500129413791,0.9636632909496198,137.2,639.859375,True
1773593858.113242,104,1,1,1,0,7.224466000479879,836.2062119995244,0.03325999932712875,1.0371315130365202,139.5,614.65625,True
1773593859.154571,105,1,1,1,0,7.1715960002620704,830.9872589998122,0.03242599996156059,0.960313798828154,139.2,616.34375,True
1773593859.364952,106,0,0,1,0,7.077447000483517,0.0,0.03042599928448908,0.960313798828154,9.5,617.65625,False
1773593859.5752864,107,0,0,1,0,7.12652099900879,0.0,0.03196299803676084,0.960313798828154,4.8,621.59375,False
1773593859.785377,108,0,0,1,0,6.784832999983337,0.0,0.028204001864651218,0.960313798828154,14.3,622.90625,False
1773593859.9957337,109,0,0,1,0,7.062409000354819,0.0,0.03207500049029477,0.960313798828154,9.5,626.84375,False
1773593860.2060385,110,0,0,1,0,7.050576001347508,0.0,0.03177799953846261,4.7554359287167145,9.5,629.46875,False
1773593860.4162867,111,0,0,1,0,7.054371999402065,0.0,0.030519000574713573,4.7554359287167145,4.8,632.09375,False
1773593860.6266646,112,0,0,1,0,7.083815999067156,0.0,0.0329449976561591,4.7554359287167145,9.5,634.71875,False
1773593860.8369973,113,0,0,1,0,7.061224001517985,0.0,0.03201900108251721,4.7554359287167145,9.5,637.34375,False
1773593861.0472462,114,0,0,1,0,7.055926998873474,0.0,0.031111001590033993,4.7554359287167145,14.3,639.96875,False
1773593861.2575607,115,0,0,1,0,7.092242998623988,0.0,0.029981998522998765,4.754986308581913,4.8,642.59375,False
1773593861.4678369,116,0,0,1,0,7.0158349990379065,0.0,0.032241001463262364,4.754986308581913,9.5,645.21875,False
1773593861.6781764,117,0,0,1,0,7.097575999068795,0.0,0.03201900108251721,4.754986308581913,9.5,647.84375,False
1773593861.8885329,118,0,0,1,0,7.051798002066789,0.0,0.03151800046907738,4.754986308581913,14.3,650.46875,False
1773593862.0988035,119,0,0,1,0,7.046556998830056,0.0,0.030777999199926853,4.754986308581913,4.8,653.09375,False
1773593862.3090982,120,0,0,1,0,7.076613001117948,0.0,0.03155599915771745,4.754947496441983,9.5,655.71875,False
1773593862.5194135,121,0,0,0,0,7.1062059978430625,0.0,0.03366699820617214,4.754947496441983,4.8,658.34375,False
1773593862.7297194,122,0,0,0,0,7.038445997750387,0.0,0.031444000342162326,4.754947496441983,9.5,660.96875,False
1773593862.9399567,123,0,0,0,0,7.032945999526419,0.0,0.030685001547681168,4.754947496441983,14.3,663.59375,False
1773593863.150239,124,0,0,0,0,7.082076001097448,0.0,0.02988900087075308,4.754947496441983,9.5,666.21875,False
1773593863.3604753,125,0,0,0,0,7.0425940029963385,0.0,0.03148099858663045,4.755707682825225,9.5,668.84375,False
1773593863.5708597,126,0,0,0,0,7.170150998717872,0.0,0.03103700146311894,4.755707682825225,9.5,670.15625,False
1773593863.7825098,127,0,0,0,0,8.318197000335203,0.0,0.03433400343055837,4.755707682825225,9.5,674.09375,False
1773593863.99552,128,0,0,0,0,9.432705999643076,0.0,0.03625899989856407,4.755707682825225,14.1,676.71875,False
1773593864.2085905,129,0,0,0,0,9.455835999688134,0.0,0.034982000215677544,4.755707682825225,9.4,679.34375,False
1773593864.4217374,130,0,0,0,0,9.5833000013954,0.0,0.03601899879868142,4.711546000744536,9.4,681.96875,False
1773593865.4634693,131,0,0,0,0,9.481392000452615,0.0,0.03624099917942658,0.9598703056097996,81.6,674.890625,False
1773593865.6738245,132,0,0,0,0,7.030871998722432,0.0,0.03235199983464554,0.9598703056097996,9.5,625.1875,False
1773593865.8840752,133,0,0,0,0,7.073889999446692,0.0,0.02981499710585922,0.9598703056097996,9.5,590.453125,False
1773593866.094424,134,0,0,0,0,7.106984001438832,0.0,0.03159300104016438,0.9598703056097996,9.5,590.453125,False
1773593866.304683,135,0,0,0,0,7.035260001430288,0.0,0.030871000490151346,0.9598703056097996,9.5,590.453125,False
1773593866.5146563,136,0,0,0,0,6.811980998463696,0.0,0.028869999368907884,4.756686039060971,9.5,590.453125,False
1773593866.724672,137,0,0,0,0,6.797148002078757,0.0,0.020054998458363116,4.756686039060971,4.8,590.453125,False
1773593867.6614637,138,1,1,0,0,6.8674070025736,726.7139869982202,0.03851899964502081,1.7439237352687793,137.7,606.96875,True
1773593868.6490314,139,1,1,1,1,7.099539001501398,777.1581150009297,0.03487099820631556,1.7439237352687793,137.7,612.234375,True
1773593869.6374984,140,1,1,1,0,7.107372002792545,778.1695279991254,0.034943997889058664,0.9178486521688894,136.6,589.625,True
1773593870.5917265,141,1,1,1,0,9.773634999874048,741.0848369981977,0.034186003176728263,1.0865138024397902,137.3,614.15625,True
1773593871.5261192,142,1,1,1,0,7.117353998182807,724.0798830025597,0.033389002055628225,1.0865138024397902,134.8,611.65625,True
1773593872.4593344,143,1,1,1,0,7.073500997648807,722.8092969999125,0.033667001844150946,0.9648679188336664,137.2,611.65625,True
1773593873.4461293,144,1,1,1,0,7.159595003031427,776.4051529993594,0.034444001357769594,1.1001187643471948,136.8,590.296875,True
1773593874.434458,145,1,1,1,0,7.128872999601299,777.8977550005948,0.03292599649284966,1.1001187643471948,137.6,592.921875,True
1773593875.4818473,146,1,1,1,0,7.222910000564298,836.9663399971614,0.03377800021553412,0.9171843039460558,140.3,596.265625,True
1773593876.4675586,147,1,1,1,0,7.160539000324206,775.1969140008441,0.03563000063877553,0.954655771846069,137.0,596.15625,True
1773593877.4546857,148,1,1,1,0,7.171465000283206,776.610367000103,0.03492700125207193,1.0690808368150073,138.8,598.671875,True
1773593878.5621612,149,1,1,1,0,7.199076000688365,896.9245199987199,0.03401800131541677,0.9029560517889785,131.8,601.296875,True
1773593879.4963179,150,1,1,1,0,7.192057997599477,723.6803070009046,0.034518001484684646,0.9029560517889785,134.9,627.65625,True
1773593880.3758533,151,1,1,1,0,7.19653999840375,668.9650320004148,0.03318500239402056,0.965023760319645,135.3,628.015625,True
1773593881.361983,152,1,1,1,0,7.222871998237679,775.6029069969372,0.034370998037047684,1.1340594140252487,136.9,609.171875,True
1773593882.2969124,153,1,1,1,0,7.175669001298957,724.4728820005548,0.0332589988829568,1.1340594140252487,136.9,633.859375,True
1773593883.2303133,154,1,1,1,0,7.205057998362463,722.9087380001147,0.0335750009980984,0.9643468150466745,136.1,638.984375,True
1773593884.2717516,155,1,1,1,0,7.1581690026505385,830.9651229974406,0.03266699786763638,1.0679208522786008,139.2,621.390625,True
1773593884.4822166,156,0,0,1,0,7.151317000534618,0.0,0.03096399814239703,1.0679208522786008,4.8,623.09375,False
1773593884.6926534,157,0,0,1,0,7.056186001136666,0.0,0.03096299769822508,1.0679208522786008,9.5,625.71875,False
1773593884.9030375,158,0,0,1,0,7.098649999534246,0.0,0.030759998480789363,1.0679208522786008,9.5,628.34375,False
1773593885.1134071,159,0,0,1,0,7.101000999682583,0.0,0.03018500137841329,1.0679208522786008,9.5,630.96875,False
1773593885.3237877,160,0,0,1,0,7.086167999659665,0.0,0.030629998946096748,4.752874124595145,9.5,633.59375,False
1773593885.5343974,161,0,0,1,0,7.15922400195268,0.0,0.030945000617066398,4.752874124595145,9.5,636.21875,False
1773593885.7447698,162,0,0,1,0,7.025186001555994,0.0,0.06281599780777469,4.752874124595145,9.5,638.84375,False
1773593885.9551854,163,0,0,1,0,7.0642229984514415,0.0,0.03261100209783763,4.752874124595145,14.3,641.46875,False
1773593886.1655264,164,0,0,1,0,7.057112001348287,0.0,0.030315000913105905,4.752874124595145,4.8,644.09375,False
1773593886.3758702,165,0,0,1,0,7.0442420001199935,0.0,0.031186002161120996,4.752468067632894,9.5,646.71875,False
1773593886.5862963,166,0,0,1,0,7.110426999133779,0.0,0.030925999453756958,4.752468067632894,9.5,649.34375,False
1773593886.7966998,167,0,0,1,0,7.089130998792825,0.0,0.03268499858677387,4.752468067632894,9.5,651.96875,False
1773593887.007131,168,0,0,1,0,7.078148999426048,0.0,0.03120399924227968,4.752468067632894,14.3,654.59375,False
1773593887.217532,169,0,0,1,0,7.114372001524316,0.0,0.030777999199926853,4.752468067632894,9.5,657.21875,False
1773593887.4278827,170,0,0,1,0,7.065835001412779,0.0,0.032222000299952924,4.752797647025762,4.8,659.84375,False
1773593887.638292,171,0,0,0,0,7.111001999874134,0.0,0.03292600013082847,4.752797647025762,9.5,662.46875,False
1773593887.848655,172,0,0,0,0,7.030278000456747,0.0,0.031463001505471766,4.752797647025762,9.5,665.09375,False
1773593888.0589767,173,0,0,0,0,7.061519001581473,0.0,0.030777999199926853,4.752797647025762,14.3,667.71875,False
1773593888.2693303,174,0,0,0,0,7.133760998840444,0.0,0.03138999818474986,4.752797647025762,4.8,670.34375,False
1773593888.4796193,175,0,0,0,0,7.060020001517842,0.0,0.029943999834358692,4.754051758962336,9.5,672.96875,False
1773593888.689901,176,0,0,0,0,7.035630002064863,0.0,0.030093000532360747,4.754051758962336,9.5,675.59375,False
1773593888.9001822,177,0,0,0,0,7.071463998727268,0.0,0.030093000532360747,4.754051758962336,9.5,678.21875,False
1773593889.1105845,178,0,0,0,0,7.072557000356028,0.0,0.03012999877682887,4.754051758962336,14.3,680.84375,False
1773593889.3209293,179,0,0,0,0,7.126058000721969,0.0,0.030611001420766115,4.754051758962336,4.8,683.46875,False
1773593889.5313601,180,0,0,0,0,7.137724001950119,0.0,0.031129999115364626,4.754024816613806,9.5,686.109375,False
1773593890.6250486,181,0,0,0,0,7.053187000565231,0.0,0.030278002668637782,0.9142966758329492,82.3,691.75,False
1773593890.8349986,182,0,0,0,0,6.771258002117975,0.0,0.02875900099752471,0.9142966758329492,9.5,691.75,False
1773593891.0450654,183,0,0,0,0,6.813554002292221,0.0,0.027037000108975917,0.9142966758329492,9.5,691.75,False
1773593891.255334,184,0,0,0,0,7.003777998761507,0.0,0.02961200152640231,0.9142966758329492,14.3,591.734375,False
1773593891.4655397,185,0,0,0,0,7.03038899882813,0.0,0.030017999961273745,0.9142966758329492,4.8,591.734375,False
1773593891.675814,186,0,0,0,0,6.991407997702481,0.0,0.033926000469364226,4.758693630188943,9.5,591.734375,False
1773593891.8861396,187,0,0,0,0,7.04850100009935,0.0,0.022796000848757103,4.758693630188943,9.5,591.734375,False
1773593892.096476,188,0,0,0,0,7.016907999059185,0.0,0.02183299875468947,4.758693630188943,9.5,591.734375,False
1773593892.3068628,189,0,0,0,0,7.0610559996566735,0.0,0.022277999960351735,4.758693630188943,9.5,591.734375,False
1773593892.517266,190,0,0,0,0,7.104685999365756,0.0,0.022166997950989753,4.758693630188943,9.5,591.734375,False
1773593892.7275696,191,0,0,0,0,6.998426000791369,0.0,0.022537999029736966,4.753959078564984,9.5,591.734375,False
1773593892.9379125,192,0,0,0,0,7.034499998553656,0.0,0.021240000933175907,4.753959078564984,4.8,591.734375,False
1773593893.1481586,193,0,0,0,0,7.004112001595786,0.0,0.021314997866284102,4.753959078564984,14.3,591.734375,False
1773593893.358506,194,0,0,0,0,7.013890000962419,0.0,0.020870000298600644,4.753959078564984,9.5,591.734375,False
1773593893.5688825,195,0,0,0,0,7.088926999131218,0.0,0.022222000552574173,4.753959078564984,9.5,591.734375,False
1773593893.7791517,196,0,0,0,0,7.04898299954948,0.0,0.02211199898738414,4.75473188497965,4.8,591.734375,False
1773593893.989399,197,0,0,0,0,7.086964000336593,0.0,0.02238999877590686,4.75473188497965,9.5,591.734375,False
1773593894.1997626,198,0,0,0,0,7.038149000436533,0.0,0.02290799966431223,4.75473188497965,14.3,591.734375,False
1773593894.4101403,199,0,0,0,0,7.080742001562612,0.0,0.022001000616000965,4.75473188497965,4.8,591.734375,False
1773593895.336433,200,1,1,0,0,7.16779800131917,715.849692998745,0.03129700053250417,2.5685353948714464,132.8,605.46875,True
1773593896.2181199,201,1,1,1,1,7.228964997921139,671.0256469996239,0.03457499769865535,2.5685353948714464,135.0,609.09375,True
1773593897.0674279,202,1,2,1,0,7.0493159983016085,638.9584830030799,0.038851998397149146,1.1554001054219294,133.0,612.015625,True
1773593898.008635,203,1,1,1,0,7.119186000636546,730.7742890006921,0.03651800216175616,1.1554001054219294,138.1,612.625,True
1773593898.8914154,204,1,1,1,0,7.176204999268521,672.342319998279,0.0354450021404773,0.9586042782557501,133.7,611.296875,True
1773593899.734263,205,1,1,1,0,7.162816000345629,632.4684989995148,0.03485200068098493,1.2317973937068056,134.1,598.40625,True
1773593900.5739553,206,1,1,1,0,7.179631997132674,629.3302320009388,0.03535200085025281,1.2317973937068056,132.2,600.53125,True
1773593901.4140677,207,1,1,1,0,7.111463997716783,629.701011999714,0.034796001273207366,1.19061689298765,133.3,603.15625,True
1773593902.2522864,208,1,1,1,0,7.127630997274537,627.883198998461,0.0365919986506924,1.19061689298765,134.8,605.78125,True
1773593903.0911071,209,1,1,1,0,7.1812419992056675,628.2994229986798,0.03687000207719393,1.1925769880031583,132.3,608.78125,True
1773593903.9737515,210,1,1,1,0,7.207501999801025,672.2526980011025,0.032740997994551435,1.1925769880031583,134.8,624.046875,True
1773593904.9107614,211,1,1,1,0,7.235761000629282,726.5020550003101,0.03244400068069808,1.099108473803008,135.5,626.21875,True
1773593905.9030623,212,1,1,1,0,7.22489100007806,781.9028659978358,0.03483399996184744,1.099108473803008,139.1,623.640625,True
1773593906.8949661,213,1,1,1,0,7.195797999884235,781.4060439995956,0.032203999580815434,0.913781966162017,138.1,619.546875,True
1773593907.7796535,214,1,1,1,0,7.189037998614367,674.3148550012847,0.033055999665521085,1.1270554036293714,135.6,608.09375,True
1773593908.7671237,215,1,1,1,0,7.155020000936929,777.0283760000893,0.03455600017332472,1.1270554036293714,136.7,623.5,True
1773593908.9775574,216,0,0,1,0,7.227205998788122,0.0,0.03181499778293073,0.9179135328596449,9.5,624.8125,False
1773593909.1879187,217,0,0,1,0,7.073426997521892,0.0,0.0318710008286871,0.9179135328596449,9.5,628.75,False
1773593909.398222,218,0,0,1,0,7.05426000058651,0.0,0.03205599932698533,0.9179135328596449,14.3,631.375,False
1773593909.6086283,219,0,0,1,0,7.100852999428753,0.0,0.03211199873476289,0.9179135328596449,4.8,634.0,False
1773593909.8189776,220,0,0,1,0,7.050333999359282,0.0,0.03337099769851193,0.9179135328596449,9.5,636.625,False
1773593910.029298,221,0,0,1,0,7.107667999662226,0.0,0.03118599852314219,4.753521589669127,9.5,639.25,False
1773593910.2396083,222,0,0,1,0,7.027760002529249,0.0,0.030315000913105905,4.753521589669127,9.5,641.875,False
1773593910.4500258,223,0,0,1,0,7.148817003326258,0.0,0.03149999974993989,4.753521589669127,14.3,643.1875,False
1773593910.6603317,224,0,0,1,0,7.098556001437828,0.0,0.02929699985543266,4.753521589669127,4.8,647.125,False
1773593910.8706527,225,0,0,1,0,7.0698709969292395,0.0,0.03149999974993989,4.753521589669127,9.5,649.75,False
1773593911.0809567,226,0,0,1,0,7.107445999281481,0.0,0.031371000659419224,4.7543384444623795,9.5,652.375,False
1773593911.2913094,227,0,0,1,0,7.084463999490254,0.0,0.030574999982491136,4.7543384444623795,4.8,655.0,False
1773593911.5016675,228,0,0,1,0,7.124482999643078,0.0,0.031073999707587063,4.7543384444623795,14.3,657.625,False
1773593911.7119193,229,0,0,1,0,7.0403149984485935,0.0,0.03175899837515317,4.7543384444623795,9.5,660.25,False
1773593911.9221885,230,0,0,1,0,7.032445002550958,0.0,0.030814997444394976,4.7543384444623795,9.5,662.875,False
1773593912.1325228,231,0,0,0,0,7.095056000252953,0.0,0.031649000447941944,4.755032668357223,9.5,665.5,False
1773593912.3427746,232,0,0,0,0,7.082482003170298,0.0,0.03126000228803605,4.755032668357223,4.8,668.125,False
1773593912.5531387,233,0,0,0,0,7.139315999665996,0.0,0.03061199822695926,4.755032668357223,14.3,670.75,False
1773593912.7634134,234,0,0,0,0,7.091186002071481,0.0,0.0293890007014852,4.755032668357223,9.5,673.375,False
1773593912.9736464,235,0,0,0,0,7.052092998492299,0.0,0.029777998861391097,4.755032668357223,9.5,676.0,False
1773593913.183887,236,0,0,0,0,7.009110999206314,0.0,0.030704002710990608,4.755236446460984,9.5,678.625,False
1773593913.3941596,237,0,0,0,0,7.03114800126059,0.0,0.029667000490007922,4.755236446460984,4.8,681.265625,False
1773593913.604415,238,0,0,0,0,7.042573997750878,0.0,0.03187000038451515,4.755236446460984,14.3,682.578125,False
1773593913.814649,239,0,0,0,0,7.0217780012171715,0.0,0.03009299689438194,4.755236446460984,9.5,686.515625,False
1773593914.0249805,240,0,0,0,0,7.163094000134151,0.0,0.03088899757131003,4.755236446460984,9.5,689.140625,False
1773593915.0423818,241,0,0,0,0,7.071408002957469,0.0,0.03122199996141717,4.755994568081765,81.6,647.28125,False
1773593915.2543163,242,0,0,0,0,8.647865000966704,0.0,0.035852001019520685,0.9828607047073834,9.4,647.28125,False
1773593915.4672644,243,0,0,0,0,9.430370999325532,0.0,0.036870998883387074,0.9828607047073834,18.8,647.28125,False
1773593915.680476,244,0,0,0,0,9.494093999819597,0.0,0.035260000004200265,0.9828607047073834,9.4,647.28125,False
1773593915.8935466,245,0,0,0,0,9.490631000517169,0.0,0.036945002648280933,0.9828607047073834,9.4,647.28125,False
1773593916.1066434,246,0,0,0,0,9.472464000282343,0.0,0.037443998735398054,0.9828607047073834,9.4,647.28125,False
1773593916.3196926,247,0,0,0,0,9.41855599739938,0.0,0.02596299964352511,4.696938409391942,9.4,647.28125,False
1773593916.5328221,248,0,0,0,0,9.499390002019936,0.0,0.060981998103670776,4.696938409391942,18.8,593.46875,False
1773593916.7459219,249,0,0,0,0,9.51009400159819,0.0,0.026833997253561392,4.696938409391942,9.4,593.46875,False
1773593916.9589422,250,0,0,0,0,9.425944997929037,0.0,0.02577800114522688,4.696938409391942,9.4,593.46875,False
1773593917.1719186,251,0,0,0,0,9.442667000257643,0.0,0.025314999220427126,4.696938409391942,9.4,593.46875,False
1773593917.3849635,252,0,0,0,0,9.503649001999293,0.0,0.025852001272141933,4.693684844033018,9.4,593.46875,False
1773593917.5979824,253,0,0,0,0,9.460871999181109,0.0,0.02633400072227232,4.693684844033018,18.8,593.46875,False
1773593917.810915,254,0,0,0,0,9.453148999455152,0.0,0.026055997295770794,4.693684844033018,9.4,593.46875,False
1773593918.0238857,255,0,0,0,0,9.420963997399667,0.0,0.025907000235747546,4.693684844033018,9.4,593.46875,False
1773593918.2369697,256,0,0,0,0,9.50948300305754,0.0,0.026426001568324864,4.693684844033018,14.1,593.46875,False
1773593918.450059,257,0,0,0,0,9.469020002143225,0.0,0.024758999643381685,4.694601062823626,9.4,593.46875,False
1773593918.663146,258,0,0,0,0,9.481427001446718,0.0,0.024889002816053107,4.694601062823626,18.8,593.46875,False
1773593918.8760707,259,0,0,0,0,9.438020002562553,0.0,0.02622199826873839,4.694601062823626,9.4,593.46875,False
1773593919.0891993,260,0,0,0,0,9.484816000622232,0.0,0.026908001018455252,4.694601062823626,9.4,593.46875,False
1773593919.3021896,261,0,0,0,0,9.448408000025665,0.0,0.026482000976102427,4.694601062823626,9.4,593.46875,False
1773593919.515286,262,0,0,0,0,9.474722999584628,0.0,0.02635200144140981,4.6939159664166485,9.4,593.46875,False
1773593919.7281961,263,0,0,0,0,9.420518999831984,0.0,0.02568499985500239,4.6939159664166485,18.8,593.46875,False
1773593919.9412777,264,0,0,0,0,9.493723002378829,0.0,0.02579700230853632,4.6939159664166485,9.4,593.46875,False
1773593920.1542764,265,0,0,0,0,9.491000997513765,0.0,0.02631499955896288,4.6939159664166485,14.1,593.46875,False
1773593920.3672059,266,0,0,0,0,9.437315999093698,0.0,0.026851997972698882,4.6939159664166485,9.4,593.46875,False
1773593920.5803313,267,0,0,0,0,9.50246399952448,0.0,0.026573998184176162,4.695008853155379,4.7,593.46875,False
1773593920.7933722,268,0,0,0,0,9.456501000386197,0.0,0.02653800038387999,4.695008853155379,18.8,593.46875,False
1773593921.0065525,269,0,0,0,0,9.475908002059441,0.0,0.026666999474400654,4.695008853155379,14.1,593.46875,False
1773593921.2195997,270,0,0,0,0,9.482131001277594,0.0,0.02550000135670416,4.695008853155379,9.4,593.46875,False
1773593921.4327831,271,0,0,0,0,9.473834001255454,0.0,0.025555997126502916,4.695008853155379,9.4,593.46875,False
1773593921.6459079,272,0,0,0,0,9.546891000354663,0.0,0.02961100108223036,4.6921799536499025,9.4,593.46875,False
1773593921.8590128,273,0,0,0,0,9.554780001053587,0.0,0.02625900015118532,4.6921799536499025,18.8,593.46875,False
1773593922.072212,274,0,0,0,0,9.58964999881573,0.0,0.027074001991422847,4.6921799536499025,9.4,593.46875,False
1773593922.2854676,275,0,0,0,0,9.603817001334392,0.0,0.025092998839681968,4.6921799536499025,9.4,593.46875,False
1773593922.4985652,276,0,0,0,0,9.528501999739092,0.0,0.025834000553004444,4.6921799536499025,9.4,593.46875,False
1773593922.7116554,277,0,0,0,0,9.511557000223547,0.0,0.027777998184319586,4.6912804209274555,14.1,593.46875,False
1773593922.9249125,278,0,0,0,0,9.620131997507997,0.0,0.02575899998191744,4.6912804209274555,18.8,593.46875,False
1773593923.1382806,279,0,0,0,0,9.692799001641106,0.0,0.025555000320309773,4.6912804209274555,9.4,593.46875,False
1773593923.3514082,280,0,0,0,0,9.515649002423743,0.0,0.027038000553147867,4.6912804209274555,9.4,593.46875,False
1773593923.5644546,281,0,0,0,0,9.513778997643385,0.0,0.02681499972823076,4.6912804209274555,9.4,593.46875,False
1773593923.7776182,282,0,0,0,0,9.539372000290314,0.0,0.025667002773843706,4.691039064777056,9.4,593.46875,False
1773593923.9907212,283,0,0,0,0,9.487093000643654,0.0,0.025389002985320985,4.691039064777056,18.8,593.46875,False
1773593924.2037022,284,0,0,0,0,9.439834000659175,0.0,0.02622299871291034,4.691039064777056,9.4,593.46875,False
1773593924.4172769,285,0,0,0,0,9.979615999327507,0.0,0.024814999051159248,4.691039064777056,9.4,593.46875,False
1773593924.6303146,286,0,0,0,0,9.536354002193548,0.0,0.0295369973173365,4.691039064777056,14.1,593.46875,False
1773593924.8433673,287,0,0,0,0,9.421148999535944,0.0,0.026426998374518007,4.690881671971206,9.4,593.46875,False
1773593925.0563533,288,0,0,0,0,9.426222000911366,0.0,0.02657500226632692,4.690881671971206,18.8,593.46875,False
1773593925.2694864,289,0,0,0,0,9.49342699823319,0.0,0.02637100260471925,4.690881671971206,9.4,593.46875,False
1773593925.4825046,290,0,0,0,0,9.441389000130584,0.0,0.025037003069883212,4.690881671971206,9.4,593.484375,False
1773593925.695522,291,0,0,0,0,9.403334002854535,0.0,0.026851997972698882,4.690881671971206,9.4,593.484375,False
1773593925.908474,292,0,0,0,0,9.452001002500765,0.0,0.026407997211208567,4.694266895729691,9.4,593.484375,False
1773593926.121661,293,0,0,0,0,9.51948299916694,0.0,0.026166999305132776,4.694266895729691,18.8,593.5,False
1773593926.3345885,294,0,0,0,0,9.44490799884079,0.0,0.025481996999587864,4.694266895729691,9.4,593.5,False
1773593926.547646,295,0,0,0,0,9.48637100009364,0.0,0.02594499892438762,4.694266895729691,9.4,593.5,False
1773593926.7606175,296,0,0,0,0,9.384666998812463,0.0,0.02598200080683455,4.694266895729691,14.1,593.5,False
1773593926.9736931,297,0,0,0,0,9.513093998975819,0.0,0.02631499955896288,4.694431871650955,9.4,593.5,False
1773593927.1862593,298,0,0,0,0,9.088016999157844,0.0,0.025536999601172283,4.694431871650955,18.8,593.5,False
1773593927.399283,299,0,0,0,0,9.462334001000272,0.0,0.027795998903457075,4.694431871650955,9.4,593.5,False
1773593927.6123536,300,0,0,0,0,9.43977900169557,0.0,0.026277997676515952,4.694431871650955,9.4,593.5,False
1773593927.8254411,301,0,0,0,0,9.522519998427015,0.0,0.024092998501146212,4.694431871650955,9.4,593.5,False
1773593928.0384965,302,0,0,0,0,9.437704000447411,0.0,0.02546299947425723,4.695370458476298,9.4,593.5,False
1773593928.251432,303,0,0,0,0,9.434556002815953,0.0,0.026167002943111584,4.695370458476298,23.5,593.5,False
1773593928.4644594,304,0,0,0,0,9.46674200167763,0.0,0.02520400084904395,4.695370458476298,9.4,593.5,False
1773593928.6776278,305,0,0,0,0,9.56733500061091,0.0,0.02596299964352511,4.695370458476298,9.4,593.5,False
1773593928.8906255,306,0,0,0,0,9.452908001549076,0.0,0.027018999389838427,4.695370458476298,9.4,593.5,False
1773593929.1037521,307,0,0,0,0,9.491353001067182,0.0,0.026148001779802144,4.693931725589855,9.4,593.5,False
1773593929.3167362,308,0,0,0,0,9.416500997758703,0.0,0.025814999389695004,4.693931725589855,18.8,593.5,False
1773593929.5299275,309,0,0,0,0,9.575705000315793,0.0,0.02520400084904395,4.693931725589855,9.4,593.5,False
1773593929.7429059,310,0,0,0,0,9.441795999009628,0.0,0.02626000059535727,4.693931725589855,9.4,593.5,False
1773593929.9558825,311,0,0,0,0,9.445445000892505,0.0,0.0254259975918103,4.693931725589855,14.1,593.5,False
1773593930.168874,312,0,0,0,0,9.514945002592867,0.0,0.025536999601172283,4.694096677953021,9.4,593.5,False
1773593930.3819494,313,0,0,0,0,9.566797998559196,0.0,0.025426001229789108,4.694096677953021,18.8,593.5,False
1773593930.5949364,314,0,0,0,0,9.514223002042854,0.0,0.026130001060664654,4.694096677953021,9.4,593.5,False
1773593930.807891,315,0,0,0,0,9.505260997684672,0.0,0.026276997232344,4.694096677953021,9.4,593.5,False
1773593931.0210295,316,0,0,0,0,9.523112999886507,0.0,0.02516699896659702,4.694096677953021,9.4,593.5,False
1773593931.234088,317,0,0,0,0,9.557613000652054,0.0,0.02535199746489525,4.6943383488453145,9.4,593.5,False
1773593931.4471135,318,0,0,0,0,9.480648997850949,0.0,0.026740999601315707,4.6943383488453145,18.8,593.5,False
1773593931.6602263,319,0,0,0,0,9.531278999929782,0.0,0.026888999855145812,4.6943383488453145,9.4,593.5,False
1773593931.8732855,320,0,0,0,0,9.566927998093888,0.0,0.024981996830319986,4.6943383488453145,9.4,593.5,False
1773593932.0863385,321,0,0,0,0,9.529612001642818,0.0,0.025445002393098548,4.6943383488453145,9.4,593.515625,False
1773593932.2993631,322,0,0,0,0,9.511168002063641,0.0,0.02709299951675348,4.693460046823774,9.4,593.515625,False
1773593932.512612,323,0,0,0,0,9.570594000251731,0.0,0.025592999008949846,4.693460046823774,18.8,593.515625,False
1773593932.7256508,324,0,0,0,0,9.599724002328003,0.0,0.02568499985500239,4.693460046823774,9.4,593.515625,False
1773593932.9387724,325,0,0,0,0,9.60011299684993,0.0,0.02905600194935687,4.693460046823774,14.1,593.515625,False
1773593933.1517391,326,0,0,0,0,9.496038001088891,0.0,0.025649002054706216,4.693460046823774,9.4,593.515625,False
1773593933.364782,327,0,0,0,0,9.491427001194097,0.0,0.024666998797329143,4.6930714295464835,9.4,593.515625,False
1773593933.5779233,328,0,0,0,0,9.613223999622278,0.0,0.02570399738033302,4.6930714295464835,18.8,593.515625,False
1773593933.7909026,329,0,0,0,0,9.482408000621945,0.0,0.025408000510651618,4.6930714295464835,9.4,593.515625,False
1773593934.003967,330,0,0,0,0,9.45894499818678,0.0,0.025740002456586808,4.6930714295464835,9.4,593.515625,False
1773593934.216993,331,0,0,0,0,9.48594600049546,0.0,0.024778000806691125,4.6930714295464835,9.4,593.515625,False
1773593934.4299464,332,0,0,0,0,9.515279001789168,0.0,0.025110999558819458,4.693723713023658,9.4,593.515625,False
1773593934.6428297,333,0,0,0,0,9.424981999472948,0.0,0.02566599869169295,4.693723713023658,18.8,593.515625,False
1773593934.8559232,334,0,0,0,0,9.482241999648977,0.0,0.026797002647072077,4.693723713023658,9.4,593.515625,False
1773593935.0689979,335,0,0,0,0,9.497890001512133,0.0,0.025870001991279423,4.693723713023658,9.4,593.515625,False
1773593935.281944,336,0,0,0,0,9.436203999939607,0.0,0.02648199733812362,4.693723713023658,9.4,593.515625,False
1773593935.4949944,337,0,0,0,0,9.534576001897221,0.0,0.025074001314351335,4.694787082100211,14.1,593.515625,False
1773593935.7079127,338,0,0,0,0,9.473056001297664,0.0,0.02570400101831183,4.694787082100211,14.1,593.515625,False
1773593935.9209666,339,0,0,0,0,9.4386669989035,0.0,0.02490699989721179,4.694787082100211,9.4,593.515625,False
1773593936.1339452,340,0,0,0,0,9.472944999288302,0.0,0.02650099850143306,4.694787082100211,14.1,593.515625,False
1773593936.3468606,341,0,0,0,0,9.378555998409865,0.0,0.025278000975959003,4.694787082100211,9.4,593.515625,False
1773593936.5597975,342,0,0,0,0,9.481742003117688,0.0,0.026148998585995287,4.695489253773583,9.4,593.515625,False
1773593936.7728188,343,0,0,0,0,9.453352002310567,0.0,0.06192599903442897,4.695489253773583,18.8,593.515625,False
1773593936.9857862,344,0,0,0,0,9.472130001086043,0.0,0.02568499985500239,4.695489253773583,9.4,593.515625,False
1773593937.1987884,345,0,0,0,0,9.38564799798769,0.0,0.025110999558819458,4.695489253773583,9.4,593.515625,False
1773593937.411756,346,0,0,0,0,9.398185000463855,0.0,0.025240999093512073,4.695489253773583,9.4,593.515625,False
1773593937.6247947,347,0,0,0,0,9.394296997925267,0.0,0.060425998526625335,4.694886929034439,9.4,593.515625,False
1773593937.837746,348,0,0,0,0,9.423815001355251,0.0,0.02562999725341797,4.694886929034439,18.8,593.515625,False
1773593938.0506146,349,0,0,0,0,9.417371002200525,0.0,0.025517998437862843,4.694886929034439,9.4,593.515625,False
1773593938.2635057,350,0,0,0,0,9.336221999546979,0.0,0.025221997930202633,4.694886929034439,9.4,593.515625,False
1773593938.4764876,351,0,0,0,0,9.42072199904942,0.0,0.025834000553004444,4.694886929034439,14.1,593.515625,False
1773593938.6894932,352,0,0,0,0,9.391054998559412,0.0,0.02550000135670416,4.696101197340637,9.4,593.515625,False
1773593938.9024987,353,0,0,0,0,9.308981003414374,0.0,0.026351997803431004,4.696101197340637,18.8,593.515625,False
1773593939.1154153,354,0,0,0,0,9.385370001837146,0.0,0.026074998459080234,4.696101197340637,9.4,593.515625,False
1773593939.328443,355,0,0,0,0,9.37518499995349,0.0,0.026166999305132776,4.696101197340637,9.4,593.515625,False
1773593939.5416522,356,0,0,0,0,9.502149001491489,0.0,0.026445002731634304,4.696101197340637,9.4,593.515625,False
1773593939.754526,357,0,0,0,0,9.297943997808034,0.0,0.02594499892438762,4.694211205839113,9.4,593.515625,False
1773593939.967274,358,0,0,0,0,9.248591002688045,0.0,0.02624099943204783,4.694211205839113,18.8,593.515625,False
1773593940.1802783,359,0,0,0,0,9.430611000425415,0.0,0.025889999960782006,4.694211205839113,9.4,593.515625,False
1773593940.3933349,360,0,0,0,0,9.459814998990623,0.0,0.02518499968573451,4.694211205839113,9.4,593.515625,False
1773593940.6062155,361,0,0,0,0,9.411184997588862,0.0,0.02399999721092172,4.694211205839113,9.4,593.515625,False
1773593940.819238,362,0,0,0,0,9.43348100190633,0.0,0.02629600203363225,4.697050971963751,9.4,593.515625,False
1773593941.0321732,363,0,0,0,0,9.368147999339271,0.0,0.026073998014908284,4.697050971963751,18.8,593.515625,False
1773593941.2453213,364,0,0,0,0,9.50839000142878,0.0,0.0248889991780743,4.697050971963751,9.4,593.515625,False
1773593941.4583328,365,0,0,0,0,9.447610998904565,0.0,0.025741002900758758,4.697050971963751,14.1,593.515625,False
1773593941.6713529,366,0,0,0,0,9.392314997967333,0.0,0.026147998141823336,4.697050971963751,9.4,593.515625,False
1773593941.8842719,367,0,0,0,0,9.339109998109052,0.0,0.02520400084904395,4.693714258345063,9.4,593.515625,False
1773593942.0972865,368,0,0,0,0,9.398648002388654,0.0,0.025610999728087336,4.693714258345063,18.8,593.515625,False
1773593942.3104079,369,0,0,0,0,9.519000999716809,0.0,0.02581500302767381,4.693714258345063,9.4,593.515625,False
1773593942.5234396,370,0,0,0,0,9.523019998596283,0.0,0.02600000152597204,4.693714258345063,9.4,593.515625,False
1773593942.736531,371,0,0,0,0,9.492408000369323,0.0,0.027611000405158848,4.693714258345063,9.4,593.515625,False
1773593942.9494832,372,0,0,0,0,9.509075000096345,0.0,0.026128996978513896,4.69458740097198,9.4,593.515625,False
1773593943.1623805,373,0,0,0,0,9.447315998841077,0.0,0.024482000299030915,4.69458740097198,18.8,593.515625,False
1773593943.375346,374,0,0,0,0,9.458001000894,0.0,0.02550000135670416,4.69458740097198,9.4,593.515625,False
1773593943.588269,375,0,0,0,0,9.467241001402726,0.0,0.026869998691836372,4.69458740097198,9.4,593.53125,False
1773593943.801417,376,0,0,0,0,9.54283399914857,0.0,0.02655600110301748,4.69458740097198,14.1,593.53125,False
1773593944.0144973,377,0,0,0,0,9.448111999518005,0.0,0.025741002900758758,4.69505825524848,9.4,593.53125,False
1773593944.2273676,378,0,0,0,0,9.432925999135477,0.0,0.026166999305132776,4.69505825524848,18.8,593.53125,False
1773593944.4403927,379,0,0,0,0,9.44318499750807,0.0,0.02548100019339472,4.69505825524848,9.4,593.53125,False
1773593944.6533437,380,0,0,0,0,9.499389998381957,0.0,0.025888999516610056,4.69505825524848,9.4,593.53125,False
1773593944.8662732,381,0,0,0,0,9.4138140011637,0.0,0.02494500222383067,4.69505825524848,9.4,593.53125,False
1773593945.079158,382,0,0,0,0,9.351980999781517,0.0,0.02550000135670416,4.695755250882265,9.4,593.53125,False
1773593945.2920666,383,0,0,0,0,9.455444000195712,0.0,0.02633400072227232,4.695755250882265,18.8,593.53125,False
1773593945.5051906,384,0,0,0,0,9.51381499908166,0.0,0.025388999347342178,4.695755250882265,9.4,593.53125,False
1773593945.7184057,385,0,0,0,0,9.475963001023047,0.0,0.02564799797255546,4.695755250882265,9.4,593.53125,False
1773593945.931283,386,0,0,0,0,9.361813998111757,0.0,0.025518998882034793,4.695755250882265,9.4,593.53125,False
1773593946.1441605,387,0,0,0,0,9.437314998649526,0.0,0.02596400008769706,4.694864857241232,9.4,593.53125,False
1773593946.3572032,388,0,0,0,0,9.442037000553682,0.0,0.024480999854858965,4.694864857241232,18.8,593.53125,False
1773593946.570162,389,0,0,0,0,9.506982001767028,0.0,0.02572299854364246,4.694864857241232,9.4,593.53125,False
1773593946.7830586,390,0,0,0,0,9.456315001443727,0.0,0.027500002033775672,4.694864857241232,9.4,593.53125,False
1773593946.996041,391,0,0,0,0,9.509408999292646,0.0,0.02601899905130267,4.694864857241232,9.4,593.53125,False
1773593947.209023,392,0,0,0,0,9.499575000518234,0.0,0.0248889991780743,4.6957373766142805,9.4,593.546875,False
1773593947.4218245,393,0,0,0,0,9.29546200131881,0.0,0.02496300294296816,4.6957373766142805,18.8,593.546875,False
1773593947.634736,394,0,0,0,0,9.404518001247197,0.0,0.024982000468298793,4.6957373766142805,9.4,593.546875,False
1773593947.8477461,395,0,0,0,0,9.450833997107111,0.0,0.02572199809947051,4.6957373766142805,9.4,593.546875,False
1773593948.0607247,396,0,0,0,0,9.442889000638388,0.0,0.02685200161067769,4.6957373766142805,9.4,593.546875,False
1773593948.2737188,397,0,0,0,0,9.487371000432177,0.0,0.024962999304989353,4.696356746755729,9.4,593.546875,False
1773593948.4865873,398,0,0,0,0,9.427758999663638,0.0,0.024684999516466632,4.696356746755729,18.8,593.546875,False
1773593948.6995504,399,0,0,0,0,9.475722999923164,0.0,0.02664800194907002,4.696356746755729,9.4,593.546875,False
1773593948.91246,400,0,0,0,0,9.43696399917826,0.0,0.02572199809947051,4.696356746755729,9.4,593.546875,False
1773593949.1254585,401,0,0,0,0,9.482649002166,0.0,0.02466700243530795,4.696356746755729,14.1,593.546875,False
1773593949.3383486,402,0,0,0,0,9.443371000088518,0.0,0.025426001229789108,4.696051773297234,9.4,593.546875,False
1773593949.5514038,403,0,0,0,0,9.521241998299956,0.0,0.026870999136008322,4.696051773297234,18.8,593.546875,False
1773593949.764311,404,0,0,0,0,9.415481999894837,0.0,0.02574099926277995,4.696051773297234,9.4,593.546875,False
1773593949.9773161,405,0,0,0,0,9.47844499751227,0.0,0.02576000042608939,4.696051773297234,9.4,593.546875,False
1773593950.1903353,406,0,0,0,0,9.443758997804252,0.0,0.024722001398913562,4.696051773297234,9.4,593.5625,False
1773593950.403179,407,0,0,0,0,9.407629000634188,0.0,0.024796998332021758,4.695380971092028,9.4,593.5625,False
1773593950.6155438,408,0,0,0,0,8.92195899723447,0.0,0.02522200156818144,4.695380971092028,18.8,593.5625,False
1773593950.8284245,409,0,0,0,0,9.445870000490686,0.0,0.026165998860960826,4.695380971092028,14.1,593.5625,False
1773593951.041413,410,0,0,0,0,9.415741002158029,0.0,0.02537099862820469,4.695380971092028,9.4,593.5625,False
1773593951.2544174,411,0,0,0,0,9.428222001588438,0.0,0.025000997993629426,4.695380971092028,9.4,593.5625,False
1773593951.467391,412,0,0,0,0,9.401721999893198,0.0,0.026612000510795042,4.698382144126149,9.4,593.5625,False
1773593951.680243,413,0,0,0,0,9.386739999172278,0.0,0.025556000764481723,4.698382144126149,14.1,593.5625,False
1773593951.8932414,414,0,0,0,0,9.477907999098534,0.0,0.025574998289812356,4.698382144126149,9.4,593.5625,False
1773593952.1062334,415,0,0,0,0,9.432592003577156,0.0,0.02570400101831183,4.698382144126149,14.1,593.5625,False
1773593952.3191667,416,0,0,0,0,9.432426002604188,0.0,0.024741002562223002,4.698382144126149,9.4,593.5625,False
1773593952.5322359,417,0,0,0,0,9.486463000939693,0.0,0.027093003154732287,4.696121177568365,9.4,593.5625,False
1773593952.7451751,418,0,0,0,0,9.449148001294816,0.0,0.025278000975959003,4.696121177568365,18.8,593.5625,False
1773593952.9580395,419,0,0,0,0,9.434702998987632,0.0,0.02490800034138374,4.696121177568365,9.4,593.5625,False
1773593953.1709466,420,0,0,0,0,9.450278001168044,0.0,0.02540799687267281,4.696121177568365,9.4,593.5625,False
1773593953.3840146,421,0,0,0,0,9.446685999137117,0.0,0.027017998945666477,4.696121177568365,9.4,593.5625,False
1773593953.5971377,422,0,0,0,0,9.508740997262066,0.0,0.025277997337980196,4.6954104066665066,9.4,593.5625,False
1773593953.809997,423,0,0,0,0,9.441851998417405,0.0,0.02514799780328758,4.6954104066665066,18.8,593.5625,False
1773593954.0228944,424,0,0,0,0,9.404241001902847,0.0,0.024574001145083457,4.6954104066665066,9.4,593.5625,False
1773593954.235797,425,0,0,0,0,9.456592000788078,0.0,0.025796998670557514,4.6954104066665066,9.4,593.5625,False
1773593954.4487827,426,0,0,0,0,9.435592997760978,0.0,0.026185000024270266,4.6954104066665066,9.4,593.5625,False
1773593954.6618161,427,0,0,0,0,9.532592997857137,0.0,0.026186000468442217,4.696291542204553,9.4,593.5625,False
1773593954.874722,428,0,0,0,0,9.467371000937419,0.0,0.024852000933606178,4.696291542204553,18.8,593.5625,False
1773593955.0877676,429,0,0,0,0,9.480554999754531,0.0,0.02544499875511974,4.696291542204553,9.4,593.5625,False
1773593955.3007853,430,0,0,0,0,9.538870999676874,0.0,0.025518998882034793,4.696291542204553,9.4,593.5625,False
1773593955.5137906,431,0,0,0,0,9.576019998348784,0.0,0.02516699896659702,4.696291542204553,14.1,593.5625,False
1773593955.7269642,432,0,0,0,0,9.686057001090376,0.0,0.024981000024126843,4.694551670351298,9.4,593.5625,False
1773593955.9399903,433,0,0,0,0,9.469166001508711,0.0,0.025091998395510018,4.694551670351298,18.8,593.5625,False
1773593956.153133,434,0,0,0,0,9.613446000003023,0.0,0.02570399738033302,4.694551670351298,9.4,593.5625,False
1773593956.3661063,435,0,0,0,0,9.54688999991049,0.0,0.02544499875511974,4.694551670351298,9.4,593.5625,False
1773593956.5791233,436,0,0,0,0,9.504092999122804,0.0,0.02594399848021567,4.694551670351298,9.4,593.5625,False
1773593956.792105,437,0,0,0,0,9.489740998105844,0.0,0.02596299964352511,4.693701652166187,14.1,593.5625,False
1773593957.005192,438,0,0,0,0,9.62016800258425,0.0,0.025592999008949846,4.693701652166187,14.1,593.5625,False
1773593957.2182863,439,0,0,0,0,9.517001002677716,0.0,0.02707399835344404,4.693701652166187,14.1,593.5625,False
1773593957.4312706,440,0,0,0,0,9.483685997111024,0.0,0.024832999770296738,4.693701652166187,9.4,593.5625,False
1773593957.6443238,441,0,0,0,0,9.4595369992021,0.0,0.02655500065884553,4.693701652166187,9.4,593.5625,False
1773593957.8573053,442,0,0,0,0,9.481166998739354,0.0,0.025592999008949846,4.693847677888857,9.4,593.5625,False
1773593958.0704005,443,0,0,0,0,9.497851999185514,0.0,0.024241002392955124,4.693847677888857,18.8,593.5625,False
1773593958.2833624,444,0,0,0,0,9.450591998756863,0.0,0.025314999220427126,4.693847677888857,9.4,593.5625,False
1773593958.4963741,445,0,0,0,0,9.415795997483656,0.0,0.025426001229789108,4.693847677888857,9.4,593.5625,False
1773593958.7093751,446,0,0,0,0,9.476888997596689,0.0,0.026370998966740444,4.693847677888857,9.4,593.5625,False
1773593958.922274,447,0,0,0,0,9.459444998356048,0.0,0.025130000722128898,4.694728226949593,9.4,593.5625,False
1773593959.1348624,448,0,0,0,0,9.083922999707283,0.0,0.02566599869169295,4.694728226949593,18.8,593.5625,False
1773593959.347761,449,0,0,0,0,9.457795997150242,0.0,0.024815002689138055,4.694728226949593,9.4,593.5625,False
1773593959.560725,450,0,0,0,0,9.417184999620076,0.0,0.025834000553004444,4.694728226949593,9.4,593.5625,False
1773593959.77383,451,0,0,0,0,9.484389000135707,0.0,0.024760000087553635,4.694728226949593,14.1,593.5625,False
1773593959.98671,452,0,0,0,0,9.43522200032021,0.0,0.025851997634163126,4.697176164712228,9.4,593.5625,False
1773593960.199602,453,0,0,0,0,9.424500000022817,0.0,0.026130001060664654,4.697176164712228,14.1,593.5625,False
1773593960.4126391,454,0,0,0,0,9.43783300317591,0.0,0.0256669991358649,4.697176164712228,9.4,593.5625,False
1773593960.6256783,455,0,0,0,0,9.519037001155084,0.0,0.02492600106052123,4.697176164712228,9.4,593.5625,False
1773593960.8386803,456,0,0,0,0,9.438703000341775,0.0,0.02429599771858193,4.697176164712228,14.1,593.5625,False
1773593961.0517743,457,0,0,0,0,9.468797001318308,0.0,0.02568600029917434,4.695033028517852,9.4,593.5625,False
1773593961.2649057,458,0,0,0,0,9.542871001031017,0.0,0.02575899998191744,4.695033028517852,18.8,593.5625,False
1773593961.4778936,459,0,0,0,0,9.500741001829738,0.0,0.025426001229789108,4.695033028517852,9.4,593.5625,False
1773593961.6907942,460,0,0,0,0,9.454667000682093,0.0,0.025296998501289636,4.695033028517852,9.4,593.578125,False
1773593961.9037035,461,0,0,0,0,9.455239996896125,0.0,0.025945002562366426,4.695033028517852,9.4,593.578125,False
1773593962.1166532,462,0,0,0,0,9.449758999835467,0.0,0.026462999812792987,4.695213826077884,9.4,593.578125,False
1773593962.3296268,463,0,0,0,0,9.476702998654218,0.0,0.024388999008806422,4.695213826077884,14.1,593.59375,False
1773593962.5426753,464,0,0,0,0,9.47075899966876,0.0,0.02622199826873839,4.695213826077884,14.1,593.59375,False
1773593962.7556121,465,0,0,0,0,9.413870000571478,0.0,0.026186000468442217,4.695213826077884,9.4,593.59375,False
1773593962.9685254,466,0,0,0,0,9.380554001836572,0.0,0.02624099943204783,4.695213826077884,9.4,593.59375,False
1773593963.1814437,467,0,0,0,0,9.432629001821624,0.0,0.024796001525828615,4.695331562207403,9.4,593.59375,False
1773593963.3943615,468,0,0,0,0,9.432203001779271,0.0,0.025741002900758758,4.695331562207403,18.8,593.59375,False
1773593963.6073592,469,0,0,0,0,9.480962999077747,0.0,0.02466700243530795,4.695331562207403,9.4,593.59375,False
1773593963.8202906,470,0,0,0,0,9.449834000406554,0.0,0.025332999939564615,4.695331562207403,14.1,593.59375,False
1773593964.0332394,471,0,0,0,0,9.478796000621514,0.0,0.025573997845640406,4.695331562207403,9.4,593.59375,False
1773593964.2461643,472,0,0,0,0,9.420203001354821,0.0,0.02522200156818144,4.696379884289766,9.4,593.59375,False
1773593964.4591346,473,0,0,0,0,9.393424999871058,0.0,0.025110999558819458,4.696379884289766,18.8,593.59375,False
1773593964.672193,474,0,0,0,0,9.455723000428407,0.0,0.026573998184176162,4.696379884289766,9.4,593.59375,False
1773593964.885186,475,0,0,0,0,9.45561000116868,0.0,0.025074001314351335,4.696379884289766,9.4,593.59375,False
1773593965.0981688,476,0,0,0,0,9.476406998146558,0.0,0.02576000042608939,4.696379884289766,9.4,593.59375,False
1773593965.3110943,477,0,0,0,0,9.417592002137098,0.0,0.025796998670557514,4.694932124306165,9.4,593.59375,False
1773593965.5239701,478,0,0,0,0,9.423333001905121,0.0,0.026888999855145812,4.694932124306165,18.8,593.59375,False
1773593965.7368898,479,0,0,0,0,9.459610999329016,0.0,0.024926997866714373,4.694932124306165,9.4,593.59375,False
1773593965.9498577,480,0,0,0,0,9.47044399799779,0.0,0.025149001885438338,4.694932124306165,9.4,593.59375,False
1773593966.1628165,481,0,0,0,0,9.449130000575678,0.0,0.02492600106052123,4.694932124306165,9.4,593.59375,False
1773593966.3756735,482,0,0,0,0,9.409999998752028,0.0,0.026721998438006267,4.696615479433249,14.1,593.59375,False
1773593966.5886629,483,0,0,0,0,9.4436669969582,0.0,0.025611003366066143,4.696615479433249,14.1,593.59375,False
1773593966.801685,484,0,0,0,0,9.458332999201957,0.0,0.025332999939564615,4.696615479433249,9.4,593.59375,False
1773593967.0147572,485,0,0,0,0,9.477443996729562,0.0,0.025814999389695004,4.696615479433249,9.4,593.59375,False
1773593967.2277186,486,0,0,0,0,9.437296001124196,0.0,0.025888999516610056,4.696615479433249,9.4,593.59375,False
1773593967.440759,487,0,0,0,0,9.492351997323567,0.0,0.025352001102874056,4.695303178850323,14.1,593.59375,False
1773593967.6537652,488,0,0,0,0,9.512130000075558,0.0,0.02516699896659702,4.695303178850323,18.8,593.59375,False
1773593967.8667376,489,0,0,0,0,9.461333000217564,0.0,0.0259810003626626,4.695303178850323,9.4,593.59375,False
1773593968.0796723,490,0,0,0,0,9.478240997850662,0.0,0.025130000722128898,4.695303178850323,9.4,593.59375,False
1773593968.292874,491,0,0,0,0,9.5320559994434,0.0,0.02600000152597204,4.695303178850323,4.7,593.59375,False
1773593968.5058215,492,0,0,0,0,9.522612002911046,0.0,0.025092998839681968,4.694163923006966,14.1,593.59375,False
1773593968.718803,493,0,0,0,0,9.489371001109248,0.0,0.02581500302767381,4.694163923006966,18.8,593.59375,False
1773593968.9319024,494,0,0,0,0,9.503981000307249,0.0,0.02524000228731893,4.694163923006966,9.4,593.59375,False
1773593969.1450398,495,0,0,0,0,9.531703999527963,0.0,0.024426000891253352,4.694163923006966,14.1,593.59375,False
1773593969.3581557,496,0,0,0,0,9.53112999923178,0.0,0.026277997676515952,4.694163923006966,9.4,593.59375,False
1773593969.5712757,497,0,0,0,0,9.516870002698852,0.0,0.02663000122993253,4.693234220843074,9.4,593.59375,False
1773593969.7841797,498,0,0,0,0,9.473629997955868,0.0,0.025908000679919496,4.693234220843074,18.8,593.59375,False
1773593969.997194,499,0,0,0,0,9.498962997895433,0.0,0.02459299867041409,4.693234220843074,9.4,593.59375,False
1773593970.2102666,500,0,0,0,0,9.49011099874042,0.0,0.025574001483619213,4.693234220843074,9.4,593.59375,False
1773593970.4231615,501,0,0,0,0,9.446741001738701,0.0,0.028389000362949446,4.693234220843074,9.4,593.59375,False
1773593970.6360564,502,0,0,0,0,9.462239999265876,0.0,0.025408000510651618,4.695174932404008,9.4,593.59375,False
1773593970.8486564,503,0,0,0,0,8.907995998015394,0.0,0.024593002308392897,4.695174932404008,18.8,593.59375,False
1773593971.0617123,504,0,0,0,0,9.470461998716928,0.0,0.026129997422685847,4.695174932404008,9.4,593.59375,False
1773593971.274666,505,0,0,0,0,9.383129003253998,0.0,0.02520400084904395,4.695174932404008,9.4,593.59375,False
1773593971.4876492,506,0,0,0,0,9.384979999595089,0.0,0.025278000975959003,4.695174932404008,9.4,593.59375,False
1773593971.7006428,507,0,0,0,0,9.392220999870915,0.0,0.02522200156818144,4.696829007950212,9.4,593.59375,False
1773593971.9135768,508,0,0,0,0,9.423296000022674,0.0,0.025332999939564615,4.696829007950212,14.1,593.59375,False
1773593972.1264238,509,0,0,0,0,9.394684002472786,0.0,0.025297002139268443,4.696829007950212,14.1,593.59375,False
1773593972.3394423,510,0,0,0,0,9.425407002709107,0.0,0.02574099926277995,4.696829007950212,9.4,593.59375,False
1773593972.5524037,511,0,0,0,0,9.434350999072194,0.0,0.02666700311237946,4.696829007950212,9.4,593.59375,False
1773593972.7653768,512,0,0,0,0,9.441776997846318,0.0,0.0245749979512766,4.696144312781297,14.1,593.59375,False
1773593972.978319,513,0,0,0,0,9.42459200086887,0.0,0.025000001187436283,4.696144312781297,14.1,593.59375,False
1773593973.1912913,514,0,0,0,0,9.459870001592208,0.0,0.025110999558819458,4.696144312781297,14.1,593.59375,False
1773593973.4042308,515,0,0,0,0,9.435461997782113,0.0,0.026369998522568494,4.696144312781297,9.4,593.59375,False
1773593973.6173863,516,0,0,0,0,9.506573998805834,0.0,0.026073998014908284,4.696144312781297,9.4,593.59375,False
1773593973.8303273,517,0,0,0,0,9.418128996912856,0.0,0.026110999897355214,4.694704054725939,9.4,593.59375,False
1773593974.043245,518,0,0,0,0,9.468481002841145,0.0,0.027314999897498637,4.694704054725939,18.8,593.59375,False
1773593974.2561142,519,0,0,0,0,9.404740001627943,0.0,0.025278000975959003,4.694704054725939,9.4,593.609375,False
1773593974.469075,520,0,0,0,0,9.415906999493018,0.0,0.02433400004520081,4.694704054725939,9.4,593.609375,False
1773593974.6819212,521,0,0,0,0,9.416426000825595,0.0,0.025575001927791163,4.694704054725939,9.4,593.609375,False
1773593974.89487,522,0,0,0,0,9.433388000616105,0.0,0.02546299947425723,4.697173008510517,9.4,593.609375,False
1773593975.1077998,523,0,0,0,0,9.406572997249896,0.0,0.026112000341527164,4.697173008510517,18.8,593.609375,False
1773593975.3207648,524,0,0,0,0,9.404184002050897,0.0,0.024982000468298793,4.697173008510517,9.4,593.609375,False
1773593975.5337458,525,0,0,0,0,9.425924999959534,0.0,0.026408000849187374,4.697173008510517,9.4,593.609375,False
1773593975.7468035,526,0,0,0,0,9.388832000695402,0.0,0.025869998353300616,4.697173008510517,9.4,593.609375,False
1773593975.9597864,527,0,0,0,0,9.455019000597531,0.0,0.025536999601172283,4.695036181844355,9.4,593.609375,False
1773593976.172767,528,0,0,0,0,9.430406997125829,0.0,0.025388999347342178,4.695036181844355,18.8,593.609375,False
1773593976.3857794,529,0,0,0,0,9.444758998142788,0.0,0.024406999727943912,4.695036181844355,9.4,593.609375,False
1773593976.5986617,530,0,0,0,0,9.45970400061924,0.0,0.0255190025200136,4.695036181844355,9.4,593.609375,False
1773593976.8115525,531,0,0,0,0,9.392035997734638,0.0,0.025240999093512073,4.695036181844355,9.4,593.609375,False
1773593977.0243773,532,0,0,0,0,9.362739998323377,0.0,0.025888999516610056,4.6962873355214905,9.4,593.609375,False
1773593977.2373402,533,0,0,0,0,9.47370300127659,0.0,0.024944998585851863,4.6962873355214905,18.8,593.609375,False
1773593977.4502778,534,0,0,0,0,9.427850996871712,0.0,0.024999997549457476,4.6962873355214905,9.4,593.625,False
1773593977.6631706,535,0,0,0,0,9.39372099674074,0.0,0.02564799797255546,4.6962873355214905,9.4,593.625,False
1773593977.8760862,536,0,0,0,0,9.39918500080239,0.0,0.024760000087553635,4.6962873355214905,9.4,593.625,False
1773593978.0890007,537,0,0,0,0,9.440148001885973,0.0,0.02631500319694169,4.696782724259039,9.4,593.625,False
1773593978.3018901,538,0,0,0,0,9.391554001922486,0.0,0.025556000764481723,4.696782724259039,18.8,593.625,False
1773593978.514839,539,0,0,0,0,9.43846199879772,0.0,0.02464900171617046,4.696782724259039,9.4,593.625,False
1773593978.7278352,540,0,0,0,0,9.419555000931723,0.0,0.02653800038387999,4.696782724259039,9.4,593.625,False
1773593978.940745,541,0,0,0,0,9.414906002348289,0.0,0.025018001906573772,4.696782724259039,14.1,593.625,False
1773593979.1537118,542,0,0,0,0,9.457685002416838,0.0,0.02625900015118532,4.696457712213779,9.4,593.625,False
1773593979.366666,543,0,0,0,0,9.433924999029841,0.0,0.02494500222383067,4.696457712213779,18.8,593.625,False
1773593979.5795314,544,0,0,0,0,9.401276998687536,0.0,0.02685200161067769,4.696457712213779,9.4,593.625,False
1773593979.7924316,545,0,0,0,0,9.362147000501864,0.0,0.026592999347485602,4.696457712213779,9.4,593.640625,False
1773593980.005377,546,0,0,0,0,9.411443999852054,0.0,0.025777997507248074,4.696457712213779,14.1,593.640625,False
1773593980.218383,547,0,0,0,0,9.396665998792741,0.0,0.025314999220427126,4.696138003155164,9.4,593.640625,False
1773593980.4313226,548,0,0,0,0,9.360387000924675,0.0,0.024944998585851863,4.696138003155164,18.8,593.640625,False
1773593980.6443346,549,0,0,0,0,9.392832002049545,0.0,0.025278000975959003,4.696138003155164,9.4,593.640625,False
1773593980.8573213,550,0,0,0,0,9.46418400053517,0.0,0.02518600012990646,4.696138003155164,9.4,593.640625,False
1773593981.070165,551,0,0,0,0,9.432350998395123,0.0,0.026277997676515952,4.696138003155164,9.4,593.640625,False
1773593981.2831433,552,0,0,0,0,9.460074001253815,0.0,0.02546299947425723,4.6958204405421675,9.4,593.640625,False
1773593981.4960713,553,0,0,0,0,9.476554998400388,0.0,0.02596299964352511,4.6958204405421675,18.8,593.640625,False
1773593981.709173,554,0,0,0,0,9.508592997008236,0.0,0.02546399991842918,4.6958204405421675,9.4,593.640625,False
1773593981.9220536,555,0,0,0,0,9.447405998798786,0.0,0.02562999725341797,4.6958204405421675,9.4,593.640625,False
1773593982.1348994,556,0,0,0,0,9.407870002178242,0.0,0.025536999601172283,4.6958204405421675,9.4,593.640625,False
1773593982.3480098,557,0,0,0,0,9.520702998997876,0.0,0.02649999805726111,4.69598342261101,9.4,593.640625,False
1773593982.5606303,558,0,0,0,0,8.964679997006897,0.0,0.0248889991780743,4.69598342261101,18.8,593.640625,False
1773593982.773632,559,0,0,0,0,9.483961999649182,0.0,0.024666998797329143,4.69598342261101,9.4,593.640625,False
1773593982.9866781,560,0,0,0,0,9.423553998203715,0.0,0.02592599776107818,4.69598342261101,9.4,593.640625,False
1773593983.1996593,561,0,0,0,0,9.457017997192452,0.0,0.025258999812649563,4.69598342261101,9.4,593.640625,False
1773593983.412685,562,0,0,0,0,9.402331997989677,0.0,0.02579700230853632,4.695910867905787,14.1,593.640625,False
1773593983.6256928,563,0,0,0,0,9.486091999860946,0.0,0.02494400177965872,4.695910867905787,18.8,593.640625,False
1773593983.838623,564,0,0,0,0,9.500926000328036,0.0,0.02518499968573451,4.695910867905787,9.4,593.640625,False
1773593984.051594,565,0,0,0,0,9.441795999009628,0.0,0.026426001568324864,4.695910867905787,9.4,593.640625,False
1773593984.2645767,566,0,0,0,0,9.438221000891645,0.0,0.025926001399056986,4.695910867905787,9.4,593.640625,False
1773593984.477496,567,0,0,0,0,9.473443999013398,0.0,0.026703997718868777,4.695541819982796,9.4,593.640625,False
1773593984.6904638,568,0,0,0,0,9.446574000321561,0.0,0.02627800131449476,4.695541819982796,18.8,593.640625,False
1773593984.9035237,569,0,0,0,0,9.414276999450522,0.0,0.02603800021461211,4.695541819982796,9.4,593.640625,False
1773593985.1163857,570,0,0,0,0,9.410201997525292,0.0,0.02679599856492132,4.695541819982796,9.4,593.640625,False
1773593985.329395,571,0,0,0,0,9.463018002861645,0.0,0.026408000849187374,4.695541819982796,9.4,593.640625,False
1773593985.542399,572,0,0,0,0,9.414665997610427,0.0,0.025777997507248074,4.695353638389044,9.4,593.640625,False
1773593985.7553403,573,0,0,0,0,9.408461999555584,0.0,0.02590799704194069,4.695353638389044,18.8,593.640625,False
1773593985.9682434,574,0,0,0,0,9.3916839978192,0.0,0.02596400008769706,4.695353638389044,9.4,593.640625,False
1773593986.181223,575,0,0,0,0,9.458944001380587,0.0,0.02572199809947051,4.695353638389044,9.4,593.640625,False
1773593986.394166,576,0,0,0,0,9.502000000793487,0.0,0.02535199746489525,4.695353638389044,14.1,593.640625,False
1773593986.6071548,577,0,0,0,0,9.398164998856373,0.0,0.02592599776107818,4.695851984575793,9.4,593.640625,False
1773593986.819997,578,0,0,0,0,9.388277001562528,0.0,0.025203997211065143,4.695851984575793,18.8,593.640625,False
1773593987.0329895,579,0,0,0,0,9.46620300237555,0.0,0.025629000447224826,4.695851984575793,9.4,593.640625,False
1773593987.245948,580,0,0,0,0,9.447018001083052,0.0,0.025370001822011545,4.695851984575793,9.4,593.640625,False
1773593987.458775,581,0,0,0,0,9.398684996995144,0.0,0.026054996851598844,4.695851984575793,9.4,593.640625,False
1773593987.6717458,582,0,0,0,0,9.395183999004075,0.0,0.024222001229645684,4.696539749845083,9.4,593.640625,False
1773593987.8847167,583,0,0,0,0,9.409665999555727,0.0,0.0268340008915402,4.696539749845083,14.1,593.640625,False
1773593988.097552,584,0,0,0,0,9.406851000676397,0.0,0.02514799780328758,4.696539749845083,14.1,593.640625,False
1773593988.3104951,585,0,0,0,0,9.42501700046705,0.0,0.026185000024270266,4.696539749845083,9.4,593.640625,False
1773593988.5234208,586,0,0,0,0,9.395851000590483,0.0,0.025851997634163126,4.696539749845083,9.4,593.640625,False
1773593988.736368,587,0,0,0,0,9.426369000721024,0.0,0.025944002118194476,4.696741700840806,9.4,593.640625,False
1773593988.9492695,588,0,0,0,0,9.436944001208758,0.0,0.025667002773843706,4.696741700840806,18.8,593.640625,False
1773593989.1622505,589,0,0,0,0,9.38731399946846,0.0,0.025388999347342178,4.696741700840806,9.4,593.640625,False
1773593989.3751435,590,0,0,0,0,9.372628999699373,0.0,0.026092999178217724,4.696741700840806,9.4,593.640625,False
1773593989.5880418,591,0,0,0,0,9.386129000631627,0.0,0.0262039975496009,4.696741700840806,9.4,593.640625,False
1773593989.801175,592,0,0,0,0,9.45405500169727,0.0,0.024797001970000565,4.695981319544525,9.4,593.640625,False
1773593990.0140538,593,0,0,0,0,9.43505499890307,0.0,0.02550100180087611,4.695981319544525,18.8,593.640625,False
1773593990.2270465,594,0,0,0,0,9.441906997381011,0.0,0.02518600012990646,4.695981319544525,9.4,593.640625,False
1773593990.4399323,595,0,0,0,0,9.364721001475118,0.0,0.02594399848021567,4.695981319544525,9.4,593.640625,False
1773593990.6529589,596,0,0,0,0,9.414091000508051,0.0,0.026648998755263165,4.695981319544525,14.1,593.640625,False
1773593990.8658519,597,0,0,0,0,9.440239999094047,0.0,0.025610999728087336,4.69573527376817,9.4,593.640625,False
1773593991.0784633,598,0,0,0,0,9.090940999158192,0.0,0.025852001272141933,4.69573527376817,18.8,593.640625,False
1773593991.2914598,599,0,0,0,0,9.405962002347223,0.0,0.02635200144140981,4.69573527376817,9.4,593.640625,False
1773593991.5043855,600,0,0,0,0,9.40133200128912,0.0,0.02624099943204783,4.69573527376817,9.4,593.640625,False
1773593991.717264,601,0,0,0,0,9.431665999727556,0.0,0.024574001145083457,4.69573527376817,9.4,593.640625,False
1773593991.9301689,602,0,0,0,0,9.384961998875951,0.0,0.026073998014908284,4.697888522727553,9.4,593.640625,False
1773593992.1431024,603,0,0,0,0,9.341553999547614,0.0,0.0260560009337496,4.697888522727553,18.8,593.640625,False
1773593992.3559701,604,0,0,0,0,9.406738998222863,0.0,0.025556000764481723,4.697888522727553,9.4,593.65625,False
1773593992.5688064,605,0,0,0,0,9.345868998934748,0.0,0.054389001888921484,4.697888522727553,9.4,593.65625,False
1773593992.7818363,606,0,0,0,0,9.413498999492731,0.0,0.02570400101831183,4.697888522727553,9.4,593.65625,False
1773593992.994724,607,0,0,0,0,9.374721001222497,0.0,0.02562899680924602,4.696779568586041,9.4,593.65625,False
1773593993.2075996,608,0,0,0,0,9.343238998553716,0.0,0.02605500048957765,4.696779568586041,18.8,593.65625,False
1773593993.4204655,609,0,0,0,0,9.343608999188291,0.0,0.025260000256821513,4.696779568586041,9.4,593.65625,False
1773593993.6335545,610,0,0,0,0,9.473537000303622,0.0,0.02546399991842918,4.696779568586041,14.1,593.65625,False
1773593993.8464015,611,0,0,0,0,9.392017000209307,0.0,0.024999997549457476,4.696779568586041,9.4,593.65625,False
1773593994.0592244,612,0,0,0,0,9.369387000333518,0.0,0.02518499968573451,4.696719611604737,9.4,593.65625,False
1773593994.2720587,613,0,0,0,0,9.38464700084296,0.0,0.025722001737449318,4.696719611604737,18.8,593.65625,False
1773593994.4850266,614,0,0,0,0,9.359887000755407,0.0,0.025000997993629426,4.696719611604737,9.4,593.65625,False
1773593994.6979282,615,0,0,0,0,9.394109998538624,0.0,0.025408000510651618,4.696719611604737,9.4,593.65625,False
1773593994.9107535,616,0,0,0,0,9.380516999954125,0.0,0.025259996618842706,4.696719611604737,9.4,593.65625,False
1773593995.123765,617,0,0,0,0,9.417073000804521,0.0,0.026166999305132776,4.697590716065223,9.4,593.65625,False
1773593995.3365815,618,0,0,0,0,9.336461997008882,0.0,0.026185000024270266,4.697590716065223,18.8,593.65625,False
1773593995.549531,619,0,0,0,0,9.444814000744373,0.0,0.025056000595213845,4.697590716065223,9.4,593.65625,False
1773593995.7623894,620,0,0,0,0,9.416647000762168,0.0,0.025648001610534266,4.697590716065223,9.4,593.65625,False
1773593995.9753897,621,0,0,0,0,9.412147002876736,0.0,0.026982001145370305,4.697590716065223,9.4,593.65625,False
1773593996.188323,622,0,0,0,0,9.415332002390642,0.0,0.025017998268594965,4.696256837294668,14.1,593.65625,False
1773593996.4013233,623,0,0,0,0,9.46640699839918,0.0,0.025092998839681968,4.696256837294668,14.1,593.65625,False
1773593996.6143305,624,0,0,0,0,9.467277002841001,0.0,0.02648199733812362,4.696256837294668,14.1,593.65625,False
1773593996.8273878,625,0,0,0,0,9.47775900203851,0.0,0.027240999770583585,4.696256837294668,9.4,593.65625,False
1773593997.0404398,626,0,0,0,0,9.458499000174925,0.0,0.026055997295770794,4.696256837294668,9.4,593.65625,False
1773593997.2535095,627,0,0,0,0,9.455388000787934,0.0,0.02548200063756667,4.694463397031935,9.4,593.65625,False
1773593997.4665473,628,0,0,0,0,9.454720999201527,0.0,0.0254259975918103,4.694463397031935,18.8,593.65625,False
1773593997.6794746,629,0,0,0,0,9.48027800041018,0.0,0.02600000152597204,4.694463397031935,9.4,593.65625,False
1773593997.8924665,630,0,0,0,0,9.48523999977624,0.0,0.025499997718725353,4.694463397031935,9.4,593.671875,False
1773593998.1055815,631,0,0,0,0,9.478370000579162,0.0,0.02600100197014399,4.694463397031935,9.4,593.671875,False
1773593998.3184545,632,0,0,0,0,9.39712800027337,0.0,0.026408000849187374,4.694613673834183,14.1,593.6875,False
1773593998.5314686,633,0,0,0,0,9.419591002369998,0.0,0.025426001229789108,4.694613673834183,14.1,593.6875,False
1773593998.7444673,634,0,0,0,0,9.401868999702856,0.0,0.026796002202900127,4.694613673834183,9.4,593.6875,False
1773593998.9573321,635,0,0,0,0,9.391332001541741,0.0,0.025370001822011545,4.694613673834183,14.1,593.6875,False
1773593999.1703246,636,0,0,0,0,9.454666000237921,0.0,0.02685200161067769,4.694613673834183,9.4,593.6875,False
1773593999.3831604,637,0,0,0,0,9.38873999984935,0.0,0.026110999897355214,4.696059134259041,9.4,593.6875,False
1773593999.5960865,638,0,0,0,0,9.388629001477966,0.0,0.026407000405015424,4.696059134259041,18.8,593.6875,False
1773593999.8090787,639,0,0,0,0,9.433757997612702,0.0,0.025888999516610056,4.696059134259041,9.4,593.6875,False
1773594000.0220506,640,0,0,0,0,9.521869997115573,0.0,0.025630000891396776,4.696059134259041,9.4,593.6875,False
1773594000.2348783,641,0,0,0,0,9.374367997224908,0.0,0.02562999725341797,4.696059134259041,14.1,593.6875,False
1773594000.447816,642,0,0,0,0,9.406110002601054,0.0,0.025556000764481723,4.6967764129172815,9.4,593.6875,False
1773594000.6607442,643,0,0,0,0,9.41694299763185,0.0,0.027019003027817234,4.6967764129172815,14.1,593.6875,False
1773594000.873667,644,0,0,0,0,9.417221001058351,0.0,0.025296998501289636,4.6967764129172815,9.4,593.6875,False
1773594001.086484,645,0,0,0,0,9.308720000262838,0.0,0.02603700340841897,4.6967764129172815,9.4,593.6875,False
1773594001.2994618,646,0,0,0,0,9.385851000843104,0.0,0.02568499985500239,4.6967764129172815,9.4,593.6875,False
1773594001.5122354,647,0,0,0,0,9.334350001154235,0.0,0.025741002900758758,4.696710144852884,14.1,593.6875,False
1773594001.725076,648,0,0,0,0,9.354128000268247,0.0,0.025944002118194476,4.696710144852884,18.8,593.6875,False
1773594001.9379938,649,0,0,0,0,9.403295000083745,0.0,0.025500998162897304,4.696710144852884,9.4,593.6875,False
1773594002.1508129,650,0,0,0,0,9.37231300122221,0.0,0.024388999008806422,4.696710144852884,9.4,593.6875,False
1773594002.3637075,651,0,0,0,0,9.356589998787967,0.0,0.025315002858405933,4.696710144852884,9.4,593.6875,False
1773594002.5766256,652,0,0,0,0,9.427812998183072,0.0,0.02570400101831183,4.698133741715015,9.4,593.6875,False
1773594002.7890882,653,0,0,0,0,8.91366199721233,0.0,0.024962999304989353,4.698133741715015,18.8,593.6875,False
1773594003.0018756,654,0,0,0,0,9.407184003066504,0.0,0.02487099845893681,4.698133741715015,9.4,593.6875,False
1773594003.214725,655,0,0,0,0,9.300126999733038,0.0,0.024537002900615335,4.698133741715015,9.4,593.6875,False
1773594003.427588,656,0,0,0,0,9.32394200208364,0.0,0.026740999601315707,4.698133741715015,14.1,593.6875,False
1773594003.6406503,657,0,0,0,0,9.440906000236282,0.0,0.027500002033775672,4.6994518375832985,9.4,593.6875,False
1773594003.8536031,658,0,0,0,0,9.439147001103265,0.0,0.025926001399056986,4.6994518375832985,18.8,593.6875,False
1773594004.06643,659,0,0,0,0,9.368072998768184,0.0,0.02596299964352511,4.6994518375832985,9.4,593.6875,False
1773594004.2792428,660,0,0,0,0,9.344608999526827,0.0,0.02574099926277995,4.6994518375832985,9.4,593.6875,False
1773594004.492126,661,0,0,0,0,9.359350002341671,0.0,0.024741002562223002,4.6994518375832985,9.4,593.6875,False
1773594004.7051952,662,0,0,0,0,9.427072000107728,0.0,0.025074001314351335,4.6966880559136355,9.4,593.6875,False
1773594004.91811,663,0,0,0,0,9.40477699987241,0.0,0.024223001673817635,4.6966880559136355,18.8,593.6875,False
1773594005.13094,664,0,0,0,0,9.37558999794419,0.0,0.02601899905130267,4.6966880559136355,4.7,593.6875,False
1773594005.3437939,665,0,0,0,0,9.393109998200089,0.0,0.026166999305132776,4.6966880559136355,9.4,593.6875,False
1773594005.5568864,666,0,0,0,0,9.43860999905155,0.0,0.026888999855145812,4.6966880559136355,9.4,593.6875,False
1773594005.7700331,667,0,0,0,0,9.466350998991402,0.0,0.026721998438006267,4.695466125014385,14.1,593.6875,False
1773594005.982879,668,0,0,0,0,9.392405998369213,0.0,0.026888999855145812,4.695466125014385,14.1,593.6875,False
1773594006.195742,669,0,0,0,0,9.405036002135603,0.0,0.025538000045344234,4.695466125014385,14.1,593.6875,False
1773594006.408664,670,0,0,0,0,9.356924001622247,0.0,0.025944002118194476,4.695466125014385,9.4,593.6875,False
1773594006.621541,671,0,0,0,0,9.405591001268476,0.0,0.025852001272141933,4.695466125014385,9.4,593.6875,False
1773594006.8344872,672,0,0,0,0,9.405795000930084,0.0,0.024722001398913562,4.697289790798727,9.4,593.6875,False
1773594007.0472763,673,0,0,0,0,9.326775998488301,0.0,0.02490800034138374,4.697289790798727,18.8,593.6875,False
1773594007.2602665,674,0,0,0,0,9.404869000718463,0.0,0.02622199826873839,4.697289790798727,9.4,593.6875,False
1773594007.473304,675,0,0,0,0,9.455090999836102,0.0,0.028092999855289236,4.697289790798727,14.1,593.703125,False
1773594007.686243,676,0,0,0,0,9.411442999407882,0.0,0.02518600012990646,4.697289790798727,9.4,593.703125,False
1773594007.8991494,677,0,0,0,0,9.323905000201194,0.0,0.02461199983372353,4.695908764904287,9.4,593.703125,False
1773594008.112107,678,0,0,0,0,9.359165000205394,0.0,0.025407000066479668,4.695908764904287,14.1,593.703125,False
1773594008.324999,679,0,0,0,0,9.413592000782955,0.0,0.02520400084904395,4.695908764904287,14.1,593.703125,False
1773594008.53784,680,0,0,0,0,9.33818400153541,0.0,0.02562999725341797,4.695908764904287,9.4,593.703125,False
1773594008.750681,681,0,0,0,0,9.320164001110243,0.0,0.026185000024270266,4.695908764904287,9.4,593.703125,False
1773594008.9635234,682,0,0,0,0,9.297849999711616,0.0,0.027260000933893025,4.6975549397134815,9.4,593.703125,False
1773594009.1764,683,0,0,0,0,9.288034001656342,0.0,0.02681499972823076,4.6975549397134815,18.8,593.703125,False
1773594009.3893611,684,0,0,0,0,9.43034999727388,0.0,0.026112000341527164,4.6975549397134815,9.4,593.703125,False
1773594009.6021798,685,0,0,0,0,9.301942001911812,0.0,0.02579600186436437,4.6975549397134815,9.4,593.703125,False
1773594009.8149998,686,0,0,0,0,9.342573001049459,0.0,0.025888999516610056,4.6975549397134815,9.4,593.703125,False
1773594010.0278845,687,0,0,0,0,9.316183000919409,0.0,0.02633400072227232,4.697948509556731,9.4,593.703125,False
1773594010.240826,688,0,0,0,0,9.40944299873081,0.0,0.0248889991780743,4.697948509556731,18.8,593.703125,False
1773594010.4537413,689,0,0,0,0,9.42457299970556,0.0,0.026685000193538144,4.697948509556731,9.4,593.703125,False
1773594010.66657,690,0,0,0,0,9.399776001373539,0.0,0.02546299947425723,4.697948509556731,9.4,593.703125,False
1773594010.8794217,691,0,0,0,0,9.39055400158395,0.0,0.02525900345062837,4.697948509556731,9.4,593.703125,False
1773594011.0923562,692,0,0,0,0,9.406462002516491,0.0,0.025130000722128898,4.697017307825399,9.4,593.703125,False
1773594011.3048658,693,0,0,0,0,9.028124997712439,0.0,0.02574099926277995,4.697017307825399,18.8,593.703125,False
1773594011.517726,694,0,0,0,0,9.4162760033214,0.0,0.02570400101831183,4.697017307825399,9.4,593.703125,False
1773594011.730681,695,0,0,0,0,9.41144300304586,0.0,0.026055997295770794,4.697017307825399,9.4,593.703125,False
1773594011.943584,696,0,0,0,0,9.38212800247129,0.0,0.02579700230853632,4.697017307825399,9.4,593.703125,False
1773594012.156604,697,0,0,0,0,9.377702001074795,0.0,0.026166999305132776,4.698530566576624,9.4,593.703125,False
1773594012.3695025,698,0,0,0,0,9.444979998079361,0.0,0.025796998670557514,4.698530566576624,18.8,593.703125,False
1773594012.5823903,699,0,0,0,0,9.430923997570062,0.0,0.02685200161067769,4.698530566576624,9.4,593.703125,False
1773594012.7953427,700,0,0,0,0,9.39847900008317,0.0,0.026092999178217724,4.698530566576624,9.4,593.703125,False
1773594013.0082119,701,0,0,0,0,9.407997997186612,0.0,0.025295998057117686,4.698530566576624,14.1,593.703125,False
1773594013.2211542,702,0,0,0,0,9.476554001594195,0.0,0.02568600029917434,4.696771153478774,9.4,593.703125,False
1773594013.4341998,703,0,0,0,0,9.44779500059667,0.0,0.024019002012209967,4.696771153478774,14.1,593.703125,False
1773594013.6470013,704,0,0,0,0,9.378627000842243,0.0,0.024611003027530387,4.696771153478774,14.1,593.703125,False
1773594013.85992,705,0,0,0,0,9.410276001290185,0.0,0.025018998712766916,4.696771153478774,9.4,593.703125,False
1773594014.0728593,706,0,0,0,0,9.479943000769708,0.0,0.025296998501289636,4.696771153478774,9.4,593.703125,False
1773594014.2858348,707,0,0,0,0,9.484332000283757,0.0,0.025517998437862843,4.69623054603775,9.4,593.703125,False
1773594014.4987755,708,0,0,0,0,9.41757299733581,0.0,0.02598099672468379,4.69623054603775,18.8,593.703125,False
1773594014.711901,709,0,0,0,0,9.51644399901852,0.0,0.0248889991780743,4.69623054603775,9.4,593.703125,False
1773594014.9248435,710,0,0,0,0,9.41133199739852,0.0,0.02605500048957765,4.69623054603775,9.4,593.703125,False
1773594015.1378338,711,0,0,0,0,9.433220999198966,0.0,0.02633400072227232,4.69623054603775,9.4,593.703125,False
1773594015.3507438,712,0,0,0,0,9.466036000958411,0.0,0.027074001991422847,4.695230645163457,9.4,593.703125,False
1773594015.5637844,713,0,0,0,0,9.431831000256352,0.0,0.02631499955896288,4.695230645163457,18.8,593.703125,False
1773594015.7767646,714,0,0,0,0,9.432553997612558,0.0,0.02577800114522688,4.695230645163457,9.4,593.703125,False
1773594015.9897609,715,0,0,0,0,9.468942997045815,0.0,0.025667002773843706,4.695230645163457,9.4,593.71875,False
1773594016.2052526,716,0,0,0,0,11.887925000337418,0.0,0.027018999389838427,4.695230645163457,13.9,593.71875,False
1773594016.418437,717,0,0,0,0,9.525055000267457,0.0,0.02653699993970804,4.683653002423844,9.4,593.71875,False
1773594016.631394,718,0,0,0,0,9.371054002258461,0.0,0.026573998184176162,4.683653002423844,18.8,593.71875,False
1773594016.844384,719,0,0,0,0,9.370832001877716,0.0,0.02540799687267281,4.683653002423844,9.4,593.71875,False
1773594017.0573614,720,0,0,0,0,9.421535000001313,0.0,0.024907996703404933,4.683653002423844,9.4,593.71875,False
1773594017.270368,721,0,0,0,0,9.387978996528545,0.0,0.025314999220427126,4.683653002423844,9.4,593.71875,False
1773594017.483381,722,0,0,0,0,9.312349000538234,0.0,0.025926001399056986,4.694384584373377,9.4,593.71875,False
1773594017.6962042,723,0,0,0,0,9.242662999895401,0.0,0.02657400182215497,4.694384584373377,18.8,593.71875,False
1773594017.9092484,724,0,0,0,0,9.408609003003221,0.0,0.02627800131449476,4.694384584373377,9.4,593.71875,False
1773594018.1222632,725,0,0,0,0,9.336479000921827,0.0,0.026092999178217724,4.694384584373377,14.1,593.71875,False
1773594018.3352585,726,0,0,0,0,9.38073900033487,0.0,0.027684996894095093,4.694384584373377,9.4,593.71875,False
1773594018.5482717,727,0,0,0,0,9.410386999661569,0.0,0.02594499892438762,4.695492407712946,9.4,593.71875,False
1773594018.7613187,728,0,0,0,0,9.425498003110988,0.0,0.026407997211208567,4.695492407712946,18.8,593.71875,False
1773594018.974269,729,0,0,0,0,9.411387000000104,0.0,0.02707499879761599,4.695492407712946,9.4,593.71875,False
1773594019.187134,730,0,0,0,0,9.419312998943496,0.0,0.026186000468442217,4.695492407712946,9.4,593.71875,False
1773594019.4000328,731,0,0,0,0,9.348534997116076,0.0,0.027611000405158848,4.695492407712946,9.4,593.71875,False
1773594019.6131077,732,0,0,0,0,9.491277000051923,0.0,0.027352001779945567,4.695477689365503,9.4,593.71875,False
1773594019.825987,733,0,0,0,0,9.35033099813154,0.0,0.026906996936304495,4.695477689365503,18.8,593.71875,False
1773594020.038997,734,0,0,0,0,9.393812997586792,0.0,0.026408000849187374,4.695477689365503,9.4,593.71875,False
1773594020.2518284,735,0,0,0,0,9.363478999148356,0.0,0.026445002731634304,4.695477689365503,9.4,593.71875,False
1773594020.4649289,736,0,0,0,0,9.43860999905155,0.0,0.027129997761221603,4.695477689365503,14.1,593.71875,False
1773594020.6778224,737,0,0,0,0,9.442386999580776,0.0,0.02581500302767381,4.695964495080455,9.4,593.71875,False
1773594020.8907266,738,0,0,0,0,9.363460998429218,0.0,0.027147998480359092,4.695964495080455,18.8,593.71875,False
1773594021.1035922,739,0,0,0,0,9.387886999320472,0.0,0.026370998966740444,4.695964495080455,9.4,593.71875,False
1773594021.316611,740,0,0,0,0,9.461647001444362,0.0,0.02657400182215497,4.695964495080455,9.4,593.71875,False
1773594021.5296087,741,0,0,0,0,9.472591002122499,0.0,0.02524100273149088,4.695964495080455,9.4,593.71875,False
1773594021.7426372,742,0,0,0,0,9.504592002485879,0.0,0.026074998459080234,4.695921382941538,9.4,593.71875,False
1773594021.9555113,743,0,0,0,0,9.395646000484703,0.0,0.027518999559106305,4.695921382941538,18.8,593.71875,False
1773594022.1684732,744,0,0,0,0,9.383683998748893,0.0,0.02609300281619653,4.695921382941538,9.4,593.71875,False
1773594022.3815348,745,0,0,0,0,9.412424002221087,0.0,0.026110999897355214,4.695921382941538,9.4,593.734375,False
1773594022.5945148,746,0,0,0,0,9.44640599846025,0.0,0.026425997930346057,4.695921382941538,9.4,593.75,False
1773594022.8074467,747,0,0,0,0,9.399979997397168,0.0,0.024962999304989353,4.695596490088912,9.4,593.75,False
1773594023.0199447,748,0,0,0,0,8.906235001632012,0.0,0.02544499875511974,4.695596490088912,18.8,593.75,False
1773594023.232901,749,0,0,0,0,9.407034998730524,0.0,0.026223002350889146,4.695596490088912,9.4,593.75,False
1773594023.4458673,750,0,0,0,0,9.431701997527853,0.0,0.02466700243530795,4.695596490088912,9.4,593.75,False
1773594023.658736,751,0,0,0,0,9.423739000339992,0.0,0.02709199907258153,4.695596490088912,9.4,593.75,False
1773594023.8716087,752,0,0,0,0,9.332146000815555,0.0,0.025833000108832493,4.698203207540238,14.1,593.75,False
1773594024.0845568,753,0,0,0,0,9.383830998558551,0.0,0.025314999220427126,4.698203207540238,14.1,593.75,False
1773594024.297501,754,0,0,0,0,9.417406003194628,0.0,0.025574001483619213,4.698203207540238,9.4,593.75,False
1773594024.510455,755,0,0,0,0,9.411387000000104,0.0,0.02687100277398713,4.698203207540238,14.1,593.75,False
1773594024.7234535,756,0,0,0,0,9.422905000974424,0.0,0.026186000468442217,4.698203207540238,9.4,593.75,False
1773594024.9364588,757,0,0,0,0,9.402294002939016,0.0,0.02492600106052123,4.695796257070054,9.4,593.75,False
1773594025.1494546,758,0,0,0,0,9.426665001228685,0.0,0.026073998014908284,4.695796257070054,18.8,593.75,False
1773594025.3623843,759,0,0,0,0,9.404868997080484,0.0,0.025315999664599076,4.695796257070054,9.4,593.75,False
1773594025.5752714,760,0,0,0,0,9.432646998902783,0.0,0.027425998268881813,4.695796257070054,9.4,593.75,False
1773594025.7881918,761,0,0,0,0,9.387776000949088,0.0,0.026721998438006267,4.695796257070054,9.4,593.75,False
1773594026.0011396,762,0,0,0,0,9.406905999640003,0.0,0.025907000235747546,4.695979216479923,9.4,593.75,False
1773594026.213994,763,0,0,0,0,9.395127999596298,0.0,0.025833000108832493,4.695979216479923,18.8,593.75,False
1773594026.4268482,764,0,0,0,0,9.334979000414023,0.0,0.025260000256821513,4.695979216479923,9.4,593.75,False
1773594026.639812,765,0,0,0,0,9.442294998734724,0.0,0.02570400101831183,4.695979216479923,9.4,593.75,False
1773594026.8526983,766,0,0,0,0,9.376164998684544,0.0,0.026908001018455252,4.695979216479923,9.4,593.75,False
1773594027.065745,767,0,0,0,0,9.402034997037845,0.0,0.02570400101831183,4.697067804213885,14.1,593.75,False
1773594027.278645,768,0,0,0,0,9.362479999253992,0.0,0.02653699993970804,4.697067804213885,18.8,593.75,False
1773594027.4916396,769,0,0,0,0,9.412942999915686,0.0,0.026370998966740444,4.697067804213885,9.4,593.75,False
1773594027.7046208,770,0,0,0,0,9.427683999092551,0.0,0.026907997380476445,4.697067804213885,9.4,593.75,False
1773594027.9175396,771,0,0,0,0,9.389664002810605,0.0,0.025612000172259286,4.697067804213885,14.1,593.75,False
1773594028.1304934,772,0,0,0,0,9.39612700312864,0.0,0.02620299710542895,4.695839366911488,9.4,593.75,False
1773594028.3433585,773,0,0,0,0,9.375682999234414,0.0,0.02633400072227232,4.695839366911488,14.1,593.75,False
1773594028.5562072,774,0,0,0,0,9.39522000044235,0.0,0.027166999643668532,4.695839366911488,9.4,593.75,False
1773594028.769065,775,0,0,0,0,9.389406000991585,0.0,0.02522200156818144,4.695839366911488,9.4,593.75,False
1773594028.9820216,776,0,0,0,0,9.433461000298848,0.0,0.02548200063756667,4.695839366911488,14.1,593.75,False
1773594029.1948593,777,0,0,0,0,9.377239002787974,0.0,0.02663000122993253,4.69715512344761,9.4,593.75,False
1773594029.4077916,778,0,0,0,0,9.37820100079989,0.0,0.02711200068006292,4.69715512344761,14.1,593.75,False
1773594029.6207492,779,0,0,0,0,9.458925000217278,0.0,0.025332999939564615,4.69715512344761,9.4,593.75,False
1773594029.8336864,780,0,0,0,0,9.43016500241356,0.0,0.025556000764481723,4.69715512344761,9.4,593.75,False
1773594030.0466151,781,0,0,0,0,9.404349999385886,0.0,0.02507499812054448,4.69715512344761,9.4,593.75,False
1773594030.2595913,782,0,0,0,0,9.362034001242137,0.0,0.026166999305132776,4.696286283851903,14.1,593.75,False
1773594030.472443,783,0,0,0,0,9.367906000989024,0.0,0.02631499955896288,4.696286283851903,18.8,593.75,False
1773594030.6854465,784,0,0,0,0,9.460647001105826,0.0,0.026647998311091214,4.696286283851903,9.4,593.75,False
1773594030.8983788,785,0,0,0,0,9.384700999362394,0.0,0.025000001187436283,4.696286283851903,9.4,593.75,False
1773594031.1112325,786,0,0,0,0,9.403294003277551,0.0,0.025445002393098548,4.696286283851903,9.4,593.75,False
1773594031.3241513,787,0,0,0,0,9.37601600162452,0.0,0.025649002054706216,4.696885811908844,9.4,593.75,False
1773594031.5366638,788,0,0,0,0,8.990088001155527,0.0,0.026573998184176162,4.696885811908844,23.5,593.75,False
1773594031.7496886,789,0,0,0,0,9.454702001676196,0.0,0.02626000059535727,4.696885811908844,9.4,593.75,False
1773594031.9626024,790,0,0,0,0,9.448701999644982,0.0,0.028685000870609656,4.696885811908844,9.4,593.75,False
1773594032.1755319,791,0,0,0,0,9.380534997035284,0.0,0.02594399848021567,4.696885811908844,9.4,593.75,False
1773594032.3885214,792,0,0,0,0,9.378423001180636,0.0,0.02548200063756667,4.697911675357285,9.4,593.75,False
1773594032.6015112,793,0,0,0,0,9.465072998864343,0.0,0.026166999305132776,4.697911675357285,18.8,593.75,False
1773594032.814465,794,0,0,0,0,9.427867997146677,0.0,0.02681499972823076,4.697911675357285,9.4,593.75,False
1773594033.027294,795,0,0,0,0,9.378663999086712,0.0,0.02544399831094779,4.697911675357285,9.4,593.75,False
1773594033.2401817,796,0,0,0,0,9.420553000381915,0.0,0.0256669991358649,4.697911675357285,9.4,593.75,False
1773594033.4530668,797,0,0,0,0,9.409628000867087,0.0,0.02659300298546441,4.696319937512345,9.4,593.75,False
1773594033.665963,798,0,0,0,0,9.44205399719067,0.0,0.02550000135670416,4.696319937512345,18.8,593.75,False
1773594033.8788967,799,0,0,0,0,9.43073800226557,0.0,0.02598200080683455,4.696319937512345,9.4,593.75,False
1773594034.0918822,800,0,0,0,0,9.437534998141928,0.0,0.02516699896659702,4.696319937512345,9.4,593.765625,False
1773594034.3048737,801,0,0,0,0,9.425479998753872,0.0,0.025888999516610056,4.696319937512345,9.4,593.765625,False
1773594034.5177526,802,0,0,0,0,9.412571998836938,0.0,0.025408000510651618,4.696268405540971,9.4,593.765625,False
1773594034.7306767,803,0,0,0,0,9.395478999067564,0.0,0.025852001272141933,4.696268405540971,18.8,593.765625,False
1773594034.9436538,804,0,0,0,0,9.394942000653828,0.0,0.02633300027810037,4.696268405540971,9.4,593.765625,False
1773594035.1566935,805,0,0,0,0,9.390813000209164,0.0,0.02564899841672741,4.696268405540971,9.4,593.765625,False
1773594035.369589,806,0,0,0,0,9.441608999622986,0.0,0.026112000341527164,4.696268405540971,9.4,593.765625,False
1773594035.5824935,807,0,0,0,0,9.43031300266739,0.0,0.026740999601315707,4.696142209570702,9.4,593.765625,False
1773594035.7957213,808,0,0,0,0,9.444405000976985,0.0,0.02648199733812362,4.696142209570702,18.8,593.765625,False
1773594036.0086021,809,0,0,0,0,9.396960002050037,0.0,0.02627800131449476,4.696142209570702,9.4,593.765625,False
1773594036.2216532,810,0,0,0,0,9.44935000006808,0.0,0.024871002096915618,4.696142209570702,9.4,593.765625,False
1773594036.4345326,811,0,0,0,0,9.40909000200918,0.0,0.02735199814196676,4.696142209570702,9.4,593.765625,False
1773594036.6475203,812,0,0,0,0,9.372275999339763,0.0,0.024167002266040072,4.694628386765466,14.1,593.765625,False
1773594036.8603876,813,0,0,0,0,9.404645999893546,0.0,0.02651899922057055,4.694628386765466,14.1,593.765625,False
1773594037.073358,814,0,0,0,0,9.423645999049768,0.0,0.02431499888189137,4.694628386765466,14.1,593.765625,False
1773594037.2863047,815,0,0,0,0,9.402645999216475,0.0,0.02601899905130267,4.694628386765466,4.7,593.765625,False
1773594037.4992833,816,0,0,0,0,9.439257002668455,0.0,0.026167002943111584,4.694628386765466,9.4,593.765625,False
1773594037.7122946,817,0,0,0,0,9.447164997254731,0.0,0.026370998966740444,4.695939258610389,14.1,593.78125,False
1773594037.9252334,818,0,0,0,0,9.453960999962874,0.0,0.025352001102874056,4.695939258610389,18.8,593.78125,False
1773594038.1382058,819,0,0,0,0,9.458813001401722,0.0,0.02601799860713072,4.695939258610389,9.4,593.78125,False
1773594038.351138,820,0,0,0,0,9.403664000274148,0.0,0.02651899922057055,4.695939258610389,9.4,593.78125,False
1773594038.564178,821,0,0,0,0,9.419480000360636,0.0,0.02572199809947051,4.695939258610389,9.4,593.78125,False
1773594038.7771313,822,0,0,0,0,9.402367999427952,0.0,0.02577800114522688,4.695367304700759,9.4,593.78125,False
1773594038.9900596,823,0,0,0,0,9.401645998877939,0.0,0.026054996851598844,4.695367304700759,18.8,593.78125,False
1773594039.2029476,824,0,0,0,0,9.355515998322517,0.0,0.025536999601172283,4.695367304700759,9.4,593.78125,False
1773594039.415873,825,0,0,0,0,9.405609001987614,0.0,0.02631499955896288,4.695367304700759,9.4,593.78125,False
1773594039.6290326,826,0,0,0,0,9.492460998444585,0.0,0.02600099833216518,4.695367304700759,9.4,593.78125,False
1773594039.8419785,827,0,0,0,0,9.417942001164192,0.0,0.02570400101831183,4.6955334093102294,9.4,593.78125,False
1773594040.05484,828,0,0,0,0,9.22942200122634,0.0,0.02486999801476486,4.6955334093102294,18.8,593.78125,False
1773594040.2677681,829,0,0,0,0,9.40442400315078,0.0,0.02709299951675348,4.6955334093102294,9.4,593.78125,False
1773594040.480693,830,0,0,0,0,9.403701998962788,0.0,0.02624099943204783,4.6955334093102294,9.4,593.78125,False
1773594040.693702,831,0,0,0,0,9.410776001459453,0.0,0.026833997253561392,4.6955334093102294,9.4,593.78125,False
1773594040.906692,832,0,0,0,0,9.382683001604164,0.0,0.025258999812649563,4.696338867908303,14.1,593.78125,False
1773594041.119731,833,0,0,0,0,9.410441998625174,0.0,0.025888999516610056,4.696338867908303,14.1,593.78125,False
1773594041.3325934,834,0,0,0,0,9.36138700126321,0.0,0.026462999812792987,4.696338867908303,9.4,593.78125,False
1773594041.5454824,835,0,0,0,0,9.385443001519889,0.0,0.024425997253274545,4.696338867908303,14.1,593.78125,False
1773594041.758271,836,0,0,0,0,9.32642300176667,0.0,0.025536999601172283,4.696338867908303,9.4,593.78125,False
1773594041.9712296,837,0,0,0,0,9.344292997411685,0.0,0.02594499892438762,4.6967185597415355,9.4,593.78125,False
1773594042.1842473,838,0,0,0,0,9.369219998916378,0.0,0.025612000172259286,4.6967185597415355,18.8,593.78125,False
1773594042.397225,839,0,0,0,0,9.427795001101913,0.0,0.025538000045344234,4.6967185597415355,9.4,593.78125,False
1773594042.6102028,840,0,0,0,0,9.387108999362681,0.0,0.02570400101831183,4.6967185597415355,9.4,593.78125,False
1773594042.8231392,841,0,0,0,0,9.349830997962272,0.0,0.025556000764481723,4.6967185597415355,9.4,593.78125,False
1773594043.036083,842,0,0,0,0,9.35127599950647,0.0,0.02663000122993253,4.695461919809921,9.4,593.78125,False
1773594043.248632,843,0,0,0,0,8.874770999682369,0.0,0.02600000152597204,4.695461919809921,18.8,593.78125,False
1773594043.4616098,844,0,0,0,0,9.380515999509953,0.0,0.026074998459080234,4.695461919809921,14.1,593.78125,False
1773594043.6744816,845,0,0,0,0,9.34873799997149,0.0,0.025907000235747546,4.695461919809921,9.4,593.78125,False
1773594043.8874726,846,0,0,0,0,9.396126999490662,0.0,0.025610999728087336,4.695461919809921,9.4,593.78125,False
1773594044.100295,847,0,0,0,0,9.368033999635372,0.0,0.02627800131449476,4.6980842748796166,9.4,593.78125,False
1773594044.3132434,848,0,0,0,0,9.381570998812094,0.0,0.026110999897355214,4.6980842748796166,18.8,593.78125,False
1773594044.5261798,849,0,0,0,0,9.366776001115795,0.0,0.02631499955896288,4.6980842748796166,9.4,593.78125,False
1773594044.7390668,850,0,0,0,0,9.345720001874724,0.0,0.026165998860960826,4.6980842748796166,9.4,593.78125,False
1773594044.9520578,851,0,0,0,0,9.349331001430983,0.0,0.02629600203363225,4.6980842748796166,9.4,593.78125,False
1773594045.1649978,852,0,0,0,0,9.376793997944333,0.0,0.02535199746489525,4.696179016028104,9.4,593.78125,False
1773594045.377834,853,0,0,0,0,9.382960000948515,0.0,0.02548100019339472,4.696179016028104,18.8,593.78125,False
1773594045.59078,854,0,0,0,0,9.356941998703405,0.0,0.025630000891396776,4.696179016028104,9.4,593.78125,False
1773594045.8036265,855,0,0,0,0,9.320070999820018,0.0,0.025703000574139878,4.696179016028104,9.4,593.78125,False
1773594046.0165172,856,0,0,0,0,9.338719999504974,0.0,0.025796998670557514,4.696179016028104,9.4,593.78125,False
1773594046.2294676,857,0,0,0,0,9.423108996998053,0.0,0.02651899922057055,4.697729617654478,9.4,593.78125,False
1773594046.4424543,858,0,0,0,0,9.398998001415748,0.0,0.026870999136008322,4.697729617654478,18.8,593.796875,False
1773594046.6555336,859,0,0,0,0,9.411849998286925,0.0,0.024703997041797265,4.697729617654478,9.4,593.796875,False
1773594046.868363,860,0,0,0,0,9.362330001749797,0.0,0.02629600203363225,4.697729617654478,9.4,593.796875,False
1773594047.0814028,861,0,0,0,0,9.364831003040308,0.0,0.0262039975496009,4.697729617654478,14.1,593.796875,False
1773594047.2943048,862,0,0,0,0,9.360516000015195,0.0,0.025536999601172283,4.695347330887392,9.4,593.796875,False
1773594047.5072827,863,0,0,0,0,9.324627000751207,0.0,0.026241003070026636,4.695347330887392,18.8,593.796875,False
1773594047.7201548,864,0,0,0,0,9.351089000119828,0.0,0.02631499955896288,4.695347330887392,9.4,593.796875,False
1773594047.933084,865,0,0,0,0,9.397922996868147,0.0,0.024760000087553635,4.695347330887392,9.4,593.796875,False
1773594048.1460927,866,0,0,0,0,9.345793001557468,0.0,0.025795998226385564,4.695347330887392,9.4,593.796875,False
1773594048.3589373,867,0,0,0,0,9.230810999724781,0.0,0.025332999939564615,4.6959340010466,9.4,593.796875,False
1773594048.571731,868,0,0,0,0,9.304422997956863,0.0,0.024648998078191653,4.6959340010466,18.8,593.796875,False
1773594048.7846596,869,0,0,0,0,9.355589998449432,0.0,0.027259997295914218,4.6959340010466,9.4,593.796875,False
1773594048.9976249,870,0,0,0,0,9.356053000374231,0.0,0.025036999431904405,4.6959340010466,9.4,593.796875,False
1773594049.2105644,871,0,0,0,0,9.391200997924898,0.0,0.025629000447224826,4.6959340010466,14.1,593.796875,False
1773594049.4235609,872,0,0,0,0,9.389793998707319,0.0,0.026574998628348112,4.697370805346954,9.4,593.796875,False
1773594049.6366112,873,0,0,0,0,9.370053001475753,0.0,0.026592999347485602,4.697370805346954,14.1,593.796875,False
1773594049.849695,874,0,0,0,0,9.434128001885256,0.0,0.02600000152597204,4.697370805346954,9.4,593.796875,False
1773594050.0626762,875,0,0,0,0,9.38133100135019,0.0,0.02592599776107818,4.697370805346954,9.4,593.796875,False
1773594050.2755766,876,0,0,0,0,9.368774997710716,0.0,0.026888999855145812,4.697370805346954,9.4,593.796875,False
1773594050.488581,877,0,0,0,0,9.364738001750084,0.0,0.027406997105572373,4.694529601710234,9.4,593.796875,False
1773594050.7015927,878,0,0,0,0,9.486535000178264,0.0,0.025592999008949846,4.694529601710234,18.8,593.796875,False
1773594050.914459,879,0,0,0,0,9.392942003614735,0.0,0.026277997676515952,4.694529601710234,9.4,593.796875,False
1773594051.1273208,880,0,0,0,0,9.39085000209161,0.0,0.02707499879761599,4.694529601710234,9.4,593.796875,False
1773594051.3403165,881,0,0,0,0,9.375811998324934,0.0,0.02664800194907002,4.694529601710234,14.1,593.796875,False
1773594051.5534103,882,0,0,0,0,9.475905000726925,0.0,0.026147998141823336,4.69593820709669,9.4,593.796875,False
1773594051.7657735,883,0,0,0,0,8.89910499972757,0.0,0.023945001885294914,4.69593820709669,18.8,593.796875,False
1773594051.9787877,884,0,0,0,0,9.389181999722496,0.0,0.02675999712664634,4.69593820709669,9.4,593.796875,False
1773594052.191659,885,0,0,0,0,9.35964499876718,0.0,0.028073998691979796,4.69593820709669,9.4,593.8125,False
1773594052.4046628,886,0,0,0,0,9.383774999150774,0.0,0.02675999712664634,4.69593820709669,14.1,593.8125,False
1773594052.617667,887,0,0,0,0,9.461460998863913,0.0,0.025203997211065143,4.69781590914182,9.4,593.8125,False
1773594052.8306787,888,0,0,0,0,9.407386001839768,0.0,0.02659300298546441,4.69781590914182,18.8,593.828125,False
1773594053.0436509,889,0,0,0,0,9.365016001538606,0.0,0.027166999643668532,4.69781590914182,9.4,593.828125,False
1773594053.2566242,890,0,0,0,0,9.366701000544708,0.0,0.025556000764481723,4.69781590914182,4.7,593.828125,False
1773594053.469612,891,0,0,0,0,9.405885997693986,0.0,0.025445002393098548,4.69781590914182,14.1,593.828125,False
1773594053.6825366,892,0,0,0,0,9.407497000211151,0.0,0.025834000553004444,4.695085584512579,9.4,593.828125,False
1773594053.8953252,893,0,0,0,0,9.340738000901183,0.0,0.02827800199156627,4.695085584512579,18.8,593.828125,False
1773594054.1082573,894,0,0,0,0,9.395922999829054,0.0,0.02624099943204783,4.695085584512579,9.4,593.828125,False
1773594054.3211863,895,0,0,0,0,9.378811999340542,0.0,0.02522200156818144,4.695085584512579,9.4,593.828125,False
1773594054.534159,896,0,0,0,0,9.448811997572193,0.0,0.02633400072227232,4.695085584512579,9.4,593.828125,False
1773594054.7471306,897,0,0,0,0,9.387645997776417,0.0,0.026149002223974094,4.697097260941909,14.1,593.828125,False
1773594054.9600365,898,0,0,0,0,9.359757001220714,0.0,0.02631499955896288,4.697097260941909,14.1,593.828125,False
1773594055.1731508,899,0,0,0,0,9.453108999878168,0.0,0.026148001779802144,4.697097260941909,14.1,593.828125,False
1773594055.3859775,900,0,0,0,0,9.390645001985831,0.0,0.02572199809947051,4.697097260941909,9.4,593.828125,False
1773594055.5988877,901,0,0,0,0,9.379887000250164,0.0,0.026426001568324864,4.697097260941909,9.4,593.828125,False
1773594055.8117797,902,0,0,0,0,9.284643998398678,0.0,0.02603699977044016,4.695799411421856,9.4,593.828125,False
1773594056.0246692,903,0,0,0,0,9.292349001043476,0.0,0.026574998628348112,4.695799411421856,18.8,593.828125,False
1773594056.2375348,904,0,0,0,0,9.417997000127798,0.0,0.026462999812792987,4.695799411421856,9.4,593.828125,False
1773594056.4503703,905,0,0,0,0,9.301589001552202,0.0,0.02596299964352511,4.695799411421856,9.4,593.828125,False
1773594056.6634011,906,0,0,0,0,9.42801699784468,0.0,0.026130001060664654,4.695799411421856,9.4,593.828125,False
1773594056.8762615,907,0,0,0,0,9.38336800027173,0.0,0.026500001695239916,4.697225612426117,9.4,593.828125,False
1773594057.089225,908,0,0,0,0,9.391034000145737,0.0,0.024684999516466632,4.697225612426117,18.8,593.828125,False
1773594057.302178,909,0,0,0,0,9.416294000402559,0.0,0.026703997718868777,4.697225612426117,9.4,593.828125,False
1773594057.515224,910,0,0,0,0,9.391683001013007,0.0,0.028073998691979796,4.697225612426117,9.4,593.828125,False
1773594057.7280927,911,0,0,0,0,9.336145001725527,0.0,0.026703997718868777,4.697225612426117,9.4,593.828125,False
1773594057.941002,912,0,0,0,0,9.33529300164082,0.0,0.02609200237202458,4.696065443673244,14.1,593.828125,False
1773594058.1538515,913,0,0,0,0,9.307162999903085,0.0,0.02516699896659702,4.696065443673244,14.1,593.828125,False
1773594058.3667374,914,0,0,0,0,9.349534000648418,0.0,0.026778001483762637,4.696065443673244,9.4,593.828125,False
1773594058.5796351,915,0,0,0,0,9.277015000407118,0.0,0.026370998966740444,4.696065443673244,14.1,593.828125,False
1773594058.792521,916,0,0,0,0,9.331645000202116,0.0,0.02548100019339472,4.696065443673244,4.7,593.828125,False
1773594059.005432,917,0,0,0,0,9.386052999616368,0.0,0.024184999347198755,4.697175112644519,9.4,593.828125,False
1773594059.218361,918,0,0,0,0,9.370163999847136,0.0,0.025332999939564615,4.697175112644519,18.8,593.828125,False
1773594059.4313052,919,0,0,0,0,9.349682997708442,0.0,0.025814999389695004,4.697175112644519,9.4,593.828125,False
1773594059.6443558,920,0,0,0,0,9.383848999277689,0.0,0.027037000108975917,4.697175112644519,14.1,593.828125,False
1773594059.8572812,921,0,0,0,0,9.375016001285985,0.0,0.02548200063756667,4.697175112644519,4.7,593.828125,False
1773594060.0703351,922,0,0,0,0,9.374479002872249,0.0,0.024519002181477845,4.695696371454833,14.1,593.828125,False
1773594060.2827213,923,0,0,0,0,8.931049000239,0.0,0.02566599869169295,4.695696371454833,14.1,593.828125,False
1773594060.495571,924,0,0,0,0,9.315515999333002,0.0,0.026073998014908284,4.695696371454833,9.4,593.828125,False
1773594060.7085242,925,0,0,0,0,9.418479003215907,0.0,0.026351997803431004,4.695696371454833,14.1,593.828125,False
1773594060.9213877,926,0,0,0,0,9.415107997483574,0.0,0.025908000679919496,4.695696371454833,9.4,593.828125,False
1773594061.1342242,927,0,0,0,0,9.290199999668403,0.0,0.0262039975496009,4.699329682597517,9.4,593.828125,False
1773594061.3471365,928,0,0,0,0,9.316849002061645,0.0,0.0260560009337496,4.699329682597517,18.8,593.828125,False
1773594061.5599678,929,0,0,0,0,9.362644999782788,0.0,0.027425998268881813,4.699329682597517,9.4,593.828125,False
1773594061.7730076,930,0,0,0,0,9.394553002493922,0.0,0.026425997930346057,4.699329682597517,9.4,593.828125,False
1773594061.9859943,931,0,0,0,0,9.279718000470893,0.0,0.02572300218162127,4.699329682597517,9.4,593.828125,False
1773594062.1988769,932,0,0,0,0,9.353700999781722,0.0,0.026462999812792987,4.696233700973037,9.4,593.828125,False
1773594062.4118268,933,0,0,0,0,9.314978000475094,0.0,0.026721998438006267,4.696233700973037,18.8,593.828125,False
1773594062.6247647,934,0,0,0,0,9.373978999065002,0.0,0.02550000135670416,4.696233700973037,9.4,593.828125,False
1773594062.8375576,935,0,0,0,0,9.367868002300384,0.0,0.025167002604575828,4.696233700973037,9.4,593.828125,False
1773594063.0503576,936,0,0,0,0,9.345810998638626,0.0,0.02550000135670416,4.696233700973037,9.4,593.828125,False
1773594063.2631142,937,0,0,0,0,9.307238000474172,0.0,0.026666999474400654,4.698086379830115,9.4,593.828125,False
1773594063.4759297,938,0,0,0,0,9.355349000543356,0.0,0.02622199826873839,4.698086379830115,23.5,593.828125,False
1773594063.6889763,939,0,0,0,0,9.454220002226066,0.0,0.0248889991780743,4.698086379830115,4.7,593.828125,False
1773594063.9018438,940,0,0,0,0,9.360181997180916,0.0,0.025593002646928653,4.698086379830115,14.1,593.828125,False
1773594064.1146877,941,0,0,0,0,9.328516000095988,0.0,0.02622199826873839,4.698086379830115,9.4,593.828125,False
1773594064.3276515,942,0,0,0,0,9.334274996945169,0.0,0.025888999516610056,4.697328719518573,9.4,593.828125,False
1773594064.5406158,943,0,0,0,0,9.287088996643433,0.0,0.025129000277956948,4.697328719518573,18.8,593.828125,False
1773594064.7535498,944,0,0,0,0,9.41862800027593,0.0,0.024962999304989353,4.697328719518573,9.4,593.828125,False
1773594064.9664903,945,0,0,0,0,9.325904000434093,0.0,0.025592999008949846,4.697328719518573,9.4,593.828125,False
1773594065.1792955,946,0,0,0,0,9.350070999062154,0.0,0.02663000122993253,4.697328719518573,9.4,593.828125,False
1773594065.3921096,947,0,0,0,0,9.358645002066623,0.0,0.02626000059535727,4.69702467181443,9.4,593.828125,False
1773594065.6049514,948,0,0,0,0,9.364108002046123,0.0,0.026407000405015424,4.69702467181443,18.8,593.828125,False
1773594065.8180368,949,0,0,0,0,9.3855529994471,0.0,0.025907000235747546,4.69702467181443,9.4,593.828125,False
1773594066.032055,950,0,0,0,0,9.359774998301873,0.0,0.02626000059535727,4.69702467181443,9.4,593.828125,False
1773594066.245031,951,0,0,0,0,9.35979300265899,0.0,0.025499997718725353,4.69702467181443,9.3,593.828125,False
1773594066.4578135,952,0,0,0,0,9.328478001407348,0.0,0.02550000135670416,4.691574279329554,14.1,593.828125,False
1773594066.6707504,953,0,0,0,0,9.335848000773694,0.0,0.02659200254129246,4.691574279329554,18.8,593.828125,False
1773594066.8837101,954,0,0,0,0,9.32501499846694,0.0,0.02626000059535727,4.691574279329554,9.4,593.828125,False
1773594067.0965228,955,0,0,0,0,9.262608000426553,0.0,0.026444999093655497,4.691574279329554,9.4,593.828125,False
1773594067.3095245,956,0,0,0,0,9.362644999782788,0.0,0.024500997824361548,4.691574279329554,9.4,593.828125,False
1773594067.522404,957,0,0,0,0,9.349386000394588,0.0,0.025908000679919496,4.696749063965668,9.4,593.828125,False
1773594067.7352233,958,0,0,0,0,9.36012699821731,0.0,0.02661100006662309,4.696749063965668,18.8,593.828125,False
1773594067.9481182,959,0,0,0,0,9.380644998600474,0.0,0.026685000193538144,4.696749063965668,9.4,593.828125,False
1773594068.161102,960,0,0,0,0,9.442924001632491,0.0,0.024962999304989353,4.696749063965668,9.4,593.828125,False
1773594068.373914,961,0,0,0,0,9.37058999988949,0.0,0.026926001737592742,4.696749063965668,9.4,593.828125,False
1773594068.5867083,962,0,0,0,0,9.347737999632955,0.0,0.027556001441553235,4.697876946498263,9.4,593.828125,False
1773594068.7992735,963,0,0,0,0,9.02399400001741,0.0,0.026944999262923375,4.697876946498263,18.8,593.828125,False
1773594069.0121794,964,0,0,0,0,9.387331003381405,0.0,0.025612000172259286,4.697876946498263,9.4,593.828125,False
1773594069.2251394,965,0,0,0,0,9.391014998982428,0.0,0.024962999304989353,4.697876946498263,9.4,593.828125,False
1773594069.4382038,966,0,0,0,0,9.390774997882545,0.0,0.026370998966740444,4.697876946498263,9.4,593.828125,False
1773594069.6513445,967,0,0,0,0,9.597739001037553,0.0,0.02607400165288709,4.697917989750455,14.1,593.828125,False
1773594069.8644106,968,0,0,0,0,9.390071998495841,0.0,0.02661100006662309,4.697917989750455,18.8,593.828125,False
1773594070.077458,969,0,0,0,0,9.48379400142585,0.0,0.02609300281619653,4.697917989750455,9.4,593.828125,False
1773594070.2903852,970,0,0,0,0,9.418867000931641,0.0,0.025834000553004444,4.697917989750455,9.4,593.84375,False
1773594070.5034416,971,0,0,0,0,9.420219997991808,0.0,0.02550000135670416,4.697917989750455,9.4,593.859375,False
1773594070.7163765,972,0,0,0,0,9.39847900008317,0.0,0.026092999178217724,4.693485256653713,9.4,593.859375,False
1773594070.9292781,973,0,0,0,0,9.41233000048669,0.0,0.02438900264678523,4.693485256653713,18.8,593.859375,False
1773594071.1422637,974,0,0,0,0,9.429089997865958,0.0,0.026186000468442217,4.693485256653713,9.4,593.859375,False
1773594071.3550932,975,0,0,0,0,9.372700998937944,0.0,0.025167002604575828,4.693485256653713,9.4,593.859375,False
1773594071.5680726,976,0,0,0,0,9.440016001462936,0.0,0.02596299964352511,4.693485256653713,9.4,593.859375,False
1773594071.7810833,977,0,0,0,0,9.41810800213716,0.0,0.026592999347485602,4.696723819062255,9.4,593.859375,False
1773594071.9935806,978,0,0,0,0,8.95182800013572,0.0,0.02548200063756667,4.696723819062255,18.8,593.859375,False
1773594072.2065084,979,0,0,0,0,9.38071999917156,0.0,0.025334000383736566,4.696723819062255,9.4,593.859375,False
1773594072.419472,980,0,0,0,0,9.4413490005536,0.0,0.024889002816053107,4.696723819062255,9.4,593.859375,False
1773594072.6323528,981,0,0,0,0,9.412627001438523,0.0,0.0259810003626626,4.696723819062255,9.4,593.859375,False
1773594072.8453383,982,0,0,0,0,9.41722000061418,0.0,0.025536999601172283,4.697986396764471,9.4,593.859375,False
1773594073.0583186,983,0,0,0,0,9.35918200048036,0.0,0.02600000152597204,4.697986396764471,18.8,593.859375,False
1773594073.2711275,984,0,0,0,0,9.348810999654233,0.0,0.02711200068006292,4.697986396764471,9.4,593.859375,False
1773594073.4839356,985,0,0,0,0,9.33499700113316,0.0,0.027185000362806022,4.697986396764471,9.4,593.859375,False
1773594073.6969602,986,0,0,0,0,9.455961000639945,0.0,0.027851998311234638,4.697986396764471,14.1,593.859375,False
1773594073.9098303,987,0,0,0,0,9.39429400023073,0.0,0.0256669991358649,4.696665967182158,9.4,593.859375,False
1773594074.1227548,988,0,0,0,0,9.382144999108277,0.0,0.02603699977044016,4.696665967182158,18.8,593.859375,False
1773594074.3357615,989,0,0,0,0,9.372145002998877,0.0,0.02574099926277995,4.696665967182158,9.4,593.859375,False
1773594074.5486295,990,0,0,0,0,9.348070998385083,0.0,0.025852001272141933,4.696665967182158,9.4,593.859375,False
1773594074.7615888,991,0,0,0,0,9.380515999509953,0.0,0.026408000849187374,4.696665967182158,14.1,593.859375,False
1773594074.974468,992,0,0,0,0,9.357441998872673,0.0,0.02518499968573451,4.6962221328977085,9.4,593.859375,False
1773594075.1872885,993,0,0,0,0,9.347867999167647,0.0,0.02594399848021567,4.6962221328977085,18.8,593.859375,False
1773594075.4002542,994,0,0,0,0,9.353404002467869,0.0,0.025296001695096493,4.6962221328977085,9.4,593.859375,False
1773594075.61315,995,0,0,0,0,9.35186800052179,0.0,0.025871002435451373,4.6962221328977085,9.4,593.859375,False
1773594075.826044,996,0,0,0,0,9.380108000186738,0.0,0.026666999474400654,4.6962221328977085,9.4,593.859375,False
1773594076.0389678,997,0,0,0,0,9.363441000459716,0.0,0.02570400101831183,4.697485493056871,9.4,593.859375,False
1773594076.251832,998,0,0,0,0,9.367626000312157,0.0,0.02681499972823076,4.697485493056871,18.8,593.859375,False
1773594076.4648547,999,0,0,0,0,9.403644999110838,0.0,0.025407000066479668,4.697485493056871,9.4,593.859375,False
1773594076.6778817,1000,0,0,0,0,9.406979002960725,0.0,0.026573998184176162,4.697485493056871,9.4,593.859375,False
1773594076.890783,1001,0,0,0,0,9.351255997898988,0.0,0.025814999389695004,4.697485493056871,9.4,593.859375,False
1773594077.1037076,1002,0,0,0,0,9.313811002357397,0.0,0.02603699977044016,4.695956082893628,9.4,593.859375,False
1773594077.3164911,1003,0,0,0,0,9.21490300243022,0.0,0.025926001399056986,4.695956082893628,18.8,593.859375,False
1773594077.529429,1004,0,0,0,0,9.456589999899734,0.0,0.02600000152597204,4.695956082893628,9.4,593.859375,False
1773594077.7422633,1005,0,0,0,0,9.361792999698082,0.0,0.02592699820525013,4.695956082893628,9.4,593.859375,False
1773594077.9552176,1006,0,0,0,0,9.359199997561518,0.0,0.02568600029917434,4.695956082893628,9.4,593.859375,False
1773594078.1681197,1007,0,0,0,0,9.354681998956949,0.0,0.0262039975496009,4.697106729254381,9.4,593.859375,False
1773594078.381106,1008,0,0,0,0,9.41923799837241,0.0,0.025149001885438338,4.697106729254381,18.8,593.859375,False
1773594078.5940478,1009,0,0,0,0,9.416145003342535,0.0,0.026574998628348112,4.697106729254381,9.4,593.859375,False
1773594078.806967,1010,0,0,0,0,9.37916399925598,0.0,0.026092999178217724,4.697106729254381,9.4,593.859375,False
1773594079.0199256,1011,0,0,0,0,9.343033998447936,0.0,0.025795998226385564,4.697106729254381,9.4,593.859375,False
1773594079.2329607,1012,0,0,0,0,9.359292998851743,0.0,0.025297002139268443,4.6958782715942124,9.4,593.859375,False
1773594079.445812,1013,0,0,0,0,9.3607559974771,0.0,0.02625900015118532,4.6958782715942124,18.8,593.859375,False
1773594079.6588354,1014,0,0,0,0,9.405867000168655,0.0,0.02812999809975736,4.6958782715942124,9.4,593.859375,False
1773594079.8717508,1015,0,0,0,0,9.34657099787728,0.0,0.02574099926277995,4.6958782715942124,14.1,593.859375,False
1773594080.084742,1016,0,0,0,0,9.364051999000367,0.0,0.024982000468298793,4.6958782715942124,9.4,593.859375,False
1773594080.2977436,1017,0,0,0,0,9.38584899995476,0.0,0.024684999516466632,4.695867756751528,9.4,593.859375,False
1773594080.510255,1018,0,0,0,0,8.903771002223948,0.0,0.02550000135670416,4.695867756751528,18.8,593.859375,False
1773594080.723091,1019,0,0,0,0,9.348682000563713,0.0,0.025555000320309773,4.695867756751528,9.4,593.859375,False
1773594080.9359818,1020,0,0,0,0,9.340552998764906,0.0,0.025556000764481723,4.695867756751528,9.4,593.859375,False
1773594081.1488633,1021,0,0,0,0,9.390442002768395,0.0,0.02651899922057055,4.695867756751528,9.4,593.859375,False
1773594081.3618646,1022,0,0,0,0,9.379256000102032,0.0,0.025630000891396776,4.698681103888219,14.1,593.859375,False
1773594081.5748866,1023,0,0,0,0,9.390348997840192,0.0,0.02822299938998185,4.698681103888219,18.8,593.859375,False
1773594081.7877188,1024,0,0,0,0,9.297774002334336,0.0,0.025612000172259286,4.698681103888219,9.4,593.859375,False
1773594082.0006156,1025,0,0,0,0,9.319366999989143,0.0,0.026351997803431004,4.698681103888219,9.4,593.859375,False
1773594082.2134926,1026,0,0,0,0,9.403496998857008,0.0,0.025795998226385564,4.698681103888219,9.4,593.859375,False
1773594082.4265034,1027,0,0,0,0,9.366700000100536,0.0,0.025612000172259286,4.696360953563142,9.4,593.859375,False
1773594082.6395218,1028,0,0,0,0,9.341163000499364,0.0,0.02568599666119553,4.696360953563142,18.8,593.859375,False
1773594082.852482,1029,0,0,0,0,9.398071000759955,0.0,0.026166999305132776,4.696360953563142,9.4,593.859375,False
1773594083.0653899,1030,0,0,0,0,9.424867999769049,0.0,0.02603699977044016,4.696360953563142,9.4,593.875,False
1773594083.2782345,1031,0,0,0,0,9.357681999972556,0.0,0.0260560009337496,4.696360953563142,9.4,593.875,False
1773594083.4910955,1032,0,0,0,0,9.310311001172522,0.0,0.025610999728087336,4.696135899950221,9.4,593.875,False
1773594083.7040207,1033,0,0,0,0,9.369404000608483,0.0,0.027000001864507794,4.696135899950221,18.8,593.875,False
1773594083.917008,1034,0,0,0,0,9.361162999994121,0.0,0.025591998564777896,4.696135899950221,9.4,593.875,False
1773594084.129921,1035,0,0,0,0,9.367459002532996,0.0,0.026370998966740444,4.696135899950221,9.4,593.875,False
1773594084.3422973,1036,0,0,0,0,8.901196000806522,0.0,0.025370001822011545,4.696135899950221,9.4,593.875,False
1773594084.5551863,1037,0,0,0,0,9.33060700117494,0.0,0.025610999728087336,4.6990127410870315,9.4,593.875,False
1773594084.7681906,1038,0,0,0,0,9.394238000822952,0.0,0.026370998966740444,4.6990127410870315,18.8,593.875,False
1773594084.981156,1039,0,0,0,0,9.367385999212274,0.0,0.026464000256964937,4.6990127410870315,9.4,593.875,False
1773594085.1940467,1040,0,0,0,0,9.349736999865854,0.0,0.026185000024270266,4.6990127410870315,9.4,593.875,False
1773594085.4069264,1041,0,0,0,0,9.298921999288723,0.0,0.026166999305132776,4.6990127410870315,14.1,593.875,False
1773594085.6199174,1042,0,0,0,0,9.327052001026459,0.0,0.02659200254129246,4.696221081257322,9.4,593.875,False
1773594085.8328655,1043,0,0,0,0,9.335866998299025,0.0,0.02579700230853632,4.696221081257322,18.8,593.875,False
1773594086.0456638,1044,0,0,0,0,9.318217998952605,0.0,0.023500997485825792,4.696221081257322,9.4,593.875,False
1773594086.258622,1045,0,0,0,0,9.401904000696959,0.0,0.02516699896659702,4.696221081257322,9.4,593.875,False
1773594086.471466,1046,0,0,0,0,9.337125997262774,0.0,0.025334000383736566,4.696221081257322,9.4,593.875,False
1773594086.6844122,1047,0,0,0,0,9.398645001056138,0.0,0.026981997507391497,4.697385535565053,9.4,593.875,False
1773594086.897368,1048,0,0,0,0,9.37334799891687,0.0,0.0260560009337496,4.697385535565053,18.8,593.875,False
1773594087.1102393,1049,0,0,0,0,9.37460800196277,0.0,0.025334000383736566,4.697385535565053,9.4,593.875,False
1773594087.3231893,1050,0,0,0,0,9.36166300016339,0.0,0.0256669991358649,4.697385535565053,9.4,593.875,False
1773594087.5360944,1051,0,0,0,0,9.353293000458507,0.0,0.026425997930346057,4.697385535565053,9.4,593.875,False
1773594087.7489507,1052,0,0,0,0,9.35853299961309,0.0,0.025000001187436283,4.696387246280225,9.4,593.875,False
1773594087.9619083,1053,0,0,0,0,9.34636700185365,0.0,0.025260000256821513,4.696387246280225,18.8,593.875,False
1773594088.1747124,1054,0,0,0,0,9.338774001662387,0.0,0.02655600110301748,4.696387246280225,9.4,593.875,False
1773594088.387596,1055,0,0,0,0,9.295607000240125,0.0,0.025574001483619213,4.696387246280225,9.4,593.890625,False
1773594088.6006086,1056,0,0,0,0,9.442757000215352,0.0,0.025278000975959003,4.696387246280225,9.4,593.890625,False
1773594088.8136559,1057,0,0,0,0,9.42672000019229,0.0,0.024834000214468688,4.696851098215303,9.4,593.890625,False
1773594089.026154,1058,0,0,0,0,8.886622999852989,0.0,0.02568499985500239,4.696851098215303,18.8,593.890625,False
1773594089.2389755,1059,0,0,0,0,9.357533999718726,0.0,0.025538000045344234,4.696851098215303,9.4,593.890625,False
1773594089.4518166,1060,0,0,0,0,9.32999700307846,0.0,0.025538000045344234,4.696851098215303,4.7,593.890625,False
